time,ROI_001,ROI_002,ROI_003,ROI_004,ROI_005,ROI_006,ROI_007,ROI_008,ROI_009,ROI_010,ROI_011,ROI_012,ROI_013,ROI_014,ROI_015,ROI_016,ROI_017,ROI_018,ROI_019,ROI_020,ROI_021,ROI_022,ROI_023,ROI_024,ROI_025,ROI_026,ROI_027,ROI_028,ROI_029,ROI_030,ROI_031,ROI_032,ROI_033,ROI_034,ROI_035,ROI_036,ROI_037,ROI_038,ROI_039,ROI_040,ROI_041,ROI_042,ROI_043,ROI_044,ROI_045,ROI_046,ROI_047,ROI_048,ROI_049,ROI_050,ROI_051,ROI_052,ROI_053,ROI_054,ROI_055,ROI_056,ROI_057,ROI_058,ROI_059,ROI_060,ROI_061,ROI_062,ROI_063,ROI_064,ROI_065,ROI_066,ROI_067,ROI_068,ROI_069,ROI_070,ROI_071,ROI_072,ROI_073,ROI_074,ROI_075,ROI_076,ROI_077,ROI_078,ROI_079,ROI_080,ROI_081,ROI_082,ROI_083,ROI_084,ROI_085,ROI_086,ROI_087,ROI_088,ROI_089,ROI_090,ROI_091,ROI_092,ROI_093,ROI_094,ROI_095,ROI_096,ROI_097,ROI_098,ROI_099,ROI_100,ROI_101,ROI_102,ROI_103,ROI_104,ROI_105,ROI_106,ROI_107,ROI_108,ROI_109,ROI_110,ROI_111,ROI_112,ROI_113,ROI_114,ROI_115,ROI_116,ROI_117,ROI_118,ROI_119,ROI_120,ROI_121,ROI_122,ROI_123,ROI_124,ROI_125,ROI_126,ROI_127,ROI_128,ROI_129,ROI_130,ROI_131,ROI_132,ROI_133,ROI_134,ROI_135,ROI_136,ROI_137,ROI_138,ROI_139,ROI_140,ROI_141,ROI_142,ROI_143,ROI_144,ROI_145,ROI_146,ROI_147,ROI_148,ROI_149,ROI_150,ROI_151,ROI_152,ROI_153,ROI_154,ROI_155,ROI_156,ROI_157,ROI_158,ROI_159,ROI_160,ROI_161,ROI_162,ROI_163,ROI_164,ROI_165,ROI_166,ROI_167,ROI_168,ROI_169,ROI_170,ROI_171,ROI_172,ROI_173,ROI_174,ROI_175,ROI_176,ROI_177,ROI_178,ROI_179,ROI_180,ROI_181,ROI_182,ROI_183,ROI_184,ROI_185,ROI_186,ROI_187,ROI_188,ROI_189,ROI_190,ROI_191,ROI_192,ROI_193,ROI_194,ROI_195,ROI_196,ROI_197,ROI_198,ROI_199,ROI_200,ROI_201,ROI_202,ROI_203,ROI_204,ROI_205,ROI_206,ROI_207,ROI_208,ROI_209,ROI_210,ROI_211,ROI_212,ROI_213,ROI_214,ROI_215,ROI_216,ROI_217,ROI_218,ROI_219,ROI_220,ROI_221,ROI_222,ROI_223,ROI_224,ROI_225,ROI_226,ROI_227,ROI_228,ROI_229,ROI_230,ROI_231,ROI_232,ROI_233,ROI_234,ROI_235,ROI_236,ROI_237,ROI_238,ROI_239,ROI_240,ROI_241,ROI_242,ROI_243,ROI_244,ROI_245,ROI_246
1,193439.328125,188751.453125,175377.46875,184525.796875,165268.4375,161194.796875,152488.453125,160793.546875,188156.59375,167588.984375,215251.546875,193191.96875,193572.046875,180253.6875,203781.109375,185485.390625,198678.015625,197941.0,211119.171875,188220.59375,214789.625,197642.3125,198504.4375,180903.484375,167134.046875,177896.40625,164306.65625,171045.734375,211350.390625,213671.796875,216944.4375,204192.578125,200899.140625,204264.734375,191314.5,175840.984375,226811.3125,239712.5625,228750.921875,235252.546875,200485.25,189686.703125,180580.015625,169261.609375,155137.578125,157815.109375,160617.265625,152640.71875,169194.671875,170728.5625,188425.84375,195726.609375,188299.25,200557.21875,173855.546875,177250.34375,160925.9375,183988.1875,140898.75,142716.015625,223964.265625,236528.34375,214240.9375,219105.125,193896.34375,190004.78125,179311.234375,178545.28125,190788.046875,197737.703125,243509.875,275617.09375,258531.71875,259769.78125,187795.671875,171118.953125,260031.0625,223810.609375,212471.84375,216123.484375,162216.515625,176201.53125,183252.359375,174756.40625,203964.5625,208945.890625,222786.015625,220203.625,154384.90625,198331.75,216353.203125,182975.546875,171471.140625,159129.15625,187201.90625,170014.703125,222027.625,214978.203125,198824.625,180717.296875,127064.4609375,126916.3515625,203036.125,191727.84375,219067.125,229727.65625,205185.078125,201102.203125,252135.6875,214877.171875,177661.59375,161913.859375,256271.5,231694.90625,201262.484375,168852.796875,274777.71875,220097.703125,263689.1875,273301.03125,239405.359375,229904.28125,252524.0,245523.578125,216488.234375,197571.96875,224546.078125,223899.53125,258890.859375,221407.53125,195704.609375,189369.703125,248833.515625,232753.25,216144.984375,217860.640625,244622.078125,238196.578125,227767.96875,244493.015625,207032.453125,215265.203125,242186.0625,243262.6875,227451.984375,232650.3125,213683.796875,201437.859375,229080.578125,199326.796875,236606.421875,231458.515625,230032.015625,224197.015625,205505.0625,212952.59375,208480.21875,225702.609375,196709.90625,214610.15625,182034.96875,174907.640625,236453.578125,242471.921875,233141.9375,254731.15625,240915.640625,256521.5625,274768.71875,277665.96875,256927.765625,261442.296875,249942.8125,261603.671875,213219.328125,208518.828125,185244.203125,184790.171875,216719.328125,212057.375,214720.796875,207684.3125,190007.34375,199610.75,212697.3125,192536.28125,202870.75,213306.3125,207246.140625,223962.15625,237258.78125,247410.703125,206250.984375,235082.34375,237780.75,238660.828125,251327.234375,247932.578125,210142.203125,209833.625,225922.6875,221657.21875,150986.484375,176304.375,186462.59375,199183.203125,211617.1875,212894.78125,249630.828125,244426.53125,242194.453125,229010.125,242909.203125,237544.3125,239519.671875,223304.421875,263347.1875,255405.0625,236753.578125,173671.03125,155417.109375,147179.96875,180730.359375,201048.984375,147886.203125,138147.203125,279480.21875,259829.78125,149106.484375,154767.65625,243555.390625,237844.984375,175366.578125,199293.015625,201559.171875,197912.921875,285690.25,252675.71875,221876.25,247526.34375,241667.0625,254266.359375,279022.75,287154.5,210545.796875,218311.640625
2,192937.078125,188152.875,174953.96875,183668.546875,164874.984375,160397.421875,152149.109375,160319.671875,187491.203125,167051.671875,214742.046875,192452.3125,193113.3125,179660.9375,203123.3125,184563.9375,198351.140625,197386.828125,210117.609375,187353.125,214080.546875,196551.375,197917.53125,180007.09375,166708.171875,177351.328125,164476.484375,170723.96875,210958.109375,213079.296875,216641.90625,203374.125,201161.625,203991.515625,191968.046875,175884.0625,227145.046875,240012.28125,229128.84375,235082.375,200535.46875,189715.21875,182305.59375,170668.421875,156080.40625,159218.5,161614.9375,153671.625,170302.28125,172091.015625,189806.546875,196948.296875,187763.515625,200134.640625,173342.671875,176750.046875,160520.703125,183613.421875,140673.875,142668.46875,223813.171875,236439.203125,213833.078125,218737.859375,193758.6875,189735.96875,179106.25,178147.296875,192325.3125,199942.140625,242840.25,276125.4375,258749.65625,260977.484375,187665.390625,171407.09375,261156.9375,225720.546875,213159.109375,217178.734375,162199.453125,176802.703125,184518.09375,176275.328125,203811.5,208538.8125,223400.640625,220788.390625,154628.609375,198763.28125,215866.609375,182406.46875,172556.796875,160137.4375,188110.578125,170033.453125,221404.140625,214660.71875,198748.109375,180646.8125,127522.78125,127057.484375,203982.96875,192347.296875,218729.015625,229744.859375,205299.296875,201180.03125,254307.5,214890.1875,177553.171875,161753.890625,256841.71875,232099.296875,202799.796875,168585.078125,277309.1875,221160.796875,263807.1875,272820.15625,239430.5625,230259.71875,252351.8125,245786.71875,216808.15625,197724.3125,224381.0625,223763.0,258351.859375,221008.78125,195730.5625,189439.53125,248800.015625,232505.53125,215683.828125,217256.046875,244587.03125,237766.484375,227365.859375,243946.9375,207331.375,215278.359375,242196.125,243175.5625,227078.5625,232130.625,212910.015625,200484.59375,228855.015625,198991.046875,236214.703125,230939.171875,229867.203125,223826.703125,205138.125,212679.5625,208199.703125,225173.9375,196348.828125,214237.125,181950.765625,174513.515625,236381.109375,242703.015625,233933.546875,255716.75,241324.84375,257233.5,274688.8125,278377.125,257483.65625,261561.984375,250179.09375,262001.765625,213151.90625,208404.96875,185008.21875,184863.1875,216447.265625,211325.171875,214521.6875,207568.046875,189257.328125,198938.390625,212156.703125,192121.578125,203047.234375,212800.71875,206799.40625,223547.015625,236387.859375,246624.484375,205431.546875,234398.765625,237422.25,238551.015625,250542.96875,247050.4375,209743.03125,209395.1875,225203.171875,220972.578125,150565.5625,175933.59375,186039.15625,198697.78125,210700.6875,212376.703125,249207.75,243956.734375,244463.453125,230933.84375,243767.390625,238898.890625,240159.140625,224405.59375,263985.90625,256693.28125,237925.265625,174705.421875,155422.484375,147540.53125,181893.5,202696.640625,148220.875,138660.453125,279360.34375,259896.40625,149132.203125,154956.0,244274.359375,238782.484375,175468.46875,199955.234375,201495.5,197946.625,286338.71875,254173.484375,221844.25,248105.0,242123.109375,254792.578125,278929.71875,287522.78125,210890.90625,218632.640625
3,192724.453125,188069.96875,174842.734375,183566.734375,164911.125,160563.609375,152168.125,160309.21875,187446.5,167015.390625,214519.0625,192308.8125,192829.59375,179350.5625,203053.28125,184546.890625,198383.9375,197353.796875,209869.140625,187120.3125,213953.96875,196365.21875,197669.03125,180015.140625,166554.234375,177368.09375,163859.703125,170126.09375,210838.296875,212896.078125,216444.1875,203173.109375,200938.5625,203948.1875,191975.390625,175681.953125,227304.25,240182.21875,228999.796875,235177.84375,200159.90625,189432.609375,182402.40625,170760.4375,155889.046875,159338.765625,161575.296875,153669.546875,170321.109375,172231.125,189662.46875,196880.140625,187602.65625,200123.671875,173281.234375,176803.859375,160360.15625,183549.953125,140622.609375,142661.15625,223791.546875,236669.859375,213641.171875,218770.828125,193530.25,189558.6875,178960.53125,178029.71875,192491.890625,200470.03125,242612.359375,275950.625,258593.859375,261029.625,187526.0,171497.75,261817.75,225921.921875,213217.5625,217332.109375,162167.0625,176785.09375,184686.4375,176764.71875,203765.265625,208666.890625,223540.328125,220866.890625,154934.703125,199207.171875,216041.109375,182419.109375,172849.984375,160545.734375,188250.734375,170347.515625,221724.140625,214578.765625,198821.125,180692.0625,127683.375,127114.5390625,204465.84375,193000.875,218925.40625,229935.375,205392.15625,201230.1875,254466.65625,215462.109375,177964.515625,162427.828125,257192.1875,232359.5,203292.140625,169110.0,277683.9375,221636.703125,264173.4375,273300.6875,239278.890625,230442.75,252175.796875,246070.421875,216532.0625,197422.53125,224377.328125,223599.703125,258222.90625,220904.234375,195497.578125,189334.90625,248692.53125,232351.890625,215724.390625,217163.6875,244442.9375,237467.515625,227155.625,243946.609375,207262.53125,215156.796875,242023.9375,243132.5625,226977.203125,232114.828125,212792.453125,200362.921875,228696.359375,198750.4375,236235.609375,230972.234375,229721.296875,223724.03125,204844.984375,212471.34375,208196.734375,225181.28125,196136.84375,214054.3125,181810.46875,174444.453125,236557.421875,242556.953125,234609.671875,255429.484375,241756.28125,257131.265625,275541.46875,278121.03125,257767.28125,261144.265625,250881.171875,261676.640625,213193.265625,208320.140625,184766.9375,184599.671875,216104.8125,211010.015625,214934.796875,207798.4375,189051.34375,198590.03125,211836.40625,191905.125,202680.09375,212464.1875,206966.484375,223795.296875,236356.984375,246386.171875,205711.625,234477.984375,237539.328125,238623.15625,250800.609375,247286.125,209930.359375,209488.375,225119.6875,220992.59375,150842.1875,176132.96875,186318.28125,198782.5,210854.515625,212485.6875,249365.71875,244032.734375,245042.859375,230872.671875,244011.1875,239110.921875,240575.125,224565.375,264556.375,257082.0,237644.5625,174624.515625,155366.3125,147738.765625,181894.046875,202768.96875,148145.78125,138717.890625,278995.03125,259558.125,149130.78125,155083.3125,244097.953125,238697.640625,175406.84375,200064.78125,201698.078125,197866.28125,285821.6875,254187.96875,222012.328125,247949.5625,242329.75,254833.328125,278759.21875,287089.28125,210843.734375,218576.953125
4,192507.421875,187978.171875,174945.1875,183820.5,164671.1875,160651.796875,152304.4375,160427.515625,187650.84375,167081.515625,214248.125,192370.59375,192629.203125,179414.390625,202942.0625,184716.40625,198426.9375,197432.984375,209612.4375,187030.421875,213626.4375,196101.140625,197725.859375,180109.203125,166399.03125,177512.234375,163403.09375,170163.515625,210500.65625,212786.015625,215971.296875,202795.078125,200294.046875,203594.6875,191134.671875,175081.8125,226991.859375,239602.671875,228411.046875,234518.625,200093.1875,189436.421875,181957.8125,170574.25,155583.40625,159213.0,161768.171875,153633.109375,170113.171875,172015.515625,188837.84375,196309.390625,187593.359375,200063.390625,173453.171875,176938.484375,160414.59375,183751.71875,140679.046875,142733.4375,223485.96875,236849.953125,213236.765625,218735.734375,193644.359375,189552.796875,179127.921875,178188.15625,192364.609375,200623.609375,242589.03125,275246.5,258023.921875,260623.9375,187413.015625,171544.0625,262273.4375,225783.734375,213006.78125,217246.6875,162269.0625,176954.015625,184726.28125,177138.5,203889.359375,209313.203125,223474.359375,221072.3125,154858.15625,198945.0,215986.1875,182264.046875,172919.21875,160868.03125,188234.625,170498.765625,221730.78125,214575.703125,198803.96875,180822.953125,127824.71875,127267.7109375,204746.921875,193567.328125,219114.046875,230087.28125,205461.921875,201189.75,253921.65625,216021.1875,178887.578125,163646.6875,257501.4375,232831.578125,203473.546875,169819.359375,277104.8125,221532.09375,264837.5625,274150.3125,238938.15625,230570.09375,252195.015625,246247.609375,217050.796875,197626.421875,224543.75,223323.796875,258051.796875,220973.359375,195512.578125,189333.078125,248656.03125,232268.734375,215678.234375,217444.484375,244416.609375,237455.3125,226998.234375,243712.984375,207317.015625,215209.0,242125.90625,243537.53125,226903.59375,232151.453125,213411.078125,201102.890625,228840.078125,198929.578125,236716.015625,231621.765625,229985.125,224318.4375,204843.53125,212420.09375,208199.4375,225232.359375,196200.234375,214056.484375,181854.96875,174567.109375,236718.96875,242148.25,234833.640625,255019.875,241604.171875,256309.09375,276751.875,277800.65625,257522.25,260547.96875,251081.484375,261034.4375,213397.21875,208746.078125,184792.984375,184385.8125,215971.53125,210904.375,215775.359375,208445.859375,189083.953125,198373.234375,211610.421875,191812.09375,202369.0625,212512.15625,207089.625,223736.96875,236909.78125,246738.421875,205963.640625,234524.640625,237889.234375,238820.5625,251631.65625,248407.28125,209492.40625,208909.84375,225044.625,220888.25,150501.78125,175650.546875,186180.953125,198235.5625,211223.453125,212327.21875,249289.21875,243676.640625,244646.59375,230640.59375,243701.6875,238954.765625,240624.546875,224418.203125,265089.40625,257072.59375,237232.703125,174170.25,155088.0,147762.09375,181491.359375,202178.203125,147876.71875,138579.109375,278561.09375,259114.4375,148838.25,155048.53125,243661.453125,238191.578125,175325.875,199831.71875,202169.25,197824.921875,285513.5625,253528.546875,222385.59375,247578.421875,242475.109375,254551.953125,278840.75,286582.0625,210812.015625,218543.484375
5,192249.734375,187721.859375,174924.125,184075.234375,164282.609375,160414.75,152266.640625,160305.265625,187616.328125,167038.546875,213806.3125,192289.515625,192601.0,179694.796875,202715.0625,184616.515625,198290.65625,197439.734375,209356.3125,187062.234375,213205.046875,195675.796875,197859.515625,180002.296875,166335.53125,177510.25,163742.375,170962.03125,210135.5,212658.75,215448.640625,202281.578125,199985.296875,203029.90625,190381.265625,174671.890625,226602.765625,238685.609375,227954.453125,233677.109375,200333.9375,189761.546875,181838.0,170791.40625,155677.140625,159319.390625,161954.59375,153912.0,170136.875,172313.875,188411.90625,196224.25,187698.515625,199852.21875,173595.921875,176839.703125,160561.875,183906.890625,140732.78125,142827.28125,223148.4375,236573.9375,212920.53125,218583.21875,193886.1875,189661.015625,179275.96875,178283.265625,191854.71875,200287.875,242809.828125,275046.15625,257873.90625,260775.5,187523.375,171523.5,262636.21875,226130.265625,213099.671875,217314.828125,162374.765625,177549.6875,184751.59375,177282.21875,204072.734375,210093.296875,223505.9375,221668.640625,154638.25,198745.21875,215441.25,182009.953125,172699.0625,160682.03125,188295.875,170334.25,221177.6875,214789.125,198650.984375,180866.875,127884.2421875,127308.9375,204539.078125,193379.984375,218859.71875,229906.421875,205300.609375,201006.0625,253740.421875,215925.5625,179236.53125,163920.984375,257530.390625,232987.046875,203198.859375,169575.484375,277019.15625,221030.4375,264953.8125,274587.1875,238789.59375,230767.53125,252385.640625,246149.9375,217589.09375,198006.765625,224522.046875,223181.734375,257896.34375,221011.796875,195712.328125,189344.0,248724.546875,232233.78125,215574.734375,217871.15625,244460.796875,237825.765625,226950.484375,243381.171875,207427.765625,215345.71875,242443.203125,244126.421875,226897.5,232006.34375,213981.3125,201862.671875,229069.5625,199274.046875,237175.984375,232226.359375,230551.25,225243.265625,205033.96875,212452.875,208047.1875,225050.6875,196302.4375,214113.375,181923.671875,174600.34375,236871.109375,242034.625,234954.234375,255852.703125,241281.828125,255634.1875,277349.625,278647.1875,257110.71875,260579.9375,250557.78125,260771.171875,213727.265625,209500.625,185015.734375,184367.875,215874.34375,210656.828125,216253.734375,209326.9375,189193.328125,198391.109375,211745.09375,191993.53125,202396.75,212448.625,206956.984375,223466.4375,237480.515625,247378.296875,205923.375,234470.546875,238076.828125,238992.734375,252173.40625,249199.921875,208928.828125,208150.40625,224955.75,220780.328125,149776.9375,174915.265625,185627.3125,197478.765625,211225.3125,211831.734375,248981.96875,243120.3125,244598.765625,231209.609375,243887.203125,239211.96875,240365.4375,224341.109375,265264.34375,257200.796875,237392.125,174265.265625,154748.515625,147566.6875,181548.5,202276.546875,147662.203125,138532.515625,278385.1875,258952.765625,148491.515625,154896.03125,243921.609375,238223.5,175323.9375,200072.046875,202413.5,197994.0,286164.59375,253683.90625,222608.25,247674.4375,242442.0625,254331.3125,279098.46875,286801.25,211253.453125,218747.765625
6,192566.8125,187849.5,174817.171875,184375.328125,164442.03125,160633.015625,152185.75,160325.15625,187646.140625,167159.234375,213721.265625,192283.671875,192839.859375,179816.515625,202954.390625,184693.140625,198326.671875,197558.765625,209889.921875,187431.96875,213567.75,196096.765625,198116.296875,180285.78125,166695.25,177648.46875,163924.390625,171642.75,210608.40625,212856.953125,215742.0625,202631.09375,200279.765625,203187.953125,190737.65625,175071.0625,226731.984375,238773.859375,228078.625,234559.125,200477.15625,189919.75,181590.078125,170748.375,155556.828125,158977.03125,161124.890625,153545.34375,170012.390625,172511.375,188387.9375,196389.859375,188034.828125,199783.21875,173746.921875,176906.515625,160622.0625,183871.71875,140666.5625,142806.0625,223335.71875,236234.765625,213416.65625,218719.5,193773.09375,189697.15625,179088.328125,178219.703125,190404.859375,198785.71875,243226.15625,275689.71875,258259.578125,260909.71875,187718.109375,171302.921875,261769.4375,225635.0625,213147.5625,217099.25,162047.3125,177525.265625,184011.046875,176523.03125,204138.265625,210374.421875,223412.984375,221669.328125,154743.640625,199241.453125,215261.765625,182323.375,172116.375,159808.53125,187840.453125,170327.765625,221317.71875,215256.25,198470.703125,180655.671875,127578.8515625,127148.9375,203669.34375,192595.671875,218589.328125,229681.0625,205063.4375,200993.25,253377.890625,214933.203125,178084.203125,162748.015625,256728.640625,232114.96875,201965.34375,168701.0,277183.21875,220423.96875,264142.96875,273856.96875,239120.234375,230857.5,252417.875,245943.5625,216783.625,197716.671875,224404.015625,223686.796875,258328.09375,221093.609375,195676.25,189292.328125,248792.65625,232440.65625,216003.375,218289.171875,244362.484375,238244.265625,227217.4375,243842.5,207198.234375,215183.265625,242368.625,244212.515625,227074.265625,232051.09375,214037.828125,202168.390625,229004.3125,199305.078125,237105.875,232102.21875,230571.953125,225208.421875,205186.125,212353.9375,208182.296875,224938.9375,196320.671875,214131.046875,181869.078125,174584.59375,236989.15625,242470.328125,235200.703125,256077.734375,241693.921875,255911.9375,276293.96875,278984.125,257268.796875,261119.640625,249889.359375,261297.796875,213742.671875,209349.421875,185054.40625,184385.359375,215726.671875,210582.203125,215883.0,209618.59375,189390.796875,198519.0,212159.203125,192332.75,202720.890625,212387.546875,207074.5,223819.546875,237716.375,247882.171875,206391.71875,235026.40625,238059.046875,239054.84375,252028.609375,248889.359375,209600.640625,208991.875,225435.625,221531.984375,150327.28125,175571.078125,185867.03125,198178.453125,211456.203125,212380.140625,249356.828125,243746.90625,244474.3125,230791.203125,244266.234375,239054.96875,239626.265625,223950.046875,264661.875,256807.515625,237451.734375,174522.375,154755.46875,147363.75,181696.65625,202578.3125,147685.515625,138560.640625,278815.28125,259272.65625,148520.03125,154914.046875,243832.46875,238632.765625,175212.3125,200322.640625,201922.71875,198001.9375,286164.3125,253754.09375,222273.609375,247759.421875,242199.8125,254266.875,279098.6875,287268.78125,211293.984375,218683.15625
7,193309.1875,188339.234375,174981.234375,184445.0625,164760.703125,160871.34375,152108.3125,160615.703125,187833.484375,167247.625,214038.3125,192412.71875,192910.21875,179593.984375,203169.0625,184875.625,198585.125,197675.046875,210404.515625,187454.890625,214075.0625,196744.921875,198421.875,180719.125,166880.140625,177851.375,163745.6875,171598.609375,211349.515625,213233.53125,216546.921875,203389.953125,200876.984375,203978.140625,191641.296875,175761.046875,227021.421875,239652.625,228595.03125,236184.953125,200686.453125,189855.96875,181495.46875,170565.109375,155473.09375,158642.109375,160962.734375,153063.390625,169762.234375,172029.078125,188833.265625,196507.8125,188141.0625,199836.34375,173706.828125,177072.9375,160425.25,183774.546875,140499.828125,142692.140625,223724.640625,236522.078125,214057.71875,218940.625,193655.75,189687.765625,178962.875,178141.25,189938.109375,198422.28125,243351.46875,275987.03125,258439.484375,260442.90625,187578.9375,171199.65625,260113.84375,224744.328125,212736.765625,216872.4375,161805.484375,176981.453125,183418.5625,175865.34375,203982.984375,209789.8125,223008.015625,220917.390625,154890.46875,199256.96875,215588.515625,182526.671875,171893.5,159404.078125,187412.640625,170395.125,221684.046875,215297.515625,198490.953125,180528.5,127393.1484375,127112.5625,203255.8125,192262.71875,218693.421875,229769.75,205061.90625,201192.5625,253030.984375,214033.03125,176916.4375,161735.6875,255992.0,231334.40625,201347.1875,168266.625,276793.03125,220173.578125,263532.40625,272618.03125,239141.59375,230660.90625,252097.0625,245936.828125,216218.0625,197528.453125,224562.359375,224305.71875,258788.84375,221137.3125,195701.84375,189482.09375,248718.0,232710.203125,216210.921875,218084.9375,244364.140625,238259.59375,227428.6875,244291.921875,207066.546875,215156.359375,242130.859375,243973.921875,227277.140625,232377.5,213909.265625,202112.984375,228862.296875,199187.1875,236675.09375,231458.96875,230126.546875,224287.484375,205142.1875,212217.796875,208662.578125,225122.84375,196388.59375,214131.953125,181905.546875,174583.9375,236864.34375,242821.875,235032.6875,254389.484375,242027.421875,256749.71875,274481.625,277752.0,257748.6875,261534.1875,249597.421875,262265.90625,213443.078125,208509.546875,184809.875,184437.421875,215822.390625,210860.3125,215046.5625,208623.140625,189217.125,198318.171875,212255.515625,192357.9375,203249.65625,212913.15625,207290.78125,224237.4375,237500.359375,247981.8125,206642.0,235494.046875,237854.546875,238917.703125,251305.40625,248031.828125,210069.5,210001.09375,225764.234375,222034.28125,151114.421875,176339.515625,186418.25,199177.53125,211607.203125,213273.8125,249805.828125,244589.234375,243454.953125,229254.03125,243282.453125,238171.5,239014.453125,223521.21875,264047.375,256052.75,237623.375,174390.28125,154976.8125,147626.5625,181611.765625,202310.296875,147949.5,138678.953125,279481.59375,259789.28125,148701.96875,155243.21875,244137.5,239347.375,175190.203125,200013.328125,201525.171875,197931.828125,285910.9375,254399.375,222059.53125,247749.671875,242314.828125,254619.265625,279235.96875,287464.75,210895.796875,218784.171875
8,193651.453125,188796.953125,175257.109375,184233.4375,164773.265625,160676.1875,152050.84375,160695.515625,187879.953125,167240.6875,214551.53125,192658.03125,192746.359375,179372.5625,203057.96875,185063.78125,198744.421875,197819.640625,210172.828125,187145.90625,214216.25,196907.46875,198473.046875,180901.921875,166570.40625,177923.40625,163954.65625,170601.78125,211501.328125,213638.984375,217003.125,203889.421875,201449.109375,204475.859375,192021.21875,176109.5,227016.578125,240031.65625,228958.765625,236307.609375,200433.203125,189484.453125,181568.40625,170387.8125,155602.375,158653.421875,161515.1875,153221.375,169322.9375,170981.1875,189352.21875,196500.953125,187955.96875,200098.90625,173477.171875,177082.765625,160258.71875,183773.25,140498.671875,142636.546875,223853.125,236858.5625,214153.71875,219147.171875,193872.0,189891.609375,179143.515625,178120.421875,191124.71875,199297.453125,243400.0,275534.125,258468.828125,260064.5,187379.859375,171380.328125,259538.1875,224662.3125,212314.421875,216779.515625,162141.3125,176659.984375,183585.8125,175578.65625,203464.265625,208947.46875,222582.140625,220256.5625,154763.859375,198541.1875,215929.28125,182405.15625,171690.03125,159305.296875,187461.921875,170069.390625,221426.359375,214901.609375,198723.296875,180818.890625,127494.625,127138.0234375,203534.578125,192040.234375,218909.375,229808.03125,205086.296875,201153.265625,252887.0,214065.578125,177021.875,161477.4375,256221.53125,231244.703125,201808.984375,167981.671875,275712.625,219771.0625,263504.3125,272137.875,238575.390625,230236.65625,251784.0,245935.921875,216735.5625,197921.0,224843.03125,224347.46875,258705.8125,221172.640625,195871.078125,189715.109375,248699.046875,232862.140625,215842.859375,217374.5,244889.140625,238375.5625,227504.171875,244217.265625,207296.4375,215727.9375,242142.625,243655.125,227587.28125,232761.421875,213678.609375,201674.578125,228986.53125,199283.859375,236510.21875,231121.421875,230045.25,223896.90625,204993.34375,212468.90625,208733.4375,225521.1875,196445.875,214313.546875,181982.90625,174598.375,236651.078125,242681.8125,233939.34375,253366.21875,241302.3125,256987.4375,273784.21875,277156.25,257518.515625,261674.140625,250024.09375,262285.28125,213494.34375,208616.71875,184872.0,184620.40625,216259.78125,211460.0625,214686.671875,207637.796875,189206.59375,198751.578125,212406.03125,192445.515625,203157.953125,213271.765625,207322.90625,224311.921875,237263.34375,247865.265625,206128.0625,235047.3125,237524.984375,238550.703125,250826.09375,247548.921875,209545.828125,209609.546875,225454.625,221504.5,150788.75,175905.84375,186400.15625,199168.53125,211317.796875,212996.640625,249746.71875,244443.09375,242165.828125,228340.359375,241592.546875,237483.796875,238976.234375,223201.234375,263603.03125,255628.9375,237719.875,173979.671875,155117.5625,147923.75,181315.984375,201636.3125,148050.359375,138613.8125,279589.90625,259970.125,148771.96875,155325.375,244802.484375,239265.234375,175545.78125,199749.40625,202024.140625,198336.9375,286125.21875,254427.296875,222532.421875,248261.265625,242252.3125,255300.546875,279837.625,287695.90625,210897.09375,219261.890625
9,193339.796875,188869.78125,175187.109375,184092.5625,164669.796875,160554.28125,152301.40625,160601.71875,187994.90625,167442.984375,215032.875,192912.46875,192844.484375,179396.171875,203223.65625,185392.921875,198630.984375,197974.328125,210074.40625,187225.484375,214566.109375,197091.921875,198304.734375,180819.84375,166538.25,178002.375,164158.78125,169624.765625,211364.59375,213962.234375,217060.1875,204194.390625,201073.34375,204349.953125,191686.9375,176059.921875,226897.546875,239903.46875,228766.578125,235512.1875,199658.5,188996.984375,181211.265625,169808.015625,155377.265625,158429.40625,160837.078125,153100.640625,169090.765625,170247.65625,189057.546875,196115.734375,188031.59375,200400.0,173596.21875,177207.90625,160485.96875,183866.265625,140702.203125,142664.625,223828.875,236589.359375,214017.171875,219395.71875,194040.40625,190071.84375,179386.71875,178284.921875,191824.9375,198932.484375,243437.84375,275178.8125,258536.09375,260077.9375,187450.203125,171379.046875,260274.296875,224509.4375,212378.28125,216335.984375,162227.625,176259.765625,183633.625,175174.75,202952.265625,208730.203125,222615.109375,219928.640625,154477.640625,198056.234375,216102.65625,182715.890625,171288.78125,158997.25,187154.375,169649.875,221472.625,214732.234375,198654.578125,180975.515625,127404.6328125,127128.2109375,203551.3125,191656.515625,218972.140625,229702.734375,205154.0625,201076.875,252592.359375,214199.609375,177445.28125,161572.453125,256475.8125,231225.265625,201935.359375,168080.6875,275431.0625,219328.6875,263683.1875,272492.96875,238677.796875,229717.90625,251751.71875,245673.3125,217091.890625,198089.625,225078.921875,224331.65625,258611.859375,221359.921875,195727.515625,189538.859375,248999.953125,233079.6875,215890.25,217278.90625,245326.171875,238845.34375,227736.03125,244452.4375,207312.609375,215966.875,241911.890625,243055.375,227632.265625,232826.34375,213487.015625,201328.875,229062.03125,199442.875,236553.1875,231345.671875,229892.875,223898.875,205094.703125,212855.0625,208223.34375,225586.3125,196439.015625,214531.625,181957.96875,174716.859375,236584.53125,242447.625,232958.65625,254535.09375,240749.578125,256647.15625,274585.875,278053.09375,256741.578125,261566.59375,250626.140625,261524.515625,213533.046875,208990.0625,185488.4375,184884.359375,216739.953125,212252.953125,215215.015625,208135.09375,189920.765625,199889.53125,212665.421875,192722.5625,202373.34375,212911.0,207433.765625,224375.703125,237424.921875,247725.59375,205953.078125,234872.921875,237495.1875,238322.890625,251102.953125,247719.25,209687.875,209498.234375,225397.28125,221250.46875,150491.25,175781.15625,186259.015625,199185.71875,211352.5625,212695.1875,249804.890625,244440.515625,242341.265625,228523.078125,241701.703125,237484.734375,239116.5,223003.671875,263190.78125,255390.375,236970.328125,173452.921875,155306.75,147663.125,180849.453125,200940.359375,147988.75,138220.953125,279278.40625,259696.984375,148966.9375,155030.34375,243018.21875,237496.59375,175820.46875,199482.09375,202596.828125,198639.65625,285444.78125,250983.890625,222940.265625,248591.21875,241914.828125,255527.0,280164.125,287616.375,210777.703125,219003.203125
10,193015.4375,188651.96875,175026.625,184098.453125,164832.09375,160790.234375,152694.265625,160707.140625,188295.484375,167642.5625,215094.734375,193007.109375,193249.953125,179652.265625,203628.953125,185504.8125,198353.78125,197854.96875,210616.109375,187643.390625,215052.796875,197436.796875,198186.078125,180654.359375,166930.140625,178035.890625,164058.078125,170019.71875,211113.375,213885.375,216949.5625,204144.125,200156.09375,204175.796875,191329.0,175919.203125,226953.453125,240063.9375,228586.3125,235535.765625,199721.953125,189099.1875,180840.765625,169248.4375,155046.59375,158037.5,160090.390625,152493.703125,169390.859375,170520.578125,188472.578125,195709.046875,188310.1875,200501.40625,173939.96875,177355.109375,160820.859375,183867.03125,140880.46875,142638.796875,224068.703125,236676.734375,213977.734375,219367.171875,193904.5,189952.859375,179426.90625,178491.09375,191354.3125,197994.265625,243223.078125,275167.96875,258474.453125,259999.515625,187499.125,171052.21875,260927.421875,223942.453125,212666.359375,215921.703125,161878.78125,175816.578125,183302.078125,174977.1875,203034.34375,208816.390625,222968.6875,219844.171875,154311.09375,198312.21875,216258.0,183106.328125,171280.5,159119.15625,186745.40625,169708.0,222168.140625,214723.0,198312.984375,180710.75,127106.3359375,127163.59375,203285.3125,191831.203125,219094.796875,229793.53125,205292.640625,201229.84375,252428.390625,214475.046875,177547.21875,162012.46875,256281.671875,231462.640625,201723.9375,168984.59375,275929.0625,220007.40625,263874.21875,273336.0625,239382.171875,229379.125,251740.4375,245525.078125,216709.890625,197621.75,225064.125,224221.65625,258733.515625,221370.328125,195527.453125,189214.390625,249165.03125,232972.046875,216115.328125,217510.28125,244758.46875,238402.203125,227843.0625,244664.90625,206884.453125,215207.0,241236.125,242542.984375,227319.53125,232663.34375,213533.46875,201330.59375,228870.390625,199379.875,236268.78125,231371.84375,229222.375,223456.4375,205375.78125,212797.46875,208092.375,225432.6875,196498.828125,214436.671875,181976.375,174800.46875,236528.265625,242263.25,233431.40625,255375.453125,241447.640625,256735.1875,275699.3125,278430.5,256585.859375,261443.484375,250619.0,261673.75,213018.84375,208253.296875,185650.0625,184885.578125,216877.921875,212590.109375,215277.109375,208331.984375,190319.171875,199993.96875,212468.34375,192538.078125,202181.109375,212708.796875,207609.359375,224341.171875,237578.65625,247459.234375,206462.984375,235538.453125,237870.28125,238500.15625,251257.515625,247915.4375,210427.171875,210120.828125,225745.5625,221542.328125,150924.765625,176504.140625,186402.6875,199503.484375,211602.59375,212994.390625,249818.671875,244668.03125,243583.859375,228680.859375,243473.484375,237684.15625,239825.25,223284.625,263613.78125,255487.09375,236429.921875,173234.265625,155595.4375,147513.8125,180688.84375,200952.734375,148147.203125,138122.734375,279301.6875,259522.734375,149413.796875,155089.3125,242322.5,237249.1875,175698.703125,199434.65625,202464.71875,198391.296875,285282.3125,250775.15625,222759.09375,248076.015625,242185.359375,255169.859375,279793.15625,287021.84375,210741.25,218636.828125
11,193237.703125,188611.75,175100.671875,184066.40625,164951.015625,160898.3125,152735.09375,160938.484375,188431.875,167624.671875,215054.40625,193049.140625,193491.203125,180011.34375,203755.46875,185234.046875,198232.265625,197693.234375,211017.75,187912.71875,215065.859375,197643.234375,198189.046875,180674.4375,167201.59375,177902.046875,164059.28125,171050.796875,210821.484375,213740.015625,216933.84375,204085.109375,200271.046875,204344.0625,191703.5625,176140.203125,227149.84375,240419.796875,228974.890625,236220.625,200475.8125,189722.578125,181107.671875,169357.234375,155254.59375,158025.46875,160384.421875,152245.140625,169531.53125,171023.015625,188704.0625,195984.4375,188414.828125,200627.484375,173943.125,177295.0,160849.046875,183840.15625,140944.09375,142581.515625,224558.34375,237149.34375,214289.671875,219225.03125,193823.09375,189957.734375,179322.546875,178487.296875,191351.28125,198294.3125,243250.15625,275696.28125,258579.75,259921.109375,187446.515625,170905.0,260769.359375,223946.46875,212728.65625,216157.203125,161674.546875,175862.953125,183197.59375,175095.765625,203269.671875,208435.09375,223045.890625,219884.796875,154200.25,198709.75,216328.609375,182960.03125,171654.015625,159764.859375,186988.859375,170007.453125,222303.796875,214607.0,198227.1875,180592.796875,126785.3515625,127167.8671875,203219.0625,192169.921875,219155.859375,229877.390625,205133.359375,201292.578125,252554.21875,215114.921875,177360.328125,161853.484375,256243.859375,231711.359375,201824.984375,168944.953125,275538.1875,220790.0625,263636.25,273618.6875,239387.4375,229482.0,251783.1875,245649.96875,216429.0625,197402.75,224840.515625,223763.578125,258825.453125,221231.375,195842.609375,189352.078125,249078.578125,232483.515625,215864.859375,217238.03125,244268.703125,237388.046875,227837.546875,244473.921875,206811.484375,214788.78125,240967.59375,242609.40625,227459.4375,232943.40625,213508.875,201189.5625,228838.84375,199337.203125,236110.34375,231012.125,229104.828125,223341.578125,205538.390625,212710.625,208601.3125,225733.015625,196659.734375,214402.53125,182117.71875,174747.3125,236316.734375,242267.53125,234383.765625,254802.9375,242158.59375,257261.90625,275699.78125,277749.3125,257090.9375,261579.15625,250030.265625,262264.03125,212824.515625,207865.890625,185208.921875,184680.84375,216834.765625,212424.140625,214260.734375,207216.84375,190162.59375,199479.609375,212385.328125,192318.140625,202791.6875,213106.21875,207367.828125,223894.640625,237251.65625,247200.5625,206528.703125,235374.234375,237958.09375,238675.75,250878.5625,247593.484375,210254.328125,209980.890625,225662.984375,221301.15625,151151.09375,176600.078125,186372.015625,199272.4375,211437.15625,212833.609375,249500.828125,244172.4375,243737.453125,228697.890625,243945.75,237659.921875,240551.9375,223630.6875,263882.0,255742.5,237109.125,173727.421875,155782.875,147819.609375,180975.65625,201542.359375,148308.796875,138498.359375,279708.84375,259933.671875,149650.359375,155325.640625,245027.53125,239049.046875,175491.859375,199990.921875,201726.46875,198228.265625,286348.09375,255544.734375,221990.640625,247466.484375,241846.3125,254619.734375,278889.59375,286858.75,211081.15625,218961.53125
12,193362.9375,188512.0,175141.828125,184073.578125,164644.703125,160752.296875,152589.578125,161117.28125,188313.546875,167534.953125,215146.96875,193033.390625,193410.03125,180173.984375,203674.515625,185073.0,198349.078125,197794.828125,210891.390625,187945.53125,214582.3125,197635.578125,198267.484375,180697.765625,167298.921875,177803.6875,163905.71875,171377.59375,210757.34375,213819.234375,216960.578125,204317.296875,200781.9375,204278.609375,192140.5,176283.4375,227079.828125,240256.390625,229076.6875,236317.1875,200612.25,190100.875,181470.078125,169725.65625,155576.625,158220.109375,160516.25,152301.0625,169424.0625,171083.828125,189186.109375,196339.34375,188379.46875,200682.75,173876.484375,177322.953125,160791.46875,184063.3125,140981.53125,142729.640625,224596.0625,236960.34375,214612.28125,219268.421875,193954.1875,190108.6875,179319.890625,178478.234375,191971.0,198927.453125,243577.140625,276631.65625,259024.59375,260084.515625,187547.984375,171079.734375,260677.671875,224290.5,212642.09375,216489.578125,161624.765625,176163.453125,183316.5625,175357.953125,203376.234375,208164.046875,222896.90625,219930.5,153968.9375,198445.59375,216231.84375,182710.40625,172098.890625,160301.109375,187270.953125,170175.015625,221790.9375,214571.640625,198509.0,180722.984375,126690.09375,127272.6328125,203273.71875,192276.140625,218887.65625,229815.25,204919.34375,201321.8125,252520.359375,215251.484375,177344.21875,161390.84375,256316.140625,231584.671875,201949.296875,168121.375,274893.34375,220656.109375,263437.09375,273255.15625,239233.875,229721.5,252162.859375,245544.171875,216869.40625,197840.0625,224862.25,223630.34375,258922.890625,221400.78125,196175.28125,189740.125,249125.46875,232433.796875,215847.9375,217286.53125,244796.015625,237707.53125,227979.171875,244527.3125,207249.78125,215264.046875,241574.390625,243000.5625,227669.96875,233253.1875,213498.734375,201158.65625,228975.296875,199471.390625,236510.234375,231169.984375,229864.484375,224096.671875,205677.484375,212989.59375,208756.75,226024.78125,196805.046875,214703.59375,182180.84375,174822.515625,236264.953125,242753.46875,234566.96875,254986.03125,241843.71875,257358.84375,275650.21875,277837.21875,257316.65625,261912.09375,249452.078125,262248.25,213196.625,208571.890625,185130.765625,184696.796875,216751.015625,212171.5625,214029.453125,207232.6875,190049.015625,199474.0,212620.4375,192531.75,203203.046875,213599.078125,206782.96875,223146.296875,236823.53125,247177.0625,205935.03125,234490.015625,237557.359375,238614.96875,250926.265625,247531.21875,209595.421875,209406.953125,225313.953125,220876.59375,150726.8125,175932.40625,185937.15625,198605.953125,211297.328125,212734.359375,249311.25,243897.765625,242936.734375,229694.015625,242873.859375,237828.953125,239986.390625,223652.34375,263195.28125,255569.890625,237564.453125,174170.96875,155629.15625,147868.46875,181043.34375,201352.234375,147979.953125,138580.984375,279794.71875,260276.953125,149286.03125,155153.203125,245511.90625,238891.046875,175332.125,199933.34375,201014.109375,198174.953125,286167.5625,255743.890625,221117.078125,247200.765625,240832.109375,254073.546875,277886.21875,286984.5625,210668.984375,218641.609375
13,193115.484375,188356.828125,175157.65625,184390.921875,164837.203125,161078.90625,152649.59375,161184.65625,188239.34375,167547.6875,215130.21875,193026.796875,193550.859375,180332.734375,203851.78125,185361.765625,198512.796875,197917.96875,211108.9375,188251.34375,214423.234375,197746.859375,198479.0625,180693.703125,167385.421875,177870.15625,163819.625,171296.0,210978.90625,213750.234375,216833.71875,204463.4375,200706.65625,204025.25,191678.375,175900.25,226671.921875,239672.703125,228488.609375,235567.765625,200491.484375,189971.125,180901.5,169385.0625,155356.875,157890.96875,160460.65625,152284.75,169258.078125,170768.515625,188810.125,195741.40625,188390.828125,200565.515625,174056.953125,177433.84375,160979.21875,184278.796875,141067.765625,142946.390625,224052.921875,236568.8125,214464.171875,219208.125,194002.40625,190041.9375,179383.609375,178663.953125,191557.78125,198255.96875,243675.234375,276454.53125,258952.609375,259846.28125,187807.90625,171158.6875,260365.765625,223938.1875,212494.375,216194.640625,161847.125,176185.09375,183149.046875,175228.359375,203974.734375,208690.0,222854.578125,220010.765625,154092.921875,198193.71875,216357.390625,182869.484375,172019.296875,160082.359375,187210.515625,170311.734375,221913.21875,214882.671875,198965.265625,180786.015625,127021.375,127403.3046875,203214.8125,192286.484375,218848.53125,229747.921875,205147.421875,201343.203125,252218.421875,215117.609375,178029.0,162004.3125,256264.609375,231724.359375,201736.4375,168559.25,274674.6875,220466.78125,263627.0,273119.0,239661.671875,229697.078125,252740.65625,245244.28125,217085.71875,197920.078125,224825.421875,223763.390625,259110.71875,221681.25,195951.453125,189680.796875,249001.59375,232800.53125,216411.609375,218070.765625,245077.546875,238618.0625,228040.125,244746.078125,207167.828125,215342.421875,242324.625,243234.453125,227379.609375,232819.921875,213842.265625,201630.796875,229036.390625,199488.0625,236738.828125,231775.59375,230404.75,224739.71875,205786.03125,213154.65625,208398.046875,225838.890625,196880.390625,214866.0625,182095.8125,175055.4375,236355.765625,242854.390625,233859.5625,255272.578125,240968.8125,256709.6875,275869.21875,278165.09375,256912.140625,261846.53125,249309.78125,261829.46875,213326.78125,208810.578125,185237.296875,184796.234375,216589.359375,211962.75,214727.8125,208221.734375,189926.71875,199515.4375,212690.765625,192629.953125,203115.140625,213778.09375,206622.046875,222951.703125,236866.21875,247297.484375,205770.9375,234656.546875,237422.40625,238607.171875,251426.84375,248055.78125,209787.546875,209520.4375,225718.5625,221402.515625,150606.0,175873.640625,185939.9375,198494.796875,211660.125,213266.1875,249417.21875,244504.671875,241813.828125,230208.515625,242421.40625,237879.609375,239111.546875,223554.796875,262993.34375,255246.296875,236818.390625,173796.578125,155311.75,147353.3125,180627.15625,200572.8125,147490.03125,138091.21875,279443.875,260007.71875,148891.203125,154858.03125,243375.921875,237280.3125,175223.09375,199018.171875,200966.953125,197915.046875,285150.625,252190.390625,221056.578125,247067.5,241128.859375,253806.1875,277780.5625,286722.96875,209904.953125,217803.390625
14,193293.875,188688.359375,175354.875,184829.046875,165570.546875,161642.296875,152697.140625,161019.375,188315.171875,167726.875,215259.453125,193250.546875,193902.890625,180589.890625,204024.171875,185751.78125,198636.71875,198023.546875,211669.4375,188724.40625,214793.203125,198045.921875,198665.84375,180970.125,167338.671875,177951.5,164340.0625,171149.71875,211388.0625,213640.15625,216785.515625,204551.59375,200763.8125,204272.4375,190979.015625,175695.984375,226457.734375,239545.578125,228224.5,234971.84375,200629.90625,189691.296875,179896.875,168596.21875,154909.671875,157317.703125,160636.34375,152387.5,168955.53125,170355.640625,188081.078125,195026.953125,188416.9375,200555.46875,174120.125,177357.046875,161196.484375,184151.171875,141071.71875,142910.765625,223727.078125,236488.875,214238.328125,219023.953125,193956.390625,189979.78125,179388.4375,178848.6875,190429.015625,196917.96875,243735.359375,275482.65625,258586.734375,259398.796875,188053.5,171058.46875,259544.421875,223285.40625,212344.203125,215726.046875,162341.59375,176036.96875,182955.296875,174542.1875,204632.828125,209214.046875,222873.15625,220053.109375,154539.671875,198214.046875,216597.203125,183105.484375,171291.078125,159202.8125,187118.046875,170242.578125,222401.203125,215254.953125,199159.96875,180840.046875,127276.2265625,127113.28125,202971.28125,191757.953125,219148.734375,229643.09375,205390.34375,201097.171875,251760.234375,214994.296875,178346.578125,162530.390625,256189.25,231899.296875,201041.203125,169370.015625,273994.59375,220142.3125,263738.6875,273349.875,240036.203125,229628.53125,253173.71875,245137.03125,216656.734375,197528.15625,224450.421875,223863.890625,259250.421875,221643.40625,195653.515625,189315.75,248721.125,232973.765625,216648.84375,218500.390625,244712.328125,238752.421875,227927.625,244733.046875,206734.0,215084.03125,242546.75,243241.484375,227304.0,232347.265625,213960.765625,201892.203125,229160.1875,199389.109375,236579.671875,231863.15625,230336.765625,224610.203125,205701.875,213088.625,208273.59375,225719.59375,196909.453125,214799.53125,182072.640625,175168.78125,236336.1875,242515.71875,232565.28125,254712.9375,240201.78125,256299.734375,274981.15625,277930.90625,256524.765625,261650.109375,249533.0,261626.046875,213213.875,208479.890625,185231.59375,184805.890625,216678.03125,212067.421875,214797.859375,208020.140625,189950.296875,199676.984375,212856.796875,192637.609375,202926.578125,213616.515625,207130.5625,223740.765625,237211.125,247406.125,205989.34375,235286.984375,237769.078125,238740.015625,251594.359375,248224.734375,210405.953125,209982.53125,226455.15625,222238.5625,151010.265625,176430.375,186535.921875,199082.9375,211882.8125,213352.359375,249634.28125,244943.703125,240756.375,228918.71875,242437.015625,237244.96875,238997.421875,223328.875,263069.21875,255057.234375,236050.984375,173183.125,155364.53125,146727.53125,180232.34375,200262.90625,147551.265625,137651.921875,279339.59375,259731.84375,149042.078125,154657.265625,242652.34375,236898.359375,175252.21875,198575.453125,201229.875,197660.328125,285077.21875,251280.453125,221546.625,247154.421875,241816.1875,253861.859375,278567.15625,286709.34375,209913.0625,217713.359375
15,193761.046875,188944.421875,175485.53125,184788.609375,165456.421875,161387.40625,152515.59375,160726.921875,188253.234375,167704.703125,215537.40625,193362.265625,193739.53125,180330.453125,203662.171875,185677.25,198663.3125,198087.59375,211442.4375,188402.484375,214728.15625,197731.765625,198453.390625,180934.484375,167082.03125,177839.90625,164612.15625,170521.75,211601.5,213782.71875,216794.578125,204551.46875,201234.65625,204512.6875,191024.625,175917.390625,226780.125,239989.359375,228892.296875,235141.421875,200714.703125,189748.359375,180026.515625,168688.328125,154954.984375,157544.984375,160787.625,152711.921875,169306.609375,170742.53125,188262.40625,195421.859375,188281.609375,200542.515625,173969.171875,177212.46875,161157.421875,183939.859375,140908.484375,142824.203125,223945.015625,236554.640625,214217.796875,219002.078125,193918.9375,189936.828125,179354.546875,178784.3125,190561.890625,196767.296875,243873.8125,275819.5625,259123.78125,259849.5,188222.484375,171078.296875,259669.609375,223483.265625,212518.78125,215960.75,162587.765625,176148.015625,183348.484375,174535.78125,204406.375,208978.5625,222994.3125,220173.6875,154328.953125,197857.28125,216408.8125,183087.828125,171139.4375,158903.25,187140.921875,169998.765625,221934.984375,215143.796875,198957.453125,180883.078125,127020.28125,126761.90625,202783.328125,191303.65625,219153.765625,229687.421875,205116.34375,201011.453125,251484.1875,214545.1875,177645.421875,161777.359375,256181.9375,231373.125,200374.640625,169286.78125,273745.1875,219876.203125,264023.8125,273994.125,240300.109375,229852.171875,253274.484375,245194.078125,216726.109375,197606.65625,224618.203125,224317.15625,259121.0625,221324.46875,195711.234375,189228.84375,249008.359375,232922.0625,216062.078125,218091.046875,244607.328125,238634.546875,227695.6875,244556.671875,206915.921875,215102.953125,242351.25,243168.265625,227377.6875,232323.03125,213445.703125,201509.546875,229167.25,199256.734375,236408.359375,231364.703125,229893.6875,223862.359375,205576.984375,213025.0625,208391.90625,225868.359375,196874.59375,214681.9375,182150.46875,175097.171875,236570.625,243093.875,232078.6875,254924.9375,240226.5,257064.484375,274268.71875,278406.1875,256896.3125,262325.34375,249789.921875,262469.0,212866.46875,208059.46875,185374.140625,184993.390625,216970.234375,212264.828125,214562.953125,207322.953125,189967.640625,199751.546875,212770.859375,192521.40625,203140.4375,213509.34375,207605.8125,224466.890625,237134.65625,247219.03125,205800.375,235317.703125,237938.015625,238767.109375,251415.953125,247845.921875,210454.734375,210218.203125,226201.09375,222211.890625,150976.15625,176623.84375,186645.796875,199528.140625,211275.921875,212985.5625,249767.28125,245012.484375,241332.328125,228550.640625,242381.5625,237046.15625,239143.5,223240.78125,262931.5625,255031.59375,236214.875,173193.671875,155591.71875,146665.671875,180418.5,200349.1875,147960.359375,137730.453125,279566.90625,259890.609375,149226.921875,154550.15625,243346.859375,237591.6875,175258.59375,198835.46875,201301.25,197518.515625,285984.78125,252397.171875,221735.0,247536.265625,241839.390625,253971.859375,278959.1875,287249.03125,210220.0625,217898.640625
16,193784.125,188652.8125,175367.5625,184235.234375,164778.65625,160660.71875,152440.96875,160692.625,188095.6875,167431.28125,215602.140625,193171.703125,193372.0625,179827.421875,203365.0,185220.5625,198662.71875,197894.34375,210785.390625,187643.9375,214251.765625,196949.828125,198086.609375,180172.40625,166955.046875,177626.765625,164050.53125,169847.546875,211541.234375,213964.59375,216765.90625,204247.515625,201574.0625,204175.640625,191471.390625,175904.046875,227132.671875,239963.328125,229745.953125,235286.34375,200861.34375,190031.375,180947.921875,169467.03125,155414.375,158148.46875,160949.5,152858.546875,169946.609375,171423.75,188947.328125,195968.328125,188112.59375,200420.6875,173949.03125,177273.46875,160928.015625,183901.21875,140829.96875,142877.953125,224037.84375,236776.15625,214304.765625,219204.921875,193804.484375,189733.0,179355.578125,178618.296875,191688.953125,198014.296875,243445.265625,276323.1875,259190.046875,260244.328125,188059.765625,171090.53125,260112.28125,224263.21875,212679.703125,216571.921875,162494.890625,176263.890625,183926.375,175286.953125,203784.734375,208455.203125,222979.859375,220325.6875,153658.203125,197761.578125,216095.296875,183148.140625,171888.28125,159605.65625,187283.375,170035.546875,221049.78125,214833.875,198780.140625,180757.140625,126681.7578125,126892.0234375,202900.9375,191866.90625,219122.15625,229958.515625,204857.078125,201312.71875,251811.859375,214436.9375,177173.25,161222.5625,256292.0625,231166.46875,201065.65625,168735.203125,274730.4375,220124.828125,264010.75,274035.59375,240094.59375,230124.65625,253013.296875,245390.328125,217420.765625,197972.984375,225541.40625,224811.046875,258891.71875,221125.53125,195925.53125,189391.40625,249669.28125,232746.3125,215625.375,217553.71875,244816.296875,238318.875,227530.96875,244436.359375,207436.734375,214999.484375,242130.984375,243045.1875,227259.296875,232336.890625,213213.234375,201183.8125,228998.078125,199021.578125,236175.34375,230985.8125,229343.984375,223180.21875,205526.71875,212905.296875,208437.671875,225947.15625,196814.90625,214501.140625,182153.84375,174870.703125,236924.703125,243524.53125,232822.421875,254964.515625,240805.546875,257454.625,274539.71875,278280.21875,257423.765625,262592.34375,249846.265625,262960.0,212270.78125,207388.640625,185311.59375,185189.90625,217075.828125,212175.453125,214528.75,207150.140625,189703.515625,199287.140625,212097.203125,191930.984375,203588.015625,213764.234375,207573.375,224370.203125,236719.265625,246853.421875,205770.75,235165.859375,237751.46875,238589.0625,251006.265625,247455.15625,210381.109375,210306.984375,225445.515625,221781.015625,150792.15625,176562.890625,186361.171875,199551.046875,210823.359375,213021.8125,250004.140625,245268.765625,242604.671875,229610.609375,242322.90625,237640.421875,239630.625,223612.21875,263532.8125,255232.984375,236797.375,173750.109375,155494.984375,147124.890625,180920.171875,200825.578125,148114.984375,138056.5,279636.3125,260147.34375,149125.359375,154606.671875,244046.375,238548.453125,175134.96875,199208.078125,201489.21875,197528.75,286811.09375,253722.03125,221821.203125,247761.46875,242107.71875,254087.625,278876.53125,287610.84375,210293.75,217983.46875
17,193449.859375,188477.0625,175194.125,183875.65625,164809.875,160561.140625,152522.515625,160843.09375,188095.21875,167453.3125,215592.078125,193101.078125,193463.1875,180101.984375,203602.625,184921.46875,198683.671875,197687.03125,210800.5,187787.96875,214284.53125,197087.703125,198089.140625,179854.40625,167061.5,177526.5625,163663.78125,170424.921875,211455.765625,214041.984375,216882.125,204132.984375,201543.578125,204062.953125,191522.546875,175737.125,227057.421875,239514.875,229831.5,235228.546875,200957.09375,190079.203125,181093.25,169756.59375,155547.203125,158067.609375,160785.90625,152610.140625,169606.75,171131.484375,188851.546875,195856.609375,188186.03125,200515.453125,173962.375,177447.734375,160743.09375,183927.734375,140945.046875,142798.203125,223864.28125,236800.09375,214406.125,219464.875,193766.1875,189748.453125,179443.796875,178594.71875,191777.8125,198894.421875,243125.625,275847.90625,258510.34375,259895.5625,187832.5,171009.34375,260538.265625,224682.28125,212577.875,216626.359375,162430.8125,176106.09375,183832.734375,175237.890625,203636.078125,208330.671875,222658.8125,220163.890625,153566.6875,198183.65625,216185.140625,183180.484375,172107.671875,159826.078125,187267.78125,170060.078125,221160.046875,214808.125,198684.03125,180653.5625,126603.21875,126991.2890625,202965.96875,192273.078125,219318.25,230081.578125,204998.859375,201357.578125,252155.828125,215015.40625,177439.203125,161614.3125,256320.28125,232007.78125,202142.3125,168053.578125,275055.84375,220054.09375,263585.40625,273844.96875,239243.6875,230078.0,252686.203125,245655.828125,217366.5625,197792.25,225642.328125,224503.515625,258819.25,221300.765625,195904.671875,189399.40625,249624.015625,232670.046875,215898.5625,217333.5625,244817.859375,237689.828125,227674.6875,244560.46875,207650.0625,215018.40625,242139.78125,242933.140625,227545.59375,232553.34375,213362.828125,201046.265625,228986.171875,199021.6875,236067.609375,231047.0,229275.671875,223384.921875,205498.5,212888.453125,208480.96875,225982.296875,196753.453125,214494.484375,182034.125,174635.265625,236982.234375,243000.625,233683.8125,255439.0,241077.359375,256636.953125,275462.4375,278074.15625,257204.40625,262012.484375,249971.8125,262134.109375,212329.234375,207436.015625,185165.234375,185101.375,216984.3125,212108.453125,214272.109375,207223.171875,189742.75,199305.09375,212078.328125,191806.09375,203450.484375,213927.921875,207330.984375,223966.453125,236784.765625,246840.296875,206265.0,234863.453125,237694.46875,238566.78125,250683.890625,247322.546875,210606.765625,210266.046875,225421.390625,221614.71875,151097.25,176443.234375,186459.59375,199316.09375,211272.9375,213040.859375,250285.078125,245252.78125,243036.8125,230036.265625,242109.453125,238128.953125,240200.6875,224030.203125,263565.8125,255456.03125,236987.78125,174103.9375,155416.234375,147395.8125,180954.640625,201289.4375,148022.359375,138217.375,279580.375,260120.203125,149081.921875,154609.578125,244304.65625,238689.765625,175103.6875,199411.015625,201759.453125,197674.046875,286529.125,253908.21875,221935.6875,247648.8125,241884.140625,254264.765625,278878.03125,287683.71875,210309.796875,218288.890625
18,193282.625,188672.171875,175148.03125,184116.765625,165341.265625,161005.765625,152521.640625,160865.890625,188147.171875,167746.203125,215602.21875,193220.65625,193604.84375,180734.484375,203858.234375,185011.96875,198661.625,197717.1875,211148.09375,188514.71875,214795.71875,198039.265625,198331.1875,180548.640625,167139.1875,177614.328125,163970.453125,172102.140625,211272.15625,213897.78125,217105.875,204380.390625,201223.75,204485.40625,191519.78125,176056.5625,227052.15625,239902.109375,229258.15625,235492.265625,200776.21875,189923.15625,180620.65625,169608.09375,155364.875,157711.828125,160322.078125,152319.578125,169206.546875,170923.125,188443.125,196170.1875,188371.1875,200707.234375,173820.640625,177436.375,160830.109375,183920.59375,141030.734375,142591.15625,224148.03125,236732.5,214347.625,219386.578125,193948.65625,190057.265625,179462.953125,178567.171875,191008.71875,198263.03125,243906.75,276012.375,258989.984375,260040.125,188202.609375,171280.5,261330.84375,224331.59375,212706.765625,216398.015625,162486.0625,176062.453125,183317.875,174446.234375,203925.5625,208654.328125,222701.0625,220110.96875,153893.984375,198423.40625,216502.328125,183054.40625,171552.828125,159115.34375,187075.578125,169910.890625,222076.671875,215001.984375,198633.59375,180683.546875,126581.21875,126781.6796875,202909.8125,191939.734375,219273.421875,229920.375,205117.328125,201212.890625,252294.8125,215313.15625,177683.25,161717.984375,256160.078125,232282.9375,201522.15625,168046.203125,274889.3125,220111.359375,263810.65625,274355.125,239281.875,230048.625,252696.15625,245889.390625,216408.265625,197283.5625,224370.46875,223587.203125,258749.234375,221576.921875,195572.6875,189233.15625,248784.921875,232935.828125,215961.859375,217252.71875,244430.3125,237422.796875,227833.515625,244690.25,207375.359375,215313.296875,242120.109375,242969.578125,227925.53125,232958.390625,213056.25,200781.578125,228987.421875,199404.390625,236191.34375,231062.640625,229453.75,223799.984375,205476.15625,213036.515625,208644.265625,226191.046875,196678.984375,214680.9375,181963.765625,174745.546875,236703.34375,242812.9375,234070.0,256727.609375,241409.484375,256721.125,276389.8125,279154.84375,256777.9375,261814.390625,250280.046875,261875.765625,212877.40625,208103.125,185377.734375,185010.703125,216915.140625,212150.625,213859.375,206957.59375,190126.65625,199857.140625,212866.703125,192491.484375,202912.203125,213591.703125,207087.265625,223663.84375,237110.453125,246858.875,206519.828125,234691.46875,237826.703125,238829.296875,250959.109375,247469.125,210582.671875,210115.0,225891.046875,221614.234375,151382.96875,176143.34375,186644.78125,199110.5,211688.5625,212950.078125,249915.578125,244574.625,243416.40625,230474.015625,243240.890625,238373.921875,239969.84375,223867.96875,262608.1875,255610.21875,236837.71875,173916.71875,155579.484375,147372.125,180755.84375,200875.140625,147909.953125,138251.109375,279566.34375,259836.34375,148996.96875,154554.015625,243810.625,237635.4375,175130.40625,199162.296875,201558.140625,197599.3125,285771.625,252253.640625,221689.0625,247386.21875,241103.421875,254061.421875,278657.6875,287568.25,210261.390625,218248.5625
19,193582.9375,189044.53125,175254.4375,184657.703125,165494.53125,161294.34375,152629.671875,160980.078125,188302.28125,167958.84375,215435.90625,193353.40625,193448.078125,180672.703125,203921.078125,185463.984375,198738.3125,197996.828125,211122.84375,188682.078125,215239.453125,198446.171875,198574.40625,181301.578125,167294.03125,178007.171875,164226.953125,172775.453125,211249.328125,213678.90625,217394.453125,204407.671875,200769.796875,204531.609375,191837.515625,176426.546875,227081.140625,240376.78125,228611.625,235469.6875,200553.1875,189726.171875,180323.109375,169355.109375,155300.546875,157665.625,160168.9375,152242.640625,169198.46875,170934.0625,188505.8125,196657.15625,188491.5,200687.265625,173857.609375,177408.234375,161151.046875,184024.515625,141080.484375,142617.34375,224565.34375,236747.296875,214355.84375,219130.78125,194115.984375,190304.5,179408.78125,178578.1875,190657.140625,197296.671875,244307.609375,275899.84375,258914.3125,259920.734375,188413.21875,171639.984375,259729.421875,223317.171875,212605.140625,216373.625,162345.1875,176063.5625,183039.0625,174079.4375,204043.0625,209007.015625,222931.078125,220433.421875,154178.0,198556.640625,216567.984375,183211.734375,171320.203125,158885.0,186961.703125,169965.953125,222563.671875,215353.546875,198773.1875,180634.359375,126669.1328125,126687.484375,203066.65625,191873.765625,219076.03125,229680.625,205158.765625,201294.625,252661.765625,214938.859375,177627.0625,161482.265625,256079.75,231628.5625,200785.6875,168666.109375,275320.5625,220480.21875,263591.4375,273137.875,239746.328125,230293.703125,252758.0,245981.96875,216111.453125,197339.484375,223500.421875,223177.96875,258848.59375,221695.25,195542.0,189311.828125,248352.625,233186.34375,215724.984375,217367.8125,244141.671875,237620.3125,227932.921875,244645.421875,206921.78125,215467.875,241746.875,243180.953125,227788.90625,233107.796875,213061.8125,200940.390625,229026.609375,199746.625,236258.328125,230912.546875,229342.0625,223676.515625,205532.078125,213120.34375,208882.296875,226292.8125,196822.84375,214802.484375,182119.21875,175128.84375,236031.609375,242123.4375,233249.015625,254301.0625,241533.484375,257212.4375,274370.6875,277290.1875,256663.3125,260694.3125,250090.359375,261397.65625,212904.640625,208132.296875,185340.71875,184950.6875,216952.578125,212116.796875,213714.375,206288.484375,190386.015625,200076.265625,213126.015625,192817.859375,202707.15625,213182.765625,206946.71875,223592.65625,237245.703125,246868.90625,206416.421875,235092.9375,237846.875,238849.4375,251294.953125,247615.65625,210165.203125,209950.03125,226132.671875,221682.53125,151299.078125,176097.15625,186533.984375,199266.890625,211888.734375,213132.53125,249338.640625,243839.0625,242717.5,230022.234375,244764.8125,237938.453125,239543.359375,223255.234375,263005.78125,255642.375,236870.953125,173701.828125,155548.765625,147214.546875,180832.328125,200604.6875,147824.71875,138254.828125,279477.09375,259583.984375,148828.375,154564.625,243022.21875,237081.421875,175072.125,198752.234375,201242.65625,197379.40625,285286.21875,251268.703125,221579.453125,247157.015625,241334.78125,253746.421875,278630.96875,287186.96875,210295.5,217911.25
20,193790.015625,189181.625,175387.0,184992.078125,165114.09375,161217.5,152713.84375,161066.34375,188448.453125,167970.75,215122.375,193399.359375,193342.34375,180319.578125,203774.34375,185922.78125,198770.140625,198302.40625,210951.078125,188448.78125,215209.671875,198091.78125,198744.578125,181402.765625,167312.59375,178259.703125,164267.65625,171812.65625,211416.953125,213706.75,217452.015625,204164.921875,200488.796875,204141.59375,191646.828125,176038.125,226639.75,239638.25,228235.34375,235034.078125,200288.953125,189653.359375,180135.796875,169068.734375,155153.4375,157706.265625,160008.296875,152326.46875,168787.59375,170159.03125,188401.125,196101.578125,188519.765625,200655.140625,173988.4375,177425.671875,161343.375,184177.578125,141136.140625,142782.78125,224398.96875,236347.5,214413.609375,219095.578125,194100.65625,190392.828125,179485.25,178736.328125,190315.515625,197248.9375,243873.984375,275059.84375,257887.0625,259107.515625,187923.90625,171503.703125,257781.640625,222883.8125,212153.703125,216168.796875,161935.65625,175980.453125,182865.0625,174216.0,203820.9375,209198.25,222638.328125,220483.375,154374.96875,198461.40625,216341.390625,183309.28125,171367.234375,159150.3125,186745.578125,169903.90625,222348.5625,215665.375,198789.5625,180641.0625,126958.9296875,126722.2421875,203058.375,191721.9375,218951.5625,229532.015625,205195.671875,201113.828125,252487.21875,214672.28125,177601.734375,161768.15625,256231.03125,231703.640625,201320.234375,168746.921875,274700.6875,219960.171875,262892.25,271812.28125,239188.28125,230336.828125,252520.125,245808.671875,216789.5625,197967.640625,223738.421875,223507.328125,259195.296875,221710.46875,195989.65625,189622.25,248671.484375,233131.828125,215955.671875,217803.359375,244347.65625,237987.921875,228132.34375,244552.203125,206871.15625,215614.6875,241548.859375,243463.046875,227730.0,233215.5,213912.921875,201609.75,229343.453125,199866.046875,236576.75,231353.0,229638.1875,224118.640625,205740.796875,213209.75,208873.53125,226038.75,197108.984375,214877.65625,182322.46875,175330.1875,235915.421875,241327.53125,232143.53125,252049.28125,240717.609375,256206.734375,272083.4375,274803.8125,256702.140625,259691.546875,249624.359375,260076.90625,212931.640625,208355.59375,185090.09375,184795.6875,216879.828125,212087.609375,214324.203125,206790.59375,190625.671875,200364.4375,212954.921875,192797.5,202753.078125,213131.984375,207047.3125,223665.703125,237544.203125,247549.9375,206227.90625,235179.984375,237874.703125,238626.1875,251503.609375,247985.5,209708.75,209603.859375,226078.0,221731.140625,150858.15625,176174.0,186269.3125,199256.625,212148.859375,213038.140625,249329.171875,243440.03125,241459.3125,228025.46875,243780.1875,237232.0,239571.765625,223141.5625,263667.84375,255507.65625,236926.109375,173731.75,155317.390625,146904.84375,180741.6875,201231.796875,147769.28125,138095.921875,279326.96875,259525.40625,148867.046875,154414.53125,242909.828125,237355.359375,175163.4375,198899.734375,201398.0,197465.390625,285024.71875,251960.8125,221874.953125,247249.140625,241532.140625,254057.0,279058.78125,286996.78125,210643.65625,217961.5625
21,193426.421875,188724.046875,175533.34375,184978.65625,164847.921875,161047.78125,152411.625,160712.4375,188241.09375,167702.6875,215026.078125,193323.859375,193460.875,180373.0,203496.265625,185909.859375,198537.921875,198178.375,211024.25,188320.625,214653.84375,197559.234375,198783.90625,181038.125,166917.78125,177964.078125,164442.109375,170796.40625,211212.34375,213570.203125,216980.484375,204006.0,200610.9375,204026.046875,191005.71875,175414.765625,226401.265625,238932.109375,228361.265625,234889.875,200270.65625,189829.78125,180168.53125,169095.59375,154932.03125,157782.203125,160045.5625,152588.390625,168811.75,170153.265625,188103.046875,195388.28125,188296.59375,200623.859375,173846.515625,177182.75,161179.8125,184089.890625,140998.578125,142776.25,224008.078125,236085.375,214015.9375,218867.28125,194041.796875,190243.53125,179518.09375,178702.78125,189918.3125,197616.46875,243972.046875,275766.71875,258624.15625,259357.390625,187699.84375,171316.171875,259576.984375,223510.09375,212321.90625,215805.140625,161879.109375,176235.890625,183073.1875,174657.484375,204007.1875,209349.625,222517.015625,220313.53125,154356.5,197983.6875,216169.296875,182821.078125,171578.21875,159238.09375,186681.109375,169770.359375,222066.5625,215365.0,198716.984375,180719.75,127175.59375,126762.9765625,202988.09375,191395.890625,218726.59375,229442.3125,205166.234375,200636.34375,251898.15625,214883.25,177713.390625,162284.609375,256544.578125,232184.75,201358.3125,169243.234375,273809.71875,219772.0625,263691.1875,273769.21875,239035.078125,230046.671875,252453.765625,245655.328125,217026.953125,198232.59375,223925.4375,223716.203125,259070.4375,221578.328125,196098.34375,189703.5,248749.34375,232826.6875,216221.765625,218339.875,244572.5,238429.765625,227976.703125,244311.0,207076.5,215645.140625,242182.09375,243771.734375,227732.015625,233250.546875,214408.546875,202116.0625,229477.734375,199743.625,237216.3125,232189.953125,230582.171875,225214.921875,205795.5625,213248.1875,208527.25,225764.546875,196993.828125,214879.546875,182255.484375,175267.296875,236770.625,242438.796875,232468.5625,255508.515625,240261.140625,255596.359375,274214.75,277435.6875,256982.796875,261373.671875,249877.421875,260885.765625,213487.84375,209230.328125,185363.640625,184798.796875,216650.984375,212036.890625,215455.015625,208540.796875,190536.8125,200339.296875,212910.484375,192888.875,202907.4375,213327.0,207092.953125,223466.765625,237708.9375,248190.265625,205918.40625,234802.984375,238021.734375,238626.828125,252037.265625,248759.859375,209350.515625,209103.0,225987.28125,221631.078125,150303.40625,175855.40625,186089.1875,198736.59375,211962.515625,212741.1875,249163.171875,243338.234375,241857.859375,228123.25,242259.8125,237476.875,239564.875,223624.34375,263079.625,255439.765625,236672.546875,173630.75,155178.84375,146688.421875,180452.578125,201354.8125,147740.640625,137937.140625,279319.4375,259606.4375,148870.75,154291.546875,242683.203125,236982.15625,175376.484375,199067.234375,201530.234375,197677.578125,285205.0,251551.484375,221766.34375,247332.578125,240982.140625,254133.03125,278956.3125,286871.59375,210655.59375,217816.28125
22,193262.671875,188432.421875,175749.828125,184837.375,165229.75,161197.34375,152171.3125,160433.21875,188019.21875,167405.59375,215206.046875,193250.203125,193649.5,180454.703125,203571.9375,185619.359375,198512.34375,197872.625,211173.546875,188229.609375,214297.46875,197222.5625,198866.046875,180934.546875,166802.859375,177794.046875,164467.8125,170558.953125,211059.390625,213214.5625,216574.28125,204050.0625,200960.390625,204238.109375,190959.671875,175515.6875,226713.640625,239240.53125,228763.109375,234950.796875,200732.546875,189883.5625,180455.359375,169245.6875,154980.59375,157830.71875,160961.125,152946.671875,169353.15625,171034.703125,188263.046875,195428.78125,188042.109375,200565.796875,173764.1875,177018.65625,160871.015625,184030.078125,140841.3125,142717.09375,223642.546875,236406.453125,213720.640625,218589.40625,193993.5,189950.046875,179369.15625,178549.046875,190296.328125,197868.421875,243841.65625,276516.5,259218.90625,259930.984375,187896.359375,171362.40625,260741.203125,223819.359375,212643.953125,215672.515625,162429.421875,176567.265625,183892.015625,175172.4375,204544.1875,209347.703125,222893.21875,220368.125,154408.75,198054.828125,216230.796875,182453.796875,172193.015625,159485.53125,187323.34375,170072.296875,222098.015625,214618.046875,198992.328125,180630.0625,127325.0,126804.6953125,203495.6875,191770.859375,218807.71875,229334.921875,205295.15625,200630.0,252230.984375,215204.59375,177969.578125,162422.890625,256865.25,231976.0,200926.9375,170331.265625,274364.3125,220669.828125,264604.84375,274652.5,239553.15625,229871.71875,252656.3125,245605.1875,216492.734375,197806.71875,224005.515625,223761.15625,258651.328125,221358.203125,195719.34375,189579.59375,248520.046875,232399.484375,216120.46875,218541.59375,244565.6875,238626.234375,227628.078125,244243.359375,207084.40625,215340.875,242955.25,243912.796875,227310.140625,232770.390625,214216.84375,202056.6875,229276.1875,199327.3125,237175.484375,232155.609375,231015.515625,225260.203125,205536.890625,213118.78125,208275.28125,225653.046875,196619.765625,214769.515625,182040.96875,175148.34375,236962.109375,243151.359375,232571.984375,256758.9375,240549.5,256276.515625,275536.8125,278971.40625,257163.078125,262499.0625,250246.53125,262442.90625,213767.328125,209256.84375,185516.078125,184832.25,216526.59375,211876.515625,215697.234375,208925.78125,189868.84375,199411.546875,212621.703125,192584.140625,203184.1875,213524.78125,207132.578125,223482.171875,237199.84375,247728.6875,205765.46875,234774.5,237980.046875,238607.9375,251805.953125,248583.09375,209375.25,208962.46875,226008.59375,221477.09375,150319.921875,175719.40625,186298.296875,198584.859375,211424.078125,212604.53125,248855.5625,243739.984375,241591.359375,229446.59375,242311.546875,237808.875,239572.734375,223680.890625,263306.5,255442.40625,236636.015625,173564.40625,155139.375,146742.84375,180533.15625,201049.84375,147732.3125,138100.890625,279499.53125,259726.90625,148717.359375,154588.8125,242550.40625,237167.796875,175374.015625,198933.84375,201378.15625,197813.21875,285605.0625,251523.96875,221431.015625,247199.515625,241358.96875,253747.734375,278588.5,286580.25,210355.640625,217660.5625
23,193516.546875,188661.453125,175832.90625,184620.609375,165694.53125,161457.5625,152307.46875,160560.71875,188000.796875,167299.28125,215297.25,193183.703125,193882.453125,180309.90625,203945.0,185491.359375,198854.140625,197918.640625,211290.53125,188224.6875,214642.578125,197421.765625,198922.8125,181159.375,167116.3125,177950.0625,164446.125,171028.09375,211426.546875,213359.09375,216705.9375,204255.140625,201154.53125,204411.546875,191090.0,175946.984375,226868.203125,239537.78125,228847.953125,234878.765625,200929.796875,189729.171875,180529.171875,169008.78125,155150.828125,157710.984375,161518.453125,153037.40625,169356.375,170840.96875,188429.640625,195490.828125,188136.5625,200773.546875,173812.203125,177135.0,160730.234375,184161.734375,140932.765625,142698.890625,223428.0,236471.421875,214178.4375,219001.140625,193863.046875,189842.046875,179247.96875,178565.40625,191260.125,198090.15625,243023.65625,275481.375,258114.0,259529.546875,187921.609375,171163.34375,259451.28125,223548.359375,212451.796875,215693.578125,162720.765625,176309.875,183965.546875,174983.234375,204362.4375,209032.765625,222930.515625,220195.8125,154544.0625,198773.546875,216635.140625,183021.140625,172142.109375,159359.921875,187776.59375,170185.09375,222442.0,214485.515625,199203.4375,180715.703125,127383.8359375,126777.828125,203685.8125,192023.234375,219425.890625,229384.609375,205422.609375,201138.671875,252655.59375,215314.6875,178228.59375,162110.859375,256874.0625,231711.84375,201264.984375,169791.625,274857.6875,220747.59375,264272.3125,272615.8125,239245.953125,229845.546875,252612.375,245427.671875,216013.21875,197350.328125,224737.953125,224214.171875,258870.03125,221369.59375,195522.40625,189426.140625,248747.734375,232382.34375,216423.90625,218287.09375,244694.0625,238496.671875,227803.71875,244861.375,206934.25,215092.96875,242869.09375,243521.046875,227081.3125,232290.890625,213955.5,201473.96875,229123.921875,198955.125,236485.53125,231372.265625,230523.8125,224220.359375,205383.71875,213087.6875,208282.5625,225573.65625,196523.28125,214711.328125,181946.875,175010.140625,236284.8125,242093.984375,232014.53125,253226.1875,240497.171875,256192.1875,273681.0625,276324.03125,257004.40625,261217.0625,249953.875,261358.0,213348.03125,208426.484375,185124.796875,184731.015625,216599.421875,211873.109375,214810.046875,207712.984375,189527.546875,199001.484375,212425.25,192210.09375,203289.546875,213549.8125,207537.4375,224176.03125,236557.984375,246746.328125,205901.421875,234863.3125,237659.171875,238329.84375,250720.890625,247297.0625,210096.296875,209521.0,226085.59375,221594.5625,151000.984375,176307.53125,186845.265625,199253.390625,211157.875,212490.171875,249502.25,244741.875,240536.78125,228716.21875,242532.015625,237546.453125,239845.34375,223235.640625,264005.125,255360.5,236870.515625,173635.984375,155230.34375,146997.75,180711.09375,201068.984375,147735.359375,138171.5,279641.78125,259851.234375,148945.875,154901.484375,243610.875,238290.140625,175285.0,199182.875,201356.90625,198038.515625,285456.8125,253470.859375,221535.421875,247429.5,241941.171875,254004.71875,278789.125,286714.6875,210451.5625,218191.4375
24,193508.0,188703.484375,175769.90625,184363.71875,165654.5,161373.484375,152412.46875,160601.546875,187925.15625,167280.859375,215338.984375,193157.03125,194040.921875,180204.828125,204071.71875,185421.71875,198989.421875,198073.625,211503.4375,188284.703125,214990.515625,197885.5625,198735.328125,181060.421875,167211.625,177911.9375,164697.953125,171595.484375,211607.84375,213802.015625,216918.734375,204350.078125,200948.296875,204262.65625,190695.5625,175823.171875,226813.453125,239497.515625,228569.46875,234638.734375,200633.28125,189742.65625,180513.0625,168689.328125,155126.359375,157691.578125,160988.734375,152793.640625,169322.46875,170360.828125,188230.34375,195309.890625,188295.015625,200958.09375,173635.203125,177028.984375,160764.625,183968.375,140957.484375,142602.984375,223533.015625,236316.875,214425.828125,219490.625,193766.140625,189863.515625,179187.46875,178471.875,191525.0,197940.640625,242558.890625,274869.03125,258006.015625,259359.78125,187646.671875,170680.171875,259725.40625,223370.28125,212345.03125,215698.453125,162341.71875,175786.625,183086.546875,174250.546875,203887.921875,208495.1875,222714.171875,219746.078125,154419.328125,198880.28125,216990.296875,183701.65625,171297.671875,158539.984375,187327.234375,169742.609375,222504.359375,214842.703125,198980.25,180880.125,127164.890625,126760.2578125,202899.71875,191595.671875,219633.484375,229680.546875,205334.703125,201492.0625,252222.359375,215126.03125,178094.15625,161907.34375,256510.671875,231830.9375,201659.8125,168670.375,274760.4375,220374.890625,264164.59375,272431.21875,238996.359375,229534.03125,252422.234375,245208.9375,215755.296875,197188.5,225482.53125,224599.234375,259285.265625,221543.953125,195544.421875,189187.265625,249092.828125,232807.40625,216884.796875,218042.515625,244812.609375,238446.0625,227965.90625,245357.453125,206793.859375,215062.96875,242492.234375,242874.890625,227091.546875,232255.875,213737.921875,201063.03125,228942.921875,198915.0,236451.34375,231142.8125,230104.640625,223676.1875,205472.546875,213097.28125,208323.8125,225460.40625,196610.40625,214640.28125,181890.234375,174758.1875,236241.03125,241981.71875,232857.640625,252548.765625,240704.9375,255861.875,274072.25,276072.4375,257064.546875,261001.546875,249805.609375,260430.125,212981.640625,208152.03125,185061.515625,184769.609375,216714.515625,212187.125,214483.25,207294.265625,189784.40625,199573.828125,212844.75,192417.625,203101.015625,213346.140625,207842.03125,224667.09375,236618.671875,246560.015625,206055.25,235110.453125,237505.9375,238285.84375,250850.796875,247119.84375,210903.375,210379.40625,226116.109375,221811.515625,151532.015625,176992.84375,187101.03125,199891.46875,211323.671875,212873.609375,250380.640625,245649.59375,241855.078125,228407.203125,242846.84375,237522.6875,240030.609375,222925.03125,263538.65625,255426.421875,236777.21875,173417.953125,155409.109375,147277.890625,180597.546875,200670.1875,147767.4375,137931.296875,279743.625,260048.109375,149494.515625,154937.625,243844.84375,237974.5625,175382.078125,199300.984375,201441.59375,198137.765625,285269.125,253195.9375,221773.359375,247771.390625,241653.140625,254502.28125,279102.625,287197.75,210402.109375,218403.171875
25,193616.4375,188810.953125,175844.34375,184372.59375,165710.609375,161314.140625,152397.59375,160562.25,188014.171875,167431.171875,215648.921875,193337.265625,194020.46875,180377.40625,204061.390625,185349.46875,199032.0625,198068.8125,211698.359375,188341.953125,214981.046875,198000.1875,198668.984375,180933.1875,167230.5,177836.546875,164948.484375,171544.21875,211626.671875,213892.375,216995.5,204342.875,200796.609375,204067.40625,190536.9375,175610.171875,226866.5625,239724.21875,228503.609375,234539.765625,200559.984375,189901.703125,180663.046875,168774.296875,154898.6875,157670.171875,160656.921875,152694.53125,169410.921875,170463.71875,188183.90625,195416.6875,188405.359375,200781.546875,173621.34375,176922.046875,160872.0625,183677.890625,140799.625,142524.265625,223468.984375,236354.953125,214105.0625,219326.875,193855.140625,189903.859375,179186.671875,178274.890625,190207.84375,196814.4375,242554.265625,275317.6875,258658.84375,259675.984375,187431.375,170457.84375,260015.390625,222937.859375,212257.953125,215650.890625,162216.109375,175726.09375,182690.65625,173791.28125,204084.265625,208137.53125,222755.71875,219763.5625,154439.484375,198283.53125,216710.90625,183283.984375,170913.171875,157852.53125,187039.390625,169483.65625,221989.46875,214702.484375,198886.140625,180524.875,126951.0,126631.7109375,202245.75,191168.875,219098.140625,229887.65625,205264.40625,201266.671875,251732.3125,214782.890625,177643.53125,161835.578125,256005.6875,231600.84375,201131.703125,168934.453125,274499.03125,220471.078125,264047.3125,273880.34375,239518.890625,229216.296875,252390.359375,245009.0,215624.625,197138.28125,225333.65625,224332.078125,259200.828125,221582.046875,195526.25,189093.75,248999.359375,232953.484375,216490.328125,217952.46875,244690.234375,238545.09375,227665.953125,244843.09375,206878.6875,215071.75,242728.875,242689.15625,226888.734375,232179.84375,213624.4375,201141.390625,228825.765625,199071.421875,237012.984375,231482.828125,230387.25,224008.0625,205665.1875,212976.96875,208368.09375,225340.5625,196717.65625,214474.421875,181832.46875,174592.8125,236647.265625,242895.296875,233837.578125,254301.546875,241415.359375,256694.125,275477.0625,277761.125,257111.28125,262112.96875,250121.90625,261939.984375,213357.53125,208627.15625,185465.3125,184894.546875,216791.546875,212444.140625,215000.640625,207751.6875,190056.078125,200052.015625,213310.78125,192737.109375,202852.96875,213108.5625,207565.484375,224477.875,237597.140625,247584.671875,206401.84375,235631.421875,237886.5,238753.15625,251968.890625,248233.125,210992.078125,210798.40625,226134.71875,221643.25,151498.09375,177052.25,186824.0625,199771.484375,211785.375,213485.515625,250341.46875,245636.453125,242640.96875,229253.015625,243548.90625,237561.96875,239531.796875,222412.890625,262900.46875,255370.59375,236620.890625,173311.25,155405.109375,147438.828125,180562.8125,200331.46875,147857.953125,138078.921875,279834.0625,260252.34375,149574.453125,154979.34375,243159.25,237319.703125,175451.046875,199068.140625,201647.125,198108.8125,286062.96875,251720.296875,222015.71875,247651.109375,241599.421875,254356.640625,279348.125,287470.625,210318.109375,218258.765625
26,194263.984375,189300.625,176066.171875,184629.40625,166244.84375,161596.296875,152451.40625,160658.328125,188281.171875,167661.046875,216102.96875,193609.484375,194227.21875,180817.15625,204405.359375,185572.578125,199448.9375,198031.421875,211969.078125,188615.1875,215385.75,197959.328125,199043.453125,181242.546875,167482.84375,177882.28125,165217.625,171265.109375,212226.796875,213754.953125,217368.59375,204487.6875,201437.140625,204291.296875,191082.78125,175858.109375,227002.40625,239925.125,229077.5,234841.390625,200887.0625,189922.25,180481.6875,168904.453125,154746.125,157260.484375,160799.90625,152877.390625,169069.171875,170223.1875,188297.140625,195565.703125,188661.265625,200682.375,173973.40625,177148.234375,161061.5625,183860.40625,140819.78125,142525.9375,223413.65625,236377.5,214387.828125,218994.171875,194014.359375,190050.78125,179314.078125,178365.5,188834.796875,195370.921875,243190.921875,275395.9375,258440.90625,259576.28125,187784.890625,170661.53125,258620.421875,222381.546875,211880.734375,215545.375,162699.640625,175920.09375,182656.59375,173570.0,204437.046875,208281.515625,222705.828125,220032.21875,154651.75,197982.0,216471.4375,182529.96875,170788.8125,157461.046875,187288.328125,169581.546875,221927.625,214359.1875,199163.828125,180179.265625,126970.90625,126383.9375,202143.21875,190701.8125,218818.875,229833.34375,205186.4375,200789.96875,251213.421875,214731.234375,177385.453125,161565.53125,255620.859375,230892.03125,199812.65625,169384.0,273577.6875,219969.75,263533.03125,273652.9375,239765.25,229469.46875,252550.546875,244988.171875,215641.546875,197208.5625,224721.765625,223769.75,258974.625,221528.90625,195510.5625,189269.421875,248694.46875,232760.671875,216057.5,217830.3125,244717.09375,238473.78125,227618.109375,244043.171875,207151.859375,214961.375,243182.609375,243025.140625,227146.125,232045.25,213745.453125,201219.03125,229081.078125,199269.140625,237207.78125,231602.75,230878.5,224432.390625,205893.0625,212978.78125,208519.15625,225356.59375,196824.0,214403.34375,181935.03125,174762.65625,236608.0,243041.84375,233234.109375,254721.75,241416.328125,257167.4375,274660.71875,277464.75,256762.109375,262149.59375,250243.703125,262916.84375,213823.421875,208883.546875,185600.921875,184913.71875,217007.234375,212456.859375,215039.140625,207631.265625,190306.078125,200102.09375,213272.59375,192670.5625,202840.65625,213145.296875,207170.03125,224114.40625,238599.0625,248559.578125,206988.609375,235540.234375,238359.921875,239213.9375,252270.0,248681.1875,210600.46875,210495.875,226217.765625,221503.8125,151267.34375,176688.453125,186488.96875,199367.375,212138.21875,213378.4375,249941.890625,244989.328125,240411.421875,228621.25,243543.015625,237132.8125,238357.875,221706.40625,262431.46875,254607.4375,236663.953125,173631.46875,155297.6875,147329.03125,180673.578125,200689.15625,147964.390625,138406.453125,279741.46875,260342.90625,149188.1875,154887.890625,243762.796875,238169.203125,175402.421875,199257.078125,202052.734375,198265.90625,287052.0625,252652.484375,222367.53125,247550.921875,241774.578125,254055.859375,279704.59375,287775.15625,210847.90625,218663.484375
27,194382.25,189340.265625,176083.109375,184646.90625,166468.140625,161752.0625,152472.6875,160674.09375,188255.21875,167640.765625,216047.875,193588.765625,194492.921875,180769.546875,204646.65625,185770.640625,199572.515625,197906.953125,212183.34375,188724.484375,215848.3125,197791.015625,199232.65625,181326.265625,167561.578125,177766.484375,165106.34375,170744.46875,212673.515625,213570.484375,217727.734375,204353.109375,202023.859375,204523.484375,191630.375,175902.015625,226980.734375,239545.78125,229638.046875,234951.0,200996.609375,189599.71875,180038.0625,168705.671875,154798.546875,156940.3125,160786.875,152837.109375,168835.5,170186.515625,188192.359375,195105.796875,188589.671875,200726.796875,174041.203125,177188.625,161162.9375,184050.609375,140959.109375,142570.3125,223805.84375,236254.3125,214949.828125,218722.6875,194057.765625,190075.6875,179364.015625,178621.390625,189587.875,195816.875,243794.875,275094.0,258186.296875,259337.59375,187992.875,170764.84375,259466.34375,223072.796875,211987.5625,215606.953125,162861.53125,175958.90625,182815.21875,173856.609375,204523.78125,208558.984375,222487.75,219965.515625,154726.171875,198107.59375,216647.015625,182468.53125,170762.421875,157745.046875,187534.859375,169703.984375,222387.53125,214397.421875,199362.40625,180365.3125,127166.7265625,126466.9140625,202456.65625,190629.9375,219023.40625,229759.03125,205099.90625,200689.265625,251025.96875,215243.921875,177764.234375,162078.34375,255851.21875,231071.125,199652.9375,169512.984375,273048.4375,219467.1875,263981.53125,272867.0625,239507.390625,229720.546875,252807.375,245163.6875,215732.609375,197311.265625,224322.859375,223322.015625,258852.734375,221348.546875,195526.0625,189365.484375,248455.78125,232535.328125,216326.5,217750.859375,244947.015625,237883.703125,227812.8125,243749.28125,207225.46875,214708.625,243185.65625,243206.421875,227635.078125,232117.25,213985.171875,201222.734375,229349.78125,199312.828125,237028.65625,231502.546875,231029.203125,224601.546875,205844.59375,213002.328125,208558.015625,225370.78125,196792.703125,214398.8125,182120.40625,174957.203125,236383.796875,242423.578125,232595.65625,255393.125,240590.609375,256130.859375,274361.71875,277460.125,256468.59375,261324.9375,249986.3125,261694.640625,213662.75,208592.953125,185198.0,184780.828125,217048.078125,212273.390625,214817.515625,207558.375,190218.3125,199585.390625,212741.5,192322.171875,202842.140625,213245.921875,207128.265625,223956.375,238181.03125,248163.671875,206941.8125,235098.046875,238255.75,239065.390625,251759.0,248238.1875,210186.875,209846.96875,226191.15625,221642.6875,151009.546875,176520.75,186351.265625,199269.15625,211779.65625,212604.125,249502.890625,244381.15625,240148.03125,227651.359375,242966.296875,236838.453125,238358.09375,222177.78125,262616.21875,254361.765625,236630.140625,173815.921875,155476.125,146894.375,180660.640625,201188.859375,148075.515625,138272.984375,279638.5625,260220.203125,149043.046875,154680.515625,244527.546875,238912.484375,175582.125,199583.546875,202150.140625,198332.125,287098.65625,253910.96875,222486.203125,247693.59375,241926.78125,254433.046875,279918.0,288000.21875,211243.90625,218980.28125
28,193537.390625,188945.40625,175752.796875,184514.046875,166012.1875,161538.703125,152407.40625,160703.875,188092.078125,167559.921875,215475.640625,193352.3125,194163.734375,180094.125,204167.0,185534.40625,198889.9375,197776.8125,211743.75,188341.296875,215228.296875,197323.0,198718.328125,180949.28125,167191.3125,177669.859375,164277.28125,169915.3125,211999.515625,213487.71875,217310.546875,203897.859375,201467.421875,204393.484375,191703.5,175654.046875,226624.25,239221.640625,229178.03125,234867.546875,200638.84375,189328.34375,180137.203125,168676.28125,154880.46875,157213.140625,160730.546875,152622.984375,168947.453125,170841.625,188149.953125,194726.8125,188169.9375,200571.40625,173784.4375,177119.734375,160995.890625,183975.390625,140836.359375,142678.421875,223945.203125,236028.78125,214551.6875,218632.40625,193949.046875,189949.125,179199.578125,178681.234375,191117.9375,197643.125,243488.421875,275277.96875,258433.3125,259596.734375,187531.765625,170717.3125,262060.3125,224607.359375,212685.84375,216054.5,162544.625,176233.84375,183496.40625,174763.984375,204467.671875,208863.90625,222621.578125,220087.03125,154780.15625,198152.078125,216346.515625,182572.140625,171188.875,158755.671875,187684.03125,169843.015625,222072.046875,214563.953125,199291.625,180546.5,127326.5,126731.0,203130.140625,191274.96875,218956.03125,229551.71875,205050.671875,200796.578125,251751.21875,215296.3125,178054.40625,162649.203125,256272.71875,231940.90625,201019.203125,169203.234375,274007.28125,219602.453125,264290.59375,273070.375,239296.25,229779.75,252822.0,245260.640625,216247.90625,197353.734375,224207.1875,223190.921875,258709.265625,221065.828125,195641.796875,189281.09375,248497.65625,232302.875,216229.640625,217696.59375,244916.140625,237123.0625,227731.625,243856.0,207134.921875,214792.515625,242919.65625,243118.9375,227439.0625,232354.46875,214063.796875,201315.96875,229334.3125,199202.671875,236801.03125,231484.6875,230852.0,224776.828125,205499.84375,212837.46875,208338.90625,225370.296875,196700.328125,214384.0,182117.140625,174879.0,236423.65625,242082.40625,233114.203125,256593.875,239995.765625,255364.90625,275729.15625,279194.46875,256305.9375,261179.65625,249685.75,260625.84375,213529.828125,208570.484375,184943.0,184620.375,216716.140625,211983.828125,215263.171875,208321.90625,189831.5625,199140.234375,212357.234375,192295.046875,202565.40625,213208.125,207167.75,223904.890625,236856.375,247232.140625,206121.015625,235026.328125,237678.53125,238513.265625,251253.484375,247954.171875,209864.578125,209358.84375,225917.640625,221452.34375,150675.484375,176400.109375,186284.515625,199067.046875,211170.8125,211816.78125,248984.109375,243834.25,242450.8125,228410.09375,242626.234375,237157.296875,239674.0,223458.78125,263989.78125,255391.359375,236671.1875,173848.421875,155707.734375,146785.03125,180643.03125,201682.828125,148083.0625,138196.6875,279690.71875,259942.9375,149092.953125,154794.578125,244199.921875,238392.28125,175854.5,199607.265625,201843.78125,198098.15625,286227.5625,253780.625,222271.0625,247784.71875,242342.46875,255262.640625,279953.84375,287655.78125,211073.0625,218634.609375
29,192937.859375,188862.46875,175408.515625,184675.171875,165410.71875,161191.03125,152446.28125,160964.3125,188123.796875,167677.0625,215215.6875,193296.40625,193645.96875,179866.578125,203623.0625,185433.0625,198244.71875,197845.140625,210940.5625,188064.953125,214300.578125,197128.53125,198063.609375,180669.78125,166802.234375,177899.828125,163947.953125,169886.453125,210978.09375,213656.6875,216621.78125,203928.0,200790.8125,204391.90625,191498.171875,175686.875,226523.171875,239813.328125,228490.109375,235561.0,200446.5,189599.078125,180740.15625,169107.140625,155090.890625,157768.046875,160819.875,152760.109375,169130.96875,171060.78125,188537.78125,195399.859375,188096.390625,200373.359375,173723.96875,177386.5625,160822.109375,183997.734375,140621.484375,142744.6875,223867.484375,236475.640625,213890.859375,219058.421875,193773.0625,189969.484375,179079.625,178509.046875,191342.0625,198133.25,243515.625,275764.28125,258685.359375,260134.0625,187597.1875,171040.734375,261511.890625,224782.078125,212880.15625,216496.953125,162429.15625,176814.015625,183687.265625,175321.0625,204224.765625,209472.796875,223023.484375,220674.0625,154503.75,197901.109375,215854.203125,182550.734375,171457.921875,159311.359375,187556.03125,169958.296875,221402.9375,214749.0625,199063.8125,180621.265625,127161.7421875,126782.5234375,203305.40625,191698.5625,218784.34375,229297.75,204896.84375,200863.5625,252288.8125,214199.609375,177366.078125,161498.5625,255981.9375,231634.625,201224.203125,168153.359375,275438.90625,219714.3125,263027.90625,272912.875,239588.28125,230192.65625,252606.765625,245567.46875,217074.890625,197538.015625,224227.921875,223382.96875,258487.453125,221003.84375,195794.234375,189271.21875,248695.625,232264.890625,215699.03125,217648.765625,244476.625,237260.125,227469.28125,243972.015625,207058.46875,215253.390625,242619.765625,243508.140625,227326.3125,232743.921875,213829.171875,201508.765625,229204.796875,199285.0,236565.71875,231528.15625,230367.546875,224773.28125,205253.609375,212759.09375,208312.3125,225767.984375,196590.046875,214421.0625,181930.453125,174771.484375,236479.609375,242665.984375,233732.921875,255768.84375,240377.296875,256367.125,275964.65625,279355.96875,256470.859375,261736.328125,249757.75,261557.78125,213605.40625,208850.09375,185207.71875,184767.65625,216774.328125,211914.109375,215670.765625,208671.671875,189940.0,199449.09375,212605.671875,192770.71875,202570.4375,213385.703125,207064.65625,223836.890625,236618.140625,247230.78125,205813.859375,235126.828125,237143.296875,238279.296875,251156.53125,248059.046875,209783.578125,209231.5625,225644.375,221195.84375,150521.84375,176033.46875,186231.90625,198593.484375,211415.40625,212017.609375,249044.0625,243465.671875,242620.8125,229744.171875,242552.09375,237566.65625,239573.46875,223619.890625,264199.71875,255820.078125,236777.8125,173955.484375,155562.5625,147445.828125,180727.375,201554.78125,147907.703125,138424.390625,279668.0,260021.671875,148936.84375,155093.984375,243756.078125,237787.34375,175710.234375,199423.015625,201578.875,197946.90625,285339.375,252812.890625,222025.84375,247943.984375,242554.46875,255562.53125,279659.6875,287443.03125,210560.84375,218227.796875
30,193010.609375,188856.953125,175112.453125,184824.546875,164802.125,160919.71875,152639.953125,161227.328125,188256.515625,167796.125,215161.015625,193261.5,193374.859375,180093.015625,203510.484375,185689.296875,198139.28125,197891.65625,210453.5,188030.734375,214229.140625,197316.875,197816.6875,180604.796875,166841.328125,178191.84375,164244.078125,170484.0,210571.890625,213745.453125,216465.859375,204203.609375,200532.09375,204488.546875,191257.15625,175724.421875,226708.59375,240336.734375,228563.296875,236124.921875,200382.703125,189718.8125,181165.921875,169517.875,155438.140625,158280.65625,160727.859375,152824.96875,169266.59375,170701.421875,188799.8125,196081.640625,188265.15625,200314.328125,173889.859375,177642.984375,160873.765625,184110.0,140764.4375,142797.875,224185.109375,237081.921875,213919.515625,219402.5,193710.40625,190061.78125,179256.1875,178474.734375,191527.75,198219.1875,243799.296875,275364.0625,258205.546875,259964.703125,188009.453125,171382.265625,259639.421875,224069.25,212566.703125,216502.9375,162212.703125,176934.1875,183495.21875,175413.921875,203977.15625,209768.609375,223095.359375,220848.484375,154176.734375,197615.046875,215910.28125,182694.234375,171632.921875,159510.4375,187313.859375,169994.03125,221610.515625,215072.453125,198674.859375,180843.75,127009.4609375,126979.6328125,203089.953125,191764.453125,218977.59375,229595.671875,205001.296875,201181.75,252416.0,213593.9375,176993.84375,160766.265625,255621.140625,231035.34375,200947.84375,167851.453125,276127.4375,219894.40625,262309.71875,272002.625,239842.4375,230215.21875,252510.15625,245834.78125,217469.453125,197877.4375,224376.890625,223744.515625,258378.828125,221109.75,195837.5,189427.390625,248793.671875,232511.921875,215770.40625,217768.703125,244156.234375,238218.71875,227314.734375,244005.40625,206961.625,215547.484375,241989.90625,243958.984375,227638.953125,233000.78125,213738.59375,201814.1875,229098.796875,199508.375,236360.34375,231476.640625,229620.25,224257.5625,205257.0625,212851.375,208553.890625,226118.453125,196504.671875,214482.3125,181924.234375,174878.8125,236110.375,242659.46875,233177.875,253370.4375,240843.9375,257129.90625,274083.84375,276858.875,256906.0625,261107.84375,249762.484375,261857.34375,213194.59375,208654.828125,185222.1875,184874.28125,216994.828125,211945.609375,215107.546875,207994.625,190114.578125,199538.65625,212686.609375,192873.921875,202674.296875,213411.296875,207125.921875,223972.234375,237315.28125,247766.765625,206300.75,235391.15625,237064.1875,238394.4375,251145.609375,247996.8125,209771.109375,209391.015625,225621.515625,221442.234375,150661.65625,175814.359375,186197.484375,198475.953125,212100.8125,213053.25,249566.71875,243655.03125,242736.6875,229743.578125,242444.734375,237650.1875,238768.0,223403.890625,263014.5625,255349.171875,236709.65625,173859.078125,155386.0,147918.109375,180707.640625,200894.59375,147837.046875,138486.359375,279463.46875,260253.546875,148913.96875,155155.140625,243528.203125,237969.765625,175261.0,199146.546875,201407.96875,198003.328125,285105.5,252117.375,221893.40625,247824.28125,242246.109375,254902.953125,278978.96875,287332.25,210101.859375,218322.828125
31,193178.4375,188704.765625,174739.96875,184790.28125,164433.796875,161043.421875,152719.65625,161274.265625,188396.328125,167855.21875,214925.640625,193116.828125,193153.0,180192.9375,203538.03125,185868.859375,198241.25,197940.15625,210523.140625,188156.078125,214658.546875,197656.5,197922.140625,180862.28125,167162.59375,178279.609375,164112.28125,170755.34375,210739.734375,213788.765625,216648.921875,204261.703125,200249.328125,204318.5625,191136.609375,175794.421875,226512.609375,239786.359375,228652.15625,235596.1875,199762.703125,189220.84375,180947.75,169637.4375,155395.390625,158401.1875,160050.578125,152361.015625,168979.84375,170610.921875,188347.1875,195814.53125,188407.71875,200473.375,174077.4375,177645.203125,161025.8125,184171.859375,141065.140625,142927.53125,224521.78125,236418.578125,214294.3125,219424.78125,193812.4375,190128.546875,179506.328125,178742.21875,191900.71875,198674.65625,243560.0625,274869.40625,257820.25,259295.109375,187808.25,171293.234375,260562.015625,224189.484375,212670.03125,216315.515625,161735.984375,176353.5,183529.734375,175268.3125,203696.375,209393.09375,222768.09375,220265.5625,154508.53125,197823.296875,216185.296875,183127.5,171668.578125,159688.34375,187195.390625,170164.53125,222323.53125,215432.390625,198248.4375,181059.234375,127052.0,127336.4609375,202987.484375,191745.703125,219158.734375,229974.375,205322.28125,201325.5625,252221.75,214423.140625,177500.15625,161754.09375,255848.359375,231557.09375,201627.9375,168350.546875,275399.28125,219673.59375,263314.46875,272790.5,239428.171875,229626.46875,252536.734375,245451.609375,217122.9375,197880.734375,224580.328125,224126.03125,258751.78125,221214.140625,195780.640625,189457.484375,248995.421875,232775.3125,216087.140625,218025.0625,244357.046875,238798.390625,227654.859375,244547.53125,206903.25,215671.90625,241148.640625,243508.078125,227717.28125,233104.203125,213805.9375,201833.265625,229039.234375,199564.9375,236290.5,231384.984375,229154.234375,223821.796875,205446.34375,212989.546875,208678.34375,225947.578125,196631.265625,214671.390625,182139.46875,175098.234375,235915.109375,241640.78125,232445.625,253324.234375,240575.46875,256284.8125,273354.28125,276159.0,256892.6875,259862.8125,249400.125,260252.796875,212688.265625,208342.484375,185023.640625,184584.390625,216645.921875,211930.1875,214338.25,207524.53125,189983.703125,199475.484375,212473.65625,192579.34375,202155.625,212971.796875,207316.921875,224189.515625,237499.703125,247786.6875,206639.890625,235548.09375,237612.78125,238580.9375,250936.890625,247732.8125,209879.765625,209775.96875,225856.3125,221854.609375,151046.078125,176002.65625,186348.09375,198909.453125,212130.046875,213390.921875,249815.71875,244291.6875,244705.625,228771.0,242222.265625,237615.609375,239525.3125,224012.65625,262957.0625,255396.5,236689.453125,173446.25,155511.34375,147433.40625,180508.578125,200840.671875,147913.609375,138188.265625,279227.625,259846.65625,149169.75,154814.578125,243777.28125,237969.90625,175035.4375,199267.25,201256.25,197815.375,285242.28125,253036.984375,221752.484375,247219.15625,241252.75,253820.59375,278417.28125,286587.15625,210435.34375,218582.953125
32,193310.828125,188700.765625,174590.59375,184887.078125,164766.515625,161449.234375,152608.90625,161143.625,188376.75,167873.71875,214864.6875,193094.875,193022.5625,180324.046875,203664.3125,185965.484375,198301.6875,198209.453125,211053.4375,188579.078125,214954.234375,198163.3125,198128.046875,181315.65625,167258.765625,178240.59375,164132.359375,171026.796875,210937.703125,214002.40625,216760.484375,204448.828125,200444.859375,204280.234375,191159.046875,176183.046875,226548.765625,239517.828125,228509.53125,235661.3125,199362.0625,188978.53125,180268.78125,169459.609375,155011.59375,157912.296875,159543.09375,152043.359375,168635.9375,170721.109375,187940.34375,195624.03125,188598.65625,200732.609375,174122.671875,177593.140625,161159.984375,184150.890625,141067.625,142925.96875,224738.46875,236293.484375,214455.5625,219701.921875,193791.796875,190139.984375,179399.515625,178783.5,190830.328125,197553.234375,243810.578125,275581.8125,258685.171875,259429.671875,187777.875,171218.71875,261002.359375,224106.265625,212789.953125,216158.9375,161706.46875,175765.859375,182985.953125,174611.84375,203317.234375,209150.984375,222541.109375,219772.484375,154627.28125,198507.28125,216629.296875,183906.546875,170995.578125,159281.0,186933.375,170481.84375,222685.5625,215697.4375,198039.09375,181201.5625,126794.875,127352.5859375,202585.90625,191732.78125,219358.5625,229985.109375,205270.734375,201128.015625,251251.34375,215313.734375,177429.359375,161933.140625,256209.46875,231908.21875,201288.90625,168572.265625,274225.03125,219370.234375,264036.15625,274920.875,239225.40625,229630.21875,252445.84375,245284.53125,216335.046875,197454.640625,224677.6875,224324.34375,259263.9375,221413.0,195601.828125,189210.953125,249223.546875,232963.28125,215963.875,218171.140625,244465.6875,238695.78125,228167.84375,245333.96875,206631.5625,215508.09375,240730.21875,242955.390625,227726.125,233271.5625,213408.1875,201655.359375,228810.8125,199448.078125,236365.046875,231439.8125,229164.015625,223784.34375,205539.984375,213068.90625,208803.046875,225974.296875,196741.734375,214923.1875,182185.828125,175211.546875,236277.546875,241759.828125,232861.640625,254820.25,240836.828125,256242.1875,274702.3125,278088.8125,256885.515625,260513.203125,249777.140625,260596.265625,212700.90625,208232.71875,185224.578125,184527.078125,216458.78125,212102.890625,214133.921875,207594.28125,190159.90625,199942.0625,212642.09375,192559.46875,202005.28125,212916.625,207336.390625,224304.828125,237188.421875,247428.296875,206655.765625,235577.59375,238138.984375,238994.125,251010.515625,247923.59375,210540.53125,210443.140625,226106.34375,222317.0,151674.828125,176551.078125,186825.96875,199699.890625,211621.328125,213287.03125,249944.9375,245002.8125,243653.46875,228529.453125,242659.34375,237576.46875,240130.765625,223981.921875,263524.125,255547.765625,236544.03125,172913.46875,155681.390625,146845.6875,180344.875,200667.84375,147854.96875,137681.5625,279143.96875,259312.9375,149275.03125,154405.5625,244090.40625,237479.21875,175307.4375,199641.625,201247.125,197439.609375,285568.21875,253642.875,221623.46875,247093.265625,240583.75,253401.28125,278353.09375,286318.4375,210934.3125,218368.078125
33,193390.015625,188744.40625,174723.9375,184883.15625,165158.4375,161510.0625,152499.1875,160917.078125,188108.71875,167637.453125,214891.078125,193100.796875,193043.796875,180325.03125,203762.0625,185923.390625,198213.9375,198311.34375,211379.359375,188753.765625,214880.53125,198404.90625,198202.734375,181332.453125,166974.4375,178107.875,164581.078125,171477.5625,210872.625,213982.84375,216717.515625,204526.984375,200669.46875,204459.453125,191064.828125,176099.109375,226931.40625,240011.5,228430.890625,236327.296875,199945.53125,189355.046875,179868.328125,168980.9375,154864.015625,157343.40625,160058.359375,152142.875,168712.390625,170327.9375,188138.546875,195794.078125,188486.390625,200627.734375,173923.28125,177437.984375,161106.0625,184019.46875,140877.421875,142725.234375,224572.265625,237380.6875,214134.578125,219720.0,193613.34375,189953.21875,179046.0,178421.734375,189657.671875,196359.359375,244061.15625,275872.625,258804.640625,259649.71875,187957.03125,171176.15625,258255.6875,223128.9375,212219.59375,215939.046875,161866.640625,175651.125,182418.5,174099.046875,203405.375,209254.0625,222555.515625,219854.765625,154183.8125,198935.09375,216981.203125,184271.984375,170723.296875,158990.78125,186747.015625,170518.34375,222512.40625,215746.953125,198122.90625,181151.5625,126527.5,127136.046875,202523.84375,191974.71875,219666.890625,230268.28125,205237.59375,201357.125,250978.5625,215292.6875,177149.609375,161183.21875,256444.9375,231608.640625,200690.59375,168886.0,274303.9375,219968.796875,263619.4375,274263.78125,239416.046875,230020.65625,252332.375,245597.5,215963.765625,197347.578125,224617.75,224500.875,259243.453125,221642.5625,195421.859375,189112.09375,249113.09375,233241.078125,215906.734375,218121.3125,244199.9375,238564.1875,228043.4375,245312.84375,206261.921875,215104.578125,240975.71875,243052.09375,227671.3125,233067.65625,213123.828125,201841.65625,228552.078125,199252.390625,236444.109375,231567.984375,229309.640625,223823.640625,205372.09375,212948.25,208865.453125,226121.921875,196695.5,214957.546875,182008.71875,175098.359375,236184.296875,242363.875,232902.984375,253570.78125,241522.453125,257159.453125,274065.5625,277496.21875,257090.828125,261470.78125,250350.03125,262449.09375,212955.734375,208077.9375,185361.203125,184793.3125,216723.609375,212175.328125,214124.390625,207453.46875,190229.859375,199916.25,212703.421875,192487.4375,202749.78125,213308.0625,207397.53125,224601.21875,236989.984375,247329.46875,206587.890625,235756.484375,237922.40625,239213.3125,251189.46875,248265.59375,211068.546875,211011.4375,226186.0625,222738.328125,152051.15625,177160.109375,187219.421875,200456.5625,211419.453125,213681.46875,250127.6875,245516.25,239816.421875,228736.0,243462.0,237377.96875,239465.390625,223023.546875,263363.0625,255232.484375,236191.515625,172721.609375,155637.765625,146897.859375,180282.140625,200043.40625,147738.859375,137432.796875,279214.96875,259317.734375,149152.4375,154353.515625,242794.25,237267.234375,175659.203125,199396.796875,201357.90625,197562.421875,285537.75,251664.53125,221629.375,247498.03125,241398.3125,253902.375,278794.03125,286817.09375,210538.109375,217879.484375
34,193293.953125,188622.3125,174899.125,184522.0625,164978.5625,161244.078125,152370.453125,160625.671875,187837.46875,167266.0,214946.640625,193066.640625,193180.46875,180042.171875,203648.15625,185586.609375,198216.546875,198061.109375,211161.5625,188400.609375,214670.140625,198152.0625,198199.578125,180983.6875,166807.875,177840.53125,164459.375,171542.5,211019.203125,213748.203125,216787.453125,204296.25,200383.84375,204411.140625,191047.828125,175653.609375,226883.421875,240023.96875,228331.203125,235711.765625,200478.75,189727.296875,180095.03125,168813.359375,154984.578125,157359.390625,160515.484375,152252.984375,169032.609375,170096.71875,188359.796875,195777.5625,188058.71875,200328.3125,173613.90625,177098.609375,160810.359375,183877.1875,140757.515625,142590.96875,223906.28125,237045.765625,213828.015625,218998.09375,193655.859375,189803.796875,178956.8125,178231.90625,190213.25,197482.171875,243727.828125,275424.75,258074.21875,259422.484375,187880.75,171046.5,257502.828125,223009.078125,212002.265625,215908.234375,161805.46875,175949.09375,182759.515625,174333.703125,203876.140625,209179.859375,222619.890625,220166.40625,154111.25,198707.21875,216647.46875,183653.625,171379.78125,159289.921875,186828.734375,170162.71875,222091.0,215583.3125,198523.6875,180851.078125,126827.5234375,126969.8515625,203131.125,191931.890625,219356.390625,230475.390625,205378.5,201674.28125,252038.421875,214744.046875,177554.25,161248.0,256471.5625,231661.21875,201502.40625,168886.359375,274831.9375,220397.59375,263475.25,272343.84375,239443.640625,230052.03125,252574.765625,245547.28125,216075.84375,197581.25,224243.15625,224616.140625,258829.40625,221633.328125,195399.796875,189226.3125,248727.75,233372.078125,216134.328125,217934.140625,244234.34375,238681.8125,227629.4375,244742.578125,206631.9375,215270.5625,241581.765625,243175.5625,227481.078125,232496.4375,213366.03125,201728.671875,228735.953125,199149.25,236490.90625,231547.921875,229488.25,223931.921875,205317.484375,212844.484375,208571.703125,225761.828125,196722.046875,214799.59375,181842.859375,174825.34375,236066.453125,242214.765625,232233.84375,252827.703125,241229.515625,256931.90625,272731.625,275884.375,256935.375,261321.375,249863.046875,262072.5,213186.890625,208373.90625,185332.625,184912.578125,216751.1875,212051.640625,214360.953125,207522.4375,189833.78125,199344.46875,212576.609375,192376.140625,203270.71875,213496.09375,207631.015625,224705.796875,237151.296875,247447.984375,206428.5625,235527.15625,237467.421875,238782.09375,251187.359375,248077.8125,210676.453125,210800.390625,226144.59375,222491.078125,151626.53125,177144.78125,187014.265625,200451.46875,211677.953125,213764.828125,249914.5,245401.71875,240022.421875,228623.046875,243349.796875,237262.609375,239199.0,222962.875,262914.75,255151.734375,236354.5625,173257.421875,155417.09375,147083.765625,180405.9375,200286.3125,147667.21875,137607.828125,279242.34375,259451.671875,148965.890625,154426.640625,241746.65625,237290.234375,175450.890625,199041.28125,201295.359375,197939.90625,285199.125,250576.015625,221574.328125,247531.21875,241922.03125,254254.140625,279053.5625,286988.5,210140.40625,217738.875
35,193253.375,188588.328125,175159.65625,184219.5,164640.875,161036.78125,152356.015625,160476.34375,187880.578125,167286.21875,215289.125,193167.453125,193222.984375,179743.578125,203534.578125,185339.75,198516.515625,197871.515625,210772.484375,187921.875,214738.28125,197646.5625,198329.765625,180685.203125,167118.75,177694.21875,163763.03125,170725.0625,211511.28125,213777.296875,217157.421875,204182.265625,200481.296875,204135.6875,191579.453125,175711.0625,226935.3125,239871.1875,228661.03125,234838.296875,200391.84375,189805.484375,180581.953125,169387.140625,155160.65625,157911.421875,160309.828125,152391.8125,169556.1875,170960.453125,188526.671875,195957.25,187957.40625,200391.34375,173571.640625,176949.234375,160698.296875,183855.0,140758.171875,142713.640625,223954.78125,236110.578125,214100.234375,218521.5,193959.265625,189952.640625,179260.078125,178482.71875,191194.15625,198879.234375,243826.171875,276254.40625,259054.078125,260193.828125,188055.71875,171310.640625,260326.546875,224031.15625,212640.328125,216271.390625,161967.625,176346.671875,183259.5625,174918.296875,203900.09375,208900.25,222786.328125,220478.6875,154125.609375,198188.4375,216123.15625,182914.765625,171780.53125,159500.6875,186791.5,169970.09375,221591.734375,215354.453125,199111.3125,180571.671875,127221.7421875,126901.6796875,203319.21875,191778.171875,218559.515625,229969.203125,205135.140625,201383.796875,252771.0,214511.890625,177692.484375,161941.984375,256290.0625,231951.78125,201961.640625,168490.578125,274735.65625,220370.1875,263663.25,273465.34375,239707.828125,230205.421875,252796.875,245655.3125,216092.609375,197534.765625,223911.640625,224221.46875,258548.59375,221374.546875,195571.953125,189328.28125,248462.953125,233015.390625,216112.609375,217590.609375,244621.671875,238712.15625,227560.8125,244368.796875,207392.703125,215836.625,241985.765625,243152.171875,227403.609375,232297.734375,213375.96875,201039.671875,229143.28125,199244.421875,236466.84375,231323.875,229437.4375,223797.5,205517.65625,212971.171875,208267.609375,225641.9375,196803.203125,214634.109375,181891.3125,174729.578125,236977.390625,242912.6875,232718.828125,255596.703125,241017.828125,256799.59375,274757.9375,277906.25,257171.171875,262200.03125,249846.21875,261721.5625,213142.546875,208792.34375,185433.375,185004.46875,216524.921875,212134.890625,214767.515625,207997.484375,189785.734375,199355.96875,212744.703125,192577.671875,203381.703125,213571.578125,207653.28125,224084.6875,237413.75,247368.09375,206155.171875,234978.671875,237486.984375,238388.671875,251369.359375,247788.15625,209987.546875,209994.765625,225840.015625,221631.671875,150763.96875,176387.4375,186417.265625,199574.1875,211664.796875,213273.734375,249380.6875,244621.375,243699.671875,229130.53125,242931.609375,237438.265625,239690.75,223726.46875,263012.0,255567.328125,236887.21875,174022.375,155302.390625,147052.328125,180901.0,201134.03125,147633.765625,137861.03125,279232.125,259531.09375,149022.78125,154510.40625,243063.375,237544.3125,175121.65625,199294.765625,201154.28125,197827.5625,285598.21875,252366.328125,221486.390625,247328.21875,241432.140625,253965.71875,278684.90625,286981.46875,210448.359375,217982.484375
36,193572.0,188799.828125,175377.09375,184201.40625,164681.828125,160989.0625,152544.5625,160601.390625,188174.453125,167606.328125,215495.875,193195.296875,193032.4375,179619.484375,203584.734375,185380.625,198917.53125,197889.375,210594.484375,187725.234375,215032.96875,197341.375,198621.984375,180656.59375,167534.59375,177874.359375,163275.21875,170012.375,211870.4375,213844.203125,217436.28125,204266.59375,200931.09375,203971.609375,192104.84375,175794.875,227309.9375,240084.453125,229367.296875,235321.109375,200250.625,189738.03125,180694.59375,169907.578125,155209.40625,158222.734375,160345.4375,152475.953125,169645.609375,171431.453125,188745.3125,196284.6875,188199.9375,200638.4375,173901.484375,177162.296875,160914.9375,183967.921875,140913.734375,142900.78125,224514.1875,236515.953125,214574.859375,218851.234375,194153.0,190063.640625,179522.890625,178744.796875,191061.125,198712.234375,243890.53125,277488.96875,260229.15625,261201.5625,188156.578125,171658.703125,261152.265625,224502.640625,212802.65625,216523.953125,162198.9375,176259.625,183449.1875,175341.890625,203635.109375,208557.9375,222818.9375,220487.640625,153963.625,197991.609375,216090.765625,182577.390625,171746.859375,159487.703125,186723.28125,170104.15625,221337.15625,215075.96875,199399.15625,180404.515625,127211.7421875,126940.7421875,203181.875,192093.0,218399.9375,229491.953125,204956.578125,200928.171875,252772.609375,214918.640625,177552.734375,162388.890625,256420.5625,231939.84375,201581.8125,168943.0,274658.4375,220703.328125,263456.875,275093.3125,239955.671875,230374.75,252473.234375,246145.78125,216260.875,197344.5,224180.25,223718.78125,258775.90625,221275.59375,195837.109375,189494.765625,248705.921875,232657.046875,215949.8125,217300.96875,244942.25,238427.328125,227822.046875,244430.171875,207552.78125,215813.859375,241939.359375,243184.875,227286.4375,232528.984375,213201.171875,200758.0,229298.140625,199299.484375,236274.109375,231053.015625,229238.0625,223436.625,205571.875,213053.9375,208214.265625,225940.78125,196851.796875,214613.46875,182085.625,174884.8125,237560.125,244067.765625,233607.546875,257245.359375,241651.6875,257679.90625,276872.34375,280032.34375,257869.96875,263416.84375,250826.6875,263154.90625,212872.171875,208507.375,185365.875,184966.640625,216302.703125,212178.984375,214522.1875,207758.53125,190098.65625,199704.171875,212797.3125,192657.84375,203415.390625,213459.453125,207381.515625,223594.171875,237120.203125,247125.609375,205911.90625,234466.84375,237744.828125,238496.25,251266.0,247554.421875,209690.71875,209436.328125,225473.59375,221068.484375,150375.078125,175773.6875,186153.859375,198766.484375,211188.734375,212741.90625,249183.53125,244040.765625,243863.171875,229842.359375,242916.765625,237401.734375,240030.5,223758.15625,263843.0625,255813.515625,237083.984375,174290.46875,155383.703125,147041.90625,181352.09375,201757.890625,147851.5625,138108.59375,279258.21875,259564.125,149377.78125,154704.015625,244182.734375,237992.984375,175309.578125,199450.453125,201400.03125,197503.765625,285843.09375,253518.96875,221631.953125,247265.234375,241501.75,253617.625,278351.6875,286726.0,210697.8125,218252.15625
37,193833.890625,188754.046875,175406.234375,184130.234375,165320.1875,161057.859375,152528.484375,160616.28125,188181.46875,167543.703125,215379.390625,192955.421875,193165.421875,179920.421875,203705.3125,185277.921875,199256.109375,197910.453125,210824.75,187998.09375,215226.875,197666.796875,198809.171875,180937.703125,167561.09375,177898.265625,163499.0,171271.921875,212062.5625,213640.234375,217424.734375,204433.515625,201323.578125,204117.359375,192016.09375,175836.625,227349.1875,239939.046875,229710.046875,235874.546875,200409.1875,189744.078125,180661.765625,169932.546875,155140.03125,158051.1875,160637.90625,152471.328125,169292.5625,170789.4375,188777.4375,196422.1875,188278.75,200655.296875,174068.328125,177239.234375,160987.34375,184030.640625,141087.0,142844.671875,224283.84375,236750.453125,214874.375,219284.6875,194058.890625,189940.90625,179450.21875,178599.53125,190665.203125,198111.96875,243330.734375,277047.4375,259559.71875,260690.015625,187809.1875,171498.140625,259972.15625,224235.71875,212451.90625,216358.3125,162211.640625,175840.0625,183465.6875,175265.390625,203600.203125,208246.71875,222587.234375,219935.9375,154300.46875,198316.59375,216429.140625,182470.734375,171739.28125,159284.84375,187044.21875,170049.078125,221927.046875,214766.359375,199224.390625,180444.359375,127092.875,126935.40625,203331.59375,192050.046875,219017.625,229637.015625,205264.359375,200818.203125,252548.59375,215297.640625,177823.34375,162128.53125,256862.5625,231558.578125,201312.515625,169730.140625,274956.0625,220892.828125,263739.3125,274040.125,239597.3125,230041.953125,252107.640625,246135.96875,216472.546875,197325.546875,224750.78125,223701.640625,259315.25,221491.625,195819.5625,189459.765625,249244.921875,232800.40625,216156.65625,217404.984375,245217.140625,238055.078125,228170.640625,244873.796875,207462.984375,215324.1875,241917.203125,243107.8125,227234.953125,232810.65625,213113.78125,200761.0625,229121.859375,199217.375,236173.265625,230903.640625,229524.0625,223525.125,205421.8125,212938.78125,208225.640625,225670.546875,196739.296875,214660.203125,182059.65625,174903.765625,236958.609375,243734.375,233626.609375,256471.78125,241794.015625,257626.078125,276377.71875,279223.125,257822.28125,262686.46875,250965.140625,263088.96875,212923.25,208232.890625,185271.703125,184641.015625,216289.59375,211895.125,213975.375,206923.5625,189902.453125,199510.296875,212562.625,192562.375,203277.21875,213143.625,207254.90625,223929.875,236540.578125,246911.03125,206069.484375,233989.5,237779.1875,238721.203125,250783.609375,247122.5,209962.5,209494.765625,225636.71875,221261.8125,150818.46875,175933.296875,186436.46875,198850.015625,210945.375,212278.1875,249576.5,244253.859375,241834.71875,229416.546875,242949.59375,237253.15625,239664.359375,223216.3125,263912.78125,255523.359375,237057.5625,174147.328125,155505.84375,147145.21875,181299.75,201816.734375,148200.515625,138478.796875,279364.71875,259557.125,149497.484375,154709.953125,243996.765625,238102.28125,175564.09375,199338.703125,201779.25,197600.703125,285374.28125,253179.1875,221810.5,247377.84375,241642.609375,253618.28125,278444.28125,286488.3125,210673.234375,218355.484375
38,193504.359375,188351.0,175484.03125,183931.140625,165993.5,161025.921875,152410.59375,160484.609375,187975.5625,167289.078125,215192.984375,192760.5,193704.53125,180365.625,203775.296875,184993.171875,199218.109375,197767.109375,211164.25,188181.359375,215072.15625,197929.890625,198688.890625,180987.15625,167309.015625,177544.234375,164115.0,172777.0625,211934.046875,213496.78125,217323.375,204358.78125,201618.953125,204292.65625,191680.984375,176159.4375,227056.21875,239437.859375,229466.46875,235330.578125,200659.578125,189756.890625,181036.21875,169824.484375,155228.4375,157943.921875,160783.796875,152571.25,169454.125,170798.09375,188655.34375,196286.4375,188235.328125,200608.328125,173903.734375,177098.453125,160880.21875,183935.984375,141106.828125,142698.71875,223839.671875,236198.90625,214870.9375,219403.5,193910.453125,189914.46875,179358.375,178402.90625,191077.15625,197852.703125,242867.890625,275693.09375,258520.015625,259619.15625,187475.015625,171144.5625,260624.3125,224079.0625,212578.375,216130.109375,162247.4375,175893.265625,183341.125,174905.53125,203619.828125,208150.84375,222726.40625,219530.96875,154762.484375,198763.5625,216591.65625,182837.234375,171748.578125,159246.421875,187530.203125,169933.390625,222645.9375,214622.25,198957.25,180755.3125,127132.4765625,126971.6796875,203369.546875,191830.359375,219518.984375,230001.421875,205497.5,201170.5625,252274.609375,215225.875,178073.03125,162044.859375,256843.75,231351.90625,201284.3125,169390.5625,275006.90625,220476.84375,264466.5,272644.125,239062.359375,229700.21875,252040.8125,245734.890625,216357.21875,197465.0625,225281.640625,223875.15625,259488.453125,221709.15625,195607.1875,189205.65625,249459.25,233091.515625,216548.328125,217718.015625,245321.25,237840.4375,228218.890625,245178.328125,207481.046875,215010.21875,242195.078125,242799.390625,227305.203125,232984.0,212918.828125,200466.6875,228853.0625,199188.875,236231.046875,230794.953125,229861.6875,223647.8125,205424.09375,212857.703125,208294.734375,225182.15625,196537.59375,214610.25,181970.953125,174856.28125,236257.953125,242490.203125,233510.59375,255669.15625,241036.859375,256393.90625,275884.5625,278340.375,257155.515625,261427.0,250111.734375,261437.046875,212984.484375,208137.953125,185204.21875,184428.0625,216496.984375,211666.578125,214020.109375,206358.515625,189378.984375,198983.484375,212205.609375,192313.671875,203031.140625,213160.296875,207455.765625,224252.828125,236416.203125,246595.46875,206496.59375,234417.0625,237730.28125,238755.625,250697.625,246964.125,210671.34375,210005.453125,226045.8125,221643.515625,151491.5,176529.75,186718.640625,199342.34375,211173.796875,212312.96875,250173.3125,244767.40625,242655.46875,228667.453125,243066.546875,237512.796875,239273.28125,223154.4375,263246.65625,255351.40625,236889.859375,173990.515625,155635.859375,147239.515625,181056.15625,201242.9375,148287.3125,138686.375,279692.1875,259707.625,149389.171875,154655.296875,243799.171875,237953.578125,175424.78125,199326.953125,201742.59375,197912.234375,285619.9375,253014.453125,221941.109375,247590.90625,241431.03125,253913.859375,278952.9375,287280.65625,210571.65625,218353.59375
39,193108.0625,188239.609375,175476.890625,183838.953125,165578.515625,160676.6875,152628.015625,160722.15625,188175.40625,167563.5625,214909.21875,192751.640625,193728.578125,180247.28125,203706.875,184913.078125,198728.40625,197541.171875,210995.5625,187777.09375,214590.0,197278.671875,198514.671875,180486.78125,167236.953125,177441.78125,164320.453125,171850.96875,211222.546875,213527.453125,217001.984375,203777.921875,201210.4375,204144.34375,191284.59375,176007.75,226727.328125,239313.15625,228790.296875,234948.453125,200404.953125,189651.578125,181185.296875,169581.4375,155342.765625,158047.4375,160657.09375,152532.296875,169547.453125,171411.0625,188467.75,195691.890625,188311.34375,200621.71875,173917.203125,177211.109375,160913.0625,183934.578125,141045.359375,142766.171875,223902.828125,236092.5,214480.984375,219338.953125,193837.390625,189994.171875,179456.46875,178609.0625,191300.015625,197666.109375,242973.625,275283.46875,258256.4375,259376.9375,187366.09375,170865.34375,261505.03125,224040.546875,212771.515625,216103.796875,162139.0,176184.609375,183255.703125,174806.0625,203627.140625,208251.46875,223225.09375,219787.9375,154562.25,198769.21875,216224.328125,183325.796875,171763.140625,159749.4375,187599.796875,170013.28125,222309.4375,214732.765625,198689.546875,180962.546875,127110.671875,127220.171875,203198.875,192233.5625,219369.125,230073.34375,205423.96875,201584.125,252481.15625,214911.234375,177921.21875,162867.4375,256406.71875,232027.015625,201663.359375,168093.359375,274677.28125,219670.5,264470.03125,273440.125,238953.84375,229738.53125,252154.1875,245365.828125,216777.890625,197871.859375,225736.34375,224049.515625,259234.3125,221799.328125,195769.953125,189319.515625,249370.390625,233198.578125,216719.796875,217853.609375,245119.453125,237766.71875,228018.671875,245069.234375,207268.03125,214907.625,242237.953125,242444.3125,227318.953125,232969.484375,213070.6875,200533.625,228810.078125,199211.359375,236186.546875,230777.0,229668.015625,223439.765625,205613.3125,212961.546875,208392.875,225326.234375,196645.34375,214632.8125,182166.296875,175003.609375,236195.1875,242046.234375,233652.875,255385.8125,240455.671875,255814.546875,276120.71875,278724.40625,256810.59375,261577.828125,249563.25,261310.1875,212642.84375,207761.140625,184942.5,184533.5,216580.5625,211826.578125,214342.484375,206320.203125,189631.59375,199211.1875,211847.125,191828.75,202754.6875,213362.296875,207447.53125,223909.390625,236701.03125,246442.6875,206507.75,235234.625,237930.625,238609.703125,250926.109375,247334.875,210909.34375,210377.203125,225942.6875,221667.5,151411.96875,176745.921875,186532.328125,199241.203125,211465.953125,212877.140625,250434.609375,244902.640625,243594.03125,228875.78125,243119.0,237806.84375,239777.015625,223343.578125,263682.71875,255689.140625,236671.3125,173945.96875,155582.421875,147170.390625,180940.03125,201118.140625,148188.203125,138448.328125,280003.90625,259887.515625,149335.21875,154855.09375,243389.171875,237924.8125,175079.078125,199158.53125,201548.515625,197904.3125,286167.90625,252863.453125,222147.546875,247590.0,241718.03125,254316.140625,279643.1875,288187.125,210252.015625,218369.171875
40,193188.359375,188416.015625,175229.875,183973.078125,164399.59375,160260.0625,152821.90625,161136.8125,188484.953125,167980.0,214890.84375,192903.0625,193200.65625,179872.5,203497.53125,184995.75,198452.953125,197503.1875,210465.765625,187342.6875,214200.015625,196587.078125,198464.140625,179978.234375,167331.09375,177717.65625,164416.8125,170578.65625,210633.65625,213521.015625,216677.453125,203468.59375,200546.1875,203887.234375,190944.5,175517.8125,226628.078125,239602.28125,228238.953125,235320.546875,200126.6875,189861.78125,180884.59375,169415.53125,155291.140625,158270.5,160570.96875,152635.328125,169294.203125,171316.21875,188554.6875,195455.140625,188332.390625,200377.765625,174043.140625,177371.109375,160933.859375,184097.46875,140930.609375,142875.3125,223954.1875,236578.9375,214075.3125,218990.765625,193720.890625,189950.5,179441.4375,178818.40625,190683.84375,197657.078125,243465.578125,275754.25,258302.09375,259683.875,187548.84375,170778.953125,260483.28125,224014.84375,212556.828125,216329.328125,161970.578125,176290.546875,183273.796875,174950.671875,203848.1875,208699.4375,223306.578125,220224.0625,154003.75,198278.328125,215784.625,183105.484375,171675.96875,160061.765625,187270.34375,169866.671875,221464.890625,214936.671875,198611.546875,180964.890625,126929.5390625,127384.2109375,203109.875,192453.78125,218864.140625,229820.703125,205163.796875,201483.96875,252788.421875,214392.15625,177383.59375,162886.28125,256212.75,232715.515625,201701.1875,167351.09375,275083.9375,219216.328125,263974.375,274729.40625,239410.03125,229997.34375,252550.21875,245187.3125,217908.71875,198423.90625,225716.125,224258.203125,258834.328125,221742.203125,196169.203125,189678.875,249183.984375,233108.015625,216660.4375,217945.953125,244931.59375,238022.828125,227753.046875,244605.796875,207024.21875,215015.609375,242099.546875,242772.3125,227418.1875,232747.09375,213916.640625,201597.640625,228983.546875,199254.109375,236431.734375,231337.890625,229788.796875,223889.25,205686.859375,213058.3125,208405.421875,225686.8125,196832.234375,214705.53125,182293.046875,175009.203125,236559.6875,242524.828125,233876.546875,255163.265625,240795.078125,256458.34375,275313.25,278409.75,257003.765625,261880.234375,249588.515625,262340.96875,212711.546875,207997.734375,184976.40625,184889.140625,216716.78125,212156.765625,214821.0,207436.5625,190471.609375,200019.296875,212065.0,191925.5,202848.40625,213452.765625,206866.921875,223286.0,237344.296875,247123.265625,206013.125,235108.15625,238212.578125,238571.171875,251475.1875,248088.921875,210170.078125,210021.484375,225515.109375,221628.390625,150492.390625,176146.953125,185995.328125,198640.265625,211669.953125,213390.578125,250124.140625,244605.5,242450.578125,229636.296875,243094.65625,237791.125,240152.625,223339.515625,264283.21875,255955.546875,236880.0625,174008.34375,155329.359375,147085.671875,180965.34375,201338.078125,148124.921875,138293.890625,279897.84375,260063.5625,149139.265625,155025.625,243316.921875,238179.1875,175008.671875,199002.28125,201598.078125,197810.671875,285922.25,252717.0,222215.40625,247713.90625,242295.28125,254799.125,279712.0625,288148.1875,210063.40625,218516.71875
41,193357.015625,188497.875,175098.59375,184293.53125,164005.53125,160339.4375,152622.46875,161071.96875,188298.3125,167750.921875,215218.75,193189.28125,193099.3125,179958.390625,203372.375,185085.453125,198595.609375,197758.5,210400.40625,187470.34375,214263.25,196858.875,198289.5625,180023.546875,167207.75,177860.71875,164860.34375,170750.9375,210863.09375,213532.984375,216872.59375,203936.375,200619.015625,203813.34375,191133.890625,175598.109375,226717.75,239706.03125,228159.84375,235043.765625,200633.3125,190224.390625,180894.8125,169599.390625,155382.953125,158476.921875,161223.078125,153345.296875,169548.3125,170879.734375,188980.578125,195943.15625,188148.09375,200027.625,173836.71875,177156.890625,160777.203125,184038.953125,140728.4375,142752.109375,223627.96875,236769.6875,213949.515625,218595.078125,193673.3125,189845.265625,179185.65625,178575.546875,190692.9375,198208.125,243445.390625,275571.15625,257913.609375,259698.5,187746.796875,170877.765625,258941.6875,224029.0625,212316.765625,216605.390625,162130.796875,176487.078125,183386.796875,175214.953125,204076.21875,209413.84375,222922.03125,220455.953125,153867.328125,197822.171875,215774.09375,182622.40625,171655.5,159791.90625,187185.796875,169834.40625,221046.46875,215067.96875,199072.546875,180965.546875,127008.1640625,127410.671875,203131.28125,192117.53125,218633.078125,229556.828125,204922.5,201164.546875,252511.3125,214017.3125,177115.375,161604.46875,256321.53125,232176.8125,201497.3125,167838.0625,275964.65625,219612.8125,263472.75,273510.28125,239640.53125,230265.453125,252786.71875,245393.1875,218139.65625,198474.34375,225134.046875,224339.890625,258420.953125,221363.625,196184.234375,189616.109375,248875.015625,232733.65625,216489.234375,218215.75,245040.9375,238870.828125,227380.5,243908.5625,207095.78125,215392.296875,242468.4375,243722.234375,227373.53125,232264.78125,214673.046875,202699.078125,229169.953125,199274.671875,237105.65625,232264.140625,230579.671875,224958.953125,205474.984375,212879.796875,208352.171875,225616.765625,196706.4375,214513.109375,182071.421875,174689.546875,236375.875,242494.90625,233734.21875,253422.515625,241252.1875,256907.859375,273040.53125,276174.21875,257094.921875,260855.375,249354.296875,261998.546875,213423.46875,208961.21875,185282.046875,185161.140625,217015.15625,212241.4375,215580.953125,209001.28125,190529.515625,200022.0,212775.4375,192641.484375,203303.40625,213565.578125,206508.609375,223162.859375,238034.859375,248225.984375,205752.25,234957.609375,238058.609375,238665.21875,252173.625,248839.84375,209371.921875,209407.703125,225437.34375,221690.40625,149942.796875,175597.96875,185655.8125,198466.984375,211853.375,213592.078125,249517.46875,244415.1875,241788.09375,229636.125,242870.75,237505.109375,239710.75,223532.09375,263763.71875,255724.875,237184.765625,173986.46875,155269.15625,147278.96875,181040.953125,200931.453125,148033.5625,138406.421875,279446.53125,260229.328125,148939.53125,155033.3125,244033.484375,238415.84375,175416.671875,199232.078125,201732.296875,198079.328125,285451.0625,252887.015625,222081.640625,248171.53125,242544.359375,255198.078125,279106.46875,287626.78125,210323.1875,218684.15625
42,193367.515625,188593.1875,175179.9375,184530.765625,164617.0625,160856.765625,152389.515625,160672.234375,187860.78125,167186.5625,215223.546875,193158.4375,193550.25,180269.65625,203485.59375,185197.65625,198648.65625,198109.484375,210889.296875,188003.34375,214522.8125,197428.375,198010.921875,180475.90625,166989.0,177854.140625,164980.875,171037.640625,211344.546875,213667.796875,217051.015625,204253.015625,200914.625,203955.890625,191524.234375,175914.328125,226713.375,239652.3125,228302.375,234347.84375,201010.359375,190032.84375,181117.328125,169701.921875,155575.421875,158351.328125,161639.109375,153742.703125,169814.828125,170785.921875,189019.796875,196148.578125,187969.609375,200014.46875,173527.15625,176914.125,160617.609375,183672.265625,140543.375,142540.3125,223425.984375,236439.984375,214041.9375,218702.53125,193717.09375,189734.046875,178964.40625,178124.40625,191707.8125,198803.859375,243062.515625,274978.125,257697.03125,259622.875,187672.921875,170791.25,258806.03125,224046.09375,212270.328125,216548.890625,162243.328125,176575.375,183497.859375,175508.359375,203919.734375,209672.515625,222622.359375,220419.734375,154239.046875,197939.46875,216023.234375,182694.265625,171860.109375,159514.796875,187449.96875,170428.125,221129.140625,215142.046875,199364.453125,180897.828125,127369.2734375,127502.4296875,203181.28125,191875.984375,218852.484375,229430.453125,204955.96875,201044.625,252356.921875,214417.546875,177630.109375,161105.734375,256327.03125,231012.390625,202027.4375,168706.296875,275997.875,220393.359375,263292.03125,271122.5,239259.84375,230323.671875,252498.8125,245732.4375,216941.78125,197831.578125,224672.53125,224365.359375,258360.21875,220919.59375,195705.125,189175.34375,248711.640625,232346.046875,216249.859375,218262.140625,245315.75,239530.203125,227319.140625,243625.84375,207365.25,215559.046875,242745.984375,243999.875,227213.015625,231866.109375,214540.515625,202588.453125,229119.609375,199175.4375,237417.390625,232469.09375,231007.921875,225305.90625,205159.21875,212510.859375,208250.703125,225292.3125,196501.78125,214122.515625,181811.125,174402.421875,235921.703125,242139.75,233494.21875,251982.546875,241219.484375,256506.515625,272199.3125,274993.25,256891.25,260379.453125,249069.78125,260887.53125,213811.390625,209303.5625,185366.9375,185084.921875,216997.578125,212194.046875,215735.0,209201.671875,189897.78125,199355.59375,213143.703125,192953.09375,203301.9375,213476.5625,207015.71875,223840.28125,238012.21875,248618.46875,206168.125,235408.1875,237572.875,238630.953125,252149.125,248852.84375,209385.296875,209365.21875,225593.71875,221636.8125,150373.484375,175918.078125,185882.546875,198881.4375,211770.328125,213408.953125,249232.8125,244583.8125,242141.265625,229013.109375,242235.0625,237302.3125,239037.171875,223750.84375,262878.40625,255194.453125,236876.59375,173697.46875,155360.96875,147580.34375,180899.046875,200502.609375,147914.5,138181.265625,279098.625,260121.546875,149001.90625,155047.53125,244170.296875,238196.453125,175751.0625,199629.78125,201719.328125,198407.125,285468.78125,252909.09375,221935.125,248230.40625,242087.96875,255071.140625,278720.15625,287203.1875,210624.609375,218605.390625
43,193470.375,188762.859375,175309.28125,184571.4375,165243.578125,161197.75,152413.40625,160574.25,187735.53125,167101.671875,215025.78125,192897.890625,193826.90625,180394.578125,203595.65625,185335.53125,198575.15625,198218.265625,211160.984375,188431.640625,214553.5,197611.09375,198009.515625,180887.9375,167074.3125,177986.9375,164535.15625,171203.703125,211368.78125,213854.390625,216714.5625,204098.234375,200851.53125,204274.703125,191547.15625,175943.671875,226764.015625,239908.625,228700.203125,234675.6875,200682.5625,189667.703125,181125.8125,169542.65625,155444.21875,158090.890625,160831.34375,153118.359375,169600.546875,171115.375,188682.828125,196046.84375,188017.78125,200219.515625,173539.34375,177010.90625,160622.984375,183479.25,140512.65625,142482.125,223752.78125,236515.90625,214258.765625,219088.578125,193731.390625,189723.734375,178985.1875,177974.078125,192032.015625,198725.171875,243387.375,275380.625,258751.15625,260140.765625,187581.34375,170814.953125,260763.328125,224241.0625,212452.859375,216367.8125,162199.203125,176475.515625,183405.375,175386.96875,203723.84375,209351.84375,222746.0625,220327.3125,154369.546875,198422.21875,216304.4375,183006.90625,171828.5,159440.140625,187336.484375,170786.796875,221519.171875,215102.375,198978.40625,180841.046875,127321.2421875,127378.546875,202982.703125,191936.078125,219041.53125,229485.65625,204959.6875,201050.5625,252445.75,215136.484375,177927.65625,161815.703125,256050.96875,230807.0,202285.234375,169180.578125,275789.375,221077.984375,263839.21875,271898.34375,239174.15625,230186.40625,252279.421875,245859.390625,215915.21875,197197.375,224504.921875,224201.953125,258645.234375,220938.234375,195304.078125,189022.78125,248708.828125,232307.078125,215843.0625,217729.765625,245208.484375,239009.125,227664.90625,243998.46875,207528.65625,215229.671875,242182.046875,243480.1875,227343.78125,232062.078125,213819.484375,201811.125,228855.921875,199170.796875,237056.015625,231856.71875,230579.609375,224660.640625,205051.40625,212356.125,208230.703125,225406.3125,196453.484375,213979.65625,181825.890625,174440.484375,236398.96875,242693.109375,234259.421875,254666.0625,241425.90625,256524.546875,275389.53125,277726.90625,257057.921875,261848.734375,249710.25,261424.96875,213516.578125,208710.421875,185476.59375,184998.125,216836.171875,212291.078125,214966.890625,208102.21875,189656.953125,199158.0625,213012.375,192758.96875,202881.40625,213242.296875,207533.0,224420.984375,237559.734375,248213.390625,206528.453125,235744.84375,237560.015625,238615.453125,251606.625,248317.375,209816.078125,209630.453125,225611.515625,221488.6875,150799.0625,176254.953125,186297.09375,199070.59375,211250.640625,212790.953125,249258.25,244557.515625,243151.828125,229207.15625,242287.546875,237682.53125,239005.140625,223651.265625,262684.59375,255083.125,236357.875,173352.171875,155389.375,147682.140625,180660.953125,200636.796875,147866.109375,137898.671875,279152.65625,259836.515625,149098.9375,155075.1875,243940.890625,238047.1875,175598.171875,199878.34375,201539.328125,198234.546875,286270.28125,253237.671875,221836.859375,247732.078125,241532.5625,254360.46875,278819.96875,287138.625,210773.546875,218488.75
44,193543.75,188882.953125,175325.40625,184619.921875,165503.9375,161365.015625,152469.96875,160800.421875,187974.921875,167445.765625,215113.15625,193093.484375,193734.46875,180482.875,203592.5,185561.984375,198545.390625,198038.1875,211014.953125,188509.53125,214469.78125,197802.0625,198233.171875,181155.265625,167160.375,178122.09375,164100.21875,171548.125,211206.328125,213915.78125,216429.6875,204222.890625,200780.28125,204516.4375,191475.390625,175956.140625,226871.234375,240112.953125,229120.625,235498.03125,200483.609375,189733.1875,180924.09375,169412.1875,155140.375,158013.234375,160084.09375,152461.03125,169301.875,171271.71875,188596.53125,196093.078125,188226.15625,200473.078125,173728.609375,177265.671875,160756.984375,183689.6875,140657.453125,142535.40625,223984.453125,236827.984375,214287.234375,219303.859375,193913.203125,189960.671875,179192.046875,178280.40625,191078.859375,198226.5,243801.375,276124.71875,259705.0625,260547.0,187672.734375,171392.09375,262050.734375,224366.046875,212768.046875,216405.578125,162299.0625,176571.65625,183292.046875,174916.828125,203916.671875,208933.515625,223031.328125,220461.140625,154266.96875,198472.765625,216396.71875,183120.875,171557.109375,159259.953125,186968.859375,170364.828125,221882.21875,214943.09375,198658.8125,180814.546875,126898.828125,126934.234375,202666.375,191864.96875,218969.21875,229683.4375,204852.109375,201124.765625,252005.9375,215234.6875,177507.984375,162116.671875,255821.578125,231517.1875,201558.34375,168876.109375,275400.1875,220622.5,264049.28125,274512.65625,239530.796875,229898.046875,252392.296875,245551.25,216064.34375,197223.578125,224227.484375,223862.234375,258777.59375,221274.359375,195472.703125,189343.15625,248680.15625,232465.953125,215470.4375,217238.96875,244483.828125,238113.03125,227756.5625,244386.96875,207236.53125,214983.96875,241779.8125,243160.625,227409.5,232525.921875,213151.109375,201236.703125,228877.34375,199323.796875,236473.25,231286.21875,229895.328125,223929.296875,205232.921875,212683.296875,208353.5,225909.671875,196558.90625,214316.953125,182003.625,174764.546875,236826.421875,243181.0625,234588.9375,257891.9375,241494.078125,257068.859375,278121.1875,280302.34375,257134.71875,262753.875,250225.90625,262694.53125,213047.5,208098.953125,185497.1875,184937.890625,216797.890625,212106.828125,214167.625,206885.515625,189696.46875,199366.15625,212709.53125,192447.953125,202750.90625,213237.765625,207259.0,224243.765625,237194.0,247543.515625,206075.265625,235536.375,237819.265625,238700.78125,251034.515625,247742.875,210020.359375,209751.890625,225817.859375,221363.390625,150715.46875,176050.75,186428.578125,198990.15625,210887.015625,212238.484375,249228.9375,244366.65625,243717.375,229791.671875,243062.765625,238107.390625,239951.234375,223616.921875,263345.25,255445.390625,236223.671875,173156.859375,155487.34375,147565.65625,180590.25,201273.71875,147774.09375,137939.875,279372.59375,259673.328125,149018.265625,154985.34375,243793.734375,238001.5625,175265.0625,199664.609375,201328.09375,197746.640625,286830.9375,253619.671875,221645.703125,247192.671875,241450.890625,253668.328125,278739.375,287073.625,210717.15625,218305.03125
45,193263.515625,188759.21875,175235.8125,184694.765625,165703.296875,161673.5625,152416.59375,160905.21875,188195.25,167626.25,215169.921875,193387.734375,193771.5,180704.046875,203663.390625,185651.5625,198442.984375,197783.484375,211057.65625,188439.765625,214479.546875,198014.859375,198349.828125,181102.09375,166870.765625,177902.296875,163991.8125,171525.484375,211137.484375,213746.015625,216386.21875,204470.53125,201015.953125,204603.953125,191317.171875,176065.125,226926.421875,240072.78125,229061.5,236001.921875,200803.390625,190025.859375,180573.0,169283.6875,155053.0625,157948.140625,160442.59375,152712.96875,169285.3125,170970.21875,188553.296875,195973.8125,188396.515625,200759.984375,173816.28125,177405.546875,160910.015625,183979.75,140861.546875,142606.15625,224021.375,236912.6875,213991.140625,219321.359375,194088.984375,190144.515625,179433.0,178631.71875,190390.140625,197798.609375,243889.75,276191.71875,259421.71875,260390.609375,188085.96875,171870.046875,260953.203125,224064.546875,212980.453125,216457.984375,162261.078125,176596.703125,183412.796875,174717.96875,204150.859375,208716.625,223093.484375,220614.46875,154544.5625,198287.90625,216402.890625,183002.546875,171445.515625,158940.875,187199.421875,169999.203125,222240.828125,214917.734375,198490.546875,180657.359375,126771.9453125,126593.7421875,202835.375,191517.25,219112.109375,229754.203125,205082.640625,201131.4375,251571.8125,215202.46875,177424.15625,161711.734375,256049.53125,231542.8125,200612.84375,168777.734375,274371.8125,219497.296875,263621.9375,274150.59375,239873.25,229670.828125,252585.34375,245252.078125,216504.375,197631.046875,224036.921875,223843.140625,258623.9375,221381.171875,195705.78125,189592.625,248716.515625,232546.046875,215562.90625,217436.296875,243575.203125,237696.6875,227393.546875,244353.09375,206516.078125,214967.0,242147.734375,243267.109375,227451.140625,232800.359375,212815.328125,200780.15625,229113.109375,199338.890625,236231.328125,231113.4375,229663.796875,223718.078125,205538.71875,213142.25,208562.53125,226200.78125,196603.65625,214661.953125,182023.78125,175074.125,236583.953125,243053.71875,233249.9375,257025.25,240810.765625,257097.40625,276138.5625,279212.625,256726.234375,262184.21875,249912.140625,262590.5,212858.625,207937.765625,185125.703125,184836.6875,216712.828125,211583.484375,214000.109375,206544.46875,189695.734375,199404.25,212509.265625,192187.90625,203046.234375,213366.65625,206813.984375,223840.65625,236950.734375,246984.734375,205662.78125,234845.984375,237742.078125,238752.171875,250803.984375,247341.5,210175.078125,209909.890625,226350.5625,221480.6875,150833.4375,176003.953125,186472.09375,199263.09375,211305.828125,212678.484375,249457.609375,244409.578125,242950.625,229559.46875,243249.484375,238147.390625,240158.71875,223604.546875,263269.15625,255348.421875,236393.96875,173211.171875,155546.078125,147284.328125,180613.125,201627.609375,147685.5,137937.828125,279527.84375,259836.984375,148878.828125,154757.8125,243151.25,237527.765625,175026.1875,199160.546875,201264.453125,197781.375,286050.96875,252715.796875,221370.234375,247094.671875,241078.71875,253568.125,278329.46875,286978.59375,210333.0,217825.484375
46,193062.4375,188498.1875,175466.375,184654.65625,165661.25,161630.21875,152502.1875,160913.78125,188323.140625,167679.328125,215130.03125,193329.5,194024.078125,180815.046875,203720.21875,185349.34375,198423.28125,197603.296875,211265.859375,188304.140625,214394.9375,197700.4375,198481.71875,180589.40625,166787.265625,177604.859375,163920.328125,171011.453125,211081.09375,213555.046875,216441.4375,204320.984375,201312.90625,204683.484375,190976.625,175985.953125,227043.84375,240052.484375,228923.8125,235927.0,201200.671875,190125.296875,180434.21875,169089.78125,155161.75,157888.640625,161337.234375,153214.640625,169759.578125,171133.0,188318.234375,195687.765625,188379.765625,200882.46875,173881.28125,177398.28125,161046.609375,184142.03125,140989.53125,142715.640625,224243.03125,237316.21875,213852.703125,219074.765625,193934.4375,190069.671875,179565.546875,178766.6875,191033.265625,197899.3125,244146.734375,275970.65625,259121.359375,260436.171875,188408.515625,171590.53125,260695.40625,223935.78125,213004.578125,216488.484375,162177.546875,176322.140625,183735.65625,174877.359375,204268.71875,208833.953125,223109.390625,220563.78125,154541.515625,198319.375,216603.890625,182552.890625,171535.671875,158906.140625,187628.71875,169911.46875,222565.0,214789.953125,198288.28125,180577.953125,126908.0234375,126562.046875,203320.28125,191637.21875,219348.328125,229682.203125,205391.140625,201006.0625,251915.25,215426.671875,178056.578125,161806.015625,256651.28125,231462.65625,200517.734375,169612.09375,274244.6875,219973.03125,264066.6875,272873.90625,239990.953125,229910.46875,252877.6875,245499.6875,216790.265625,197771.078125,224333.71875,223798.40625,258572.75,221232.71875,195652.296875,189645.4375,248854.78125,232408.40625,215893.671875,217854.171875,243355.625,237139.078125,227195.265625,244026.21875,206244.484375,214836.34375,242497.25,243453.703125,227843.53125,232916.734375,213337.09375,200848.640625,229161.15625,199307.984375,236559.671875,231326.390625,230114.359375,223984.515625,205751.078125,213268.875,208772.890625,226294.75,196619.328125,214683.25,181997.96875,175142.671875,236734.890625,243117.265625,232584.90625,255128.84375,240359.953125,256810.984375,274171.78125,278297.9375,256728.6875,262131.921875,249933.34375,261939.40625,213045.78125,208009.671875,185042.140625,184981.34375,216918.5,211713.375,214455.109375,207208.828125,190034.859375,199492.953125,212576.1875,192275.21875,203265.125,213606.15625,206747.484375,223453.015625,237058.140625,246840.140625,205930.140625,234523.15625,237825.59375,238695.21875,251446.484375,247751.90625,210119.84375,209709.65625,226450.4375,221648.765625,150980.953125,176012.1875,186388.9375,199199.671875,211923.09375,213396.25,249716.328125,244036.828125,243039.265625,229266.859375,242911.34375,238265.375,239650.078125,223559.15625,262779.0,255224.875,236878.640625,173680.65625,155282.578125,147065.671875,180806.15625,201058.25,147811.078125,138165.140625,279767.09375,260233.109375,148829.375,154711.078125,243341.625,237457.3125,174931.375,199081.609375,201293.890625,198142.78125,285460.8125,252262.84375,221421.859375,247399.71875,240809.03125,253827.265625,278445.40625,287106.90625,210174.109375,217854.765625
47,193443.546875,188707.546875,176026.03125,184656.921875,165168.375,161089.75,152679.15625,161036.390625,188468.625,167827.453125,215474.890625,193476.40625,194039.3125,180634.296875,203735.265625,185189.09375,198679.140625,197740.515625,211124.421875,188114.09375,214296.15625,197206.390625,198854.875,180434.953125,167107.640625,177747.125,163628.78125,170614.234375,211292.90625,213544.921875,216735.09375,204133.609375,201288.765625,204717.265625,191026.125,175853.609375,227038.984375,239849.921875,229133.96875,235327.8125,201297.453125,190058.625,180422.40625,168969.984375,155225.84375,157779.25,161656.453125,153025.046875,169863.046875,171219.4375,188221.984375,195633.5,188268.578125,200861.6875,173948.59375,177403.875,161080.265625,184253.671875,141006.78125,142844.03125,224008.90625,237203.59375,213958.359375,218730.875,193934.6875,190131.5,179567.984375,178900.34375,191418.984375,197824.921875,244037.078125,275943.0625,259014.4375,260390.375,188214.609375,171164.828125,260715.609375,223976.28125,212706.5625,216430.203125,162484.25,176240.515625,183854.796875,174867.46875,204630.859375,209254.71875,223114.9375,220437.71875,153889.6875,197988.25,216449.75,182027.328125,171666.21875,158952.546875,187476.453125,169504.953125,222301.6875,214399.203125,198616.546875,180540.625,126949.4296875,126530.171875,203354.421875,191802.265625,219001.34375,229501.34375,205225.078125,200775.78125,252319.734375,214961.203125,178366.734375,161921.21875,256869.859375,232010.8125,201111.234375,169345.078125,274760.09375,220606.71875,264520.21875,273497.28125,239781.203125,230278.34375,253252.765625,245634.8125,217293.734375,197766.53125,224655.109375,223234.015625,258973.40625,221257.203125,195934.453125,189841.328125,249014.921875,232347.078125,215965.71875,217962.390625,244235.9375,236739.09375,227627.140625,243930.109375,206989.078125,215047.53125,242849.984375,243773.890625,227996.734375,232811.921875,214643.390625,201674.71875,229432.046875,199644.171875,237047.296875,231769.0,230918.671875,224768.96875,205843.453125,213270.65625,208719.546875,226234.9375,196956.71875,214798.8125,182154.3125,175064.375,236998.125,243100.3125,232864.6875,254477.1875,240611.375,256690.65625,274759.15625,278633.28125,256971.078125,262395.0,250172.171875,261912.09375,213563.140625,208621.0,185474.984375,185137.265625,217258.28125,212419.25,214977.640625,208016.640625,190487.15625,199930.96875,212943.140625,192857.0625,203231.3125,213969.0625,206633.453125,222989.109375,237282.921875,247037.359375,205792.609375,234493.171875,238022.40625,238427.3125,252044.328125,248445.859375,209407.234375,208789.21875,225934.234375,221341.28125,150458.40625,175604.203125,185889.40625,198338.625,211870.734375,212742.515625,249256.609375,243178.546875,242760.3125,229303.859375,242527.640625,238132.875,239704.015625,223444.265625,263525.6875,255599.234375,237500.0625,174191.515625,155079.515625,147207.40625,181038.84375,200772.328125,147924.96875,138660.21875,279944.375,260375.0,148850.078125,154831.515625,244787.0,238152.953125,175110.265625,199339.265625,201467.625,197917.234375,285922.3125,253753.8125,221788.71875,247473.9375,241427.609375,254025.59375,278936.28125,286902.15625,210595.984375,218496.609375
48,193837.875,189245.15625,176290.65625,184959.921875,165144.53125,161169.453125,152569.71875,160975.25,188509.28125,167912.671875,215931.6875,193828.359375,193981.65625,180644.625,203986.96875,185587.328125,198910.953125,198188.890625,211075.8125,188273.546875,214555.5,197346.296875,199237.5625,181143.9375,167054.15625,177968.53125,163664.21875,170805.1875,211567.40625,213558.4375,216923.34375,204155.65625,201039.484375,204760.34375,191310.234375,176007.359375,226864.390625,239632.203125,229101.625,235050.953125,201272.40625,190178.046875,180134.375,168963.015625,155138.484375,157423.28125,161150.4375,152643.359375,169091.5,170285.125,188222.46875,195735.71875,188343.359375,200807.90625,173915.65625,177445.1875,161019.265625,184258.46875,140997.6875,142950.546875,223423.03125,236270.578125,213798.859375,218635.828125,194286.0,190334.546875,179656.09375,179015.078125,190518.59375,196945.03125,243494.265625,275766.125,258264.421875,259736.171875,188179.40625,171311.546875,258561.609375,223385.640625,212186.078125,216077.078125,162791.75,176617.640625,183565.4375,174639.046875,205134.71875,209788.796875,222836.359375,220510.28125,153892.609375,197758.796875,215874.046875,181998.25,171655.265625,158797.96875,187221.71875,169417.671875,221852.625,214483.078125,199101.34375,180351.953125,127009.2734375,126310.4140625,203173.109375,191167.125,218607.015625,229159.75,204971.21875,200514.71875,252213.0,214477.40625,177982.84375,161303.171875,256377.328125,231597.9375,200667.5,168590.4375,274177.84375,219781.609375,263587.34375,273128.65625,239666.46875,230181.578125,253427.453125,245424.9375,217347.5,197868.109375,224251.125,222801.46875,259342.046875,221487.6875,196344.046875,189891.71875,248864.09375,232671.84375,215851.84375,218068.828125,244783.515625,237428.25,228072.0625,244182.25,207682.046875,215669.4375,243422.703125,244355.390625,227664.515625,232502.984375,215205.171875,202209.3125,229890.484375,200106.265625,237211.8125,231978.171875,231358.0,225679.578125,205932.953125,213281.09375,208515.046875,225940.546875,197230.453125,214906.484375,182264.125,174993.578125,236690.53125,242641.40625,232174.375,253136.234375,240767.5625,256513.6875,273881.3125,276689.96875,256661.109375,261448.0625,249920.875,261550.734375,214093.796875,209702.953125,185651.046875,185009.328125,217158.390625,212523.953125,215103.390625,208417.46875,190426.921875,200159.546875,213336.65625,193381.171875,203361.0625,214093.796875,206505.734375,222769.75,237266.15625,247126.078125,205256.4375,233959.375,237774.328125,238139.234375,251778.765625,248210.171875,209027.390625,208324.03125,225751.5625,221060.6875,150058.703125,175500.53125,185643.59375,198059.4375,211538.0,211666.359375,248716.109375,242889.25,240684.53125,228816.734375,242364.265625,237551.453125,239010.46875,222984.34375,263610.09375,255372.640625,237641.75,174061.34375,155317.34375,147359.328125,180854.625,200945.140625,147879.203125,138533.453125,279804.09375,260127.21875,148860.953125,154746.703125,244946.75,238346.703125,175390.609375,199182.90625,201829.984375,197667.0625,285600.375,253727.40625,221951.640625,247350.171875,241765.3125,254141.0,278811.28125,286875.90625,210748.765625,218526.71875
49,193638.171875,189271.203125,175959.84375,185261.765625,165801.65625,162005.4375,152313.34375,160677.28125,188461.765625,167881.78125,215648.46875,193691.53125,194029.0625,180879.859375,204249.6875,185984.84375,198790.453125,198379.9375,211593.140625,188739.140625,214954.75,197836.171875,199195.65625,181736.546875,166628.875,177906.9375,164257.609375,170904.96875,211347.734375,213435.515625,216696.203125,204165.375,200677.984375,204592.3125,191179.09375,176025.796875,226683.078125,239629.71875,228386.953125,234703.921875,201003.015625,190083.078125,180030.171875,169013.9375,155049.046875,157299.421875,160676.875,152645.0625,168591.46875,170009.203125,187998.5,195478.515625,188501.328125,200542.5625,173915.484375,177339.796875,160981.390625,184065.640625,141019.703125,142930.515625,223301.03125,235934.6875,213527.609375,218737.875,194395.203125,190205.734375,179761.03125,178873.453125,190051.015625,196930.125,243115.765625,274807.71875,257341.546875,259143.203125,188234.125,171420.515625,258245.703125,223118.59375,212064.375,215867.109375,162667.875,176948.265625,183482.4375,174865.859375,204987.328125,209935.4375,222572.71875,220840.96875,154937.8125,198680.09375,215867.375,182584.125,171611.1875,159085.53125,187481.03125,170291.40625,221987.4375,215058.125,198867.625,180376.796875,127392.578125,126369.21875,203496.015625,191181.828125,218859.671875,229136.375,205192.78125,200594.296875,252085.8125,215287.90625,178046.015625,161640.8125,256120.578125,231185.671875,200071.8125,169829.046875,273459.90625,219829.734375,263071.0625,272320.21875,239437.0,229872.71875,253082.765625,245280.3125,216534.21875,197607.484375,223572.265625,223001.859375,259109.9375,221410.0625,196079.65625,189494.484375,248434.5,232783.3125,215798.5,218272.3125,244050.40625,238326.453125,227864.09375,244253.734375,207264.21875,215618.28125,243103.59375,244315.296875,227305.9375,232251.453125,214365.828125,201806.34375,229673.609375,199928.3125,236890.8125,231715.03125,230799.703125,225417.9375,205866.09375,212953.578125,208502.671875,225559.8125,197001.328125,214562.609375,182176.625,174938.578125,236137.953125,241773.15625,231759.046875,252549.515625,240323.09375,256012.453125,272709.0625,274903.6875,256039.9375,259903.109375,249652.703125,260295.234375,213942.21875,209705.390625,185296.90625,184620.671875,216902.921875,212109.1875,214938.171875,207963.421875,190032.25,199785.140625,213132.21875,193023.03125,203004.203125,213571.6875,206985.890625,223097.1875,237094.3125,246728.890625,205606.21875,233836.78125,237615.3125,238020.84375,251334.203125,247633.640625,209778.296875,209133.046875,226119.859375,221469.515625,150705.40625,176190.296875,186300.484375,198866.6875,211596.796875,211779.515625,248949.75,243389.96875,240772.828125,228229.296875,242630.0,237382.03125,238583.953125,222971.765625,262767.5,255007.46875,237153.59375,173573.015625,155460.5625,147064.65625,180465.75,200965.296875,147862.484375,138028.8125,279485.65625,259761.234375,148888.75,154712.671875,243498.515625,237782.8125,175414.0625,198800.625,201876.703125,197974.90625,284755.5625,251594.71875,221978.640625,247316.390625,241401.859375,254150.546875,278784.5,287439.4375,210399.546875,218124.59375
50,193326.734375,188856.640625,175302.0,184986.734375,165662.09375,162028.015625,152268.671875,160566.359375,188344.890625,167720.296875,214911.78125,193169.296875,193634.3125,180490.609375,204007.421875,185892.21875,198402.859375,198071.65625,211856.609375,188670.546875,214994.234375,197853.40625,198657.953125,181441.515625,166501.75,177876.984375,164584.125,170301.46875,211089.0625,213414.84375,216590.015625,204260.03125,200372.75,204053.25,191107.453125,175750.671875,226547.53125,239660.0625,227898.84375,234288.265625,200336.921875,189505.359375,180354.6875,169013.703125,155091.625,157667.0625,160486.5,152581.828125,168850.046875,170913.96875,187849.5,195030.453125,188472.515625,200287.96875,174006.375,177151.546875,160941.0625,183910.546875,140922.375,142689.515625,223494.515625,236208.65625,213767.390625,219038.6875,194163.609375,189932.59375,179472.296875,178562.65625,190378.390625,197759.171875,243141.671875,274366.40625,257549.71875,259213.78125,187787.796875,171006.140625,260571.796875,223947.953125,212390.453125,215984.875,162286.8125,176552.53125,183603.15625,175270.890625,203899.328125,209380.328125,222705.4375,220864.546875,155453.265625,199410.0625,216339.46875,183084.171875,171473.921875,159472.78125,187631.40625,170735.296875,222171.84375,215202.328125,198324.046875,180549.421875,127660.09375,126801.71875,203681.671875,192036.3125,219217.578125,229654.890625,205458.640625,200993.40625,251978.6875,215816.5,178295.5625,162594.328125,256377.109375,232039.265625,200846.046875,170439.828125,273676.8125,220624.5625,263603.0,273595.625,238860.671875,229776.421875,252379.78125,245092.328125,216035.984375,197130.15625,223810.171875,223578.328125,258875.0,221059.15625,195678.140625,189129.984375,248552.75,232460.390625,215903.1875,218197.75,243712.5,238208.640625,227657.65625,244311.921875,206558.859375,214921.15625,241737.265625,243163.6875,227180.1875,232391.171875,213454.65625,201246.671875,229085.78125,199298.203125,236439.71875,231368.328125,229671.3125,224149.578125,205549.765625,212609.40625,208645.9375,225362.375,196781.234375,214367.609375,182068.84375,174900.59375,236021.453125,241364.609375,232956.125,254872.328125,240172.046875,255867.234375,274635.375,276941.9375,256054.890625,259995.65625,249930.53125,260205.53125,213217.0,208544.28125,184993.15625,184300.0,216705.421875,211975.796875,214925.765625,207327.25,189866.078125,199507.4375,212609.15625,192311.109375,202059.5,212819.5,207780.03125,223934.65625,237075.375,246573.796875,206422.3125,234617.453125,237950.75,238264.65625,251283.796875,247836.171875,210627.640625,210071.6875,226165.59375,221965.734375,151567.234375,176746.296875,187071.984375,199499.109375,211874.4375,212488.53125,249621.28125,244172.546875,241917.265625,228340.90625,242988.4375,237629.96875,239807.8125,223400.546875,263368.8125,255444.296875,236638.1875,173559.328125,155393.46875,146814.078125,180534.703125,201661.1875,147888.375,138060.140625,279242.4375,259562.4375,149132.625,154934.4375,243040.03125,237580.796875,175476.453125,199007.703125,201685.390625,198044.25,285262.90625,251706.484375,222160.640625,247244.859375,241539.5,254330.8125,279418.71875,287144.34375,210610.0,218251.75
51,193437.921875,188613.34375,174968.234375,184367.0625,164606.421875,160892.234375,152361.15625,160606.953125,188116.953125,167453.90625,214899.390625,192994.546875,193079.265625,179693.4375,203524.171875,185505.5625,198228.125,197798.296875,211278.078125,187972.765625,214619.671875,197447.390625,198255.109375,180675.484375,166778.0,177887.6875,164378.171875,169949.484375,211193.265625,213768.328125,216907.015625,204434.0,200704.9375,203824.265625,191464.265625,175837.875,226609.828125,239761.234375,228426.953125,235097.375,200119.1875,189383.796875,180706.625,169048.84375,155226.125,157974.28125,160308.328125,152443.15625,169247.703125,171234.375,188245.203125,195272.46875,188348.28125,200435.84375,174016.9375,177157.53125,160921.265625,184035.5,140702.71875,142536.890625,223910.390625,236500.984375,214306.703125,219492.90625,194019.796875,189927.5625,179126.578125,178460.4375,190858.9375,197871.546875,243634.40625,275598.3125,258654.53125,259702.890625,187565.75,170769.546875,261017.703125,224298.03125,212481.921875,215972.859375,161992.1875,175828.59375,183365.765625,175054.78125,203086.78125,208713.71875,222836.140625,220358.3125,154456.71875,198420.953125,216464.421875,182894.28125,171299.46875,159313.328125,187016.359375,169946.71875,221885.375,214876.0,198325.421875,180522.765625,127137.125,126984.328125,203098.296875,191974.859375,219274.84375,230092.0,205203.0,201346.328125,251824.90625,214770.3125,177300.75,162003.015625,256141.3125,231995.0625,201289.984375,168706.578125,274763.34375,220295.453125,263349.5,274336.0,238891.796875,229810.96875,252042.6875,245188.640625,216593.125,197417.921875,224928.640625,224262.546875,258992.234375,221122.9375,195852.65625,189247.234375,249165.546875,232486.46875,216258.375,217910.40625,244565.8125,237868.015625,227839.734375,244729.84375,206765.359375,215006.53125,241186.15625,242507.5625,227361.109375,232921.484375,213493.796875,201494.25,229010.5,199138.546875,236465.53125,231305.453125,229209.203125,223582.328125,205403.6875,212919.25,208805.859375,225687.71875,196791.703125,214805.34375,182109.59375,174967.171875,236621.921875,242336.390625,234080.484375,256780.0,240943.59375,256566.734375,276358.375,278856.40625,256927.828125,261584.78125,250206.53125,261787.453125,212765.734375,207958.578125,185165.453125,184677.0625,216690.5625,212099.5,215236.625,207914.75,189937.734375,199506.6875,212525.640625,192249.875,202354.0,212968.59375,208042.515625,224575.515625,237384.40625,247419.9375,206501.015625,235179.75,238129.109375,238929.3125,251523.828125,248341.390625,210669.265625,210187.40625,225651.875,221897.984375,151481.34375,176517.359375,186965.40625,199323.5,212075.671875,213195.140625,250236.8125,244812.0,241080.0,229114.828125,243328.234375,237732.421875,239740.921875,223118.59375,263927.78125,255405.09375,236726.578125,173784.328125,155536.078125,147063.171875,180866.171875,201919.265625,147928.765625,138198.1875,279375.90625,259746.5,149389.46875,154955.4375,243483.578125,237843.953125,175779.78125,199310.703125,201883.328125,197843.359375,285970.28125,252899.125,222247.8125,247466.015625,242218.078125,254815.421875,279442.34375,286477.5,211023.796875,218429.84375
52,193678.765625,188660.078125,175243.96875,184221.28125,164654.15625,160486.625,152411.09375,160580.765625,188046.28125,167461.671875,215447.5,193233.234375,193186.296875,179637.96875,203595.296875,185348.859375,198618.921875,197895.34375,210947.390625,187806.046875,214526.359375,197401.671875,198479.09375,180469.0,167134.5,177808.8125,164470.75,170640.078125,211304.234375,214110.59375,217135.28125,204309.828125,201506.28125,204080.9375,191417.5625,176052.5,226873.4375,239727.96875,229152.265625,236036.546875,200543.40625,189783.96875,180731.484375,169136.75,155197.671875,157776.34375,160235.40625,152426.109375,169127.9375,170637.796875,188588.453125,195894.21875,188431.609375,200699.75,174000.96875,177312.703125,161069.34375,184259.453125,140797.671875,142769.578125,224427.71875,236766.234375,214518.6875,219699.578125,194052.859375,190087.984375,179313.671875,178670.6875,191317.25,197745.078125,244061.0625,276439.1875,259168.671875,259786.59375,187856.953125,170884.25,260403.03125,223610.03125,212369.109375,215742.171875,162169.796875,175729.625,182976.9375,174395.984375,203448.953125,208515.375,222549.265625,219948.1875,153446.921875,197581.28125,216432.84375,182939.78125,171399.515625,158931.421875,186537.984375,169486.84375,221756.171875,214854.546875,198797.3125,180716.078125,126520.5,126873.4375,202523.03125,191432.09375,219302.40625,230027.8125,204794.953125,201514.09375,251903.03125,213905.6875,176473.53125,161456.46875,255711.5625,231244.578125,200867.453125,167871.828125,275555.40625,219648.0,262867.9375,273540.4375,239386.84375,229736.328125,252422.9375,245649.609375,216721.625,197857.6875,225323.453125,224516.328125,258889.09375,221557.015625,195937.640625,189440.203125,249204.0,232874.21875,216469.84375,217703.140625,244928.703125,238149.25,227800.078125,244948.484375,207289.640625,215645.671875,241978.5625,243099.34375,227689.515625,233184.15625,213698.9375,201850.03125,229090.75,199387.015625,236580.8125,231242.140625,229544.109375,223755.515625,205635.15625,213310.21875,208859.359375,226082.28125,196750.78125,215060.28125,182209.421875,175119.40625,237141.8125,243136.171875,233938.5625,255935.0625,241604.78125,256940.578125,275721.3125,277802.9375,257488.828125,262176.6875,250020.1875,262372.53125,212721.34375,207936.78125,185206.453125,185111.078125,216910.421875,212019.9375,214865.1875,207907.171875,189886.9375,199334.203125,212603.078125,192275.171875,203337.34375,213468.375,208068.421875,224736.9375,237546.921875,248010.609375,206357.453125,235327.59375,237904.546875,239173.734375,251315.4375,247960.21875,210528.21875,210287.296875,225574.71875,221714.6875,151209.484375,176604.421875,186707.328125,199329.3125,212060.203125,213583.046875,250419.71875,245027.359375,241477.953125,229892.75,243361.234375,237668.6875,238692.109375,222631.875,263065.6875,254720.5,237060.421875,173665.859375,155525.34375,147230.140625,180730.453125,200571.609375,147957.375,137994.21875,279545.875,259946.5,149168.34375,154643.140625,243322.984375,238123.09375,175689.65625,198870.671875,202124.21875,197988.625,285904.75,252127.390625,222146.109375,247788.109375,242300.75,254642.859375,278860.625,287046.125,210625.0625,218239.125
53,193632.828125,188710.03125,175460.328125,184463.90625,166146.8125,161520.40625,152290.90625,160499.71875,188088.96875,167645.0625,215462.96875,193226.03125,193635.546875,180216.53125,204148.265625,185517.0,199045.34375,197867.4375,211593.0625,188428.515625,215249.671875,197851.078125,198731.9375,181091.640625,167186.0625,177682.296875,164849.296875,171581.796875,211373.28125,213816.375,217033.984375,203996.140625,201626.203125,204203.859375,190903.234375,175790.359375,227030.078125,239268.53125,229246.234375,235584.109375,200519.859375,189690.625,180286.9375,168968.515625,154881.703125,157179.921875,160057.96875,152155.5625,168631.25,169912.515625,188203.671875,195682.96875,188694.34375,200732.78125,173997.953125,177253.484375,161250.234375,184264.734375,141285.5,142933.828125,224475.375,236526.765625,214465.515625,219468.6875,193970.15625,190167.625,179534.78125,178733.28125,190811.71875,197638.578125,243851.515625,275643.96875,258705.90625,259213.171875,188026.984375,170934.015625,260487.96875,223306.75,212494.828125,215463.875,162556.140625,175995.109375,182767.078125,173965.171875,204025.109375,208527.484375,222344.5625,219832.703125,154118.5625,198802.875,216516.71875,183987.453125,171384.734375,158400.71875,187085.90625,170271.140625,222116.09375,215197.703125,199046.828125,181129.5625,126799.28125,126943.5234375,202691.265625,191469.75,219466.46875,229872.265625,204859.0,201426.40625,252219.484375,214481.3125,177521.890625,162452.171875,256236.671875,231773.90625,201169.703125,168907.578125,274402.96875,219677.296875,263672.65625,273343.34375,239276.4375,229437.96875,252904.4375,245669.671875,215393.625,197281.734375,224397.328125,224039.53125,258632.03125,221730.625,195388.953125,189058.546875,248632.796875,233079.84375,216151.03125,217546.5,244238.1875,238124.953125,227636.6875,244755.6875,207089.25,215324.765625,242494.265625,243222.1875,227766.515625,232781.296875,213105.4375,201035.515625,228805.078125,199303.9375,236199.09375,230973.765625,229673.828125,223561.09375,205809.796875,213022.515625,208694.90625,225788.9375,196715.703125,214715.046875,182071.59375,175165.234375,236770.875,242295.421875,233070.421875,253993.953125,241328.453125,256079.359375,274597.9375,276683.96875,257173.9375,261184.21875,249911.90625,261138.140625,212851.75,207757.421875,184858.5,184698.640625,216580.546875,211663.109375,213943.75,206580.375,189782.59375,199427.4375,212551.625,192037.640625,202930.234375,213033.9375,208384.328125,225026.4375,237301.390625,247417.359375,206824.84375,235831.3125,237800.203125,238744.15625,250596.453125,247068.234375,210968.390625,210866.34375,226287.6875,222012.40625,151898.609375,177590.703125,187233.84375,200332.96875,211749.28125,213149.03125,250114.421875,244984.234375,242753.046875,229418.453125,243014.953125,237460.546875,239570.515625,222911.265625,262551.78125,254966.0,236762.84375,173572.265625,155174.234375,146887.546875,180342.90625,199961.5,147862.09375,137946.359375,279061.6875,259676.515625,148781.53125,154275.6875,242561.671875,238095.5,175024.125,198478.65625,201823.640625,198027.484375,285808.78125,251286.375,222040.140625,247595.109375,241587.828125,254044.625,279008.53125,287780.40625,209947.015625,217950.28125
54,193356.890625,188438.5,175264.1875,184235.890625,166507.109375,161773.828125,152123.90625,160437.921875,187960.28125,167426.5625,214994.96875,192718.015625,193663.4375,180250.546875,204006.546875,185286.515625,198893.546875,197400.578125,211591.265625,188362.25,215435.390625,197645.9375,198413.859375,181060.640625,167027.9375,177447.796875,164339.609375,171831.46875,211315.765625,213170.625,216827.15625,203687.171875,200768.71875,203994.5625,191029.171875,175440.859375,226858.34375,238888.8125,229041.703125,234610.96875,200060.5,189330.890625,180383.734375,168962.765625,154967.390625,157269.0625,160125.8125,151923.078125,169221.6875,170288.15625,188115.34375,195152.8125,188497.21875,200526.375,173813.984375,176982.96875,161030.71875,184024.25,141488.0625,142677.140625,224191.890625,236005.453125,214331.1875,218967.3125,193711.609375,189959.484375,179318.953125,178460.6875,190724.59375,197794.875,242989.984375,274770.84375,257652.078125,258965.328125,187894.703125,171082.84375,259771.796875,223907.0625,212650.234375,215586.125,162422.6875,176068.453125,183153.125,174741.0625,203951.390625,208416.421875,222813.265625,219877.484375,155058.84375,199958.796875,216414.65625,184519.5,171554.5625,158884.8125,187729.265625,170906.234375,222144.40625,215120.359375,198816.15625,181104.859375,127394.3359375,127281.8515625,203560.03125,192266.875,219503.421875,230098.421875,205335.953125,201400.578125,252973.40625,215438.28125,178688.015625,163082.640625,257096.6875,232532.6875,202635.609375,169811.859375,274049.25,220690.21875,264667.625,273628.8125,238878.84375,229267.71875,252600.5625,245444.96875,215092.09375,196998.8125,224054.578125,223732.734375,258634.328125,221637.203125,195086.28125,188717.515625,248453.921875,233159.671875,215738.8125,217197.96875,244016.46875,237619.8125,227684.921875,244562.0625,206804.0,214543.28125,242108.359375,242395.109375,227137.421875,232141.640625,212599.1875,200253.40625,228559.03125,198915.109375,235786.21875,230767.359375,229325.921875,223026.0,205565.015625,212704.015625,208327.09375,225286.265625,196639.4375,214448.0625,181871.671875,175047.15625,235912.453125,241084.4375,232490.578125,251531.4375,240516.59375,255011.8125,273068.8125,276410.03125,256814.71875,259789.6875,249808.140625,259923.8125,212888.046875,207683.4375,184979.578125,184423.984375,215877.25,211427.421875,214488.796875,207463.375,189710.90625,199600.6875,212278.515625,192019.78125,202323.640625,212672.453125,208068.84375,224832.359375,236889.9375,246703.109375,206930.09375,236613.5,237776.28125,238630.515625,250352.296875,247006.484375,211081.640625,210716.390625,226214.0,222150.859375,152217.28125,177581.890625,187321.0,200848.15625,211285.40625,212653.25,249779.421875,244797.96875,242299.90625,228742.859375,243267.265625,237560.953125,240654.59375,223846.765625,263275.53125,256272.6875,236323.046875,173745.59375,154993.484375,146821.890625,180452.234375,201051.015625,147610.015625,138075.953125,278759.1875,259408.40625,148762.953125,154209.203125,241385.265625,237360.921875,174664.625,198841.421875,201355.0,197531.6875,285365.8125,251607.859375,221954.296875,247526.40625,241500.421875,254696.921875,279839.21875,287518.09375,209634.640625,217580.125
55,193355.390625,188315.1875,175140.875,183763.390625,164850.40625,160259.28125,152427.34375,160716.171875,188038.65625,167272.5625,214911.25,192414.4375,193367.5,179697.484375,203184.578125,184793.484375,198679.9375,197324.828125,210276.328125,187493.921875,214406.453125,196862.609375,198117.546875,180028.5625,167261.078125,177560.734375,163495.0625,171702.703125,211225.0625,213310.4375,216793.625,203544.484375,200180.75,203737.953125,191668.625,175455.25,226698.109375,239337.6875,228915.375,234639.8125,200184.9375,189543.109375,181420.59375,169585.53125,155658.34375,158402.390625,160714.1875,152253.1875,170319.515625,171604.890625,188961.0625,195693.015625,188013.84375,200344.84375,173715.28125,177082.734375,160570.9375,183862.890625,141106.375,142557.0,224044.109375,236154.078125,214360.546875,218962.78125,193667.9375,189735.390625,179207.0,178371.375,191900.71875,198501.453125,242475.734375,275269.25,257313.78125,259753.09375,187520.03125,171286.109375,258899.796875,224380.125,212531.296875,216317.125,161906.234375,175948.203125,183796.875,175966.5,203538.078125,208261.25,223280.1875,219955.9375,154286.90625,198823.15625,216173.578125,183482.078125,172103.140625,160407.546875,187280.234375,170039.25,221693.25,214687.671875,198477.578125,180710.9375,127183.0390625,127348.4296875,203851.9375,192992.8125,219017.078125,230195.765625,205467.421875,201470.875,253392.640625,215326.59375,177955.03125,162302.765625,256717.96875,232197.203125,203474.4375,168988.078125,276415.59375,221389.59375,264325.90625,273682.875,238966.234375,229639.5,251876.484375,245693.28125,217082.484375,197925.296875,225223.859375,224198.296875,258904.125,221653.046875,195669.296875,189249.28125,249074.265625,233190.25,215907.203125,217015.578125,244997.09375,237878.484375,227920.890625,244615.640625,207224.140625,214792.0625,241702.90625,242183.078125,226680.578125,232200.8125,213218.3125,201064.765625,228750.03125,198922.515625,236013.671875,230967.8125,229355.921875,223171.4375,205297.5,212965.578125,208109.234375,225394.5625,196511.546875,214549.25,182045.640625,174895.640625,235911.625,241603.734375,233131.71875,251477.109375,240617.96875,255714.015625,273031.75,276635.0,257198.453125,260122.28125,249832.1875,260821.984375,212874.921875,208038.03125,185498.140625,184850.578125,216224.828125,211666.828125,215590.0625,209662.78125,189834.109375,199498.328125,212052.546875,192216.75,202936.109375,213201.359375,206890.578125,223632.53125,236824.984375,247001.171875,206167.171875,236101.203125,237513.109375,238993.25,250816.59375,247694.5625,210136.171875,209701.171875,225030.96875,221468.3125,150994.15625,175974.515625,186186.3125,199423.9375,211088.46875,212873.1875,249806.859375,244705.078125,242487.21875,229479.34375,243651.609375,237996.8125,239962.234375,224288.578125,264101.78125,256848.453125,236823.578125,173884.4375,155218.0,147523.171875,180932.15625,201886.265625,147534.71875,138131.796875,279424.0625,259706.21875,149123.984375,154696.625,241936.875,237169.796875,175168.96875,199599.96875,201362.171875,197351.265625,285299.8125,252994.5625,221902.140625,247780.59375,242145.03125,255256.40625,279847.65625,287030.125,210243.609375,217859.953125
56,193704.265625,188834.125,175260.9375,184065.28125,163796.78125,159377.96875,152883.1875,161149.5625,188290.0625,167612.796875,215336.3125,192862.375,193391.53125,179606.765625,203190.5625,185137.15625,198866.328125,198095.546875,209866.390625,187457.953125,214223.265625,197130.8125,198394.0,179898.296875,167657.296875,178212.484375,164037.78125,171540.53125,211704.609375,214248.984375,217209.6875,203996.671875,200708.140625,203824.109375,191692.0,175605.203125,226825.921875,239850.078125,228818.375,235624.65625,200511.796875,189798.046875,181589.453125,169991.0,155711.140625,158793.546875,160603.96875,152639.578125,169647.84375,171389.984375,189281.375,196446.59375,188109.328125,200494.921875,173922.484375,177465.859375,160601.484375,183887.703125,140749.875,142753.046875,223924.421875,236543.84375,214810.046875,219635.078125,193885.015625,189928.984375,179369.390625,178515.640625,191544.125,198193.875,243143.3125,276297.84375,258395.40625,260426.5625,187170.953125,171154.125,259186.09375,223989.15625,212230.5625,216582.109375,161713.140625,175669.96875,183299.203125,175281.015625,203312.28125,208321.0625,222941.390625,219738.359375,153106.46875,197101.359375,216191.484375,182384.953125,171474.921875,159842.4375,186264.140625,168610.421875,221778.25,214708.765625,198540.34375,180478.984375,126383.0703125,126794.1328125,202604.625,191880.015625,218426.9375,229799.15625,204954.359375,201165.53125,252255.109375,214302.703125,176230.296875,161105.609375,255372.71875,231384.421875,201874.890625,167108.75,277384.9375,220166.65625,263244.4375,273277.1875,239401.25,230024.921875,251855.625,245961.359375,218106.953125,198515.484375,226062.796875,224705.453125,259248.8125,221814.640625,196213.328125,189812.203125,249682.78125,233208.484375,216711.5625,217779.140625,246129.203125,239050.890625,228288.671875,244943.40625,207684.078125,215710.15625,241964.515625,242973.234375,227474.359375,233044.90625,214105.078125,202300.71875,229131.765625,199479.5625,236884.5,231682.875,230190.640625,224389.09375,205430.65625,213241.890625,208256.078125,225691.171875,196579.828125,214671.375,182332.15625,174843.59375,236857.234375,243231.09375,233985.578125,255627.75,241569.53125,257268.15625,275600.0625,278161.53125,257686.71875,262116.453125,250262.3125,262553.15625,213391.84375,209068.609375,185683.15625,184987.6875,217195.890625,212109.578125,215436.484375,209662.421875,190334.109375,199766.828125,212622.453125,192759.46875,203276.609375,213358.09375,206335.171875,222996.890625,237489.265625,248143.03125,205920.234375,234449.40625,237390.484375,239186.765625,251666.609375,248453.328125,209520.703125,209461.390625,224854.46875,221048.734375,149917.171875,175144.359375,185423.0,197881.546875,211515.53125,213441.34375,250196.390625,245289.375,243639.46875,229513.65625,243180.609375,237735.765625,238736.78125,223220.25,263448.6875,255648.078125,237304.3125,173856.828125,155616.203125,147913.1875,181026.640625,201504.046875,147885.8125,138243.265625,279913.90625,260147.59375,149605.125,155159.703125,244825.609375,238344.734375,175779.953125,200397.875,201748.25,198050.40625,286491.0625,254476.484375,222009.609375,247873.921875,241897.3125,254333.96875,279079.71875,287460.09375,211539.234375,219061.328125
57,193617.109375,189016.75,175442.03125,184801.625,164838.734375,160517.703125,152605.21875,161043.3125,188022.328125,167577.359375,215478.640625,193369.53125,193773.359375,180134.0,203978.53125,185839.375,198997.0625,198569.953125,211120.953125,188287.328125,215295.078125,198114.09375,198697.34375,180956.234375,167434.28125,178420.5,165137.25,171287.8125,212292.796875,214475.359375,217706.984375,204610.03125,201604.5625,204192.609375,191272.09375,175653.640625,226923.4375,239372.734375,228871.609375,235821.15625,200484.09375,189511.8125,180523.703125,169595.640625,154864.171875,157769.25,160067.546875,152624.53125,168502.3125,170109.828125,188576.046875,196010.53125,188401.53125,200720.0625,173991.015625,177361.390625,161104.828125,183848.359375,140825.234375,142761.359375,223740.015625,236519.484375,214948.59375,219666.421875,193924.34375,190137.703125,179319.375,178450.1875,189818.78125,196370.203125,243770.875,275921.96875,259119.53125,259920.609375,187280.421875,170869.859375,259959.8125,223322.078125,212118.4375,215937.578125,162214.46875,175722.21875,182217.234375,173520.359375,203706.5625,208687.109375,222624.484375,219607.796875,153440.15625,197132.8125,216739.28125,182716.734375,170174.40625,157517.109375,186172.984375,168612.578125,222540.75,215093.515625,199110.015625,180645.5625,126276.7578125,126439.1484375,201510.53125,190263.9375,218575.375,229700.390625,204751.515625,200907.234375,250641.984375,214133.78125,176123.40625,160910.546875,255191.46875,231082.0625,199603.515625,167460.484375,274884.65625,218973.34375,263308.625,273061.96875,239851.828125,229903.75,252485.4375,245770.28125,216658.328125,198102.75,225507.21875,224600.15625,259316.515625,221935.0,195910.21875,189593.96875,249437.796875,233364.1875,217051.40625,218716.65625,246070.015625,239667.03125,228257.0,245175.90625,207365.84375,215779.046875,242600.53125,243539.46875,227896.828125,233219.875,214166.90625,202438.03125,229273.859375,199772.875,237280.796875,232063.28125,230711.890625,225042.65625,205632.6875,212993.359375,208364.265625,225481.171875,196800.125,214611.421875,182293.328125,174936.8125,236995.109375,243265.21875,233592.015625,257662.78125,241390.65625,256889.359375,276823.5625,279589.625,257167.59375,262587.90625,250200.578125,262329.375,213730.359375,209498.453125,185512.046875,184706.828125,217077.734375,212087.796875,215165.75,208516.90625,190181.125,199599.0625,213048.953125,193047.265625,202703.140625,212984.375,206577.578125,223441.515625,237611.75,248354.4375,206386.875,234527.625,237741.46875,239130.609375,252050.78125,248747.15625,210129.234375,210201.765625,226113.5625,221700.671875,150450.5,175992.4375,186004.640625,198454.671875,211822.09375,213596.75,250179.859375,245933.15625,242498.46875,228114.53125,242957.515625,236943.234375,238593.34375,222123.015625,262727.90625,254511.125,236625.171875,173603.078125,155660.1875,147354.015625,180693.734375,200584.1875,148059.359375,138239.921875,279707.59375,260184.5,149537.078125,154917.3125,245687.75,238816.1875,175634.34375,200378.765625,201809.171875,198379.875,287420.96875,254046.671875,222204.546875,247822.40625,241554.359375,254072.71875,279484.09375,288483.1875,211614.640625,219357.03125
58,193120.046875,188397.03125,175600.890625,184891.0,166326.3125,161926.0625,152116.78125,160682.53125,187688.953125,167183.09375,215139.8125,193264.328125,194012.09375,180716.8125,204281.875,185718.1875,199019.0625,198170.96875,212217.484375,188852.296875,215723.234375,198508.53125,198700.609375,181620.90625,167095.390625,177968.796875,165003.890625,171739.328125,212146.890625,213784.703125,217744.796875,204735.0,201822.515625,204324.15625,191278.546875,175825.515625,226876.546875,238966.140625,229050.109375,234949.03125,200721.84375,189465.125,179921.734375,169009.703125,154507.984375,156947.59375,160372.03125,152391.453125,168813.515625,170071.96875,188094.203125,195265.15625,188455.609375,200732.796875,173885.96875,177057.4375,161401.234375,183890.515625,141025.203125,142687.546875,223572.28125,236424.40625,214530.484375,218977.734375,193845.359375,190048.09375,179199.8125,178457.609375,189377.25,195160.609375,243507.0625,275017.4375,258731.546875,259213.796875,187877.375,170768.09375,260031.546875,223086.96875,212398.984375,215521.609375,162854.125,176154.484375,182334.859375,173343.25,204543.03125,208988.53125,222944.78125,219937.46875,154609.984375,198369.296875,217297.71875,183858.65625,170504.296875,157198.0625,187182.53125,169928.40625,223124.015625,215409.1875,199632.390625,180969.828125,127043.578125,126822.734375,202031.203125,190627.921875,219004.578125,229922.21875,205278.296875,201179.28125,250546.3125,214967.3125,177844.375,161729.09375,256347.828125,231405.671875,199462.609375,169502.765625,272231.5,219212.21875,264184.21875,273647.8125,240098.671875,229708.703125,253048.1875,245374.140625,215238.046875,197484.0625,224617.546875,224129.875,259288.6875,221936.375,195408.78125,189149.484375,248884.921875,233423.078125,216492.828125,218588.5,245083.03125,238914.015625,227968.375,245155.609375,206735.796875,214921.953125,242866.5625,243296.65625,227084.34375,232396.890625,213685.21875,201653.375,229123.15625,199381.078125,236558.453125,231457.4375,230221.234375,224165.65625,205817.453125,212693.0625,208371.9375,225199.546875,197048.265625,214556.484375,182059.890625,175052.359375,236194.96875,242161.140625,232917.765625,255267.09375,240641.34375,255660.203125,275544.8125,278934.46875,256372.578125,261666.1875,249592.140625,261625.859375,213033.296875,208235.453125,185067.421875,184640.734375,216243.28125,211624.921875,214844.359375,207245.84375,189267.546875,198605.78125,212543.453125,192288.125,202613.65625,213158.71875,206580.234375,223567.96875,236389.8125,246930.328125,206410.828125,235765.421875,237902.140625,238811.609375,251131.59375,247799.359375,210960.96875,210802.59375,227137.03125,222445.515625,151693.0625,177026.3125,186935.40625,200078.890625,211476.296875,213152.734375,249578.4375,245723.859375,239728.125,227829.546875,243299.8125,236718.734375,239530.125,222456.46875,263579.0625,254764.984375,236094.015625,173342.0,155280.703125,146799.109375,180580.453125,200375.671875,147762.0625,137989.328125,279530.375,259949.4375,148890.46875,154470.640625,243400.671875,237583.578125,175033.421875,199108.734375,201281.640625,197596.53125,286734.40625,252416.78125,221927.984375,247118.734375,241943.578125,254335.3125,280011.4375,288089.59375,210295.6875,218073.078125
59,193234.796875,188251.6875,175534.90625,184515.40625,166390.15625,161938.6875,152315.265625,160750.890625,188037.203125,167412.390625,215048.921875,193005.296875,193825.859375,180889.5625,204004.234375,185265.265625,199077.84375,197824.375,212051.828125,188802.21875,215247.140625,198352.921875,198663.609375,181384.625,167380.9375,177775.921875,164220.515625,172371.59375,211621.4375,213480.0625,217364.421875,204637.171875,201222.109375,204219.515625,191484.765625,176134.953125,226755.59375,239495.1875,228884.421875,234657.203125,200897.765625,189864.1875,180036.3125,168807.78125,154993.59375,157174.15625,160695.15625,152242.828125,169237.640625,170559.25,188195.9375,195329.96875,188569.515625,200676.59375,173914.53125,177185.375,161228.78125,184115.890625,141078.40625,142808.484375,223536.453125,236170.421875,214374.6875,218854.546875,193950.765625,190030.8125,179353.6875,178739.09375,189978.453125,196120.015625,243318.546875,275408.75,258291.3125,259192.328125,188377.796875,170835.328125,259110.265625,223272.234375,212639.5625,215766.6875,162570.640625,176230.078125,183064.921875,174386.15625,204750.8125,208989.46875,222996.078125,220101.5625,155037.5625,198831.828125,216871.84375,184135.421875,171619.21875,158748.359375,187776.96875,170591.015625,222880.421875,215570.875,199488.703125,180999.515625,127437.5390625,127217.1953125,203002.65625,191633.3125,218956.03125,229730.734375,205526.78125,201352.125,251853.859375,215036.0,178592.078125,161947.6875,256692.0625,231732.21875,200941.5,169281.109375,272593.6875,219631.21875,263787.9375,273608.875,239817.84375,229734.453125,253076.046875,245075.609375,215579.78125,197304.5625,224356.078125,223997.25,259437.25,221819.28125,195496.921875,189057.53125,248868.34375,233265.0,216198.140625,218026.140625,244581.390625,238134.828125,228102.265625,245028.21875,206704.0625,214635.125,242530.28125,242883.5625,226955.984375,232049.640625,213422.9375,201002.109375,229018.359375,199054.0625,236009.390625,230940.59375,229754.203125,223550.421875,206028.078125,212949.59375,208499.71875,225379.671875,197153.671875,214734.28125,181920.40625,175032.65625,235918.109375,242033.78125,232689.734375,253583.609375,240688.65625,255853.71875,273804.625,276991.125,256386.234375,261270.359375,249179.6875,261731.53125,212553.09375,207443.21875,184827.046875,184756.53125,216230.1875,211657.140625,213963.5625,206208.421875,189437.6875,198884.296875,212514.015625,191878.875,203127.078125,213562.765625,206679.453125,223418.25,235864.65625,246148.296875,206124.1875,235444.375,237474.4375,238278.6875,250309.546875,246718.4375,210975.953125,210779.328125,226963.984375,222519.15625,152007.46875,177181.25,187052.984375,200419.171875,211486.265625,213015.953125,249489.671875,245123.6875,239561.453125,228782.234375,243057.90625,236996.109375,239935.1875,223237.796875,263819.40625,255195.125,236597.34375,173517.21875,155243.40625,146866.09375,180745.15625,201114.0625,147722.65625,137916.484375,279502.28125,259840.453125,148773.78125,154489.953125,242453.546875,236889.4375,174832.671875,198313.203125,200859.328125,197161.453125,285397.8125,252190.515625,221326.671875,246576.3125,241637.25,253874.953125,278883.0625,286592.375,209725.1875,217382.765625
60,193756.25,188876.640625,175190.515625,184381.5625,165084.921875,161099.84375,152810.625,161040.859375,188508.0625,167924.328125,215350.703125,193117.6875,193329.71875,180367.046875,203640.125,185338.046875,198631.484375,197826.421875,211101.1875,188305.109375,214646.890625,197769.078125,198464.40625,180782.734375,167676.71875,177865.703125,164041.125,171300.265625,211071.703125,213697.765625,216729.4375,204471.046875,200493.140625,204347.484375,191379.734375,176252.421875,226599.8125,240233.921875,228547.5,235444.046875,200524.296875,190021.375,180194.984375,169000.8125,155413.125,157824.8125,160717.359375,152488.4375,169215.53125,170765.890625,188436.78125,195848.046875,188477.859375,200603.703125,173956.59375,177365.25,160874.78125,184100.828125,140934.84375,142869.28125,224128.0,236089.40625,214355.890625,219006.078125,193985.6875,190122.3125,179421.65625,178800.625,190780.53125,198104.65625,243678.421875,276385.125,258641.109375,259696.171875,188209.828125,171064.953125,258827.796875,223716.5625,212626.890625,216203.578125,161630.859375,176057.109375,183257.84375,174999.421875,204057.203125,208994.5625,222598.25,219969.0,154418.046875,198006.78125,215829.203125,183095.984375,171756.71875,159798.46875,187296.0,170172.09375,221801.140625,215429.484375,198678.984375,180755.203125,127056.9765625,127233.5390625,203195.484375,191760.015625,219050.671875,229657.0625,205254.265625,201144.890625,252738.609375,214409.90625,177585.53125,161519.109375,256043.109375,231827.015625,201901.953125,167890.328125,274823.71875,220116.6875,262940.0625,273132.75,239556.234375,229879.953125,252617.203125,245221.0,217044.71875,197746.515625,224544.546875,224257.390625,259243.53125,221461.484375,195988.6875,189371.328125,249054.21875,232931.984375,216240.84375,217811.234375,244478.09375,238136.40625,228045.109375,244514.890625,207021.546875,215201.78125,241790.5625,242892.609375,227662.9375,232560.890625,213540.40625,201085.296875,229157.015625,199272.375,236327.34375,231229.0625,229683.890625,223912.078125,205778.578125,213331.390625,208547.5,225817.84375,196914.296875,214916.265625,181982.234375,174877.46875,236253.265625,242672.625,232361.609375,254064.25,240759.671875,257206.8125,272996.9375,276522.65625,256944.109375,261544.375,249296.65625,262013.515625,212914.75,208186.953125,185251.3125,184978.703125,216931.484375,212528.890625,213547.109375,206597.734375,190603.28125,200401.671875,213056.90625,192605.78125,203534.59375,213796.875,207334.484375,223941.4375,237123.890625,247253.6875,206054.40625,234823.5625,237462.921875,238316.34375,250995.875,247321.640625,210191.703125,210148.546875,225923.859375,222094.21875,151085.078125,176476.046875,186422.46875,199398.9375,211971.40625,213466.6875,249841.46875,244386.671875,242218.90625,229423.171875,242367.203125,237193.375,239305.75,223783.296875,262849.34375,255389.390625,237050.4375,173892.484375,155761.75,147058.953125,180801.375,201334.75,148093.5,138106.328125,279623.4375,259958.796875,149383.703125,154696.359375,243927.28125,237893.59375,175243.515625,199002.078125,200920.34375,197705.53125,285125.25,253553.125,221185.09375,247517.3125,241094.9375,253933.0,277982.21875,286417.09375,210240.140625,218102.28125
61,193699.625,189176.140625,175015.265625,184416.59375,163982.1875,160682.140625,153057.34375,161137.703125,188546.859375,167964.453125,215548.453125,193436.125,193052.890625,179709.609375,203385.5625,185618.859375,197871.453125,197687.28125,210345.515625,187757.5,214095.078125,196917.0,198037.234375,180216.3125,167407.046875,177697.15625,164150.640625,169381.90625,210488.65625,213628.90625,216319.0,204045.53125,200226.609375,204516.265625,191204.203125,175974.140625,226636.109375,240519.375,228694.765625,235903.078125,200398.640625,189991.25,180481.890625,169184.0,155446.140625,158280.375,161157.609375,152922.96875,169482.390625,171107.390625,188591.578125,196005.828125,188110.078125,200468.8125,173907.265625,177314.625,160744.96875,183900.890625,140680.28125,142731.390625,225018.8125,236747.640625,213997.625,218647.234375,193755.6875,190089.71875,179193.546875,178605.515625,192037.328125,199579.09375,243906.265625,276586.03125,259478.0625,260311.0,187660.21875,171374.109375,260250.96875,224246.125,212671.234375,216581.234375,161327.9375,176202.609375,183478.28125,175231.578125,203537.625,209099.4375,222493.890625,220234.46875,153706.90625,197259.78125,215371.234375,181979.046875,171692.59375,160228.109375,186908.953125,169955.15625,220641.0,215008.375,197936.390625,180529.390625,126700.5234375,127137.671875,202999.5625,191914.53125,219492.140625,230136.328125,205110.4375,201157.328125,252683.015625,214250.875,176765.28125,161727.375,255950.609375,232030.796875,202100.484375,167942.6875,276155.34375,220683.953125,263459.9375,273359.40625,239755.71875,230151.375,252373.78125,245827.171875,217994.828125,198005.734375,224579.8125,223992.953125,258612.84375,220872.59375,196229.703125,189771.34375,248881.71875,232224.9375,215844.375,217622.828125,243995.625,237762.71875,227379.984375,243626.375,207097.296875,215407.75,241347.4375,243335.65625,227782.84375,232962.28125,213775.59375,201462.6875,229312.984375,199498.890625,236705.75,231627.359375,229605.859375,224168.96875,205277.296875,213266.59375,208517.28125,226222.921875,196602.375,214767.34375,182123.953125,174792.03125,236573.578125,243095.203125,232340.65625,254811.09375,240660.171875,258110.640625,274026.125,277858.625,257437.375,262181.25,249987.125,262453.65625,213219.0,208802.640625,185577.125,185219.03125,217273.65625,213219.8125,213905.1875,207519.4375,190915.75,200825.40625,212960.125,193025.5,203734.28125,214174.4375,207838.078125,224737.1875,238525.65625,248702.40625,206224.8125,235517.890625,238165.5,238892.765625,252015.640625,248727.0625,209375.78125,209327.953125,225121.890625,221404.265625,150205.140625,175721.015625,185952.421875,198535.515625,211965.328125,213465.953125,249651.609375,243342.703125,244456.921875,229557.984375,242009.609375,237380.265625,239263.46875,224193.03125,262919.5,255811.390625,236805.71875,173779.53125,155967.328125,147075.390625,180673.34375,200730.3125,148178.53125,138146.765625,279867.78125,259943.21875,149679.71875,154823.34375,244374.0,238458.0625,175620.890625,199685.109375,201155.859375,198127.328125,285234.5625,253780.703125,221445.953125,248234.96875,241539.9375,254119.546875,278139.28125,286717.96875,210502.203125,218628.484375
62,193475.5,189096.15625,175279.171875,184427.453125,164342.65625,160968.46875,152993.0625,160998.875,188400.921875,167839.9375,215794.28125,193721.265625,193352.625,179859.34375,203528.34375,185661.875,198015.578125,197622.6875,210311.296875,187643.078125,213966.5625,196644.703125,197923.75,180053.578125,166978.140625,177559.109375,163957.3125,169008.65625,210410.203125,213263.375,216501.6875,203686.09375,200391.0,204322.4375,191158.84375,175528.75,226823.71875,240213.5,229023.8125,235178.84375,200503.734375,189959.21875,180801.265625,169123.703125,155279.171875,158346.9375,161249.921875,153114.140625,169311.21875,171152.15625,188531.453125,195704.71875,188018.515625,200358.125,173813.21875,177281.65625,160833.640625,183959.09375,140631.515625,142588.109375,224801.078125,237114.953125,213787.171875,218410.5,193624.75,190003.515625,179024.734375,178385.53125,192406.625,199897.515625,243807.234375,275945.65625,259353.640625,260497.328125,187473.71875,171483.8125,261420.046875,224493.859375,212590.328125,216764.984375,161924.171875,176577.59375,183780.78125,175459.203125,203609.203125,209105.015625,222618.734375,220796.125,153894.359375,197603.015625,215506.5625,181771.140625,171998.984375,160376.734375,187271.0,170288.59375,220288.890625,214616.109375,198103.515625,180459.671875,126811.09375,126957.90625,203056.859375,192286.328125,219401.578125,230133.71875,204972.234375,201178.515625,252455.78125,214452.1875,176983.71875,162193.140625,256313.390625,232117.84375,202112.0,168216.109375,276024.21875,220455.09375,264086.65625,273098.625,239561.53125,230425.875,252484.5,246108.078125,217497.375,197459.8125,224268.28125,223176.828125,258170.140625,220590.671875,195840.859375,189745.125,248469.796875,231716.953125,215361.4375,217384.390625,243813.453125,237204.34375,227060.46875,243151.078125,207175.1875,215226.203125,241841.546875,243835.421875,227654.015625,232844.359375,213807.828125,201462.859375,229236.390625,199381.265625,236930.3125,231813.546875,230033.25,224455.5,205147.75,213018.109375,208472.078125,226327.640625,196499.828125,214489.78125,182035.671875,174874.6875,236667.109375,243122.140625,233084.734375,255356.15625,240884.390625,257262.140625,275491.125,278653.3125,257296.546875,262155.03125,250330.921875,261957.9375,213507.09375,209149.296875,185460.78125,185056.28125,217305.6875,213081.515625,214875.140625,207942.328125,190541.15625,200414.34375,212767.0,192977.703125,203190.140625,214019.046875,208017.53125,225094.40625,238902.0,249175.015625,206659.640625,235870.828125,238473.65625,238888.75,252323.5,249283.71875,209064.515625,208861.3125,225097.21875,220841.6875,150141.328125,175608.046875,186003.703125,198419.296875,211603.90625,212620.734375,249190.140625,242632.28125,244677.78125,229559.328125,241897.09375,237827.546875,239971.0625,224030.328125,263689.3125,255894.265625,236368.078125,173283.375,155528.609375,147175.140625,180447.203125,200605.1875,147885.671875,137925.46875,279664.3125,259670.109375,149325.46875,154983.484375,243441.21875,237430.90625,175549.9375,199693.203125,201546.78125,198085.515625,284613.25,252143.703125,221765.53125,247615.59375,241835.671875,253519.671875,278228.625,286133.25,210503.796875,218520.046875
63,193667.546875,189107.96875,175505.75,184455.0,165400.328125,161446.328125,152660.96875,160740.71875,188172.703125,167728.171875,216063.015625,193744.59375,193675.859375,180383.53125,204013.6875,185566.15625,198826.78125,197834.75,210709.28125,187908.328125,214490.9375,197051.890625,198335.265625,180470.71875,166844.296875,177779.390625,163857.75,169857.875,211059.046875,213163.484375,216757.78125,203744.53125,200731.0,204206.1875,191251.78125,175493.140625,227024.390625,240006.875,228987.65625,234853.84375,200264.125,189630.953125,181016.640625,169247.78125,155126.75,158243.28125,160695.96875,153228.578125,168917.8125,170903.328125,188548.78125,195694.109375,188098.265625,200308.078125,173706.5,177285.0,160781.953125,184091.046875,140740.015625,142620.796875,223879.0625,236805.078125,214061.34375,218766.953125,193732.015625,189835.96875,179037.71875,178152.875,191279.15625,199016.96875,243948.546875,275608.65625,258725.125,260294.34375,187808.671875,171361.25,261302.59375,224298.28125,212349.40625,216648.765625,162524.484375,176779.265625,183733.375,175430.140625,203691.484375,208935.890625,222631.8125,220737.953125,154666.21875,198440.265625,215809.84375,182109.375,172142.296875,160092.703125,187680.359375,170524.078125,220944.171875,214364.71875,198863.015625,180567.75,127201.296875,126772.046875,203419.46875,192341.09375,218953.4375,229413.546875,204799.5625,200658.34375,252274.9375,214807.1875,177735.703125,162105.9375,256380.3125,231510.1875,201557.34375,168444.9375,275353.53125,219850.15625,263864.875,272403.84375,239208.46875,230384.875,252520.421875,245683.890625,216507.71875,197024.515625,224010.578125,223006.953125,258108.328125,220772.5625,195330.5625,189418.09375,248271.046875,231955.765625,215408.6875,217353.953125,244422.3125,237729.046875,227279.859375,243444.421875,207362.890625,215449.53125,242453.53125,243897.09375,227805.078125,232615.109375,213594.15625,201174.65625,228965.25,199146.921875,237007.859375,231766.875,230583.390625,224699.453125,205107.453125,212802.171875,208296.078125,226076.59375,196372.234375,214336.40625,181752.09375,174849.0,236619.03125,243234.25,233871.25,255842.390625,241335.4375,256394.625,275875.4375,278562.46875,256860.421875,261893.5625,250059.609375,261431.578125,213747.109375,209346.390625,185439.515625,184780.265625,217330.359375,212514.796875,215667.140625,208024.203125,190407.609375,200212.25,212885.4375,192986.34375,202313.890625,213090.296875,208208.515625,225093.71875,238285.59375,248507.5,206759.78125,234989.59375,238108.203125,238578.59375,252179.90625,248891.609375,209263.859375,208896.046875,225362.234375,220776.890625,150387.71875,175919.453125,186208.375,198622.046875,211342.21875,211918.3125,249065.609375,242895.484375,243355.125,229583.71875,241964.3125,238159.234375,239723.453125,223404.09375,263351.65625,255364.03125,236376.765625,173147.3125,155191.546875,147342.921875,180375.625,200823.21875,147666.953125,137697.4375,279119.15625,259597.28125,148805.375,154953.0,243326.53125,237002.234375,175405.734375,199615.171875,201842.359375,197919.03125,284802.3125,251355.78125,221898.078125,247219.0625,241306.171875,253361.046875,278348.53125,286413.90625,210641.75,218327.953125
64,193649.296875,188931.921875,175329.125,184370.84375,165394.921875,161494.359375,152343.359375,160589.421875,187900.4375,167434.15625,215477.640625,193245.53125,193359.859375,180052.40625,204028.671875,185477.671875,198784.015625,197901.734375,210923.75,187920.03125,215015.578125,197285.71875,198538.890625,180936.625,166861.140625,177949.328125,164171.421875,169963.75,211687.765625,213501.703125,216840.921875,203877.15625,200937.65625,204335.25,191495.734375,175695.390625,227155.796875,240236.34375,228897.296875,235752.96875,199925.171875,189038.21875,181223.625,169673.65625,155126.25,158254.53125,160621.0625,153294.453125,169371.890625,171106.640625,188747.859375,196033.109375,187898.578125,200278.5,173661.640625,177286.84375,160620.625,183934.5,140672.875,142762.515625,223902.15625,236900.875,214306.640625,219228.78125,193667.265625,189512.125,178997.078125,178124.84375,190878.734375,198247.859375,244075.15625,275858.71875,259027.359375,260049.734375,187898.96875,171132.171875,261419.9375,224151.171875,212399.171875,216403.375,162499.5,176470.09375,183680.265625,175113.90625,203529.9375,208699.796875,222678.28125,220203.84375,155011.625,198869.3125,216426.25,182525.671875,172074.5625,159627.859375,187610.703125,170349.96875,222011.71875,214357.15625,199191.140625,180695.625,127437.1875,126809.515625,203797.328125,192382.84375,218971.484375,229138.046875,205060.03125,200479.5,252276.0,215156.921875,178245.234375,161962.484375,256574.078125,231235.890625,200978.4375,169284.171875,275073.125,219828.765625,263972.15625,273101.34375,239472.125,230055.71875,252402.203125,245392.03125,216183.453125,197104.921875,224211.5625,223563.859375,258320.734375,220780.390625,195307.921875,189212.328125,248551.40625,232086.265625,215932.453125,217491.5,245051.828125,238501.8125,227394.078125,244056.515625,207215.921875,215668.3125,242100.90625,243453.140625,227653.53125,232692.390625,213566.09375,201191.0,228756.140625,198914.4375,236672.359375,231419.8125,230103.390625,224151.859375,204807.171875,212504.40625,208245.296875,225856.0625,196150.765625,214206.53125,181696.296875,174660.921875,236747.390625,243350.96875,233898.453125,255934.359375,241517.671875,257067.65625,276067.71875,278784.53125,257070.40625,262408.375,250361.578125,262500.28125,213418.359375,208724.96875,185271.546875,184776.46875,216796.40625,211876.375,215375.328125,207766.484375,190089.421875,199554.296875,212543.0,192533.625,202156.03125,212552.359375,208245.234375,225184.03125,237426.703125,247512.8125,206465.671875,234764.15625,237746.890625,238722.484375,251608.28125,248339.703125,209807.046875,209368.625,225580.71875,221059.890625,150690.28125,176390.46875,186383.671875,198848.140625,211087.359375,212142.78125,249178.921875,243883.46875,242345.828125,229347.046875,242408.703125,237948.34375,239350.625,223197.6875,263249.78125,255263.5,236650.390625,173510.21875,155198.0625,147291.625,180633.28125,200980.78125,147602.203125,137875.765625,278944.5,259571.875,148480.828125,154711.796875,244133.90625,238340.15625,175501.609375,199498.625,201919.765625,197828.0625,286199.4375,252919.796875,222028.75,247571.171875,241548.6875,254219.625,278745.5625,287350.28125,210786.5625,218322.640625
65,193444.328125,188836.3125,175219.3125,184333.015625,164560.421875,161041.6875,152310.671875,160687.65625,187985.015625,167405.234375,214747.125,192872.453125,193012.84375,179450.171875,203577.84375,185546.46875,198199.78125,198001.203125,210784.984375,187787.75,215028.359375,197406.4375,198356.125,181029.59375,166797.546875,178020.9375,164419.640625,169660.578125,211868.375,213957.484375,217110.921875,204032.84375,200891.375,204319.890625,191687.78125,175707.875,226974.265625,240074.453125,228850.203125,236110.5,199789.34375,188877.046875,181044.265625,169793.0,155018.234375,158095.171875,160772.34375,153016.625,169508.75,171160.75,188639.90625,195997.53125,187733.59375,200319.359375,173717.015625,177428.09375,160663.40625,183773.421875,140627.5,142774.109375,224225.578125,237072.84375,214226.703125,219555.234375,193559.90625,189557.515625,179035.21875,178358.8125,191036.953125,197893.984375,243634.296875,275647.25,259038.96875,259746.28125,187388.390625,170915.25,261117.171875,224131.3125,212357.640625,216267.109375,162124.484375,175807.34375,183484.40625,174574.515625,203346.796875,208645.0,222671.53125,219986.046875,154869.453125,198526.96875,216862.34375,182848.078125,171679.703125,159033.390625,187237.5,169732.140625,222493.484375,214719.921875,199039.09375,180557.1875,127298.7265625,126745.4375,203590.640625,192147.65625,219133.28125,229444.734375,205469.734375,201001.78125,252354.34375,214959.078125,177952.75,161771.859375,256641.28125,231810.390625,200985.453125,169224.390625,274970.15625,219814.734375,263945.84375,274131.6875,239383.4375,229826.65625,252133.5,245496.3125,216399.953125,197145.828125,224566.046875,223886.453125,258668.5625,220744.953125,195444.28125,189141.78125,248908.09375,232009.515625,216293.890625,217693.765625,245311.0625,238618.0625,227596.171875,244596.71875,206953.140625,215618.28125,241526.671875,243085.1875,227304.953125,232985.65625,213785.203125,201427.265625,228857.34375,198918.609375,236511.25,231369.1875,229633.703125,223880.828125,204671.265625,212428.96875,208390.484375,225832.46875,196225.046875,214249.1875,181939.5,174679.96875,236872.609375,242943.5625,233183.125,255719.546875,240973.890625,257317.8125,276077.84375,278922.34375,257365.71875,262239.65625,250901.359375,262875.9375,213283.34375,208474.578125,185108.1875,184711.25,216241.171875,211674.953125,215017.3125,207841.828125,189682.671875,199079.390625,212277.734375,192319.5,202225.03125,212837.625,207839.859375,225124.328125,237458.828125,247403.609375,206395.375,235350.140625,237661.15625,238756.875,251022.40625,248188.5,210113.828125,209721.171875,225627.46875,221254.71875,150849.515625,176556.265625,186438.03125,198995.734375,211053.578125,212621.953125,249345.9375,244675.484375,241996.875,228724.96875,242567.953125,237533.234375,239720.296875,223242.484375,264231.0,255636.234375,236664.828125,173886.34375,155207.21875,147198.390625,180828.90625,201528.640625,147732.15625,138448.671875,279207.6875,259395.171875,148556.875,154712.140625,244436.921875,239038.9375,175709.78125,199292.671875,202165.609375,198071.578125,286558.3125,253950.4375,222517.984375,247939.015625,242602.390625,255035.46875,279287.53125,287095.90625,210934.734375,218603.4375
66,193506.921875,189147.546875,175420.875,184563.015625,164538.796875,160869.75,152375.65625,160854.265625,188285.03125,167691.25,215136.40625,193207.25,193373.5625,179844.84375,203535.1875,185755.21875,198376.71875,198437.625,210671.546875,188155.640625,214788.140625,197855.140625,198420.625,181152.78125,166772.40625,178317.546875,164368.75,170470.28125,211771.609375,214174.703125,217270.515625,204505.625,200892.15625,204460.234375,191712.296875,176011.953125,226714.046875,239713.265625,228537.203125,235671.109375,199977.5,189405.046875,180621.84375,169597.296875,154839.640625,157697.71875,160234.265625,152667.140625,168892.96875,170415.375,188424.640625,195876.875,187907.0,200470.453125,173739.53125,177538.375,160782.4375,183862.890625,140813.609375,142603.140625,223772.78125,236685.84375,214112.96875,219749.859375,193872.015625,190052.9375,179377.5625,178503.84375,190289.125,197311.53125,243214.234375,275283.34375,258295.921875,259525.171875,187140.25,170973.8125,259994.1875,223755.296875,212058.859375,216131.828125,161955.34375,175520.515625,183083.734375,174145.765625,203378.1875,208776.890625,222468.53125,219885.203125,154682.75,197962.171875,216624.890625,182833.109375,170949.28125,158508.453125,186925.34375,169227.03125,222264.859375,214948.203125,198876.578125,180338.5,127081.1484375,126480.71875,202973.59375,191433.890625,219003.96875,229572.109375,205446.453125,201136.953125,252249.25,214651.375,177600.171875,161116.640625,256072.390625,231506.109375,200896.734375,168505.4375,274701.09375,219737.296875,263304.5625,273562.1875,238818.765625,229796.40625,251902.21875,245398.0625,216583.734375,197362.84375,224579.828125,223885.53125,258844.53125,221193.25,195485.21875,189243.5625,248871.921875,232578.796875,216038.421875,217811.578125,245208.703125,238721.84375,227979.4375,244895.84375,207092.4375,215815.96875,241704.796875,243153.796875,227309.734375,233100.984375,213569.203125,201264.390625,229039.015625,199297.953125,236717.84375,231672.625,230094.796875,224437.96875,204943.28125,212746.875,208441.96875,225871.9375,196537.84375,214528.859375,182116.078125,174848.109375,236646.15625,242542.40625,232789.765625,255658.453125,240537.9375,256744.59375,275306.6875,278217.40625,256950.0,261370.546875,250514.734375,261734.640625,213609.84375,209098.734375,185573.0625,184718.96875,216647.140625,212128.484375,215231.921875,208513.515625,189769.65625,199575.75,212651.296875,192905.21875,202360.40625,213253.0,207032.53125,224277.671875,237720.828125,247663.328125,206272.46875,234933.84375,237677.578125,238581.484375,251017.890625,248042.25,209938.125,209542.90625,225559.140625,221315.859375,150575.53125,176000.859375,186315.4375,199027.53125,211200.140625,212619.125,249466.859375,244724.40625,241809.96875,228394.453125,242383.6875,237391.96875,239100.703125,222933.0,263731.40625,255260.9375,236685.171875,173955.828125,155388.890625,147470.1875,180756.375,201458.046875,148061.0625,138765.796875,279636.125,259781.796875,148887.921875,154993.96875,243900.71875,238146.5625,175801.046875,199201.703125,202204.953125,198444.96875,285934.71875,252415.609375,222549.0625,248074.828125,242284.640625,255080.21875,279660.34375,287238.84375,210893.953125,218648.109375
67,193281.640625,188978.484375,175434.90625,184749.765625,165264.65625,161299.5625,152301.96875,160779.828125,188108.53125,167561.28125,215465.390625,193401.171875,193717.546875,180371.984375,203709.109375,185795.96875,198852.3125,198574.359375,210809.265625,188511.53125,214652.46875,198023.28125,198542.28125,181461.453125,166869.40625,178429.5625,164558.078125,171439.0625,211375.796875,214089.953125,216987.15625,204660.921875,201046.71875,204738.09375,191538.046875,176470.296875,226820.28125,239921.15625,228353.1875,235807.03125,200327.015625,189754.25,180626.625,169669.015625,155031.15625,157694.671875,160021.0,152668.140625,169163.828125,170172.5625,188627.46875,196237.640625,188052.640625,200587.390625,173624.40625,177273.15625,160744.1875,183872.9375,140901.4375,142506.859375,223556.53125,236718.203125,214029.765625,219644.8125,194140.34375,190133.734375,179593.078125,178475.671875,190222.046875,197375.625,243209.765625,275563.71875,258596.9375,259766.765625,187439.359375,171307.21875,260090.53125,223510.65625,212269.8125,216058.5,162164.4375,175976.015625,183084.0625,174407.140625,203725.015625,208998.65625,222573.171875,219907.421875,154445.96875,198170.6875,216539.859375,182961.953125,170666.515625,158555.734375,186951.703125,169678.515625,222162.140625,214761.296875,198827.140625,180661.3125,127111.921875,126769.375,202875.46875,191450.765625,219016.328125,229558.90625,205270.28125,200986.953125,252265.65625,214977.515625,177859.578125,161044.40625,256079.5,230749.90625,200892.515625,169141.328125,274904.3125,220632.703125,263555.75,272856.9375,239229.4375,229916.296875,252067.8125,245431.421875,216408.59375,197785.015625,224437.515625,223950.203125,258800.609375,221563.296875,195585.15625,189418.90625,248754.703125,233230.140625,215754.390625,217782.21875,244513.015625,238746.890625,227883.0,244858.375,207118.25,215849.53125,241946.0,243299.171875,227295.71875,232964.734375,212999.171875,200945.421875,228906.140625,199485.25,236478.484375,231477.671875,230041.265625,224221.828125,205208.65625,212946.390625,208464.25,225848.828125,196595.15625,214599.53125,182044.078125,174806.046875,236503.265625,242747.53125,233392.21875,255295.78125,241086.0625,256926.953125,274835.4375,277681.6875,256760.546875,261755.0625,250083.3125,261632.734375,213177.828125,208685.890625,185740.09375,184956.5,216999.546875,212367.5,214994.203125,208362.796875,189840.5625,199628.828125,212644.34375,192800.453125,202975.609375,213272.375,206446.25,223180.03125,236766.203125,246869.53125,205897.828125,234315.625,237628.09375,238569.265625,251058.28125,247493.34375,209973.71875,209565.328125,225793.4375,221573.90625,150534.65625,175701.046875,186393.0,199158.8125,211011.15625,212695.21875,249447.53125,244540.015625,242662.53125,228763.671875,243129.84375,237639.3125,238581.5625,222972.484375,262309.0,254779.515625,236880.46875,173881.828125,155660.328125,147711.875,180941.453125,200414.8125,148186.234375,138646.125,279951.46875,260450.65625,149131.75,155096.859375,243746.71875,238045.234375,175625.65625,199342.171875,201738.609375,198405.015625,286491.6875,251785.375,221941.0,248079.75,241311.921875,254941.234375,279730.8125,288700.9375,210715.265625,218457.953125
68,192785.4375,188273.953125,175192.46875,184747.0,165463.453125,161491.765625,152260.21875,160567.015625,187695.359375,167199.671875,214869.3125,193024.671875,193425.203125,180018.640625,203669.125,185641.109375,198758.984375,198130.0,211061.03125,188257.921875,214702.84375,197615.90625,198406.265625,181349.515625,167008.0625,178014.5,164884.1875,171063.78125,210973.953125,213835.3125,216770.34375,204113.125,200923.015625,204471.484375,191218.546875,176152.8125,226940.171875,239951.78125,228495.234375,235957.296875,200365.65625,189489.171875,180837.75,169799.390625,155290.71875,158006.96875,160786.984375,152761.8125,169766.015625,170781.546875,188771.046875,196255.234375,188132.9375,200610.90625,173656.15625,176916.890625,160775.609375,183771.484375,140848.703125,142641.109375,223970.515625,237049.015625,213884.921875,219368.828125,194022.40625,189883.546875,179428.875,178546.34375,191156.140625,198234.875,243086.9375,275592.5625,259077.109375,259945.625,187550.453125,171445.84375,260298.203125,223786.828125,212648.765625,216122.171875,162394.6875,176513.640625,183433.40625,175008.8125,204165.78125,209140.046875,222978.09375,220354.5,154211.8125,198768.09375,216709.90625,183315.265625,171299.890625,159034.640625,187234.703125,170477.875,222158.484375,214649.5,198901.46875,181130.140625,127292.796875,127385.625,203208.203125,192199.109375,219186.953125,229734.1875,205384.828125,201218.5625,252511.78125,215346.609375,178222.625,162254.125,256882.71875,231548.5625,201747.484375,170319.921875,275744.6875,221489.15625,264430.6875,273061.28125,239877.53125,229968.546875,252409.578125,245791.078125,216153.34375,197874.09375,224437.28125,224090.546875,258783.671875,221499.15625,195632.578125,189450.984375,248858.375,233216.578125,216010.5,217913.34375,243918.65625,238412.546875,227427.59375,244678.796875,206703.109375,215341.453125,241880.96875,243332.75,227017.40625,232665.953125,213290.015625,201204.953125,228783.5625,199366.390625,236156.4375,231042.40625,229440.640625,223442.296875,205323.859375,212865.390625,208537.8125,225556.140625,196506.828125,214487.34375,181955.0625,174742.703125,236540.203125,242628.4375,233576.296875,254462.609375,241512.4375,257023.703125,274492.90625,277480.78125,257129.34375,262062.640625,250315.75,262061.515625,212401.90625,207420.234375,184971.09375,184815.359375,216415.8125,211862.125,214437.203125,207337.40625,189534.03125,198898.25,212205.25,191978.484375,203147.453125,212969.90625,206557.0,222838.375,235758.375,246003.8125,205579.125,234667.109375,237578.046875,238510.265625,250893.765625,247159.703125,210320.59375,210085.296875,226137.75,221797.0,151018.3125,176207.765625,186610.21875,199317.703125,211006.859375,213242.0,249428.53125,244672.53125,243380.78125,229115.96875,244393.953125,237958.65625,239969.75,223593.15625,263121.875,255408.0,236906.140625,173907.828125,155515.84375,147351.296875,181283.984375,200421.25,147973.71875,138483.921875,279767.71875,260284.375,149160.25,154814.765625,243646.84375,238673.875,175388.0625,199387.09375,201483.953125,197963.9375,287071.28125,253117.78125,221897.359375,247914.859375,241923.28125,255006.359375,279879.6875,288682.4375,210711.25,218456.28125
69,192822.8125,188195.125,175057.859375,184697.59375,165270.53125,161286.296875,152267.828125,160566.28125,187760.90625,167262.875,214500.328125,192825.6875,193127.1875,179802.421875,203817.890625,185564.859375,198538.15625,197880.515625,211327.25,188128.71875,214902.96875,197502.984375,198362.71875,181065.65625,167043.75,177664.796875,164715.796875,170687.625,211082.4375,213604.53125,216852.09375,203842.59375,200572.53125,203978.984375,191071.625,175512.390625,226689.4375,239324.203125,228491.0,235226.15625,200033.1875,189205.109375,180781.25,169611.578125,155107.109375,157967.296875,160971.5625,152568.03125,169071.890625,170789.796875,188384.6875,195575.4375,188410.53125,200720.78125,173886.3125,176960.515625,160965.765625,183859.671875,140994.6875,142747.09375,224027.0625,236408.578125,213909.984375,219229.59375,193887.203125,189951.984375,179228.671875,178622.875,191047.671875,198532.25,242958.453125,275161.25,258277.421875,259457.328125,187536.84375,171128.484375,259868.328125,224126.84375,212592.6875,216008.640625,162345.65625,176424.203125,183564.984375,175101.15625,204140.3125,208918.1875,222991.0,220529.953125,154404.046875,198934.21875,216410.578125,183144.765625,171924.171875,159213.125,187433.90625,170550.328125,221984.21875,214836.34375,198913.421875,180941.234375,127332.5703125,127318.9140625,203305.203125,192115.921875,219122.0625,229982.015625,205430.4375,201326.921875,252421.890625,215389.390625,178575.71875,163312.5,257039.5,232734.75,202412.9375,170427.84375,275719.25,220881.921875,264594.59375,273421.59375,239150.3125,229774.34375,252408.140625,245635.328125,215980.515625,197567.09375,224440.859375,224215.359375,258912.453125,221475.390625,195514.875,189308.765625,248892.09375,232982.28125,216307.015625,218201.484375,244216.171875,238302.359375,227484.40625,244759.75,206512.015625,215002.078125,242100.96875,243249.1875,227046.953125,232356.078125,214218.546875,201750.28125,228973.609375,199399.9375,236451.0625,231163.875,229704.234375,223764.359375,205543.296875,212828.953125,208520.703125,225104.171875,196643.328125,214539.21875,181934.34375,174859.71875,236245.46875,241535.828125,233000.171875,254616.734375,240924.6875,256049.65625,274111.65625,276913.875,256901.171875,260567.0,250187.296875,260830.640625,212758.890625,207570.703125,184489.3125,184279.421875,215792.53125,211275.328125,214574.3125,207091.59375,189375.921875,198809.65625,212329.046875,192008.046875,202359.328125,212605.6875,206976.8125,223347.296875,236262.46875,246633.203125,205732.171875,235047.9375,237639.703125,238477.4375,251016.65625,247496.828125,210514.171875,210392.234375,226159.109375,221829.28125,151391.921875,176623.53125,186630.375,199268.546875,211692.375,213477.703125,249567.640625,245000.90625,242482.71875,229191.125,244454.59375,238060.3125,241106.859375,223795.34375,264948.84375,256192.984375,236785.65625,173835.625,155172.890625,146930.09375,181046.59375,201617.390625,147824.84375,138338.453125,279115.3125,259446.953125,148986.40625,154607.8125,243203.40625,237989.5,175396.875,199234.453125,201692.171875,197727.921875,285767.125,253516.34375,222290.015625,247562.40625,242691.109375,254804.5,279652.03125,286707.40625,210835.0,218418.828125
70,193233.640625,188588.703125,175021.578125,184536.3125,165489.78125,161268.03125,152227.59375,160697.21875,188051.9375,167496.40625,214697.453125,192904.140625,193249.796875,180277.8125,204031.078125,185512.1875,198710.265625,198119.609375,211420.140625,188373.96875,215036.296875,197932.359375,198402.765625,181318.921875,166984.25,177835.140625,164352.015625,171535.125,211369.625,213567.09375,216986.046875,204207.03125,200782.0625,203905.453125,191256.84375,175522.203125,226652.078125,239125.21875,228553.546875,234705.125,199878.5,189251.546875,180644.734375,169436.71875,154939.71875,157769.078125,160275.640625,152391.71875,168456.0625,170434.375,188195.40625,195444.03125,188647.5,200800.71875,173922.03125,177183.0,161029.796875,183997.265625,141175.546875,142744.875,223866.546875,235718.4375,214219.5625,219144.53125,193738.0625,189984.6875,179179.125,178444.765625,190137.796875,197905.125,243145.9375,275339.09375,257896.875,259368.515625,187952.03125,170828.828125,260440.734375,224266.078125,212696.859375,215834.265625,162317.546875,176145.640625,183450.296875,174875.09375,203779.09375,208740.375,222897.484375,220185.109375,154879.09375,198791.96875,216213.1875,182891.03125,171773.71875,158906.390625,187493.390625,170224.078125,222229.046875,215165.359375,198822.671875,180654.671875,127253.984375,126861.4375,203219.34375,191354.984375,219078.25,230063.25,205132.703125,201154.359375,251920.09375,215598.265625,178580.890625,162825.6875,256540.421875,232194.6875,201270.984375,170019.96875,274064.03125,220143.40625,264507.46875,273834.5625,238629.171875,229813.578125,252220.15625,245126.5625,215682.15625,197216.828125,224518.875,224308.296875,259016.421875,221549.078125,195398.546875,189088.390625,248740.71875,232903.46875,216399.078125,218228.5,244654.796875,238631.09375,227927.40625,245029.484375,206772.3125,215135.8125,242409.21875,243021.8125,227433.25,232415.71875,214154.53125,201841.0625,228989.125,199409.515625,236741.90625,231488.578125,230182.671875,224490.484375,205858.015625,212874.453125,208502.34375,224999.03125,196788.0,214562.84375,181841.109375,174909.8125,235972.046875,241067.234375,233338.71875,254976.25,240613.90625,255759.4375,274671.1875,276929.875,256504.75,259636.8125,249782.703125,259964.90625,213414.640625,208606.734375,184824.265625,184211.515625,215891.5,211259.546875,215048.265625,207717.578125,189564.953125,199354.703125,212617.75,192414.609375,202016.578125,212547.28125,207177.0625,223982.8125,237201.09375,247557.8125,206585.140625,235356.625,237691.59375,238608.359375,251437.125,247915.171875,210722.796875,210399.328125,226113.3125,222094.109375,151553.984375,176697.75,186727.015625,199281.375,212216.09375,213335.578125,249904.5625,245289.03125,241899.453125,229534.984375,243559.90625,238113.5,240334.5,223469.8125,264521.65625,256000.609375,236743.71875,173651.484375,155220.609375,147079.5,180720.484375,201620.53125,148061.9375,138248.796875,278824.34375,259083.21875,149018.078125,154862.5625,243782.53125,237479.09375,175510.765625,199271.75,201817.640625,197956.015625,285108.34375,253156.875,222237.765625,247557.96875,242091.21875,254656.125,278906.46875,286393.78125,210766.265625,218394.15625
71,193316.0,188466.296875,174994.625,184103.03125,165412.25,160906.46875,152390.9375,160700.46875,188080.65625,167509.515625,214763.8125,192743.671875,193322.0,180210.375,203629.34375,185166.046875,198837.578125,198100.9375,211019.375,188013.109375,214737.375,197835.8125,198206.703125,181163.5625,167082.828125,178059.328125,164115.640625,171547.515625,211373.9375,213684.84375,217054.125,204419.859375,201264.953125,203998.640625,191558.984375,175860.078125,227061.65625,239753.71875,228977.796875,235151.6875,200173.5625,189420.9375,180825.203125,169494.09375,155255.96875,157973.6875,160241.703125,152580.234375,169353.6875,170936.296875,188762.109375,196066.875,188504.734375,200581.984375,173829.453125,177222.09375,160945.390625,183946.0625,141014.625,142856.015625,224162.03125,236342.9375,214536.59375,219002.40625,193595.203125,189783.09375,179266.390625,178309.0625,190473.046875,197687.21875,243262.234375,275890.5625,258659.34375,260310.984375,188228.46875,171027.21875,261156.78125,224299.953125,213022.90625,216117.859375,162411.6875,176169.6875,183564.953125,175087.25,203833.546875,208802.90625,223177.859375,220149.53125,154698.234375,198338.75,216552.34375,182974.90625,171663.859375,158933.109375,187442.921875,169801.640625,222687.0,215224.046875,198859.734375,180760.3125,127207.5,126732.9140625,203216.859375,191306.921875,219258.0,229983.34375,205024.421875,201209.546875,251918.34375,215533.109375,177632.46875,161557.390625,256230.8125,231080.1875,200069.609375,169541.171875,273742.3125,220666.609375,264679.6875,273805.25,239709.6875,230132.125,252362.484375,245314.96875,215863.875,197306.46875,224951.203125,224384.046875,258979.109375,221475.515625,195556.0625,189176.59375,248797.875,232823.828125,216588.828125,217955.046875,244833.828125,238812.5,228011.625,245027.6875,207157.734375,215268.140625,242258.21875,242896.96875,227619.203125,232737.21875,213269.265625,201476.015625,228768.21875,199226.9375,236615.734375,231497.140625,229948.5,224247.578125,205915.859375,212865.671875,208534.015625,225372.0625,196682.796875,214450.28125,181867.40625,174824.4375,236314.203125,242109.65625,234152.046875,254296.671875,241287.609375,257044.765625,275295.90625,277918.03125,257021.078125,260819.34375,250084.34375,261434.03125,213185.625,208554.09375,185156.203125,184773.25,216512.078125,211734.328125,215052.1875,208124.015625,189766.203125,199459.15625,212374.421875,192177.65625,202810.5625,213028.734375,207234.453125,224145.015625,237525.03125,247627.875,207188.015625,235946.1875,237852.609375,238821.71875,251822.953125,248038.0625,210805.828125,210343.84375,226005.5,222124.53125,151374.453125,176606.625,186720.625,199224.859375,212032.390625,213513.421875,250251.71875,245356.53125,243383.171875,229722.203125,243116.265625,238154.578125,239272.625,223421.734375,262778.34375,255501.953125,236993.3125,173804.734375,155597.1875,147413.78125,181117.09375,200537.609375,148364.28125,138382.515625,279321.25,259649.90625,149379.78125,155143.25,244872.65625,238688.28125,175515.875,199512.109375,201696.328125,198072.46875,286436.59375,253424.53125,222008.46875,247924.578125,241754.859375,254822.859375,278596.125,288144.125,210588.8125,218545.203125
72,193184.671875,188203.984375,175016.140625,183653.234375,164611.71875,160186.0,152704.515625,160753.921875,188116.765625,167521.40625,214699.640625,192519.578125,193056.46875,179406.734375,202978.59375,184815.453125,198560.046875,197661.421875,210468.984375,187227.578125,214259.03125,197014.875,197948.3125,180295.65625,167314.65625,177964.890625,163929.84375,169823.09375,211358.5,213802.765625,216939.84375,204208.25,200991.609375,203937.09375,191630.09375,175858.828125,227209.453125,240165.75,229208.296875,235664.734375,200365.390625,189458.15625,181073.828125,169594.390625,155628.75,158319.984375,160869.1875,152756.359375,170123.859375,171586.90625,189171.34375,196141.453125,188173.390625,200421.234375,173912.875,177255.140625,160875.96875,183855.84375,140739.078125,142909.96875,224403.109375,237067.5625,214715.984375,219088.09375,193746.015625,189806.328125,179386.484375,178522.65625,191813.65625,198549.390625,243405.828125,276201.4375,259137.703125,260866.375,187816.40625,171277.109375,261072.390625,224486.6875,212956.25,216658.734375,162163.3125,176034.015625,183803.625,175529.671875,204029.671875,208565.0,223265.59375,220361.71875,153989.34375,197808.703125,216673.296875,182958.53125,171929.0625,159594.90625,187193.40625,169300.71875,222616.15625,214950.5625,198865.046875,180748.078125,127130.2265625,126872.8671875,203237.046875,191910.78125,219192.34375,229827.484375,205344.78125,201372.890625,252401.90625,214778.921875,176789.546875,161207.734375,256199.890625,231426.0625,200971.0625,168705.921875,275574.8125,221011.3125,264304.9375,273624.0625,240355.875,230080.5,252663.578125,245815.1875,216905.015625,197787.515625,225474.265625,224334.5,259095.6875,221388.171875,195936.875,189537.828125,249315.484375,232707.53125,216654.78125,217749.09375,245201.09375,238331.921875,228035.296875,244934.765625,207313.25,215136.546875,241713.375,242768.703125,227574.0625,232923.8125,213054.46875,201155.03125,228874.296875,199130.5,236385.265625,231309.9375,229590.375,223671.703125,205604.703125,212884.34375,208406.171875,225779.734375,196644.609375,214546.21875,182130.5,174773.421875,236708.421875,243048.828125,233779.390625,254947.96875,241554.765625,257767.984375,275478.84375,278771.5,257455.765625,262134.609375,250391.390625,262796.59375,212764.5,207987.171875,185171.40625,185084.140625,216917.96875,212199.140625,214466.171875,207659.984375,189901.515625,199348.328125,212181.328125,191954.75,203320.484375,213413.09375,207422.265625,224088.6875,237581.296875,247566.890625,206697.671875,235735.265625,238095.21875,238943.03125,251647.0625,247966.34375,210384.90625,210086.15625,225692.421875,221612.359375,150711.78125,176229.84375,186319.046875,198816.328125,211520.71875,213427.390625,250202.3125,245084.453125,244679.96875,229344.796875,243137.0,237926.203125,239462.328125,223791.375,262927.9375,255632.109375,237438.234375,174093.578125,155795.1875,147329.953125,181524.75,200790.3125,148329.9375,138380.75,279753.03125,260115.21875,149543.1875,154909.296875,244909.078125,239171.1875,175492.265625,199766.203125,201497.734375,197884.390625,286578.28125,253817.5,221879.3125,247811.4375,242063.9375,254361.21875,278592.21875,288006.625,210763.296875,218644.640625
73,193329.0625,188454.578125,175021.734375,183823.703125,164430.578125,160408.109375,152790.765625,161060.75,188359.875,167660.875,214770.734375,192648.359375,192937.515625,179308.703125,203063.75,184992.21875,198343.953125,197567.921875,210658.875,187370.609375,214326.25,196839.078125,198076.296875,180356.078125,167364.671875,177916.140625,163812.84375,169307.75,211288.5,213854.078125,216750.921875,203934.046875,200418.9375,203706.734375,191372.59375,175463.625,227079.796875,239821.296875,228936.53125,235611.53125,200220.6875,189499.78125,180719.0,169380.34375,155557.28125,158092.71875,160847.421875,152475.671875,169677.3125,171261.421875,188658.875,195381.34375,188261.390625,200666.96875,174086.5,177375.203125,160900.5,183982.84375,140786.578125,142772.171875,224145.25,236662.71875,214792.0625,219406.828125,194076.453125,190076.890625,179410.640625,178775.734375,191731.921875,198718.8125,243971.9375,276502.96875,259087.25,260195.484375,187749.859375,171023.125,260160.796875,224351.0625,212679.953125,216503.703125,161694.265625,175671.921875,183560.953125,175464.28125,203841.375,208431.1875,223003.09375,219998.046875,153809.859375,197907.46875,216327.484375,183193.546875,171819.421875,160014.734375,186961.03125,169503.796875,222404.734375,215138.453125,198678.109375,180671.796875,126998.9453125,127141.453125,203159.953125,192193.296875,218791.625,229568.96875,205470.4375,201304.28125,252244.171875,214292.8125,177146.5,161877.796875,256269.46875,232126.140625,201798.4375,168071.109375,275404.5625,219951.34375,263254.15625,274240.6875,239640.96875,229668.09375,252730.8125,245524.03125,217601.671875,198185.625,225526.6875,224275.578125,259491.875,221683.796875,196192.640625,189644.828125,249791.078125,232988.3125,216491.734375,217884.046875,245357.75,237920.90625,228405.015625,245193.84375,207036.40625,214930.203125,241316.046875,242509.8125,227602.421875,233017.5,213595.921875,201395.28125,229215.6875,199208.9375,236330.90625,231297.921875,229446.203125,223689.546875,205584.078125,213086.515625,208304.265625,225863.140625,197005.015625,214929.203125,182305.15625,174895.6875,236576.203125,243091.53125,232951.0,256168.8125,241114.453125,256893.28125,275404.84375,278616.3125,257152.71875,262318.53125,249835.078125,262624.90625,212603.953125,207966.8125,185114.8125,184783.265625,216583.203125,212197.203125,213695.0625,206828.0,190063.640625,199613.28125,212446.953125,192153.328125,203047.359375,213299.296875,207437.0,223939.640625,237432.21875,247589.140625,205974.5,234697.375,237939.421875,238766.125,251118.125,247747.765625,210126.484375,209945.34375,225737.59375,221710.359375,150539.828125,176052.734375,186222.25,198845.578125,211328.265625,212939.90625,249940.78125,244999.328125,242645.046875,229108.53125,242841.90625,237314.890625,239835.9375,223828.53125,264003.78125,255783.625,237338.484375,173820.296875,155641.859375,146959.890625,181122.34375,201736.921875,148153.875,137958.640625,279694.28125,259809.28125,149450.640625,154483.375,243604.609375,237666.265625,175343.03125,199660.984375,201226.109375,197845.4375,284971.625,253067.4375,221582.984375,247305.15625,241534.171875,253501.359375,278336.71875,286170.90625,210719.703125,218391.796875
74,193611.203125,188726.390625,175076.890625,184458.25,165181.15625,161194.96875,152640.765625,161182.34375,188406.078125,167686.953125,215061.5,193022.03125,193331.484375,180179.1875,203657.921875,185319.484375,198480.203125,197917.484375,211300.234375,188296.015625,214740.96875,197681.703125,198437.296875,181090.4375,167131.578125,177988.453125,163740.34375,171279.5,211006.59375,213903.546875,216824.421875,204017.5,200688.578125,203667.796875,191247.234375,175372.796875,227135.71875,239475.125,228733.296875,235344.765625,200397.296875,189848.5,180181.515625,169065.4375,155239.46875,157618.625,160239.921875,152221.828125,169147.609375,170531.671875,188120.453125,195129.53125,188702.90625,200818.40625,174125.953125,177350.421875,161033.15625,184198.625,141007.859375,142710.5,223922.53125,236238.1875,214635.453125,219447.90625,194249.84375,190258.03125,179417.96875,178752.296875,190259.53125,197454.78125,244513.671875,276544.6875,258993.203125,259498.296875,188587.65625,170785.0625,258681.578125,223545.546875,212620.90625,215772.765625,161815.640625,175833.84375,183144.859375,174960.6875,203772.03125,208903.34375,222946.765625,219584.40625,153912.328125,198341.109375,216116.765625,183736.671875,171435.640625,159776.75,186997.859375,170265.15625,222457.109375,215693.84375,198673.515625,180956.75,126826.3515625,127379.671875,202938.0,191910.453125,218711.640625,229460.890625,205127.109375,201191.453125,251577.359375,214599.015625,177702.703125,162231.328125,256251.140625,231625.609375,201000.84375,168241.671875,273432.8125,219220.25,262821.5,274255.4375,239305.171875,229592.328125,252819.0,245131.46875,217065.203125,198341.078125,225031.015625,224484.859375,259569.828125,222160.640625,196134.578125,189542.8125,249541.078125,233560.921875,216265.40625,218129.234375,245099.390625,238521.859375,228429.0625,245339.40625,206880.109375,215011.625,241646.015625,242798.328125,227751.28125,232955.640625,213851.484375,201985.4375,229304.359375,199414.0,236571.953125,231581.25,229532.25,224064.1875,206007.421875,213205.59375,208570.6875,225816.296875,197297.09375,215100.515625,182223.53125,175119.234375,236505.734375,242913.6875,232971.328125,254648.78125,241043.046875,256151.359375,274157.4375,277377.71875,257074.59375,262005.703125,249286.046875,262232.0625,212667.78125,208164.296875,185099.1875,184582.703125,216257.84375,211913.5625,213458.109375,206758.671875,190093.453125,199747.953125,212764.578125,192366.265625,203107.625,213353.046875,207108.625,223542.0,237210.09375,247394.125,205909.546875,234365.078125,237649.328125,238623.140625,251117.234375,247616.8125,210353.921875,210153.234375,226149.3125,222376.921875,151122.8125,176321.734375,186567.34375,199500.9375,211624.4375,213143.03125,249882.9375,245383.21875,239868.625,228987.953125,242576.859375,236768.578125,239324.359375,223254.140625,263260.90625,255241.046875,236627.28125,173225.609375,155364.046875,146832.875,180461.1875,201118.921875,147902.328125,137605.765625,279631.09375,259614.953125,149277.984375,154529.984375,242273.125,236600.4375,175051.1875,199099.484375,201149.859375,197901.40625,284425.1875,251746.71875,221360.875,247090.328125,240652.859375,253447.40625,278226.625,286227.78125,210136.0625,217877.328125
75,193699.8125,188766.9375,175485.40625,184833.65625,165710.390625,161403.296875,152410.625,160825.046875,188198.375,167605.703125,215598.125,193424.5625,193924.796875,180925.703125,203863.5,185346.96875,198755.0,198120.671875,211391.546875,188743.515625,214750.734375,198275.1875,198684.90625,181026.5625,166895.9375,177844.359375,163806.25,172896.734375,211134.0625,213930.171875,217123.015625,204476.71875,201527.515625,204337.484375,191512.109375,175996.453125,227094.421875,239541.40625,228918.078125,235112.109375,201032.109375,190222.375,180257.5,169225.921875,155095.25,157704.1875,160281.984375,152475.21875,169074.15625,170391.109375,188205.203125,195772.46875,188593.015625,200488.859375,173939.140625,177217.046875,161100.34375,184161.890625,140948.984375,142747.8125,223725.71875,236423.34375,214178.28125,219077.96875,194139.6875,190242.0,179472.84375,178667.828125,190158.6875,196988.4375,244190.125,275872.90625,258444.796875,259518.390625,188855.390625,170964.9375,258845.34375,223092.421875,212610.53125,215610.828125,162543.0,176546.734375,183215.265625,174573.859375,204203.734375,209339.140625,222980.1875,220041.0,153806.75,198449.953125,216299.421875,183677.703125,171496.421875,159458.1875,187189.578125,170580.84375,222297.046875,215585.046875,199032.25,181135.5625,126675.3671875,127305.5703125,202796.703125,191706.359375,219067.8125,229806.140625,204924.09375,201301.09375,251629.5,214829.265625,177560.28125,162021.515625,256140.28125,231303.8125,200783.796875,168623.484375,273814.8125,219618.703125,263100.15625,272848.875,239557.953125,229945.84375,253013.234375,245488.859375,216211.546875,198089.28125,224292.734375,224390.859375,258972.84375,221973.0625,195831.09375,189551.0,248765.5,233379.828125,215948.765625,218076.0625,244817.96875,238986.265625,227731.421875,244725.703125,207294.515625,215423.078125,242656.109375,243744.734375,227682.234375,232626.234375,213615.828125,201987.703125,229214.8125,199596.9375,236825.6875,231667.59375,230144.25,224477.96875,205933.15625,212955.046875,208737.984375,225780.5,197022.265625,214755.9375,182093.21875,175151.0625,236648.734375,242512.3125,233039.953125,252994.4375,241025.296875,256051.515625,272992.15625,276401.71875,257096.484375,261567.34375,249370.21875,261748.1875,213249.546875,208495.859375,185193.765625,184846.640625,216697.984375,211790.625,213895.25,207084.171875,189907.78125,199455.015625,212929.25,192562.859375,203364.375,213737.859375,206968.140625,223346.5625,237104.0,247028.921875,206138.625,234718.640625,237618.5625,238507.515625,251243.171875,247558.515625,210247.296875,210073.59375,226282.0,222226.421875,151357.578125,176456.046875,186689.125,199750.40625,211732.0,213294.640625,249630.0625,245044.203125,240966.71875,228534.78125,242847.0625,236801.65625,239233.703125,222774.859375,262301.15625,254763.390625,236320.328125,173058.671875,155195.484375,146963.03125,180178.984375,200112.03125,147550.140625,137659.28125,279630.28125,259922.984375,148971.828125,154807.875,242295.078125,237002.6875,174999.734375,198662.875,201431.234375,197790.84375,285142.5625,251463.59375,221559.453125,247041.78125,240829.28125,253796.859375,278654.03125,287341.78125,209968.984375,217685.3125
76,193768.3125,188892.421875,176155.015625,184965.140625,165842.109375,161487.890625,152204.328125,160522.578125,188119.078125,167577.71875,215991.359375,193721.375,194338.6875,181174.328125,203844.375,185352.609375,199102.546875,198009.03125,211334.328125,188613.609375,214644.96875,198075.359375,199058.96875,180729.5625,167135.796875,177603.90625,163970.3125,172646.03125,211694.703125,213710.515625,217323.796875,204659.984375,201879.671875,204957.984375,191706.203125,176385.515625,226732.140625,239553.96875,229149.65625,234842.8125,201561.796875,190488.609375,180528.65625,169332.546875,155105.5,157826.5625,160945.40625,152604.859375,169139.03125,170744.671875,188326.390625,196054.71875,188034.21875,200151.34375,173683.046875,177131.859375,161051.546875,183997.90625,140740.640625,142762.546875,223279.640625,236287.078125,213828.4375,218640.46875,193906.453125,190167.5625,179420.28125,178676.296875,191340.8125,197531.734375,243338.328125,275204.6875,257788.46875,259600.0,188142.71875,171071.9375,260415.640625,223383.53125,212572.4375,216077.734375,162985.390625,177060.5625,183302.546875,174571.59375,204820.71875,209582.9375,222912.4375,220777.953125,153946.046875,198372.6875,216287.28125,182960.109375,171867.6875,159278.828125,187355.671875,170566.28125,221578.578125,215080.5,199354.09375,180827.546875,126714.2421875,127073.2890625,202857.8125,191799.90625,219161.125,230215.921875,204966.0,201362.03125,252280.40625,214529.75,177404.84375,161793.109375,256070.46875,232049.796875,201649.609375,167992.9375,274976.28125,219541.25,262973.0,272415.1875,239371.765625,230147.25,253053.796875,245661.21875,215967.203125,197445.40625,223534.84375,223418.59375,258420.546875,221242.53125,195606.84375,189560.25,248158.171875,232465.734375,215731.03125,217775.671875,244370.546875,237896.0,227129.0,243742.59375,207726.65625,215516.625,243686.921875,244343.640625,227300.890625,232281.8125,213627.09375,201291.0,229208.53125,199557.4375,236754.5,231335.96875,230916.234375,224835.59375,205441.953125,212703.078125,208412.296875,225636.125,196790.5,214407.625,182072.34375,175005.125,236402.625,242133.125,233003.25,254197.078125,240769.484375,255731.265625,274117.875,277061.5,256549.25,261174.59375,249313.875,261115.390625,213828.671875,208878.21875,185458.6875,185103.34375,217183.859375,211855.75,214522.578125,206999.828125,189868.265625,199357.28125,213164.53125,192866.640625,203346.703125,214076.953125,206990.125,223471.09375,236822.515625,246712.203125,206069.109375,234734.890625,237538.25,238219.96875,250986.609375,247504.3125,209686.234375,209486.6875,226214.3125,221569.328125,151107.28125,176299.53125,186524.15625,199482.609375,211555.578125,212301.03125,248920.078125,243434.953125,242544.953125,228422.421875,242763.046875,237057.796875,239890.171875,222794.671875,263068.34375,254986.109375,236679.625,173353.828125,155276.53125,147194.203125,180185.03125,200702.921875,147506.640625,137883.296875,279563.03125,260111.109375,148808.65625,154748.703125,243024.25,237294.515625,175020.109375,198626.671875,201383.171875,197520.859375,285449.9375,251942.953125,221620.8125,246797.015625,241397.4375,253667.1875,278958.5625,286905.90625,210099.75,217787.53125
77,193996.375,189069.6875,176499.609375,185149.3125,165850.390625,161609.5,152279.265625,160638.203125,188273.375,167652.328125,216202.640625,193901.890625,194543.625,181345.71875,204186.671875,185558.796875,199353.453125,197886.328125,211600.609375,188628.109375,215012.453125,197822.5625,199481.9375,180776.1875,167705.671875,177559.125,164239.03125,172456.3125,211805.734375,213448.609375,217294.6875,204430.75,201574.15625,204718.75,191517.125,176180.265625,226420.4375,239691.78125,229264.375,234815.53125,201817.15625,190981.546875,180613.28125,168971.3125,155229.5,157521.234375,161190.1875,152518.15625,169361.09375,170838.0,188437.703125,195981.609375,188062.421875,200276.859375,173647.8125,177109.796875,161037.5625,183978.375,140870.53125,142760.390625,223429.125,236289.625,213997.515625,218440.8125,193874.0625,190162.6875,179374.25,178658.125,191161.6875,196835.796875,243250.46875,275415.0625,258048.21875,259815.890625,188063.046875,171270.65625,259582.8125,223496.328125,212535.421875,216517.640625,162774.359375,177181.125,182912.625,174871.390625,205055.046875,209905.609375,223027.984375,221057.125,154081.8125,198089.5625,215842.109375,182377.015625,171743.484375,159079.109375,187321.34375,170514.09375,220686.15625,214920.375,199174.25,180632.6875,126783.8359375,126911.828125,202692.125,191555.59375,218797.453125,230000.234375,204711.953125,201098.171875,252242.390625,214423.59375,177409.578125,161233.265625,255899.46875,232001.578125,201379.859375,167098.71875,273904.625,219138.53125,262575.28125,273155.40625,239340.75,230198.09375,253085.4375,245477.25,216344.0625,197159.90625,223327.53125,222655.328125,258382.734375,220871.140625,195733.65625,189403.921875,248017.109375,232030.421875,215703.234375,217583.671875,243878.375,236785.84375,227143.921875,243092.921875,207735.65625,215173.046875,243996.953125,244370.109375,227195.46875,232089.5,214011.859375,200988.0,229242.84375,199503.078125,236558.34375,231181.828125,230949.5625,224831.5625,205524.515625,212910.171875,208272.46875,225746.171875,196923.15625,214493.65625,182100.8125,174930.796875,236110.265625,242592.65625,233590.828125,254603.0,240914.078125,256031.578125,275034.03125,277506.71875,256352.828125,261210.5,248859.171875,261282.15625,213640.21875,208898.953125,185804.234375,185201.359375,217460.4375,212288.125,215050.671875,207204.890625,190283.0625,199698.46875,213357.046875,193116.78125,203742.859375,214354.78125,206742.234375,223265.765625,236642.0625,246806.9375,205451.03125,234282.328125,237457.515625,238345.21875,250999.21875,247605.21875,209281.484375,208972.765625,226048.59375,221348.65625,150741.0625,175955.671875,186114.59375,199082.03125,211621.28125,211711.265625,248605.71875,242212.0,240266.640625,228934.671875,242107.953125,237277.765625,239287.1875,223035.625,263318.25,255118.453125,237084.8125,173895.0,155595.25,147545.078125,180500.140625,201524.59375,147904.890625,138252.59375,279683.625,260253.109375,149079.9375,154696.984375,243788.21875,237359.484375,174945.140625,198938.59375,200949.734375,197372.015625,285462.53125,252515.234375,221252.71875,246729.40625,241244.171875,253523.921875,278589.4375,286347.84375,209945.109375,217865.84375
78,193908.765625,189065.734375,176260.1875,185249.40625,165468.84375,161376.34375,152594.515625,160878.96875,188511.375,167839.359375,216247.015625,193956.921875,194426.546875,181416.640625,204470.328125,185762.15625,199145.71875,197979.25,211569.578125,188829.15625,215236.75,197952.828125,199416.328125,180792.125,167713.28125,177705.5,164563.4375,173039.765625,211333.984375,213475.828125,216946.046875,204431.1875,200869.859375,204473.953125,191044.21875,176158.9375,226360.53125,240054.28125,229007.078125,235074.625,201758.953125,191134.46875,180667.21875,168843.46875,155346.84375,157517.28125,160991.671875,152755.546875,169523.6875,170700.21875,188515.296875,196189.765625,188628.640625,200633.078125,173878.109375,177224.859375,161022.515625,184071.984375,141198.4375,142751.078125,224121.8125,237005.90625,214125.53125,218618.265625,194234.234375,190144.546875,179663.8125,178814.640625,190040.875,195967.984375,243634.296875,275882.875,258695.265625,260254.59375,188491.5625,171728.25,257882.296875,223314.359375,212347.953125,216507.421875,162310.984375,177035.90625,182769.453125,174944.828125,204614.359375,209684.140625,223106.390625,220863.21875,153953.296875,197676.75,215728.5625,182188.84375,171249.109375,158982.4375,187083.375,170162.5,220529.015625,214647.046875,198624.234375,180637.015625,126820.8671875,126713.9296875,202508.234375,191299.203125,218586.25,229396.9375,204557.71875,200856.953125,251821.0625,214743.140625,177520.9375,161071.453125,255727.890625,230884.53125,200424.59375,168109.625,273397.8125,219694.65625,262994.6875,272909.75,240004.46875,230106.671875,253082.5625,245626.96875,217184.28125,197598.0625,224066.578125,223183.390625,258490.578125,220996.6875,196031.734375,189329.09375,248372.75,232275.328125,215659.703125,217586.625,243791.609375,237456.796875,227308.328125,243024.015625,207442.515625,215171.515625,243292.328125,244238.28125,227302.984375,232028.78125,214195.171875,201427.9375,229360.9375,199685.109375,236521.34375,231410.828125,230270.890625,224365.125,206019.96875,213364.515625,208629.046875,226127.734375,196840.59375,214667.1875,182169.359375,174996.0625,236413.078125,243304.5,233747.71875,253479.375,241007.359375,257102.84375,274457.15625,276954.1875,256913.0625,261702.453125,248932.65625,261992.140625,213021.78125,208500.03125,185844.34375,185243.125,217712.03125,212765.125,215256.296875,208005.359375,190645.21875,199901.609375,213046.65625,192982.984375,203982.140625,214279.28125,206621.21875,222812.0,236780.296875,246959.4375,204832.421875,234031.9375,237501.75,238623.3125,251326.71875,247666.53125,209303.609375,208953.859375,225655.8125,221155.171875,150337.0,175554.484375,185679.109375,198586.90625,211665.375,212494.515625,249167.0,242604.359375,239250.0,229702.109375,242290.703125,237853.8125,238020.640625,223212.4375,262211.78125,254773.8125,237140.15625,174281.171875,155612.921875,147672.125,180824.390625,201003.78125,148042.046875,138636.640625,279978.34375,260567.109375,149254.890625,154943.40625,243739.546875,237665.046875,175039.59375,199081.046875,201102.03125,197538.4375,286016.96875,252555.359375,221208.8125,247072.4375,241053.578125,253864.625,278589.84375,287147.46875,209852.6875,217902.71875
79,193353.640625,188660.171875,175741.5625,184986.15625,165027.515625,161125.59375,152674.03125,160976.28125,188545.203125,167823.875,215422.890625,193454.8125,193845.359375,181126.515625,203994.84375,185508.640625,198744.75,197970.5,211251.328125,188754.484375,214765.71875,198072.703125,198927.640625,180844.953125,167130.6875,177881.703125,164614.4375,173444.84375,210990.90625,213403.296875,216478.0625,204518.15625,200158.9375,204554.609375,190608.546875,176302.484375,226392.015625,239812.3125,228486.15625,235020.734375,201548.5625,190608.5625,180425.265625,168977.65625,155139.109375,157828.25,160874.65625,152787.21875,169240.875,170857.265625,188086.6875,196043.875,188898.984375,200777.71875,174149.25,177424.203125,161037.078125,184291.4375,141305.203125,142774.734375,224067.9375,237095.5,213878.265625,218878.21875,194583.609375,190090.03125,179889.015625,179052.296875,190038.0,196977.515625,243341.609375,275543.125,258653.015625,259847.015625,188030.640625,171607.890625,259153.03125,223467.4375,212130.5,215992.953125,162113.046875,176578.453125,183142.71875,174571.1875,203983.984375,208866.4375,222714.578125,220330.859375,154193.953125,197906.109375,216119.4375,182485.71875,171371.703125,158949.28125,186947.546875,169811.953125,221229.09375,214283.578125,198403.796875,180502.578125,127041.375,126551.5859375,202878.3125,191714.59375,218801.96875,229263.796875,204977.328125,200928.328125,252145.84375,215046.6875,178077.34375,162221.640625,255981.6875,231085.234375,200872.65625,169958.8125,274680.46875,220544.890625,264213.3125,272832.21875,240024.765625,229701.59375,252838.40625,245761.8125,217803.21875,198016.734375,224976.65625,224141.078125,258796.140625,221411.75,196160.109375,189476.53125,249086.890625,232725.140625,215647.265625,217570.40625,244099.578125,238523.078125,227587.203125,243625.15625,207087.671875,215311.328125,242325.140625,243781.109375,227192.234375,232085.71875,214147.765625,201811.203125,229553.296875,199763.0625,236582.28125,231573.703125,229905.453125,223929.453125,206184.453125,213526.078125,208850.84375,226091.53125,196771.453125,214725.875,182308.3125,175181.734375,236829.765625,243019.4375,232901.984375,254443.703125,240560.78125,256879.734375,275111.71875,277390.25,257162.578125,262115.671875,249727.90625,262181.09375,212677.203125,207919.484375,185319.6875,184988.8125,217181.234375,212222.875,215025.546875,208322.5625,190339.484375,199574.078125,212494.015625,192422.984375,203311.6875,213745.984375,206995.625,223123.390625,236678.65625,246781.4375,205222.328125,234727.15625,237500.5,238421.65625,251214.65625,247583.5625,209671.09375,209314.03125,225436.015625,220870.015625,150456.921875,175728.671875,185846.046875,198646.515625,211396.09375,212887.1875,249815.078125,243830.203125,241997.8125,230172.640625,243044.703125,238303.625,238973.53125,223451.515625,262516.9375,255037.359375,236770.15625,173890.140625,155068.953125,147354.65625,180522.171875,200644.03125,147467.578125,138415.34375,279798.25,260307.15625,148816.78125,154948.703125,242593.859375,237585.140625,174917.4375,198670.140625,201610.71875,197606.5625,286531.9375,252278.984375,221630.578125,247224.640625,241459.0,254033.03125,279246.375,287420.75,209986.0,217800.046875
80,193064.453125,188164.453125,175306.203125,184410.6875,165273.8125,161133.03125,152484.828125,160939.203125,188248.453125,167476.46875,214373.359375,192677.546875,193546.28125,180804.65625,203431.953125,184977.3125,198649.546875,197511.296875,211352.125,188599.8125,214397.90625,197923.984375,198470.90625,180683.734375,166884.625,177810.984375,164396.890625,173475.125,211215.546875,213147.953125,216415.4375,204237.96875,200265.578125,204382.515625,190715.125,176218.375,226453.515625,239159.640625,228438.453125,234459.375,201475.15625,190302.046875,180020.328125,168754.703125,154925.296875,157675.046875,160648.0625,152274.53125,168933.71875,171008.265625,187748.484375,195391.34375,188673.640625,200753.3125,174184.265625,177487.53125,161081.40625,184414.171875,141146.796875,142731.1875,223366.46875,236077.875,213991.203125,218910.53125,194257.734375,190050.71875,179438.1875,178774.03125,190667.421875,197894.3125,242854.375,274872.9375,257872.171875,258813.890625,187322.953125,170979.65625,260451.453125,223788.515625,212145.703125,215616.890625,162292.390625,176081.171875,183295.09375,174268.953125,203931.734375,208590.15625,222307.265625,220047.96875,154721.078125,198757.34375,216432.390625,183415.671875,171893.390625,158833.34375,187113.171875,169963.75,222053.421875,214797.046875,198720.734375,180563.8125,127177.609375,126623.515625,203266.703125,191975.8125,218971.015625,229475.4375,205317.609375,201123.046875,252554.609375,215179.3125,178241.953125,162835.640625,256478.71875,232388.953125,201553.265625,169791.5625,274779.78125,220410.90625,264670.34375,273810.0,238939.328125,229592.09375,252719.984375,245522.921875,217515.78125,197932.171875,225475.515625,224564.671875,259467.25,221936.015625,196070.796875,189468.71875,249733.046875,233264.546875,216055.359375,217709.53125,244686.265625,238316.953125,228242.640625,244642.40625,206894.1875,214842.78125,242129.03125,242953.234375,227181.171875,232198.109375,214194.21875,201837.03125,229424.578125,199339.109375,236585.765625,231495.921875,230231.296875,224015.578125,205948.1875,213357.90625,208658.46875,225675.640625,197032.046875,214880.390625,182290.0625,175241.6875,236568.53125,242004.421875,232286.421875,255351.640625,240228.21875,255366.796875,275432.96875,277712.625,256811.203125,261527.65625,250003.140625,261313.21875,212839.140625,207766.234375,184778.265625,184681.96875,216319.75,211291.796875,214774.625,207836.484375,189802.71875,199172.609375,212293.609375,191981.265625,202936.671875,213501.140625,207214.609375,223884.046875,236345.484375,246737.859375,206152.375,235500.875,237548.4375,238286.828125,250604.6875,247463.734375,210287.734375,209872.859375,225828.203125,221298.234375,151194.40625,176565.25,186427.921875,199441.828125,211393.0625,212409.09375,250156.359375,244974.609375,242571.71875,229693.5,243004.734375,238008.046875,240821.515625,223765.984375,264189.15625,255952.875,236426.203125,173234.53125,154828.015625,147022.96875,180159.890625,201615.5625,147075.140625,137772.984375,279122.125,259647.171875,148530.03125,154560.84375,242151.46875,237362.734375,174638.0625,198536.046875,201541.140625,197532.21875,285906.625,252481.96875,221787.75,247110.0625,241749.171875,253748.8125,279342.59375,286729.75,210241.140625,217739.359375
81,193321.8125,188414.15625,175110.375,184081.046875,166187.953125,161644.359375,152429.578125,160808.21875,187944.0,167373.234375,214807.40625,192858.1875,194201.828125,180764.671875,204025.140625,185195.78125,198707.203125,197185.765625,212021.328125,188951.015625,214871.09375,197997.90625,198299.921875,180366.71875,167053.015625,177519.34375,164091.515625,172289.859375,211594.609375,213318.328125,216724.71875,204141.9375,201121.28125,204458.109375,191271.609375,176087.046875,226811.75,239244.625,228632.875,234310.421875,201068.96875,190097.828125,179917.015625,168258.21875,154899.03125,156999.0625,160068.25,151984.421875,168919.953125,170535.75,187937.96875,194832.8125,188384.5,200797.609375,173929.484375,177371.390625,160946.84375,184142.046875,140804.546875,142574.109375,223111.90625,235496.84375,214388.921875,219100.828125,193516.90625,189885.171875,178785.8125,178229.421875,190535.34375,196912.328125,243061.78125,274959.5,257270.65625,258568.671875,187488.328125,170769.171875,259344.421875,223520.140625,212272.890625,215609.4375,162358.4375,175692.125,182980.015625,173916.234375,204466.265625,208952.859375,222436.859375,220083.1875,155219.859375,199591.34375,216869.234375,184225.125,171549.3125,158394.1875,187450.15625,170288.203125,223143.984375,215761.53125,199063.71875,180708.796875,127065.2578125,126829.5703125,203182.953125,191455.53125,219093.328125,229593.609375,205390.890625,201218.671875,252366.765625,215073.6875,177773.75,161722.765625,256563.140625,232132.171875,201167.234375,168250.71875,274229.8125,219618.03125,263746.15625,273479.625,238642.96875,229839.78125,252882.84375,245181.921875,216220.125,197351.5,225462.078125,224389.546875,259794.203125,222091.671875,195704.921875,189082.890625,249617.046875,233429.8125,216856.515625,218185.0625,244952.96875,237453.53125,228536.390625,245374.171875,206660.703125,214288.765625,242338.578125,242298.03125,227316.375,232395.609375,213986.671875,201502.984375,228906.484375,198715.75,236560.984375,231358.140625,230443.921875,224265.296875,205571.5625,213106.734375,208403.40625,225571.8125,196927.59375,214903.390625,181904.796875,174974.09375,236105.125,241565.84375,232643.015625,253791.265625,240680.578125,255036.78125,273889.59375,276562.125,256451.578125,260408.53125,249620.171875,260040.140625,213346.78125,208320.328125,184903.6875,184799.140625,216431.296875,211594.484375,214789.1875,207583.140625,189796.078125,199463.046875,212610.84375,192218.796875,203110.046875,213673.625,207091.625,224115.90625,236660.875,247090.078125,206837.3125,235445.078125,237751.234375,238561.140625,250610.0,247551.015625,211377.65625,210860.34375,226818.046875,222447.359375,152242.671875,177484.96875,187155.078125,200261.5,212174.171875,213014.5625,250521.078125,245836.84375,240515.09375,228647.515625,243005.859375,237525.421875,239972.109375,223129.0,264164.46875,255841.390625,236439.890625,173229.125,155150.109375,147063.890625,180461.546875,201979.53125,147403.828125,137568.1875,278889.5625,259714.015625,148812.875,154319.15625,242585.984375,237410.359375,174909.515625,198937.328125,201221.15625,197653.234375,284682.875,252374.3125,221607.09375,247052.34375,241574.9375,253691.765625,279030.03125,286792.9375,210365.90625,217822.3125
82,193624.671875,189089.546875,175204.578125,184295.828125,166721.328125,162387.46875,152526.890625,160677.140625,187946.75,167653.6875,215881.8125,193603.859375,194482.046875,180631.28125,204828.265625,186001.328125,198751.25,197594.09375,212331.125,189169.515625,215445.75,198342.46875,198380.0,180862.421875,167082.046875,177514.28125,163911.875,169949.078125,211537.671875,213809.953125,216961.515625,204538.671875,201510.796875,204926.3125,191429.765625,176031.296875,227262.15625,239839.46875,228468.421875,235075.15625,200192.875,189354.140625,179833.65625,168115.0625,154605.875,156540.71875,159725.84375,152180.71875,168757.875,169804.375,187920.46875,194684.171875,188308.671875,200785.75,173708.640625,177264.6875,160819.9375,183893.140625,140581.21875,142542.296875,223694.5625,236328.28125,214375.84375,219495.765625,193313.4375,189758.34375,178807.1875,178177.484375,190156.890625,196261.46875,243707.71875,275420.40625,257834.65625,258984.21875,187887.21875,170953.796875,259168.84375,222847.765625,212201.8125,215607.9375,162084.609375,175305.84375,182596.90625,173477.15625,204585.484375,209055.109375,222603.140625,219743.6875,155538.703125,199852.15625,217391.625,184176.078125,170714.421875,157983.28125,187474.515625,170266.984375,224100.984375,215858.125,199027.40625,180665.25,127053.1640625,126983.3515625,203088.8125,191239.453125,219651.171875,229941.640625,205580.671875,201232.984375,252110.078125,214835.703125,177954.265625,161050.8125,256326.140625,231025.71875,201360.265625,167854.421875,274593.125,219432.0625,263184.40625,272369.9375,239389.046875,229842.078125,252708.28125,245226.96875,214747.5,196650.90625,224695.640625,223671.03125,259343.59375,221855.0,195148.109375,188767.703125,248643.71875,233012.59375,217030.265625,218301.765625,244469.75,237219.921875,228130.375,245412.6875,206404.25,214525.96875,241969.1875,242328.828125,227518.171875,232796.109375,213281.4375,200920.203125,228633.421875,198650.078125,236647.609375,231353.015625,230069.8125,224124.109375,205248.078125,212792.203125,208490.703125,225987.890625,196524.125,214649.078125,181562.296875,174778.140625,236341.84375,241989.4375,233422.015625,252894.0,241563.421875,256129.078125,274076.53125,276114.1875,256493.453125,260478.859375,249940.25,260068.515625,213672.625,208854.28125,185393.140625,184964.0,216940.78125,212638.578125,214715.609375,207684.21875,190202.828125,200236.546875,213197.828125,192786.125,202838.953125,213630.8125,207608.671875,224524.234375,237767.265625,247668.890625,207466.5625,235722.625,238116.140625,238894.5,251688.53125,248182.3125,212140.5,211565.546875,227479.59375,223117.96875,153020.234375,177910.734375,187973.546875,200673.09375,212908.8125,214188.515625,250499.3125,245796.25,240738.140625,227703.515625,243020.015625,237115.046875,238122.734375,221819.328125,262693.90625,254766.984375,236407.765625,173407.421875,155259.28125,147238.765625,180692.453125,200416.46875,147631.625,137717.421875,279266.09375,259985.625,148807.53125,154362.25,242906.921875,237314.265625,175348.921875,199090.234375,201269.34375,197676.421875,284369.03125,251884.796875,221584.625,246926.28125,241262.0625,253883.671875,279074.78125,287266.03125,210121.59375,217915.6875
83,193534.609375,188949.75,175307.25,184381.34375,165862.359375,162057.15625,152483.078125,160643.71875,188037.765625,167626.953125,215586.421875,193370.65625,193332.15625,180039.828125,204101.28125,185890.5625,198681.875,197999.671875,211346.296875,188276.171875,214969.109375,197891.5,198330.46875,181481.046875,166889.984375,177706.65625,163850.046875,168902.6875,211071.234375,213849.796875,216849.046875,204512.375,201047.703125,204681.09375,191239.609375,175907.140625,227210.46875,240011.75,228417.53125,235640.109375,199773.84375,188977.984375,180127.875,168913.15625,154586.3125,157242.03125,160246.453125,152550.9375,168871.765625,170267.5625,187998.09375,195335.703125,188178.609375,200554.390625,173656.984375,177204.765625,160820.59375,183924.890625,140697.125,142675.78125,224305.078125,237223.015625,214064.359375,219395.90625,193715.796875,189892.765625,179266.15625,178414.140625,191009.0625,198104.28125,243996.421875,275839.21875,259139.234375,259644.59375,187759.90625,171122.59375,261380.828125,223467.34375,212352.0625,216026.265625,161842.78125,175465.109375,182910.40625,174346.9375,203804.4375,208787.203125,222645.53125,219554.4375,155061.65625,199237.15625,216939.328125,183416.375,171159.921875,158965.609375,187229.78125,170173.0,223244.78125,215151.84375,198614.859375,180763.25,127166.1484375,127118.9609375,203423.71875,192141.453125,219885.078125,230265.921875,205509.46875,201264.125,252398.359375,214825.828125,178573.9375,162039.84375,256510.109375,231551.75,202730.296875,168522.8125,274921.15625,220076.859375,263946.78125,273208.125,239451.71875,229866.703125,252179.765625,245692.421875,214981.984375,196809.46875,223983.046875,223143.90625,258765.015625,221548.359375,195113.875,189026.40625,248117.15625,232614.921875,216091.9375,217642.59375,244158.265625,237680.46875,227770.4375,244878.15625,206729.484375,215177.640625,241384.90625,242785.71875,227754.578125,233038.90625,212734.828125,200607.46875,228872.890625,199132.609375,236600.34375,231345.53125,229604.765625,223780.25,205122.859375,212551.078125,208665.046875,226191.171875,196546.265625,214466.078125,181742.65625,174833.21875,236834.703125,242680.15625,234135.28125,254879.265625,241857.953125,256903.40625,276596.03125,278001.875,256980.71875,261770.3125,250625.75,261595.609375,213383.78125,208725.203125,185461.28125,184809.75,216743.203125,212754.578125,214438.328125,207357.84375,190228.53125,200258.71875,213160.515625,192762.25,202525.34375,213338.34375,208267.96875,224936.359375,238056.703125,247735.625,207178.859375,236017.078125,238287.375,238909.90625,252088.953125,248497.0625,211163.375,210703.78125,226652.1875,222411.03125,152322.4375,177225.921875,187740.78125,200106.421875,212164.21875,213457.1875,249688.3125,244590.078125,243045.3125,228200.796875,242115.8125,237171.609375,238986.96875,222342.4375,262684.03125,254960.609375,236587.65625,173527.609375,155152.46875,147307.0625,180674.890625,199700.671875,147605.375,137908.890625,279500.03125,259665.671875,148562.96875,154506.25,243669.890625,237394.4375,175329.78125,199221.109375,201466.234375,197525.375,285231.0625,252612.515625,221729.5,247019.9375,241126.671875,254002.640625,278975.1875,286976.78125,210083.0,218192.078125
84,193172.0,188238.578125,175039.1875,183927.0625,164455.21875,160731.40625,152329.609375,160532.171875,187854.890625,167189.625,214753.40625,192632.15625,192431.96875,179345.28125,202904.21875,184904.15625,198244.265625,197676.515625,209848.9375,187073.03125,213825.640625,196532.40625,197940.765625,180495.265625,166551.5625,177430.625,163578.71875,169353.90625,210564.109375,213331.59375,216451.5625,203705.96875,200906.859375,204065.3125,191713.734375,175915.734375,227125.46875,240136.390625,228919.0,235641.890625,200123.015625,189436.71875,181384.609375,170353.96875,155447.921875,158799.015625,161152.546875,153140.171875,169912.890625,171869.28125,189020.125,196574.375,187831.171875,200294.265625,173571.09375,177004.859375,160660.453125,183775.59375,140801.125,142766.65625,224284.921875,237306.203125,213740.765625,218886.859375,193878.3125,189869.734375,179343.9375,178337.453125,192662.890625,200497.5,243633.734375,276378.71875,259706.734375,260841.515625,187577.84375,171405.9375,262594.46875,225414.453125,213009.109375,217063.375,161822.78125,176394.09375,183972.84375,176377.828125,203179.046875,208672.890625,223086.65625,220345.578125,154131.984375,198775.1875,215796.15625,182344.71875,172540.828125,160864.203125,187385.453125,170419.34375,221227.625,214597.953125,198193.265625,180816.296875,127133.078125,127243.4609375,203963.671875,193171.828125,219191.15625,230024.546875,205010.890625,201285.0625,253581.421875,215126.1875,178299.734375,162795.4375,256971.171875,232455.78125,203693.65625,168883.734375,276319.34375,221033.1875,264502.03125,274294.4375,239292.25,230222.90625,252119.203125,246116.46875,216681.28125,197555.828125,224149.109375,223277.625,258312.484375,221099.765625,195618.78125,189469.671875,248550.390625,232415.890625,215317.171875,217045.765625,244337.96875,237834.96875,227393.078125,243973.28125,207280.65625,215345.828125,241385.953125,243189.671875,227582.1875,232674.421875,212701.328125,200656.71875,228961.921875,199303.046875,236354.25,231242.71875,229515.4375,223720.765625,205066.921875,212614.671875,208426.828125,225785.125,196522.171875,214327.453125,182088.28125,174743.234375,236935.609375,243299.828125,234744.0,257076.8125,241732.359375,257392.765625,277370.28125,279836.6875,257627.59375,262747.6875,250574.390625,262853.4375,213009.15625,208488.109375,185161.28125,184744.03125,216409.78125,211900.296875,214643.453125,207623.0625,189662.15625,199339.546875,212329.796875,192305.265625,202864.875,213096.078125,207718.234375,224294.15625,237158.96875,247148.59375,205846.578125,235024.796875,237970.21875,238769.8125,251274.265625,247937.515625,209586.375,209239.65625,225072.765625,221085.8125,150724.15625,176070.265625,186299.171875,198745.546875,210768.71875,212131.859375,249056.3125,243535.140625,244946.46875,230423.046875,242481.65625,238343.796875,240622.5,224386.015625,263913.34375,256451.703125,237374.078125,174164.609375,155264.578125,147551.609375,181245.71875,201517.625,147890.90625,138298.046875,279338.28125,259503.390625,148829.171875,154858.890625,244797.015625,238531.515625,175304.546875,199919.921875,201645.859375,197737.03125,286504.28125,254653.3125,221917.96875,247781.109375,241615.859375,254447.21875,278593.375,286865.125,210680.390625,218709.234375
85,192966.703125,188121.96875,174771.515625,183822.796875,164217.75,160378.9375,152358.875,160434.78125,187743.53125,167080.609375,214765.171875,192657.296875,192754.140625,179178.359375,202956.78125,184731.484375,197971.0625,197430.5,209539.796875,186964.21875,213552.0625,196062.984375,197731.53125,179467.046875,166423.421875,177202.6875,163305.953125,169482.078125,210400.40625,213040.703125,216320.4375,203273.96875,201092.46875,204040.734375,192229.390625,175932.25,227235.84375,240334.59375,229094.078125,235673.1875,200251.171875,189535.921875,181971.890625,170800.921875,155890.921875,159298.390625,161309.8125,153346.203125,170497.921875,172333.390625,189561.25,196845.203125,187664.59375,200242.65625,173582.953125,176902.578125,160564.40625,183566.828125,140787.75,142791.6875,224196.875,237275.546875,213546.546875,218726.46875,193651.546875,189642.15625,179148.328125,178233.125,193114.859375,200835.390625,243121.828125,276221.96875,258965.125,261195.703125,187636.84375,171596.15625,261567.265625,225929.59375,213204.78125,217328.953125,161937.5,176918.171875,184462.875,177141.734375,203441.078125,208856.796875,223363.46875,221026.90625,153972.46875,199021.28125,215506.109375,181927.953125,173004.71875,161674.65625,187670.265625,170839.34375,220649.21875,214621.953125,198292.75,180657.171875,127114.3359375,127268.7578125,204210.484375,193474.6875,218765.765625,229813.859375,204847.015625,201282.984375,254238.34375,215486.96875,177948.46875,162836.453125,257067.828125,232318.265625,203532.5,169431.171875,278032.59375,221649.1875,264136.90625,273702.90625,239612.796875,230292.703125,252376.65625,246133.0625,217195.671875,197600.59375,224375.515625,223460.046875,258011.9375,220738.75,195707.515625,189471.03125,248720.078125,232261.96875,215550.03125,217230.390625,244306.546875,237807.0625,226901.484375,243479.703125,207217.953125,215227.125,241668.78125,243471.265625,227210.578125,232334.75,212983.890625,200995.359375,228692.65625,199091.578125,236287.171875,231282.875,229588.421875,223897.984375,204963.625,212760.859375,208169.765625,225487.015625,196182.703125,214189.328125,182075.34375,174634.109375,236686.578125,243058.078125,234558.921875,256252.1875,241653.0625,257617.8125,275693.21875,278886.875,257751.578125,262175.75,250329.96875,262523.6875,213034.921875,208516.53125,184941.5625,184766.125,216443.71875,211357.484375,215269.5,208650.515625,189245.328125,198665.484375,211784.296875,192125.59375,203056.71875,212949.84375,207023.640625,223731.5625,236874.203125,246992.625,205534.625,234526.671875,237712.359375,238838.453125,251011.734375,247741.703125,209405.78125,208987.15625,224657.40625,220739.234375,150284.265625,175912.640625,185637.890625,198166.109375,210780.421875,212478.046875,249191.578125,243591.1875,245550.453125,231141.515625,244160.953125,238984.234375,240566.671875,225062.84375,264400.6875,256960.6875,237426.15625,174426.703125,155413.515625,147648.609375,181571.171875,202520.171875,148137.84375,138442.09375,279018.1875,259548.484375,149208.140625,155137.53125,244486.65625,239264.546875,175502.546875,200140.59375,201765.84375,198078.859375,286655.1875,254902.640625,222094.671875,248258.234375,242373.0,254846.71875,278465.96875,287175.90625,210938.453125,218786.609375
86,193076.796875,188564.65625,174844.3125,184373.1875,164993.953125,161181.5,152477.984375,160659.40625,187929.59375,167416.640625,214906.6875,192941.28125,193092.9375,179549.515625,203656.1875,185571.46875,198381.890625,197926.125,210601.078125,187827.390625,214640.890625,197191.984375,198035.875,180713.765625,166974.9375,177877.71875,164079.15625,169995.34375,210859.0625,213515.796875,216850.78125,203514.5,200385.203125,203693.890625,191561.9375,175122.0,226805.234375,239755.75,228479.609375,235429.96875,199727.625,189018.59375,181106.453125,169918.859375,155389.28125,158458.703125,160701.5,152784.6875,169574.625,171289.125,188664.53125,195864.5625,187920.28125,200251.21875,173696.65625,177075.015625,160786.109375,183717.71875,140879.125,142736.34375,224191.71875,236510.265625,213886.53125,219046.0,193596.140625,189755.453125,179105.1875,178380.21875,191854.328125,199590.375,242958.875,275632.09375,258102.4375,259962.78125,187570.578125,171120.34375,260616.03125,224721.296875,212744.375,216333.609375,161995.609375,176457.515625,183813.984375,176049.9375,203743.203125,208859.34375,223001.015625,220491.46875,154529.765625,198758.078125,215953.0,182658.59375,172256.28125,160853.40625,187514.46875,170729.390625,221549.015625,215023.140625,198761.328125,180724.046875,127291.875,127228.0390625,203754.375,192815.78125,218889.96875,229981.453125,205166.171875,201196.640625,253079.90625,215216.171875,178021.421875,162872.859375,256679.109375,232395.625,202486.34375,169678.234375,276602.75,220866.25,263642.78125,273271.5625,239414.71875,229850.578125,252181.578125,245593.671875,216231.875,197268.75,224148.796875,223789.546875,258386.3125,220880.5625,195396.15625,189218.75,248516.609375,232390.5625,216057.140625,217726.5,244528.3125,238423.09375,227242.0625,244133.328125,207016.484375,215476.46875,241799.546875,243353.4375,227203.703125,232653.875,213369.46875,201395.515625,228673.390625,199095.046875,236222.953125,231248.015625,229464.375,223875.796875,205077.4375,212646.078125,208236.265625,225227.84375,196319.046875,214289.609375,181862.71875,174741.0625,236064.765625,242030.875,233331.015625,254563.390625,241176.4375,256688.90625,274317.96875,277236.21875,257199.28125,260637.140625,250175.734375,261340.34375,213004.171875,208327.40625,184807.6875,184519.4375,216228.703125,211477.0625,214907.578125,208053.0,189423.03125,198906.4375,212004.40625,192139.5,202436.59375,212650.453125,207132.453125,223928.703125,237242.15625,247374.71875,206368.6875,235358.203125,237681.703125,238810.890625,251127.109375,247891.21875,210020.140625,209711.3125,225455.171875,221487.578125,150910.75,176370.21875,186242.5,198753.375,211582.21875,213100.515625,249383.921875,244238.078125,244217.140625,229654.65625,243819.25,237843.953125,240398.859375,224294.84375,264070.25,256232.046875,236475.90625,173808.125,155491.65625,147054.515625,180952.75,201684.609375,148077.953125,138105.078125,278901.78125,259337.015625,149349.796875,154846.671875,243064.96875,238104.578125,175500.140625,199421.640625,201474.109375,197875.8125,285425.46875,252707.9375,221934.203125,247733.421875,242295.78125,254521.234375,278720.6875,286943.5625,210522.359375,218263.796875
87,193139.25,188768.84375,174879.515625,184463.484375,165030.703125,160898.390625,152438.40625,160851.9375,187911.234375,167615.453125,214590.1875,192659.453125,193002.890625,179716.296875,203675.0625,185803.265625,198770.796875,198293.296875,211204.5625,188151.90625,215567.984375,197933.21875,198233.5,181892.078125,167591.390625,178597.453125,165812.203125,171252.15625,211644.890625,214067.703125,217442.65625,203595.421875,199862.203125,203045.09375,190799.390625,174499.375,226433.640625,239161.125,228355.578125,235159.703125,199604.59375,189012.875,180947.5,169684.625,155341.859375,158269.484375,160572.078125,152802.0625,168919.71875,170836.203125,188427.234375,195746.5625,188260.5,200192.078125,173630.828125,177132.953125,160879.484375,183856.546875,140827.0,142589.84375,224277.25,235455.234375,214626.609375,219311.265625,193766.0,190070.4375,179094.484375,178351.609375,190356.859375,197977.125,243244.9375,275910.15625,258713.171875,259712.125,187525.234375,170668.484375,260605.421875,224323.265625,212760.046875,216053.171875,161977.375,176109.34375,183178.71875,174713.453125,203602.25,208683.515625,222956.015625,219929.4375,154593.75,197412.875,216114.0,183199.234375,171043.796875,158591.90625,187215.921875,169399.390625,222113.140625,215196.796875,198950.046875,180912.296875,127321.3515625,126966.8671875,202608.015625,190961.609375,218848.71875,229973.34375,205381.328125,200953.453125,251629.1875,213902.5625,176684.046875,161566.875,255917.328125,232259.421875,200520.609375,167962.890625,274562.875,219274.4375,263385.15625,273701.4375,239180.890625,229847.046875,251950.703125,245302.9375,216299.984375,197757.546875,224609.421875,224652.875,259072.90625,221209.375,195599.90625,189235.40625,248992.90625,232831.96875,216451.328125,217985.484375,245377.984375,239059.46875,228075.078125,244897.703125,207211.375,215811.375,242005.21875,243027.171875,227488.484375,233024.125,213796.8125,201650.0625,229028.578125,199323.8125,236321.328125,231189.3125,229475.921875,223845.875,205381.390625,212572.859375,208417.515625,224902.5625,196737.4375,214483.015625,181858.21875,174706.203125,235929.875,242123.25,232774.59375,255118.734375,240777.171875,256273.359375,274392.03125,277942.40625,257168.71875,260505.578125,250328.828125,261370.46875,212934.21875,208205.21875,184934.6875,184481.859375,216174.96875,211777.421875,213963.75,206699.15625,189867.234375,199581.90625,212531.640625,192292.765625,202094.5,212289.6875,207089.1875,223918.578125,237391.59375,247753.640625,206543.359375,235530.109375,237721.796875,238756.25,251091.703125,247868.5625,210124.546875,210171.0,225843.515625,221939.65625,150798.453125,176078.21875,186449.796875,199141.53125,211765.5625,213131.046875,249684.140625,244855.515625,242826.328125,228779.125,242373.640625,237028.046875,240146.15625,223539.59375,263470.15625,255664.828125,236476.5625,173742.46875,155776.40625,146665.1875,180920.71875,201486.421875,148290.234375,138157.359375,279316.0,259566.5,149695.75,154615.265625,243309.46875,237367.734375,175558.4375,199450.890625,201263.71875,197772.140625,285233.15625,251762.640625,221776.28125,247631.46875,241738.609375,254357.28125,279304.21875,287303.96875,210701.484375,218283.15625
88,192960.625,188722.28125,174980.03125,184188.40625,164202.734375,159937.21875,152553.96875,160940.578125,188040.203125,167745.390625,214420.984375,192525.59375,192854.15625,179453.078125,203234.09375,185352.0,198663.8125,198147.859375,210666.828125,187520.4375,215155.9375,197294.015625,198157.609375,181246.5,167600.765625,178618.71875,165946.75,171046.578125,211890.15625,214032.359375,217179.65625,203670.09375,200297.28125,203438.5,190719.296875,175271.765625,226763.375,239652.703125,228793.953125,235598.109375,200041.984375,189509.828125,181353.1875,169984.453125,155518.296875,158584.078125,160976.4375,153321.234375,169304.421875,171098.484375,188960.4375,196373.9375,188492.765625,200525.625,173812.828125,177307.28125,160775.40625,183888.375,140671.625,142613.390625,224735.4375,236018.875,214784.4375,219269.53125,193922.859375,190145.96875,179199.546875,178352.90625,189687.859375,196741.90625,243760.765625,276377.59375,259836.9375,260824.59375,187687.015625,171072.609375,260674.90625,224447.0625,212958.328125,216753.359375,162056.921875,176258.640625,183183.28125,174274.15625,203523.890625,208853.296875,223249.140625,220224.921875,154121.75,196332.3125,216102.484375,182696.171875,170258.5625,156840.078125,187017.59375,168285.375,222022.328125,214737.359375,198767.578125,180857.890625,127163.6484375,126525.7109375,201927.796875,189866.796875,219006.921875,229744.65625,205320.890625,200740.03125,250706.3125,213442.359375,175410.78125,160299.265625,255567.03125,231226.78125,198731.09375,167233.328125,274583.65625,219101.25,263856.5,274308.125,239595.171875,230328.625,252167.640625,245745.671875,217576.875,198440.390625,225771.234375,225057.703125,259309.734375,221284.953125,196152.3125,189571.15625,249699.0,232982.53125,216676.125,218112.40625,245525.390625,238722.8125,228057.28125,244744.015625,207137.046875,215617.5625,242128.265625,243103.875,227783.640625,233072.4375,214397.875,202108.078125,229352.453125,199533.609375,237005.328125,231722.625,229862.890625,224172.9375,205624.09375,212942.0625,208747.296875,225495.671875,196745.90625,214603.453125,182062.34375,174616.65625,236857.5,243236.890625,233332.328125,255847.640625,240940.8125,257430.984375,275336.1875,279310.6875,257736.796875,261756.453125,251205.53125,262494.84375,213147.609375,208438.921875,185258.359375,184752.734375,216645.25,212178.734375,214427.0625,207340.140625,190180.453125,199757.078125,212719.9375,192559.5,202548.46875,212512.484375,206963.96875,223797.828125,237772.703125,248125.609375,206060.984375,235002.046875,238155.03125,239039.75,251931.34375,248606.6875,209868.546875,209953.796875,225474.953125,221585.5625,149891.59375,175406.65625,185972.53125,198770.28125,211897.734375,213498.8125,250369.0,245036.65625,242955.8125,228652.609375,242395.90625,237462.65625,239165.421875,223164.15625,263268.84375,255461.28125,237096.546875,174139.875,156010.4375,147057.75,181459.28125,201376.609375,148608.09375,138766.5,279803.5625,260134.0,149943.0625,155027.875,244599.390625,238268.15625,175803.46875,200125.171875,201832.90625,198392.921875,286149.8125,252432.28125,222160.5,248366.40625,241870.109375,254745.28125,279538.21875,288296.0625,211237.3125,218850.078125
89,193163.75,189013.0625,175352.140625,184607.21875,164253.578125,160590.109375,152915.21875,161223.765625,188607.40625,167983.078125,214958.921875,193192.59375,193035.453125,179599.09375,203480.8125,185637.84375,198430.3125,198179.1875,210567.96875,187493.375,214585.34375,196927.296875,198376.0,181020.5625,167448.9375,178458.6875,164331.203125,169811.796875,211377.0625,213939.859375,216501.9375,203912.828125,200355.015625,204150.3125,190444.515625,175722.0625,226862.046875,240155.5,228543.296875,235995.65625,200060.875,189571.859375,180433.671875,169232.671875,154966.984375,157874.0625,160754.546875,152902.84375,169265.59375,170676.203125,188396.90625,195832.921875,188716.0625,201139.328125,174301.71875,177707.0,160905.84375,184052.796875,140838.375,142770.140625,224865.828125,236913.15625,214292.578125,219275.953125,193952.796875,190093.828125,179441.84375,178635.109375,189503.34375,196462.8125,244119.390625,276255.15625,259582.359375,260778.40625,187683.234375,171402.703125,259877.265625,223601.203125,212400.125,216504.984375,162010.65625,176104.796875,182945.203125,174379.09375,203400.53125,209067.4375,222819.671875,220227.609375,153964.859375,196777.890625,216077.484375,182236.65625,170233.171875,157635.40625,186787.40625,169064.203125,221769.203125,214431.4375,198294.015625,180691.625,126982.125,126417.390625,202092.390625,190755.390625,219217.859375,229548.09375,204975.453125,200676.65625,249936.5,214703.796875,176621.265625,161359.109375,255908.578125,230575.0625,198897.390625,169315.3125,274307.0,219937.828125,264751.0,274509.875,239731.203125,230226.65625,252200.953125,245824.4375,217536.78125,198070.25,225748.875,224465.140625,259191.78125,221262.875,196075.71875,189680.25,249496.625,232746.421875,216353.671875,218140.140625,244554.9375,237968.296875,227562.015625,244404.75,206514.71875,215096.796875,241723.328125,243203.21875,227867.75,233097.5625,214523.046875,202388.484375,229303.421875,199612.1875,237376.5625,232288.5625,230021.546875,224366.21875,205826.0,213349.015625,208893.625,226325.21875,196641.890625,214663.203125,182145.875,174798.5,237257.421875,243552.875,233141.6875,255377.734375,240855.921875,257925.5625,275484.9375,279150.25,257434.171875,262289.28125,251258.4375,262817.21875,213291.609375,208638.390625,185421.359375,184780.296875,216835.796875,212673.75,215474.359375,208615.53125,190344.21875,199702.921875,212686.296875,192757.34375,202762.484375,213115.15625,207293.609375,224072.828125,238310.34375,248518.140625,206032.0,235042.96875,238585.078125,239252.671875,252698.125,249459.78125,209879.84375,209771.96875,225451.40625,221407.59375,149776.671875,175508.640625,185855.40625,198559.34375,212109.234375,213685.859375,250494.078125,244789.890625,242805.171875,228577.359375,242927.859375,237558.703125,238681.46875,223184.75,263413.125,255145.046875,236731.484375,173899.375,155799.5625,147281.140625,181123.8125,200628.390625,148453.40625,138887.546875,279864.90625,260168.9375,149674.09375,155247.875,244690.796875,238920.921875,175827.53125,199972.203125,202313.09375,198829.28125,286457.96875,252935.8125,222500.625,248707.6875,242250.4375,254949.734375,279257.46875,288255.0625,211169.515625,219006.046875
90,193739.875,189384.5625,175490.859375,185155.46875,165031.03125,161497.40625,152979.171875,161298.09375,188672.375,167958.921875,215660.734375,193760.640625,193739.875,180268.59375,204087.703125,186216.734375,198294.53125,198268.265625,211208.3125,188374.90625,214785.796875,197550.109375,198723.828125,181226.859375,167383.390625,178252.75,164038.453125,170247.546875,210904.765625,214048.015625,216608.640625,204134.21875,200496.296875,204296.765625,190505.34375,175481.828125,226627.40625,239965.21875,228251.8125,235793.6875,200091.171875,189440.125,179583.390625,168576.96875,154644.0625,157100.421875,160146.46875,152228.75,168923.171875,170043.0,187869.328125,195168.71875,188776.4375,201149.625,174327.71875,177614.046875,161143.953125,184060.859375,141037.625,142739.9375,224664.109375,236834.5,214142.265625,219389.40625,193836.734375,190048.859375,179418.859375,178650.40625,189578.203125,196416.484375,244298.671875,275969.8125,259170.53125,259828.546875,187693.453125,171047.375,258894.796875,222692.140625,211984.671875,215672.9375,161842.1875,175789.5,182362.015625,174001.21875,203379.203125,209100.1875,222231.90625,219722.78125,153798.375,197598.546875,216041.75,182658.140625,170407.9375,158738.8125,186485.640625,170018.53125,221649.53125,214993.875,197925.0625,180588.578125,126594.828125,126688.984375,201922.859375,191320.359375,219003.953125,229400.84375,204682.015625,200794.265625,250080.484375,214964.0625,177592.71875,162001.4375,255779.328125,230397.625,200096.734375,169703.5625,273989.5625,219746.484375,264543.1875,273683.375,239768.4375,229811.796875,252070.734375,245478.5625,216651.546875,197578.90625,224811.140625,224099.140625,259033.734375,221410.546875,195712.421875,189402.765625,248968.921875,232875.0625,216094.78125,218141.25,244023.09375,238108.765625,227567.140625,244499.3125,206251.203125,214979.046875,241406.0,243145.484375,227715.296875,233134.46875,214032.4375,202256.65625,228993.59375,199559.0,236941.890625,232080.53125,229796.203125,224209.59375,205867.90625,213377.9375,208628.28125,226251.65625,196713.375,214690.484375,182079.03125,175003.890625,236718.03125,243272.859375,232616.265625,255234.875,240622.875,257370.5,274788.1875,278659.90625,256727.203125,262463.375,250074.703125,262690.90625,213160.34375,208715.96875,185606.4375,184856.34375,216971.96875,213013.9375,215282.734375,208648.28125,190571.5,200266.671875,212990.15625,192983.84375,202825.375,213528.90625,207520.84375,224307.4375,238482.296875,248782.0,206516.15625,235508.71875,238421.296875,239185.90625,252334.8125,249177.484375,210219.84375,210131.546875,225985.015625,221897.828125,150555.203125,176115.421875,186140.90625,198934.640625,212008.03125,213588.03125,249976.140625,244726.671875,241868.40625,228663.109375,242870.796875,237064.453125,238417.6875,223047.484375,262803.59375,254626.90625,236125.34375,173362.890625,155610.421875,147111.921875,180369.96875,200028.96875,148159.6875,138247.671875,279887.0,259986.0625,149500.640625,154968.875,243952.359375,238598.921875,175872.71875,199505.984375,202022.734375,198579.609375,286730.15625,252936.6875,222331.09375,248452.484375,242073.71875,254888.859375,279374.46875,287936.375,211053.515625,218810.109375
91,193934.515625,189272.40625,175381.25,185043.578125,165107.34375,161063.15625,152726.6875,161092.015625,188351.375,167797.015625,215779.34375,193678.09375,194185.53125,180517.234375,204089.53125,186033.046875,198360.34375,198060.859375,211328.421875,188724.15625,214885.796875,197981.90625,198795.3125,180542.9375,167113.34375,177991.0,164627.3125,171468.84375,211019.046875,213970.0625,217140.65625,204447.765625,201271.765625,204475.359375,191402.234375,175887.953125,226757.046875,239810.5,228850.046875,235745.921875,200563.34375,189737.515625,180132.234375,168981.1875,154978.40625,157297.390625,160064.546875,152166.25,168946.203125,169801.125,188350.625,195401.21875,188546.765625,200614.25,174104.4375,177344.9375,161138.609375,184040.125,140963.296875,142664.265625,224560.03125,236930.921875,214394.578125,219383.828125,193855.140625,189998.46875,179322.84375,178527.046875,190071.78125,196379.0,244200.28125,275428.5625,259227.796875,259209.4375,188078.640625,170882.0625,258790.46875,222654.734375,212251.09375,215586.8125,162051.5,175919.296875,182620.953125,173763.46875,204022.015625,209302.515625,222408.609375,219819.8125,153550.875,197579.578125,216195.53125,183241.21875,170781.921875,158658.40625,186412.328125,169836.171875,221805.0625,215491.15625,198331.90625,180531.484375,126387.875,127007.5390625,201875.375,191078.75,218954.96875,229526.140625,204988.390625,201089.015625,251215.078125,214044.484375,176943.71875,161292.984375,255223.1875,230398.484375,200361.65625,167995.609375,274552.4375,219367.828125,263269.4375,272307.46875,240067.109375,229767.671875,252505.09375,245577.5625,217123.546875,198035.484375,224746.609375,224342.09375,258898.421875,221663.84375,195903.484375,189392.046875,248994.890625,233271.28125,216368.078125,218220.046875,244504.90625,238930.09375,227817.421875,244670.21875,206911.328125,215401.046875,241867.484375,243456.03125,227497.078125,233142.984375,214134.984375,202378.859375,228981.078125,199583.125,236634.703125,231670.5,229818.140625,224340.234375,205651.734375,213266.59375,208468.1875,226089.78125,196785.28125,214866.890625,182131.328125,175104.671875,236521.796875,242915.765625,232880.140625,254388.0625,240764.53125,256907.78125,274365.71875,277676.03125,256624.796875,262548.25,249407.609375,262539.84375,213091.796875,208731.578125,185775.796875,185050.78125,217349.53125,212884.640625,214699.0625,208386.75,190758.8125,200725.9375,213114.453125,193054.46875,203254.859375,213882.984375,207574.90625,224226.640625,238390.015625,248633.9375,206808.421875,235654.0,238052.0625,238972.703125,251909.046875,248476.8125,210290.328125,210197.34375,226148.5625,222100.265625,150862.828125,176303.546875,186249.625,199115.484375,212097.03125,213843.78125,249768.96875,244814.671875,240745.71875,228195.625,242576.0625,236814.84375,237909.625,222523.671875,262279.875,254258.828125,236160.453125,172956.453125,155724.875,147176.734375,179995.328125,199454.375,147975.1875,137747.859375,279930.0625,259852.28125,149450.875,154869.234375,242720.96875,237643.375,175878.984375,199155.90625,201680.75,198146.59375,286323.875,251599.90625,222053.859375,247769.265625,241682.609375,254557.40625,279508.875,287651.625,210757.90625,218392.890625
92,193913.484375,189031.0625,175403.109375,184707.890625,165011.375,160830.828125,152461.453125,160937.375,188385.28125,167770.515625,215669.265625,193518.1875,193965.078125,180426.53125,203867.03125,185679.1875,198634.796875,197935.953125,211002.875,188447.953125,214614.5,197827.625,198654.375,180265.875,166766.1875,177879.90625,164377.28125,171369.546875,211624.65625,213818.296875,217113.921875,204540.515625,201658.609375,204678.34375,191846.28125,176291.578125,227127.3125,239808.140625,229689.078125,235825.5,200665.171875,190042.09375,180721.828125,169293.96875,155126.359375,157672.65625,160177.0625,152371.59375,168783.6875,169748.71875,188597.140625,195564.984375,188205.640625,200222.953125,174083.796875,177474.171875,160963.0,184227.609375,140900.984375,142724.6875,224019.703125,237000.625,214563.09375,219304.078125,194003.859375,190034.890625,179437.796875,178616.6875,190405.59375,196884.5625,243733.0,274905.96875,258379.875,258943.4375,188330.140625,171213.203125,259105.53125,223411.734375,212381.234375,215952.125,162651.671875,176221.078125,183508.015625,174424.1875,204408.875,209388.515625,222630.984375,220450.1875,154058.25,197808.53125,216404.46875,183218.421875,171320.609375,158820.84375,186956.625,169758.453125,221858.15625,215285.359375,199112.546875,180622.5625,126822.8359375,127063.984375,202731.046875,191231.28125,219264.375,229822.359375,205401.84375,201144.453125,251950.640625,214349.0,176996.171875,161353.96875,255643.03125,231009.65625,199955.734375,168163.625,273904.03125,219879.421875,262721.90625,271974.375,239706.234375,229863.34375,253044.90625,245568.71875,217440.828125,198237.015625,224738.015625,224093.453125,258705.828125,221726.703125,195982.109375,189636.546875,248920.28125,233114.265625,216111.3125,218069.84375,244824.9375,239113.5625,227892.734375,244621.859375,207567.5625,215686.921875,242383.3125,243719.875,227404.84375,233037.25,214284.078125,202156.734375,229190.078125,199617.078125,236785.328125,231609.5625,230194.109375,224733.859375,205336.515625,213083.0625,208458.296875,226136.59375,196784.90625,214980.625,182165.453125,175117.46875,236447.84375,242229.609375,232732.078125,252883.90625,240665.375,256292.65625,273508.4375,276178.125,256397.28125,261569.875,249303.265625,261457.28125,213365.671875,208915.265625,185646.734375,184850.28125,217259.859375,212304.125,214676.734375,208325.203125,190565.03125,200472.640625,212800.140625,192867.96875,203295.21875,213895.59375,207865.375,224519.90625,237954.453125,248136.671875,206819.78125,235291.984375,237801.53125,238620.109375,251564.546875,248030.796875,209834.59375,209532.109375,225744.171875,221658.0625,150576.546875,176143.40625,186280.890625,199036.953125,211848.640625,213206.578125,249539.78125,244564.453125,240159.640625,227746.75,242394.84375,237037.390625,238477.1875,222544.859375,263154.4375,254644.953125,236550.875,172884.625,155707.484375,147300.75,180124.765625,199856.6875,147779.171875,137894.640625,279710.96875,259652.609375,148943.6875,154823.515625,242871.421875,237128.21875,175571.15625,198972.390625,201695.296875,197980.53125,284886.78125,251289.625,222003.828125,247353.28125,241422.109375,254245.21875,279067.78125,286834.90625,210380.734375,218275.671875
93,194018.671875,188942.953125,175495.34375,184500.40625,165353.125,161198.328125,152259.234375,160747.21875,188371.203125,167672.484375,215677.40625,193399.296875,193732.0625,180568.921875,203752.390625,185477.71875,198896.546875,197988.34375,211011.828125,188244.84375,214529.046875,197593.265625,198412.359375,180821.59375,166809.171875,177817.640625,164260.53125,170848.375,212283.875,213875.703125,217093.84375,204577.890625,201851.109375,204675.34375,191700.453125,176221.484375,227310.734375,239688.59375,230063.5,235418.265625,200569.265625,189929.078125,180803.328125,169152.625,155170.34375,157853.765625,160242.984375,152793.21875,168842.15625,170431.515625,188620.484375,195644.984375,188026.984375,200204.9375,173905.984375,177419.484375,160900.609375,184200.46875,140923.484375,142790.0625,223527.5625,236604.90625,214882.578125,219212.53125,193984.5625,190083.28125,179390.65625,178666.4375,190607.59375,197418.296875,243500.046875,275060.8125,257700.171875,259430.328125,188074.8125,171282.984375,259949.25,224216.640625,212289.3125,216253.703125,163067.71875,176379.421875,183764.21875,174890.734375,203895.4375,209054.0625,222498.859375,220682.140625,154619.34375,198675.21875,216741.75,183029.15625,171557.671875,159180.125,187654.765625,170045.09375,221772.09375,214975.703125,199550.625,180896.015625,127234.7265625,126768.0,203310.734375,191610.078125,219431.953125,229803.90625,205264.84375,201056.609375,251860.84375,215410.1875,177721.890625,161608.953125,256704.078125,231629.578125,200132.84375,169553.421875,272928.03125,220265.5,263498.15625,273305.34375,239000.953125,230028.828125,252941.140625,245081.03125,216290.59375,197510.28125,223995.734375,223469.546875,258551.75,221449.640625,195519.578125,189580.84375,248568.5,232546.484375,215374.078125,217787.140625,244591.8125,238612.359375,227941.75,244529.25,207304.078125,215317.796875,242386.84375,243389.9375,227478.875,232629.015625,213252.34375,201012.0625,229090.5,199362.046875,236821.25,231529.0,230446.0,224655.984375,205225.96875,212839.15625,208343.21875,225855.546875,196762.21875,214702.65625,182039.109375,175024.59375,236161.34375,241946.15625,232333.078125,253515.484375,240210.46875,255941.421875,273128.125,276816.96875,256258.34375,260810.03125,249054.90625,260664.5,213529.34375,209018.9375,185384.28125,184679.8125,216855.109375,211807.765625,214920.203125,208052.625,190125.109375,199957.328125,212683.40625,192663.765625,202873.984375,213385.0625,207987.40625,225239.84375,236971.546875,247444.5625,206896.21875,235041.5625,237349.859375,238361.609375,250982.65625,247766.5625,209518.03125,209117.296875,225525.875,221411.265625,150612.734375,176174.90625,186524.765625,199342.8125,210582.6875,211537.421875,248941.390625,244245.5,241761.78125,228623.390625,242569.765625,237622.15625,239821.734375,223135.265625,263771.96875,255374.796875,236860.75,173345.125,155517.4375,147208.125,180602.84375,201115.640625,147753.71875,138233.6875,279693.25,259917.59375,148502.515625,154665.703125,245136.390625,238119.59375,175506.1875,199360.796875,201906.390625,198235.28125,285066.59375,253516.28125,222255.390625,248075.0,241508.421875,254719.234375,279043.75,287232.875,210824.40625,218843.25
94,193890.328125,188584.203125,175643.5625,184282.546875,165301.984375,160949.78125,152300.28125,160572.96875,188070.703125,167405.375,215505.71875,193063.328125,193574.5,180320.9375,203336.265625,184916.0,199016.125,197914.5,210922.53125,187798.078125,214380.046875,197178.796875,198321.4375,180708.15625,167199.375,177736.0625,164133.8125,170756.921875,212386.515625,213901.390625,217504.296875,204922.140625,201892.625,204543.984375,191870.734375,176173.703125,226936.34375,239384.734375,229624.796875,234663.875,200664.890625,189632.78125,181076.484375,169193.984375,155556.375,158170.9375,160882.875,153128.9375,169686.46875,171509.171875,188992.75,195815.53125,188021.59375,200336.78125,173671.578125,177019.296875,161050.59375,183984.25,140826.921875,142846.21875,223441.25,236441.546875,215208.125,219110.3125,193978.65625,189984.78125,179233.59375,178730.203125,191710.59375,198215.53125,243379.109375,275265.09375,258006.96875,260076.234375,187418.9375,170826.875,261136.25,224193.4375,212236.546875,216338.734375,162793.265625,176402.53125,183709.546875,175087.078125,203551.625,208479.984375,222571.40625,220393.640625,154359.859375,198883.265625,217021.34375,183215.515625,171996.109375,159717.015625,187690.921875,170047.421875,221966.328125,214738.4375,199695.6875,180927.453125,127222.9765625,126736.671875,203468.765625,192526.84375,219207.453125,229655.671875,205122.75,201504.109375,252344.59375,215895.8125,178038.015625,161978.4375,256940.890625,231928.8125,201640.609375,170099.703125,274792.1875,220741.53125,264256.75,273854.90625,238916.328125,230007.25,252493.65625,244799.328125,216048.546875,197266.4375,224116.71875,223572.125,258725.609375,221240.484375,195466.265625,189489.734375,248814.28125,232367.96875,215570.078125,217806.0,244825.109375,238318.234375,228115.703125,244746.4375,206935.796875,214802.125,242389.59375,242913.21875,227314.734375,232056.5,212390.953125,200123.359375,228914.796875,198991.8125,236445.78125,231118.0625,230403.046875,224043.234375,205468.359375,212820.96875,208139.875,225402.09375,196815.625,214469.78125,182119.421875,175009.46875,236043.53125,242244.734375,232674.328125,255427.328125,239933.125,256107.640625,274685.625,278765.15625,256707.578125,261340.234375,248847.09375,261350.0,213116.203125,208334.578125,185219.90625,184940.890625,216777.015625,211606.375,215186.390625,207542.265625,189736.484375,199155.078125,212503.578125,192252.5625,202741.75,213084.578125,207486.515625,225198.28125,235954.109375,246611.984375,206504.40625,235232.9375,236737.84375,238142.65625,250603.640625,247473.828125,209632.625,209341.78125,225678.140625,221349.234375,150836.984375,176295.921875,186571.0,199575.21875,209536.34375,211048.21875,248812.71875,244364.828125,244018.59375,230086.109375,243174.15625,238179.390625,240313.15625,223579.59375,263398.6875,255579.390625,236966.5625,173831.75,155335.59375,147177.03125,180754.078125,201365.953125,147795.171875,138261.984375,279929.375,260385.375,148549.03125,154733.4375,244940.921875,238872.015625,175597.375,199489.890625,201988.171875,198322.359375,286522.15625,253854.984375,222461.40625,248541.234375,242217.46875,255216.8125,279475.46875,288217.1875,211043.0625,218847.203125
95,193519.0,188189.0625,175837.796875,184094.328125,165045.1875,160561.796875,152429.0625,160503.140625,187871.75,167103.375,215349.71875,192898.296875,193405.078125,179786.203125,203001.734375,184382.640625,199016.75,197857.78125,210584.359375,187267.765625,214120.5,196803.9375,198419.640625,180125.484375,167288.890625,177657.703125,163691.625,170483.0625,211941.625,213595.546875,217419.546875,204857.59375,201313.1875,204243.4375,191983.78125,176086.109375,226378.4375,239160.3125,228892.125,234142.203125,200557.8125,189445.421875,181400.53125,169482.125,155742.578125,158393.75,161777.46875,153028.59375,170137.34375,171556.15625,189236.15625,195814.609375,187980.34375,200365.0625,173728.265625,176822.984375,161096.71875,183929.171875,140769.484375,142903.875,222994.375,236402.796875,214877.1875,219025.625,194037.203125,189879.171875,179325.484375,178790.65625,192784.921875,199325.0,242847.90625,275042.65625,258132.09375,259805.734375,186781.828125,170546.984375,261257.671875,223864.5625,212182.640625,216172.140625,162368.921875,176180.390625,183956.875,175493.671875,203724.4375,207891.75,222675.828125,220073.75,154236.28125,198460.25,216918.46875,183336.953125,172784.4375,160492.4375,187442.984375,169960.78125,222253.578125,214425.609375,199728.015625,180638.296875,127335.1328125,127141.34375,203967.75,193333.8125,218784.765625,229696.140625,205426.828125,201866.421875,253453.421875,216013.953125,178510.109375,162963.34375,256731.96875,232455.484375,203252.046875,170228.1875,276698.09375,221674.0,264118.46875,272998.875,239120.84375,229489.53125,252296.71875,244836.53125,216911.765625,197735.0,225024.125,223997.734375,259059.96875,221370.015625,195860.90625,189537.234375,249292.109375,232578.734375,216257.15625,217868.5625,245496.390625,238305.921875,228182.578125,245035.625,207224.09375,214927.765625,242543.5,242789.484375,226854.421875,231717.375,212823.625,200099.265625,228995.8125,198825.0,236070.03125,230808.765625,230360.328125,223642.25,205591.109375,212843.28125,207900.328125,224990.53125,196903.78125,214550.53125,182316.09375,174954.296875,235984.921875,242180.671875,232912.53125,256052.265625,240165.3125,256051.59375,276044.4375,278906.75,256792.828125,261882.609375,249072.53125,262105.140625,212914.421875,207709.84375,185173.046875,184989.234375,216789.5625,211499.0625,214988.796875,206767.90625,189353.578125,198444.0625,212108.21875,191760.9375,202791.859375,213141.84375,206823.265625,224399.109375,235671.796875,246217.6875,205510.5,235081.609375,236740.125,237879.5,250398.21875,247008.4375,209757.71875,209539.03125,225776.109375,221095.234375,150747.671875,176218.625,186309.921875,199307.40625,209619.28125,211785.421875,249107.71875,244700.90625,242945.640625,230364.703125,243757.90625,238269.578125,240359.34375,223956.03125,263912.59375,255625.84375,237305.859375,173863.9375,155103.0625,147220.890625,180626.1875,201279.46875,147692.53125,138089.3125,279660.15625,260084.625,148584.84375,154769.890625,242743.828125,238077.875,175329.890625,199157.03125,201662.03125,197922.015625,286657.4375,252511.375,222181.84375,247601.484375,242750.140625,254608.828125,279138.21875,286875.34375,210599.75,218177.359375
96,193422.8125,188541.078125,175795.203125,184176.015625,165486.09375,161038.421875,152325.34375,160487.75,187954.171875,167123.3125,215602.5,193286.828125,193638.578125,180100.4375,203341.96875,184577.125,198846.75,198031.203125,210825.40625,187517.671875,214242.4375,197104.78125,198323.984375,180362.875,166901.90625,177593.046875,163974.140625,170083.296875,211408.125,213246.203125,216686.703125,204255.609375,200985.71875,204228.25,191631.609375,175994.515625,226550.28125,239556.5,228813.3125,234302.5,200487.703125,189562.921875,181192.328125,169585.4375,155304.359375,158161.28125,161583.875,152855.25,169555.21875,170827.84375,189047.21875,195941.078125,188012.484375,200425.5,173830.609375,176986.6875,160890.03125,183986.984375,141008.46875,142879.28125,222704.421875,236083.78125,214073.828125,218991.8125,194011.140625,189971.234375,179544.203125,178644.5625,192173.875,199442.0,242708.796875,275126.5625,258150.203125,259407.046875,187106.234375,170889.203125,260441.453125,223895.71875,212287.9375,216053.3125,162584.015625,175989.84375,184025.9375,175450.546875,203919.640625,207782.15625,222612.171875,220037.109375,154597.09375,198341.21875,216729.296875,182855.984375,172767.109375,160155.125,187596.890625,170082.265625,222161.109375,214199.515625,199506.25,180490.140625,127538.9765625,127208.984375,204125.34375,192502.984375,218625.96875,229640.625,205656.390625,201304.203125,253556.171875,215826.625,178842.875,162787.359375,256898.3125,232729.6875,202774.453125,170002.015625,274800.75,221620.09375,263396.53125,273033.5625,239303.46875,229301.65625,252599.0,244960.578125,216612.90625,197704.78125,224887.78125,223819.96875,258999.25,221473.71875,195862.5,189473.921875,249102.546875,232689.421875,216071.5625,217595.84375,245310.234375,238126.390625,227833.34375,244794.3125,207487.359375,215522.375,242550.0625,243075.515625,226806.671875,231802.984375,213270.4375,200354.75,229144.484375,198965.234375,236276.8125,231036.296875,230518.796875,223979.890625,205432.703125,212740.828125,207916.625,224867.4375,196843.984375,214575.34375,182235.390625,174822.65625,236228.6875,242072.984375,232717.875,255740.671875,240784.828125,256084.0625,275254.5625,277663.09375,256519.9375,261616.53125,249707.953125,261741.765625,213529.75,208433.59375,185228.265625,184680.0,216673.15625,211632.546875,214557.1875,206661.890625,189267.984375,198821.671875,212331.171875,192023.765625,202756.765625,213182.3125,206735.328125,223827.234375,236358.40625,246622.21875,205179.125,234342.640625,237332.625,237998.21875,250552.609375,246904.796875,209885.140625,209522.375,225755.015625,220993.359375,150662.234375,176100.859375,186306.578125,198996.90625,210386.03125,212210.265625,249165.53125,244570.984375,240056.46875,229572.703125,243516.203125,238024.109375,240334.09375,224002.046875,264410.875,255728.609375,237654.3125,173731.734375,155100.5625,147241.578125,180819.953125,201667.40625,147757.96875,138116.828125,279110.96875,259541.671875,148768.84375,154666.0,243262.5,237593.140625,175243.0,199255.421875,201386.265625,197754.109375,285955.5,252921.4375,221803.375,246893.59375,242134.640625,253933.265625,278601.21875,285585.8125,210665.34375,218206.890625
97,193444.921875,188996.9375,175479.390625,184388.421875,165960.5,161664.234375,152246.21875,160550.390625,188143.859375,167560.90625,215624.609375,193558.1875,194078.984375,180857.203125,203739.15625,185070.59375,198454.53125,197980.1875,211419.296875,188315.859375,214452.03125,197667.609375,198083.484375,180858.203125,166701.46875,177529.625,164471.96875,170442.75,210894.71875,213211.84375,216160.203125,203877.1875,201161.8125,204689.90625,191262.984375,175980.640625,227087.6875,240173.546875,228964.46875,234826.875,200749.578125,189913.078125,180669.125,169430.96875,154900.65625,157830.046875,160578.65625,152744.984375,169189.15625,170843.828125,188628.65625,196119.609375,188200.484375,200545.09375,173797.265625,177251.96875,160873.515625,184070.8125,141153.265625,142788.984375,223411.4375,235894.640625,213478.421875,218908.625,194003.0625,190069.625,179671.28125,178569.078125,191036.46875,198793.25,243278.5625,275659.5,258271.09375,259865.390625,188148.0,171400.421875,260123.8125,224085.640625,212610.734375,216290.046875,162788.34375,176284.203125,183782.625,175124.78125,204250.0625,208312.984375,222907.15625,220440.890625,154727.078125,198526.71875,216491.09375,182338.53125,171761.71875,159096.96875,187774.421875,170413.03125,221852.25,214318.890625,198866.6875,180557.078125,127418.2421875,126963.4296875,203560.015625,191315.796875,218785.28125,229471.078125,205467.75,200720.171875,252769.359375,215267.6875,178284.453125,161575.609375,256835.109375,232143.84375,201267.0625,169412.546875,273216.8125,220770.078125,263175.5625,273320.8125,239601.125,229948.84375,253016.5625,245284.3125,215756.015625,197217.515625,224006.3125,223469.46875,258603.265625,221341.25,195553.65625,189382.46875,248624.0,232688.8125,215576.671875,217270.625,244249.6875,237662.8125,227265.703125,244215.796875,207204.234375,215686.5625,242372.0,243418.375,227311.40625,232160.046875,213078.265625,200724.328125,229157.234375,199259.328125,236757.09375,231393.765625,230543.359375,224451.609375,205504.015625,212822.140625,208308.046875,225402.640625,196654.84375,214514.46875,182052.34375,174931.28125,236698.609375,242508.734375,232723.15625,255452.671875,240950.015625,256493.734375,273673.9375,277171.59375,256594.375,261068.875,249976.78125,260885.328125,213945.96875,209278.421875,185291.921875,184669.953125,216713.59375,211998.234375,214762.640625,207675.734375,189618.53125,199628.078125,212983.515625,192800.8125,202846.15625,213384.765625,207106.640625,223392.484375,237390.515625,247205.609375,205893.984375,234297.9375,237756.578125,238446.15625,251198.625,247450.125,210222.25,209625.6875,225892.78125,221186.8125,150864.421875,176191.546875,186466.59375,198821.65625,211423.78125,212507.4375,249260.328125,244022.390625,241069.734375,229234.328125,242991.1875,237877.453125,239889.921875,223645.90625,263401.65625,255476.5,237250.578125,173954.65625,155484.0625,147214.265625,181237.734375,201687.765625,148093.8125,138380.078125,279043.6875,259595.875,149340.796875,154735.1875,244648.625,238261.0,175497.25,199421.046875,201411.0,197829.859375,285807.09375,253581.53125,221736.515625,247284.8125,241345.921875,254083.046875,278906.59375,287058.125,210829.0625,218557.890625
98,193182.984375,188638.53125,175316.65625,184385.15625,165768.15625,161626.921875,152394.765625,160562.078125,188141.75,167786.53125,215029.3125,193166.625,194123.53125,180928.15625,203682.765625,185215.03125,198259.78125,197557.734375,211574.90625,188708.859375,214478.140625,197774.40625,198231.859375,180764.015625,167011.6875,177484.125,164412.4375,171409.453125,210747.890625,213332.078125,216235.234375,203766.890625,201124.15625,204791.453125,191164.046875,175828.203125,227096.4375,240248.3125,228897.5,235265.578125,201093.421875,190047.375,180502.859375,169370.53125,155086.109375,157866.78125,160757.703125,152670.90625,169700.140625,171496.828125,188326.796875,195973.71875,188269.15625,200519.59375,173768.453125,177274.03125,161091.109375,184025.828125,140930.09375,142712.765625,224405.4375,236451.984375,213407.28125,218693.6875,193979.703125,189999.9375,179614.453125,178723.171875,191007.625,198265.703125,243554.140625,276079.3125,258584.953125,260611.546875,188400.953125,171522.75,260741.09375,224437.3125,212873.625,216689.625,162330.5,176683.046875,183570.296875,175099.28125,204614.765625,208840.84375,223302.234375,220871.6875,154680.140625,198812.125,216181.890625,182518.171875,171196.296875,159016.734375,187682.234375,170748.765625,221781.328125,214788.84375,198326.46875,180655.203125,127220.2265625,126943.828125,203128.53125,191624.25,218981.796875,229598.90625,205188.265625,200907.53125,252336.859375,214864.078125,177807.671875,161691.1875,256491.921875,231540.0,201177.90625,169364.6875,275075.25,220472.90625,264155.28125,273302.625,239831.59375,230354.375,252957.09375,245760.828125,215844.78125,196939.34375,223633.71875,223362.671875,258467.59375,221084.328125,195424.25,189307.703125,248404.40625,232517.046875,215656.703125,217215.140625,243504.703125,237068.90625,226962.3125,243801.78125,206809.015625,215122.90625,242219.125,243420.78125,227618.828125,232422.46875,213222.5,201168.640625,229065.375,199346.140625,236746.78125,231389.46875,230185.828125,224229.5625,205695.421875,212946.625,208666.859375,226055.421875,196533.65625,214467.25,181957.90625,175004.4375,236717.125,242901.4375,233219.875,255559.734375,240761.375,256905.59375,274110.0625,278167.0,256875.96875,261370.15625,250050.65625,261407.796875,213478.96875,208580.40625,185108.546875,184954.3125,216789.640625,212083.296875,214992.734375,207961.859375,189683.03125,199437.90625,212984.28125,192768.5625,203044.21875,213598.578125,207191.515625,222966.890625,237663.234375,247171.828125,206406.4375,235094.828125,238162.734375,238798.078125,251436.765625,247894.046875,210311.765625,209792.984375,226111.140625,221416.359375,151086.953125,176363.015625,186354.21875,198793.796875,212180.375,213037.90625,249443.5625,243701.359375,244241.328125,229447.953125,243228.5625,237762.8125,239852.46875,223648.875,263079.1875,255280.375,236733.0625,174354.421875,155715.96875,146965.03125,181452.328125,201587.3125,148382.1875,138525.671875,279210.25,259736.484375,149593.390625,154776.3125,244138.625,238611.484375,175466.015625,199183.796875,201402.671875,197662.65625,286199.28125,253508.9375,221755.640625,247529.328125,241758.5625,254176.59375,279171.21875,287935.5,210578.484375,218260.515625
99,193098.703125,188315.21875,175580.65625,184347.796875,165312.46875,161165.25,152508.40625,160517.40625,188069.078125,167577.015625,214837.578125,192823.984375,193684.65625,180239.34375,203660.09375,185310.09375,198701.625,197600.9375,211233.65625,188328.078125,214721.703125,197541.375,198890.75,180774.0625,167407.84375,177754.84375,164268.09375,171456.890625,211338.5625,213525.640625,216934.765625,203784.15625,200823.53125,204054.90625,191385.84375,175563.4375,226630.125,239804.484375,228783.3125,235551.609375,201075.28125,189763.203125,180728.125,169539.015625,155417.96875,158155.78125,161821.734375,152788.859375,169932.1875,171341.796875,188349.203125,195734.984375,188175.765625,200465.125,173774.765625,177109.109375,161036.703125,183839.328125,140871.71875,142677.875,224426.171875,237069.6875,213780.484375,218671.28125,194025.75,190032.0625,179498.125,178882.953125,191356.53125,197871.765625,243273.9375,276185.03125,259186.640625,260633.265625,187874.859375,171301.65625,261057.0,224680.5625,212832.6875,216747.609375,161941.828125,176664.09375,183495.5625,175102.4375,204609.8125,208987.5625,223225.15625,220668.9375,154293.734375,198431.1875,215870.5625,182700.140625,171572.734375,159525.6875,187432.84375,170273.859375,221739.75,214980.046875,198591.671875,180629.25,127132.984375,126810.9140625,203133.359375,192179.25,219071.421875,229943.578125,205090.234375,201176.109375,252447.671875,214601.703125,177827.21875,162465.640625,256425.328125,231776.71875,201810.234375,169141.25,276330.625,220044.5,264525.40625,273799.71875,239785.171875,229983.953125,252645.734375,246011.390625,216619.0,197221.21875,223895.578125,223372.515625,258643.9375,220959.390625,195623.59375,189358.828125,248481.09375,232245.5625,215867.5,217380.5,243971.78125,237114.046875,227221.125,243747.28125,207096.328125,215015.875,242539.09375,243378.546875,227380.0625,232470.359375,214034.953125,201488.6875,229219.109375,199437.609375,236349.96875,231177.5,229886.515625,223843.375,205621.546875,212955.78125,208598.015625,225942.1875,196641.625,214439.65625,181999.8125,174815.0,236520.625,242787.53125,233454.96875,255639.609375,240815.5625,256901.296875,275924.375,278831.90625,257049.078125,262124.421875,250453.125,262742.15625,213003.890625,207683.609375,184925.734375,185020.90625,216639.75,211831.296875,214546.453125,207136.734375,189478.703125,198998.15625,212488.953125,192061.265625,202983.40625,213287.796875,207039.4375,223028.296875,237194.015625,246761.140625,206057.4375,235274.34375,238513.734375,238982.9375,251083.4375,247712.328125,209739.328125,209619.359375,225899.390625,221366.921875,150823.90625,176131.671875,186038.328125,198778.421875,212187.53125,213235.515625,249377.828125,243676.875,243565.6875,229320.625,243376.703125,237445.46875,240042.578125,223683.75,264165.34375,255603.765625,236870.421875,174246.09375,155585.296875,146839.53125,181215.765625,201752.15625,148334.390625,138338.984375,279241.9375,259629.609375,149334.0625,154718.859375,243415.21875,237921.125,175258.75,198981.671875,201416.328125,197567.6875,286220.09375,253451.90625,221740.1875,247183.984375,242324.9375,253972.96875,278795.28125,286535.90625,210504.4375,217891.953125
100,193402.625,188654.25,175975.765625,184637.640625,164893.671875,160679.125,152418.859375,160634.671875,188136.40625,167415.28125,215410.359375,193068.203125,193344.015625,179700.703125,203967.140625,185742.328125,199345.453125,198211.15625,210907.765625,187898.359375,215286.953125,197604.09375,199568.5,181224.921875,167550.109375,178204.03125,164298.015625,171102.9375,212006.890625,213887.71875,217883.625,204137.921875,200579.671875,203367.75,191712.609375,175485.765625,226217.125,239160.625,228406.421875,235354.03125,200610.5625,189586.078125,180776.0625,169618.09375,155427.5,158222.0625,161461.984375,152809.265625,169186.578125,170480.53125,188457.0625,195613.953125,188104.390625,200454.78125,173689.640625,177068.984375,160809.96875,183822.40625,141046.875,142660.40625,223469.484375,236513.09375,214192.125,218921.078125,194192.609375,190178.96875,179466.640625,178845.453125,191099.265625,197830.546875,243022.125,275947.9375,258588.21875,259750.453125,187827.765625,171143.359375,259539.671875,224118.734375,212522.171875,216197.0,162228.875,176500.75,183421.640625,174972.34375,204498.75,209088.625,223059.4375,220113.515625,153336.03125,197179.125,215505.765625,182276.390625,171879.78125,159536.03125,186927.890625,169183.484375,221413.75,214679.9375,199302.375,180502.328125,126972.28125,126561.328125,203147.359375,191527.734375,218890.203125,229965.625,204952.484375,200986.25,252485.59375,214122.203125,177448.21875,161858.890625,256271.5625,232138.484375,201673.734375,167818.53125,275279.375,218985.890625,263134.53125,273531.84375,239439.609375,229753.46875,252667.140625,245828.078125,217369.109375,198093.046875,224500.890625,223770.296875,258763.875,221191.0,196055.140625,189653.015625,248762.09375,232365.875,216146.25,217746.6875,245429.34375,238358.625,227786.0625,244038.625,208124.046875,216007.453125,243564.8125,243826.734375,227185.5625,232628.109375,214860.890625,202004.59375,229605.828125,199809.203125,236293.265625,231149.71875,230164.703125,224298.234375,205551.796875,213076.40625,208232.59375,225399.046875,196904.875,214587.46875,182200.28125,174845.125,236390.0,242123.015625,232394.484375,253899.53125,240663.390625,256021.703125,274543.84375,276760.1875,256871.921875,261191.484375,250082.296875,261768.84375,213087.203125,208159.0625,185119.140625,184880.640625,216494.78125,211605.859375,214302.375,207141.40625,189742.765625,199382.484375,212431.25,192048.359375,202800.140625,212977.484375,207024.4375,223102.09375,237115.65625,246934.3125,205652.984375,234738.375,238211.71875,238959.015625,251064.53125,247434.234375,209150.125,209161.890625,225496.984375,221173.109375,150281.65625,175525.90625,185771.640625,198529.953125,212120.984375,213191.53125,249404.109375,243756.078125,241524.859375,228752.109375,242761.1875,237185.375,239553.828125,223319.46875,264092.65625,255840.859375,236974.625,173715.296875,155363.6875,147151.296875,180668.65625,201563.015625,147891.71875,137946.109375,279390.84375,259759.28125,149133.21875,154726.140625,243688.421875,237089.625,175130.65625,198896.78125,201503.296875,197639.984375,285112.46875,253120.484375,221687.5625,246846.765625,241552.078125,253843.125,278449.03125,285794.1875,210428.4375,217889.046875
101,193567.765625,188951.828125,175979.015625,184966.453125,164978.5,160716.359375,152218.53125,160803.46875,188078.109375,167403.828125,215637.125,193292.34375,193568.65625,180049.84375,204233.953125,186078.109375,199457.34375,198302.109375,211153.65625,188137.328125,215716.65625,198004.578125,199634.625,181468.046875,167398.8125,178171.375,164373.421875,171736.125,212001.984375,213984.4375,218100.59375,204390.59375,200733.515625,203694.40625,191790.515625,175738.421875,226432.453125,239016.25,228291.921875,234983.296875,200506.28125,189867.09375,180623.703125,169521.1875,155318.46875,157912.40625,160267.953125,152580.015625,168810.9375,170518.03125,188497.703125,195657.71875,188101.8125,200389.703125,173556.453125,177064.5625,160765.359375,183896.078125,140906.59375,142647.484375,223239.546875,235774.9375,214213.5625,218921.90625,194168.84375,190132.484375,179348.03125,178542.078125,190751.015625,197889.703125,243274.421875,275768.9375,257549.5625,259184.4375,188261.359375,171192.140625,258276.921875,223317.8125,212338.96875,215492.6875,162622.453125,176484.71875,183301.140625,174924.34375,204581.203125,209332.25,223092.421875,219867.65625,153189.78125,196994.46875,215468.90625,182185.78125,171788.0625,159263.71875,186682.59375,169143.28125,221350.09375,214648.046875,199466.0,180552.140625,126951.5,126805.671875,203092.0,190981.515625,218638.609375,229662.359375,204749.15625,200776.40625,252242.5625,213868.640625,177071.46875,161186.890625,255791.921875,231763.828125,201110.34375,167256.3125,274686.6875,218617.234375,262370.4375,272893.53125,239095.875,229917.53125,252863.15625,245516.5625,217311.984375,198609.34375,224654.40625,224193.515625,258753.796875,221449.15625,196263.75,189792.609375,248705.171875,232699.28125,216498.59375,218085.828125,245987.03125,239407.171875,227897.0,244197.0625,208513.6875,216471.125,244192.84375,244318.109375,227539.75,232925.53125,214969.6875,202521.328125,229604.234375,199950.1875,236714.34375,231359.140625,230616.734375,224995.703125,205572.921875,213042.234375,208210.859375,225319.40625,196923.84375,214660.609375,182255.234375,175053.9375,236462.0,241891.171875,231980.78125,252593.34375,240692.234375,255656.078125,272110.3125,275337.0,256816.421875,259969.484375,249325.5625,260250.484375,213206.734375,208794.65625,185328.921875,184838.515625,216498.96875,211548.484375,214644.625,207954.6875,190156.421875,199667.828125,212872.46875,192737.625,203081.34375,213412.796875,206780.359375,222606.5625,237700.828125,247551.671875,205676.71875,234371.5,237758.0625,238791.921875,251605.453125,247718.390625,209313.40625,208963.3125,225697.765625,221430.078125,150310.984375,175390.640625,185858.890625,198536.28125,212433.375,213175.734375,249458.46875,243762.3125,242445.953125,228503.203125,242138.640625,237278.34375,239008.59375,223177.34375,262468.5,255426.5,236742.046875,173472.6875,155082.3125,147267.484375,180341.453125,200992.140625,147593.515625,137703.640625,279591.84375,260085.65625,149071.625,154600.5625,243677.03125,236994.15625,174878.984375,198807.296875,201555.625,197649.125,284442.21875,252236.53125,221632.796875,246951.078125,240674.421875,253642.1875,278567.65625,286802.15625,210060.796875,217749.3125
102,193457.375,188879.234375,175487.796875,184827.078125,165383.453125,161138.921875,152192.40625,160825.828125,188000.765625,167480.203125,215064.421875,193016.3125,193757.0625,180542.640625,203995.9375,185860.65625,198961.21875,197768.03125,211383.6875,188345.5625,215478.546875,197900.859375,198880.71875,181199.265625,167139.359375,177824.703125,164474.21875,172104.9375,211480.296875,213652.59375,217279.9375,203998.828125,200996.609375,204393.515625,191431.609375,175976.234375,227062.03125,239606.28125,228782.046875,235248.578125,200965.140625,190127.9375,180760.9375,169429.265625,155381.34375,157699.234375,160402.296875,152589.078125,169582.703125,171409.25,188592.40625,196040.015625,188165.5625,200390.25,173652.125,177029.3125,160727.34375,183783.21875,140672.40625,142649.375,224390.453125,236386.078125,213973.5625,218793.0,193967.0,189985.859375,179169.15625,178255.0625,190966.78125,197520.265625,243976.28125,275887.9375,258397.171875,259714.9375,188262.703125,171316.5625,259752.296875,223347.640625,212554.296875,215517.140625,162443.796875,176405.09375,183260.84375,174926.140625,204389.1875,209559.1875,223111.109375,220028.75,154256.75,198311.90625,215946.984375,182960.203125,171651.375,159163.515625,187027.078125,170096.578125,221844.265625,215155.796875,198845.484375,180856.265625,127139.6875,127209.5,203049.046875,191654.5,218789.984375,229490.1875,204778.65625,200875.046875,252077.4375,214149.984375,177294.453125,161877.640625,255662.53125,231309.453125,200772.765625,168388.6875,275115.75,219620.90625,263498.59375,273293.09375,239149.328125,230037.875,252724.640625,245701.421875,216639.828125,198188.140625,224230.890625,224016.5,258770.625,221404.515625,196004.40625,189564.109375,248402.171875,232778.5625,216263.4375,218033.09375,244859.8125,238877.421875,227575.640625,244150.859375,207473.3125,215596.828125,243080.671875,243985.765625,227960.125,233102.078125,214260.015625,202388.734375,229210.875,199706.546875,236951.4375,231544.34375,230316.296875,224673.9375,205388.375,212692.359375,208666.421875,225829.359375,196600.78125,214462.015625,182051.4375,174991.609375,236970.265625,242747.921875,233718.5625,254430.15625,241411.953125,256788.84375,274289.8125,277966.8125,257365.078125,261094.40625,249880.0,261357.78125,213140.984375,208655.3125,185429.046875,184942.3125,216638.265625,211878.703125,215018.984375,208337.109375,190273.359375,199459.890625,213145.15625,193079.828125,203551.5625,213937.078125,206543.265625,222640.5625,238146.984375,247783.28125,205854.4375,234564.59375,237845.4375,238787.3125,252026.171875,248426.625,209842.28125,209148.3125,226122.609375,221977.671875,150764.265625,175897.8125,186284.359375,199021.625,212281.703125,212903.875,249203.1875,243658.703125,243010.140625,228724.109375,242051.546875,237420.84375,238952.375,223220.515625,261887.796875,254986.609375,236656.4375,173609.578125,154913.8125,147012.734375,180480.03125,200635.8125,147729.296875,137925.265625,279424.0,260035.203125,149001.796875,154464.921875,242599.53125,237488.046875,174713.984375,199097.125,201654.21875,197757.0625,285614.1875,251376.53125,221756.453125,247562.9375,241149.359375,253701.921875,279054.4375,287964.25,209995.0625,217692.5625
103,193447.25,188848.625,175083.546875,184518.15625,165015.328125,161046.546875,152556.265625,160925.78125,188397.59375,167814.078125,214690.421875,192862.859375,193444.09375,180325.640625,203547.953125,185568.625,198400.40625,197694.984375,210835.515625,188043.734375,214732.734375,197312.328125,198140.015625,180835.21875,167045.3125,177906.875,164443.84375,171442.1875,210977.234375,213686.328125,216457.5625,203666.84375,200648.140625,204382.359375,190817.203125,175752.359375,227076.1875,239877.65625,228843.6875,235679.265625,200927.765625,189994.796875,180884.265625,169174.109375,155463.21875,157777.25,161089.265625,152775.828125,169787.21875,171129.515625,188532.5625,196236.8125,188280.3125,200494.40625,173993.390625,177262.234375,160667.21875,183782.65625,140894.984375,142710.34375,224868.65625,237116.59375,213998.65625,219201.453125,193865.5625,190004.5,179224.59375,178380.953125,191309.8125,197189.53125,244047.546875,275561.40625,258885.625,259880.484375,187748.046875,171344.875,260199.265625,223537.21875,212538.484375,216097.171875,161923.59375,176136.0,183172.3125,174814.390625,203778.625,209689.671875,222931.421875,220263.296875,154708.328125,199106.96875,216386.1875,183708.203125,171406.3125,159294.515625,187124.78125,170398.421875,222119.046875,215662.25,198139.734375,181121.875,126961.703125,127185.9140625,202918.890625,192388.609375,219147.609375,229543.3125,204988.359375,201164.5,252040.15625,214533.859375,177291.578125,162178.765625,256015.921875,231538.6875,201145.984375,168815.453125,275196.96875,220453.640625,264136.28125,272915.375,239264.75,230142.625,252334.703125,246335.609375,216647.15625,197796.125,224560.765625,223971.578125,258935.703125,221370.671875,195813.71875,189366.484375,248833.546875,232820.3125,216022.25,217938.59375,244102.796875,237985.234375,227630.65625,244495.703125,206470.625,214906.59375,241418.4375,243247.171875,227771.046875,233147.96875,213766.875,202140.640625,229078.53125,199576.3125,236622.828125,231607.15625,229560.765625,223977.703125,205190.796875,212586.875,208798.28125,226255.15625,196421.09375,214439.453125,181965.75,174882.046875,236935.0,242770.359375,234426.421875,254339.125,241610.078125,257056.40625,276105.46875,278455.53125,257361.96875,261822.359375,250355.1875,261905.359375,213241.28125,208734.484375,185509.34375,184885.078125,216913.578125,212469.875,215174.234375,208440.3125,190509.9375,199688.1875,212904.765625,192918.734375,203356.046875,213705.234375,207063.140625,223779.75,237948.40625,247748.859375,206220.59375,235126.84375,238029.703125,238842.578125,251750.484375,248697.140625,210126.015625,209570.5625,226046.84375,222163.921875,151044.25,176341.046875,186568.9375,199305.46875,211714.296875,212850.53125,249485.96875,244057.921875,241004.6875,228428.203125,242488.953125,237223.46875,239065.984375,223070.15625,262949.84375,255155.59375,236744.140625,173754.671875,155111.5625,147111.5625,180726.109375,200628.921875,147812.03125,138437.5625,279184.03125,259732.265625,149036.484375,154709.953125,242051.53125,237923.421875,175060.390625,199775.078125,201785.921875,197956.546875,286138.625,251845.171875,222017.671875,247900.28125,241878.4375,254201.234375,279465.125,287858.40625,210487.640625,218285.078125
104,193769.359375,189036.71875,175062.875,184502.765625,164291.625,160741.65625,152948.328125,161096.09375,188842.375,168114.21875,215143.90625,193301.703125,193245.40625,179913.609375,203561.109375,185731.1875,198317.46875,198248.296875,210376.828125,187962.453125,214365.140625,197284.421875,198227.390625,180886.234375,167114.3125,178261.671875,164075.640625,170716.734375,210978.109375,214282.125,216474.359375,204157.109375,200222.25,204057.65625,190788.953125,175471.546875,226683.8125,239576.34375,228500.15625,235593.6875,200014.21875,189631.53125,180434.828125,168888.65625,155200.125,157741.390625,160445.5625,152513.4375,168750.25,169762.328125,188127.328125,195684.9375,188437.25,200657.21875,174188.234375,177704.796875,160797.5625,184087.21875,141197.265625,142793.484375,223903.453125,236570.125,214464.640625,219888.125,193810.984375,190117.40625,179359.671875,178697.25,191061.484375,197310.953125,243450.9375,275205.0,257611.34375,259249.0,187465.3125,171114.40625,258006.28125,223108.59375,212065.90625,216140.109375,161621.53125,175813.796875,182915.046875,174636.484375,203335.703125,209470.421875,222580.34375,220139.15625,154268.03125,198796.5,216520.53125,183631.375,171065.96875,159338.4375,186752.15625,169926.640625,221997.109375,215659.359375,197964.671875,180967.296875,126450.3359375,126901.5859375,202807.40625,192126.96875,219296.8125,229681.0625,205205.953125,201455.0625,251962.96875,214793.984375,176965.984375,161321.75,256096.859375,231965.84375,201801.703125,167649.9375,274881.15625,219776.953125,263216.0625,272008.6875,239172.125,229940.671875,252111.34375,246180.671875,216971.59375,197761.59375,225381.84375,224440.375,259165.875,221515.375,195811.546875,189275.25,249507.34375,232998.421875,216563.0625,218112.609375,244619.75,238162.71875,228141.8125,245173.203125,206623.109375,215049.796875,241015.15625,242877.984375,227334.34375,233129.65625,213844.734375,201988.59375,229137.390625,199558.8125,236254.515625,231573.96875,229341.375,223992.625,205299.90625,212915.859375,208417.15625,226127.1875,196527.15625,214686.390625,182050.03125,174948.53125,236130.375,241800.140625,233100.984375,251626.390625,241063.953125,255932.0625,273558.25,274849.0625,256524.34375,260635.328125,249621.484375,260371.921875,213424.15625,209252.890625,185502.5,184624.0625,217010.578125,212692.984375,214932.015625,208427.71875,190894.40625,200302.71875,212655.734375,192890.234375,202625.140625,213157.296875,207830.640625,224805.953125,237433.9375,247717.5,206606.328125,235167.703125,237740.25,238594.875,251176.59375,248198.078125,210442.96875,210227.296875,225811.75,222060.21875,151327.21875,176604.484375,186611.765625,199324.421875,211568.59375,213329.296875,250445.359375,245004.9375,240536.90625,228066.484375,242976.046875,237127.421875,239141.96875,222923.65625,263325.34375,255488.71875,236848.90625,173741.515625,155440.484375,147492.703125,180757.96875,200736.0,147767.546875,138512.859375,279518.1875,259768.71875,149121.171875,155034.015625,243414.265625,238020.265625,175664.265625,200104.265625,201837.96875,198059.921875,285054.75,253571.484375,222162.90625,247579.25,241790.25,254574.421875,279399.09375,286762.59375,211014.0,218955.4375
105,194004.9375,189009.5,175009.390625,184455.03125,164361.796875,160920.40625,152975.625,161047.859375,188636.5625,167952.59375,215587.953125,193592.734375,193336.046875,179776.90625,203846.375,185864.5625,198618.28125,198532.453125,210823.28125,188147.203125,214733.71875,197823.4375,198492.265625,181112.71875,167305.3125,178295.4375,163748.078125,170366.484375,211450.0625,214672.046875,216946.34375,204782.046875,200474.25,204113.5625,191363.90625,175748.796875,226928.4375,239602.671875,228690.453125,235716.53125,199490.5625,189339.421875,179815.84375,168930.8125,154771.484375,157475.34375,159356.21875,151986.5625,168323.65625,169539.0625,187769.90625,195173.46875,188630.59375,200883.59375,174153.25,177860.46875,160942.65625,184281.21875,141065.0625,142765.8125,223694.578125,236283.421875,215064.46875,220199.859375,193712.765625,190024.6875,179298.84375,178648.125,190413.375,197301.359375,243705.765625,275831.84375,257947.390625,259323.046875,187733.25,170823.359375,257824.078125,222689.40625,211985.96875,215616.390625,161574.15625,175484.375,182649.140625,174355.578125,203123.09375,208780.796875,222381.78125,219599.9375,154037.828125,198329.65625,216816.703125,183325.015625,170863.921875,158904.5625,186493.890625,169580.0,222353.46875,215171.671875,198270.375,180645.75,126295.4453125,126818.234375,202854.78125,191530.140625,219452.9375,229854.859375,205325.25,201541.203125,251834.75,214967.8125,177185.78125,161013.828125,255877.890625,231764.640625,201358.765625,167429.46875,274524.65625,219378.3125,263065.65625,272940.25,239463.234375,229410.09375,252094.015625,245199.5625,216483.171875,197380.15625,225555.1875,224652.546875,259368.25,221693.515625,195535.4375,189038.34375,249389.109375,233129.015625,217147.9375,218175.0,245148.09375,238819.015625,228606.375,245680.734375,206908.671875,215095.75,241107.03125,242586.984375,227409.21875,233178.984375,213751.25,201533.609375,228903.390625,199335.375,236417.953125,231543.734375,229417.359375,223920.859375,205499.0625,213168.078125,208406.234375,225991.96875,196632.9375,214796.046875,182003.828125,174899.703125,236160.625,242280.5,232660.390625,252263.15625,241208.203125,256038.1875,273028.09375,274734.34375,256748.765625,261056.515625,249683.421875,260904.71875,213139.484375,208958.875,185563.796875,184686.46875,216818.765625,212584.8125,214567.0,208128.734375,190867.890625,200384.015625,212786.140625,192915.328125,202438.328125,213121.953125,208072.25,225251.359375,237136.859375,247545.984375,206709.921875,234990.890625,237306.671875,238365.8125,251264.8125,247891.59375,210999.75,210842.34375,225816.953125,222048.40625,151659.40625,176882.140625,186794.90625,199637.953125,211620.515625,213665.265625,250896.890625,245801.234375,242440.40625,228657.296875,243093.8125,237354.125,238894.6875,222669.484375,262431.75,255344.71875,236737.9375,173522.875,155490.5,147463.609375,180615.5,200346.765625,147652.90625,137938.59375,280050.53125,260063.609375,149000.234375,154935.421875,244825.421875,238161.0625,175771.328125,199601.828125,201719.375,197995.203125,285347.0625,254271.140625,222130.9375,247464.390625,241729.25,254753.3125,279214.8125,286813.09375,210855.984375,218900.71875
106,193784.203125,188789.109375,174920.96875,184340.59375,164968.265625,161218.890625,152867.53125,161082.59375,188221.9375,167693.703125,215416.734375,193296.484375,193187.359375,179682.640625,203961.3125,185671.203125,198803.21875,198382.109375,211336.859375,188157.140625,215276.578125,198185.796875,198353.828125,181176.09375,167514.21875,178261.40625,163731.890625,170479.28125,211694.046875,214579.234375,217297.6875,204761.625,200718.5625,204283.65625,191610.40625,176152.875,227308.859375,239809.921875,228982.34375,236190.609375,199951.21875,189178.234375,179583.96875,168936.09375,154639.75,157246.390625,159395.453125,151751.5625,168588.21875,170161.453125,187811.671875,195222.1875,188700.359375,200932.65625,174186.859375,177645.4375,160920.703125,184229.34375,140927.84375,142699.734375,224526.703125,237037.625,215292.546875,220082.46875,193689.359375,189750.5,179236.890625,178338.828125,189978.40625,197219.03125,244119.875,275990.8125,259437.828125,259592.390625,187865.125,170743.03125,259577.9375,222771.40625,212246.015625,215389.203125,161523.4375,175274.015625,182494.484375,174028.828125,202834.234375,208289.328125,222300.171875,219170.6875,154055.140625,198168.015625,217083.578125,183651.40625,170965.375,158452.09375,186405.96875,169532.984375,222927.046875,214901.15625,198695.203125,180740.25,126464.7265625,127122.9765625,202911.203125,191454.171875,219728.640625,230051.171875,205320.046875,201477.84375,251971.9375,214969.578125,177740.328125,161645.734375,255974.9375,231396.9375,200807.515625,168530.53125,274062.8125,220398.734375,264121.0625,273728.75,239659.171875,229307.84375,251930.9375,245057.53125,216015.21875,197049.84375,225712.328125,224635.03125,259577.84375,221867.84375,195336.125,188898.703125,249178.421875,233243.359375,217094.15625,218018.046875,245444.234375,239143.796875,228761.140625,245791.125,206780.3125,214924.875,240746.28125,242270.78125,227690.875,233211.375,213709.890625,201504.578125,228697.0625,199044.625,236646.25,231572.65625,229165.671875,223327.015625,205510.375,213091.984375,208823.96875,226066.3125,196746.90625,214750.453125,181913.75,174691.890625,236761.796875,243005.0625,233088.484375,254020.359375,241862.625,256952.21875,275385.3125,277416.5,257800.25,262498.125,250605.75,262899.28125,212500.96875,207785.140625,185389.046875,184885.96875,216699.265625,212525.296875,214123.390625,207478.59375,190346.875,199982.015625,212768.171875,192456.96875,202864.328125,213327.875,207948.453125,225475.359375,236937.265625,247421.296875,206704.734375,235665.71875,237321.078125,238398.03125,251425.125,247908.234375,211330.78125,211117.609375,225933.21875,222135.84375,151685.1875,176978.03125,187127.875,200166.296875,211616.125,213686.96875,250746.421875,246246.421875,242969.375,228652.921875,242771.890625,237294.375,238962.65625,222461.75,262467.59375,255069.015625,236322.4375,173145.46875,155296.6875,147269.890625,180372.9375,199678.140625,147309.59375,137587.671875,280009.5,260117.796875,148749.890625,154745.15625,244259.421875,238305.578125,175337.421875,198868.53125,201382.671875,197812.796875,286483.8125,253234.09375,221960.8125,247531.265625,241928.328125,254721.71875,279384.3125,287931.84375,210075.453125,218457.28125
107,193559.875,188894.0,175067.859375,184527.25,165441.734375,161304.375,152705.1875,161254.828125,188101.40625,167754.703125,215320.40625,193067.265625,192990.21875,179819.15625,204033.328125,185569.234375,198731.9375,198188.09375,211281.875,188248.546875,215490.921875,198240.421875,198226.375,181154.90625,167329.96875,178304.453125,163987.0,170999.171875,211385.609375,214150.046875,217366.375,204488.609375,200701.28125,204314.6875,191569.4375,176236.5,227056.859375,239731.6875,228856.875,235873.46875,200232.609375,189151.40625,179949.390625,168814.078125,154779.234375,157322.53125,159720.03125,151958.078125,168212.328125,170239.125,188195.578125,195431.421875,188610.078125,200719.9375,174185.21875,177444.09375,160900.34375,184134.578125,141074.25,142717.078125,224625.734375,237016.6875,214961.34375,219678.828125,193744.546875,189707.40625,179273.90625,178241.640625,189819.15625,197631.359375,243649.578125,275141.21875,259004.09375,259222.84375,187609.765625,170807.3125,260175.796875,223422.359375,212287.296875,215693.859375,161616.34375,175469.0,182512.078125,173961.84375,202649.1875,208434.953125,222136.671875,219342.28125,154496.65625,198463.421875,216833.015625,183954.78125,171137.03125,158481.828125,186540.71875,169735.78125,222745.09375,215111.140625,198913.46875,181021.3125,126664.890625,127289.875,202823.8125,191529.765625,219562.171875,230073.78125,205308.078125,201297.71875,252222.53125,214957.625,177837.3125,162009.53125,256251.25,231617.4375,201327.234375,168857.296875,273835.71875,220675.59375,264315.9375,273143.125,239038.359375,229632.0,251736.953125,245667.421875,216202.328125,197295.703125,225756.140625,224719.078125,259605.171875,221835.71875,195509.890625,188993.234375,249350.203125,233437.171875,216440.171875,217871.59375,245586.25,238989.875,228596.40625,245398.671875,206834.5,214964.5,240698.640625,242376.671875,227691.796875,232945.1875,213688.109375,201698.34375,228816.984375,198970.8125,236412.234375,231486.28125,228994.9375,223257.296875,205460.28125,212965.140625,208869.484375,225804.296875,196850.875,214729.0625,181922.046875,174652.109375,236460.875,242165.671875,233201.421875,254029.390625,241720.890625,256684.484375,275753.65625,277761.6875,257590.828125,261795.40625,250511.3125,262228.59375,212373.5,207434.625,185097.453125,184743.46875,216872.34375,212503.1875,213362.765625,206657.515625,189941.375,199983.0,212465.25,192128.828125,202864.078125,213090.953125,207596.125,225075.96875,236502.5625,247487.4375,206582.453125,236102.59375,237574.5625,238339.140625,250722.1875,247415.921875,211148.34375,211060.4375,226014.59375,222160.265625,151465.65625,176895.109375,187163.46875,200360.796875,211580.4375,213447.96875,250445.96875,246090.359375,242128.3125,228016.578125,242278.609375,237233.8125,239978.953125,222970.296875,263643.0,255235.625,236099.640625,172926.078125,155268.609375,147405.6875,180202.25,200062.65625,147230.515625,137802.875,279568.5,259881.375,148660.4375,154833.625,243175.890625,237616.3125,175057.34375,198963.75,201052.828125,197788.90625,285776.53125,251950.6875,221590.296875,247282.90625,241226.609375,254195.6875,279398.625,287661.90625,209737.75,218253.828125
108,193400.984375,188802.125,175204.375,184585.84375,165603.796875,161266.0,152402.109375,161035.59375,187937.25,167705.28125,215393.359375,193052.0,193188.640625,180240.28125,204111.4375,185499.609375,198509.265625,197650.96875,211165.390625,188333.625,215223.25,197878.109375,198137.875,180699.203125,166788.484375,177758.109375,164476.546875,171365.9375,210985.171875,213388.3125,217024.5,204221.71875,200975.953125,204310.59375,191440.875,176135.4375,226893.546875,240007.96875,228855.796875,235335.84375,200221.6875,189491.265625,180712.171875,168971.765625,155050.125,157695.578125,159916.4375,152553.375,168446.3125,170636.390625,188606.90625,195769.5625,188517.21875,200539.015625,173965.265625,177333.859375,160965.984375,184012.625,141030.84375,142745.578125,224400.578125,236582.625,214314.8125,219159.671875,193784.203125,189862.203125,179225.9375,178345.359375,190103.328125,197973.765625,243580.09375,275458.1875,258581.234375,259524.828125,187600.765625,171008.109375,260675.75,224293.59375,212472.734375,216178.859375,161915.328125,175861.59375,182879.0625,174227.25,203120.890625,208705.0625,222281.21875,219892.75,155148.484375,199036.4375,216626.09375,183582.71875,171124.9375,158699.96875,187093.953125,170126.78125,222331.0625,215173.1875,198687.0,180943.546875,127030.6875,127005.4296875,202742.578125,191619.1875,219017.140625,229842.15625,205229.96875,201069.578125,252016.140625,215175.15625,177786.03125,162099.09375,256405.3125,231642.96875,201383.609375,169157.25,274749.09375,220136.078125,263973.96875,273480.96875,239047.71875,229811.75,252125.28125,245747.859375,216297.171875,197559.890625,224979.234375,224426.140625,259328.296875,221639.0625,195634.421875,189101.875,249273.125,233519.53125,215814.828125,217819.6875,244766.890625,238065.8125,228158.578125,244693.21875,206682.3125,214680.296875,241306.90625,242808.125,227630.1875,232594.4375,213164.5,201129.4375,228872.53125,199068.125,236325.171875,231322.328125,229402.203125,223711.984375,205548.71875,212955.09375,208704.609375,225581.34375,196785.890625,214663.421875,181959.953125,174891.953125,236301.84375,242252.171875,233688.71875,255721.125,241332.515625,256732.78125,275397.5625,278190.125,257052.234375,261403.03125,250114.5625,261473.640625,212789.109375,207954.5625,185248.78125,184786.84375,217037.0,212355.109375,213631.265625,206783.09375,189876.015625,199914.671875,212343.890625,192340.390625,202784.15625,212916.796875,207030.671875,224012.203125,236276.734375,247378.375,206260.328125,235587.8125,237680.078125,238423.5,250538.65625,247160.71875,210696.796875,210790.546875,226071.625,222037.984375,151337.84375,176920.84375,186813.40625,200067.09375,211411.703125,213184.140625,249970.96875,245245.90625,242384.265625,229240.09375,242754.734375,237820.84375,240378.4375,223666.90625,263750.6875,255379.78125,236304.015625,173269.578125,155341.515625,147537.875,180500.140625,201157.359375,147640.4375,138071.84375,279255.0625,259664.453125,148748.65625,154956.265625,242815.75,236964.765625,175091.609375,199365.953125,201145.921875,197935.96875,285080.25,251101.90625,221338.109375,247287.4375,240475.3125,253851.125,278897.03125,286874.25,209972.265625,218062.28125
109,192956.921875,188116.5625,175187.734375,184209.0625,165374.46875,161173.296875,152258.515625,160640.828125,187742.4375,167271.609375,214971.4375,192841.984375,193504.875,180421.859375,203923.515625,185191.796875,198308.0625,197009.578125,211174.5625,188163.53125,214629.453125,197317.140625,198014.96875,179993.1875,166588.65625,177005.84375,164466.84375,171358.84375,210960.515625,212808.859375,216672.5,203927.25,201174.0625,204331.65625,191135.328125,175966.625,227010.96875,240417.1875,228972.96875,235336.453125,200687.984375,190042.9375,181085.03125,169154.703125,155286.6875,157978.453125,160701.640625,152958.5625,169847.46875,171577.515625,188655.8125,195917.671875,188400.5,200578.5625,173711.828125,177117.671875,160987.84375,183905.875,140803.640625,142744.5625,224290.015625,236942.703125,213776.703125,218718.921875,193832.0625,189915.265625,179139.953125,178439.140625,191209.78125,198365.703125,243537.46875,276265.875,259307.625,260172.453125,187628.90625,171126.390625,261980.21875,224820.828125,212944.328125,216496.578125,161998.96875,176051.171875,183543.421875,174794.296875,204057.5,208688.5625,222763.359375,220242.75,154901.09375,199118.09375,216589.796875,182991.46875,171521.59375,159071.015625,187690.03125,170261.40625,222161.734375,214953.21875,198339.0,180601.3125,127353.375,126787.828125,203062.015625,192064.75,218884.9375,229798.015625,205132.984375,201149.78125,252286.75,215333.6875,178345.578125,162451.5625,256882.640625,231706.484375,201603.453125,169800.0625,276167.1875,220577.296875,264551.96875,274554.5,239780.609375,229745.171875,252763.375,245385.21875,216330.265625,197517.671875,224266.40625,223611.25,258925.5625,221552.125,195711.65625,189311.9375,248944.109375,233137.21875,215755.890625,217719.640625,243659.96875,236925.34375,227601.6875,244069.015625,206286.921875,214180.8125,241918.515625,242984.84375,227361.625,232333.796875,212974.9375,200569.53125,228851.921875,199144.8125,236620.953125,231244.875,230002.078125,223940.078125,205797.109375,213054.859375,208702.25,225745.734375,196768.046875,214598.125,182065.375,175087.640625,236895.890625,243315.859375,234111.328125,257475.0,241350.34375,257455.859375,276100.8125,279433.15625,257405.765625,262502.875,250181.96875,262483.0625,213042.328125,208083.53125,185236.5,185037.953125,216769.25,211917.921875,215156.921875,207769.578125,189698.859375,199044.96875,212285.75,192262.609375,203278.703125,213343.5,206601.015625,223209.71875,236491.078125,246987.6875,205990.8125,235390.71875,237846.34375,238789.140625,251364.953125,247723.125,210187.546875,210327.234375,226084.84375,221742.765625,151286.96875,176894.8125,186425.40625,199485.375,211384.21875,213022.359375,249494.828125,244333.65625,243968.578125,230889.453125,243964.234375,238465.296875,240375.9375,224061.375,263564.65625,255633.09375,236817.953125,174056.265625,155321.796875,147508.34375,181159.546875,201864.0,148010.140625,138415.984375,279286.71875,259771.671875,148993.734375,155054.75,243209.859375,238151.6875,175149.109375,199166.734375,201547.265625,197943.171875,286272.9375,252317.71875,221572.75,247566.9375,241316.0,254283.828125,278566.625,287480.53125,210208.4375,217964.15625
110,192830.359375,187953.71875,175248.453125,184080.5,165228.796875,161310.5625,152307.03125,160518.3125,187867.4375,167056.921875,214801.96875,192912.90625,193710.640625,180564.953125,203723.9375,185027.625,198528.75,197357.203125,211270.609375,188308.328125,214434.015625,197462.21875,198296.375,180187.265625,166927.515625,177215.6875,164049.78125,171437.796875,211260.765625,212964.984375,216899.515625,204073.46875,201169.203125,204415.734375,191204.5,176075.3125,226799.421875,240059.96875,228702.234375,234785.921875,201004.390625,190286.453125,180933.953125,169250.28125,155245.171875,157974.421875,161067.25,152860.59375,170146.1875,171657.453125,188544.703125,195811.0625,188373.75,200782.390625,173553.265625,176935.34375,160951.171875,183911.859375,140764.625,142728.90625,223517.46875,236721.765625,213821.84375,218557.859375,193974.234375,190024.640625,179196.84375,178527.09375,191798.375,198656.65625,242934.171875,275762.5625,259023.265625,260003.234375,187510.140625,171035.40625,262223.03125,224992.171875,213029.359375,216650.390625,162087.15625,176245.265625,183747.15625,175295.390625,204370.625,208732.765625,223081.140625,220368.5625,154393.4375,198692.875,216207.609375,182343.109375,172151.125,159496.125,187836.5,170257.78125,221678.265625,214755.359375,198629.0625,180460.875,127373.671875,126759.953125,203493.4375,192172.359375,218834.5625,229844.984375,205064.5,201127.515625,253188.75,215211.734375,178678.59375,162396.359375,257291.5,232338.453125,202575.453125,169219.234375,275893.09375,220903.78125,264952.1875,274891.75,239590.15625,229961.78125,252977.5,245118.328125,216390.453125,197237.296875,223935.796875,222902.578125,258468.578125,221368.28125,195743.4375,189456.4375,248581.671875,232393.03125,215692.71875,217540.125,243760.265625,237006.484375,227325.8125,243822.5625,206689.5625,214711.890625,242349.5,242894.5,227090.984375,232010.390625,213272.578125,200597.890625,228980.546875,199154.015625,236790.890625,231333.625,230386.796875,224215.578125,206040.515625,213251.671875,208557.53125,225658.578125,196874.375,214670.015625,182104.84375,174977.84375,236776.5,242968.5,234032.9375,256969.21875,241102.5,256956.15625,276314.53125,279383.5625,257209.96875,262143.578125,249718.921875,261810.328125,213247.984375,208446.859375,184982.078125,184840.421875,216480.265625,211571.25,215966.6875,208137.734375,189630.28125,198814.140625,212378.046875,192194.5,203224.5,213598.734375,206497.296875,223008.90625,236683.65625,246788.71875,205947.109375,235073.453125,237965.59375,238899.875,251542.671875,248132.59375,209781.953125,209616.34375,225899.390625,221300.171875,151220.265625,176519.109375,186199.109375,198818.734375,211548.4375,212420.265625,249143.71875,243743.078125,244226.375,230546.046875,243804.609375,238508.546875,240951.984375,224411.90625,264415.09375,256233.578125,237289.0,174493.25,155485.796875,147493.5625,181379.078125,202262.96875,148267.515625,138701.421875,279503.0625,260056.796875,149307.59375,155038.578125,244210.65625,239108.84375,175247.671875,199102.65625,201665.859375,197775.25,286883.375,254363.609375,221857.796875,247652.5,242236.25,254603.90625,278626.46875,287883.59375,210572.1875,218298.171875
111,193215.109375,188551.421875,175355.390625,184547.46875,165731.671875,161815.140625,152309.609375,160496.90625,188043.078125,167267.515625,215418.421875,193463.84375,193863.421875,180894.84375,203971.578125,185368.890625,198925.78125,198243.53125,211582.96875,188815.59375,214826.21875,198112.359375,198742.921875,181082.875,167161.28125,177872.28125,164385.25,171687.5625,211349.125,213358.796875,217193.921875,204471.75,201362.4375,204577.0,191627.390625,176363.015625,226725.8125,239666.390625,228359.578125,234289.3125,200756.65625,190094.875,180843.5,169622.40625,155064.40625,157914.5625,160565.078125,152854.40625,169359.625,171041.015625,188739.703125,196137.171875,188484.15625,200826.3125,173590.28125,176960.1875,160989.484375,183978.359375,140809.21875,142697.671875,223135.0625,236069.296875,214103.40625,218705.078125,194100.9375,190128.984375,179348.703125,178588.796875,190815.40625,197677.203125,243182.78125,275565.1875,258476.640625,260023.609375,187836.078125,171278.484375,260841.890625,224694.234375,212559.109375,216748.3125,162610.625,176611.828125,183337.203125,175180.640625,204248.265625,209190.140625,223134.25,220633.3125,154693.296875,198456.09375,215914.234375,182009.09375,171928.296875,159471.671875,187652.875,170657.671875,221388.6875,214674.96875,199381.453125,180651.296875,127387.78125,126726.7890625,203286.6875,191678.71875,218547.859375,229418.890625,204839.953125,200678.28125,252777.421875,215167.5625,178044.390625,161924.40625,256645.21875,231851.3125,201831.484375,169048.734375,274601.3125,220217.859375,263950.1875,274130.71875,239365.953125,230576.171875,253001.8125,245235.53125,216074.546875,196971.390625,223703.125,222972.703125,258260.609375,221138.484375,195492.96875,189222.46875,248296.84375,232151.453125,215563.703125,217620.140625,244389.21875,238243.71875,227353.46875,243950.109375,207424.953125,215890.828125,242802.109375,243332.21875,227425.390625,231937.421875,213252.359375,200842.0,229020.484375,199189.921875,236799.484375,231521.765625,230517.125,224547.34375,205928.59375,213284.4375,208444.5625,225445.90625,196779.734375,214697.28125,181946.6875,174858.8125,236302.234375,242690.46875,234143.546875,257166.734375,240909.125,256488.65625,276130.90625,279307.0625,256606.171875,261289.015625,249441.09375,260935.828125,213440.46875,209022.34375,185015.3125,184553.953125,216604.328125,211678.515625,215662.125,208013.796875,189751.671875,199361.203125,212804.265625,192649.25,202484.25,213340.78125,206879.71875,223110.9375,236848.203125,246757.671875,206068.65625,234058.28125,237750.734375,238669.15625,251146.96875,248022.828125,209889.875,209170.9375,225730.96875,220996.90625,151279.4375,176247.75,186268.203125,198512.390625,211595.015625,212074.578125,249033.28125,243698.40625,242043.21875,229580.78125,242799.640625,238004.234375,239993.546875,223882.140625,263969.4375,255824.03125,236982.171875,174095.890625,155711.671875,147224.34375,180998.78125,201967.34375,148442.59375,138342.453125,279369.46875,259957.4375,149446.96875,154663.4375,244054.59375,237749.90625,175471.59375,199282.78125,201516.59375,197709.6875,285783.46875,252950.203125,221831.3125,247747.96875,241923.1875,254284.03125,278659.46875,287076.40625,210766.6875,218374.875
112,193189.359375,188783.359375,175222.890625,184916.765625,166182.84375,162130.390625,152268.34375,160490.078125,187994.140625,167465.078125,215396.984375,193497.890625,193805.890625,180875.515625,204113.375,185752.859375,198728.796875,198380.828125,211739.015625,189006.390625,214951.21875,198303.671875,198571.890625,181441.453125,166922.859375,177936.5625,164985.0625,171765.953125,211043.34375,213441.90625,216910.65625,204465.296875,201151.65625,204666.859375,191514.78125,176165.171875,226856.4375,239703.46875,228291.203125,234798.5,200574.53125,189732.875,180666.5,169845.03125,154870.0625,157828.234375,160385.3125,152928.421875,169189.8125,170880.9375,188758.453125,196340.953125,188388.234375,200560.421875,173819.34375,177059.75,161127.703125,184042.890625,140854.109375,142693.984375,223806.640625,236329.140625,213900.125,218826.96875,193993.84375,189941.671875,179370.140625,178540.609375,189841.890625,196647.546875,243537.421875,275966.21875,258678.640625,260116.015625,188021.890625,171649.78125,260111.265625,224014.875,212308.4375,216529.328125,162991.609375,176832.375,183041.15625,174601.640625,204516.140625,209470.015625,222938.15625,220945.234375,155100.25,198523.5,216276.28125,182663.921875,171310.625,158990.46875,187434.78125,170943.203125,222116.890625,214925.234375,199599.171875,180819.046875,127457.8515625,126820.1953125,202837.375,191423.65625,218846.890625,229155.6875,204825.0625,200685.015625,251408.34375,215082.53125,177678.875,161991.71875,255920.078125,230898.0,200282.6875,170112.609375,274173.5,219796.578125,263206.0625,273044.28125,239795.796875,230583.921875,252904.078125,245627.3125,216013.90625,197255.875,224107.375,223813.671875,258664.84375,221286.40625,195411.640625,189116.859375,248607.265625,232719.78125,215990.25,217918.90625,244357.6875,238942.671875,227333.34375,244128.03125,207202.140625,216094.640625,242872.109375,243979.375,227542.03125,232277.875,213202.25,201170.125,228901.03125,199231.015625,236535.796875,231406.265625,230120.984375,224200.84375,205484.9375,213004.859375,208566.71875,225471.453125,196629.703125,214581.515625,181916.03125,175005.03125,236430.375,243021.203125,233831.015625,257208.609375,240940.4375,256784.5625,275857.5625,279000.25,256754.96875,261507.078125,250190.90625,261925.8125,213017.390625,208324.046875,184832.765625,184586.46875,216570.90625,211738.625,214924.421875,207624.5625,189425.765625,199118.828125,212754.3125,192484.234375,202316.59375,213142.359375,207617.6875,223576.890625,236867.265625,246445.71875,206160.734375,234273.171875,237675.78125,238384.46875,251058.8125,247708.421875,210531.65625,209703.328125,226091.8125,221424.5,151463.1875,176541.015625,186718.578125,199009.875,211531.09375,212701.046875,249401.828125,244246.828125,240990.8125,229215.484375,242857.484375,237534.921875,238604.140625,222800.15625,262700.21875,254904.71875,236235.015625,173424.234375,155630.125,146796.6875,180574.765625,201068.453125,148098.875,137812.875,279017.46875,259592.5625,149335.4375,154366.625,243060.765625,236982.28125,175532.34375,198882.453125,201586.109375,197712.046875,285432.59375,251079.5625,221884.09375,247724.21875,241766.0,254159.265625,279010.96875,286929.90625,210503.5,217977.390625
113,192769.5,188556.75,174847.578125,184587.34375,165933.421875,161880.703125,152232.703125,160551.25,187890.203125,167561.796875,214549.78125,192970.71875,193528.859375,180420.203125,203734.328125,185664.125,198244.015625,197971.96875,211498.296875,188851.125,214555.90625,198106.984375,198004.609375,181183.921875,166630.296875,177767.40625,164742.703125,171487.078125,210911.046875,213461.328125,216388.875,204213.71875,200403.4375,204469.15625,190843.40625,175685.171875,226495.921875,239618.640625,228298.609375,235175.046875,200325.8125,189419.5,180169.140625,169415.609375,154653.890625,157547.09375,160290.96875,152587.828125,169130.921875,170938.328125,188124.515625,195818.3125,188193.984375,200361.875,173928.359375,177181.421875,161211.3125,184058.234375,140906.75,142707.5625,224107.796875,236510.65625,213636.390625,218920.375,193767.5,189780.140625,179147.546875,178462.796875,189623.3125,196672.828125,243156.234375,275605.96875,258615.1875,259524.328125,187776.78125,171356.15625,260338.3125,223755.015625,212601.59375,216144.5,162811.96875,176734.140625,182927.953125,174240.515625,204580.265625,209020.421875,222777.390625,220999.265625,155142.84375,198877.96875,216758.0,183649.75,171299.96875,158575.265625,187302.984375,170575.078125,222921.625,215412.125,199144.703125,180765.546875,127323.015625,126877.0703125,202855.265625,191539.78125,219429.015625,229764.6875,205320.609375,201205.53125,251111.828125,214649.25,177687.203125,162072.3125,256096.0,231476.125,200069.890625,169807.421875,273930.65625,219875.03125,263526.34375,273262.6875,239737.75,230020.296875,252663.21875,245589.53125,216351.65625,197717.484375,224757.515625,224498.09375,259199.796875,221521.0625,195717.875,189377.546875,249227.90625,233151.609375,216484.09375,218051.140625,244081.5,238335.796875,227388.109375,244291.6875,206343.453125,215282.140625,242302.015625,243502.375,226994.1875,232495.5,213223.5,201105.25,228848.0,199096.390625,236045.421875,231061.265625,229441.0625,223484.71875,205250.828125,212719.609375,208571.140625,225391.53125,196741.125,214535.875,182062.53125,175104.5625,236388.53125,242451.25,232901.21875,255246.21875,240387.875,256451.625,275015.5625,277818.4375,256909.515625,261510.859375,250689.46875,262086.21875,212429.78125,207197.15625,184489.046875,184541.078125,216217.09375,211500.171875,214175.078125,206679.734375,189196.484375,198939.359375,212146.90625,191655.71875,202447.171875,212979.71875,207833.1875,224213.546875,236549.265625,246272.6875,206144.875,235633.328125,237946.53125,238429.5,250913.1875,247472.453125,211179.828125,210810.015625,226640.96875,222404.75,151683.796875,177072.703125,187185.046875,199920.1875,211570.46875,213199.3125,250076.3125,244900.84375,241639.1875,229573.953125,243487.265625,237851.296875,239434.28125,223020.984375,263461.25,255269.96875,236160.125,173327.109375,155399.25,146750.9375,180394.90625,200882.0,147512.421875,137913.90625,279031.40625,259520.734375,149022.9375,154547.109375,242992.015625,237988.796875,175299.984375,198511.265625,201682.40625,197518.609375,286201.0,252373.4375,222002.546875,247409.0625,242115.421875,254487.640625,279562.28125,287833.75,210390.859375,217726.671875
114,192660.359375,188393.296875,174589.609375,183955.125,165286.203125,161259.15625,152348.9375,160632.0625,187887.375,167565.375,214355.546875,192750.296875,193232.71875,179866.578125,203409.9375,185334.15625,198131.078125,197676.390625,211093.5625,188502.703125,214189.015625,197844.0,197750.015625,180791.296875,166750.96875,177777.40625,164180.96875,170875.453125,211042.375,213617.046875,216064.0,204060.671875,200212.71875,204204.765625,190593.5,175610.421875,226349.171875,239746.90625,228374.265625,235302.765625,199793.734375,189208.640625,180056.96875,169009.4375,154698.71875,157476.859375,159799.8125,152221.09375,168902.140625,170738.71875,187810.21875,195621.703125,188182.578125,200379.03125,173839.890625,177307.84375,161091.609375,183929.828125,140816.703125,142661.015625,223895.625,236179.65625,213800.265625,219101.171875,193625.203125,189876.46875,178947.328125,178438.796875,189927.59375,196937.4375,243475.125,275473.25,258431.703125,259605.703125,188207.359375,170969.65625,259812.71875,224046.125,212959.875,216180.609375,162552.578125,176438.796875,183164.796875,174613.703125,204202.84375,208642.046875,223180.5625,220818.546875,154871.90625,199108.65625,216576.46875,183831.953125,171733.890625,158911.390625,187510.828125,170163.640625,222756.984375,215702.921875,198789.015625,180691.9375,127132.5234375,126806.8046875,203054.34375,191746.796875,219576.140625,230412.84375,205685.8125,201414.609375,251699.15625,214486.984375,177210.6875,161477.59375,256177.75,231779.859375,200132.1875,168503.0625,274063.96875,219967.328125,263353.28125,273469.5625,239649.40625,229988.296875,252732.78125,245277.1875,216281.9375,197684.171875,224918.015625,224534.703125,259217.546875,221419.40625,195817.5625,189428.046875,249318.125,232952.578125,216570.171875,218052.453125,244260.546875,237696.390625,227613.59375,244517.046875,206274.8125,214816.875,241921.78125,242607.421875,227023.015625,232544.34375,213210.578125,200969.71875,228893.078125,198942.109375,236163.25,231180.796875,229359.203125,223447.703125,205401.5,212687.34375,208504.203125,225515.421875,196825.734375,214579.15625,181980.125,174989.921875,235998.5,242136.953125,232635.84375,254006.875,239977.96875,256403.921875,274123.125,277473.9375,256812.3125,261211.046875,250340.5625,261322.96875,212529.515625,207229.1875,184622.5625,184546.609375,216144.890625,211471.0,214017.171875,206491.515625,189651.96875,199447.0625,212017.9375,191588.078125,202314.109375,212829.734375,207510.671875,224387.90625,236805.453125,246950.078125,206255.578125,235755.796875,238069.15625,238906.3125,251062.265625,247632.734375,211323.96875,211229.234375,226533.5,222652.859375,151772.0625,177147.875,187250.9375,200182.46875,211878.171875,213310.359375,250569.25,245327.140625,241908.140625,230062.65625,243875.140625,238324.34375,239797.65625,223698.53125,264094.21875,255797.0625,236797.640625,173727.71875,155300.953125,146981.9375,180622.25,201078.859375,147497.84375,138207.34375,279280.0,259755.5,148796.734375,154741.015625,243327.984375,238434.84375,175231.078125,199202.515625,201426.46875,197583.0,286100.75,253699.515625,221772.515625,247350.0,241956.8125,254493.171875,279167.96875,287986.96875,210693.015625,217811.28125
115,192938.6875,188409.328125,174866.703125,183890.234375,164563.609375,160563.40625,152609.5625,160758.578125,188020.75,167475.21875,214931.296875,192902.46875,193138.203125,179609.6875,203323.78125,185177.90625,198155.78125,197590.046875,210650.25,187993.46875,213962.625,197331.609375,197909.6875,180462.953125,167047.953125,177797.0625,164004.046875,170378.609375,210975.0,213654.21875,216076.15625,203913.109375,200646.203125,204146.984375,190909.890625,175757.609375,226849.9375,240073.65625,228508.65625,235551.15625,199900.109375,189370.15625,180480.765625,169206.71875,154995.8125,157929.78125,160020.28125,152354.28125,169305.5625,170721.078125,188222.625,195950.125,188080.5,200388.0,173756.9375,177267.46875,160831.03125,183785.84375,140607.296875,142597.140625,224053.65625,236482.578125,213871.421875,219034.09375,193564.984375,189942.703125,179034.453125,178388.734375,190981.53125,197409.96875,244187.671875,276013.34375,258694.90625,260516.703125,188722.359375,171252.65625,259832.859375,224144.328125,213004.078125,216446.921875,162482.625,176193.640625,183736.015625,175169.015625,204053.71875,208961.109375,223638.078125,220578.3125,154212.5625,198404.59375,215982.609375,183172.078125,172041.078125,159599.84375,187658.203125,169867.796875,222156.859375,215460.359375,198725.0,180605.109375,127076.1328125,126883.2578125,203095.96875,192033.75,219629.5625,230347.734375,205541.0,201334.9375,252078.34375,214670.59375,177126.453125,161270.375,256045.609375,230908.28125,200492.734375,168257.890625,275408.09375,220042.015625,263395.0625,272484.78125,239980.5625,230297.375,252869.359375,245615.109375,216391.390625,197684.484375,224893.28125,224254.96875,258810.515625,221293.5625,195682.578125,189335.78125,248941.25,232679.859375,216453.515625,218045.140625,244623.546875,237988.09375,227596.46875,244490.484375,207121.75,215221.71875,242121.90625,242971.046875,227754.265625,232865.53125,213738.828125,201729.453125,228995.109375,199138.390625,237003.328125,231904.578125,229943.765625,224173.984375,205449.8125,212809.828125,208540.453125,226117.859375,196670.703125,214571.109375,181803.96875,174929.5,236185.125,242863.40625,233291.234375,254549.03125,240581.21875,257189.9375,274757.5,278350.03125,257028.28125,261448.578125,250087.515625,261650.578125,213165.453125,208173.34375,185200.453125,184934.3125,216529.90625,212016.640625,214736.984375,207826.4375,190138.78125,199618.4375,212550.375,192383.6875,202630.875,213217.078125,207435.21875,224235.171875,238080.0625,248307.6875,206563.546875,235316.0625,238047.03125,239364.75,252232.734375,248568.71875,210641.546875,210329.90625,225890.109375,221875.21875,151236.28125,176382.140625,186882.25,199330.75,212302.078125,213569.859375,250391.078125,245127.671875,242571.90625,229458.328125,243406.640625,237835.03125,238476.75,223143.796875,263101.15625,255510.984375,237293.328125,173862.125,155260.609375,147186.234375,180957.3125,200564.03125,147748.84375,138115.265625,279552.53125,259982.703125,148809.421875,154647.1875,243382.375,237858.5,175394.28125,199997.375,201235.75,197991.46875,285179.5625,253187.296875,221516.484375,247522.421875,241551.328125,254014.8125,278307.4375,287076.25,210800.953125,218091.390625
116,193458.671875,188780.3125,175630.59375,184602.609375,164468.8125,160578.875,152604.796875,160856.21875,188105.25,167407.640625,215477.484375,193291.078125,193512.109375,180109.9375,203327.546875,185289.734375,198225.203125,197716.765625,210403.984375,187807.6875,213856.203125,196860.9375,198420.703125,180559.953125,167002.265625,177835.421875,163999.140625,170526.59375,210859.5,213447.21875,216426.375,203812.1875,200856.09375,204141.109375,191062.671875,175625.984375,226884.421875,239809.9375,228494.453125,235258.203125,200801.171875,190045.203125,180676.71875,169597.359375,155204.40625,158313.0625,161191.390625,152811.140625,169704.21875,170881.515625,188356.109375,195941.15625,187741.5,200274.875,173614.59375,177089.484375,160599.8125,183769.453125,140485.03125,142594.578125,224031.015625,236882.359375,213630.96875,218673.671875,193615.1875,189967.34375,179164.8125,178302.34375,191548.75,198145.34375,243919.0625,275992.8125,258840.53125,260412.109375,188035.0625,171492.21875,260655.0,223877.109375,212539.0625,216360.546875,162308.5625,176303.765625,183747.515625,175231.21875,204073.3125,209389.328125,223229.0,220373.6875,153830.953125,197492.515625,215666.796875,182355.609375,171946.265625,159661.546875,187215.046875,169564.359375,221627.828125,214793.109375,198551.1875,180421.609375,127064.296875,126983.328125,203139.90625,192125.65625,219274.03125,229935.0625,205230.671875,201123.703125,252307.21875,214580.8125,177791.640625,161852.640625,256441.828125,231048.9375,201858.3125,168365.90625,275918.25,219785.546875,264223.4375,272695.5,239681.5625,230267.203125,252545.453125,246175.390625,217052.625,197965.765625,224460.140625,223703.875,258385.265625,221307.4375,195702.859375,189480.359375,248414.53125,232567.84375,215888.09375,217937.828125,244497.546875,238328.828125,227319.984375,244056.9375,207601.8125,215708.421875,242266.296875,244066.453125,227910.640625,233074.671875,214459.90625,202547.65625,229147.015625,199493.328125,237447.484375,232470.84375,230665.203125,225133.65625,205058.328125,212763.4375,208394.578125,226179.703125,196544.59375,214443.578125,181904.421875,174869.671875,236832.65625,243118.390625,233794.09375,254938.03125,241123.59375,257132.875,276302.5625,278821.125,257102.3125,261900.3125,250080.421875,262266.28125,214012.859375,209592.03125,185823.5,185103.09375,216958.296875,212586.828125,215944.859375,209310.828125,190249.734375,199688.0625,213110.421875,193179.640625,203453.890625,213944.90625,207379.046875,224365.5625,238973.03125,249376.625,206698.0625,235744.4375,237993.796875,239503.53125,253023.375,249682.046875,209434.96875,208864.78125,225374.171875,221226.59375,150170.453125,175460.078125,186211.234375,198283.84375,212194.84375,213241.0,249343.0625,243965.59375,242379.8125,228243.59375,241693.890625,236942.53125,238322.9375,222595.40625,263352.21875,255623.96875,237181.03125,173793.34375,155229.171875,147333.75,180822.40625,200517.625,147724.171875,138051.46875,279811.84375,259937.625,148819.375,154576.859375,243259.484375,237231.578125,175453.796875,199641.65625,201366.140625,197930.65625,284723.78125,252195.03125,221601.75,247481.25,241568.578125,253831.96875,278426.375,286306.53125,210562.75,218349.390625
117,193937.046875,189356.234375,176217.609375,185316.953125,165242.484375,161500.234375,152352.3125,160830.9375,187994.015625,167368.828125,215841.03125,193785.40625,194059.265625,180832.0625,203578.875,185584.671875,198502.59375,197879.125,210577.25,188026.25,214226.421875,196903.734375,198965.25,181150.515625,166781.671875,177921.171875,164143.953125,170887.484375,210948.84375,213251.0,216683.125,203925.328125,200880.484375,204197.8125,191176.453125,175445.015625,226603.8125,239395.6875,228563.765625,234766.3125,201147.90625,190415.984375,180816.75,169903.921875,155374.5,158360.0625,161836.015625,153297.828125,169427.0625,170799.0625,188362.125,195910.125,187529.71875,200183.109375,173380.125,177056.46875,160505.890625,183769.46875,140576.265625,142622.046875,223560.609375,236236.65625,213478.765625,218418.921875,193777.9375,190084.515625,179203.953125,178303.65625,191011.0,198768.703125,243269.484375,275549.5625,258511.75,259538.296875,187154.25,171190.890625,260234.28125,223742.40625,211978.171875,216019.421875,161952.453125,176701.78125,183436.796875,175375.171875,203982.78125,209477.8125,222442.671875,220195.359375,154087.203125,197580.34375,215609.953125,181976.421875,171468.09375,159404.703125,186990.59375,169884.796875,221032.515625,214428.75,198260.1875,180376.1875,127145.515625,126914.4375,203239.34375,191821.578125,218301.6875,229522.75,204964.9375,200706.34375,252593.1875,214749.46875,177950.625,162151.53125,256677.71875,231890.03125,202585.546875,168266.421875,274665.8125,219553.5625,263726.0,273788.875,238975.671875,229985.15625,252175.09375,245920.921875,217112.015625,197917.9375,223469.015625,223191.46875,258181.796875,221143.4375,195715.125,189585.484375,247999.96875,232383.96875,214975.59375,217712.84375,243988.5,238148.15625,227188.546875,243692.375,207563.03125,215837.5,242331.828125,244568.390625,227361.046875,232675.734375,214319.84375,202139.265625,229292.4375,199576.375,236994.421875,232164.21875,231065.546875,225681.140625,204707.390625,212546.203125,208015.4375,225355.078125,196517.28125,214244.125,182022.75,174647.234375,236843.96875,242585.265625,233507.25,254705.90625,241023.40625,256282.125,275748.28125,277868.5,256655.34375,261459.28125,249781.1875,261588.0625,214579.390625,210661.09375,186013.65625,184816.359375,216992.84375,212504.265625,216251.171875,209580.671875,190100.328125,199947.015625,213326.65625,193589.875,203709.9375,214114.046875,207059.921875,224611.90625,238376.828125,249036.0,206301.6875,235333.75,237518.671875,239104.03125,252047.953125,249305.328125,208693.921875,208138.125,225146.421875,221105.890625,149544.078125,175241.21875,185658.875,198179.078125,211222.546875,212072.75,248130.78125,242724.625,241128.21875,227982.921875,240778.84375,236894.375,239229.421875,223180.484375,264237.875,256019.0625,236962.8125,174039.359375,155534.84375,147312.875,180650.96875,201630.890625,147964.9375,138322.34375,279819.0,259758.875,148976.484375,154639.078125,243476.984375,237081.296875,175579.921875,199285.671875,201531.28125,197704.6875,284765.625,251794.65625,221786.046875,247627.3125,241567.640625,254273.5,279014.375,286293.53125,210722.59375,218502.765625
118,194055.109375,189563.59375,176302.203125,185416.390625,165829.1875,162056.296875,152287.34375,160748.015625,187931.078125,167462.375,216056.40625,193946.40625,194195.546875,180795.03125,203895.546875,185872.109375,198690.53125,197871.0625,210903.8125,188088.609375,214788.515625,197034.5,198999.84375,181478.421875,166762.796875,177882.390625,164362.6875,170555.328125,211005.046875,213232.9375,216559.203125,203866.53125,201086.5625,204393.484375,191529.328125,175443.4375,227076.140625,239818.0,229103.890625,235266.03125,200742.296875,190003.59375,181197.28125,169988.96875,155480.328125,158363.421875,161518.875,153589.21875,169445.703125,170885.796875,188770.484375,196112.3125,187702.734375,200327.5,173342.296875,177150.75,160613.46875,183813.984375,140758.09375,142676.5625,223737.921875,235964.4375,213445.203125,218579.046875,193902.890625,190101.1875,179319.515625,178435.15625,190864.578125,199016.78125,243225.40625,275919.0625,258840.296875,259892.65625,187141.75,171074.171875,260239.765625,223847.015625,212100.640625,215911.765625,161835.5,176885.546875,183571.21875,175716.90625,203969.578125,209341.28125,222259.421875,220108.265625,154217.453125,197966.59375,215638.703125,182129.421875,171049.765625,159341.65625,187415.25,170462.328125,220778.484375,214524.5625,198047.015625,180504.890625,127273.609375,126773.78125,203227.296875,191575.390625,218017.203125,229245.171875,204816.15625,200504.828125,252399.34375,215520.234375,177576.71875,162360.609375,256325.921875,231729.609375,201687.5625,169136.296875,274284.3125,220388.890625,262958.3125,273707.40625,239025.609375,229744.09375,252116.015625,245359.8125,216484.171875,197529.78125,223071.734375,223152.203125,258157.109375,220897.515625,195536.875,189500.671875,248052.09375,232160.109375,214616.21875,217512.578125,243534.8125,237743.515625,227104.078125,243747.640625,207533.453125,215649.65625,242620.34375,244534.8125,227044.046875,232454.59375,213508.703125,201104.578125,229289.203125,199429.0625,236486.109375,231340.453125,230786.671875,225148.71875,204896.78125,212581.78125,207918.71875,225130.265625,196359.875,214226.71875,181906.609375,174526.984375,236639.421875,242856.390625,233220.046875,255202.21875,241207.9375,256609.65625,274799.28125,277625.84375,256601.921875,261252.765625,249979.515625,261402.015625,214271.59375,210193.703125,185736.8125,184804.25,216774.53125,212163.4375,215128.015625,208775.6875,189920.828125,199831.546875,213256.890625,193514.578125,203375.015625,213773.65625,207059.90625,224454.734375,237376.65625,247492.40625,205769.828125,233860.375,237110.0,238365.984375,250961.609375,247893.359375,208936.90625,208398.5,225158.40625,220972.328125,149719.890625,175431.3125,185653.09375,198597.4375,210366.546875,211507.578125,247875.1875,242510.65625,242386.3125,229297.078125,242299.390625,237775.625,239350.46875,223706.140625,263259.09375,255699.6875,236923.5625,174178.1875,155974.703125,147165.890625,181057.6875,201843.6875,148493.71875,138530.453125,279535.0,259675.296875,149365.40625,154693.65625,244096.875,237680.359375,175759.5625,199643.828125,201712.34375,197952.03125,285234.28125,252068.484375,222008.078125,248045.078125,241431.5,254682.171875,278953.96875,286749.09375,211030.234375,218519.125
119,193890.734375,189221.5625,176227.6875,185103.671875,165807.671875,161782.96875,152365.28125,160673.65625,188086.28125,167677.359375,215768.78125,193606.28125,193996.8125,180347.765625,203865.78125,185874.390625,198757.6875,197841.0,211023.75,188002.71875,214786.90625,196988.078125,198771.8125,181171.203125,166840.234375,177751.40625,164047.8125,169969.140625,211026.375,213348.28125,216476.1875,203546.546875,201258.4375,204493.5625,191547.84375,175368.234375,227494.125,240328.03125,229622.703125,236123.296875,200682.1875,189687.171875,181178.78125,169551.421875,155279.640625,158212.28125,161330.53125,153353.828125,169863.375,171268.703125,188789.09375,195786.0625,188083.8125,200522.84375,173617.984375,177188.90625,160842.46875,183993.234375,140908.125,142750.03125,224261.625,236920.984375,213542.6875,219073.53125,193921.234375,190026.125,179437.296875,178618.515625,191424.375,198852.84375,243229.875,276451.5625,259546.578125,260723.5,187306.28125,171276.203125,261801.265625,224036.703125,212578.5,216107.015625,162041.96875,176761.375,183795.6875,175571.5,204173.03125,209103.0625,222445.984375,220206.90625,154057.796875,197949.703125,215836.0625,182449.15625,171407.484375,159400.828125,187705.0,170301.25,221167.84375,214544.46875,198066.9375,180631.3125,127189.5234375,126658.40625,203133.109375,191771.09375,218761.84375,229384.140625,204872.296875,200844.421875,251787.84375,215786.8125,177927.671875,163105.46875,256174.03125,231802.984375,201025.765625,170476.953125,275049.84375,221478.75,264149.21875,273733.09375,239406.5625,229693.34375,252127.765625,245307.640625,216209.21875,197241.84375,223748.015625,223257.375,258214.21875,220920.078125,195434.96875,189473.6875,248414.171875,232080.0,215022.703125,217451.59375,243400.15625,237273.171875,227009.953125,244017.953125,207274.078125,215136.671875,242845.984375,244257.0,227072.265625,232850.34375,213157.8125,200704.796875,229140.125,199314.0,236491.765625,230859.59375,230314.828125,224216.640625,205351.390625,212877.609375,208273.3125,225933.265625,196251.328125,214471.8125,181814.1875,174661.0625,237037.625,243451.4375,233213.734375,255864.671875,241409.625,257330.484375,275696.0625,278864.09375,257222.484375,262275.21875,250720.09375,262641.03125,213593.703125,208974.796875,185226.546875,184940.765625,216571.46875,211870.140625,213977.796875,207544.640625,189811.546875,199442.546875,212938.015625,192920.0625,203145.640625,213582.4375,207432.671875,223920.9375,237123.34375,246321.109375,205792.21875,233778.28125,237565.3125,238002.25,250965.78125,247262.609375,209537.28125,208883.296875,225458.78125,220894.890625,150263.96875,175617.984375,186001.546875,198539.390625,210671.65625,212080.484375,248595.859375,243173.34375,244926.078125,230414.21875,243788.265625,238360.890625,239542.71875,223568.546875,262632.46875,255440.140625,236853.0625,173909.59375,155743.984375,147121.828125,181361.78125,200919.0,148417.171875,138466.1875,279350.34375,259650.328125,149448.03125,154798.484375,244613.484375,238925.640625,175604.328125,199534.390625,201841.625,198160.203125,286565.46875,253587.296875,222290.90625,247915.234375,241829.828125,254578.859375,278896.125,287154.6875,210765.484375,218569.6875
120,193664.859375,188726.359375,176024.609375,184624.359375,165649.546875,161394.046875,152341.3125,160659.953125,188257.34375,167766.28125,215148.640625,193063.328125,193799.125,180223.546875,203670.796875,185522.78125,199004.140625,197973.6875,211044.671875,187993.75,214505.921875,197121.0625,198790.03125,180873.15625,166975.78125,177788.859375,163621.46875,170068.921875,211284.28125,213560.859375,216639.015625,203629.0,201325.796875,204275.9375,191119.71875,175353.75,227009.84375,239792.59375,229489.875,235666.875,200881.359375,189864.890625,180939.671875,169109.265625,155127.03125,158000.015625,161424.296875,152901.953125,169635.71875,171334.90625,188415.3125,195133.078125,188478.578125,200659.234375,173967.078125,177273.0625,160964.515625,184170.1875,141031.78125,142816.15625,224030.296875,237173.21875,214078.265625,219411.734375,193994.046875,190029.390625,179513.078125,178744.875,191451.15625,198536.015625,242908.984375,275793.28125,259033.546875,260373.9375,187348.71875,171151.796875,262252.78125,224450.828125,212713.21875,216386.125,162184.109375,176646.171875,183781.40625,175176.921875,204373.421875,208788.375,222599.421875,220422.578125,154311.65625,198104.78125,216076.390625,182556.03125,172071.484375,159424.6875,187623.921875,169827.0,221668.046875,214469.28125,198430.875,180729.0625,127012.6640625,126718.765625,203103.09375,191956.046875,219149.734375,229760.75,205034.046875,201229.90625,251663.0,215138.546875,178530.59375,163079.296875,256332.109375,232833.109375,201380.140625,170013.875,274568.875,220931.5625,265155.0,274700.875,239261.03125,229759.625,252308.421875,245284.328125,216568.4375,197297.734375,224527.734375,223347.953125,258536.609375,221078.234375,195688.921875,189559.078125,248851.21875,232178.484375,215600.15625,217491.015625,243958.734375,237159.0625,227351.0625,244316.6875,206977.59375,214803.75,242817.296875,243450.515625,227080.15625,232811.421875,213451.25,200886.84375,229160.5,199300.875,236679.921875,230946.78125,230328.765625,224068.4375,205801.015625,213124.53125,208537.078125,226191.3125,196561.515625,214667.859375,181916.53125,174801.59375,237075.703125,242725.28125,232969.796875,255542.96875,240773.796875,256362.921875,275696.96875,279077.34375,257351.9375,262305.46875,250579.46875,262526.6875,213251.875,208443.3125,184816.125,184643.875,216440.578125,211547.078125,213889.234375,206546.953125,189799.984375,199462.84375,212446.53125,192172.625,202778.953125,213249.0625,207403.46875,223389.0625,236981.625,246214.359375,205797.484375,234642.78125,238211.078125,238112.359375,251006.46875,247353.484375,209742.21875,209281.0,225860.796875,221195.140625,150737.859375,175903.296875,186229.859375,198364.25,211345.359375,212408.140625,249322.828125,243920.65625,244525.546875,229868.796875,243019.40625,238062.765625,240448.703125,223498.0,263938.0,255933.96875,236953.78125,173708.375,155078.953125,147181.953125,180985.21875,201003.6875,147934.1875,138301.234375,279612.53125,259826.5625,149249.515625,154976.265625,244732.28125,239380.40625,175300.375,199182.734375,201805.125,198142.875,287425.96875,254972.515625,222327.59375,247461.59375,242359.578125,254328.1875,279385.625,287476.09375,210455.75,218768.71875
121,193436.828125,188380.203125,175496.90625,184129.453125,165321.609375,160929.703125,152355.703125,160719.328125,188259.875,167662.5625,214911.078125,192669.625,193502.78125,180020.0625,203590.6875,185078.0,199195.421875,198020.1875,211095.390625,187689.203125,214437.328125,197115.578125,198797.9375,180779.140625,167277.484375,177872.65625,163937.953125,170333.0625,211636.4375,213826.6875,216848.6875,203995.203125,201485.5625,203843.4375,190968.609375,175571.1875,226613.25,239081.296875,229048.703125,234699.390625,200685.21875,189857.015625,181034.5625,169168.34375,155348.28125,158032.625,161260.46875,152912.9375,169319.6875,171228.15625,188536.671875,195060.546875,188675.109375,200851.546875,174115.15625,177337.46875,160917.796875,184147.5,140982.875,142883.8125,223721.515625,236532.40625,214668.109375,219382.875,194101.5625,189916.171875,179542.875,178701.046875,191049.59375,198253.515625,243212.78125,275194.8125,258412.203125,260195.78125,187919.28125,170915.046875,261312.0,224784.65625,212769.03125,216606.5625,162341.078125,176431.359375,183838.59375,175153.515625,204346.203125,208612.140625,223052.921875,220560.625,154777.078125,198226.796875,216394.71875,182604.546875,171987.59375,159432.6875,187604.0,169683.296875,222044.046875,214553.296875,199037.59375,180789.171875,127084.921875,126859.8046875,203256.859375,191895.078125,219012.578125,229888.09375,205216.03125,201230.25,252100.59375,214705.078125,178117.546875,161914.375,256467.390625,232634.921875,201163.65625,168354.296875,273802.125,219484.21875,264533.0625,274758.25,239234.59375,229917.84375,252729.84375,245062.8125,216967.328125,197661.21875,224859.25,223562.671875,259089.96875,221152.515625,196052.796875,189643.578125,249221.640625,232381.203125,216266.25,217690.40625,244958.25,237690.65625,227915.828125,244609.84375,207058.15625,214885.953125,242699.21875,242556.1875,227317.3125,232259.875,213644.359375,200978.125,229313.0625,199307.0,236846.21875,231285.28125,230470.109375,224329.546875,206094.953125,213238.84375,208530.203125,225654.421875,196906.0625,214615.0,182110.9375,174833.84375,236512.765625,242197.703125,232994.921875,255305.78125,240277.21875,255499.0,274718.3125,278516.625,256940.96875,261360.171875,249830.921875,261602.40625,213024.71875,208214.78125,184933.984375,184513.53125,216541.046875,211530.015625,214567.828125,206712.6875,189925.953125,199724.03125,212081.734375,191762.359375,202476.34375,212647.0,206985.859375,223117.828125,236707.296875,246587.5,205275.59375,234546.9375,238367.5,238421.65625,251182.171875,247568.296875,209770.390625,209737.125,226100.0625,221488.59375,150868.203125,176099.34375,186183.828125,198682.5625,211440.84375,212182.734375,249735.640625,244412.234375,242290.71875,229491.515625,242191.609375,237848.65625,240476.890625,223613.453125,264214.65625,255935.515625,237086.703125,173592.28125,154993.84375,147198.40625,180698.671875,201521.765625,147921.625,138213.953125,279890.34375,260143.15625,149244.4375,155053.65625,244065.078125,238280.734375,175291.484375,199462.625,201794.296875,198313.5625,286496.875,253374.34375,222120.296875,247671.53125,242181.25,254332.234375,279377.84375,287744.8125,210534.8125,218676.890625
122,193141.75,188070.359375,174996.6875,183855.140625,164882.4375,160351.140625,152525.34375,160761.71875,188171.46875,167492.984375,214771.671875,192417.421875,192959.203125,179515.953125,203413.53125,184725.984375,199020.734375,197714.296875,210954.1875,187199.390625,214396.15625,196728.328125,198497.59375,180394.65625,167554.984375,177683.8125,164367.28125,170287.390625,211713.78125,213847.671875,217127.5,203996.03125,201522.796875,203567.984375,191331.4375,175754.296875,226842.25,239056.390625,228821.65625,234472.953125,200395.796875,189487.671875,181055.09375,169293.203125,155585.984375,158043.109375,161304.390625,153084.640625,169666.0,171381.65625,188869.75,195328.671875,188536.984375,200867.40625,174072.46875,177140.828125,160945.296875,183980.640625,140854.8125,142851.203125,223944.734375,236638.28125,214811.90625,219203.625,194036.015625,189744.5625,179450.03125,178522.296875,191337.75,198255.484375,244048.78125,275601.8125,258718.890625,260778.328125,188767.578125,171046.65625,261025.09375,224551.3125,213166.0,216675.1875,162618.484375,176171.375,184012.734375,175296.359375,204351.96875,208885.625,223735.03125,220547.3125,154579.515625,198029.5,216926.109375,182891.203125,171712.390625,159502.140625,187719.90625,169755.96875,222473.25,214736.78125,199557.0,180941.265625,127218.078125,126899.2578125,203459.03125,192045.21875,219344.71875,229914.46875,205384.953125,201209.140625,252566.890625,214981.140625,177559.375,161569.125,256686.5625,231434.84375,200962.109375,168087.109375,274907.40625,219428.546875,264250.3125,273725.6875,239720.890625,230220.71875,253063.515625,245320.078125,216917.375,197922.625,225121.03125,223756.671875,259313.453125,221356.625,196062.15625,189650.578125,249159.328125,232635.25,217066.953125,218014.90625,245564.875,238302.1875,228046.59375,244687.421875,207098.078125,214798.296875,242632.96875,242365.96875,227677.515625,232158.65625,213637.46875,201150.21875,229172.34375,199275.484375,236916.828125,231578.21875,230233.0,224199.8125,205987.109375,213234.75,208589.953125,225544.6875,196854.90625,214570.390625,182318.984375,174932.5625,236266.6875,242660.984375,233385.578125,255097.671875,240630.984375,256104.921875,274789.5625,278303.96875,256899.96875,261368.046875,249464.03125,261889.984375,212691.921875,207679.515625,185260.015625,184881.84375,216720.34375,211720.140625,214840.515625,207143.515625,189916.96875,199488.75,211995.21875,191669.890625,202709.5625,212467.359375,207011.15625,223209.640625,236945.546875,247029.984375,205361.203125,234595.359375,238433.71875,238821.84375,251867.203125,247899.71875,210115.640625,210152.953125,226211.3125,221618.359375,150911.3125,176110.515625,186213.859375,199097.890625,211578.84375,212557.703125,250219.1875,244730.640625,242118.28125,229866.90625,242996.359375,238028.34375,239743.90625,223725.25,262840.0,255210.296875,236882.90625,173326.125,155398.90625,147178.359375,180824.390625,200920.40625,148062.28125,138079.171875,279586.375,260091.9375,149310.125,154947.125,243105.953125,237211.0625,175379.96875,199679.171875,201686.953125,198330.109375,285473.40625,251163.5625,221889.515625,247858.28125,241597.390625,254061.234375,278750.46875,287312.6875,210553.796875,218271.359375
123,192980.765625,187903.46875,174910.625,183792.015625,164864.359375,160177.765625,152645.75,160734.71875,188195.828125,167460.15625,214532.9375,192435.03125,192725.515625,179581.828125,203255.15625,184513.75,198800.609375,197415.109375,210822.53125,187359.078125,214456.484375,196698.5,198231.203125,179767.078125,167577.546875,177384.890625,164292.21875,170682.578125,211586.265625,213434.84375,217364.78125,203883.578125,201362.671875,203721.65625,191633.625,175946.265625,227137.65625,239303.578125,229051.03125,234424.375,200684.984375,189559.453125,180858.765625,169324.109375,155718.71875,157911.296875,161675.21875,152876.765625,169941.828125,171471.703125,188865.109375,195470.578125,188580.9375,200766.0625,174148.578125,176979.140625,161200.34375,184010.9375,140986.625,142770.875,224201.34375,237173.1875,214917.5625,218945.140625,194043.203125,189931.609375,179471.90625,178552.609375,191857.625,198181.296875,244286.90625,275908.65625,258957.875,260611.65625,189065.765625,171308.859375,260872.359375,224284.640625,213621.546875,216716.515625,162618.21875,176234.9375,183954.625,175155.59375,204534.828125,209234.421875,223973.515625,220614.1875,153890.546875,198154.84375,217062.34375,183010.28125,171931.875,159278.03125,187619.40625,169948.625,222465.265625,214919.71875,199506.9375,181118.421875,127029.4609375,127049.4609375,203303.625,192147.421875,219777.765625,230011.984375,205376.609375,201315.671875,252926.65625,214909.53125,177738.21875,162177.171875,256778.671875,231740.6875,202093.90625,168512.90625,276396.0625,220268.28125,264432.3125,273832.125,239958.03125,230277.53125,253405.09375,245917.109375,216868.78125,197827.875,225317.140625,223836.046875,259139.984375,221699.046875,195942.734375,189544.703125,248929.40625,232816.421875,217258.265625,218041.421875,245459.75,238178.75,227882.609375,244260.515625,206902.953125,214417.75,242555.203125,242671.125,227686.96875,232293.09375,213801.5625,201555.96875,228985.609375,199279.9375,236703.296875,231712.078125,229845.1875,223893.34375,205948.4375,213335.40625,208722.296875,225928.09375,196893.109375,214792.953125,182504.765625,175151.640625,236368.96875,242527.734375,233566.25,254557.8125,241227.328125,256530.6875,274974.46875,277699.84375,257165.9375,261993.875,249468.171875,262219.34375,212489.171875,207377.359375,185265.84375,185130.046875,216875.28125,211840.171875,214193.1875,206690.3125,189796.578125,199168.84375,212243.984375,191755.65625,203136.203125,212994.1875,207320.5,223531.90625,237403.390625,247587.921875,206275.3125,235628.921875,238580.40625,239196.515625,251856.875,248173.296875,210404.0,210241.265625,226188.90625,221828.171875,151134.5625,176236.5625,186479.953125,199223.53125,212201.921875,213440.75,250587.9375,244717.25,242883.03125,229405.671875,243825.25,237781.890625,239899.65625,223880.296875,262717.03125,255221.3125,236774.21875,173287.015625,155489.75,147156.5625,180804.125,200701.34375,147858.578125,137757.03125,279119.09375,259753.40625,149225.0,154735.34375,242531.09375,236910.484375,175018.1875,199213.96875,201236.28125,197690.25,285738.3125,251507.140625,221433.0,246955.171875,241068.78125,252961.359375,278404.96875,286262.15625,210087.046875,217817.59375
124,193339.203125,188282.03125,175082.0,183884.9375,165020.640625,160428.59375,152685.0625,160708.078125,188474.96875,167670.53125,215066.265625,193085.984375,193303.4375,180230.0625,203522.71875,184704.109375,198778.8125,197547.0,211024.171875,188062.25,214640.203125,197264.96875,198299.171875,179541.921875,167393.765625,177352.90625,164128.421875,171299.703125,211653.953125,213325.953125,217349.859375,204189.21875,201258.34375,204221.90625,191541.125,176197.3125,227117.0,239677.125,229496.6875,234756.609375,201253.984375,190226.640625,180625.5625,169170.71875,155722.75,157828.328125,161236.25,152487.75,169749.484375,171037.09375,188637.671875,195556.0625,188997.03125,200893.40625,174428.640625,177299.625,161437.1875,184324.96875,141165.15625,142854.671875,224222.640625,236960.234375,215018.96875,218886.96875,194343.796875,190364.984375,179736.09375,178991.53125,191738.125,197739.96875,244098.75,275867.46875,258818.234375,259804.34375,188936.296875,171375.15625,259661.109375,224369.484375,213482.171875,216626.234375,162496.71875,176288.09375,183729.15625,174866.3125,204444.328125,208973.390625,223591.90625,220699.671875,153683.140625,198351.5,216425.90625,182557.640625,171934.578125,158938.3125,187291.890625,170078.265625,221666.59375,215069.453125,199016.265625,180870.796875,126756.4609375,127133.671875,202968.234375,191614.453125,219463.640625,229874.6875,205189.359375,201135.375,252953.53125,214103.671875,177817.796875,161902.21875,256371.078125,232583.4375,202593.515625,167913.25,276127.375,219992.65625,263438.4375,274519.40625,239857.203125,229949.78125,253781.15625,245816.109375,217109.703125,197556.796875,225153.890625,223812.0,259049.859375,221723.21875,196043.078125,189495.953125,249067.578125,232704.984375,216660.25,217689.03125,245017.8125,237592.953125,227860.4375,243737.890625,206957.84375,214571.96875,242459.671875,242971.59375,227720.515625,232349.640625,214017.328125,201668.953125,229240.53125,199462.6875,236506.140625,231644.359375,229831.953125,224022.859375,206390.28125,213694.921875,208786.703125,226084.125,197231.328125,215083.453125,182564.28125,175345.40625,236575.8125,242333.578125,233434.765625,254917.734375,241548.40625,256655.765625,274345.90625,277160.40625,257186.546875,262435.78125,249481.34375,262091.75,212690.921875,207809.859375,185279.0,185164.53125,217185.03125,212164.015625,213918.328125,207087.328125,190009.40625,199581.34375,212731.546875,192248.171875,203569.078125,213806.28125,207230.171875,223742.234375,237740.0625,248196.46875,206740.359375,235998.28125,238356.78125,239369.796875,251168.296875,248241.203125,210221.734375,209850.40625,225975.703125,221705.46875,151236.84375,176363.421875,186458.4375,198995.03125,212765.609375,213798.0,250469.46875,244361.390625,241816.96875,228591.671875,243680.15625,237210.375,240218.875,223733.046875,263617.9375,255562.90625,236960.15625,173586.21875,155287.6875,147143.21875,180570.53125,201674.90625,147704.328125,137685.171875,279236.25,259824.546875,148991.875,154625.046875,242134.765625,236766.375,174618.953125,198632.796875,200968.75,197252.390625,285810.40625,252047.28125,221023.84375,246144.21875,240612.140625,252284.40625,278333.09375,286234.96875,209665.234375,217494.25
125,193940.5,188986.875,175262.109375,184177.46875,164877.5,160741.71875,152735.78125,160747.453125,188693.09375,167853.484375,216047.21875,193821.578125,193972.796875,180413.078125,203930.375,185306.296875,198736.625,197909.5625,211213.375,188402.6875,214717.5,197847.296875,198461.8125,180093.703125,167164.828125,177643.015625,164057.21875,171190.21875,211993.65625,213971.609375,217288.0625,204708.03125,201140.015625,204584.796875,191474.90625,176203.046875,226914.984375,240133.375,229448.34375,235727.296875,201054.734375,190344.71875,180296.421875,168757.78125,155284.34375,157660.46875,160098.46875,152212.59375,169337.78125,170425.984375,188300.21875,195576.15625,188920.0,200861.109375,174398.84375,177652.140625,161313.203125,184468.484375,141003.375,142916.765625,223998.25,236434.453125,214703.234375,219274.578125,194377.203125,190477.96875,179758.65625,179232.203125,191212.78125,197432.5,244044.59375,275768.40625,258634.796875,259492.203125,188644.59375,171178.421875,258884.4375,224044.140625,212713.671875,216070.5,162659.59375,176008.84375,183473.78125,174650.328125,204034.296875,208472.703125,223095.8125,220424.375,154148.953125,198189.15625,216029.515625,182142.625,171459.125,158997.90625,187068.328125,169856.921875,221245.203125,215107.375,198887.25,180317.8125,126790.0234375,126796.625,202969.296875,191132.40625,218892.34375,229641.328125,205105.84375,200848.5625,252550.84375,213861.9375,177473.71875,160901.421875,255863.390625,231856.5625,201219.203125,167494.46875,274896.75,219293.796875,262265.90625,273688.15625,239890.515625,229820.203125,253463.796875,245109.53125,216841.59375,197231.234375,224852.8125,223745.53125,259034.015625,221380.765625,195955.25,189554.296875,249170.140625,232422.734375,216143.796875,217440.203125,244778.421875,237631.96875,228020.46875,244023.90625,207237.859375,215426.46875,242370.359375,243119.34375,227940.25,232626.265625,213934.859375,201413.75,229432.5,199620.0625,236565.375,231394.1875,230099.484375,224286.765625,206418.078125,213680.640625,208688.625,225900.375,197236.453125,215051.25,182338.40625,175350.65625,236824.890625,243051.140625,233136.09375,255373.359375,241388.390625,257041.515625,274055.4375,277537.75,256910.0625,262416.4375,249406.640625,262039.953125,213207.34375,208548.53125,185638.234375,185159.15625,217318.0625,212619.578125,214911.359375,208685.71875,190424.765625,200209.390625,213090.5,192963.671875,203627.484375,214101.125,207001.421875,224050.703125,238115.015625,248443.671875,206633.828125,235471.171875,237691.234375,239173.5,251324.984375,248197.21875,210064.15625,209487.53125,225856.1875,221359.578125,151104.484375,176288.640625,186252.140625,198798.734375,212600.421875,213478.53125,250063.5,244279.671875,241155.140625,228523.03125,243096.609375,237227.625,239435.9375,223034.515625,263225.59375,255081.578125,236865.21875,173616.046875,155213.484375,147335.609375,180376.34375,201635.421875,147593.78125,137950.53125,279606.125,260243.34375,148727.65625,154767.765625,242770.84375,237097.703125,174971.1875,198686.5,201477.359375,197773.796875,285168.75,252004.15625,221432.625,246678.21875,240709.359375,253258.140625,278446.5,287205.0,210171.890625,217852.875
126,194146.6875,189350.484375,175433.3125,184445.578125,164668.671875,160793.8125,152752.28125,160906.75,188526.953125,167856.796875,216204.515625,193765.078125,193926.375,180071.1875,203900.390625,185727.953125,198780.25,198204.6875,211018.015625,188159.6875,214820.859375,198072.078125,198421.9375,180816.703125,167184.015625,178106.5,164168.6875,170775.5625,212236.234375,214555.40625,217479.765625,204859.671875,200963.25,204503.3125,191755.828125,175989.875,227006.953125,240398.765625,229158.109375,236254.453125,200494.546875,189775.375,180330.28125,168769.796875,154907.421875,157571.15625,159952.59375,152292.171875,169103.21875,170332.171875,188254.125,195856.890625,188166.421875,200287.171875,173854.0,177503.234375,160841.484375,184120.140625,140727.203125,142743.390625,223949.078125,236590.359375,214567.53125,219607.96875,193853.515625,190152.3125,179343.921875,178809.703125,190981.8125,197338.921875,243799.1875,275490.0,258530.0625,259620.734375,187894.703125,170991.171875,258989.921875,223031.203125,211976.03125,215569.015625,162657.265625,175674.25,183008.515625,174518.921875,203575.875,208470.34375,222681.671875,219959.25,154241.1875,197982.421875,216447.25,182605.0,171210.125,159156.171875,186773.671875,169425.078125,221767.5625,214995.1875,199216.375,180231.5625,126868.0546875,126648.9296875,203062.03125,191543.8125,218851.6875,229603.609375,205160.9375,201018.546875,252262.921875,214364.984375,176948.875,160645.765625,255706.421875,230606.09375,200226.140625,167958.015625,274829.09375,219665.109375,262542.53125,272236.25,239755.125,230029.046875,252321.234375,245235.4375,216360.296875,197201.0625,224929.109375,224040.625,258950.21875,221159.9375,195612.828125,189403.953125,249056.28125,232529.765625,216083.421875,217533.828125,245127.65625,238465.515625,228270.21875,244920.703125,207425.09375,215973.078125,242036.125,243200.78125,227838.875,232948.390625,213718.28125,201411.546875,229077.28125,199470.921875,236437.078125,231137.75,230008.359375,223945.140625,205477.6875,212903.28125,208397.625,225792.59375,196778.984375,214673.84375,181961.421875,175065.84375,236796.46875,243322.078125,233011.828125,253885.65625,241313.4375,257310.234375,274594.375,277542.65625,256895.859375,261903.703125,249784.1875,262109.734375,213560.75,208818.03125,185866.421875,185117.734375,217263.109375,212812.265625,215770.4375,209068.734375,190617.265625,200242.859375,213186.703125,193233.609375,203336.578125,213878.6875,207012.984375,224653.671875,238216.203125,248311.828125,206788.625,235543.84375,237273.03125,238782.609375,251940.46875,248146.5625,210103.734375,209600.640625,225795.5625,221450.65625,150893.84375,176156.90625,186334.65625,199198.375,211697.3125,213178.75,249715.140625,244703.15625,241943.53125,228559.5,242518.359375,237508.796875,238312.921875,222320.203125,262233.5,254473.546875,236560.703125,173422.171875,155320.125,147717.328125,180472.515625,200064.578125,147469.84375,138158.40625,279587.53125,260397.484375,148813.453125,154946.875,244443.859375,238298.28125,175575.1875,199264.78125,202110.34375,198318.03125,285478.90625,253313.46875,222284.84375,247730.15625,241722.671875,254785.46875,279094.875,287674.46875,210869.984375,218693.5625
127,194069.625,189388.453125,175606.828125,184552.84375,164536.640625,160529.25,152765.6875,161126.984375,188427.859375,167976.375,215798.078125,193382.359375,193622.375,179884.234375,203674.0625,185887.890625,199085.65625,198510.15625,210693.984375,187940.015625,215109.546875,198092.3125,198346.375,181035.71875,167530.59375,178603.625,164510.484375,170713.5,212086.125,214700.671875,217816.421875,204703.328125,200736.578125,204315.40625,192031.65625,175841.578125,227085.34375,240198.28125,229153.6875,235969.6875,200424.296875,189447.765625,180717.140625,169207.28125,155138.734375,157776.90625,160532.734375,152538.984375,169027.828125,170343.171875,188584.40625,196335.984375,187773.25,199869.15625,173509.78125,177410.390625,160475.25,183696.5,140751.890625,142599.5625,224232.265625,236886.625,214956.09375,219680.171875,193522.265625,189900.46875,179101.515625,178429.890625,191285.140625,197395.46875,243278.71875,275054.21875,257990.609375,259323.40625,186954.0625,170979.8125,258104.015625,222254.46875,211497.84375,215654.9375,162065.671875,175532.484375,182481.796875,174364.984375,203094.5,208758.71875,222053.015625,219680.9375,153472.21875,197743.53125,216661.390625,183630.15625,171248.015625,159105.015625,186166.34375,169246.40625,221883.90625,214885.203125,199293.9375,180656.125,126588.421875,127050.0390625,202645.875,192050.34375,219052.6875,229605.140625,205094.0625,201402.0625,252029.59375,214262.8125,176348.234375,161092.390625,255576.640625,230618.78125,200863.046875,168082.328125,275691.40625,220289.046875,263085.6875,271287.875,239063.0,229898.34375,251491.484375,246115.5625,216739.375,197708.421875,225340.671875,224794.484375,258961.078125,221333.703125,195498.8125,189085.484375,249154.890625,233176.15625,216218.671875,217791.15625,245877.65625,239532.375,228419.359375,245454.515625,207627.6875,216075.53125,241663.9375,243432.796875,227523.6875,233134.046875,213886.8125,201949.28125,228786.921875,199336.171875,236218.5625,231117.65625,229714.1875,223627.59375,204618.984375,212322.328125,208182.875,225878.828125,196418.59375,214424.109375,181773.703125,174685.875,236200.703125,242167.734375,232752.21875,251396.3125,241383.859375,257006.265625,274114.3125,275704.65625,257039.453125,260951.5625,250180.078125,261634.953125,213638.765625,208869.8125,185715.65625,185096.859375,217481.59375,212824.875,215307.265625,208200.640625,190707.28125,200146.0,213200.109375,193165.859375,203220.75,213827.65625,207130.109375,224860.578125,238106.34375,248456.0,207421.75,236245.109375,237329.109375,238452.796875,251596.875,248073.609375,209926.421875,209815.015625,225384.765625,221537.21875,150712.96875,176064.625,186228.125,199543.421875,211053.40625,213178.34375,249630.578125,245089.140625,241555.0,227858.546875,242146.0,236933.109375,238176.9375,222254.53125,262652.71875,254511.25,236459.890625,173520.21875,155543.40625,147781.84375,180659.71875,199416.84375,147766.1875,138306.875,279552.1875,260192.734375,149203.953125,154931.484375,244538.03125,238905.953125,175798.609375,199611.53125,202003.640625,198197.078125,285964.03125,253622.171875,222664.65625,248215.765625,242654.828125,255466.1875,279982.96875,287732.25,210788.0625,219047.171875
128,194039.796875,189442.609375,175599.6875,184802.15625,164775.640625,160842.984375,152707.75,161198.25,188527.921875,168086.40625,215537.34375,193402.78125,193602.34375,180090.921875,203912.171875,186215.6875,199158.515625,198706.265625,210951.171875,188391.984375,215599.21875,198476.90625,198561.703125,181405.265625,167673.65625,178879.90625,164519.15625,171170.453125,211602.5,214651.015625,217771.421875,204786.171875,200292.90625,204295.140625,191927.84375,175886.625,226573.328125,239652.140625,228807.875,235919.296875,200165.0625,189346.53125,180473.0,169318.796875,155159.109375,157665.609375,159961.421875,152178.9375,168484.953125,169815.53125,188488.875,196127.984375,188039.328125,200125.9375,173666.25,177636.390625,160499.8125,183625.625,141010.96875,142621.546875,224179.1875,236566.421875,214945.609375,219739.3125,193721.359375,189931.953125,179204.390625,178444.53125,190756.125,197183.15625,243036.078125,275113.90625,257384.71875,258645.015625,186640.640625,170869.125,257255.59375,222387.8125,211334.1875,215728.203125,161308.046875,175637.703125,182164.140625,173891.140625,202986.65625,208863.015625,221520.9375,219429.40625,153218.390625,197889.203125,216289.703125,184243.453125,171072.328125,158918.3125,185814.96875,169590.0,221664.203125,215090.359375,198889.84375,180824.703125,126322.2265625,127309.546875,202133.625,191634.71875,218832.984375,229569.859375,204942.65625,201472.484375,251456.109375,213983.484375,176402.03125,161271.234375,255455.03125,231406.015625,201296.046875,168028.453125,274738.625,220077.953125,262873.90625,271247.3125,238532.5625,229194.671875,251603.5625,246007.671875,216939.734375,198030.703125,225166.75,225176.359375,259123.765625,221634.609375,195539.78125,188970.703125,249185.59375,233629.34375,216258.546875,218039.09375,245971.4375,240204.25,228336.9375,245496.578125,207614.53125,216184.046875,241627.25,243547.4375,227336.53125,233309.640625,214150.875,202323.53125,228916.578125,199404.125,236246.015625,231234.1875,229608.25,223926.0625,204582.828125,212369.0625,208113.421875,225825.8125,196401.34375,214465.84375,181742.234375,174570.15625,235642.0,241252.65625,232424.125,251293.625,241013.734375,256170.1875,272844.6875,274548.5,256636.890625,260259.1875,249626.25,260530.265625,213482.03125,209045.078125,185438.578125,184860.9375,217278.96875,212676.484375,214330.765625,207729.796875,190644.203125,200240.96875,213058.421875,193076.71875,202842.0,213700.234375,207244.765625,224412.375,237793.34375,248424.890625,207774.890625,236140.375,237142.703125,238082.390625,250636.484375,247681.4375,209885.703125,210081.453125,225209.078125,221671.3125,150814.921875,176254.765625,186069.703125,199480.15625,211047.828125,213074.3125,249540.96875,245267.015625,240182.71875,227124.84375,242152.546875,236171.15625,239041.9375,222699.046875,263946.34375,254950.875,236354.09375,173695.046875,155660.84375,147339.140625,180490.046875,200593.578125,148092.765625,138305.984375,279751.65625,259739.328125,149271.828125,154821.703125,243520.046875,238056.71875,175725.890625,199595.84375,201527.03125,197804.1875,285187.3125,252373.5,222376.1875,247899.140625,242427.671875,255194.1875,279935.09375,287293.53125,210734.75,218705.828125
129,193708.703125,189282.359375,175221.375,185065.015625,165478.015625,161862.5,152472.71875,161137.875,188247.734375,167743.359375,215143.6875,193335.0625,193548.21875,180468.015625,204315.4375,186323.296875,198705.921875,198477.453125,211693.375,189052.125,215986.6875,199049.484375,198755.328125,182229.3125,167399.9375,178713.984375,164364.03125,172211.453125,211126.09375,214280.15625,217186.21875,204980.9375,200001.203125,204434.453125,191599.0,176221.828125,226220.953125,239580.90625,228048.03125,236464.796875,199595.328125,189232.390625,179993.796875,169282.5625,154726.109375,157228.203125,158734.921875,151568.640625,168052.546875,169439.640625,188236.375,195747.75,188171.484375,200411.234375,173752.625,177529.28125,160641.46875,183684.53125,141136.078125,142570.390625,223986.1875,236013.640625,214348.046875,219589.078125,193846.3125,189917.40625,179153.3125,178308.953125,189379.265625,196573.234375,243051.359375,275906.75,257744.59375,258454.4375,186901.046875,170770.34375,258055.984375,222877.765625,211553.53125,215518.6875,161101.921875,175720.453125,182227.296875,173570.859375,203193.59375,208654.84375,221685.71875,219044.765625,154264.9375,198645.578125,216195.15625,184329.421875,170811.234375,158903.984375,186268.34375,170330.21875,222239.46875,215517.609375,198500.34375,180774.984375,126724.921875,127324.6796875,202472.359375,191134.109375,218547.375,229588.46875,205039.921875,201363.390625,251158.75,214553.8125,177071.5625,160942.234375,255743.140625,231346.84375,200505.34375,168746.6875,272532.75,219627.953125,262886.03125,271854.375,238875.046875,228876.28125,251838.203125,245166.109375,216221.203125,197980.0625,224497.390625,225022.328125,259217.796875,221705.59375,195585.125,189103.265625,248997.125,233512.390625,216128.140625,218157.953125,245057.828125,239973.328125,228122.046875,245480.828125,207121.75,215934.65625,241417.1875,243157.921875,227245.8125,233320.3125,213760.171875,201896.859375,228995.15625,199361.984375,236124.625,231160.859375,229295.625,223891.546875,204833.25,212316.015625,208124.375,225535.3125,196514.875,214439.3125,181779.515625,174671.921875,235786.1875,241737.03125,232581.734375,253178.75,240686.65625,256060.0,272586.46875,275858.28125,256225.6875,260306.5,249025.46875,260298.125,212871.546875,208506.171875,184981.21875,184427.890625,216285.359375,212231.328125,213857.8125,207548.90625,190046.0,199665.8125,212522.578125,192653.5625,202261.046875,213154.765625,207331.65625,223915.015625,236631.296875,247171.890625,206972.78125,234837.28125,236615.046875,237783.984375,250034.96875,246859.890625,210524.484375,210729.0625,225855.515625,222425.9375,151249.359375,176824.671875,186635.21875,199937.859375,210986.671875,213071.875,249309.21875,245602.546875,240327.21875,227663.046875,242485.65625,236494.3125,239426.03125,223160.359375,263755.34375,255147.171875,236365.875,173751.34375,155681.890625,146874.0,180503.703125,201326.859375,148172.90625,138236.1875,279737.59375,259366.328125,149132.578125,154691.59375,243592.765625,237634.078125,175517.4375,199577.71875,201336.375,197647.78125,284741.78125,252545.71875,221784.859375,247567.71875,241696.109375,254813.875,278966.90625,286830.40625,210957.6875,218223.6875
130,192948.6875,188628.140625,174742.390625,184810.71875,165681.046875,162006.3125,152244.328125,161037.625,187758.0625,167185.796875,214593.90625,192745.109375,193331.265625,180584.390625,204126.453125,185771.25,198183.625,198056.3125,211813.640625,188960.234375,215763.125,199000.53125,198436.484375,182279.28125,167133.1875,178246.078125,164717.125,173154.859375,210941.59375,213827.125,216808.265625,204950.5,200207.140625,204674.609375,191517.265625,176763.671875,226447.53125,239988.140625,227644.734375,236387.96875,199503.984375,189178.765625,180342.1875,169539.890625,154774.25,157367.5,158816.53125,151706.1875,168420.546875,169791.734375,188674.03125,196259.21875,187942.421875,200322.09375,173677.234375,177113.765625,160740.28125,183662.078125,141074.015625,142496.421875,224036.453125,235783.140625,213954.703125,219277.78125,193723.09375,189737.390625,178980.09375,178131.171875,189435.453125,196854.125,242752.90625,275908.8125,257792.96875,258603.328125,187006.703125,170841.171875,258552.109375,222995.3125,211669.375,215490.0,161515.09375,175606.09375,182554.90625,174082.1875,203140.96875,208413.625,222179.921875,218885.46875,155142.640625,199059.28125,216529.28125,184396.859375,170990.671875,159392.4375,186940.046875,170914.234375,222866.953125,215696.671875,198478.453125,181102.8125,127421.7421875,127532.0,203240.640625,191677.5625,218848.46875,229719.25,205368.140625,201493.5625,251594.40625,215230.46875,177464.171875,161021.609375,256182.171875,230768.578125,200353.609375,169895.984375,272894.9375,220094.671875,263405.6875,271400.0625,239363.0,229480.75,251705.734375,245264.109375,215976.609375,198181.25,224576.640625,225209.15625,259119.625,221731.203125,195719.609375,189244.640625,249120.578125,233518.859375,216202.84375,218119.515625,244454.3125,239448.9375,227920.15625,245578.6875,206698.75,215438.296875,240908.5625,242661.5,227079.421875,232955.875,213155.234375,201515.4375,228826.0,199255.203125,235923.75,231041.140625,228797.6875,223290.109375,204951.015625,212197.1875,208322.03125,225237.109375,196553.734375,214352.203125,181957.3125,174710.328125,235875.921875,241852.359375,232398.859375,253226.890625,240478.046875,256676.796875,272322.65625,276237.09375,256409.140625,260062.890625,249121.390625,260751.46875,212203.640625,207384.8125,184598.953125,184316.953125,215733.484375,211744.546875,213842.203125,206981.46875,189382.0625,198584.1875,212025.390625,192046.9375,202173.09375,212732.546875,207549.09375,223834.703125,235369.625,245762.46875,205724.1875,233975.859375,236691.734375,237987.015625,249942.28125,246246.53125,211321.375,211401.03125,226436.28125,222924.578125,151663.234375,177358.0,187307.6875,200659.953125,210908.296875,213659.1875,249604.921875,246091.1875,242135.5,228825.296875,243057.0625,237141.546875,239161.21875,223575.859375,262489.9375,254975.859375,236750.0,173801.484375,155829.21875,146831.390625,180962.28125,200548.6875,148352.4375,138347.921875,279483.5,259426.515625,149306.265625,154629.671875,243576.03125,238342.84375,175488.609375,199433.625,201422.359375,197903.390625,285364.71875,253194.453125,221649.3125,247943.1875,241686.109375,255027.78125,278816.21875,287506.15625,210747.4375,218200.5625
131,192541.75,187940.53125,174610.859375,184333.40625,165164.09375,161090.5625,152315.53125,160918.546875,187729.53125,167000.046875,214306.03125,192252.453125,193193.734375,180445.6875,203597.390625,185180.296875,197985.0625,197762.109375,211259.03125,188468.875,215199.15625,198493.390625,198092.734375,181294.59375,167141.390625,177861.859375,164929.328125,173513.71875,210857.796875,213629.984375,216916.125,204685.890625,200414.90625,204643.640625,191553.671875,176861.375,226594.765625,240096.734375,227763.953125,235476.390625,199988.671875,189292.71875,180735.03125,169728.1875,155221.984375,157920.359375,160038.8125,152071.015625,168811.203125,170308.609375,189018.484375,196655.40625,187963.921875,200374.53125,173867.65625,177025.84375,160933.953125,183716.5,141036.984375,142637.765625,223856.515625,236254.203125,214001.390625,219139.8125,193671.390625,189633.125,179069.140625,178317.6875,190504.015625,197743.5,242871.390625,275236.96875,257478.90625,258767.296875,187205.265625,170825.984375,258445.203125,223164.375,211874.828125,215604.671875,161914.046875,175619.578125,182655.265625,174769.171875,203288.09375,208675.046875,222565.390625,219194.0625,154799.328125,199039.265625,216791.203125,184574.609375,171439.328125,159993.625,187100.421875,170908.90625,223057.53125,215787.515625,198635.4375,181547.625,127518.0234375,127847.984375,203302.5625,192531.953125,219241.015625,229817.578125,205439.109375,201790.90625,252115.84375,215607.4375,177833.953125,162248.265625,256418.53125,231042.96875,201649.265625,170313.796875,274680.375,220927.859375,263857.03125,271337.125,239361.46875,230082.546875,251975.265625,246050.0,216320.484375,198232.609375,224980.640625,225329.375,259122.140625,221995.0625,195764.84375,189202.265625,249353.171875,233779.375,216483.109375,218099.546875,244657.09375,239040.84375,227949.78125,245549.703125,206680.40625,215028.328125,240757.5,242533.15625,226978.296875,232610.15625,213123.375,201844.953125,228634.4375,199236.984375,235864.3125,231112.9375,228590.125,222999.90625,205209.8125,212466.09375,208553.796875,225257.953125,196597.625,214440.65625,182134.375,174777.171875,235799.96875,241408.015625,232469.96875,253473.9375,240561.296875,256715.703125,272934.9375,275860.21875,256745.59375,260349.3125,249376.8125,261185.484375,211981.65625,206902.96875,184686.71875,184523.8125,215932.328125,211497.0625,213698.890625,206208.84375,189387.546875,198364.78125,212194.25,191731.734375,202474.90625,212816.046875,207903.5625,223936.375,235168.921875,245547.875,205253.890625,234337.46875,237462.265625,238486.609375,249954.3125,246342.9375,211295.828125,211412.46875,226524.296875,222722.359375,151704.59375,177455.671875,187260.390625,200630.09375,211151.703125,214163.96875,250130.9375,246140.328125,242659.421875,229256.90625,243661.8125,237314.609375,239639.734375,223921.0,262880.15625,255107.6875,236985.046875,173677.546875,155758.390625,147083.75,181007.15625,200393.984375,148242.078125,138248.890625,279167.65625,259549.984375,149400.265625,154708.3125,243724.359375,238676.625,175361.3125,199073.359375,201367.828125,197912.0,286159.78125,254142.8125,221822.578125,247950.140625,242055.578125,255015.859375,279163.40625,287477.375,210500.5,218456.53125
132,192871.890625,187795.734375,174735.328125,184169.375,164855.71875,160646.46875,152665.21875,160907.3125,188047.625,167203.40625,214338.734375,192354.046875,193183.421875,180452.40625,203414.71875,185001.09375,198118.625,197529.453125,211038.328125,188282.640625,214938.4375,197975.640625,198240.890625,180486.796875,167395.890625,177705.0625,164553.3125,173444.3125,210695.796875,213400.46875,216946.453125,204037.953125,200355.234375,204034.84375,191220.0625,176034.921875,226663.953125,239723.71875,228229.46875,234566.046875,200673.953125,189794.96875,180533.3125,169491.03125,155477.578125,158099.078125,160869.953125,152051.0625,169114.078125,170654.265625,188708.6875,196103.046875,188427.890625,200694.046875,174235.28125,177152.90625,161175.515625,183993.28125,141090.28125,142850.140625,223711.015625,236583.265625,214329.171875,218900.03125,193796.296875,189811.671875,179324.140625,178631.375,191016.8125,197975.78125,243957.65625,275705.65625,258461.84375,259122.09375,187975.421875,170803.65625,259525.609375,223812.359375,212640.65625,215725.8125,162101.71875,175851.34375,182797.5625,175173.90625,203957.140625,209185.34375,223089.4375,219725.046875,154252.671875,199197.0,216811.953125,184376.921875,171707.40625,160293.390625,187173.921875,170734.734375,223263.859375,216022.03125,198871.6875,181568.953125,127259.9609375,128019.515625,203081.609375,192752.140625,219186.984375,229825.75,205219.921875,201744.671875,252442.015625,216012.921875,178440.296875,163630.640625,256747.78125,232056.09375,202726.8125,169675.953125,274706.3125,220985.859375,264257.4375,273648.15625,239468.234375,230039.09375,252785.5625,246154.03125,216330.125,197781.875,224680.921875,224441.984375,259323.640625,222200.78125,195739.046875,189158.46875,249147.390625,233564.34375,216507.484375,218159.234375,244739.828125,238136.4375,228248.0625,245101.015625,206768.984375,214405.125,241010.640625,242552.671875,227275.0625,232551.578125,213460.375,202031.578125,228677.421875,199215.0,235802.375,231294.828125,228775.8125,223251.15625,205871.265625,212942.921875,208670.0625,225485.46875,196908.71875,214696.59375,182227.359375,175081.1875,236311.46875,241913.71875,233902.5625,256172.703125,241489.6875,256373.59375,275615.0625,277307.375,257069.765625,261658.421875,249625.4375,261738.625,212096.828125,207209.609375,184929.078125,184652.03125,216125.953125,211536.734375,213683.921875,206174.0625,189750.78125,198880.5625,212604.546875,191729.453125,203004.5,213215.578125,207762.765625,223609.84375,235637.09375,246056.359375,205371.921875,234856.9375,237911.78125,238714.6875,250171.015625,247143.28125,210464.125,210624.890625,226572.0625,222491.765625,151351.796875,177056.015625,186825.953125,199974.59375,211450.734375,213840.859375,249768.71875,245365.1875,241273.3125,229165.578125,243788.484375,237482.65625,240632.984375,224160.078125,264325.875,255654.953125,236712.265625,173424.984375,155437.046875,147086.234375,180637.515625,201412.390625,147786.625,137840.671875,278802.25,259349.4375,149141.3125,154716.59375,244537.828125,238106.078125,174758.890625,198821.796875,201012.0,197371.265625,286317.0625,255596.328125,221404.625,247085.1875,241916.671875,254100.953125,278283.0625,285991.1875,210373.953125,218214.828125
133,193203.0,187920.359375,174749.140625,184081.125,164820.34375,160887.890625,152909.125,160910.40625,188268.90625,167346.296875,214483.265625,192652.5625,193295.9375,180556.421875,203496.546875,184902.171875,198331.0625,197534.671875,211268.65625,188195.203125,214874.703125,197484.71875,198309.296875,180409.375,167654.890625,177636.25,164317.125,172853.0625,210740.734375,213293.015625,216914.6875,203414.015625,200254.890625,203246.359375,190877.671875,175054.109375,226776.890625,238971.828125,228550.6875,233760.625,200988.890625,190276.421875,180412.046875,169048.671875,155569.03125,157866.3125,160896.140625,152148.0,169600.84375,170931.125,188474.75,195541.59375,188803.78125,200778.171875,174362.25,177044.0,161409.5625,184392.890625,141237.921875,142946.03125,223958.75,235769.59375,214692.484375,218500.421875,194060.109375,190110.984375,179466.75,178819.09375,191495.1875,198388.46875,244307.359375,276298.90625,259040.078125,259142.765625,188427.21875,170869.484375,260302.953125,224015.71875,213036.203125,215902.015625,162196.15625,175901.8125,183312.8125,175611.1875,204248.390625,209193.421875,223460.828125,220050.34375,154305.09375,199062.265625,216563.28125,183423.890625,172034.359375,160392.578125,187408.890625,170760.046875,223022.140625,215827.421875,199141.171875,181291.828125,127238.109375,127838.2890625,203565.5625,192664.921875,219129.578125,230092.375,205227.0,201316.296875,253020.03125,216271.328125,178742.171875,163870.328125,257307.421875,233204.171875,203105.09375,169233.765625,274632.0,221312.34375,264711.78125,275475.5,239729.53125,229812.125,253120.71875,245432.390625,216406.4375,197683.9375,224463.421875,223568.46875,259539.8125,222185.765625,195924.703125,189344.90625,248928.625,233145.3125,216502.53125,218241.046875,244838.71875,237583.25,228529.40625,244717.765625,206904.75,214090.421875,241423.140625,242492.890625,227577.484375,232357.796875,213956.1875,201949.640625,229018.125,199365.5625,236316.015625,231760.890625,229452.5,223946.921875,206565.890625,213308.921875,208731.21875,225449.015625,197495.765625,215054.671875,182330.90625,175409.8125,236580.078125,242226.625,234382.09375,255702.1875,241776.09375,256092.59375,276225.1875,277396.96875,257309.375,261335.84375,249475.34375,261305.8125,212595.140625,207955.03125,185135.265625,184750.46875,216211.265625,211747.328125,214370.0625,207353.78125,189844.96875,199036.046875,212640.859375,192068.203125,203600.5,213602.84375,206920.359375,222984.96875,236585.6875,247123.5625,205719.0625,235305.21875,238062.703125,238963.359375,251330.484375,248535.125,209862.625,209793.984375,226351.453125,222222.859375,150957.15625,176424.203125,186407.65625,199130.359375,211801.328125,213371.953125,249172.71875,244604.875,241410.078125,228741.59375,243446.40625,237526.65625,241169.578125,224423.796875,264181.09375,255978.34375,236492.90625,173329.734375,155418.96875,146786.90625,180607.328125,201434.34375,147655.3125,137604.09375,278726.25,259077.90625,148966.171875,154637.1875,244007.46875,237534.578125,174485.3125,198896.96875,200836.984375,197078.375,285457.0625,254992.484375,220906.796875,246537.46875,241421.75,253149.0,277230.15625,285801.75,210022.484375,217684.828125
134,193232.421875,188124.234375,174813.59375,184062.921875,164800.203125,161044.375,152827.328125,160832.0625,188297.46875,167375.53125,214736.265625,192858.0625,193436.15625,180464.734375,203568.078125,184945.4375,198446.875,197796.0625,211335.71875,188097.328125,214775.921875,197334.921875,198161.921875,180641.5625,167587.703125,177673.328125,164374.34375,171952.984375,211054.84375,213551.546875,217015.6875,203541.15625,200358.15625,203220.6875,191016.015625,175029.0625,226778.484375,238721.234375,228545.203125,233810.875,200775.390625,190174.203125,180502.125,168898.640625,155474.875,157665.90625,160657.703125,152435.3125,169687.15625,170960.34375,188499.125,195555.8125,188704.6875,200604.234375,174177.515625,176956.65625,161423.53125,184464.625,141265.421875,142905.234375,224119.375,235324.09375,214690.765625,218534.90625,194169.203125,190183.046875,179438.3125,178806.90625,191680.546875,198755.609375,243660.578125,275940.96875,258385.71875,259032.390625,188137.328125,170950.53125,259702.703125,223604.734375,212676.03125,216012.328125,162177.78125,175835.75,183536.234375,175603.25,203967.875,208919.46875,223253.0,220080.46875,154408.671875,198531.640625,216317.71875,182677.390625,172160.703125,160070.171875,187354.65625,170592.796875,222356.75,215269.625,199143.0,181016.8125,127218.7421875,127379.9609375,203897.953125,192420.46875,219222.109375,230283.265625,205355.90625,201043.296875,253224.03125,215942.78125,178418.578125,163029.640625,257317.328125,233317.109375,202810.484375,169275.71875,275310.875,221675.546875,264627.875,274782.09375,239671.359375,229805.875,252822.046875,245043.25,216674.890625,197925.75,224733.234375,223681.375,259500.453125,222004.390625,196048.046875,189489.984375,248991.21875,233050.953125,216571.625,218213.171875,245110.265625,238067.375,228430.4375,244712.875,207069.796875,214601.9375,241844.09375,242663.703125,227542.34375,232227.1875,214234.09375,201957.15625,229239.078125,199562.484375,236999.90625,232094.625,230077.046875,224488.984375,206484.859375,213318.359375,208680.625,225391.015625,197615.171875,215135.125,182329.9375,175374.78125,236280.6875,241935.171875,233346.203125,252787.328125,241072.171875,256093.5625,274418.5625,275989.90625,257229.28125,260288.203125,249194.265625,260661.5,213141.71875,208559.796875,185327.875,184891.34375,216411.90625,211962.171875,214982.609375,208320.484375,189813.4375,199048.984375,212574.96875,192503.109375,203676.609375,213690.9375,206497.484375,223013.84375,237533.4375,248102.296875,206196.328125,235632.015625,238187.796875,239222.859375,252306.671875,249211.4375,209935.125,209648.953125,225928.625,221861.421875,150850.359375,176097.703125,186223.953125,198721.328125,212026.734375,213305.8125,249337.671875,244552.125,242691.09375,228356.0,243142.5,237344.703125,240793.140625,224271.765625,263110.625,255763.0625,236634.265625,173428.171875,155576.015625,146779.796875,180790.5,200637.421875,147810.234375,137724.40625,279056.125,259200.984375,148992.25,154654.875,243029.609375,237561.71875,174900.09375,199141.203125,201107.40625,197355.328125,284892.40625,253236.5625,221159.96875,246792.9375,241207.4375,253152.875,277601.375,286893.5,209983.1875,217684.4375
135,193417.4375,188721.75,175245.4375,184466.109375,165085.90625,161033.078125,152542.953125,160820.203125,188162.28125,167558.46875,215258.125,193184.484375,193471.203125,180174.46875,203731.75,185439.828125,198588.9375,197899.734375,211054.859375,188179.203125,214800.34375,197666.9375,198385.140625,180780.203125,167160.9375,177874.1875,164353.875,171178.890625,211360.046875,213739.015625,217034.796875,204269.703125,200824.53125,204271.390625,191449.265625,175938.5,226863.59375,239808.875,228734.875,235355.265625,200454.640625,189670.375,180551.890625,169296.546875,155175.6875,157806.296875,160489.34375,152558.765625,169259.171875,170697.296875,188496.921875,195883.5,188245.984375,200498.109375,173853.65625,177238.6875,160926.90625,183951.234375,140887.03125,142706.390625,224025.34375,236558.3125,214275.5,219104.328125,193877.1875,189985.328125,179289.046875,178526.03125,190888.109375,197687.890625,243652.0625,275759.96875,258575.1875,259746.546875,187905.171875,171148.78125,259737.921875,223672.875,212478.4375,216086.5,162231.953125,176088.5625,183212.125,174746.6875,203846.078125,208947.390625,222847.59375,220130.4375,154232.546875,198302.515625,216407.046875,183103.59375,171440.0,159180.015625,187106.015625,170036.328125,222041.953125,215072.75,198884.328125,180738.625,127023.09375,126977.3203125,203044.1875,191773.796875,219110.1875,229740.609375,205181.234375,201141.53125,252237.4375,214833.4375,177495.34375,161762.5625,256261.609375,231410.671875,201280.59375,168767.140625,275058.46875,220146.671875,263559.53125,273001.53125,239522.75,229938.921875,252554.625,245624.828125,216536.0,197654.359375,224694.96875,224084.015625,258931.484375,221488.015625,195700.578125,189341.28125,248889.40625,232891.515625,216247.0625,217887.21875,244778.234375,238416.03125,227823.546875,244545.859375,207079.140625,215298.984375,242032.75,243246.0625,227515.890625,232698.515625,213689.296875,201557.09375,229017.734375,199335.109375,236527.109375,231472.984375,229846.734375,224058.390625,205442.625,212913.484375,208483.90625,225717.46875,196709.890625,214612.484375,182076.9375,174945.21875,236438.34375,242588.703125,233240.421875,254550.609375,241091.4375,256783.375,274718.5625,277472.75,256947.75,261525.9375,249833.296875,261715.40625,213107.25,208375.703125,185330.9375,184899.21875,216795.0625,212157.703125,214771.359375,207864.90625,190016.125,199547.15625,212705.703125,192568.765625,203018.28125,213413.9375,207284.09375,224063.75,237323.015625,247574.96875,206394.359375,235237.21875,237699.109375,238747.515625,251376.609375,247974.875,210250.125,209961.0625,225876.484375,221721.59375,151006.28125,176355.34375,186474.5625,199317.4375,211643.578125,213136.359375,249748.0,244617.1875,242111.171875,228970.375,243059.4375,237511.15625,239323.3125,223297.625,263109.0625,255230.375,236706.640625,173645.453125,155497.75,147220.9375,180737.875,200882.859375,147878.578125,138121.328125,279403.96875,259817.84375,149052.890625,154733.796875,243398.546875,237725.265625,175349.03125,199259.921875,201509.859375,197826.484375,285540.75,252465.875,221805.171875,247511.734375,241564.421875,254224.734375,278884.6875,287086.03125,210510.703125,218195.171875
