time,ROI_001,ROI_002,ROI_003,ROI_004,ROI_005,ROI_006,ROI_007,ROI_008,ROI_009,ROI_010,ROI_011,ROI_012,ROI_013,ROI_014,ROI_015,ROI_016,ROI_017,ROI_018,ROI_019,ROI_020,ROI_021,ROI_022,ROI_023,ROI_024,ROI_025,ROI_026,ROI_027,ROI_028,ROI_029,ROI_030,ROI_031,ROI_032,ROI_033,ROI_034,ROI_035,ROI_036,ROI_037,ROI_038,ROI_039,ROI_040,ROI_041,ROI_042,ROI_043,ROI_044,ROI_045,ROI_046,ROI_047,ROI_048,ROI_049,ROI_050,ROI_051,ROI_052,ROI_053,ROI_054,ROI_055,ROI_056,ROI_057,ROI_058,ROI_059,ROI_060,ROI_061,ROI_062,ROI_063,ROI_064,ROI_065,ROI_066,ROI_067,ROI_068,ROI_069,ROI_070,ROI_071,ROI_072,ROI_073,ROI_074,ROI_075,ROI_076,ROI_077,ROI_078,ROI_079,ROI_080,ROI_081,ROI_082,ROI_083,ROI_084,ROI_085,ROI_086,ROI_087,ROI_088,ROI_089,ROI_090,ROI_091,ROI_092,ROI_093,ROI_094,ROI_095,ROI_096,ROI_097,ROI_098,ROI_099,ROI_100,ROI_101,ROI_102,ROI_103,ROI_104,ROI_105,ROI_106,ROI_107,ROI_108,ROI_109,ROI_110,ROI_111,ROI_112,ROI_113,ROI_114,ROI_115,ROI_116,ROI_117,ROI_118,ROI_119,ROI_120,ROI_121,ROI_122,ROI_123,ROI_124,ROI_125,ROI_126,ROI_127,ROI_128,ROI_129,ROI_130,ROI_131,ROI_132,ROI_133,ROI_134,ROI_135,ROI_136,ROI_137,ROI_138,ROI_139,ROI_140,ROI_141,ROI_142,ROI_143,ROI_144,ROI_145,ROI_146,ROI_147,ROI_148,ROI_149,ROI_150,ROI_151,ROI_152,ROI_153,ROI_154,ROI_155,ROI_156,ROI_157,ROI_158,ROI_159,ROI_160,ROI_161,ROI_162,ROI_163,ROI_164,ROI_165,ROI_166,ROI_167,ROI_168,ROI_169,ROI_170,ROI_171,ROI_172,ROI_173,ROI_174,ROI_175,ROI_176,ROI_177,ROI_178,ROI_179,ROI_180,ROI_181,ROI_182,ROI_183,ROI_184,ROI_185,ROI_186,ROI_187,ROI_188,ROI_189,ROI_190,ROI_191,ROI_192,ROI_193,ROI_194,ROI_195,ROI_196,ROI_197,ROI_198,ROI_199,ROI_200,ROI_201,ROI_202,ROI_203,ROI_204,ROI_205,ROI_206,ROI_207,ROI_208,ROI_209,ROI_210,ROI_211,ROI_212,ROI_213,ROI_214,ROI_215,ROI_216,ROI_217,ROI_218,ROI_219,ROI_220,ROI_221,ROI_222,ROI_223,ROI_224,ROI_225,ROI_226,ROI_227,ROI_228,ROI_229,ROI_230,ROI_231,ROI_232,ROI_233,ROI_234,ROI_235,ROI_236,ROI_237,ROI_238,ROI_239,ROI_240,ROI_241,ROI_242,ROI_243,ROI_244,ROI_245,ROI_246
1,1540930.875,1452992.875,1241834.125,1340468.75,1120080.75,1101415.75,1473078.25,1277070.625,1462268.75,1363661.0,1526643.375,1408297.5,1319712.5,1221279.875,1228182.5,1341863.75,1337044.375,1402245.625,1102597.875,1223556.625,1208689.125,1256357.5,1390842.0,1252078.125,1414424.25,1370048.125,1045373.3125,1115365.25,1413568.125,1498506.875,1241193.875,1327962.625,1230873.625,1194133.5,1078681.125,1029064.0625,1182117.0,1324854.75,1190465.625,1523192.75,1266021.875,1242231.625,1061962.375,1092986.0,935272.25,938475.75,1056079.375,1074177.25,1097729.0,1070461.125,1132183.0,1219817.875,1194808.625,1170947.625,1402381.0,1505347.625,1405783.25,1320160.75,1210829.25,1444447.125,1188403.75,1276142.375,1372968.5,1498770.125,1428733.0,1406427.5,1584892.875,1490470.375,1089032.375,1110959.0,1200878.75,1379393.25,1257691.25,1369933.75,1050943.5,993592.0,1478650.125,1312286.75,1273537.875,1450686.375,893113.5,1028474.1875,1111349.125,1065809.25,1065694.75,1194326.875,1330952.75,1355778.0,1136591.625,1162859.375,1186142.75,1272866.25,1075435.0,964419.9375,1190133.875,1155161.75,1182893.5,1332298.375,1136933.125,1227005.875,873308.125,900793.375,1174624.0,1085752.5,1555656.25,1515636.125,1186212.0,1321831.125,1115072.125,1139157.0,1154855.25,1150748.75,1392770.5,1367371.25,1048377.0625,1038643.5625,1126462.125,983304.3125,1502439.875,1539185.25,1417921.875,1501059.375,1370738.375,1426881.125,1337033.625,1517104.375,1453094.125,1561103.875,1499824.0,1538892.375,1658003.75,1535448.75,1596209.125,1647049.375,1236070.375,1326352.5,1540886.25,1583930.0,1347205.5,1495629.5,1185682.375,1294226.625,1305140.625,1368123.375,1221720.875,1303309.25,1620189.875,1632316.5,1615669.125,1600659.0,1550000.0,1566604.0,1653843.5,1704892.5,1221261.375,1316518.25,1163676.125,1271120.375,1318499.25,1418090.0,1564296.5,1526107.625,1280042.25,1378968.75,1322471.25,1421340.0,1223964.625,1367937.875,1487861.25,1539225.25,1237271.875,1307157.875,1204164.125,1263955.0,1712030.75,1694065.125,1371625.625,1351683.625,1365396.375,1394560.25,1408360.125,1441992.75,1565160.5,1674565.5,1602324.0,1542525.0,1311311.125,1270926.25,1577955.0,1439549.625,1581830.5,1600185.5,1375444.625,1485778.875,1684334.75,1602072.375,1622241.25,1657418.875,1296416.75,1322495.0,1260135.625,1288370.75,1026985.6875,1146686.875,1165397.5,1270740.875,1334409.5,1425935.375,1578958.25,1606662.5,928960.1875,900109.625,1117055.0,1073985.125,1157708.0,1093087.375,1387044.875,1387750.375,1505624.75,1307177.0,1199698.375,1177779.25,1246690.75,1257666.875,1205798.875,1194310.375,1649263.5,1487913.75,1218303.5,1234936.625,1630474.125,1676209.75,1286933.125,1340893.625,1475675.625,1373603.25,1808376.75,1569831.0,1733963.75,1728727.125,1693423.375,1831612.0,2092458.125,1928180.875,1417542.5,1608409.75
2,1542620.875,1454323.0,1238567.0,1335552.875,1116317.625,1100122.0,1477939.5,1279551.75,1464772.25,1363550.0,1519200.375,1402584.875,1322676.0,1220165.0,1222740.75,1336262.875,1335109.375,1400151.5,1108310.0,1225349.625,1208860.5,1260783.125,1386453.875,1250059.875,1415251.125,1369988.25,1065314.0,1128735.0,1408654.375,1497711.0,1239326.0,1329270.25,1225490.375,1198469.625,1088247.125,1033474.5,1180344.625,1322134.875,1186635.125,1523660.375,1271733.875,1241158.375,1070543.0,1098376.375,940209.0,942800.3125,1061512.125,1077331.875,1095783.125,1069929.375,1141383.0,1220880.125,1193153.5,1169077.5,1403484.75,1504886.375,1408245.5,1320349.375,1217130.625,1449304.625,1185543.0,1275331.5,1368153.625,1495295.0,1430790.125,1408604.75,1591078.875,1492772.875,1091324.75,1116105.0,1200532.5,1377603.0,1256258.875,1371716.625,1050720.875,997131.6875,1477230.625,1313466.625,1271877.25,1453318.5,896102.625,1027342.4375,1113891.5,1069816.75,1068312.5,1196912.5,1334478.125,1358659.75,1139158.0,1167575.625,1184794.75,1276044.25,1079080.125,969474.0625,1193703.625,1157263.25,1184284.375,1338858.375,1140296.375,1231459.125,875963.875,904016.0,1176904.875,1089355.0,1559274.125,1514561.5,1186819.375,1321978.0,1116682.125,1140327.125,1160521.75,1153848.5,1395893.875,1371940.0,1053454.125,1040002.25,1121649.375,990628.125,1513424.625,1558155.375,1420947.75,1501000.25,1371737.875,1423105.0,1338572.375,1522467.125,1449595.25,1558413.75,1500943.5,1541508.5,1662490.0,1539602.125,1594579.75,1650721.875,1231886.625,1325339.0,1540209.125,1586749.625,1344760.75,1491904.125,1183225.125,1290266.875,1304279.875,1368811.25,1218631.125,1300882.875,1620756.0,1630339.0,1613108.125,1598614.0,1546387.5,1564270.25,1652298.125,1699522.0,1221243.375,1315642.25,1161908.0,1271148.75,1317592.25,1414869.5,1571744.375,1532225.5,1280645.875,1375262.0,1323462.0,1422401.0,1224212.625,1363660.625,1484967.875,1537152.875,1237516.625,1307373.5,1201616.0,1261647.125,1709320.875,1692097.75,1368992.0,1350161.875,1360111.625,1388469.875,1409520.875,1442201.875,1561058.625,1668464.375,1598446.5,1537797.25,1312214.125,1270721.125,1571612.125,1433160.375,1577302.625,1597551.375,1365752.875,1478494.375,1684856.75,1599353.75,1616035.125,1656086.625,1288311.75,1315305.75,1257296.25,1287545.25,1019593.8125,1141769.125,1161686.25,1267565.625,1329172.125,1426018.875,1574786.25,1601782.75,929661.8125,900404.0,1118467.625,1075628.125,1157962.5,1093581.75,1389699.625,1390359.75,1503526.5,1303385.75,1199773.625,1176808.5,1238785.25,1252717.25,1206548.0,1191586.875,1652546.375,1491773.25,1218876.875,1231423.625,1629228.25,1672749.125,1286852.625,1338924.75,1476400.0,1372760.875,1811017.25,1572514.875,1733263.25,1730054.5,1699609.5,1834760.75,2096551.5,1930098.75,1417019.875,1602666.0
3,1543657.875,1455399.125,1238983.25,1335027.75,1118761.25,1101795.375,1477161.875,1280105.5,1464762.75,1364434.5,1520617.0,1403328.875,1325963.5,1221932.875,1223664.375,1336982.75,1333975.5,1399272.5,1113956.25,1229710.5,1212250.75,1264323.375,1387057.125,1250672.75,1417327.375,1370430.5,1073151.125,1132270.625,1408011.0,1497596.875,1239669.625,1333346.625,1225242.5,1200451.75,1090270.25,1036032.8125,1179595.875,1323273.75,1184230.875,1525608.875,1276697.875,1244090.375,1067156.25,1093630.375,940649.0,942199.0,1061822.125,1077181.5,1096864.875,1070055.75,1142512.125,1218583.0,1193181.25,1169468.625,1404580.625,1505332.75,1408422.75,1320707.625,1216779.375,1448204.25,1186895.375,1276704.75,1366500.5,1494822.5,1429884.875,1407352.75,1591090.875,1491991.0,1087877.75,1112886.125,1200105.875,1376062.625,1255710.0,1372204.75,1050602.25,997311.125,1472926.125,1312676.625,1271598.0,1453996.5,894223.4375,1029153.9375,1112354.375,1067379.5,1066451.0,1195889.875,1334161.375,1357812.25,1139449.125,1169426.75,1184293.625,1278037.25,1076948.25,969595.75,1193790.5,1157898.25,1183280.5,1338454.0,1138154.375,1233687.375,874957.375,905787.125,1176293.875,1089964.625,1556123.25,1514614.0,1186376.5,1322716.5,1116175.5,1140143.75,1161171.0,1155647.125,1395977.875,1369924.625,1053449.125,1036387.4375,1124322.75,984899.375,1511291.5,1550883.375,1420517.375,1500343.25,1371457.875,1421683.875,1334040.375,1517703.625,1446943.0,1557672.125,1499692.625,1540383.375,1660659.75,1535988.75,1594014.125,1649570.5,1231133.625,1325309.0,1538209.875,1585601.875,1345846.0,1492923.0,1183193.0,1290057.5,1301567.25,1368773.0,1218904.25,1300706.375,1613424.25,1622556.875,1611139.5,1596244.0,1546329.375,1563842.25,1651464.0,1699456.125,1221667.5,1316175.25,1161675.625,1271689.5,1319315.25,1415391.5,1569855.5,1529441.125,1280645.125,1376162.125,1322595.375,1420916.125,1223772.75,1365049.0,1483325.875,1536853.25,1238386.125,1308387.5,1202123.25,1262674.625,1709550.125,1691922.375,1369740.0,1351002.5,1362107.875,1390704.0,1409771.0,1440805.125,1562601.25,1669624.0,1599389.625,1538749.75,1313954.875,1271820.25,1570685.875,1429744.875,1575958.25,1595963.125,1365657.875,1474039.25,1683825.25,1598798.625,1617471.875,1656107.25,1289517.375,1316525.75,1257228.75,1289066.25,1021582.5625,1143394.5,1161326.375,1269264.625,1326412.0,1421570.5,1573444.375,1603440.5,929455.6875,900745.9375,1118430.125,1075211.0,1158334.625,1093771.5,1389534.125,1389091.25,1503427.375,1304037.0,1198756.875,1176292.25,1240700.375,1254994.875,1205730.625,1189972.875,1649585.75,1490760.875,1219240.625,1231162.625,1626366.75,1670774.5,1284681.5,1338302.375,1476239.875,1372805.25,1810785.5,1569406.375,1733316.875,1729819.125,1696789.75,1832718.25,2097676.75,1929856.0,1415513.125,1603495.125
4,1541429.125,1454897.375,1239456.25,1336929.25,1120853.875,1102135.75,1473601.125,1277674.0,1461381.25,1364419.5,1524353.875,1405768.625,1323376.25,1222005.75,1225677.5,1340488.0,1333761.25,1399731.25,1108094.25,1228721.125,1211170.875,1261286.875,1389062.625,1251214.125,1416777.125,1370255.5,1066442.125,1127633.125,1411129.75,1498619.0,1242618.375,1333582.0,1228888.625,1197310.375,1082900.5,1033511.5625,1180696.0,1325028.25,1186286.375,1525615.125,1274569.75,1245399.125,1061327.5,1092307.375,938780.625,940314.0,1058015.625,1074527.125,1096596.5,1069480.5,1135568.875,1217937.875,1194530.375,1170529.0,1405292.125,1506189.0,1406838.75,1320160.75,1213921.125,1445867.75,1189590.375,1278269.625,1368445.875,1495713.625,1429262.5,1406480.125,1587828.375,1489732.125,1087707.875,1112378.875,1200856.25,1375513.875,1256127.5,1370969.625,1050651.5,994714.5,1471609.25,1312242.375,1271782.125,1451019.875,891033.625,1027769.0625,1110503.5,1066010.25,1061590.5,1192904.625,1331825.5,1355210.625,1138240.0,1168033.625,1182954.125,1275163.625,1074653.0,967433.9375,1190869.875,1157733.875,1179358.25,1332846.875,1133553.125,1228319.375,870976.75,903892.875,1175201.25,1089776.25,1553325.125,1515421.125,1186049.5,1323222.0,1114881.75,1139330.625,1157586.625,1155339.75,1393475.25,1367909.0,1051179.0,1035693.25,1127972.625,979925.1875,1502790.625,1541236.5,1419754.25,1500242.875,1369835.375,1422789.25,1332661.75,1515585.875,1451937.0,1560846.25,1499958.625,1539169.125,1659006.75,1535294.75,1596753.625,1649652.25,1232788.875,1325659.125,1537359.125,1583898.375,1347540.875,1496185.375,1184009.375,1291969.0,1296645.625,1366046.25,1220549.375,1302464.625,1610534.875,1619581.75,1610699.875,1596489.875,1546398.0,1564782.5,1651814.375,1701836.75,1222420.375,1316657.75,1161926.625,1272148.0,1319868.125,1416719.0,1566282.25,1525831.0,1280791.0,1378823.75,1322281.625,1419032.125,1223529.625,1368244.0,1486101.875,1537070.875,1237564.375,1308364.25,1204852.25,1264758.0,1710488.0,1693139.5,1369330.875,1352636.375,1363080.0,1392832.375,1408687.125,1440073.5,1564088.0,1672519.125,1601766.375,1541072.5,1313259.0,1271595.625,1573803.625,1431204.375,1576772.5,1594473.625,1368908.0,1475741.25,1685052.25,1602050.875,1619934.75,1656436.375,1294954.25,1321144.25,1258510.75,1289812.625,1024005.125,1145966.375,1163162.5,1271159.0,1326758.0,1420408.125,1576863.0,1609260.5,928818.375,900242.9375,1117632.5,1074052.25,1157227.0,1094001.25,1387111.75,1387391.625,1505453.0,1306004.5,1197742.25,1175913.75,1243903.125,1257390.875,1205386.875,1189873.5,1646342.875,1489152.375,1218344.25,1231828.625,1623459.625,1670447.0,1283027.375,1339044.25,1476758.875,1374404.75,1808137.0,1566385.875,1733345.625,1730442.875,1694141.75,1831389.375,2095517.125,1927031.625,1414598.875,1605587.875
5,1538366.625,1453584.0,1237935.875,1337218.75,1118423.875,1098838.875,1471879.75,1275613.625,1457516.5,1361765.125,1524317.5,1405996.5,1318819.75,1220259.625,1225433.5,1340635.25,1333450.0,1400724.0,1097264.5,1221366.0,1205742.125,1254392.125,1389105.875,1250010.625,1415010.5,1369363.125,1053411.0,1118435.375,1413466.75,1500665.0,1245187.875,1329219.375,1231815.25,1192706.125,1076528.75,1027984.6875,1182382.5,1324973.25,1190689.375,1524556.875,1268290.125,1243406.25,1060054.0,1096621.25,937346.0625,939470.0,1054993.5,1072580.625,1095531.25,1068848.625,1129041.0,1219242.625,1194088.125,1170669.0,1403512.75,1505298.625,1403722.0,1318198.0,1211642.0,1444906.875,1189998.125,1278947.625,1370904.875,1497443.375,1429094.875,1406454.75,1584910.0,1487855.0,1092399.875,1116533.625,1201121.25,1375689.25,1255903.125,1369929.375,1050694.875,991982.0625,1472498.625,1311430.125,1270491.5,1448538.5,890311.8125,1024131.75,1111253.25,1068620.5,1059502.125,1191368.125,1330650.5,1354577.5,1137799.875,1164371.0,1181975.875,1269649.125,1075365.5,967842.0,1188213.875,1156868.5,1176384.125,1327771.625,1132406.625,1220929.125,869130.625,899870.75,1175608.5,1089737.0,1555434.875,1516698.125,1186821.625,1323289.125,1114962.25,1140504.75,1155636.75,1154808.625,1391826.25,1369712.625,1050349.125,1041136.5,1127003.25,985400.3125,1501726.625,1544023.375,1419236.875,1499162.75,1367462.875,1423161.5,1338623.0,1519919.25,1461630.125,1565715.625,1500889.625,1539214.875,1660044.625,1538333.5,1599846.75,1651403.0,1235922.0,1326739.625,1538255.375,1584650.0,1346182.375,1497591.625,1183740.625,1293511.0,1294826.625,1363338.0,1221117.875,1303311.0,1616696.75,1625371.625,1611684.5,1598570.625,1545981.125,1566028.0,1652224.375,1703142.125,1220817.125,1315808.0,1161830.875,1271874.375,1316926.0,1416501.75,1566325.25,1525570.375,1280651.0,1379836.5,1322865.625,1420278.625,1223629.875,1368464.375,1488294.5,1538684.0,1236299.5,1308026.375,1206094.125,1265142.75,1710309.375,1693345.0,1367257.875,1352604.5,1360970.0,1390836.0,1407276.875,1440209.25,1561681.5,1671815.5,1601075.5,1540475.625,1311225.875,1270904.375,1579031.625,1438148.0,1580087.25,1596400.75,1371606.625,1483005.75,1687551.5,1606252.375,1620400.75,1656008.75,1298321.75,1323432.0,1259569.25,1288167.75,1022603.3125,1145594.5,1165541.875,1269914.75,1329665.625,1424781.5,1582863.75,1614278.75,929148.875,899253.125,1117935.625,1074051.625,1156407.375,1093919.75,1386064.875,1388012.375,1506576.625,1307790.125,1197460.375,1176448.625,1243948.375,1257110.875,1206315.25,1192008.25,1649768.75,1489689.75,1217370.25,1232119.875,1625179.0,1672021.25,1283580.125,1340383.25,1477650.25,1375668.125,1806978.375,1567951.125,1734134.125,1730720.25,1695938.0,1832846.5,2093513.875,1926371.125,1416062.75,1605831.375
6,1538620.625,1453274.125,1239430.625,1337976.375,1117576.625,1097843.5,1472429.5,1276916.625,1456948.75,1360588.125,1524213.125,1406766.375,1320769.0,1221651.625,1225810.125,1339496.875,1334462.25,1401390.875,1098234.875,1218859.0,1204711.25,1252427.75,1390316.625,1249914.875,1416545.875,1369226.25,1046882.875,1111755.375,1413018.375,1500823.5,1244674.625,1326487.75,1232224.0,1191321.875,1076569.125,1025813.0,1182414.375,1323928.625,1191065.625,1523203.25,1267317.625,1243085.75,1058268.25,1094915.125,936174.5625,937802.5,1054497.25,1073658.625,1096331.875,1069621.75,1127457.375,1218366.875,1191848.375,1170099.0,1400402.125,1503363.5,1401034.125,1316819.75,1209882.625,1444188.0,1188481.0,1277710.625,1371288.5,1498274.125,1427278.75,1405235.5,1583293.25,1487361.875,1092992.625,1114776.5,1200049.125,1376349.125,1255220.75,1368390.75,1049573.875,989514.625,1470871.25,1309149.75,1268457.75,1448425.0,890911.375,1024102.0,1110767.125,1068947.875,1061398.375,1191669.25,1328777.75,1354454.625,1136809.125,1161920.25,1183092.0,1267514.25,1074519.875,968140.875,1186672.75,1155287.375,1176665.125,1326194.625,1134050.75,1220498.125,870001.0625,897790.9375,1175191.0,1088606.75,1557238.125,1517320.125,1186840.375,1323852.375,1115257.25,1141656.5,1155548.375,1153663.125,1392101.5,1370626.0,1049320.125,1042692.3125,1124415.125,989895.0,1505475.75,1546719.0,1416626.5,1496926.875,1365809.125,1422641.0,1341687.875,1520101.375,1465225.375,1568264.875,1499683.125,1538256.5,1658924.625,1536321.75,1599635.75,1649905.125,1238508.75,1327986.0,1539933.875,1586380.25,1344251.0,1496874.0,1183896.625,1293175.25,1299764.0,1364720.375,1220847.0,1302305.75,1623784.5,1635062.0,1612360.125,1599692.125,1548238.75,1566564.125,1652626.125,1703611.75,1217891.375,1315005.75,1162105.25,1270572.375,1315411.375,1416249.75,1566901.0,1524150.875,1280040.0,1378102.375,1321774.625,1420871.25,1223043.0,1366173.875,1485186.625,1538310.75,1236607.25,1306943.75,1205020.625,1263559.0,1710636.25,1692704.0,1367183.875,1352040.25,1361515.25,1389905.875,1407403.0,1441050.25,1558776.0,1669696.875,1598707.5,1538875.875,1311928.875,1272214.125,1582421.625,1446535.0,1583391.25,1600634.375,1376404.625,1492751.375,1686301.75,1605296.5,1621029.75,1653670.625,1299103.25,1325630.75,1259647.125,1286391.5,1023998.3125,1146472.75,1167733.5,1271182.875,1333353.0,1429625.625,1585562.375,1616028.875,929556.375,898475.375,1117429.5,1073634.375,1156779.0,1092852.125,1386773.875,1389105.875,1507605.5,1308840.375,1197834.75,1177883.875,1244404.125,1257912.25,1206482.375,1194338.25,1653255.625,1490051.875,1217791.125,1232817.0,1632043.75,1676814.25,1285560.875,1341557.25,1478016.25,1375667.375,1809195.25,1569878.625,1737105.75,1729794.75,1698173.25,1834027.0,2094446.375,1928172.375,1418347.375,1609203.875
7,1539155.375,1452028.25,1241970.375,1339624.875,1118918.25,1099064.875,1470993.75,1275695.375,1457873.625,1361434.5,1526067.25,1408399.5,1321888.25,1222965.5,1225288.0,1339530.625,1338165.5,1402549.25,1100288.125,1219769.5,1205625.375,1252682.625,1392933.75,1251380.125,1417600.75,1370138.5,1045191.75,1112195.375,1413663.5,1500098.5,1243602.5,1326013.0,1232914.875,1191128.5,1077245.25,1026646.25,1181116.5,1322669.125,1188764.875,1520470.25,1267321.25,1242701.5,1058882.375,1093522.625,935658.5,937908.0625,1054934.875,1076813.75,1097076.625,1070380.625,1128527.25,1217743.75,1191864.875,1169135.375,1399944.75,1502366.375,1400790.25,1317282.125,1209906.25,1445458.75,1187349.0,1275001.5,1371358.125,1497004.875,1428284.125,1406032.375,1584102.875,1488590.375,1091973.25,1111868.125,1200083.875,1378203.625,1256337.875,1366773.125,1047910.8125,987715.4375,1471371.875,1308681.5,1269075.5,1447985.875,892376.25,1025100.4375,1109672.0,1068590.375,1064147.0,1192933.5,1326926.75,1352961.125,1135467.0,1162899.375,1185480.5,1268293.25,1073455.75,967408.9375,1187260.875,1155851.375,1178851.125,1327595.0,1136544.625,1223342.75,871592.9375,899037.5625,1174659.125,1087757.375,1556947.75,1516279.375,1186535.75,1324301.125,1115551.875,1140972.75,1156294.0,1152454.75,1393983.375,1370904.0,1050221.5,1039165.8125,1125154.0,987769.1875,1507954.875,1547327.625,1414831.25,1497797.0,1367236.375,1424290.375,1340453.25,1519858.5,1463028.25,1567461.25,1498087.75,1537683.25,1657949.125,1535336.75,1597972.0,1647085.875,1239439.0,1328384.25,1543093.375,1587610.75,1344657.125,1495656.0,1184643.25,1290913.625,1307450.5,1368735.25,1220606.25,1301574.375,1627227.875,1641851.25,1613530.875,1601243.375,1551207.25,1566364.375,1654263.5,1704002.0,1217995.375,1315486.875,1162956.0,1269681.5,1317278.75,1416986.125,1568333.875,1524914.75,1280633.0,1376532.875,1320880.25,1417832.375,1221745.75,1363960.5,1483272.5,1534727.875,1237157.625,1304732.25,1204025.375,1262085.375,1712172.25,1692556.25,1366305.75,1351269.75,1360098.0,1388780.75,1410171.375,1443743.25,1557368.25,1668154.5,1597538.625,1538242.75,1311524.875,1271017.75,1578829.375,1449794.25,1581492.875,1600864.75,1378231.125,1498258.5,1683875.125,1600471.625,1621433.25,1651616.375,1296465.125,1326373.0,1259577.5,1286210.625,1025199.375,1148264.0,1166438.5,1274511.5,1333403.125,1429908.125,1583412.0,1613227.5,929625.5,898733.9375,1115024.125,1072312.375,1157399.375,1093233.875,1387679.875,1389525.375,1508481.5,1307372.625,1198230.375,1178852.875,1244607.375,1257676.875,1205976.375,1194428.375,1651028.0,1490599.5,1218180.0,1233853.125,1635273.875,1679418.5,1287371.875,1341979.625,1478057.625,1375498.0,1811939.875,1570593.375,1738185.0,1730485.125,1699216.375,1834668.625,2096618.125,1928792.625,1419220.375,1611724.625
8,1538819.125,1449926.375,1242152.125,1339780.375,1118565.625,1098697.875,1467402.25,1270539.0,1459211.25,1361776.0,1527794.5,1409375.875,1316855.5,1221356.375,1223773.875,1339135.375,1341297.75,1404350.25,1092846.875,1216452.5,1203807.0,1249983.5,1394243.875,1251261.625,1415242.125,1370731.125,1038924.8125,1114389.375,1416897.0,1500096.75,1243792.375,1326777.875,1234331.375,1191532.5,1077102.75,1028180.5625,1180841.75,1322501.875,1188661.375,1519923.375,1262822.125,1239603.25,1066086.625,1097869.5,936015.125,940766.375,1056231.875,1078155.5,1097850.75,1070351.5,1130559.5,1220132.75,1194846.25,1168615.125,1402038.875,1501574.5,1402466.0,1317778.125,1210880.5,1446759.25,1187234.875,1273822.25,1372838.0,1496427.0,1432438.125,1408718.5,1585871.0,1489849.25,1093393.0,1112686.25,1200797.375,1379812.5,1258020.625,1367979.25,1047878.5625,988901.3125,1477442.25,1311305.0,1272363.375,1448560.875,893801.4375,1025640.4375,1110916.5,1069537.75,1065619.125,1194480.125,1327858.75,1352523.5,1134648.875,1163108.75,1187114.0,1269461.0,1074728.125,966031.25,1189482.75,1157855.75,1181051.5,1329461.875,1138688.5,1224306.625,873425.0625,900867.3125,1175485.625,1086742.0,1556719.0,1514996.0,1187099.25,1323243.375,1116512.25,1139835.375,1156273.375,1152431.25,1395634.75,1370703.75,1052099.25,1037975.0625,1128224.875,984146.0,1506601.375,1545589.125,1416697.5,1501128.625,1370140.375,1426577.5,1341187.5,1522350.0,1461608.25,1565057.625,1497929.25,1538696.0,1659590.125,1539397.75,1597915.625,1644889.25,1240693.375,1329483.75,1545851.125,1587709.25,1345778.5,1494638.875,1184826.25,1289755.875,1311562.75,1371057.75,1220711.5,1302180.0,1626261.125,1640680.25,1617413.75,1604000.625,1551957.25,1566556.875,1655986.375,1705123.375,1221131.625,1316342.75,1163768.875,1270616.75,1319398.0,1418688.0,1569331.125,1528923.375,1281701.0,1378896.125,1321576.125,1416593.25,1221565.625,1363800.75,1486741.125,1534964.125,1237564.75,1304970.375,1204739.0,1262693.375,1713894.0,1693397.125,1364623.5,1349822.0,1356892.625,1387909.25,1412488.0,1446077.125,1559176.875,1669032.875,1599581.75,1539089.625,1307801.0,1266372.125,1573963.25,1446917.75,1579222.25,1600252.625,1375557.5,1494786.375,1684637.75,1599504.75,1622960.125,1654344.5,1293431.625,1324130.125,1260646.375,1287914.75,1022571.875,1147165.625,1162629.125,1273174.375,1331395.0,1426806.875,1581522.0,1609143.625,930200.0,899870.1875,1114822.875,1072877.625,1158223.125,1094781.5,1388277.75,1389284.375,1507245.625,1306412.25,1199259.125,1178400.875,1245539.75,1256377.75,1206567.5,1193694.25,1649274.625,1492007.125,1218512.25,1234561.875,1632583.375,1676112.375,1288066.5,1341946.75,1478279.25,1374510.5,1811871.75,1571492.125,1735495.375,1731257.5,1697679.125,1833270.5,2095536.75,1928401.0,1419972.25,1608107.375
9,1540446.375,1450779.25,1243529.375,1340061.75,1118544.125,1100018.375,1467935.125,1271336.25,1462918.75,1363689.875,1527197.0,1408645.625,1315438.625,1220811.125,1225400.125,1339900.25,1339929.375,1403456.0,1093544.625,1216836.375,1205369.625,1251247.25,1394120.875,1250426.125,1413929.125,1370453.25,1036706.4375,1114416.25,1416472.0,1497592.75,1243312.375,1329617.0,1231695.875,1194981.875,1079841.0,1031328.25,1181200.125,1323564.75,1188367.875,1521688.625,1261650.5,1238139.0,1069586.5,1093473.375,935090.0,939682.9375,1058003.625,1074887.75,1097983.5,1069739.125,1132396.0,1220337.25,1196897.0,1169674.25,1404110.625,1502193.25,1406326.625,1318523.75,1211216.625,1444820.25,1187073.375,1274311.875,1372985.625,1496022.25,1432273.0,1408534.375,1587136.0,1491173.75,1091442.75,1110580.0,1200150.75,1379623.875,1257985.125,1369660.5,1048949.25,992639.0,1479718.0,1311972.125,1274468.875,1450926.0,893611.875,1028140.0,1110948.375,1066128.0,1065553.875,1195422.125,1330351.25,1354507.625,1134271.75,1161693.125,1186471.875,1269992.25,1075709.25,961925.0,1190331.75,1156244.625,1181951.875,1331299.0,1137896.125,1223907.125,873391.9375,899990.8125,1175101.0,1084686.0,1557210.625,1515721.75,1186709.875,1321820.75,1116305.875,1138063.875,1152584.875,1149896.75,1393873.375,1366992.75,1048350.4375,1037600.75,1127387.0,983100.6875,1500119.75,1540820.5,1418693.625,1503070.625,1370218.875,1426372.375,1339863.125,1517736.75,1460079.625,1563764.125,1499206.0,1539244.75,1658107.75,1538700.25,1598212.0,1642505.125,1239163.25,1329502.125,1543206.25,1584861.0,1346424.25,1493790.5,1184463.375,1290489.75,1308109.875,1368359.5,1221212.5,1302362.75,1624577.375,1638825.25,1619587.875,1604306.375,1550892.5,1566307.0,1655552.875,1705809.375,1223392.75,1317220.125,1164531.0,1271713.75,1320213.25,1419736.625,1565752.625,1527855.0,1281222.5,1381036.125,1321015.0,1419506.625,1223137.875,1365708.625,1489706.75,1538594.5,1238453.75,1307513.0,1206210.625,1263415.75,1714129.25,1695215.5,1366545.0,1349734.5,1360165.125,1390607.125,1410528.5,1444807.25,1564204.375,1673127.5,1603849.5,1541461.375,1307390.25,1265277.875,1576929.375,1444983.0,1584585.125,1604629.75,1376379.125,1492733.75,1686978.375,1604515.5,1624647.75,1659171.875,1295281.75,1325096.0,1261279.25,1291208.125,1023618.3125,1146083.5,1163731.5,1270758.75,1335448.75,1429338.75,1581243.75,1608008.5,928988.875,900200.0,1117034.125,1074641.875,1157855.75,1093131.0,1387512.25,1388336.75,1506695.125,1307873.375,1201255.375,1176639.75,1246728.125,1257100.0,1206850.25,1193379.875,1649829.875,1491294.375,1219870.625,1233998.875,1632591.75,1674377.25,1288184.0,1342035.0,1478600.0,1372464.0,1810382.75,1572014.875,1734219.25,1729894.0,1696059.5,1830693.0,2092260.875,1927147.125,1420930.5,1605877.25
10,1541000.625,1452617.875,1243934.75,1339481.0,1119451.125,1101076.125,1471188.25,1276616.625,1464387.75,1364944.125,1525021.75,1406471.0,1319820.375,1220955.125,1228459.75,1341825.375,1335811.625,1400175.5,1104498.0,1222998.5,1210379.625,1256138.375,1392218.625,1250164.75,1414627.875,1369751.375,1043350.3125,1112207.0,1411541.875,1495262.375,1242099.75,1329443.125,1227030.125,1195917.5,1081805.125,1031713.8125,1181207.0,1324321.125,1187762.875,1521638.25,1265029.625,1240190.125,1064801.625,1083773.0,933450.6875,936105.875,1058372.375,1071711.5,1097027.25,1069033.375,1132638.625,1217312.0,1195521.75,1171705.25,1404165.5,1504660.375,1408602.5,1320090.375,1210179.875,1442450.0,1187981.125,1275901.0,1371212.875,1495891.0,1428331.875,1406224.0,1587044.75,1491893.375,1088109.5,1109551.75,1199640.0,1379680.75,1257838.625,1369913.125,1050267.5,995323.125,1476928.25,1311124.75,1274757.875,1452005.375,893488.25,1029655.375,1109942.0,1062596.125,1065559.0,1195819.125,1333238.125,1356310.375,1136391.875,1162139.125,1185251.5,1269231.875,1075813.875,960944.125,1190530.125,1153496.625,1182025.125,1333752.5,1136194.5,1222786.75,872946.125,898394.8125,1173967.25,1084587.625,1557926.5,1517919.75,1186032.125,1321823.5,1115112.125,1137687.875,1151894.625,1147451.125,1391417.75,1364454.875,1045288.75,1037394.1875,1124979.875,985575.3125,1498540.125,1539836.125,1418490.0,1503433.25,1368972.625,1426582.875,1336343.0,1511077.75,1457090.75,1564155.625,1499998.125,1539048.75,1654620.375,1533243.5,1596851.875,1642167.5,1234665.5,1325985.625,1537847.75,1580928.75,1346906.75,1493464.125,1183942.25,1291609.625,1301766.625,1363474.125,1221757.125,1301985.125,1625132.125,1641569.75,1616468.625,1601378.875,1549385.375,1565638.625,1654072.625,1704646.0,1221884.375,1317670.0,1164958.75,1271509.75,1318777.625,1418355.75,1561506.875,1522528.25,1280160.125,1379950.25,1321320.625,1422690.25,1224578.125,1367872.375,1490384.5,1540210.125,1239078.25,1308479.0,1206254.5,1263225.125,1711625.25,1694686.375,1369257.5,1350945.25,1366172.875,1394001.875,1407122.625,1441205.375,1567157.0,1676170.0,1604655.625,1543282.5,1310804.5,1269006.0,1583736.125,1444414.0,1592500.0,1609298.125,1378321.0,1496211.0,1689396.375,1610196.625,1624479.75,1660980.875,1298999.75,1328090.625,1260626.75,1293088.5,1027376.8125,1146494.375,1166802.5,1270340.5,1343109.375,1435642.5,1580585.75,1607886.875,926335.875,900152.625,1117254.0,1074240.375,1156747.625,1090820.375,1386219.625,1387263.875,1505936.75,1307767.875,1201195.375,1175339.125,1245570.75,1257279.25,1205384.125,1192840.125,1649230.25,1487905.375,1219761.0,1233466.875,1633368.875,1675332.75,1287300.5,1341661.0,1477074.625,1371342.0,1809737.125,1572324.0,1733908.125,1728037.25,1694859.875,1830196.25,2091960.5,1926396.25,1419389.125,1607048.625
11,1538636.5,1451637.375,1239983.125,1336739.25,1119273.25,1098324.25,1471170.0,1275939.0,1461592.375,1362313.75,1524329.25,1406274.625,1322324.25,1220435.25,1229488.375,1341476.375,1333768.375,1399555.375,1106964.75,1224637.375,1210890.0,1255713.125,1388933.125,1249562.375,1413780.875,1368864.625,1044853.25,1109086.125,1409014.125,1496984.625,1240908.125,1325359.75,1227268.125,1191019.5,1079898.125,1028019.8125,1182091.0,1324270.25,1190620.875,1520178.625,1265619.75,1242492.0,1061561.875,1085755.875,934750.5,938456.0,1058083.375,1075725.75,1098603.5,1071344.625,1132462.25,1216989.625,1192852.875,1172652.5,1401467.5,1505163.25,1404771.125,1320260.625,1208011.625,1443224.25,1189355.125,1277499.0,1370797.375,1497909.0,1427551.375,1405729.875,1584892.375,1490425.75,1089799.875,1112836.0,1200919.875,1380743.625,1258360.875,1370662.0,1051858.0,995632.3125,1479146.0,1314428.875,1275082.0,1451753.375,893477.375,1028337.5625,1111912.125,1065766.625,1066320.25,1196055.375,1334425.5,1356045.5,1138624.875,1162392.25,1186411.5,1269706.625,1075960.25,965239.875,1191382.875,1155077.0,1183191.875,1334129.125,1136650.0,1223124.0,875157.9375,900002.8125,1174348.375,1086016.0,1556629.375,1518686.875,1186795.25,1322167.875,1114796.625,1139506.625,1157016.125,1150800.125,1392219.5,1366925.125,1048748.875,1040282.5625,1127007.0,986798.875,1504723.125,1539806.0,1419080.5,1501884.0,1370293.875,1429169.25,1339229.625,1515369.0,1455757.25,1563895.75,1499523.5,1539759.5,1656623.625,1532794.75,1596075.0,1644897.375,1234634.875,1323488.0,1537683.875,1580684.875,1346874.625,1494233.125,1184302.375,1293732.25,1301400.0,1362590.375,1221880.25,1303123.625,1625232.375,1642196.5,1614431.125,1600581.625,1549893.5,1567132.625,1654354.0,1704721.75,1218903.125,1316436.25,1164184.375,1270630.5,1316168.5,1416824.875,1562755.25,1521926.375,1279754.625,1380033.875,1323728.625,1423450.625,1224494.625,1368481.875,1491383.5,1540711.5,1238523.25,1307843.5,1204663.75,1263851.25,1710258.75,1692053.25,1371435.875,1351871.5,1369414.25,1397016.875,1406737.0,1439933.75,1566878.25,1676475.125,1602164.25,1543991.375,1312013.75,1272562.125,1585398.375,1438789.25,1591888.375,1607780.5,1374278.875,1491715.5,1690960.75,1610584.125,1625029.625,1661188.25,1298419.25,1324925.75,1260445.875,1290500.375,1026314.5625,1143928.625,1163658.75,1267220.0,1343309.25,1434518.0,1580324.625,1606159.5,927040.0,900391.125,1116916.75,1072279.625,1157123.875,1091966.75,1386287.75,1386874.25,1503483.875,1305673.625,1199048.875,1176278.625,1245933.375,1256050.375,1204656.75,1192439.75,1649413.125,1485593.75,1217453.75,1234638.5,1630577.25,1675514.75,1285096.625,1340198.75,1474148.125,1372998.25,1808596.875,1571503.875,1733456.625,1726644.125,1691651.375,1831082.875,2093017.125,1928251.625,1416363.25,1607950.625
12,1537821.625,1450668.25,1237135.625,1336623.5,1119762.75,1098218.375,1469595.875,1273061.0,1461699.125,1360358.75,1524740.125,1408114.25,1322736.375,1221931.75,1229944.625,1340624.75,1334664.625,1401510.5,1105385.125,1224434.875,1208824.125,1254826.375,1386901.75,1250691.625,1411445.625,1368391.625,1043271.125,1109177.25,1409530.375,1498309.625,1239592.125,1325738.25,1229551.875,1188624.875,1079599.0,1026032.5625,1183758.875,1324117.5,1193766.0,1518834.5,1266737.75,1243864.5,1060521.75,1088690.75,937084.125,941028.0625,1057545.875,1079147.75,1100308.0,1074679.25,1133297.875,1217025.75,1192217.25,1172024.25,1399058.875,1504000.5,1401951.125,1319817.625,1206927.375,1446327.75,1188417.375,1276410.375,1371747.25,1498633.0,1429335.125,1406732.125,1584557.625,1490370.5,1091369.125,1112101.875,1202768.875,1380118.375,1258333.75,1370391.0,1052377.125,994471.5625,1481784.25,1315826.875,1274712.0,1450734.125,892413.5625,1027510.875,1114239.0,1068812.625,1066592.875,1195287.5,1332199.5,1354822.0,1137608.375,1161606.0,1188582.75,1272126.25,1077295.375,966694.25,1191741.75,1157866.625,1185759.5,1331688.75,1137787.75,1225516.875,876642.625,902125.375,1175152.75,1086197.125,1553932.25,1517288.5,1187173.75,1321552.125,1115217.125,1140619.375,1158802.125,1153492.125,1393411.125,1369236.625,1049958.125,1042104.75,1128871.125,984679.375,1506613.75,1538535.75,1420741.125,1500192.625,1372173.875,1429120.625,1342278.375,1522498.125,1454307.375,1561295.125,1500223.125,1540892.375,1659938.125,1536316.375,1595761.375,1648287.375,1236962.5,1324131.25,1540446.75,1582731.75,1346699.25,1495850.0,1184791.375,1295174.25,1305409.0,1363991.625,1221829.125,1304429.625,1622858.375,1637265.125,1616421.125,1603127.625,1551834.5,1568685.75,1655685.375,1706842.75,1218665.75,1315265.625,1163147.625,1270016.375,1315667.0,1417318.25,1564763.25,1525258.625,1280218.75,1380540.0,1324335.625,1422358.5,1224130.375,1368843.375,1490314.625,1541179.5,1237479.375,1307479.0,1203332.0,1264750.0,1712871.0,1692680.0,1375449.75,1353163.5,1371551.125,1399694.0,1408167.125,1441407.375,1567206.375,1676698.75,1601794.375,1544832.625,1311703.625,1273840.125,1581287.25,1433797.125,1582981.625,1601656.25,1370426.25,1482749.375,1689613.25,1605778.0,1625289.625,1660948.0,1295408.25,1318925.75,1260909.75,1286721.0,1025506.625,1140206.75,1160082.625,1264217.5,1336999.875,1428261.5,1579055.625,1603947.5,929693.6875,900468.375,1118658.125,1072446.5,1158078.25,1093773.125,1386851.75,1387819.25,1504214.5,1305705.75,1198623.0,1178524.625,1247601.5,1257069.25,1205202.875,1193341.0,1650059.5,1485924.5,1216809.375,1235917.0,1630714.625,1677657.875,1284409.25,1338298.0,1473523.375,1375431.375,1807141.875,1568931.125,1735660.75,1726346.75,1691452.5,1831785.125,2091710.125,1928884.625,1415220.5,1609789.375
13,1540816.625,1452818.375,1239870.625,1339876.375,1121409.5,1101754.625,1470427.0,1274519.5,1464594.75,1361156.125,1525564.375,1408841.625,1323406.25,1224375.625,1230060.75,1341272.25,1336905.375,1402948.0,1108964.125,1227677.5,1208650.25,1258253.5,1386899.5,1252399.875,1410557.625,1368429.625,1048150.625,1113478.875,1411303.875,1497522.0,1238784.75,1329460.25,1229854.375,1191865.875,1079856.875,1026168.5625,1184850.25,1324718.75,1194570.375,1519485.125,1270879.125,1244673.875,1058832.75,1085568.875,936452.25,937746.4375,1056599.0,1074269.375,1098356.125,1072746.25,1134506.25,1215507.25,1193254.125,1170902.375,1399357.25,1504235.5,1405448.5,1320432.875,1207636.25,1446980.125,1187215.875,1274692.875,1372942.625,1498108.25,1428324.875,1406233.875,1585841.5,1491529.5,1088806.125,1109932.875,1203105.75,1378318.25,1258204.25,1369294.25,1051742.375,993046.625,1480424.125,1311423.375,1273895.25,1449175.5,893046.125,1028090.0625,1113959.0,1067819.75,1066960.0,1193458.625,1329977.75,1354767.375,1137018.75,1162850.25,1188256.875,1273239.75,1079453.5,965678.5625,1191927.75,1158288.375,1187079.0,1330786.375,1138759.5,1227591.5,875914.1875,901488.5,1175815.125,1086213.75,1554043.0,1515041.625,1186440.625,1321053.875,1116148.125,1141036.25,1157016.25,1151212.125,1393266.625,1368999.125,1048512.0625,1040665.75,1127516.125,983825.8125,1504248.625,1541916.375,1420215.0,1502631.0,1372021.75,1426599.5,1336125.5,1521557.0,1449574.625,1557545.0,1501178.25,1540473.0,1658224.625,1537552.625,1593173.875,1650049.625,1235757.875,1325361.875,1540358.875,1583977.5,1345898.5,1496200.875,1184393.625,1294054.0,1308577.25,1365212.75,1221723.375,1303683.375,1619310.5,1630102.125,1617331.125,1603135.625,1552334.25,1567690.125,1655979.625,1707069.375,1219578.375,1315787.625,1163283.0,1270653.875,1316401.25,1417673.75,1561640.25,1526849.0,1281373.125,1378811.75,1324529.625,1421723.125,1224796.25,1369971.375,1487809.75,1540495.375,1237451.625,1307714.25,1202981.5,1265052.25,1713673.125,1693959.75,1376825.5,1354334.25,1370122.0,1398496.125,1409536.5,1442477.25,1567566.625,1675669.5,1602093.375,1544328.0,1313149.0,1273618.625,1576500.125,1435386.0,1576011.0,1596554.5,1371911.125,1480673.875,1685657.875,1601251.875,1623970.75,1659668.25,1294639.25,1317266.375,1260951.5,1285655.25,1028097.5625,1140039.75,1162212.375,1265427.25,1332783.125,1423662.5,1576037.5,1602454.5,929707.3125,901397.0,1119570.625,1075315.75,1158776.375,1094276.125,1387405.0,1389213.875,1507575.0,1307576.75,1199961.25,1179855.0,1246990.875,1259449.625,1205395.0,1195350.875,1649517.0,1488121.75,1218635.75,1236433.25,1632062.75,1677560.625,1287087.25,1338143.875,1475389.0,1374404.0,1807622.25,1568155.625,1735476.75,1727839.875,1694295.5,1831051.25,2090999.875,1926900.375,1416288.875,1608742.625
14,1543951.625,1455263.5,1243948.5,1341770.125,1121858.0,1102803.25,1473553.0,1275618.625,1464343.125,1362182.125,1527170.875,1409279.25,1322770.125,1224783.125,1228961.5,1340300.25,1338941.5,1403867.875,1108659.0,1228192.375,1208141.5,1259747.75,1387530.5,1252153.375,1411870.125,1368352.75,1050186.375,1118317.0,1414465.25,1498736.0,1239142.75,1329725.5,1231750.125,1195378.875,1078439.625,1027112.75,1184689.5,1325831.375,1195394.75,1523094.25,1270879.625,1244870.375,1061265.375,1090775.0,934889.375,936568.75,1057773.25,1072210.75,1097737.25,1069630.0,1135002.125,1217984.625,1193639.125,1169965.375,1400606.625,1504768.25,1407895.125,1320524.0,1208436.625,1444530.5,1187708.375,1275143.625,1374665.625,1500441.75,1426167.875,1404966.875,1584155.375,1489957.375,1087610.5,1111356.375,1201738.125,1378687.0,1258070.5,1370306.375,1051388.75,992806.625,1480839.625,1309344.0,1274238.625,1450087.625,894860.1875,1029023.3125,1112888.75,1066819.75,1068634.25,1193031.625,1330149.75,1356154.125,1138296.375,1164098.625,1187003.125,1273063.125,1079052.125,966960.5625,1192631.125,1158017.75,1186428.125,1331542.375,1139285.125,1229260.875,876107.875,900582.125,1176192.625,1086149.875,1555127.125,1513290.375,1186206.875,1321147.375,1116853.125,1140669.5,1156706.5,1150104.125,1393627.5,1368611.125,1049716.375,1038484.6875,1127150.75,983273.875,1504321.125,1542968.75,1418155.25,1505385.875,1371747.25,1427616.75,1331984.25,1519958.625,1446230.375,1555180.0,1499547.75,1539232.375,1656876.75,1537361.5,1591379.375,1649160.0,1235034.125,1327771.375,1539461.875,1584605.75,1344435.875,1494658.0,1184646.125,1293195.75,1310947.875,1368636.125,1221630.75,1303204.75,1616735.625,1623510.75,1617079.625,1600271.625,1552548.625,1567708.625,1655709.875,1706203.0,1218976.625,1315784.625,1163660.125,1271728.0,1316118.75,1416804.75,1559990.25,1527857.625,1281310.625,1379303.25,1324570.375,1421439.625,1225015.5,1368915.5,1486511.25,1539474.5,1237848.25,1308562.875,1202376.625,1265183.75,1710942.0,1691851.0,1374395.875,1353905.125,1365825.25,1394467.875,1411413.0,1443928.5,1565961.625,1674093.125,1601178.25,1543099.75,1314786.75,1273226.5,1574042.25,1435778.875,1575267.375,1594825.5,1373090.25,1477858.25,1680887.625,1599187.125,1624970.5,1659143.625,1295233.75,1317814.75,1261453.0,1285715.125,1028158.75,1141702.375,1164801.5,1266924.625,1330246.375,1418911.25,1574584.5,1601831.625,928573.875,902040.0625,1118407.625,1076363.125,1159369.75,1093714.0,1388358.875,1389224.625,1508305.875,1308726.125,1200667.75,1179877.375,1248264.375,1260587.125,1206127.0,1196442.375,1650241.75,1489611.875,1219664.0,1237101.125,1630854.375,1674518.25,1288800.0,1340799.125,1476331.875,1373083.875,1809154.625,1569770.75,1732726.125,1729489.125,1693607.0,1829888.375,2093287.25,1927595.375,1417951.875,1607067.25
15,1542849.375,1455040.5,1244859.75,1342306.5,1121565.0,1102534.375,1475882.875,1275645.5,1463373.5,1363539.625,1527467.625,1410161.0,1321484.5,1223965.875,1229176.25,1339083.75,1339267.625,1404002.0,1105345.75,1226010.0,1207923.625,1258857.5,1388940.75,1252843.375,1414071.375,1368824.5,1047717.9375,1120844.875,1415092.375,1500898.0,1240342.25,1328718.0,1233553.25,1196846.125,1079903.5,1029478.0,1183514.125,1326233.25,1194644.0,1525088.75,1268260.0,1245303.25,1064094.75,1097832.375,935030.75,938792.25,1059396.625,1075693.0,1099216.875,1070506.0,1134094.0,1221512.25,1193801.5,1170020.375,1402024.375,1505232.125,1407294.75,1320104.75,1209039.5,1444607.375,1188198.75,1275474.5,1375312.0,1502511.25,1427842.125,1405923.875,1583719.125,1489637.0,1089304.75,1110801.0,1200909.625,1379875.5,1257520.75,1370403.125,1051286.5,993641.8125,1480304.25,1310303.75,1274227.5,1451659.375,894289.625,1029335.75,1111970.0,1066200.75,1069317.5,1194887.875,1330668.625,1356276.5,1137791.625,1162701.625,1187192.5,1274173.875,1076694.25,966360.3125,1192313.625,1157228.5,1185838.875,1331200.0,1137970.5,1229408.625,875634.625,900008.0,1175271.125,1084950.125,1553793.75,1513157.5,1186246.25,1321367.25,1115720.5,1138891.75,1154632.25,1150960.375,1393701.75,1368652.25,1048751.375,1037216.75,1127210.75,981295.4375,1504184.0,1538909.375,1417160.625,1503645.125,1371858.875,1430037.75,1336418.75,1521795.25,1447761.125,1556042.625,1498605.75,1539175.5,1659135.125,1537631.75,1593342.0,1646968.375,1236982.125,1329274.5,1540295.875,1584207.25,1345327.0,1494157.5,1185989.625,1293748.5,1310733.375,1370960.375,1221895.75,1304086.125,1615884.0,1621034.625,1618218.0,1599843.875,1552614.875,1568467.0,1655691.125,1706963.375,1219259.0,1314912.0,1163516.875,1271374.375,1316504.375,1416559.0,1563798.125,1528646.5,1279142.75,1381130.125,1322367.5,1420513.0,1224493.375,1366841.875,1485424.875,1539473.625,1236998.875,1308723.875,1201790.875,1264485.125,1710652.25,1691492.875,1373758.125,1352962.0,1365418.875,1393555.75,1412136.5,1445824.75,1564521.25,1675783.125,1602036.375,1543597.75,1314314.375,1273354.375,1572242.125,1432527.875,1575679.25,1593917.0,1372283.875,1474177.0,1678378.875,1597524.375,1624406.25,1658240.25,1295677.625,1318040.125,1261882.25,1285594.25,1027390.9375,1143868.125,1165153.625,1267500.5,1328147.25,1417363.125,1575502.25,1602881.875,928886.0,900952.5625,1117286.875,1074414.625,1158758.125,1092895.75,1388677.5,1388921.875,1506452.625,1309142.875,1200407.625,1179379.25,1249893.25,1260676.5,1207246.875,1195670.375,1650205.125,1487756.75,1218967.875,1237104.0,1631296.75,1676420.75,1286791.375,1342753.25,1475489.625,1374995.875,1808242.25,1569772.0,1733960.625,1729600.25,1692905.75,1831393.0,2093531.5,1928784.875,1417814.125,1610748.25
16,1540551.5,1453991.0,1243489.25,1342618.5,1120838.5,1102555.875,1475784.875,1278434.875,1464328.25,1363802.875,1526786.75,1409141.25,1318965.5,1222061.375,1229297.625,1341676.25,1338452.875,1402823.0,1104390.75,1225650.375,1209194.625,1259495.875,1391017.625,1254572.375,1414972.0,1370715.375,1048595.25,1119436.0,1413611.5,1500553.75,1241814.0,1330404.75,1231241.875,1197577.5,1081757.875,1031145.0625,1182518.625,1326228.125,1192500.25,1525412.25,1267721.375,1244963.75,1062680.125,1094846.25,935758.3125,938985.5625,1057776.625,1074635.25,1098075.75,1070438.5,1133163.0,1221429.75,1194903.625,1170790.25,1403430.0,1507482.375,1407710.375,1320846.25,1210210.5,1445867.375,1189013.375,1275481.625,1374262.0,1501012.125,1430398.875,1407665.125,1587098.0,1491950.5,1089437.75,1110292.5,1201356.5,1379849.25,1257918.125,1368957.625,1051104.0,994937.9375,1478882.375,1311228.875,1273802.375,1451172.375,894103.5625,1028244.9375,1111297.625,1065233.25,1067541.375,1196382.75,1331819.125,1355567.25,1137191.5,1161883.0,1187334.375,1275449.0,1075745.75,962935.75,1191167.75,1154934.25,1185319.875,1332757.625,1137017.375,1227091.125,873599.5625,899172.5,1174447.375,1084575.5,1554291.125,1513716.625,1186370.125,1321704.875,1114195.375,1138111.625,1152373.75,1151003.125,1393506.125,1368904.625,1046755.625,1038917.0625,1125795.75,982638.8125,1504427.5,1540791.625,1417869.25,1502824.125,1371683.0,1429524.125,1338735.5,1520432.875,1449875.625,1559284.375,1500785.375,1539281.875,1659839.625,1537070.625,1595716.125,1645814.125,1237726.125,1326377.25,1541896.375,1583585.625,1347794.125,1495708.875,1187048.25,1294640.5,1307341.625,1369763.625,1222186.25,1304090.875,1616361.625,1625162.625,1617743.625,1600763.875,1549944.875,1566501.75,1655430.375,1706672.75,1221028.375,1315750.625,1164115.625,1270998.625,1318007.875,1417848.125,1564927.625,1526949.875,1277928.75,1379200.125,1322452.0,1421740.25,1224706.25,1367985.25,1487162.625,1540269.5,1236150.375,1307053.625,1203485.0,1263178.875,1712679.875,1694296.5,1373561.75,1352186.0,1365399.25,1395177.625,1410257.125,1444727.875,1564898.75,1676642.375,1603642.75,1543878.75,1311995.625,1271721.5,1570850.0,1433698.75,1574731.625,1592444.875,1372972.625,1477095.125,1679298.0,1596127.375,1618498.625,1655458.625,1296082.375,1318909.75,1260598.125,1286306.25,1028496.6875,1147009.375,1165849.625,1269283.0,1328599.125,1420925.5,1577516.75,1605403.5,930128.6875,901018.1875,1117682.5,1074261.875,1158191.625,1093662.5,1388594.0,1389028.5,1505049.0,1309156.875,1200316.625,1179164.25,1247249.25,1259119.375,1207568.875,1195272.0,1648060.75,1487003.0,1218733.375,1236246.375,1630329.25,1677772.375,1286221.0,1341747.625,1474726.875,1375003.75,1806281.375,1569651.75,1734349.875,1729528.25,1694637.125,1833853.75,2091190.5,1927704.625,1416616.375,1610931.125
17,1542499.375,1454368.625,1242359.5,1342087.25,1119182.0,1101600.625,1475942.0,1280821.0,1464736.5,1362654.375,1528199.875,1408037.875,1315120.375,1219739.25,1226541.625,1344359.25,1338033.5,1402502.625,1101096.5,1224442.25,1209143.25,1260431.25,1392330.875,1254707.5,1414245.25,1372915.625,1047956.8125,1115181.0,1415203.0,1499010.25,1242998.5,1332788.875,1229750.625,1197674.375,1080258.375,1030705.6875,1182235.0,1326247.625,1192663.375,1526980.125,1266570.625,1243359.375,1062486.25,1092085.0,935999.0625,938700.375,1056446.375,1072236.75,1097809.125,1069892.75,1133625.0,1221297.875,1195866.0,1170673.875,1403635.625,1509742.625,1407144.75,1322396.0,1211244.25,1444054.625,1190008.375,1276574.75,1373979.875,1499499.875,1429458.375,1407459.5,1587352.375,1491734.75,1086765.25,1111838.375,1201365.875,1380389.5,1259240.125,1370222.125,1051369.0,995152.4375,1480338.75,1312457.75,1274387.875,1452169.5,895588.6875,1028297.9375,1111285.125,1064549.125,1066275.125,1196064.875,1333601.375,1356514.5,1138504.625,1162793.25,1187704.0,1275041.75,1075518.25,962902.375,1190941.875,1152837.5,1184666.5,1335605.875,1138785.25,1227205.875,873688.3125,899890.5625,1174825.25,1085421.0,1556882.0,1513624.375,1187087.375,1321524.125,1114614.75,1139146.75,1154834.625,1151051.0,1393969.0,1368114.0,1048304.9375,1039906.0,1125007.75,984412.875,1505514.75,1542880.625,1419536.875,1503399.125,1372221.125,1427473.375,1336643.375,1517835.75,1450046.0,1560876.25,1502359.5,1539206.75,1657786.0,1536177.625,1596297.125,1647718.75,1237638.125,1324236.875,1543769.0,1584696.625,1348411.5,1497761.625,1187647.625,1296165.25,1305327.625,1370076.25,1222387.875,1303878.125,1616344.25,1628519.5,1614987.5,1599869.875,1546884.0,1564669.75,1653904.125,1704211.375,1221554.625,1318048.25,1164941.375,1271707.25,1318845.625,1420475.125,1562562.375,1526501.25,1279517.125,1378159.375,1324648.375,1424167.75,1224513.625,1369101.875,1490883.875,1540639.875,1236845.375,1305889.625,1205705.5,1262816.375,1712916.25,1695595.75,1371463.875,1350778.5,1361678.875,1394333.5,1407821.5,1441470.75,1565362.25,1674227.875,1603139.625,1543013.125,1310301.75,1268920.75,1572558.5,1437649.5,1576084.0,1593273.0,1374749.25,1479083.0,1679465.0,1595758.5,1616302.25,1653975.5,1295661.625,1319439.5,1259758.125,1287336.5,1028044.125,1149580.625,1166454.625,1271369.625,1329178.125,1421039.25,1579554.125,1606702.625,930595.3125,901915.6875,1118248.125,1075813.625,1158646.125,1093810.375,1388397.375,1387294.125,1505839.875,1309282.625,1200525.0,1179640.75,1247305.0,1257499.375,1207438.875,1196924.5,1648021.125,1489443.5,1219350.125,1236266.125,1628312.75,1675914.75,1288250.75,1341056.25,1474250.75,1373027.75,1808000.0,1571750.625,1731686.25,1729825.75,1692827.0,1833643.0,2091905.125,1930111.75,1417657.25,1607580.25
18,1545008.875,1455080.5,1242888.125,1342769.25,1118879.875,1102134.125,1477632.875,1281583.5,1465102.625,1364386.5,1530684.25,1409415.5,1314362.75,1219576.25,1225550.5,1343977.125,1338272.375,1404037.25,1097989.875,1221321.125,1208175.75,1259394.125,1393141.75,1253991.875,1415102.125,1373817.75,1040718.9375,1111283.375,1416554.75,1497351.625,1242750.125,1332076.25,1230689.375,1196451.25,1078986.375,1029892.1875,1181606.25,1325274.0,1191676.25,1525940.125,1263106.125,1240629.375,1064478.5,1093153.125,935421.0625,939407.3125,1056778.0,1075258.375,1100012.0,1071787.75,1133716.125,1221814.0,1196404.375,1170306.625,1403824.0,1510131.25,1405788.875,1323916.25,1212748.25,1443595.125,1188896.625,1276291.5,1374969.0,1499266.5,1427972.5,1406903.5,1584687.25,1490527.5,1085241.25,1109659.25,1200570.625,1381040.625,1259155.875,1371817.875,1051653.125,993189.8125,1480699.125,1312931.0,1274481.0,1454055.0,894929.9375,1030235.375,1110663.125,1064294.625,1065920.75,1195080.875,1332878.25,1357495.0,1138118.25,1163335.25,1188567.125,1274327.125,1075030.125,964467.9375,1190432.125,1153033.125,1184461.125,1334660.25,1140008.5,1230296.625,875067.4375,901139.3125,1175067.875,1085551.25,1556706.75,1513927.375,1187135.25,1320851.5,1115093.5,1139346.875,1156884.5,1150635.125,1393943.875,1366766.875,1048733.125,1036694.6875,1125298.75,981232.125,1503010.5,1539814.375,1419950.75,1501745.25,1372259.5,1425206.75,1335544.5,1518664.5,1450025.375,1559351.375,1502373.5,1540328.75,1656991.375,1536685.0,1596593.375,1652547.125,1238294.0,1326347.875,1545612.0,1586709.625,1348672.375,1499634.375,1188707.125,1297522.875,1305909.0,1371724.625,1222342.375,1303899.625,1615566.625,1625933.25,1613851.125,1598769.875,1547030.625,1564820.875,1651950.0,1702731.5,1221431.375,1319551.25,1164293.625,1271465.375,1319178.5,1422836.125,1563289.25,1529490.125,1280965.875,1379857.0,1323561.625,1422595.875,1223075.125,1367401.5,1490448.125,1539491.5,1236989.25,1306466.25,1204499.375,1262802.5,1712719.75,1696086.125,1371984.5,1350311.0,1361910.125,1393599.875,1406737.625,1440872.75,1565837.25,1674625.375,1602447.25,1543201.0,1310069.25,1268379.375,1575237.125,1437351.0,1579359.25,1596367.75,1375250.25,1477793.0,1679308.75,1596687.875,1619747.875,1655000.25,1294478.25,1318807.125,1259743.0,1287485.75,1026233.25,1150303.25,1165763.625,1272551.5,1329455.125,1418904.25,1579685.625,1605479.25,929777.3125,900886.0625,1116860.5,1075232.125,1158108.625,1092182.125,1387491.25,1386144.75,1506845.5,1308580.75,1199965.375,1179743.125,1250255.25,1257755.25,1206904.5,1198328.625,1648587.375,1489405.625,1218765.75,1236661.625,1631394.875,1678146.75,1288300.375,1342430.0,1474599.875,1372680.25,1809874.5,1571898.625,1732376.5,1729216.125,1690712.5,1831776.75,2092692.875,1931265.25,1419717.125,1609343.0
19,1543527.375,1454382.125,1241469.875,1342851.5,1118626.0,1101883.875,1478332.0,1282518.625,1465984.875,1367419.625,1530396.375,1409241.125,1314464.125,1218133.625,1226285.625,1343198.875,1337447.875,1403931.25,1097435.375,1218389.125,1208220.5,1258196.5,1392675.75,1253906.5,1416662.875,1373507.5,1031350.875,1108079.5,1414079.625,1497672.625,1242236.125,1329546.625,1230217.375,1195479.25,1079935.75,1030159.6875,1180082.125,1324441.625,1188275.125,1523742.625,1256747.25,1235073.75,1065165.125,1094054.375,933776.0,939952.3125,1053758.625,1078230.375,1098644.0,1071183.25,1133038.5,1221937.0,1197321.625,1171565.875,1405048.625,1510373.75,1406497.0,1325432.25,1214979.75,1446351.5,1187247.75,1275451.625,1375197.75,1498975.875,1428368.875,1407177.25,1585158.875,1491470.75,1087911.0,1109322.25,1200212.25,1380563.75,1258033.625,1371808.375,1051785.625,993199.4375,1481195.875,1314774.75,1274604.375,1453393.125,894044.75,1030949.9375,1110015.875,1064757.375,1064751.375,1194223.875,1332669.875,1358498.25,1137793.75,1164328.25,1187202.125,1274114.25,1075551.125,963501.25,1189459.25,1154229.25,1183799.375,1333096.375,1139111.25,1231354.375,875013.125,901625.875,1175221.375,1085533.375,1555873.875,1515505.875,1186557.625,1320609.0,1114513.5,1138179.625,1156192.625,1150553.375,1393684.125,1368201.75,1049205.25,1036511.0,1126078.625,980142.375,1501129.5,1540016.25,1418914.0,1502204.625,1371510.125,1424238.5,1335026.375,1519667.5,1449952.0,1558264.625,1502352.375,1540615.375,1658376.25,1536642.125,1596429.125,1655937.625,1237412.375,1326961.75,1546069.0,1588056.875,1350101.25,1500563.0,1189555.5,1298530.0,1305589.5,1370837.25,1221960.5,1303001.75,1616797.5,1624469.125,1613607.5,1597645.0,1547590.875,1564141.0,1651507.5,1702387.5,1222506.625,1319931.75,1163680.0,1270888.0,1319283.5,1422598.875,1565699.5,1531518.875,1280430.375,1378618.375,1321889.125,1420706.0,1222178.625,1367545.25,1488537.875,1538607.875,1236095.125,1306540.25,1201967.375,1262282.625,1713701.875,1697058.5,1374091.875,1350897.875,1365732.25,1395226.625,1406830.5,1443041.75,1567300.875,1677521.5,1602902.25,1544320.375,1307904.625,1267385.375,1575930.625,1437418.875,1580460.625,1597701.375,1374064.125,1479924.625,1683153.125,1599880.25,1620066.875,1655918.25,1293153.625,1318554.375,1257920.5,1287453.125,1025394.4375,1149035.25,1164573.25,1272665.625,1331341.0,1420344.125,1578085.5,1604294.25,929591.25,900847.125,1116202.125,1074279.75,1157735.0,1092760.375,1386923.375,1388137.125,1504166.375,1306281.875,1199106.125,1178400.875,1247826.375,1257030.875,1206340.875,1197107.75,1647179.875,1486804.0,1217079.125,1235544.125,1632911.625,1678091.5,1287433.875,1343399.0,1476675.25,1371461.125,1807140.125,1570249.625,1734427.875,1727987.125,1693121.875,1830657.125,2090477.5,1925678.75,1419742.25,1609046.75
20,1542271.875,1453765.0,1238131.125,1340480.0,1116908.625,1098867.125,1478202.125,1282753.0,1465906.75,1367632.625,1527617.375,1406740.875,1313121.25,1214712.375,1225178.0,1342637.5,1335352.125,1401182.25,1097260.25,1218913.75,1209166.875,1260781.0,1391022.0,1254037.5,1415761.75,1373013.5,1030142.5,1110112.875,1413215.5,1500055.5,1243754.75,1330096.25,1230677.25,1196217.0,1081262.75,1031643.75,1179208.625,1325011.25,1188073.25,1524761.875,1253674.25,1232141.625,1066373.5,1096888.625,932614.6875,939877.0625,1051131.5,1075952.0,1095561.875,1069307.875,1133656.25,1222480.0,1197916.5,1173263.0,1405762.5,1510432.875,1407757.375,1325793.625,1215291.0,1446787.25,1187538.5,1276823.0,1374731.125,1498655.875,1428088.75,1406411.5,1586696.375,1492150.875,1090397.0,1112945.875,1200966.875,1380230.375,1257961.375,1371976.75,1052501.75,995945.375,1482829.25,1316799.75,1275827.0,1451598.5,894574.5,1030931.0625,1110707.125,1063947.125,1064589.125,1192979.875,1334847.875,1359116.25,1139401.125,1164754.25,1184776.875,1274764.75,1075712.25,962549.6875,1189412.375,1153058.875,1182554.25,1333591.375,1138296.75,1231562.125,874158.375,902759.625,1175093.25,1085458.75,1556116.875,1516655.125,1186460.375,1320921.5,1114461.875,1137640.0,1155948.625,1152059.625,1393100.875,1369322.375,1051466.5,1039912.9375,1126518.25,982713.0,1501719.375,1538119.375,1418255.0,1502065.375,1372086.75,1424945.25,1333345.625,1518141.875,1449191.375,1559220.25,1501499.0,1539057.75,1658804.0,1534001.875,1594958.625,1655320.375,1235969.0,1325358.25,1544583.25,1588644.875,1351236.25,1500282.25,1188782.125,1299675.625,1303835.375,1369848.25,1222372.875,1303514.875,1617853.75,1625719.5,1611932.75,1595992.625,1546472.875,1562628.75,1651400.5,1701806.875,1223840.125,1319674.375,1164601.25,1271802.25,1319901.625,1421176.375,1566380.625,1530426.625,1279499.375,1376723.875,1321261.625,1422212.125,1222807.875,1368575.375,1487962.875,1539716.375,1236894.0,1306276.125,1201854.375,1262510.75,1713139.0,1696163.875,1372961.5,1350168.125,1365817.625,1395806.875,1406041.875,1442250.25,1567698.125,1677832.125,1603112.625,1544213.875,1305303.75,1265458.625,1576885.375,1440613.0,1581112.125,1597591.5,1374102.25,1482656.375,1685921.125,1602630.75,1617897.875,1655245.125,1293335.125,1320575.5,1256221.5,1288138.125,1026662.0,1148284.375,1164133.5,1272706.0,1333039.625,1421936.875,1577910.75,1605683.375,929900.125,902101.375,1117401.0,1074929.625,1158340.625,1094236.375,1386017.375,1388366.875,1501068.375,1305856.375,1198971.875,1176681.75,1244934.5,1256017.125,1205872.25,1194876.875,1647331.875,1485959.125,1216343.125,1233733.375,1629472.75,1673773.875,1287454.625,1342302.625,1476983.625,1370461.875,1805239.5,1570173.375,1733826.125,1726386.0,1693456.5,1830158.875,2090421.875,1924299.0,1417714.375,1605321.75
21,1543098.0,1454477.0,1241122.375,1341392.0,1118652.75,1100806.625,1478152.75,1282376.5,1464638.125,1366722.625,1526020.125,1406871.5,1315879.375,1216787.125,1227387.75,1342753.875,1335810.125,1400162.375,1100891.125,1224470.5,1210852.0,1263184.5,1392097.75,1252977.625,1415255.125,1371539.875,1040785.9375,1119290.75,1416279.875,1498069.125,1244474.0,1330947.125,1233032.25,1196590.875,1079276.25,1032378.0,1180660.75,1325067.25,1189629.75,1524563.375,1260723.25,1237344.375,1068373.625,1098337.875,932904.8125,938270.4375,1054304.5,1071593.125,1095247.0,1069680.5,1133863.0,1222381.375,1197612.125,1172715.5,1405239.25,1508327.125,1408761.0,1322634.75,1213824.75,1443104.125,1188200.25,1277087.0,1374561.375,1497717.75,1426821.375,1405424.0,1585552.0,1491231.375,1090105.25,1111213.125,1202094.875,1380165.0,1258721.25,1370129.875,1053044.375,995974.5,1481147.875,1315182.0,1276065.125,1449953.5,893595.8125,1030728.8125,1110325.875,1061902.625,1065670.875,1192316.5,1333445.375,1356506.875,1136790.625,1163493.0,1184717.75,1276480.125,1073460.125,961880.3125,1188701.0,1151348.25,1181925.375,1333960.125,1136937.375,1231591.125,871935.5625,903926.9375,1173593.875,1084495.25,1555726.125,1515859.0,1185996.5,1322016.5,1113862.5,1137357.5,1153620.875,1151806.125,1391745.375,1366184.25,1049285.5,1038359.4375,1124894.625,981470.0,1499226.375,1534307.0,1417670.25,1498428.0,1372647.5,1426202.5,1332058.75,1514159.5,1448365.5,1559648.875,1501042.0,1538308.75,1657871.0,1532051.375,1594862.875,1652014.25,1235243.625,1325775.375,1541910.0,1586854.875,1351547.125,1498913.375,1187587.75,1298373.75,1303328.125,1370482.125,1223081.125,1305685.5,1615828.0,1626272.375,1610920.125,1596285.0,1547320.25,1562705.25,1650657.625,1702108.125,1225012.375,1318384.125,1165620.375,1272780.25,1322253.125,1420475.25,1566118.75,1526629.5,1279386.5,1377288.25,1319930.0,1421581.625,1224503.125,1366707.25,1486836.25,1540100.875,1238616.25,1307066.625,1203850.5,1263498.625,1710651.625,1694558.5,1371908.375,1350415.75,1365670.625,1395868.0,1404728.0,1438403.125,1567266.75,1676856.375,1603558.625,1542789.5,1308881.0,1267798.5,1577587.75,1441006.125,1582869.75,1599192.75,1376315.0,1483063.25,1683583.25,1601848.375,1618633.625,1654856.75,1295744.0,1324178.75,1257482.75,1289837.875,1028972.3125,1149597.125,1165725.125,1273805.375,1334033.5,1423728.25,1579045.75,1607069.375,928818.6875,900411.1875,1116572.875,1074990.0,1157104.875,1092650.625,1384072.875,1386137.0,1503051.75,1306958.25,1199241.5,1176131.625,1245710.375,1257067.75,1204629.25,1193462.625,1649546.0,1487136.0,1217095.875,1233134.125,1628067.875,1674313.875,1286966.25,1340486.0,1474013.375,1371574.0,1807351.0,1569426.875,1731683.75,1725435.75,1690341.375,1829648.75,2091638.125,1928119.125,1415582.625,1605760.875
22,1542108.875,1454212.5,1246005.5,1343422.75,1121890.0,1104539.75,1475576.125,1279812.5,1462186.5,1365205.125,1526386.75,1409051.125,1319411.0,1221146.75,1232059.75,1343589.5,1338535.25,1401693.125,1103303.375,1225615.125,1210288.75,1257069.875,1393916.75,1251609.25,1415754.625,1368868.5,1046765.5625,1120925.5,1418434.875,1495733.125,1242037.625,1325495.875,1233549.125,1193554.625,1073965.25,1028785.25,1182861.875,1325018.875,1189610.875,1523203.25,1265832.625,1242473.0,1065191.625,1098992.5,933403.6875,936280.5625,1056245.25,1070160.0,1095656.375,1069053.625,1130056.375,1222566.5,1196418.75,1171439.875,1404030.0,1505004.375,1408931.625,1318204.5,1212959.75,1440672.5,1188561.25,1275915.125,1373914.875,1498708.5,1428066.625,1406080.75,1583883.625,1489875.0,1091594.25,1109939.375,1202406.0,1380356.375,1259106.5,1368196.625,1052822.5,994189.0625,1480034.875,1314959.0,1275006.125,1449338.875,893263.0625,1028614.25,1109771.25,1064579.75,1065633.125,1194099.875,1330514.625,1354919.0,1132325.5,1162794.5,1185495.5,1276118.625,1071662.625,962873.625,1187049.375,1153454.75,1182470.875,1335033.375,1135448.625,1228553.375,869555.5,902568.75,1172959.5,1084674.75,1555937.75,1515059.625,1185513.75,1323456.25,1113187.75,1137972.5,1151228.625,1149675.375,1391906.0,1364051.125,1046244.1875,1036563.6875,1124342.75,981556.8125,1498596.75,1538954.375,1417130.75,1499234.875,1371906.75,1428312.125,1335822.25,1512333.375,1450261.375,1559872.75,1501637.125,1538553.75,1659248.875,1533839.875,1597796.125,1646446.25,1233006.375,1326193.375,1539905.25,1582356.75,1350626.5,1496081.125,1187134.125,1294613.375,1304509.25,1369944.25,1222867.0,1305644.0,1615645.875,1628663.5,1612583.375,1598371.375,1550047.25,1565223.125,1651336.0,1703480.5,1225462.25,1316728.625,1165650.375,1272871.75,1323172.25,1418715.375,1566969.125,1523913.125,1279720.125,1377293.625,1321599.25,1419990.0,1225105.5,1367398.5,1487767.75,1539562.875,1238563.625,1307252.375,1205714.125,1264255.25,1710126.875,1694609.5,1372861.75,1352653.5,1367530.375,1395833.125,1406641.375,1438685.125,1567460.375,1676614.5,1604359.625,1542702.875,1313854.25,1271584.5,1576096.25,1437777.375,1582656.125,1601715.375,1375125.125,1483109.0,1683385.25,1601890.75,1621050.75,1657352.75,1297198.125,1325137.875,1260101.5,1291571.375,1027687.3125,1148195.875,1166598.0,1272772.625,1335079.25,1426643.125,1578102.125,1605590.875,928169.875,898388.125,1115216.75,1074461.875,1155958.25,1091632.125,1384697.0,1386326.25,1504655.875,1305455.375,1199800.625,1176455.75,1244734.75,1256569.625,1203668.875,1192448.75,1650574.25,1487411.5,1218031.5,1233931.75,1628596.625,1676133.625,1287258.0,1340197.75,1472903.0,1372060.5,1808369.875,1569229.0,1730073.75,1727089.125,1690228.0,1830178.875,2090255.125,1928099.75,1416189.125,1606950.75
23,1540423.5,1453380.375,1243860.5,1341023.125,1121333.25,1101965.125,1471946.0,1276565.125,1461155.625,1363232.625,1527810.125,1410466.625,1318397.25,1221197.375,1232729.125,1343272.625,1339406.125,1403738.375,1100596.0,1219961.125,1207499.875,1249420.875,1392354.625,1253011.625,1414626.0,1368988.375,1039283.1875,1111407.5,1417246.75,1500520.625,1240063.5,1320831.25,1232064.875,1190083.375,1071487.625,1023900.5625,1182968.25,1326598.125,1189945.0,1524696.5,1262214.875,1242156.75,1056241.625,1100913.875,934099.75,936170.9375,1053510.25,1072138.25,1097587.5,1069225.625,1124361.0,1223069.125,1194547.75,1172388.625,1402315.5,1503834.375,1407174.75,1318470.0,1214069.5,1443620.125,1189065.625,1276816.75,1373127.875,1502653.5,1431632.125,1406912.5,1584554.125,1490249.5,1091743.625,1113213.625,1201700.875,1380966.75,1258075.375,1369696.125,1051731.125,993313.0,1479858.125,1316308.5,1273587.0,1450245.625,894307.0,1026929.125,1111657.25,1069292.125,1064459.5,1195703.875,1330542.75,1355946.375,1134172.125,1161642.875,1185571.125,1273171.625,1072880.25,966523.125,1187376.875,1156121.75,1183472.125,1333892.125,1136164.0,1226220.25,871281.875,899443.625,1174433.625,1085602.5,1555930.25,1515681.125,1185899.25,1322843.125,1114524.5,1140287.75,1153483.375,1149774.375,1392932.25,1365269.5,1046671.375,1039870.9375,1126901.625,985778.0,1502454.375,1540432.0,1417373.375,1501030.25,1370709.5,1428328.5,1341975.375,1515621.125,1454818.625,1561972.875,1499928.0,1538853.375,1661163.5,1536547.5,1599139.875,1640466.25,1232213.875,1324968.375,1540167.625,1580422.625,1348085.5,1493836.5,1186131.625,1293183.125,1306324.375,1369274.125,1222463.375,1303817.5,1618039.125,1631109.125,1615623.125,1599775.375,1551401.75,1568929.625,1653624.5,1704966.125,1223394.25,1316709.875,1164684.625,1272771.25,1320813.75,1417367.625,1568769.25,1527028.375,1279510.75,1378330.5,1323856.0,1421277.0,1222949.625,1371649.5,1488322.25,1540229.875,1237031.25,1307241.375,1205268.625,1265403.625,1712767.0,1695346.5,1372999.0,1352989.125,1367722.375,1395348.875,1409947.375,1442853.75,1566107.25,1675956.0,1604148.0,1544337.875,1312070.0,1272268.125,1576690.875,1434520.0,1581657.5,1602947.5,1371193.5,1483046.375,1686189.375,1604495.75,1623471.125,1660632.375,1296124.875,1321781.5,1261170.375,1289717.5,1023660.625,1143642.375,1164288.625,1269002.25,1334012.125,1425573.5,1576441.125,1604432.5,928867.875,899008.4375,1116077.125,1074132.75,1157179.125,1093551.75,1387764.875,1387775.375,1503255.5,1304487.75,1200376.5,1177098.25,1245440.625,1256065.75,1204580.0,1192067.125,1649478.0,1485982.375,1217767.375,1235119.625,1632149.375,1678302.375,1289096.875,1341638.0,1476556.125,1374742.0,1808553.625,1571770.5,1734561.625,1730401.75,1694211.625,1832817.125,2090940.75,1928772.375,1419991.5,1610186.375
24,1540722.875,1453786.0,1242166.875,1341190.125,1122215.625,1102197.5,1471150.0,1277218.625,1463101.75,1364150.875,1529222.5,1411014.625,1319950.625,1222432.375,1232852.875,1343915.375,1338949.25,1405824.75,1103824.875,1221322.375,1209213.625,1251353.125,1391954.375,1256087.625,1414261.375,1371462.875,1038059.375,1108569.125,1414174.625,1503200.125,1239529.75,1323721.25,1230392.25,1191270.125,1072294.375,1024014.25,1182355.125,1327497.75,1189883.5,1525255.25,1264944.0,1243526.375,1050252.5,1095364.875,935387.875,936908.0625,1051780.0,1072576.875,1099906.25,1071396.25,1123019.125,1220964.875,1194592.75,1173227.125,1401347.875,1504891.375,1406523.0,1321446.375,1214908.375,1446999.875,1188603.625,1277595.625,1373797.125,1503853.625,1432882.0,1407089.75,1586870.25,1492830.5,1086955.25,1109840.125,1200597.25,1380590.375,1256601.0,1370276.625,1050314.25,992214.1875,1476553.875,1313122.875,1272649.875,1450249.375,893105.625,1027789.9375,1111800.5,1068262.875,1063550.5,1195346.75,1329422.25,1354518.75,1137034.125,1161115.25,1185698.0,1272441.125,1074463.5,965757.75,1188711.875,1155896.625,1183422.0,1330285.625,1136606.625,1227921.625,873381.5,898841.375,1174795.125,1084937.25,1554446.625,1515702.25,1185287.75,1320398.25,1115431.875,1140002.125,1153936.25,1150542.75,1391210.875,1364861.625,1045067.0,1039594.5625,1126959.125,983905.5625,1500936.625,1532599.375,1417328.5,1499353.0,1368821.5,1426453.25,1338842.125,1515215.5,1453484.875,1561563.25,1497557.375,1538867.25,1658796.5,1535813.75,1595961.25,1638539.25,1234490.0,1325150.875,1540834.125,1582281.5,1347066.625,1494301.0,1185524.5,1294287.75,1306994.25,1370306.875,1221702.875,1303096.375,1617333.625,1629973.5,1616837.125,1600523.625,1551886.5,1570586.625,1654487.625,1706218.25,1221949.25,1317610.25,1163155.625,1272411.25,1320425.0,1418999.625,1567274.0,1529045.875,1279031.0,1380732.125,1322543.75,1421563.375,1222486.875,1372763.875,1486425.875,1540266.5,1235535.125,1308496.5,1204023.0,1266269.625,1714506.75,1695915.625,1373182.875,1352291.75,1368165.875,1396565.375,1408881.5,1443599.125,1564759.5,1675479.75,1604272.875,1544988.25,1311192.75,1273964.25,1580171.25,1434093.625,1582921.125,1603214.625,1372595.125,1485254.625,1685755.0,1604252.125,1624754.375,1660788.5,1295387.875,1318890.625,1260058.5,1286092.75,1023918.0625,1143378.125,1163636.75,1268743.25,1331925.25,1422963.5,1576354.375,1604965.75,927807.0625,898836.125,1115947.375,1073010.375,1156942.5,1093741.5,1387585.625,1387025.25,1506612.125,1307335.875,1200421.875,1178038.875,1248857.875,1259522.5,1206181.25,1192876.375,1647570.125,1485988.875,1217597.375,1235603.375,1637378.75,1682762.75,1289585.625,1341912.875,1479084.625,1378557.75,1809605.25,1570193.375,1740754.0,1731621.25,1696816.625,1834198.875,2093255.625,1930864.625,1421458.375,1615464.0
25,1541006.375,1453188.5,1243821.75,1343985.875,1124119.875,1105853.0,1471727.25,1277247.375,1463038.875,1366176.75,1527919.125,1409629.125,1323612.0,1223840.5,1232962.25,1344979.625,1337930.5,1404578.125,1108223.5,1226114.875,1212609.625,1253468.25,1393642.625,1254301.5,1415619.875,1369427.625,1046994.6875,1112587.625,1411431.25,1499644.75,1238838.125,1323386.25,1230544.75,1192527.125,1071170.375,1025870.0625,1182915.125,1326391.625,1189024.375,1524126.375,1272539.75,1246804.125,1051407.125,1088832.375,935224.1875,936529.5625,1051607.125,1069432.375,1097438.375,1070185.375,1126059.75,1219447.625,1197326.25,1171699.625,1403164.625,1504357.75,1408132.125,1320101.375,1212520.625,1446406.0,1188383.0,1277331.5,1374876.875,1501281.75,1431372.75,1407480.5,1588071.625,1493629.875,1087467.0,1106109.75,1200253.5,1379410.0,1256686.75,1369184.125,1051451.75,993540.75,1475698.0,1311219.875,1273106.25,1450160.0,892385.375,1029114.375,1110262.0,1068477.875,1064025.75,1196352.75,1328793.125,1354916.5,1133978.625,1164242.25,1184762.125,1274159.0,1074302.25,963145.9375,1187822.375,1156490.75,1182294.625,1332397.5,1134801.125,1229059.625,869954.625,901071.6875,1173672.0,1085460.875,1553926.5,1515447.625,1183894.125,1320301.0,1114662.0,1137849.625,1150809.875,1149458.125,1389779.75,1363948.75,1044508.5625,1036474.25,1124876.0,980446.8125,1498217.75,1533545.0,1417065.125,1501990.25,1368230.75,1428492.625,1331808.875,1511337.5,1447722.125,1557950.625,1499179.375,1537687.875,1657729.375,1533675.75,1594523.875,1642346.0,1234731.0,1326236.25,1540892.0,1582561.875,1349409.25,1494998.75,1187452.0,1293927.375,1304726.125,1369339.375,1220622.875,1302904.25,1616771.875,1630819.0,1615983.875,1601906.5,1551421.25,1568758.0,1652972.5,1706277.25,1224541.125,1316313.75,1162693.625,1271694.875,1323062.125,1418987.875,1564169.25,1524833.5,1279482.375,1378955.25,1323344.5,1421436.25,1225502.875,1371192.0,1488194.875,1539566.625,1235528.625,1307991.5,1204240.625,1265389.25,1712434.375,1695489.875,1372804.0,1352718.0,1368878.125,1396437.875,1405713.5,1440830.5,1565922.375,1675261.25,1604695.375,1543711.75,1315433.625,1276288.5,1580584.625,1437141.0,1584551.0,1603501.125,1376379.625,1490103.125,1685413.0,1602671.875,1623405.625,1658995.875,1296488.375,1320544.5,1258963.75,1287679.375,1026671.3125,1146285.125,1165066.375,1271277.125,1334155.0,1426490.0,1576800.125,1605355.5,926741.8125,898480.9375,1115592.0,1072845.625,1155936.125,1092053.75,1385728.625,1385833.0,1510606.0,1309052.25,1200104.625,1178220.125,1246562.0,1260502.125,1206361.875,1193686.125,1647308.125,1487200.125,1218874.75,1235009.625,1633191.625,1679229.125,1287404.875,1340146.625,1475721.625,1375672.375,1808295.0,1565358.125,1736189.25,1729725.5,1694384.0,1831837.375,2091546.75,1927723.0,1417323.25,1611120.875
26,1540475.625,1451410.25,1242608.75,1341437.625,1121333.875,1102974.0,1471584.125,1273396.125,1459732.25,1364855.375,1525668.75,1407977.625,1321613.375,1220739.125,1229935.625,1342879.375,1336561.875,1400351.375,1102279.625,1221715.625,1209591.25,1247580.125,1391778.625,1248546.625,1415862.5,1364751.625,1046940.3125,1110308.375,1411550.375,1498168.375,1238724.0,1317263.875,1232370.375,1189130.5,1069488.75,1024470.0,1182935.375,1325479.125,1190002.375,1524175.5,1269670.0,1245258.75,1054614.875,1093604.875,933564.25,935902.25,1050332.875,1067325.625,1095002.625,1067821.375,1127670.0,1221353.5,1197670.625,1170392.25,1404877.125,1501958.875,1407105.0,1316040.875,1211294.875,1444874.0,1189736.125,1278034.125,1373915.75,1499401.75,1430349.375,1407787.5,1586555.0,1491143.75,1093076.625,1112246.625,1200763.75,1378516.25,1256860.625,1369853.25,1053364.125,996305.0625,1478134.5,1315057.0,1272752.25,1451954.125,893483.1875,1029797.375,1112256.125,1073135.0,1065436.0,1197432.375,1331027.125,1358675.875,1131147.25,1165507.25,1183846.25,1274398.25,1074031.625,967126.5625,1187537.5,1158083.625,1181335.5,1336463.375,1134243.625,1227610.75,867697.6875,902196.875,1173672.875,1087740.875,1554654.125,1516697.75,1184808.25,1322752.25,1114621.75,1139319.5,1152682.625,1149729.125,1393228.625,1366657.875,1049850.125,1039061.3125,1127166.875,984049.875,1504909.5,1541735.375,1417911.875,1504404.375,1370424.75,1430928.375,1335559.625,1513813.625,1449805.125,1558968.625,1500618.75,1536485.375,1661413.375,1534542.625,1598113.375,1646861.375,1233003.25,1325100.75,1541390.5,1581409.5,1349643.125,1493915.25,1188442.5,1292474.875,1303199.875,1366667.875,1220865.75,1302436.5,1619996.875,1635779.375,1616321.0,1603823.0,1551375.625,1567462.625,1652867.0,1705723.625,1225516.125,1313817.0,1163559.375,1270381.75,1322446.0,1415739.125,1564713.25,1522307.375,1280296.5,1376055.125,1325628.625,1422998.375,1225930.625,1370224.0,1490157.75,1539641.0,1237442.0,1305582.125,1204692.625,1264579.375,1709790.875,1693796.875,1370774.25,1352849.875,1366666.125,1393777.125,1406408.875,1439733.75,1566029.25,1673489.125,1602387.25,1541652.5,1315282.125,1274461.25,1579445.0,1441062.875,1585483.875,1604174.375,1377011.25,1493192.875,1687541.5,1603716.875,1623372.75,1658562.125,1297076.625,1324162.25,1259204.75,1291719.875,1025367.3125,1145381.25,1163804.75,1271053.125,1338396.625,1431232.625,1578211.125,1606505.125,929530.1875,900428.3125,1118087.375,1074403.0,1158059.375,1092961.75,1387762.75,1386665.75,1506837.0,1307031.125,1199735.5,1177870.125,1243558.625,1257225.125,1204980.625,1193589.125,1648893.25,1487388.875,1219821.625,1234484.75,1625062.875,1672370.5,1285782.875,1339664.0,1473375.625,1371224.0,1807930.125,1567047.875,1729772.375,1728476.5,1692223.25,1830325.75,2091512.375,1925884.875,1414666.875,1603938.875
27,1540438.625,1451576.875,1242159.0,1339719.625,1120673.0,1101268.25,1471247.625,1272697.875,1459471.0,1363228.75,1526154.375,1408768.75,1319672.625,1220656.25,1229111.375,1341701.75,1337318.0,1400863.125,1099773.125,1219110.0,1205889.625,1245489.0,1388909.25,1248530.0,1414596.75,1365731.375,1042707.6875,1110160.875,1413013.0,1496914.625,1238036.625,1317144.375,1231330.125,1187064.875,1071172.25,1023579.5625,1182569.375,1325543.25,1191203.125,1521561.625,1264656.0,1242472.625,1057278.5,1097358.375,933858.6875,936718.875,1053115.75,1071772.5,1097455.375,1069242.625,1127236.75,1221971.5,1193819.75,1170681.5,1401976.25,1501382.375,1403449.75,1315689.625,1212966.625,1444299.25,1190181.375,1277333.25,1371713.0,1499187.125,1430109.625,1407457.375,1584350.5,1489491.5,1091125.75,1115575.625,1200424.625,1378410.625,1256449.625,1370131.375,1051329.5,994841.5,1479872.5,1315898.0,1270963.0,1451621.125,891907.875,1028805.9375,1114211.875,1070310.0,1066421.0,1195325.625,1329512.5,1356610.0,1133922.5,1161483.375,1185158.625,1273164.375,1075352.25,968127.375,1190199.875,1156614.375,1180873.25,1333386.75,1135593.0,1225470.625,872188.9375,900738.9375,1174035.625,1086681.125,1555412.5,1516939.5,1186395.125,1322985.125,1115640.25,1140881.625,1156162.5,1151172.625,1395213.375,1368779.125,1052417.125,1041456.1875,1129932.5,985108.375,1507472.25,1539414.375,1418827.0,1500457.75,1371682.875,1429049.375,1340196.375,1517172.125,1454448.25,1562668.375,1498192.875,1537272.125,1660305.875,1536181.375,1599285.875,1646070.25,1233643.625,1324133.0,1540057.375,1582351.375,1345940.625,1493144.75,1185354.5,1292278.625,1305799.5,1367432.5,1221829.875,1302882.0,1623261.125,1638839.875,1618438.125,1604315.125,1554656.375,1569194.25,1656042.625,1707161.875,1221073.5,1314180.875,1163854.25,1269166.5,1318353.25,1415252.75,1564468.5,1523665.25,1280216.75,1378774.875,1323792.25,1422310.875,1224076.875,1369434.125,1487705.75,1539646.375,1238863.0,1305324.5,1205042.875,1264930.125,1710657.75,1693672.125,1370711.25,1352833.875,1365332.5,1394394.5,1409625.625,1441238.875,1564850.625,1672405.625,1600478.375,1540715.875,1312198.75,1273300.0,1581293.75,1443080.0,1586383.25,1604758.125,1379270.875,1493821.0,1685871.875,1603321.75,1626602.625,1659270.125,1296583.625,1324816.0,1260130.125,1290432.125,1024299.5625,1143685.5,1163199.875,1270196.25,1339148.0,1430028.5,1579818.875,1607449.0,931384.1875,900862.875,1119146.875,1074205.5,1159341.375,1094440.125,1389003.0,1388106.875,1503401.875,1305429.75,1199582.0,1178174.25,1246911.25,1256644.375,1203963.25,1193700.875,1649608.875,1488146.625,1219577.375,1235107.875,1625267.875,1673730.125,1286255.75,1339884.125,1475649.625,1372297.625,1809718.5,1570084.0,1732770.5,1728541.375,1693492.625,1831309.0,2094799.875,1929393.0,1416270.75,1606060.25
28,1541108.625,1453363.625,1244655.0,1342844.375,1124277.5,1104586.75,1472624.125,1276233.0,1462504.75,1364309.625,1526997.875,1409306.125,1322458.0,1223954.5,1230584.25,1342991.25,1338274.625,1404532.625,1105204.0,1223974.75,1207345.25,1251652.625,1390484.375,1253148.125,1413610.625,1369814.25,1044326.3125,1119258.0,1412310.75,1494734.875,1238172.25,1322828.75,1228913.375,1190805.125,1075878.25,1027775.8125,1182495.5,1325392.125,1190663.375,1518051.0,1267133.25,1243069.5,1059361.25,1092899.625,935486.6875,938075.75,1062468.875,1080547.0,1098586.25,1070908.75,1127903.625,1220025.875,1191940.875,1170932.125,1399569.125,1502724.375,1403093.5,1318407.125,1212265.0,1445315.875,1188697.875,1274937.75,1371536.75,1499040.625,1430008.625,1406972.0,1584868.5,1490230.875,1087839.875,1110824.625,1199172.375,1379456.125,1256828.25,1369389.0,1048622.0,992718.0625,1480567.125,1311657.25,1271201.375,1449039.625,889866.3125,1025886.0,1112457.625,1062759.125,1066979.0,1193497.625,1326591.125,1353128.75,1136984.625,1159443.5,1186225.75,1271927.375,1076758.875,961223.375,1191366.125,1154226.75,1180843.125,1330507.5,1136007.625,1223905.625,875460.0625,899252.1875,1173764.375,1083970.75,1555538.75,1514951.375,1185291.375,1320629.625,1116281.75,1138891.25,1154425.25,1150677.375,1391784.625,1367339.75,1048246.9375,1038193.8125,1127019.75,981942.8125,1499652.25,1534437.5,1418098.5,1498504.375,1370558.5,1427920.125,1336329.375,1516732.375,1453344.375,1562105.625,1497657.375,1539195.125,1656178.375,1536292.0,1596032.25,1643612.25,1236379.25,1326638.0,1537664.125,1583051.125,1344917.5,1493355.875,1182902.25,1291979.625,1307283.75,1368761.25,1221495.0,1303914.125,1627499.375,1638190.875,1620490.625,1603060.875,1555802.75,1569542.875,1658288.625,1709110.25,1218431.375,1316103.375,1163306.125,1269844.75,1316811.875,1417172.25,1562331.25,1526279.75,1279591.125,1382217.0,1320362.875,1419258.375,1223628.25,1367343.5,1486219.5,1539495.375,1237581.125,1306684.0,1205027.375,1264359.625,1714087.125,1695587.5,1372481.75,1352538.0,1367293.375,1396609.125,1411443.125,1443865.375,1565066.875,1673871.5,1603012.0,1541909.625,1312543.375,1274935.75,1581449.875,1442762.875,1584538.25,1602588.125,1381620.5,1492016.25,1682425.875,1601155.5,1627088.0,1658598.125,1296409.875,1322361.625,1261159.875,1286736.25,1027370.875,1145899.625,1165796.375,1270968.25,1337274.625,1427420.25,1579334.5,1606788.75,928827.0625,898350.5625,1117154.5,1072309.75,1157449.375,1092868.375,1386251.125,1388962.0,1505455.125,1306445.375,1199188.875,1177896.25,1248334.0,1257337.25,1204592.875,1194228.375,1649051.125,1488042.625,1218619.875,1235587.5,1628053.75,1675607.25,1285392.375,1338906.875,1475349.375,1374267.25,1807332.5,1567423.5,1735374.5,1727911.25,1694244.5,1832147.375,2093833.25,1930085.5,1415565.125,1609219.75
29,1541164.125,1453205.375,1243866.5,1342216.5,1123936.5,1103587.875,1474464.625,1276364.625,1462108.875,1363854.75,1526746.125,1407804.0,1325129.0,1223974.5,1228873.0,1341640.0,1336410.0,1402566.25,1106716.875,1225725.875,1209891.75,1258089.75,1393072.5,1253236.25,1413425.75,1369517.625,1048395.5625,1123730.125,1412017.0,1497201.875,1242083.375,1329202.0,1230738.375,1197467.625,1083562.25,1034377.0,1181611.5,1324604.5,1190817.25,1521549.75,1271722.0,1245185.75,1058705.25,1087417.625,936518.25,938936.0,1065689.25,1082299.0,1097406.25,1070770.25,1132618.75,1216780.75,1193779.0,1169929.125,1401403.5,1502727.5,1404472.875,1318655.375,1207514.5,1446464.5,1188154.25,1274466.875,1372774.625,1497239.5,1428937.625,1406251.75,1585386.5,1490097.625,1089975.875,1108196.625,1198738.125,1379165.375,1256592.25,1370070.375,1049119.375,993784.75,1477998.625,1308642.375,1273218.0,1449713.0,890495.8125,1026225.8125,1110680.5,1062042.5,1066850.125,1194224.875,1329565.25,1356543.625,1136919.625,1162878.75,1185754.125,1271143.125,1075862.25,960691.125,1190602.375,1155059.375,1181394.125,1332717.75,1135937.25,1225406.625,873467.3125,901151.125,1174035.375,1085409.75,1554094.375,1514127.75,1184272.375,1320199.875,1116010.25,1138213.0,1154654.0,1151905.875,1391518.5,1367202.5,1047140.375,1036287.5,1125441.875,982041.25,1499682.875,1536976.75,1416724.25,1500067.75,1370023.0,1427627.125,1335279.25,1516773.25,1453349.875,1560111.75,1498918.625,1538765.375,1657181.625,1535187.25,1594552.25,1644422.5,1238690.875,1329798.0,1537835.375,1580748.625,1346370.375,1493114.125,1183629.125,1290663.0,1304888.125,1366509.5,1220594.125,1303125.125,1628525.125,1633443.375,1620135.875,1601960.0,1550463.0,1566493.125,1657029.125,1707892.125,1220170.5,1315447.0,1162958.125,1270586.25,1317160.5,1416268.25,1562834.0,1527719.625,1279184.125,1380972.375,1319412.0,1418930.375,1223001.625,1364780.125,1486366.875,1538772.25,1235872.0,1307019.0,1203854.0,1262790.75,1715889.0,1695592.75,1372166.5,1351092.75,1367794.875,1395224.875,1410953.625,1444744.5,1564491.375,1673646.625,1604220.75,1542657.375,1312853.375,1273106.75,1577670.25,1442643.75,1579961.125,1597935.0,1378909.125,1486421.375,1682799.375,1600888.625,1623454.625,1656353.75,1297079.625,1322503.75,1262150.625,1287535.75,1030518.75,1149710.25,1167678.125,1272204.0,1333956.625,1425517.125,1578397.5,1607214.375,927637.5,897997.0,1116666.625,1072504.75,1157677.375,1092087.5,1386152.125,1389230.25,1505801.0,1307940.625,1198265.875,1176899.125,1245741.625,1256701.5,1205970.125,1194744.5,1648864.125,1485308.125,1217223.5,1235171.875,1628038.0,1674093.625,1283267.875,1339552.625,1472448.25,1374602.0,1803929.125,1566337.75,1732833.5,1727775.75,1692543.25,1831797.75,2090823.25,1926874.75,1413554.5,1609072.125
30,1538767.875,1450549.25,1240440.75,1338021.125,1120982.0,1101137.5,1472279.375,1273414.25,1458912.375,1361722.5,1525616.625,1406338.875,1326242.125,1224504.625,1226915.625,1339224.0,1334401.125,1397845.375,1108944.125,1227126.0,1211892.0,1263055.75,1391452.75,1249790.75,1413006.625,1367512.0,1059424.5,1121108.125,1413626.375,1498398.25,1244406.5,1336920.875,1232750.125,1202467.125,1091644.75,1037522.0,1181790.625,1323012.125,1191715.875,1526489.875,1276884.75,1248170.25,1059154.625,1081968.0,938454.5625,939955.5,1058358.0,1074710.25,1098128.375,1071101.375,1140869.625,1212363.75,1193879.625,1168519.875,1400755.5,1501980.25,1403069.375,1316586.125,1201692.25,1444024.875,1189293.625,1274953.25,1371560.0,1494253.75,1426702.125,1405393.875,1582798.75,1488844.0,1087649.25,1108492.625,1199560.625,1376797.125,1255827.875,1370195.625,1050163.75,993947.6875,1475141.375,1307568.125,1273677.25,1450992.125,890303.4375,1030268.875,1109736.125,1063163.5,1066138.875,1194935.0,1331991.375,1357406.75,1136984.875,1165633.875,1185940.25,1271445.0,1074654.25,966676.5625,1191451.625,1156729.5,1182323.375,1331678.0,1135924.5,1227863.125,872317.75,903901.0,1174401.25,1088159.0,1553281.75,1515059.125,1185894.5,1322192.125,1115229.125,1139477.625,1157574.25,1154813.5,1394447.25,1368673.0,1050529.0,1037484.5,1129232.375,981495.5625,1503930.5,1537231.5,1416943.0,1499983.125,1370513.25,1425138.375,1338619.875,1515911.25,1456020.75,1560626.375,1497032.125,1536198.125,1656520.0,1532903.125,1595161.375,1645575.0,1240149.75,1330865.25,1538718.0,1579817.25,1345153.75,1493175.25,1184130.625,1291111.375,1304040.0,1365110.5,1221125.375,1301360.75,1621526.125,1629777.625,1617572.25,1602164.875,1546328.25,1564880.625,1655178.125,1705765.0,1219691.25,1313737.375,1162769.75,1269154.625,1315429.5,1414330.25,1561705.875,1523686.625,1279065.875,1378716.875,1321707.25,1422033.75,1223427.5,1364272.375,1486694.5,1537416.25,1236143.25,1306570.125,1203873.5,1261826.125,1714068.25,1693349.25,1370566.125,1349949.875,1365244.625,1393387.875,1408714.625,1441794.875,1562841.375,1671113.375,1601401.25,1541434.375,1312487.875,1270069.5,1575713.625,1443503.875,1578616.125,1596690.875,1376989.625,1483067.125,1682589.625,1600148.125,1620640.5,1655101.875,1299569.25,1327144.0,1263168.75,1290607.125,1032620.875,1152345.875,1168857.25,1273353.625,1332573.125,1424563.5,1579763.25,1609600.25,929569.25,900263.125,1116788.875,1073973.0,1159394.625,1093743.0,1387950.625,1388076.0,1504195.75,1308448.875,1198543.125,1176491.125,1245975.5,1258116.5,1207198.125,1195323.375,1648796.5,1485009.75,1216890.25,1234722.375,1628875.25,1675293.875,1283771.625,1341118.375,1473303.375,1374543.25,1805250.875,1569070.625,1731624.25,1728345.75,1689875.125,1829687.25,2090072.5,1925059.625,1414955.25,1610084.0
31,1536601.625,1449716.375,1239341.875,1336356.625,1120053.625,1101976.25,1468928.75,1274270.625,1458858.375,1361547.0,1522209.375,1405373.375,1325313.75,1225692.875,1226517.75,1339019.5,1333802.75,1397182.375,1113358.125,1231797.75,1213346.5,1266804.625,1387831.25,1249290.75,1413097.375,1369276.875,1069858.25,1121595.375,1412114.875,1496010.375,1242630.375,1341618.5,1230228.125,1202901.875,1094149.0,1036496.1875,1183162.0,1321472.875,1190649.0,1525288.75,1277754.875,1248705.875,1063416.875,1080928.5,939751.125,940376.25,1053944.25,1069256.0,1098098.5,1071473.5,1144706.875,1211390.125,1191911.125,1168427.75,1398065.125,1503672.75,1402350.5,1317393.0,1201549.75,1441003.375,1189320.125,1274453.625,1368577.25,1493184.5,1426203.375,1405515.25,1581645.875,1489205.75,1083252.625,1108572.875,1200511.75,1376362.5,1256665.375,1369120.375,1050144.5,992937.0625,1475042.75,1306911.0,1272963.5,1449455.625,889581.625,1030507.5625,1108922.75,1061279.125,1065764.75,1194300.0,1329668.625,1353009.125,1138196.75,1164877.375,1186773.25,1271910.25,1076321.0,967622.5625,1192650.375,1155336.125,1183130.25,1328984.875,1135270.25,1226644.625,873971.0625,902795.25,1174591.0,1087961.375,1555217.625,1515246.375,1187326.75,1322938.125,1114811.875,1139477.5,1156340.25,1152730.375,1393459.625,1367935.5,1049782.625,1038785.6875,1129372.5,981817.375,1500313.25,1537461.5,1418044.875,1498979.75,1370517.75,1424485.25,1338469.375,1515000.375,1456667.0,1562777.625,1496714.0,1536515.125,1653383.125,1532730.125,1595087.375,1646298.25,1238815.875,1329195.125,1538465.875,1582485.625,1343823.875,1494448.0,1183441.375,1293748.75,1303946.125,1365823.375,1222060.875,1302156.375,1618284.0,1635027.375,1616428.75,1602649.0,1546904.375,1565650.125,1653384.125,1704418.75,1217002.25,1314161.375,1162254.0,1268208.125,1313978.875,1414679.125,1558323.25,1519613.875,1279481.625,1378048.625,1323404.875,1423765.875,1225672.625,1364942.375,1487576.125,1537626.375,1236583.5,1306964.125,1205255.625,1262246.25,1710301.25,1691588.75,1369110.375,1349577.75,1362151.375,1392111.25,1406861.875,1439475.875,1561974.875,1670697.125,1599926.125,1540030.25,1312187.625,1269875.125,1576572.0,1443755.75,1581229.0,1599454.125,1378601.5,1488209.125,1681018.375,1598754.5,1618992.125,1654878.0,1301471.125,1329429.875,1262747.0,1290498.0,1033689.1875,1152793.875,1170319.75,1272971.375,1335333.0,1427924.75,1580937.25,1610138.875,929743.4375,900902.4375,1115824.0,1074338.625,1158437.875,1093490.125,1387432.125,1386898.875,1505610.0,1308340.125,1200079.25,1176273.0,1247633.5,1259492.25,1207662.75,1194240.875,1648763.25,1488085.0,1217976.0,1234157.0,1632722.875,1678955.5,1286108.5,1341326.25,1476917.75,1374499.25,1809312.5,1571638.375,1734538.0,1728557.125,1691997.375,1829692.75,2091886.875,1926502.125,1417609.5,1611126.5
32,1537863.625,1451571.5,1239637.75,1337066.625,1120184.75,1101708.0,1469201.5,1276869.25,1460406.0,1361312.375,1521281.125,1405796.875,1323144.125,1223328.0,1225999.5,1339632.875,1333544.375,1399607.0,1110446.0,1230949.5,1211983.125,1265059.75,1387213.125,1251844.875,1413835.75,1371496.5,1063862.0,1121250.5,1408326.25,1498100.25,1241176.375,1338186.0,1228040.25,1198621.875,1088848.625,1033588.6875,1182845.125,1323153.125,1189527.625,1523440.375,1271947.0,1245756.0,1065956.375,1087199.0,938357.5625,939586.5,1057496.625,1071617.75,1097356.25,1071578.125,1140434.375,1216389.875,1191617.75,1169748.5,1399104.25,1506117.625,1404638.0,1320571.75,1207359.625,1441734.0,1188324.875,1275857.875,1368157.75,1495974.625,1426555.5,1405408.0,1582475.0,1489795.0,1085022.875,1110470.125,1200857.75,1378576.5,1257903.75,1370169.125,1050225.5,993308.3125,1474490.625,1307715.625,1272874.125,1449761.0,891102.1875,1027626.1875,1109746.125,1061914.5,1064923.25,1192152.375,1329563.375,1353495.5,1138743.0,1163212.25,1186622.875,1271664.0,1077954.875,965815.0625,1192315.75,1152980.25,1182507.375,1330141.625,1135096.875,1224599.25,875088.5625,900599.125,1175655.25,1086517.25,1556703.125,1514943.125,1187224.5,1322283.25,1115715.125,1140317.625,1155958.375,1149511.125,1392774.625,1367054.25,1047448.1875,1041427.3125,1126156.875,986844.375,1500910.375,1542039.375,1417728.25,1498723.75,1370291.0,1426228.5,1336504.0,1517178.875,1455202.125,1563952.75,1500534.75,1539697.875,1654823.875,1535118.75,1595644.375,1648094.125,1234620.125,1325507.125,1538514.0,1583388.875,1344802.625,1496099.375,1182780.5,1295567.625,1300819.75,1365366.75,1221962.125,1304319.75,1619595.0,1637087.375,1615638.0,1601052.0,1546587.125,1564745.125,1650880.625,1702135.5,1217115.125,1315559.25,1161981.5,1269751.75,1315107.25,1416352.125,1559497.375,1521881.625,1280653.5,1378752.875,1321357.5,1422255.375,1226338.375,1366379.875,1487152.875,1539647.25,1236786.0,1308152.0,1204835.75,1264353.625,1707484.125,1690196.375,1367597.875,1349873.875,1361534.125,1390897.625,1407532.125,1440347.625,1561458.75,1672491.375,1599950.125,1539260.625,1311254.875,1270294.75,1576510.0,1444479.375,1581709.5,1599881.0,1378751.25,1494289.75,1682530.625,1599583.125,1618343.875,1653869.125,1300088.25,1326410.125,1260483.625,1288081.75,1032591.0625,1151687.5,1169379.875,1271986.625,1336211.875,1429995.625,1579196.25,1608251.0,928314.75,900785.9375,1116125.875,1074649.625,1157833.25,1092973.0,1387856.25,1387254.625,1507479.0,1307672.5,1200076.5,1176492.5,1248308.0,1258015.125,1206372.375,1192539.625,1649697.75,1489218.625,1218838.0,1234203.875,1634940.375,1679735.875,1286758.875,1341802.375,1477668.0,1374545.625,1812544.875,1572891.75,1737229.5,1728612.5,1696657.875,1832682.25,2095688.75,1929760.25,1418756.25,1609936.875
33,1539298.875,1452250.875,1240362.5,1339319.75,1120660.0,1100697.875,1470803.75,1276493.375,1461146.0,1362020.375,1526188.375,1408705.5,1321152.875,1221391.5,1227928.375,1341382.25,1335123.875,1402889.625,1101900.25,1223823.375,1207826.375,1256446.125,1389615.875,1252680.5,1413819.25,1370159.875,1047275.5,1113957.0,1409177.125,1500401.625,1239503.625,1328747.375,1229162.25,1192694.125,1078328.625,1029864.75,1182127.875,1326850.75,1191183.625,1523731.25,1266845.875,1243548.125,1065692.75,1093635.25,935330.625,938336.125,1060170.75,1074917.25,1098906.0,1072125.375,1133225.0,1222747.875,1193856.375,1171511.375,1401971.75,1506740.875,1406425.25,1321458.625,1209483.5,1444188.125,1188116.125,1278741.5,1371546.375,1500373.625,1425991.625,1404939.5,1582403.0,1489463.625,1087714.25,1112716.25,1201288.625,1380339.0,1257886.625,1371325.625,1050720.0,993591.375,1476140.625,1311567.875,1272575.25,1451589.625,893017.75,1027638.6875,1110247.0,1065995.625,1064280.375,1190361.75,1330863.25,1356092.75,1136054.875,1161324.125,1185557.25,1272204.0,1076048.75,964419.0,1190140.25,1153995.25,1180907.5,1330158.125,1135653.5,1224706.375,873757.375,900491.8125,1175837.5,1085385.75,1555686.875,1515405.125,1186519.875,1323195.0,1116710.25,1141223.5,1156713.0,1149617.375,1393892.0,1367775.125,1047856.0,1041893.1875,1127019.25,986403.4375,1505383.875,1540200.875,1417025.375,1499429.75,1370590.375,1426126.0,1337625.75,1520023.25,1453707.25,1563872.25,1502787.375,1541609.125,1658220.25,1536613.625,1598194.0,1650334.25,1234087.5,1324022.875,1540159.125,1582989.125,1346389.125,1497576.125,1183801.625,1295518.25,1300417.875,1365071.125,1221924.5,1304627.5,1616537.25,1630939.0,1613674.5,1599447.0,1546472.5,1563742.125,1651140.625,1702048.75,1220417.5,1316537.375,1163171.625,1271569.625,1317640.375,1418792.875,1564251.625,1525665.625,1281398.375,1380264.875,1320755.375,1420566.5,1225578.625,1368898.375,1486929.125,1540862.125,1237989.5,1307723.125,1203650.875,1265703.875,1708695.75,1690548.625,1369328.0,1352099.75,1365439.25,1394661.125,1409467.875,1441587.875,1563275.25,1674918.75,1600770.125,1540743.75,1311751.625,1271628.75,1575909.25,1445195.5,1579471.5,1597676.25,1377578.5,1492772.875,1684579.75,1600774.875,1620251.125,1653695.0,1298140.0,1324000.875,1258788.5,1286684.625,1029216.0625,1150088.375,1165924.25,1272601.0,1334239.25,1428011.375,1578950.875,1608822.875,928934.375,900856.0625,1117299.0,1073963.25,1158196.25,1094118.75,1388293.5,1388473.375,1506760.875,1307208.5,1199502.0,1177892.875,1248931.625,1257780.875,1204839.75,1194171.625,1650374.25,1488823.875,1218944.625,1235386.125,1631423.375,1676784.0,1286342.375,1342386.75,1475527.75,1373986.625,1811151.0,1570866.125,1735095.125,1729426.75,1694692.125,1833024.0,2095344.5,1930476.625,1418491.875,1608393.375
34,1540123.875,1452849.25,1241346.0,1341059.0,1119820.375,1100150.25,1472972.25,1276781.5,1463701.25,1364887.25,1529933.5,1410692.375,1316597.0,1220298.25,1230027.5,1343603.875,1338309.625,1405419.75,1095343.875,1219092.0,1204339.0,1249435.25,1391443.625,1251884.375,1414136.75,1369745.625,1032101.5625,1106652.875,1413603.875,1498874.625,1239173.25,1321721.875,1230192.625,1189999.125,1070833.875,1026969.5,1182284.125,1327226.0,1192069.0,1523122.25,1260564.875,1240326.375,1063846.0,1097335.125,931741.5,936839.6875,1056443.875,1073472.75,1099118.625,1071798.0,1127510.25,1225575.75,1196612.25,1172619.75,1404323.625,1507689.125,1406800.875,1321617.25,1209935.0,1446284.875,1187537.0,1278367.875,1375054.625,1501704.125,1427288.25,1406522.25,1584367.875,1490414.625,1089807.375,1113235.375,1201545.0,1380782.625,1257702.0,1369614.75,1050637.125,992780.125,1479900.5,1315332.5,1272014.5,1451129.125,894500.1875,1028734.375,1109773.375,1069767.75,1065690.125,1192126.0,1330321.5,1355370.375,1133122.125,1160862.75,1185648.5,1273191.875,1074391.0,962940.25,1187797.5,1156552.375,1182203.875,1329695.875,1137117.375,1225124.375,872162.875,899758.3125,1174375.0,1085300.125,1555460.625,1516162.25,1185678.125,1324545.25,1115277.375,1139174.5,1153012.125,1147844.25,1392387.5,1368625.625,1046885.5625,1038894.0625,1127558.5,981681.9375,1502952.25,1538757.75,1417307.25,1501469.75,1370845.625,1425171.625,1340919.875,1521911.75,1453992.625,1563909.125,1501533.0,1541585.875,1660461.25,1537797.0,1599381.875,1651754.75,1237039.625,1324670.625,1542672.0,1585487.375,1347734.125,1497786.875,1186194.125,1294641.375,1304567.75,1366086.25,1221822.75,1303684.5,1618159.5,1633717.75,1613804.75,1600596.625,1549826.125,1565897.625,1653697.5,1704449.75,1223005.375,1317621.875,1164523.375,1271837.75,1319143.5,1420467.375,1568149.25,1528218.125,1280967.25,1380105.625,1323459.0,1420128.375,1224426.375,1370113.25,1488174.125,1539626.125,1238907.125,1306448.5,1203678.5,1264560.25,1712991.0,1693952.625,1374030.75,1354116.625,1368142.875,1398997.5,1409518.125,1443521.5,1567179.25,1677136.75,1603072.75,1544139.5,1310804.75,1271815.125,1576750.75,1443170.375,1577436.625,1596981.375,1376168.375,1487817.375,1684226.875,1600943.0,1620907.75,1655727.125,1296308.0,1323490.125,1258429.625,1286177.75,1024614.875,1148133.875,1164098.125,1272847.25,1332386.625,1427484.0,1581316.75,1610116.5,930535.5,899804.3125,1118326.5,1072711.375,1156616.125,1093691.375,1386464.875,1390210.25,1505560.625,1307891.625,1200572.875,1179878.5,1246973.25,1258813.125,1205197.25,1196825.75,1650709.875,1490183.5,1219063.75,1236391.625,1630547.625,1676099.25,1287874.0,1343214.125,1475931.625,1375086.25,1808348.125,1570121.625,1733588.5,1731702.25,1693152.0,1833743.75,2092014.75,1928613.25,1419093.5,1609663.125
35,1542861.625,1455143.5,1240353.875,1339841.25,1117063.25,1097514.125,1476119.5,1279079.625,1465881.125,1363708.125,1529498.5,1410134.625,1312331.375,1217732.375,1227681.375,1343189.0,1339753.5,1406066.75,1094849.75,1219383.0,1204474.875,1251498.875,1390896.5,1253151.875,1414923.5,1373233.875,1026337.0,1106240.125,1416358.0,1501072.125,1243702.125,1324386.625,1230932.375,1191470.75,1072062.0,1025500.75,1181884.75,1325235.625,1190895.875,1523279.25,1253746.375,1236265.5,1061866.625,1099326.25,930584.0625,936766.875,1052633.75,1072018.25,1098147.75,1070968.0,1126221.75,1224371.875,1196393.875,1172235.0,1405631.0,1509112.75,1407707.0,1323930.5,1215829.125,1447046.625,1186652.0,1276241.5,1375282.125,1500878.125,1429390.625,1407539.75,1587304.75,1491833.25,1093055.625,1113170.625,1201084.75,1380610.625,1258457.25,1368640.375,1049873.125,992325.3125,1478800.25,1313900.25,1272950.0,1450796.375,896422.0625,1028827.9375,1111440.625,1070057.5,1067466.25,1195251.875,1331892.0,1355940.625,1136399.125,1161584.125,1187571.5,1273198.75,1075208.25,963559.375,1188734.5,1156189.0,1185979.375,1331829.0,1140479.125,1227505.625,874280.875,898215.3125,1174255.75,1085428.0,1556327.5,1516600.75,1186269.75,1322772.75,1113386.375,1138157.5,1152478.875,1147108.5,1392744.25,1370138.125,1046566.0,1038641.0,1125394.875,983487.75,1502662.75,1545733.875,1417519.5,1502948.625,1370794.375,1425969.125,1341030.75,1522757.625,1455462.375,1562639.0,1499052.375,1540339.5,1660024.125,1538370.375,1596137.125,1649877.125,1238350.0,1324508.25,1544540.625,1588923.125,1347760.125,1496514.5,1187144.75,1294726.625,1307891.875,1368391.125,1221161.375,1302960.0,1624140.375,1639625.25,1615159.0,1601161.5,1552577.0,1567998.875,1654222.5,1705071.0,1221591.875,1318467.125,1164222.875,1272050.375,1317884.625,1419847.0,1569575.5,1530797.875,1280588.875,1378854.875,1323286.0,1419865.25,1222691.875,1369649.25,1487218.125,1538035.25,1238824.625,1307110.625,1203402.875,1263764.875,1715374.125,1696520.75,1375973.0,1352842.0,1364711.125,1396389.375,1408497.5,1445456.625,1567841.375,1677805.875,1603232.75,1544895.0,1306776.0,1268314.0,1577102.125,1438734.25,1575108.375,1596531.25,1372713.125,1482837.0,1681841.0,1600227.25,1619737.375,1657266.5,1293712.875,1320382.125,1258631.875,1285035.25,1022638.4375,1146445.875,1164741.75,1270996.875,1329600.25,1425902.125,1581721.0,1607762.5,930376.3125,900059.6875,1118779.625,1074965.5,1156424.75,1093949.875,1386852.375,1390826.875,1504658.5,1308550.375,1200483.25,1180863.125,1244576.125,1257879.375,1205990.875,1196904.125,1651698.75,1490665.625,1219442.625,1236680.0,1636485.375,1679389.25,1289391.75,1344148.0,1478120.25,1377631.75,1810664.875,1574435.125,1736542.625,1731925.375,1697294.75,1836413.125,2093261.125,1928629.25,1420869.75,1612395.125
36,1544214.875,1456135.75,1240043.5,1339399.875,1115937.875,1096591.375,1476785.375,1280546.625,1464953.25,1360555.0,1528368.75,1409254.125,1313194.25,1217401.25,1224760.875,1341987.125,1339262.875,1405131.375,1098772.875,1222721.875,1207162.375,1257840.25,1389990.875,1255110.5,1415263.375,1375766.125,1033765.8125,1112409.25,1416999.25,1502841.375,1246225.5,1331332.5,1232360.75,1194330.625,1077490.875,1025616.75,1181132.625,1324896.875,1191139.75,1524260.125,1255547.375,1236290.25,1065091.75,1096006.875,933274.0,939432.75,1053712.875,1074195.25,1099754.5,1071582.0,1130411.375,1221104.0,1194633.75,1171152.25,1405169.75,1509032.0,1409238.5,1325138.75,1219004.875,1445207.125,1187000.875,1275410.375,1374258.875,1500590.625,1429057.5,1405589.875,1587266.5,1491828.375,1091121.0,1111166.875,1201135.75,1379918.75,1259599.875,1369355.0,1049497.125,992295.375,1476738.25,1310722.25,1274624.5,1451080.0,897379.1875,1029388.875,1113044.5,1065669.5,1067659.125,1195549.75,1333361.5,1356758.875,1140551.875,1160905.875,1188416.875,1273755.875,1075724.5,962450.9375,1191439.625,1154396.25,1187014.0,1331918.25,1142950.0,1231449.75,877390.1875,898994.5625,1175194.5,1083789.375,1556064.25,1516246.375,1187527.75,1319874.75,1114425.25,1139296.25,1156097.0,1150547.875,1394829.25,1369944.0,1047933.625,1038715.6875,1124555.5,984682.875,1506258.875,1545567.625,1418119.5,1502656.375,1370982.25,1427007.625,1336800.0,1520592.375,1456711.75,1560721.0,1498783.625,1539049.25,1656512.625,1536559.25,1593009.0,1646769.5,1239229.5,1325159.625,1545615.75,1591103.25,1347231.625,1496116.5,1186952.375,1295925.5,1309315.25,1371584.375,1221140.25,1302616.25,1621870.375,1634186.0,1614824.75,1599423.5,1552004.0,1567177.0,1653762.5,1705010.25,1219669.625,1318697.5,1163860.375,1272651.875,1317563.5,1419493.75,1566779.625,1530825.125,1280510.375,1378840.5,1321468.125,1420311.125,1222261.625,1368478.125,1486088.0,1538783.375,1238093.5,1307928.0,1203373.0,1264256.875,1713817.125,1695949.5,1374358.5,1351128.25,1362388.125,1393505.875,1408837.5,1444573.75,1565708.75,1677799.25,1601609.5,1543096.125,1306310.75,1266286.5,1575677.875,1433403.5,1575149.125,1595245.75,1370186.125,1478291.875,1679841.625,1599032.125,1620631.25,1656839.5,1293297.875,1317283.625,1258543.125,1284529.625,1024967.875,1145375.75,1164904.375,1269154.375,1330024.5,1423532.25,1581507.125,1606393.375,928669.875,901620.5625,1117688.75,1077541.0,1158575.125,1095568.625,1389192.875,1389330.5,1505001.0,1308769.5,1199085.375,1179728.5,1246826.5,1257710.75,1206451.0,1196553.75,1649908.875,1488131.25,1219681.125,1236054.75,1637718.875,1680714.125,1288126.5,1341574.25,1477380.625,1375646.75,1811926.75,1574459.0,1737306.75,1728373.375,1698003.375,1834071.0,2093742.875,1928078.5,1419844.875,1611714.375
37,1542429.125,1455370.125,1242854.375,1341833.125,1117330.125,1100141.375,1474620.0,1281072.25,1464036.625,1361935.25,1527219.875,1408341.375,1316437.375,1219579.75,1225180.25,1342948.75,1338749.0,1403211.875,1100969.25,1225403.125,1208577.125,1259851.75,1390826.5,1255207.0,1415708.75,1374868.75,1042708.0,1117638.375,1415849.0,1498652.375,1241893.25,1331131.25,1231598.0,1194624.0,1079809.0,1026178.9375,1180914.625,1325014.25,1190854.25,1522015.375,1262286.5,1239202.0,1068850.5,1090296.75,936436.375,941520.25,1055098.75,1076317.0,1099656.375,1071652.25,1133909.0,1217868.75,1195126.125,1170630.25,1403806.875,1508412.375,1408744.625,1323210.0,1214246.5,1443119.875,1187923.75,1274519.875,1374229.125,1499213.0,1427938.75,1404299.25,1586026.5,1490452.5,1086958.75,1109469.0,1201380.25,1378876.125,1259496.25,1368809.625,1049279.125,992015.8125,1478730.0,1311106.0,1274734.125,1449964.375,896266.875,1028657.9375,1112902.75,1063204.125,1066481.25,1193921.625,1331364.125,1354942.875,1139556.375,1161848.75,1186847.875,1273968.625,1076429.875,960835.6875,1192232.125,1154482.375,1184835.25,1330750.375,1140969.375,1229560.625,876311.8125,899892.375,1175320.5,1083812.125,1556907.25,1515505.875,1187353.875,1320285.75,1116108.375,1139405.5,1154728.25,1151435.5,1392486.375,1367317.0,1046518.5625,1036756.5625,1123805.0,982090.1875,1504947.75,1539577.5,1418293.75,1502783.5,1370387.375,1426051.125,1334106.125,1517548.375,1456684.25,1560669.125,1500733.75,1539167.5,1655533.5,1535196.0,1594049.25,1646610.0,1238219.75,1326166.125,1543491.75,1589950.0,1347033.25,1496575.875,1186077.125,1295399.0,1308126.75,1371705.0,1221382.0,1301977.5,1618163.5,1628904.5,1614268.375,1598019.375,1550023.875,1566074.5,1654227.5,1705488.75,1220232.625,1318279.375,1163209.625,1271699.125,1318663.875,1419744.0,1562363.75,1527802.5,1279699.375,1378787.0,1323436.875,1421771.625,1223565.25,1367232.125,1489015.125,1540130.625,1236768.75,1307283.75,1204682.0,1264106.375,1711384.875,1694390.875,1371588.5,1351581.625,1364892.375,1394452.875,1409016.625,1443173.125,1565025.125,1677270.375,1601199.25,1542074.375,1310576.625,1268712.0,1575718.0,1430245.125,1580188.625,1596656.25,1370562.75,1477241.125,1683054.875,1601350.625,1621961.5,1657128.25,1295106.875,1318440.5,1258255.875,1285978.125,1027291.0625,1144212.25,1164620.0,1267782.375,1335180.875,1425394.375,1581400.75,1606943.875,927170.5625,901672.3125,1116746.125,1075702.625,1158489.0,1093755.0,1388484.625,1388040.5,1507373.875,1308704.375,1199901.625,1178141.375,1248949.875,1258607.875,1207238.0,1195996.375,1646619.0,1486973.75,1219388.25,1234769.75,1631264.75,1676876.5,1287345.75,1337855.0,1475242.875,1370257.375,1807596.375,1569763.875,1733545.0,1727098.0,1695668.625,1830584.375,2090244.125,1925684.875,1416749.125,1606447.0
38,1540621.625,1453905.875,1243461.25,1341843.125,1118538.0,1101563.125,1473032.375,1279074.875,1463517.25,1362930.25,1526484.0,1408191.25,1319803.375,1221907.875,1227391.375,1343491.375,1338390.375,1402740.25,1100353.25,1224076.875,1207788.25,1257430.625,1391374.625,1254102.375,1415307.875,1372880.875,1044600.875,1117255.625,1414497.75,1499113.75,1239024.125,1327098.625,1229681.75,1191069.5,1077596.375,1025663.75,1181412.75,1323477.75,1189057.125,1518002.0,1266778.25,1242459.625,1066198.875,1092305.5,937704.1875,940447.125,1056989.25,1077282.125,1096759.875,1069775.375,1132016.0,1217492.5,1195123.375,1170894.625,1402280.125,1507738.0,1405246.75,1320890.625,1209020.375,1442385.5,1188853.5,1274352.5,1374208.25,1498360.25,1427147.5,1404806.75,1584366.25,1488452.375,1088898.25,1110866.875,1201236.75,1377948.375,1258068.125,1367497.0,1049288.0,991509.9375,1479103.75,1311216.125,1273797.75,1448905.125,893550.9375,1026185.8125,1113288.75,1065033.5,1064556.625,1192862.0,1329640.625,1353515.5,1138184.875,1162916.0,1186248.25,1271252.875,1076746.625,963574.25,1191246.375,1154342.75,1182832.875,1330703.125,1136763.0,1223142.625,873818.0625,897490.8125,1175441.75,1085683.5,1558283.0,1516168.5,1187379.25,1322351.0,1115064.0,1139151.125,1152563.75,1150909.625,1390520.5,1367689.5,1045477.25,1038181.25,1123778.75,983590.75,1503490.25,1540471.5,1415823.125,1500949.75,1368599.0,1424161.125,1335990.625,1517775.875,1456365.25,1562020.0,1500872.0,1539856.375,1657245.75,1535482.25,1596421.625,1647378.625,1235828.75,1326738.75,1538411.5,1585310.75,1346003.75,1496258.875,1184405.375,1293743.375,1305447.0,1368533.25,1221614.0,1301424.875,1620334.0,1630734.75,1614445.125,1598465.125,1548872.625,1566738.25,1655311.375,1705959.0,1219227.875,1317010.625,1161502.125,1270647.25,1316270.375,1418550.875,1560979.75,1524792.0,1278446.625,1378489.25,1324283.5,1421102.5,1224373.75,1366133.625,1489945.75,1539556.25,1236176.25,1307582.25,1205037.125,1264153.5,1712777.125,1694276.125,1369774.875,1351649.375,1365571.25,1393959.875,1408347.5,1443209.5,1564833.0,1675714.375,1601552.75,1542015.0,1312195.875,1270973.875,1578650.625,1431671.625,1586463.5,1601697.0,1370257.25,1478315.5,1689867.5,1607631.25,1624269.125,1659694.75,1296170.0,1320863.75,1260289.75,1287558.0,1025716.6875,1141794.5,1164116.625,1265597.75,1338326.25,1426913.625,1579988.75,1606286.625,927156.125,900950.9375,1116573.875,1073067.0,1156801.125,1091091.75,1386132.75,1387461.0,1507754.25,1307083.625,1200817.5,1178111.25,1247348.625,1257698.625,1206692.125,1193561.5,1648181.5,1488338.375,1218282.75,1234373.5,1628371.375,1673228.375,1288157.625,1338220.75,1474674.0,1369084.5,1805907.0,1569634.625,1731797.375,1728651.875,1693832.375,1831249.875,2090414.125,1927636.25,1416464.5,1603503.125
39,1539272.875,1452052.5,1240701.375,1338545.125,1118613.625,1099022.375,1472385.75,1275825.625,1462087.625,1361019.75,1525819.5,1408673.625,1321031.5,1223070.25,1228351.125,1341995.0,1337573.875,1403133.875,1099493.875,1222987.125,1207223.625,1256961.625,1390451.0,1252939.5,1414088.625,1371039.875,1046592.5625,1118960.25,1415008.25,1503755.5,1242369.25,1329007.125,1230048.75,1188863.25,1076815.0,1026685.6875,1182168.125,1321677.625,1189366.375,1516499.0,1267719.375,1243647.0,1063451.125,1097511.0,937011.0625,938362.0,1061281.0,1077278.125,1096758.75,1069298.75,1129879.875,1219398.625,1193503.0,1171754.625,1402169.875,1506953.625,1403425.25,1320301.5,1207800.75,1441523.75,1189769.125,1275366.5,1374445.5,1499038.25,1426771.75,1405272.25,1582816.625,1488011.625,1090561.75,1109680.375,1202064.125,1377771.25,1257852.625,1366137.625,1049900.375,989738.5,1477032.125,1306634.625,1273078.875,1447303.125,890880.4375,1024845.625,1112172.375,1063314.5,1063538.125,1192748.25,1328606.875,1352184.375,1137543.125,1159056.625,1187683.75,1268408.125,1075313.25,962649.625,1189677.75,1152037.125,1182064.5,1329073.75,1134347.375,1220097.375,872901.875,894756.0,1174792.875,1083404.0,1556731.125,1518059.125,1187617.125,1322191.75,1113189.125,1137679.5,1153569.625,1150659.375,1391066.625,1368732.125,1045964.9375,1039523.1875,1125362.625,984358.0,1501974.75,1539604.375,1413962.0,1496254.125,1367648.125,1424367.875,1339912.625,1518920.5,1460209.875,1565301.75,1500951.125,1539975.5,1657398.125,1535119.25,1599043.375,1646957.5,1237972.0,1328590.5,1537103.875,1582488.75,1345930.625,1496311.875,1184412.0,1294103.625,1304185.25,1365941.125,1222713.625,1302522.75,1623768.0,1634728.0,1615150.875,1600618.375,1549562.375,1567591.875,1656486.5,1706644.875,1217257.25,1316253.75,1161973.875,1271412.125,1314086.375,1417480.125,1562041.75,1523061.75,1278026.625,1378566.875,1320632.25,1418034.875,1223658.25,1364988.125,1486732.75,1537417.0,1237108.5,1308548.0,1204176.75,1264941.125,1715283.25,1694593.625,1370009.125,1350805.875,1363414.75,1392205.625,1408497.625,1442410.25,1563633.125,1674948.0,1602637.625,1542228.0,1309158.25,1269832.625,1581669.625,1433590.625,1590940.625,1606434.875,1370266.25,1481725.875,1693636.25,1611849.25,1627874.75,1661854.625,1298169.375,1323959.0,1263986.625,1288519.5,1023554.0,1139702.25,1163049.125,1264993.0,1340529.625,1429058.0,1581560.625,1608347.125,927836.9375,899526.4375,1115758.875,1071715.75,1155907.875,1091213.5,1385110.0,1386362.875,1506230.5,1305551.5,1199586.625,1178607.5,1246168.75,1257264.25,1205472.875,1191947.875,1650891.0,1488319.25,1217322.0,1234812.25,1630237.25,1675144.375,1287812.75,1339328.25,1474906.625,1372582.25,1807302.125,1569420.25,1734166.25,1727498.875,1690778.875,1831296.0,2092215.25,1931200.625,1417277.0,1607205.375
40,1538539.875,1451376.5,1240076.25,1337696.0,1117704.75,1098269.75,1471566.75,1276141.5,1460562.25,1360920.625,1523889.5,1406873.0,1318374.875,1221025.75,1226547.625,1340112.5,1336247.875,1400470.0,1098738.75,1223838.125,1206942.75,1257483.375,1390331.875,1250659.375,1414267.875,1369186.5,1049560.375,1122840.75,1414259.625,1500155.5,1243618.125,1330663.5,1230445.375,1190225.25,1078092.125,1029112.9375,1182440.125,1321697.625,1189545.0,1517953.75,1265252.125,1241174.0,1063981.625,1095915.875,935630.625,937437.6875,1061966.5,1075572.25,1097989.25,1070375.75,1130785.875,1219554.875,1193921.75,1171922.5,1403505.25,1506070.375,1405007.5,1320234.0,1209114.125,1441472.0,1189354.0,1275585.625,1374773.375,1497409.0,1427823.5,1405483.0,1583198.375,1488644.375,1088939.625,1107079.5,1202516.625,1378367.875,1258497.0,1366052.25,1049727.0,988480.0,1476685.875,1304578.625,1272040.0,1445676.0,890522.375,1024480.0,1110063.375,1061302.875,1063979.75,1192749.0,1327429.875,1350784.0,1136095.0,1157312.0,1187339.375,1268798.375,1075632.0,958548.25,1188558.625,1151223.375,1181921.75,1328694.0,1134286.25,1219483.75,871722.875,894956.5625,1173546.625,1081399.25,1555969.125,1518563.5,1186475.625,1321585.5,1113409.75,1135596.625,1153315.375,1147243.25,1389871.5,1366806.75,1045540.9375,1036963.0,1125424.75,982092.75,1497833.25,1537236.125,1414968.125,1496464.75,1368543.0,1426061.5,1342954.25,1517777.625,1464419.75,1568595.875,1502689.25,1539215.625,1657647.75,1534058.5,1601105.375,1646498.625,1239868.375,1328630.5,1539596.125,1582109.625,1347067.75,1496337.5,1185328.25,1294416.25,1302226.25,1364833.5,1222585.75,1303842.25,1628337.625,1640961.75,1617412.25,1602671.5,1550138.75,1567088.25,1655547.875,1704990.375,1218610.125,1316193.125,1163449.0,1271553.75,1316311.5,1417193.625,1563688.25,1522540.625,1279197.125,1377530.625,1319696.5,1417801.875,1223167.75,1365433.75,1486392.5,1535585.125,1238055.25,1307463.875,1204159.125,1264158.625,1711457.875,1691908.25,1369199.375,1350730.875,1361934.125,1390996.625,1408869.375,1440812.625,1562421.625,1673338.625,1601900.0,1541198.75,1308201.375,1267983.5,1583257.0,1435295.25,1591556.875,1606794.875,1373968.875,1487556.75,1692944.0,1611134.5,1626085.125,1661219.25,1301938.625,1328496.25,1264304.0,1289786.25,1025893.25,1141887.5,1164298.25,1267791.375,1344442.75,1435279.25,1584200.0,1611206.5,928662.5625,897634.375,1115724.125,1070610.375,1155533.0,1091418.0,1385066.625,1386290.125,1506937.625,1305675.375,1199219.0,1178171.0,1245674.75,1257636.375,1206120.375,1192874.25,1650859.5,1488570.25,1217664.25,1234713.625,1627761.375,1676566.5,1286936.75,1338675.0,1474857.875,1374225.875,1806699.75,1566089.375,1733833.5,1727077.75,1690195.5,1830816.75,2092012.0,1929827.375,1415938.875,1608156.875
41,1539214.0,1451369.0,1241250.5,1339385.75,1117087.25,1100420.0,1471561.75,1277246.625,1459002.875,1362720.625,1523601.875,1405092.625,1317476.375,1218958.25,1225709.125,1339057.0,1335386.0,1397798.375,1099193.375,1222899.75,1206827.875,1254869.875,1390612.5,1247742.875,1415292.5,1367193.25,1048119.8125,1121826.375,1411041.625,1493517.625,1239197.75,1326084.0,1229610.75,1192113.375,1076574.125,1030104.3125,1181930.5,1323308.25,1187036.875,1521362.125,1264302.25,1239649.625,1064628.625,1094483.0,935320.0,938570.4375,1058726.125,1076542.5,1097117.375,1069932.625,1132479.125,1219335.5,1194749.75,1170866.25,1402590.25,1503414.875,1404442.75,1318658.25,1209509.375,1443159.375,1187243.625,1275769.5,1373161.5,1495530.625,1428518.5,1405715.625,1582624.625,1487876.625,1089228.5,1109270.5,1201022.25,1379167.875,1257630.875,1369340.0,1049687.75,991594.6875,1478004.0,1310156.375,1271778.0,1448460.5,892095.0625,1024992.0,1110513.125,1064844.375,1064074.5,1192474.75,1328742.5,1352438.125,1135917.875,1161786.625,1185364.125,1271295.0,1076242.5,961742.9375,1189030.75,1153179.125,1182353.75,1332034.125,1135563.875,1220896.375,871376.75,898085.4375,1174038.875,1085139.625,1558104.375,1517278.5,1186009.5,1322801.125,1114434.25,1137329.5,1154165.25,1147380.625,1390845.125,1366368.5,1048313.625,1036356.8125,1125770.375,982324.8125,1499555.5,1540320.875,1416291.75,1500734.625,1370410.875,1427971.125,1342885.75,1515407.125,1459210.75,1566341.25,1501335.25,1538060.75,1658671.75,1533754.75,1599004.875,1645847.375,1235759.5,1325763.0,1540318.5,1581042.75,1346418.25,1494798.5,1184937.0,1293355.0,1300499.25,1366103.0,1221152.0,1303818.625,1629983.75,1642971.875,1619360.25,1603003.5,1549634.125,1566442.875,1653259.0,1702259.25,1220469.25,1315500.5,1163154.0,1270463.5,1317814.375,1416796.125,1565368.75,1523110.25,1280912.625,1377201.25,1322512.875,1421060.625,1223824.5,1367249.0,1487913.75,1536624.875,1238062.875,1306529.25,1204215.0,1262483.25,1706357.375,1689098.625,1367351.375,1349998.5,1361293.75,1390609.875,1408515.125,1440340.5,1561993.75,1669939.125,1598840.25,1539590.25,1310586.375,1268088.0,1583653.0,1441140.25,1587430.125,1604086.625,1379234.75,1488880.125,1689580.125,1607361.625,1621845.0,1659540.375,1302065.875,1329142.5,1260773.375,1291007.25,1030051.6875,1146975.75,1167592.5,1271668.375,1343920.0,1434569.5,1580960.375,1608227.875,930181.8125,898140.125,1116983.125,1071710.375,1156909.5,1091518.375,1386642.25,1387349.625,1506075.625,1305205.25,1200087.875,1177434.875,1245465.875,1256316.625,1206389.125,1193738.875,1651036.875,1490159.875,1217736.25,1234326.375,1623183.25,1672466.5,1286265.125,1339419.75,1475487.75,1371944.25,1806360.25,1566665.0,1730583.875,1730114.125,1691945.5,1831324.375,2093113.25,1927431.0,1415447.875,1603835.875
42,1540308.0,1451859.375,1241165.0,1340279.0,1118514.25,1102171.125,1473270.5,1276805.25,1459651.0,1366078.375,1525794.875,1407122.875,1319633.25,1219879.5,1227540.25,1339568.375,1335827.0,1399971.25,1100908.75,1222936.875,1208122.5,1253928.0,1389980.625,1249083.0,1415547.75,1366444.0,1046024.8125,1119865.75,1410154.75,1495103.875,1237282.625,1323525.0,1230223.125,1194223.125,1077286.75,1030659.5625,1180940.75,1324440.375,1186689.875,1524370.75,1265495.25,1240656.625,1065175.0,1097481.75,935666.3125,940462.4375,1056248.375,1079811.875,1097001.125,1069581.875,1134592.875,1221441.0,1193784.875,1170706.5,1400366.875,1500930.625,1402397.625,1317670.625,1208774.75,1446390.625,1186149.5,1275946.75,1371416.5,1497975.0,1428703.875,1406411.125,1581672.0,1488538.375,1088229.25,1110780.75,1200387.625,1379953.0,1257291.375,1371978.375,1051532.25,996279.6875,1480370.375,1313425.75,1273441.875,1452148.5,892899.0625,1027729.1875,1111338.125,1065929.375,1064632.5,1193519.5,1331852.25,1356160.5,1136011.0,1163494.0,1185452.625,1273594.875,1073567.625,965474.125,1190412.75,1154008.5,1183412.625,1333950.875,1136572.75,1226128.875,872809.5,901991.4375,1174358.0,1086789.5,1557123.875,1515839.875,1186477.5,1322804.125,1114417.625,1140185.625,1155682.75,1151357.875,1393143.375,1365471.75,1050568.5,1038135.0625,1126625.25,982276.25,1501545.75,1535830.75,1418219.75,1500707.125,1372174.25,1430493.5,1339999.5,1514597.25,1449518.875,1560875.875,1498178.5,1538356.25,1659477.625,1535192.75,1595300.625,1644941.375,1232577.875,1325196.0,1540316.125,1581307.625,1346245.375,1494044.75,1184859.375,1294026.75,1303044.875,1369689.25,1222163.375,1304161.875,1624497.0,1636871.0,1618818.75,1603127.125,1550941.75,1567749.75,1653699.625,1704212.125,1220896.625,1315226.0,1164228.0,1270024.25,1317916.5,1417385.25,1567065.25,1525900.875,1281248.625,1379108.5,1323476.375,1423027.125,1224132.625,1367490.75,1487900.5,1539620.75,1237609.25,1307560.125,1203182.625,1262370.75,1709623.0,1691848.125,1368508.0,1348557.75,1363294.75,1393206.375,1408086.125,1440664.5,1562994.75,1671109.75,1600445.25,1541450.125,1310091.25,1269638.5,1581359.375,1445541.125,1583170.125,1602528.75,1381637.75,1486641.25,1684768.125,1602157.125,1623012.375,1658829.875,1297840.0,1324939.875,1258503.0,1291153.875,1031295.125,1149727.0,1168032.25,1274039.125,1338902.25,1426937.5,1576446.125,1604725.125,929702.125,899517.9375,1116952.5,1073552.5,1158262.875,1092457.25,1387874.625,1386783.875,1501744.75,1304991.5,1199720.125,1177170.0,1246299.25,1255270.25,1204759.125,1193969.625,1649608.625,1487912.75,1216712.0,1234183.125,1625157.625,1672151.5,1285451.25,1340668.875,1476343.125,1371508.875,1806139.125,1568643.0,1732215.375,1729516.0,1691334.0,1830549.0,2092694.875,1927486.375,1416963.75,1606013.25
43,1540834.875,1453377.125,1241180.375,1341144.125,1119950.5,1102319.125,1474263.75,1277947.625,1462974.0,1369009.625,1525812.25,1408821.25,1319101.875,1220730.875,1228063.25,1340699.875,1336688.0,1402827.125,1102145.0,1224686.75,1208590.0,1256365.375,1389508.625,1252684.75,1414927.375,1368098.5,1044299.125,1118393.5,1412479.875,1499154.625,1239914.5,1325700.25,1231274.0,1196594.25,1081901.25,1030786.3125,1181032.125,1324720.5,1190656.375,1524914.75,1264090.75,1240133.25,1063323.625,1096958.125,935766.625,939952.5625,1053869.0,1077893.375,1097321.25,1070182.75,1135267.875,1222059.5,1193804.75,1171401.625,1401027.125,1502532.125,1405051.0,1319759.75,1210468.25,1450301.125,1187647.25,1274827.75,1372351.125,1500468.25,1431233.875,1407977.0,1585444.375,1492964.25,1087732.875,1109957.875,1201467.0,1380600.125,1258458.25,1371254.75,1052899.875,997576.125,1482446.25,1313340.375,1275068.125,1452084.5,893244.25,1029687.8125,1112026.125,1064567.625,1067107.5,1195989.25,1334034.125,1358835.875,1136483.875,1162538.75,1186576.5,1274440.75,1073685.875,964249.0,1191579.875,1154456.25,1184325.625,1334058.0,1136884.375,1229120.375,873833.5625,902799.875,1173574.75,1084878.75,1554173.0,1514555.5,1186035.375,1321192.75,1114289.25,1139382.5,1153859.75,1149468.5,1391854.25,1363345.375,1047199.25,1038625.0625,1125221.5,982570.0625,1498350.375,1530421.625,1420558.75,1500505.0,1373050.875,1430342.375,1336269.875,1516827.875,1445787.125,1557959.0,1498670.25,1540026.625,1660204.25,1537540.375,1594442.25,1645474.75,1233921.375,1326366.125,1541245.5,1583354.75,1348451.0,1494968.375,1185575.125,1294950.5,1306569.25,1370597.875,1223548.25,1304669.375,1618959.125,1630767.0,1617228.375,1603231.125,1552221.125,1568478.0,1655266.625,1707506.0,1222495.125,1315967.375,1166494.375,1270404.0,1320160.875,1418353.625,1568516.125,1530328.0,1280558.5,1379937.125,1323202.625,1423120.5,1223982.25,1366858.5,1488772.0,1540881.5,1237400.625,1307475.625,1203229.625,1262693.75,1714621.875,1695877.75,1371020.625,1349924.375,1366499.125,1395793.125,1407648.375,1441279.375,1564931.0,1675809.25,1605308.875,1544797.5,1308979.25,1271041.375,1576341.625,1443744.5,1580686.75,1601029.875,1378293.625,1487531.125,1681462.625,1598509.75,1623136.75,1657848.5,1294369.125,1320693.75,1259232.375,1289348.875,1029562.625,1149124.625,1165771.25,1273456.625,1334384.875,1425109.25,1575725.5,1605053.75,927371.625,899212.4375,1116885.625,1073682.625,1157273.125,1092694.875,1386557.625,1386446.25,1501181.875,1306137.25,1198772.125,1177009.75,1244990.5,1255694.5,1204725.375,1194797.125,1646970.375,1484885.75,1216835.5,1234263.25,1629895.75,1676902.375,1286800.5,1340944.375,1476033.75,1373658.5,1805727.25,1568077.875,1735562.25,1726178.75,1692062.25,1830296.0,2090843.5,1928108.625,1418182.375,1610127.125
44,1540604.375,1453054.75,1242065.375,1341887.625,1120459.375,1102671.75,1472580.375,1277969.125,1463696.875,1366339.75,1524967.625,1407749.0,1319032.875,1221772.25,1228464.75,1341535.875,1336351.625,1402106.75,1105433.625,1224598.875,1208772.0,1257567.5,1389527.875,1252699.5,1413133.625,1369522.0,1041725.25,1112250.5,1413852.5,1497818.875,1241552.75,1328228.0,1230867.625,1198125.625,1082485.875,1029652.6875,1183198.125,1325734.625,1193623.0,1525475.0,1265467.5,1241125.125,1057663.875,1091475.25,935821.3125,937653.375,1052915.5,1071952.125,1096411.5,1069169.25,1132982.75,1218720.75,1195209.875,1171094.25,1402350.25,1505210.75,1409213.625,1321941.25,1211387.25,1449907.875,1189514.625,1275344.5,1373153.75,1499290.375,1433019.875,1409095.25,1589056.25,1495381.625,1091199.625,1112786.375,1201730.875,1381376.75,1257993.625,1371963.375,1053374.125,997177.625,1481721.75,1317522.25,1275698.375,1453309.875,895099.8125,1029593.9375,1114003.25,1067847.75,1068505.125,1197203.625,1335694.5,1360315.75,1139495.625,1166701.25,1186476.0,1274254.625,1078430.375,967650.0625,1192661.25,1157838.625,1184478.125,1336459.25,1137689.875,1228851.5,874736.875,902183.25,1175025.5,1086935.25,1554932.125,1513685.5,1185982.0,1321070.75,1115313.625,1139198.625,1155016.25,1148981.375,1392725.75,1366318.125,1048206.8125,1039624.25,1126533.75,986070.3125,1501913.625,1539377.125,1421206.5,1505632.875,1373028.5,1427728.5,1331674.125,1516983.375,1443633.75,1555285.0,1500341.625,1540093.5,1658289.625,1537424.375,1593561.375,1646505.0,1234661.125,1325645.25,1540490.875,1582902.75,1349478.625,1495624.5,1185834.125,1293748.75,1307098.625,1367427.25,1222354.375,1303838.5,1614499.125,1624005.375,1614919.75,1600678.0,1549598.75,1565764.0,1653988.875,1705818.125,1224576.125,1316971.625,1166416.75,1272030.0,1322135.0,1418920.125,1566364.25,1530620.625,1279735.5,1379374.625,1323596.875,1424691.0,1224336.5,1368592.5,1489525.25,1541421.75,1237750.0,1306741.625,1204587.0,1262549.5,1712411.125,1695487.0,1372197.875,1353044.125,1366618.375,1395568.75,1407098.125,1441525.625,1566801.25,1675771.625,1605780.25,1545452.625,1313397.75,1272230.375,1573371.125,1442573.25,1578096.75,1598274.375,1373080.125,1489140.0,1681175.625,1598994.25,1618780.875,1656324.625,1292524.25,1317442.875,1260178.375,1287331.75,1026956.0,1147750.375,1165094.875,1271276.875,1329246.375,1423882.875,1574051.375,1603476.875,928037.4375,899937.375,1119064.875,1074747.5,1157955.625,1092877.625,1386329.625,1387652.875,1504847.125,1306683.625,1199159.0,1176594.625,1244025.875,1256559.875,1206559.5,1195074.5,1647423.875,1487309.25,1218098.5,1234690.75,1629701.375,1674902.5,1289001.375,1341094.625,1475490.75,1372091.625,1808219.25,1568289.5,1733126.75,1726801.875,1694202.25,1829940.0,2092204.375,1928345.5,1418688.125,1604863.25
45,1540819.125,1451586.875,1243006.375,1341218.875,1121313.625,1103509.875,1471941.5,1276139.0,1462331.25,1362681.375,1527473.0,1408310.625,1323223.875,1224234.75,1230371.25,1342346.875,1335668.0,1401813.375,1110408.625,1224890.5,1211386.625,1259151.5,1389967.125,1252268.125,1412029.5,1369837.75,1046350.625,1107043.0,1413160.75,1496315.875,1241678.5,1332128.625,1230578.125,1199636.75,1081733.0,1029945.0625,1185088.125,1327184.25,1192530.25,1527353.0,1273022.5,1246945.625,1056477.375,1085582.5,936058.6875,936811.5,1055070.375,1069340.625,1097578.0,1069608.875,1132883.0,1215977.625,1195668.875,1170709.875,1401340.5,1505239.875,1408859.5,1322249.125,1208456.875,1444867.75,1189536.75,1278216.75,1372026.25,1499182.5,1430313.5,1407954.875,1586331.75,1493064.125,1089065.875,1114120.5,1201621.75,1382155.0,1256631.875,1374446.375,1054831.5,997129.3125,1478883.625,1317705.375,1275819.375,1455726.375,895714.75,1030977.375,1113716.125,1068741.375,1067884.5,1196941.125,1336557.375,1360206.875,1140756.75,1169190.125,1186592.625,1274803.0,1079643.25,972116.4375,1192782.5,1159705.625,1184789.875,1337202.75,1137904.75,1230811.75,875760.8125,903212.3125,1176940.625,1089278.375,1554532.75,1513701.5,1186726.75,1320826.75,1117174.625,1142621.625,1159794.25,1155582.125,1395780.625,1369467.875,1053023.375,1041423.4375,1130654.375,986511.75,1506317.625,1541288.375,1421180.25,1506757.375,1372944.375,1427184.875,1328343.625,1513026.625,1440467.125,1552566.625,1499676.75,1538361.125,1655019.375,1534451.875,1591136.25,1645899.375,1234953.125,1326094.0,1539767.0,1581496.75,1348765.0,1496923.5,1186611.125,1294623.0,1307643.125,1367011.0,1221844.375,1303351.875,1609355.375,1616394.625,1612787.375,1597219.375,1548355.375,1564432.25,1651933.5,1703887.375,1224838.75,1318485.75,1165132.75,1273738.375,1321475.0,1420441.5,1561692.25,1526704.125,1278728.125,1380524.75,1323040.0,1426144.25,1225068.25,1370854.75,1487724.125,1543066.75,1237145.0,1307951.625,1203742.0,1263542.5,1709707.0,1694828.75,1373746.25,1353148.0,1367362.5,1396473.125,1407302.875,1440945.75,1568327.625,1674401.75,1605766.625,1546136.375,1317484.875,1274098.25,1574778.625,1441685.875,1577529.0,1597608.625,1373184.5,1487159.25,1680498.125,1599752.375,1619193.375,1656115.75,1292462.125,1315380.25,1260621.125,1286916.125,1025912.75,1146451.125,1164852.75,1269618.625,1325342.875,1417540.0,1572207.125,1600919.0,929482.5,901635.5625,1119648.125,1075621.625,1160081.125,1093891.375,1387552.875,1386778.375,1507405.5,1308364.125,1200195.375,1176898.75,1248332.75,1258830.0,1206801.0,1194957.0,1648644.0,1488955.125,1218733.75,1235225.75,1629950.625,1672633.625,1287533.625,1341063.0,1475570.625,1370955.625,1810630.625,1569085.75,1731617.875,1728178.75,1692009.0,1828020.0,2092765.25,1928215.625,1418223.0,1603546.0
46,1542088.0,1453007.75,1244063.625,1341487.625,1120419.75,1103113.125,1473620.75,1276344.625,1463213.375,1365241.25,1530195.75,1410551.875,1323469.5,1224025.0,1229536.75,1342684.875,1337337.75,1404264.25,1106898.0,1225346.0,1210911.5,1260311.25,1391225.625,1253084.875,1413542.875,1370917.125,1052454.375,1112655.625,1412640.75,1498598.125,1241557.375,1333679.75,1231368.5,1199962.5,1082360.25,1032185.3125,1184343.75,1327274.625,1189909.25,1527375.0,1273218.875,1248110.125,1065089.625,1087664.625,935492.1875,937880.3125,1056313.125,1071684.125,1098913.625,1072325.25,1135731.125,1218866.25,1195359.125,1170664.375,1400672.625,1504826.75,1405260.5,1320943.5,1208296.5,1443290.625,1187452.75,1278086.5,1372409.875,1501203.0,1428314.875,1406818.875,1583235.75,1491310.625,1084422.625,1110628.875,1201621.875,1381561.0,1256903.25,1373030.375,1054789.375,995522.9375,1477517.25,1311375.375,1274915.875,1453044.375,893893.9375,1032541.9375,1111091.875,1064910.75,1067869.125,1197189.625,1334135.75,1357575.5,1137263.875,1163587.625,1187275.5,1276638.75,1076594.375,967353.75,1190633.875,1157181.375,1184715.25,1333621.25,1136950.625,1233111.75,874690.375,903399.125,1175536.5,1086758.375,1551269.125,1514465.125,1186390.625,1319821.0,1117549.375,1143148.25,1158120.125,1155526.375,1393818.75,1367254.75,1050093.875,1040692.25,1129205.625,983395.0625,1501275.875,1533254.25,1420484.25,1501368.875,1372889.0,1427253.75,1331516.25,1514045.125,1444269.375,1554963.25,1499099.125,1537896.75,1657018.25,1533984.25,1592340.25,1646366.375,1237393.0,1328456.625,1543334.0,1584199.75,1348191.5,1498023.0,1188517.5,1297621.5,1309404.125,1371060.75,1221948.875,1303936.0,1611608.0,1620117.25,1612771.125,1597225.0,1551536.625,1567488.25,1651781.125,1705738.25,1223763.625,1318401.5,1164180.375,1272285.625,1320071.5,1420803.625,1562542.875,1525682.375,1279023.75,1381614.5,1321307.375,1422590.5,1225223.625,1369595.625,1485815.125,1541663.625,1235886.625,1308014.375,1202000.0,1264623.25,1712290.0,1696890.375,1375897.875,1351953.5,1369913.25,1398235.125,1408306.5,1441961.25,1569129.125,1677118.625,1607956.875,1547278.75,1313722.875,1273909.25,1577214.5,1437461.625,1579387.125,1598613.375,1375814.75,1484056.375,1679539.5,1598799.25,1623100.25,1656882.875,1293872.875,1315799.875,1260475.75,1286523.75,1024919.875,1144014.625,1162475.25,1268397.5,1326512.5,1416430.875,1575028.5,1602161.0,928546.5,901430.5,1116976.875,1073973.375,1158810.25,1094370.25,1386999.0,1386312.625,1508153.75,1310940.875,1200208.625,1178395.375,1250284.25,1260611.625,1205512.125,1195040.125,1648366.0,1486433.875,1218826.625,1235070.75,1634275.375,1679399.0,1284945.0,1342853.625,1475685.125,1376044.625,1808889.75,1569128.5,1734753.125,1727684.125,1690385.875,1829210.5,2089504.125,1927226.5,1417484.875,1612530.375
47,1543501.125,1455165.875,1244702.0,1343230.75,1118328.625,1102248.0,1473009.875,1275977.75,1463473.875,1368362.875,1530016.375,1410466.75,1318367.0,1220864.5,1225721.875,1342143.875,1339603.75,1404336.0,1096789.375,1223706.25,1206443.5,1257698.625,1392751.875,1251646.875,1415287.125,1370820.375,1050326.75,1123382.0,1413250.5,1499920.625,1241100.75,1328484.5,1233098.625,1197705.875,1080710.375,1033426.75,1182647.75,1325870.625,1188653.25,1526313.125,1264497.875,1242075.875,1072135.75,1097630.375,934045.125,939215.3125,1055911.75,1074102.25,1096331.375,1071014.375,1136871.375,1223934.125,1195607.875,1169211.625,1402247.125,1504694.75,1402184.625,1317227.25,1211023.125,1444852.5,1186324.0,1275118.125,1374204.875,1500285.375,1429216.875,1407387.25,1583869.625,1490486.5,1089883.5,1110525.125,1200079.75,1378753.75,1257526.25,1369253.875,1052243.375,994012.5625,1479973.875,1311345.5,1273650.5,1449176.125,894301.125,1031644.9375,1110754.0,1066658.625,1067893.375,1197654.875,1330839.25,1356307.25,1134382.0,1160773.25,1186358.0,1277729.125,1074550.875,961588.6875,1188215.625,1156022.0,1182781.0,1333470.875,1137380.375,1233372.125,871594.625,903505.25,1173671.625,1085330.5,1552763.75,1515369.5,1185591.625,1321242.375,1115269.5,1138637.25,1152100.25,1148646.5,1390999.0,1366275.75,1046588.1875,1037977.6875,1125124.125,983031.1875,1499623.375,1540768.125,1419135.0,1502287.625,1372366.5,1426082.5,1337177.0,1519748.0,1451013.875,1559012.75,1499453.875,1537553.25,1661584.125,1536541.75,1596500.625,1648531.5,1238096.0,1328167.375,1546797.25,1587244.25,1347220.25,1494949.5,1189277.75,1296332.25,1308414.5,1372268.75,1220174.625,1303071.625,1620370.125,1632022.25,1613757.625,1599489.125,1551630.25,1568665.875,1652139.5,1705762.0,1222997.0,1314497.75,1162680.625,1269466.0,1319072.5,1416792.875,1565665.125,1525526.75,1280820.875,1378799.625,1321816.625,1418570.0,1224480.125,1367426.125,1487005.5,1537248.5,1236577.875,1305059.875,1203301.625,1263386.875,1713972.875,1697035.0,1375975.0,1353103.5,1367779.75,1396500.5,1408693.5,1444019.375,1568141.625,1677883.125,1604735.25,1544075.625,1308703.375,1270815.0,1577599.0,1437525.625,1579014.125,1597507.125,1375736.125,1482963.875,1681385.25,1599277.75,1620930.375,1656401.375,1294050.25,1319046.125,1258821.75,1287403.25,1023656.9375,1143017.375,1161733.875,1268782.25,1329090.125,1421676.25,1578061.625,1604251.0,929305.8125,901026.375,1115554.25,1073686.625,1156912.0,1093822.0,1386098.625,1389374.875,1507174.75,1310348.25,1199645.25,1178307.5,1244866.25,1258904.125,1205341.25,1193970.125,1649439.25,1487163.0,1218641.375,1233786.125,1632741.75,1680118.125,1284665.75,1344825.75,1474486.625,1376939.75,1806306.125,1570601.125,1732411.875,1728969.125,1693372.625,1833153.875,2088514.125,1926207.625,1417044.5,1612316.25
48,1544168.125,1454232.75,1244594.0,1342342.875,1119163.75,1102052.375,1470661.25,1274224.625,1461646.0,1365727.875,1529156.0,1409200.5,1317413.75,1220033.25,1224008.75,1340856.0,1339117.75,1401173.875,1095473.5,1223114.0,1205970.0,1256695.75,1393071.25,1249396.125,1415501.25,1369247.625,1049498.5,1126095.0,1414529.0,1498031.625,1241527.0,1326340.5,1235026.625,1196443.625,1081621.75,1033374.1875,1182217.0,1324778.625,1190023.75,1527078.375,1262998.25,1240097.125,1069018.75,1098863.375,934772.9375,940242.5,1057089.875,1074367.5,1096340.5,1069012.625,1137969.625,1223234.625,1196551.75,1167634.25,1403595.25,1504204.875,1401738.375,1314969.875,1210104.25,1442495.375,1188543.125,1275127.5,1374207.75,1496860.25,1428827.125,1406906.375,1584163.375,1488264.375,1094511.5,1111933.875,1198863.875,1375849.75,1257486.375,1369593.625,1050794.0,994781.8125,1483075.125,1315505.625,1273209.875,1450837.5,895752.1875,1031129.0625,1111931.625,1070340.25,1067025.625,1196384.125,1330593.875,1358401.125,1134378.5,1164587.625,1185196.125,1276146.125,1073554.375,963336.625,1188644.125,1157596.125,1181586.625,1336275.75,1139175.75,1233304.625,870860.0625,904972.6875,1174143.75,1086719.125,1556480.5,1514892.125,1185822.125,1322804.625,1113416.75,1136296.5,1151943.25,1149026.25,1393000.5,1368300.25,1050778.125,1036462.1875,1126312.25,982457.0,1505212.75,1549330.0,1419757.625,1506790.75,1372028.125,1425870.0,1337461.25,1520241.75,1452688.5,1559243.25,1498404.375,1535740.375,1660649.75,1536730.125,1597471.625,1648375.5,1236736.75,1326495.25,1544911.25,1586056.375,1346240.125,1490996.25,1187834.875,1292564.375,1305908.5,1370116.75,1219724.75,1301651.25,1622516.875,1634006.0,1615758.625,1600752.0,1548150.5,1565836.625,1652704.875,1703575.75,1222893.0,1311757.625,1161975.625,1269638.5,1318632.875,1413516.375,1562101.75,1522547.0,1281661.25,1376484.25,1324879.75,1420560.125,1223644.625,1367383.5,1488964.625,1536806.5,1237695.875,1304480.25,1205214.625,1262195.875,1711754.625,1694148.375,1373471.375,1353796.5,1362887.875,1393740.75,1408696.0,1443969.375,1565576.25,1674170.75,1598475.0,1539231.875,1310116.375,1269501.625,1575490.625,1440730.375,1576906.125,1595645.625,1375609.0,1481400.875,1682351.25,1599527.5,1617700.875,1655368.25,1294621.375,1322958.625,1258323.625,1290506.75,1025712.8125,1145856.875,1164299.875,1270700.25,1330473.0,1423775.875,1578714.125,1605350.625,931756.5625,901525.6875,1116538.5,1075788.625,1158372.75,1093620.375,1387199.25,1390428.125,1505222.0,1308683.375,1199517.25,1176346.5,1243280.375,1257856.625,1206474.625,1193687.125,1650564.75,1490244.75,1218698.0,1233280.625,1626316.375,1671447.25,1284737.75,1342379.75,1473534.875,1370914.0,1806818.125,1572469.25,1727849.625,1731079.5,1694256.25,1833988.625,2092754.875,1927526.375,1416322.25,1604077.375
49,1543404.125,1452491.125,1245291.0,1341088.875,1122629.125,1103042.75,1472114.25,1275054.25,1461771.375,1364486.125,1530243.25,1410516.375,1319479.25,1221483.375,1227332.375,1340640.5,1338415.5,1401288.25,1098665.125,1221786.875,1206818.875,1255781.125,1392886.375,1249831.125,1414932.25,1369317.5,1047568.75,1118319.0,1417093.75,1497000.125,1241795.625,1327745.875,1235624.375,1195636.375,1082506.75,1030488.6875,1182462.0,1324881.875,1192251.25,1526687.75,1265764.5,1241443.0,1062496.5,1092649.0,935996.375,940098.625,1056288.25,1074440.125,1100196.875,1071573.0,1137142.375,1219316.625,1197929.0,1169335.875,1403160.375,1505236.5,1403039.125,1316913.25,1209197.625,1441322.625,1189651.625,1277174.375,1374469.875,1497137.875,1429295.25,1406571.0,1584163.375,1488497.625,1088758.5,1108132.625,1199906.625,1376067.5,1256981.75,1371078.625,1050934.25,994265.75,1481932.5,1314688.25,1272702.25,1452800.0,893318.4375,1031487.3125,1111412.875,1067468.25,1066963.25,1194872.125,1329994.875,1357617.625,1132708.125,1164665.5,1186338.5,1273863.375,1072643.0,965098.0625,1189710.25,1157729.875,1183322.5,1333372.375,1139110.125,1232281.625,873419.0625,905085.5625,1174154.375,1086062.625,1554463.375,1513863.5,1185618.125,1321310.5,1114315.875,1137981.875,1154277.5,1153360.375,1394464.5,1367979.125,1051618.875,1036462.0,1127820.375,978943.875,1505294.25,1538412.5,1420110.375,1501890.5,1371695.25,1426849.5,1337437.625,1518365.875,1454069.75,1559123.75,1498165.75,1536683.25,1659550.0,1536375.625,1597964.0,1647882.5,1237483.875,1327335.0,1542752.5,1584684.875,1347185.5,1492722.75,1186600.625,1292504.25,1306517.625,1369956.875,1221976.25,1302975.125,1618936.0,1628849.875,1619839.75,1602720.875,1549627.875,1566014.5,1655050.125,1705673.375,1223221.875,1314400.875,1163155.625,1270941.875,1319848.875,1416902.75,1560464.875,1523743.0,1280831.0,1378882.375,1324435.875,1422202.75,1222607.375,1366690.125,1487829.125,1539355.5,1236557.375,1307368.375,1204278.0,1263299.75,1711532.75,1693816.625,1372349.0,1352390.875,1363640.625,1394928.375,1409668.875,1443710.0,1565016.5,1672927.75,1599003.25,1539917.0,1311464.25,1270072.0,1574353.125,1436976.5,1579353.0,1597426.25,1375995.875,1478880.125,1681379.25,1599192.875,1622275.125,1657127.875,1296131.0,1323900.25,1260392.0,1291350.625,1027143.0625,1147877.125,1165124.75,1271198.75,1331765.125,1422565.5,1580421.875,1606523.125,930590.6875,900575.125,1116808.375,1075838.0,1159350.5,1093637.25,1388508.25,1387795.875,1504319.25,1308648.5,1199514.75,1176859.25,1248633.75,1260170.125,1206807.75,1195217.875,1648492.625,1487937.625,1219098.5,1234645.0,1628872.625,1672968.625,1285707.625,1340501.875,1475468.0,1371913.625,1808590.375,1571710.75,1733169.25,1730289.375,1692412.75,1832179.625,2095232.75,1929201.25,1417293.25,1608928.0
50,1542130.5,1453436.0,1245761.5,1343839.25,1124187.25,1104500.125,1475924.625,1277841.75,1463473.5,1368780.375,1530762.75,1411820.5,1317829.125,1220499.625,1231683.5,1342651.75,1338725.75,1404371.0,1096575.75,1216902.125,1204236.75,1249327.875,1393419.625,1252020.25,1413976.0,1370222.625,1037674.1875,1107445.75,1418587.125,1498742.75,1239498.375,1321865.125,1234372.25,1191017.0,1075433.375,1023901.4375,1182393.75,1325571.875,1192654.5,1523501.75,1262309.125,1239379.625,1056846.625,1093106.75,933253.375,937446.6875,1050756.0,1072362.25,1098646.125,1071817.625,1129817.75,1219413.75,1198005.25,1172604.875,1402838.625,1507178.0,1404793.625,1318726.25,1212794.0,1446967.125,1187378.625,1277205.75,1375697.875,1501191.75,1432494.5,1408632.125,1587087.25,1492000.125,1087194.875,1107373.625,1200532.125,1378521.75,1255762.375,1368912.5,1050655.25,992976.3125,1478123.875,1313792.25,1271852.5,1450426.0,890691.25,1029433.75,1110888.25,1066102.75,1066882.625,1195631.75,1327833.75,1353691.75,1131227.125,1161387.625,1186899.5,1273171.875,1073686.875,963786.875,1188394.0,1156123.75,1184857.25,1329828.25,1137156.25,1228797.625,873544.625,903654.8125,1173330.875,1085536.75,1551964.625,1515314.875,1184699.5,1320956.0,1115848.125,1139301.125,1152949.125,1151776.375,1393110.125,1366784.5,1046039.0,1037590.1875,1124848.5,980954.375,1502176.625,1533612.625,1417505.875,1496906.125,1370255.5,1427394.5,1341085.0,1520235.125,1455598.0,1560856.625,1501381.375,1540509.5,1663755.875,1538486.125,1600511.25,1650042.125,1236660.125,1327164.375,1542944.625,1584651.875,1348351.25,1496575.375,1186153.75,1293564.0,1306720.5,1368776.0,1222266.625,1304347.75,1621356.375,1632903.25,1622016.375,1605708.875,1553656.75,1569121.0,1657238.0,1708794.25,1222785.0,1317360.75,1162858.625,1270090.25,1320540.625,1420806.5,1567432.0,1529124.5,1279753.125,1379905.375,1320803.5,1419943.125,1221796.625,1366562.25,1486603.375,1539463.5,1234912.625,1308097.25,1202959.625,1264596.375,1714206.625,1695991.375,1372896.5,1351578.875,1367636.25,1396827.375,1409672.875,1444080.5,1566866.5,1675070.375,1601732.125,1542523.0,1308493.5,1269302.375,1577264.25,1434218.875,1584692.5,1601182.625,1375472.375,1483016.875,1683521.125,1601915.125,1626405.75,1659668.625,1295563.75,1322852.5,1261174.875,1289289.0,1024408.125,1146367.625,1163394.0,1270160.125,1332495.125,1423525.5,1580331.75,1605917.5,926790.6875,899701.6875,1115884.125,1074058.75,1157640.0,1092737.75,1388094.375,1387266.375,1505062.375,1308171.75,1199740.125,1179439.5,1248995.0,1260625.375,1206175.75,1195273.0,1646546.25,1484350.125,1218628.0,1235661.25,1637734.25,1683591.0,1288960.125,1343578.375,1477717.625,1378184.5,1809853.375,1571698.5,1740400.25,1729065.375,1695046.625,1832791.25,2092844.375,1927837.25,1420323.25,1619106.0
51,1541359.125,1455357.75,1242595.125,1344547.75,1122795.625,1103866.75,1474980.625,1278849.375,1463168.875,1368233.625,1527446.375,1409469.375,1317167.875,1219411.75,1232352.625,1344005.125,1337245.875,1404243.125,1100676.5,1216595.0,1205739.125,1247644.0,1392259.875,1253308.125,1413148.25,1369692.75,1034696.1875,1102402.75,1415556.875,1499380.5,1237088.375,1318672.25,1231427.125,1187604.125,1069925.0,1021557.0,1182000.375,1326998.25,1192297.875,1521884.75,1262215.875,1240211.5,1051911.25,1091625.0,930819.5,934312.875,1049045.75,1069217.375,1094938.25,1068764.5,1123955.875,1220194.875,1194827.75,1173107.125,1402399.625,1506715.25,1406971.375,1319164.0,1213937.875,1449594.5,1186409.75,1276529.5,1373406.375,1502004.75,1432697.875,1409328.875,1589754.75,1493122.125,1091649.75,1113367.75,1200125.75,1380090.0,1255488.0,1367988.75,1050782.0,994598.25,1476908.375,1315577.75,1272420.5,1449744.5,892335.125,1026806.9375,1111509.625,1069436.25,1064655.25,1195783.125,1329113.25,1353966.5,1135880.875,1163152.625,1185158.5,1272599.75,1076075.125,965963.75,1188707.875,1155532.875,1183476.75,1332446.125,1136512.0,1225069.375,871711.1875,901950.5625,1174712.375,1087837.25,1555993.375,1517524.875,1185861.375,1323599.125,1115864.125,1139732.375,1154220.25,1149908.125,1394400.5,1368701.75,1046862.4375,1039266.1875,1124524.25,986016.3125,1504997.75,1545453.625,1416869.375,1503036.375,1369401.125,1427981.875,1339864.875,1520176.375,1452315.75,1562038.125,1502567.625,1541447.875,1662691.375,1537780.5,1598591.375,1650430.125,1232157.625,1323627.0,1540024.375,1583086.375,1346982.125,1497257.875,1184323.875,1292640.375,1303277.875,1365147.5,1220636.75,1303177.125,1622770.875,1638379.5,1617643.0,1604047.125,1551690.5,1568132.125,1655704.625,1706122.625,1220776.5,1317744.125,1161493.125,1269896.75,1318328.875,1419639.125,1569039.125,1528978.375,1279937.5,1378189.375,1321482.25,1420516.0,1222585.5,1370916.375,1488568.625,1539166.125,1235389.625,1307164.5,1203842.375,1264982.25,1713990.875,1695772.625,1371032.125,1352396.625,1367527.375,1395476.25,1407479.875,1442463.0,1567129.25,1675129.125,1600197.875,1541589.25,1310266.125,1270311.0,1580276.0,1440786.125,1584729.75,1601441.375,1377335.875,1492140.25,1685728.5,1603328.75,1622408.875,1658319.75,1295535.25,1322827.625,1259793.625,1288527.25,1024997.0,1146323.25,1164861.875,1270505.875,1333587.5,1425327.625,1576992.5,1604627.25,926994.375,901280.875,1116174.125,1074754.0,1157657.75,1092791.0,1387863.125,1389227.0,1506221.0,1306752.5,1200052.5,1179338.125,1245080.5,1258222.5,1205754.875,1194048.5,1647611.875,1487271.25,1217863.125,1235727.25,1636686.625,1682536.5,1290146.75,1344090.375,1477400.375,1375956.0,1810407.25,1573385.25,1737608.375,1730049.125,1698718.25,1834047.25,2091522.375,1925805.0,1420933.0,1613822.625
52,1541085.625,1455773.25,1239372.125,1341050.25,1122626.5,1102556.25,1471399.75,1278123.875,1462347.25,1361789.625,1524641.0,1407681.125,1321091.125,1221970.5,1231850.5,1343310.5,1335998.875,1402357.875,1111857.875,1223817.375,1212845.375,1255626.5,1390194.5,1254131.0,1413811.875,1368470.5,1041549.375,1104106.875,1412822.125,1498674.0,1238939.5,1327044.625,1228663.375,1190428.5,1073541.125,1026113.0,1180748.875,1328008.5,1192541.625,1523151.875,1268704.75,1245653.0,1050189.625,1083481.5,932702.0,933895.875,1053383.625,1070240.125,1097570.375,1070057.0,1124812.875,1218115.5,1191705.75,1171723.125,1400995.625,1504922.125,1408771.5,1320650.25,1209415.5,1444930.0,1187550.375,1276461.625,1369939.375,1499529.375,1429153.125,1407250.625,1588399.625,1491386.5,1088958.125,1114357.125,1200748.875,1380407.875,1257454.75,1369868.0,1051508.125,995305.0,1477375.625,1314258.625,1273911.0,1451738.375,893892.1875,1026912.8125,1110721.375,1067697.375,1062739.625,1194065.375,1331953.5,1356239.875,1139874.0,1165567.375,1184706.75,1271893.375,1076159.75,968325.0,1191583.875,1155473.25,1181568.375,1334205.375,1136846.0,1223909.875,872435.625,899990.9375,1175650.375,1088004.625,1559491.625,1516625.125,1187822.0,1324281.5,1114763.125,1139822.125,1157356.75,1152256.75,1394936.0,1369585.75,1050693.0,1038871.5,1127643.125,982955.875,1504745.375,1545906.875,1418871.5,1507253.125,1370246.875,1429648.0,1333400.125,1515091.625,1449326.25,1562154.25,1499522.125,1539642.5,1654704.0,1534284.375,1593811.875,1647443.625,1231792.375,1323310.75,1535806.25,1582302.625,1346173.875,1497639.25,1182924.375,1293366.875,1301966.25,1365923.625,1221263.5,1303346.5,1613853.0,1632143.5,1611501.5,1598898.625,1547510.0,1565280.125,1652303.125,1702479.375,1220131.625,1318481.0,1163335.0,1271811.625,1317614.625,1418594.75,1562068.25,1525429.875,1280959.625,1379154.75,1324428.75,1423120.75,1223791.375,1374599.375,1489789.75,1540306.0,1236874.0,1307746.375,1204704.625,1264895.875,1711694.625,1694444.875,1369497.5,1353578.5,1366635.75,1394484.25,1406183.375,1440523.875,1565850.25,1674408.75,1600736.375,1541782.5,1316761.375,1274309.0,1579669.875,1444855.0,1581303.25,1599665.375,1380536.375,1492686.375,1683660.625,1599449.75,1618869.125,1655949.75,1298586.0,1323805.75,1259548.625,1289528.125,1030778.125,1150272.125,1169572.25,1273030.875,1336052.75,1426183.375,1577056.5,1606485.75,930777.4375,901172.125,1117594.5,1075707.5,1158526.375,1093495.5,1387856.875,1388916.75,1506030.625,1305354.25,1199960.875,1177909.875,1246960.5,1257533.5,1205026.5,1193948.875,1649718.625,1490469.25,1218168.625,1236221.25,1629916.75,1675091.875,1287190.875,1341036.25,1476117.75,1370941.0,1809919.25,1572363.25,1733549.125,1729799.875,1696580.125,1832251.0,2092733.125,1926580.0,1418723.375,1605750.625
53,1541267.125,1455388.25,1240237.875,1339685.0,1123124.0,1101909.0,1472527.75,1278762.0,1463720.125,1361096.75,1525264.625,1408425.875,1321059.75,1221900.875,1231611.625,1342559.875,1337514.375,1402165.625,1111499.25,1226748.25,1215098.125,1259101.75,1390880.25,1254243.25,1416142.25,1368129.875,1042245.125,1106942.625,1413914.125,1499779.25,1243530.125,1330621.5,1229606.75,1193198.0,1076825.0,1028838.0625,1179083.125,1326768.75,1192382.0,1524328.5,1267724.5,1244950.375,1051824.0,1085686.625,934415.9375,935890.4375,1053813.375,1072457.875,1100246.375,1072981.125,1125723.375,1218427.125,1193429.25,1171532.25,1402440.125,1505721.0,1409493.125,1322276.0,1209133.0,1443594.125,1187481.5,1275995.75,1371173.0,1499092.25,1427991.375,1406211.75,1586757.125,1491281.625,1085838.25,1110043.125,1201073.125,1380413.75,1258275.75,1369658.0,1050452.75,993248.0,1475038.875,1311953.875,1273572.5,1451724.375,892192.8125,1027668.9375,1109952.375,1064479.125,1063084.5,1194243.875,1331104.75,1355731.875,1135992.0,1163176.0,1185542.0,1272816.875,1074471.5,965814.875,1190449.625,1153859.625,1180984.75,1332320.625,1135535.125,1223902.75,872518.5625,898386.125,1173783.125,1085757.25,1557165.25,1514984.875,1187162.0,1322813.25,1113813.875,1139548.5,1154637.0,1151695.5,1391426.5,1367773.875,1047434.8125,1037834.6875,1126665.875,981568.625,1499895.375,1538616.75,1417504.25,1501989.125,1369893.125,1430034.5,1334008.125,1514390.75,1453372.125,1563009.75,1499411.5,1539352.0,1654603.625,1535121.5,1595174.875,1646579.875,1235994.625,1326560.625,1538131.0,1584123.625,1348419.75,1498098.75,1185255.75,1295514.5,1303696.375,1368766.0,1222223.875,1304612.5,1609951.5,1628268.875,1611333.875,1598267.625,1547035.5,1564545.75,1651123.375,1702457.375,1222401.125,1318740.5,1165437.5,1271795.25,1320341.25,1419560.5,1562289.0,1526600.875,1280322.0,1379792.125,1323237.75,1422271.75,1223715.125,1371611.0,1487239.5,1539324.25,1236792.25,1307326.375,1204559.375,1264171.875,1710663.25,1693565.625,1370969.25,1353012.375,1367482.75,1394813.625,1406282.0,1440023.125,1564835.75,1675234.875,1603930.0,1543882.25,1315678.0,1274243.625,1577608.0,1441807.625,1581017.0,1599419.375,1378526.125,1487040.125,1682966.75,1597788.875,1619338.375,1655420.75,1300052.375,1324485.875,1259941.875,1289492.875,1031241.75,1151658.125,1169749.625,1274153.625,1338245.375,1429346.5,1580875.75,1609326.25,931323.625,899054.6875,1117968.5,1074156.375,1156655.0,1092606.5,1386638.375,1387657.75,1505316.125,1304565.375,1200139.5,1178818.625,1249317.75,1257919.375,1204422.875,1194153.5,1650081.375,1487724.125,1218312.75,1236386.5,1632634.75,1679068.5,1285368.25,1341641.125,1475949.25,1373934.375,1809833.75,1570847.25,1737065.375,1728236.125,1695224.25,1832283.25,2092946.5,1928273.625,1417760.375,1611542.0
54,1540448.875,1453459.875,1240540.625,1339219.5,1120634.625,1099419.375,1474707.75,1278417.375,1464496.625,1363553.0,1525898.25,1407684.0,1315579.375,1217490.375,1229597.375,1341674.125,1338674.5,1401633.625,1100540.125,1221222.125,1210355.5,1253526.875,1391580.0,1251237.625,1416586.125,1368402.75,1036301.5,1109311.25,1414063.375,1500415.625,1245383.5,1324294.625,1233109.5,1191629.125,1073890.875,1027515.6875,1180231.125,1325370.125,1192201.375,1524432.375,1260228.0,1238931.5,1057043.0,1098886.25,933526.8125,937572.9375,1051893.5,1071947.875,1097212.0,1070868.5,1126022.0,1222425.125,1196919.875,1172147.0,1405928.0,1506851.125,1409082.25,1321869.875,1214947.5,1445781.125,1187395.5,1276531.0,1374382.375,1500032.0,1429267.0,1406507.25,1586885.75,1491725.875,1091603.875,1111112.25,1200717.375,1380281.125,1257386.125,1368960.125,1049548.875,993543.8125,1475290.875,1314561.0,1273158.25,1451607.875,892040.25,1028246.0,1111626.0,1068822.75,1064270.375,1195197.25,1330101.375,1356539.375,1132877.25,1162031.5,1185114.75,1274050.375,1073828.125,964322.6875,1186785.25,1153580.75,1180863.0,1332382.625,1134839.5,1224696.125,871217.0,898574.625,1173588.25,1085825.25,1555742.75,1515557.75,1185875.375,1322970.0,1114083.125,1140335.375,1151922.625,1149196.5,1391810.0,1368149.25,1045946.75,1040050.1875,1125208.875,987436.25,1503841.375,1542786.0,1415672.25,1499382.75,1369132.75,1428352.625,1340932.25,1519404.375,1458608.375,1564217.25,1502280.0,1539482.625,1660681.25,1537606.375,1599206.625,1648573.875,1236847.5,1325977.875,1543562.375,1584369.125,1350206.75,1496173.125,1188269.125,1295061.375,1303954.625,1367509.375,1221840.25,1303883.125,1617144.625,1632991.125,1614377.75,1600293.0,1547758.0,1563619.5,1651954.5,1702744.375,1224334.25,1317393.875,1165180.875,1271051.125,1322108.875,1419036.125,1568742.375,1528556.75,1278474.0,1377719.5,1321764.875,1420657.25,1223903.375,1367677.875,1486359.25,1537688.5,1236273.625,1305931.125,1205461.5,1263787.5,1709933.625,1692111.375,1372207.875,1351744.5,1366087.625,1394685.125,1406443.875,1439476.875,1564982.0,1675333.375,1603693.5,1543698.25,1309987.875,1270903.375,1575123.5,1439061.875,1581645.25,1598935.75,1373207.5,1485360.125,1685726.375,1601688.25,1619748.5,1654932.625,1298064.75,1324397.0,1259249.375,1288830.25,1025441.6875,1147494.125,1165022.625,1272204.125,1337604.5,1430819.375,1581799.75,1608847.875,929407.6875,900398.625,1117599.875,1073739.125,1156215.5,1092826.375,1386367.5,1388135.625,1504636.625,1304838.0,1199981.625,1178699.375,1245844.875,1256220.875,1205392.875,1193366.875,1648986.875,1486194.375,1217595.0,1235146.625,1632970.25,1680291.375,1285864.5,1341674.625,1475160.375,1376478.0,1808400.0,1569391.75,1736756.125,1728376.5,1695029.0,1833870.875,2091860.875,1927972.625,1416111.25,1612698.875
55,1538289.625,1450283.875,1238569.375,1336577.0,1117236.5,1096033.375,1473629.5,1275258.875,1463410.5,1360310.875,1525607.875,1406240.125,1315232.5,1217177.375,1227338.875,1340208.75,1337539.75,1400975.25,1097817.625,1218530.25,1207612.625,1251619.375,1389134.0,1248311.5,1413662.625,1369266.875,1037373.9375,1113176.25,1412229.25,1498575.375,1243367.75,1323396.25,1232847.125,1190515.5,1073132.375,1026846.1875,1183616.0,1325016.625,1192239.125,1522495.625,1260759.25,1239447.25,1064652.25,1103484.25,934164.875,938632.4375,1057360.625,1074137.625,1095706.375,1068707.375,1129594.25,1223715.5,1196376.5,1172493.375,1405923.75,1505793.5,1409382.75,1321576.25,1217457.5,1443729.5,1189617.625,1278307.25,1374728.25,1499879.75,1429316.875,1406117.875,1586401.625,1491049.125,1095249.5,1114518.125,1202029.625,1380262.0,1259735.0,1370916.875,1051537.0,995475.875,1481226.375,1316900.375,1275400.0,1452109.375,894708.5625,1029052.1875,1112374.875,1070933.0,1066121.625,1192850.25,1332171.125,1358454.875,1135337.25,1161581.5,1185686.875,1272606.125,1073771.5,963766.9375,1187514.875,1155107.375,1182398.0,1332000.375,1136834.5,1225551.625,872742.75,899123.0,1174987.5,1085408.0,1556142.75,1515844.625,1186142.5,1322639.5,1115271.25,1140381.125,1153299.75,1149167.625,1394187.5,1368580.25,1048041.25,1042096.3125,1127069.375,986616.0625,1507444.625,1541107.25,1418270.125,1500148.625,1371100.75,1427169.75,1342471.25,1520065.0,1458186.75,1563909.0,1502816.625,1538929.875,1659621.5,1536149.25,1598807.375,1648638.5,1236481.5,1323473.0,1544212.625,1583227.25,1350965.25,1496366.375,1188387.125,1294290.5,1305306.125,1366171.0,1223231.375,1304074.875,1621233.5,1632284.75,1615080.0,1599533.5,1549525.25,1563938.625,1653211.125,1703127.75,1223833.125,1317756.625,1166722.25,1273994.75,1322364.125,1419136.625,1568811.125,1527955.875,1278673.375,1378967.875,1322847.625,1421449.75,1225404.25,1367813.75,1490014.625,1540539.5,1237193.5,1307392.625,1205907.875,1265033.75,1710713.875,1691919.5,1372950.125,1352630.125,1365883.875,1396040.75,1407898.125,1440063.25,1567015.0,1676537.625,1604307.75,1544742.375,1310915.125,1272431.375,1572893.875,1436557.875,1581356.25,1599149.0,1371399.125,1484057.625,1685976.125,1603979.625,1623184.875,1655929.75,1296573.0,1323088.875,1259687.625,1288729.5,1023419.75,1143686.375,1162979.25,1269733.125,1336260.0,1428161.125,1581234.375,1607577.0,929190.875,901876.8125,1117848.125,1073903.5,1157655.875,1094134.625,1386829.625,1387864.25,1503580.375,1305808.25,1198776.875,1176357.625,1244618.0,1254954.5,1206556.5,1192448.375,1649692.5,1487505.25,1217931.75,1234700.125,1623594.875,1670563.25,1285554.75,1337298.125,1473533.25,1373506.75,1804841.5,1564965.75,1730242.875,1727858.0,1689733.75,1831305.5,2091227.625,1927600.0,1412921.875,1602978.0
56,1536908.125,1449825.25,1237903.25,1335889.25,1116007.875,1095802.0,1473868.75,1275360.25,1463117.875,1357026.5,1524056.25,1406173.875,1320830.5,1221178.625,1226217.5,1339829.25,1335850.5,1401842.5,1105552.25,1223792.0,1209737.5,1258583.25,1386692.125,1250766.125,1411710.625,1371584.125,1047696.3125,1119229.75,1410700.875,1496389.75,1241345.0,1330457.75,1228009.25,1192980.625,1080880.125,1027944.5625,1183372.75,1323073.25,1190679.625,1517451.375,1267665.125,1244362.0,1066826.375,1095474.5,937824.0,940614.375,1063897.125,1080272.75,1097800.875,1070577.625,1133402.875,1219191.125,1193608.875,1172792.25,1404363.25,1506084.125,1412076.25,1324319.375,1217143.0,1443621.375,1191160.25,1277478.375,1372291.875,1497348.25,1430061.875,1406690.5,1587375.375,1492449.625,1091290.25,1112079.875,1203282.875,1380694.75,1263131.375,1371891.75,1051630.75,993974.6875,1481279.25,1312226.125,1276405.375,1450069.125,895182.375,1027543.3125,1110609.875,1063751.625,1066810.625,1189867.375,1332805.5,1356469.5,1137624.125,1158431.375,1187449.125,1268703.625,1075270.125,959484.4375,1190887.125,1154265.625,1184448.75,1328553.375,1138160.125,1223446.25,875249.0,897436.6875,1174574.375,1082746.0,1554611.0,1514991.75,1186360.875,1320269.125,1115956.875,1138044.625,1153858.25,1147190.875,1392020.875,1366533.0,1045835.625,1039916.0625,1125786.25,982970.8125,1499979.25,1531643.0,1419280.0,1497361.25,1371813.125,1425186.875,1339174.625,1518535.75,1455927.625,1562819.0,1503264.875,1540861.75,1656436.125,1535868.875,1596933.625,1647039.375,1238072.625,1323386.25,1541819.125,1584029.625,1352475.625,1500023.75,1186580.125,1294235.25,1307873.125,1366120.125,1225040.375,1305092.625,1622663.875,1628829.125,1615479.75,1599281.875,1551999.875,1565791.25,1654251.625,1704410.875,1222572.625,1320368.25,1169299.75,1276638.375,1322555.25,1421895.375,1566500.25,1530332.625,1280404.75,1381404.25,1322036.125,1421828.125,1225271.875,1366730.375,1491197.125,1543078.5,1238790.0,1309206.125,1204119.75,1265801.375,1712781.0,1692861.5,1371860.75,1352743.0,1367174.875,1395838.125,1410030.875,1442355.25,1566171.625,1677761.625,1607485.25,1547508.5,1313075.0,1274535.0,1573699.0,1435056.75,1582332.0,1601653.125,1372284.75,1484657.5,1683599.25,1601905.25,1626652.25,1657732.25,1295885.375,1319807.25,1260993.375,1287119.5,1025790.1875,1143139.375,1165188.0,1268641.5,1338281.625,1428906.375,1581873.75,1608140.0,928252.5625,899030.4375,1118159.5,1072589.25,1156181.375,1092858.5,1386363.625,1387535.625,1504559.0,1306948.375,1198330.25,1176299.75,1246626.875,1256171.5,1206011.875,1192825.75,1650134.625,1486331.0,1218885.125,1236082.625,1624795.375,1670727.375,1285707.75,1335359.25,1474448.25,1372461.25,1805266.625,1563219.625,1731535.25,1725810.125,1689590.625,1829587.0,2091481.625,1927813.0,1413701.125,1602479.875
57,1536797.375,1450725.0,1238527.125,1338646.0,1117377.625,1099083.25,1475059.125,1278104.375,1462590.5,1360200.75,1521511.125,1405798.0,1323284.0,1223260.5,1225786.5,1340517.875,1335181.5,1401759.875,1109751.5,1227984.125,1210566.5,1263450.125,1387352.125,1254548.625,1412578.375,1372400.625,1053917.25,1121628.875,1409813.75,1495282.5,1240631.375,1333929.125,1225309.25,1195080.375,1086894.125,1029011.9375,1180509.875,1321178.875,1188928.875,1514555.125,1270086.125,1244547.5,1062398.375,1087350.125,939165.75,940768.4375,1061474.75,1080065.875,1097764.875,1070406.375,1133969.0,1213597.25,1193091.0,1172115.25,1403807.5,1506270.5,1412854.375,1325530.75,1216083.75,1448836.25,1190194.625,1274847.25,1370189.0,1493733.125,1431416.625,1408016.0,1589326.25,1493927.75,1088311.875,1108583.375,1202277.75,1381147.0,1261528.125,1370567.875,1048488.125,991292.5625,1474824.5,1306582.875,1274079.25,1448330.875,893809.5625,1025802.0,1110079.625,1060086.625,1065110.375,1190834.0,1331073.25,1353651.125,1138859.5,1160279.875,1187056.125,1266478.125,1078207.5,959173.5625,1192990.625,1154013.625,1184030.25,1328288.375,1138136.5,1223225.5,875973.0,897366.5625,1174855.5,1083600.625,1555372.875,1515638.625,1186503.375,1320402.75,1115850.125,1137724.5,1155544.0,1147328.5,1391998.125,1366599.0,1046716.9375,1037955.0,1124044.0,985746.75,1497758.75,1536119.5,1416232.375,1498464.25,1369474.375,1423142.125,1335251.875,1519255.125,1453877.75,1561264.25,1503314.0,1542719.625,1657419.875,1537999.125,1595431.125,1645993.625,1236487.375,1323811.5,1539241.0,1583956.625,1351487.625,1499854.25,1184158.375,1291911.75,1306274.375,1365603.0,1223773.5,1303490.0,1624708.25,1629591.75,1617429.625,1601124.875,1550560.75,1565092.875,1654556.625,1704404.375,1221934.75,1320811.125,1168042.125,1274736.75,1320926.125,1422365.75,1566295.625,1533137.625,1280626.375,1378671.25,1320458.875,1421141.125,1223344.875,1364533.875,1488109.375,1540950.5,1240042.5,1307853.875,1203116.625,1264022.125,1712235.625,1692798.125,1367801.0,1349922.25,1363276.0,1390943.375,1411105.5,1443381.625,1560829.625,1673610.125,1604923.5,1545144.625,1310533.5,1270980.625,1576452.0,1437642.125,1583104.125,1602859.875,1373616.25,1490902.375,1683647.25,1600406.125,1623223.125,1657291.0,1294800.375,1318079.25,1260469.125,1285851.625,1028437.6875,1145433.25,1167912.0,1269719.5,1338809.625,1429350.0,1579444.5,1607447.25,926459.25,897082.8125,1117323.5,1072831.125,1155382.25,1091820.125,1387338.125,1388649.25,1507199.5,1307162.5,1199114.875,1177329.375,1245844.875,1256730.875,1204655.75,1194491.375,1647962.75,1486175.25,1218373.75,1236291.5,1633642.75,1677375.375,1286511.0,1336542.75,1475367.875,1372247.625,1809893.5,1567615.625,1735829.625,1726235.875,1697284.5,1831768.75,2093050.0,1927641.0,1416700.875,1606722.5
58,1538123.375,1450003.625,1239777.125,1340506.625,1119583.875,1101733.5,1473120.25,1277140.875,1460961.0,1364786.25,1522757.875,1406204.75,1322185.25,1223833.125,1226871.875,1341050.75,1335568.625,1400478.875,1106164.875,1226332.125,1208477.75,1259695.375,1389124.625,1252728.25,1413956.875,1369331.75,1050468.375,1115939.875,1410946.75,1494880.75,1239399.0,1332033.625,1226920.125,1194608.375,1083269.5,1029351.3125,1181408.375,1322773.375,1189578.5,1518999.5,1270147.875,1243468.875,1060666.375,1083663.875,936928.6875,937635.75,1056882.0,1072507.5,1098542.875,1069176.5,1133489.0,1212350.125,1193884.375,1170014.5,1401492.75,1503445.75,1407411.25,1321718.0,1210191.125,1448180.0,1189640.25,1274905.875,1370959.375,1494241.25,1429005.375,1406689.5,1585940.375,1490961.125,1086682.0,1109508.75,1201162.125,1380883.875,1257534.875,1370212.75,1048394.1875,991780.625,1474079.25,1306863.875,1272510.375,1449867.375,892879.8125,1027687.3125,1111551.125,1063738.5,1064376.75,1193431.125,1330195.375,1352935.75,1139526.5,1165880.125,1186342.25,1269183.625,1077918.5,966068.25,1193761.875,1156659.875,1183211.25,1330776.0,1138208.125,1227919.0,876194.0,901022.4375,1176224.25,1086808.625,1558265.75,1517600.625,1187346.375,1322915.75,1115563.5,1140174.875,1158544.625,1154458.125,1395290.125,1368190.5,1052561.5,1039164.0625,1127974.0,984679.4375,1503602.25,1541748.5,1415988.375,1503367.375,1369440.75,1424867.375,1332255.125,1516360.125,1451080.625,1559894.625,1498462.875,1539477.5,1655195.375,1535584.75,1593221.625,1643833.875,1234234.125,1325418.125,1536659.125,1582206.375,1346505.25,1495348.625,1183111.875,1291597.75,1303931.0,1367610.5,1221387.5,1302460.0,1620701.25,1630073.5,1618139.75,1601513.5,1548570.125,1564971.75,1654698.375,1704524.375,1220511.875,1317836.0,1163945.0,1271824.125,1317347.625,1419116.75,1562543.625,1529323.25,1279352.75,1376954.5,1321529.5,1421563.25,1223443.125,1366320.0,1486057.75,1540055.375,1238868.625,1307025.5,1203501.125,1262264.125,1710823.875,1692925.75,1367667.875,1349175.5,1360276.75,1389641.75,1410477.0,1442399.875,1560178.375,1670224.5,1599896.0,1540575.5,1310869.0,1268955.875,1579541.75,1439493.25,1584157.125,1603399.5,1376265.0,1491188.25,1685450.625,1602371.75,1621617.875,1657707.125,1295852.0,1321449.0,1260232.75,1288059.125,1030255.875,1148105.25,1168061.0,1271002.875,1335487.125,1424610.125,1576462.25,1606158.125,927515.25,898323.9375,1115948.5,1074047.75,1158350.5,1093688.625,1388818.625,1387497.25,1507584.625,1306631.0,1199576.5,1176912.0,1247263.0,1257298.375,1204322.625,1195741.875,1647853.125,1488802.75,1217472.125,1234929.0,1631050.75,1674091.5,1285989.25,1336880.375,1473550.25,1371118.25,1810501.75,1569920.75,1733360.5,1728128.875,1696530.0,1830763.625,2094420.75,1928939.0,1416482.5,1604474.0
59,1541293.375,1451771.75,1241750.125,1340813.75,1120350.75,1102827.0,1471038.0,1276217.625,1461342.125,1365282.875,1527794.625,1408914.0,1322655.625,1225296.5,1229288.5,1342258.5,1335990.125,1402026.0,1103593.375,1226097.0,1208286.875,1257068.25,1389783.875,1250235.0,1414922.5,1367570.5,1048457.875,1113123.125,1413238.125,1495001.875,1238501.75,1331975.375,1227845.0,1196073.125,1079289.75,1030885.25,1184238.0,1325257.5,1189662.375,1524974.25,1272824.125,1245721.375,1064010.625,1082614.25,936271.6875,936503.3125,1057543.875,1069780.75,1101813.875,1071963.0,1134652.375,1215197.5,1193463.875,1168823.375,1398553.75,1502851.875,1401376.375,1319141.625,1204501.875,1441103.875,1189404.375,1275456.125,1372482.125,1498745.375,1425208.875,1404077.75,1579797.25,1487549.0,1082953.5,1109896.0,1200859.0,1379937.75,1255951.0,1369828.875,1050977.75,992424.0,1477927.125,1308927.875,1273013.625,1450631.125,890640.1875,1029615.375,1111329.375,1062881.25,1065374.125,1194701.375,1329616.5,1351671.125,1138204.25,1164480.875,1186951.25,1274505.125,1075703.875,967303.6875,1192568.0,1155989.0,1183306.875,1330750.25,1136736.375,1229899.75,875723.625,901866.625,1175172.875,1085411.125,1557163.75,1517366.0,1186996.25,1322085.0,1115252.875,1139263.875,1155851.625,1156473.5,1393187.25,1366636.625,1050377.375,1038231.5,1129597.25,977341.0,1500841.75,1533229.5,1418796.25,1501335.5,1371089.25,1426954.5,1333492.125,1510877.0,1449649.125,1559917.625,1493827.25,1535513.75,1650627.875,1530759.75,1592592.375,1640654.5,1236001.5,1328801.0,1536073.75,1582474.625,1342542.0,1493245.375,1184003.5,1296310.0,1305663.375,1370861.375,1220600.375,1304361.25,1617201.625,1632360.375,1616732.375,1600585.5,1551419.5,1568448.0,1654945.0,1706512.0,1217982.125,1315509.875,1161416.625,1270153.625,1314508.375,1417050.25,1557757.75,1523141.125,1278755.125,1379939.0,1323106.625,1421478.625,1225059.75,1368397.5,1485896.5,1540663.125,1235902.125,1308098.75,1203273.125,1262543.875,1712922.625,1694826.125,1373416.5,1352018.625,1365236.5,1395914.375,1408377.875,1441193.75,1566372.0,1675066.25,1602421.0,1541955.625,1315073.125,1271899.5,1582598.875,1438499.375,1585856.375,1604509.0,1377995.875,1483700.5,1685363.5,1604647.0,1626519.875,1659692.875,1298287.625,1324924.0,1261515.0,1289124.75,1029839.8125,1147887.875,1165693.375,1270684.625,1334581.375,1423839.875,1577396.75,1606977.875,929302.3125,899188.6875,1116005.75,1073514.375,1159127.625,1094419.875,1386484.875,1384341.625,1506472.125,1307452.5,1199777.0,1177183.625,1251206.75,1259770.375,1205296.25,1196010.625,1649841.25,1488795.0,1218107.25,1234346.375,1625823.625,1671543.875,1285645.5,1337878.0,1472842.375,1372804.625,1806204.75,1565986.75,1732286.0,1727139.375,1688387.5,1827076.625,2091728.375,1930056.625,1415470.375,1605635.75
60,1544436.125,1456555.375,1244605.5,1343070.75,1120494.75,1105041.125,1472475.25,1279211.5,1464552.25,1364789.5,1530339.375,1410894.625,1322554.875,1224907.125,1231083.875,1344930.75,1336995.375,1406077.5,1102922.25,1227106.375,1209412.5,1257608.0,1391844.875,1253602.875,1416035.125,1369834.375,1048687.5,1116829.875,1413932.375,1497817.375,1238959.25,1329195.125,1227698.5,1197573.25,1077150.5,1031456.0625,1183995.75,1325911.75,1187830.5,1525071.0,1271443.125,1245931.875,1067057.875,1090101.75,936533.625,938266.4375,1057498.5,1072258.875,1099898.375,1073045.25,1134169.125,1220760.5,1193528.5,1170153.375,1398994.25,1505725.875,1401472.375,1320061.375,1206882.125,1439317.25,1187710.625,1274296.125,1373292.0,1503020.375,1425038.5,1403346.25,1579088.875,1487714.375,1085248.875,1109089.125,1199972.5,1378822.625,1255968.75,1367602.625,1051595.5,991010.0625,1479434.375,1310881.375,1273172.0,1448847.875,889562.1875,1028295.5625,1110397.875,1060955.125,1066110.75,1196693.875,1328798.25,1352107.375,1135810.75,1160053.625,1186304.25,1277862.0,1076006.75,962049.75,1189269.375,1152571.25,1182413.125,1332262.5,1135026.5,1228465.125,873295.0,899653.875,1173276.5,1082671.125,1554316.625,1514430.125,1184825.75,1319737.75,1114848.625,1136164.25,1150025.375,1149134.25,1388804.25,1364613.25,1042708.1875,1035088.75,1124782.625,977626.5625,1495685.5,1532497.375,1418431.75,1497085.625,1370612.75,1427495.375,1336595.125,1510484.25,1449690.75,1559888.875,1496025.75,1536265.75,1653630.25,1531016.875,1594533.875,1640785.625,1236843.0,1329429.5,1538749.25,1584644.0,1342906.75,1493891.875,1185063.75,1299044.875,1307716.0,1371216.25,1220349.125,1304312.5,1621500.75,1636687.75,1614873.25,1599580.375,1554299.25,1570149.375,1655113.0,1707806.625,1217574.875,1314974.5,1161209.875,1268066.5,1314081.0,1416422.75,1559982.375,1521519.25,1279820.125,1379285.0,1323704.75,1420026.375,1225564.0,1367910.875,1486491.375,1538716.25,1236283.625,1307207.625,1203993.125,1263541.5,1716092.25,1697027.875,1377562.5,1353906.25,1370573.125,1400157.0,1407845.5,1441520.75,1570390.25,1680555.625,1606563.625,1544929.625,1314412.625,1273112.5,1581703.25,1439795.5,1582429.0,1600698.5,1375463.375,1482000.625,1684699.625,1604518.875,1626126.5,1658882.625,1297118.625,1323151.125,1260116.5,1286000.25,1026644.4375,1146341.0,1162842.75,1270145.75,1334340.625,1427565.125,1578019.625,1606744.75,928928.9375,899906.875,1117073.875,1073163.375,1156630.125,1092764.625,1383583.25,1385242.25,1506504.125,1308869.25,1200501.0,1178626.375,1248476.75,1260376.625,1206284.875,1196195.75,1649699.375,1486464.5,1219776.25,1234552.875,1631275.375,1678894.375,1287593.25,1341536.75,1474645.25,1374685.5,1805856.75,1565673.625,1734977.125,1726898.625,1689304.25,1829505.75,2088766.5,1928531.625,1417538.5,1611549.5
61,1546568.5,1457854.5,1247617.125,1345136.25,1121464.75,1105684.625,1474429.125,1279488.375,1466176.375,1366172.375,1529708.75,1410869.0,1319717.875,1221241.25,1230695.5,1346228.25,1339038.875,1407010.125,1098023.5,1221522.5,1207180.375,1251681.875,1395608.125,1256515.5,1417004.5,1370809.125,1041531.1875,1112995.125,1414015.625,1504192.625,1240309.5,1319754.5,1231333.25,1193017.0,1071408.5,1027297.5,1182432.25,1326236.0,1188921.375,1523556.375,1263825.0,1242059.75,1066549.5,1103468.875,935431.75,939063.3125,1052048.75,1072570.25,1094869.5,1069999.0,1129192.0,1226490.5,1195742.875,1172004.625,1402132.5,1506401.875,1403300.0,1318950.625,1212567.0,1443108.875,1187510.75,1275665.875,1375562.625,1505650.5,1426924.875,1403396.5,1582088.625,1487980.25,1095413.75,1112321.875,1199355.875,1378547.5,1255940.375,1367071.75,1051746.875,992201.375,1479621.125,1314817.375,1272504.5,1448245.375,893050.8125,1027000.0625,1112820.125,1068418.75,1066288.75,1198436.125,1330111.375,1356334.625,1133545.875,1161594.125,1184864.125,1277871.625,1076307.125,964377.0625,1186913.0,1153887.375,1181562.875,1337135.125,1135915.75,1229593.75,870517.125,901368.75,1173895.25,1085344.625,1553927.125,1512936.5,1183698.375,1321616.375,1114516.75,1137857.75,1152177.0,1146365.375,1391615.75,1366437.0,1045162.1875,1037099.75,1123454.75,987430.9375,1504233.25,1546492.5,1415898.625,1498752.625,1370414.25,1429438.625,1339350.125,1516772.0,1450758.125,1559919.375,1499882.375,1538154.5,1662131.25,1534812.625,1597206.75,1645527.875,1234783.125,1326618.75,1542662.375,1585596.375,1344193.5,1492946.625,1186438.125,1296035.0,1308027.25,1369328.0,1219914.125,1300957.75,1625107.0,1636388.5,1613432.375,1598239.625,1553508.75,1568892.375,1655515.5,1707103.375,1219540.0,1313435.0,1161063.5,1266872.875,1314595.875,1414196.75,1567006.875,1523237.125,1281505.0,1375565.875,1324143.25,1419640.875,1224962.875,1368558.5,1487579.375,1536990.0,1239394.25,1305599.25,1205590.875,1264666.75,1716177.875,1697447.0,1377363.625,1353500.25,1369668.875,1396724.875,1410679.0,1444476.625,1568596.375,1678539.75,1602704.25,1542172.0,1309988.75,1270895.375,1576346.625,1441496.25,1575113.125,1593646.5,1370199.375,1483291.375,1685434.125,1602538.75,1620883.25,1656851.25,1292444.375,1319339.875,1256788.0,1284120.75,1020792.625,1143980.125,1159187.25,1268774.375,1328772.875,1425349.75,1576270.75,1604092.0,928663.8125,901569.5625,1116856.25,1074586.5,1157254.125,1092243.25,1386217.75,1389312.25,1506815.75,1309715.75,1201070.75,1180371.125,1243493.25,1258872.125,1206959.625,1195926.125,1649763.0,1487251.25,1220375.625,1235591.125,1637995.25,1684401.125,1290480.25,1345882.625,1477615.375,1375101.5,1811506.875,1574311.125,1735805.0,1731931.375,1697658.625,1836730.625,2092803.625,1928369.5,1421525.375,1613516.5
62,1546551.375,1454552.375,1246371.75,1342413.5,1123087.25,1102319.625,1473005.25,1274220.625,1462734.5,1365069.0,1529317.75,1410931.25,1319058.75,1219885.875,1229089.375,1343218.875,1339960.625,1404020.625,1095471.375,1216268.75,1204342.0,1246622.625,1396166.0,1254196.0,1416649.625,1369700.625,1035037.5625,1106868.25,1414994.125,1508285.625,1242980.0,1319051.0,1235807.5,1189365.5,1071519.125,1025446.1875,1182209.0,1326557.125,1192030.375,1525569.625,1260811.875,1240211.25,1062436.25,1105271.125,935997.8125,940307.625,1050530.625,1075879.875,1096217.5,1070215.5,1126556.875,1226612.0,1196509.5,1171968.875,1403812.875,1504628.875,1401108.125,1316339.25,1211248.375,1444738.875,1190072.25,1278871.25,1377419.5,1504634.125,1427960.625,1403451.875,1583081.625,1487162.25,1098481.75,1115448.125,1201093.5,1379647.25,1257124.125,1369403.875,1053181.625,995886.25,1480045.5,1315430.75,1272743.875,1449687.125,895714.25,1027611.9375,1114912.5,1074064.75,1065805.125,1196738.75,1332483.5,1357981.125,1133266.875,1163801.125,1185066.5,1275110.125,1074432.625,970526.0,1187666.625,1157515.875,1182822.25,1336881.625,1137122.625,1230116.0,870284.3125,904042.9375,1175298.375,1088318.25,1553844.25,1514356.5,1185037.25,1323909.75,1114677.375,1141413.75,1159726.5,1151887.125,1397050.5,1368943.75,1054419.625,1041175.3125,1128742.625,990636.9375,1513822.25,1548195.375,1416245.75,1501175.75,1371750.375,1430331.625,1342285.875,1523691.375,1453760.0,1560958.625,1499141.125,1537360.0,1664635.375,1536247.75,1597979.25,1649783.5,1235819.125,1327759.875,1544526.625,1585069.5,1343443.125,1491314.75,1187649.5,1292456.375,1309330.125,1368412.5,1221351.375,1300472.125,1623890.5,1633168.375,1614003.125,1598427.0,1552772.0,1569228.25,1656052.5,1706762.875,1218943.0,1311526.5,1160808.625,1268863.875,1313364.125,1412385.5,1568772.25,1523627.375,1282135.125,1377761.75,1323366.125,1419323.375,1223654.75,1369632.0,1488220.5,1537062.375,1239843.875,1306892.5,1205296.0,1265938.25,1715033.75,1696347.375,1374987.875,1352246.875,1365096.0,1392170.0,1413705.0,1447498.625,1563888.75,1673666.625,1596289.75,1538070.0,1308988.75,1269010.375,1573001.75,1437013.625,1573050.25,1592695.0,1367545.0,1476830.75,1685325.375,1600043.875,1623585.5,1657988.875,1290791.625,1319029.75,1258728.0,1286489.875,1017550.875,1141265.25,1156593.875,1267219.875,1322714.875,1418528.25,1575621.375,1603718.25,929794.1875,901830.875,1116025.625,1075542.375,1160442.5,1093016.125,1390335.375,1389277.875,1506485.5,1310487.0,1200843.875,1181572.875,1246348.5,1258838.875,1207941.625,1195307.125,1651508.375,1490431.25,1219418.0,1236942.5,1635669.875,1681139.5,1290662.125,1346755.75,1479523.25,1376311.875,1814180.125,1580188.875,1735879.625,1734917.125,1698449.875,1837509.5,2097797.75,1931148.25,1423012.5,1612672.5
63,1543436.125,1452449.75,1242500.75,1339323.625,1123996.875,1100630.875,1471086.125,1272142.25,1459153.875,1361887.0,1528090.125,1410109.0,1321486.125,1223272.25,1228515.0,1339702.125,1339418.875,1402204.625,1102086.5,1221171.125,1206165.875,1253768.625,1394223.625,1251967.125,1416017.0,1370970.75,1041372.0625,1116459.75,1416452.375,1503649.875,1244961.5,1330634.0,1234883.375,1193607.875,1081510.875,1031678.4375,1181922.125,1324648.0,1190891.625,1525851.375,1265623.0,1241862.0,1060617.625,1096341.25,936872.75,941988.9375,1059951.375,1082532.625,1100651.125,1073416.0,1131284.875,1221956.875,1194300.5,1170205.875,1402522.0,1504478.5,1398706.5,1316459.0,1204353.125,1444268.625,1190109.5,1277338.125,1375549.75,1499545.125,1428211.875,1405093.125,1582968.125,1488617.0,1090100.0,1112331.125,1203070.125,1380484.875,1258637.875,1369234.125,1053234.375,995787.0,1480714.25,1310196.0,1273449.0,1449886.0,892640.9375,1026968.25,1111406.625,1067217.375,1065395.625,1193963.5,1330354.0,1353792.625,1135633.75,1161266.625,1186665.125,1271449.0,1073175.625,966242.4375,1188682.125,1156179.25,1184454.875,1330192.625,1136286.125,1225117.125,871927.5,901078.625,1174877.0,1085609.25,1553372.875,1515501.75,1186214.625,1321630.0,1114904.75,1139803.125,1158600.625,1154439.625,1395122.375,1368291.0,1053648.75,1039482.4375,1131049.75,982123.1875,1506175.625,1536585.5,1418103.375,1500138.75,1371741.75,1428313.375,1341978.75,1524019.0,1457347.375,1561555.25,1497985.25,1537016.5,1660872.375,1535303.25,1596268.0,1650690.0,1241848.625,1334537.75,1544491.625,1586183.875,1343160.25,1492564.25,1187289.5,1292667.125,1310905.875,1369907.375,1223439.25,1303921.75,1623558.125,1633158.75,1616778.375,1601229.125,1553673.375,1570751.0,1657063.875,1708217.375,1215821.0,1311501.625,1160508.625,1270487.5,1312153.875,1413467.125,1563809.625,1521789.125,1280784.625,1382133.5,1321257.5,1418449.5,1223007.625,1366965.5,1488606.625,1536420.75,1237275.375,1308022.625,1204180.25,1265589.125,1715231.0,1695148.75,1371580.75,1350839.75,1362250.0,1392221.0,1412910.0,1446968.0,1560379.375,1671806.25,1595963.875,1537948.625,1310451.5,1268745.0,1574832.25,1431168.25,1577276.625,1597623.0,1370151.5,1472158.5,1683741.75,1600340.125,1629668.25,1660418.0,1294984.625,1322047.125,1264301.875,1288355.75,1022156.4375,1142787.125,1159522.75,1268211.375,1324863.75,1419133.5,1578659.5,1607087.25,930707.6875,900198.625,1116493.875,1074172.875,1160144.625,1092822.375,1388923.0,1386742.0,1506737.125,1309659.0,1200694.25,1180250.875,1250741.5,1259316.625,1208537.75,1195254.0,1650807.75,1490719.25,1218439.375,1235752.25,1632151.625,1677979.375,1289052.0,1344364.125,1478151.75,1376594.25,1810649.625,1576420.875,1735331.625,1730948.25,1691546.25,1831177.5,2093733.5,1930815.625,1421132.625,1612401.5
64,1541411.0,1454053.25,1242835.125,1340786.875,1122631.75,1102917.375,1472671.0,1277170.125,1461072.0,1362164.875,1525989.25,1407329.625,1320986.875,1224045.375,1227739.875,1340234.875,1338900.125,1401973.625,1107379.125,1228168.0,1209994.375,1263014.875,1394375.0,1253123.25,1416404.0,1373945.75,1053652.5,1130596.125,1416971.0,1496448.625,1244359.625,1335846.0,1231549.25,1198177.375,1087777.375,1036055.25,1180577.375,1321447.625,1187487.375,1522237.125,1268550.5,1241677.125,1065664.75,1092869.25,935282.9375,940548.5,1066424.0,1080885.25,1099688.5,1072071.5,1137654.625,1219288.5,1193171.125,1168139.375,1401251.0,1506353.875,1400580.25,1318130.5,1203548.375,1444310.125,1186535.5,1272788.625,1372502.0,1494686.75,1427689.875,1407463.125,1583696.375,1491104.0,1083151.875,1107763.125,1201015.75,1378788.25,1257030.875,1366824.375,1050826.875,992586.25,1481177.25,1305971.375,1272400.875,1449083.625,889334.875,1025501.1875,1107332.75,1059707.375,1066088.25,1193484.125,1326381.125,1351411.375,1138922.375,1160585.0,1187962.75,1270594.0,1074501.75,959136.25,1188771.625,1152489.625,1184040.625,1328257.75,1135821.375,1221509.0,873136.875,897740.875,1174361.625,1083090.625,1555319.125,1515270.0,1186122.125,1319290.75,1114485.25,1136652.75,1152069.25,1151745.25,1390035.5,1366323.75,1045643.9375,1036738.4375,1126528.25,976935.0625,1496526.75,1537143.375,1418333.25,1499324.375,1370711.5,1425503.5,1337771.5,1519070.875,1457651.25,1560789.375,1500430.375,1538874.875,1658407.5,1534995.875,1595161.375,1650971.0,1243837.625,1335962.375,1544300.375,1587309.0,1344500.875,1494414.875,1186090.875,1294076.625,1307676.875,1370591.75,1221886.5,1304575.75,1625192.875,1635546.75,1617931.0,1603651.875,1552255.125,1569289.25,1657213.625,1707690.75,1215601.0,1312368.875,1159180.75,1268178.25,1313903.125,1415028.625,1560574.375,1520807.875,1278303.625,1380460.375,1321408.375,1420593.625,1223667.125,1363322.375,1488693.875,1535940.5,1235277.25,1305957.25,1203685.75,1263592.625,1714183.0,1693853.875,1369058.25,1349411.75,1361902.5,1392804.625,1409586.375,1444399.5,1561075.625,1671315.25,1598960.5,1538726.75,1309418.875,1267729.25,1578362.0,1434026.875,1581106.125,1600066.25,1375034.875,1478293.375,1683604.0,1603623.0,1625272.875,1659844.375,1298690.125,1324611.75,1264031.375,1287765.25,1029147.0625,1147705.25,1165951.5,1270352.625,1331606.875,1424972.25,1582136.125,1608362.875,930556.3125,899511.5,1117592.125,1072572.5,1157941.0,1092397.125,1386006.0,1387364.0,1506568.5,1307472.625,1200819.0,1177517.25,1247964.875,1257952.625,1208036.0,1195282.125,1648683.125,1489011.0,1217756.0,1233397.0,1633549.75,1678158.25,1289102.625,1343147.0,1476963.625,1374914.625,1807352.0,1572225.5,1733394.625,1728407.875,1690222.375,1829137.75,2088070.0,1926987.625,1420010.5,1610902.25
65,1542469.875,1454881.25,1244613.25,1341697.5,1120137.25,1103049.625,1475456.875,1280966.0,1464856.375,1363528.0,1527086.375,1406268.25,1316826.75,1219218.875,1225250.25,1341670.125,1338195.875,1400444.875,1103765.625,1227750.125,1211211.75,1264104.125,1393978.25,1254742.375,1415377.0,1375294.125,1057685.25,1130234.375,1415256.75,1496764.125,1243617.375,1331224.25,1230474.625,1196826.125,1084945.625,1031920.25,1180129.875,1321023.625,1187880.25,1520844.375,1264828.375,1238185.625,1070759.625,1095791.625,934364.5625,938947.3125,1061012.0,1074687.5,1097188.5,1068713.25,1140447.625,1220144.5,1194120.625,1167638.0,1401692.0,1507233.875,1403140.5,1318792.875,1209220.0,1443936.625,1185983.5,1272383.5,1372369.125,1493281.0,1426482.5,1407686.625,1584305.5,1491360.5,1083084.625,1107563.75,1197637.0,1374959.5,1254827.875,1368303.0,1048719.75,991102.6875,1481653.5,1307939.25,1271464.625,1450476.0,890737.0625,1027268.1875,1108836.625,1060973.875,1066049.625,1193737.625,1328201.375,1355050.5,1140907.875,1163493.75,1187485.125,1272567.25,1076202.875,962045.0,1190120.25,1152370.625,1182060.125,1332506.25,1137208.375,1225736.75,874239.0625,899298.5625,1175329.75,1085033.75,1557795.75,1515187.75,1186797.25,1320212.0,1114455.875,1138008.75,1153865.0,1151635.625,1391264.375,1366431.625,1046698.0,1038134.3125,1123996.5,980515.3125,1502984.375,1545077.25,1418110.875,1499841.75,1370748.75,1422845.75,1334746.75,1516379.5,1454270.375,1559723.625,1501511.25,1539370.375,1657008.375,1535056.75,1595852.125,1651284.625,1238201.875,1328691.75,1544293.375,1585800.25,1345472.625,1494011.25,1185191.375,1294241.75,1301356.5,1369374.875,1219332.625,1301845.75,1623415.375,1634374.25,1616718.0,1602942.375,1546706.25,1564760.25,1654034.375,1703312.625,1217645.75,1313375.875,1159042.375,1265959.625,1315693.25,1415719.5,1561712.25,1522155.375,1277588.625,1376781.75,1324280.625,1423664.25,1223699.5,1364067.625,1487303.75,1537410.375,1236329.0,1304403.125,1202936.375,1262525.25,1710365.125,1692562.875,1369104.125,1348007.5,1361367.125,1391700.625,1406992.375,1441691.5,1563794.375,1671361.625,1598997.25,1538130.5,1305945.5,1265500.75,1579492.75,1441344.75,1580514.0,1597416.875,1377419.5,1481940.375,1684420.875,1603544.5,1614923.75,1656505.5,1297743.75,1325410.375,1258872.0,1288072.75,1031961.6875,1149438.125,1168529.125,1271391.75,1333832.875,1423387.5,1581295.375,1606311.75,929989.6875,901183.5625,1118159.5,1073603.0,1158678.25,1093122.625,1387725.125,1388712.125,1503125.625,1306708.25,1200264.75,1176596.625,1244389.125,1256041.625,1206867.875,1194996.875,1648702.875,1488949.875,1217248.5,1233682.875,1632602.125,1675500.5,1289020.875,1343176.0,1478359.875,1372895.75,1807268.375,1572909.75,1733227.375,1729696.0,1694275.25,1832099.0,2091612.125,1926563.75,1420324.375,1607944.375
66,1542758.625,1453288.5,1243620.125,1339931.625,1119227.75,1100863.75,1476947.75,1280258.625,1465873.375,1363510.375,1529046.75,1407603.75,1315598.75,1216612.25,1224591.25,1341512.875,1336450.5,1399321.5,1101724.75,1225427.125,1211821.5,1263231.0,1390671.875,1254323.875,1413291.0,1374497.5,1052777.5,1122993.0,1413151.0,1499240.375,1243574.0,1329454.0,1230281.5,1194479.375,1080696.375,1027998.6875,1181560.25,1323568.625,1190739.375,1522687.125,1262401.5,1237295.875,1067662.25,1095530.875,935210.875,939781.6875,1055437.75,1074393.125,1098879.625,1070345.125,1139567.625,1220841.5,1195283.125,1169469.75,1402485.125,1506414.375,1403639.5,1318888.625,1210705.375,1443365.875,1189098.125,1275108.25,1373779.125,1494359.75,1426045.75,1406387.875,1584798.25,1491081.0,1084274.375,1108832.5,1198662.875,1373608.75,1256430.0,1371643.25,1048985.25,991353.5,1483139.375,1313037.25,1273343.25,1452520.875,892562.375,1029715.1875,1111329.875,1063987.375,1064761.75,1192403.875,1331829.875,1357794.625,1139185.75,1164360.25,1185646.375,1272648.625,1075640.375,966150.0,1190700.375,1153767.875,1180792.75,1332226.5,1137618.75,1229068.625,874481.375,901052.1875,1175423.625,1086534.375,1556676.125,1515152.0,1187213.875,1321050.25,1115437.75,1140335.875,1157949.0,1153142.125,1394810.875,1367694.625,1053000.875,1039089.8125,1127090.25,982683.6875,1508586.25,1541571.0,1418876.625,1499680.75,1370998.75,1422555.625,1335081.875,1517217.25,1452073.0,1560618.25,1499853.5,1538163.625,1656077.25,1534424.125,1596807.25,1650186.25,1234263.25,1323344.0,1544253.5,1585056.75,1346528.0,1494521.0,1185030.75,1295872.875,1299891.75,1369722.375,1220706.5,1301730.125,1617505.75,1629426.5,1615673.875,1600466.5,1543008.0,1562084.25,1650262.125,1700841.75,1219280.25,1315510.875,1161570.75,1267807.375,1316601.5,1417382.375,1562823.125,1523647.0,1279251.875,1377231.125,1325738.0,1423569.125,1224339.25,1367229.875,1486218.75,1539438.625,1238512.5,1306151.375,1203140.625,1262541.75,1707642.125,1692481.375,1370029.875,1348569.0,1363005.75,1393560.625,1404152.0,1438271.5,1565040.0,1673430.375,1598421.875,1538701.625,1306597.125,1267118.25,1577852.625,1441575.75,1578981.375,1595588.75,1376910.5,1479099.75,1683017.0,1599596.5,1611967.0,1653797.625,1297259.625,1325657.125,1256796.375,1289278.75,1031328.375,1147886.5,1166804.625,1271502.125,1333425.625,1419891.375,1579304.375,1606947.625,929472.875,902715.6875,1117625.375,1075129.25,1159768.625,1093653.625,1389714.0,1388312.375,1500934.25,1308009.75,1199639.875,1177389.375,1246281.125,1257225.875,1205884.125,1194886.0,1648471.875,1488961.875,1218078.875,1235070.5,1630295.875,1674110.5,1288165.5,1342763.25,1478663.625,1371681.75,1808362.875,1573714.25,1734832.375,1728560.625,1694316.375,1831853.5,2096310.5,1928348.875,1420146.875,1607646.75
67,1540709.625,1452828.75,1241975.125,1339904.125,1119672.375,1101208.625,1476726.0,1279876.625,1464579.75,1364189.0,1526439.75,1407245.375,1319288.0,1218660.75,1227243.375,1341958.5,1334176.75,1400102.75,1108613.375,1227149.25,1214052.125,1264122.125,1388388.5,1253097.0,1413953.125,1372531.875,1050817.0,1119895.75,1411707.625,1496648.625,1242384.375,1331116.375,1228858.0,1195383.5,1080786.375,1028874.25,1182547.75,1325671.5,1191026.375,1523466.75,1266544.125,1241487.25,1058970.875,1090443.375,935804.25,939488.75,1054518.375,1075176.625,1099451.0,1072757.625,1135910.0,1219102.375,1195933.75,1171568.0,1403063.5,1505938.75,1405816.5,1319511.0,1207939.25,1442704.75,1189649.0,1275982.875,1372057.125,1495851.75,1426503.125,1406012.75,1585112.5,1491427.5,1085397.25,1109484.375,1201505.5,1376758.625,1258479.25,1372129.625,1050217.375,992073.0625,1481120.625,1314383.5,1274819.75,1452693.375,892463.125,1029363.625,1110612.75,1064076.75,1065161.75,1191659.75,1332086.875,1357000.0,1136435.125,1164189.125,1184765.375,1270020.0,1075347.0,964909.25,1189747.625,1153379.25,1181601.0,1328801.625,1136724.625,1226038.375,873069.8125,900933.6875,1174249.875,1086163.125,1555189.25,1515623.375,1186308.5,1321143.25,1116180.0,1140058.125,1155657.25,1151409.25,1393889.5,1367515.75,1051356.375,1038531.0,1127892.375,983266.375,1502407.75,1536487.0,1419502.25,1500393.875,1370362.5,1424723.5,1334962.125,1517141.375,1452055.0,1563252.875,1499982.0,1538638.125,1657094.0,1533699.5,1597310.125,1648923.375,1233945.0,1322567.5,1542619.5,1585034.75,1348330.875,1496775.75,1185458.875,1297932.125,1302050.5,1369814.625,1222644.375,1303668.625,1612316.125,1626395.125,1613542.5,1598524.375,1544758.5,1563408.0,1649311.875,1701728.625,1221791.25,1317583.375,1164227.75,1270761.75,1319561.5,1419327.5,1562600.25,1523378.375,1279983.875,1379696.875,1323998.875,1423253.875,1226283.75,1369473.875,1487239.5,1541020.125,1238427.375,1308566.25,1204442.5,1262770.75,1707369.0,1692465.125,1369364.75,1351169.875,1367230.25,1396714.5,1402376.0,1436887.25,1564609.25,1674726.375,1600529.75,1540564.625,1312269.125,1272517.25,1578069.75,1439248.375,1581919.875,1598483.0,1377628.375,1484917.875,1682058.5,1599635.75,1615441.375,1654109.125,1299259.125,1325197.0,1257590.625,1289979.375,1030680.25,1148301.0,1167297.625,1271133.5,1336064.875,1425422.625,1579633.0,1608932.25,929009.125,901935.3125,1116363.75,1074258.5,1158142.875,1093322.0,1387782.375,1388054.5,1504609.5,1308896.75,1199125.5,1178102.625,1247589.0,1259705.0,1204979.125,1194907.25,1647301.5,1487206.75,1219470.0,1235359.125,1632847.625,1678516.375,1287605.875,1342324.0,1477047.625,1372573.875,1809701.125,1572233.625,1736214.625,1727078.125,1694435.0,1831021.5,2094709.5,1927788.25,1419276.875,1610209.125
68,1537788.875,1452105.75,1239508.375,1339863.375,1118438.375,1100994.75,1473950.0,1278892.875,1462072.25,1363046.125,1523154.75,1406008.875,1322263.0,1220314.375,1228110.625,1341710.75,1333231.75,1401234.25,1113519.5,1227638.875,1213776.125,1262092.625,1387481.25,1251380.375,1414973.5,1370245.75,1053243.0,1118514.625,1410369.875,1495657.625,1241360.5,1330480.25,1228217.75,1197434.375,1083681.25,1030033.5625,1182556.375,1325989.5,1189552.125,1523299.125,1269381.0,1244184.625,1055161.75,1089098.25,936014.25,938540.625,1054525.25,1073807.125,1097053.0,1071160.375,1132710.625,1217717.375,1194871.625,1172253.875,1402713.75,1505807.625,1408903.875,1320280.625,1209467.5,1442075.25,1187967.5,1274857.875,1368872.0,1497444.625,1427226.5,1406134.125,1584804.5,1490791.0,1088000.875,1112211.75,1201680.375,1379375.5,1257815.125,1371149.375,1050569.25,993190.6875,1476148.0,1312620.75,1273566.875,1451620.625,893298.375,1029520.375,1110251.875,1065268.75,1066369.75,1193348.125,1331949.125,1356607.125,1137069.25,1164750.0,1185043.875,1270572.125,1076942.75,966307.625,1190581.25,1153846.75,1182605.875,1330874.25,1136891.25,1226552.0,872612.5,901384.0,1174684.5,1086878.875,1556401.75,1517140.75,1186564.25,1322270.75,1116136.375,1139930.625,1155713.0,1149990.0,1393010.875,1367710.875,1048306.375,1040317.25,1125776.625,986103.4375,1502348.0,1539678.25,1419099.0,1501745.875,1369782.375,1425159.25,1333398.375,1516592.0,1450377.75,1562704.125,1499832.625,1540048.375,1657184.0,1533369.625,1596096.875,1648147.375,1233370.25,1321440.5,1539490.5,1583819.25,1348899.75,1497282.0,1185661.125,1296325.125,1303371.125,1367529.75,1221714.25,1303285.875,1610655.0,1626433.75,1611251.125,1597397.375,1547637.0,1565913.75,1650508.875,1702448.5,1223283.375,1317823.0,1165811.0,1271441.5,1321454.25,1419496.5,1564028.75,1523209.375,1279155.875,1380102.625,1321841.0,1423546.125,1225230.375,1370553.5,1488501.375,1540847.875,1237294.0,1308241.25,1204104.875,1263126.875,1708082.125,1692048.25,1369122.125,1352004.0,1367825.75,1396090.25,1405100.125,1439644.75,1563346.125,1673607.875,1602452.25,1542198.375,1314093.5,1274330.5,1580613.625,1442315.0,1585456.5,1601593.375,1378433.0,1494714.375,1684528.5,1603199.5,1618694.625,1657079.5,1298190.0,1321685.625,1257808.0,1289860.75,1030329.0,1149205.125,1168487.875,1270366.625,1339520.25,1431086.5,1579214.0,1607163.25,928756.5,901273.875,1116544.125,1073498.5,1157471.625,1093880.75,1386266.0,1388106.75,1506283.125,1306797.625,1197846.875,1178041.375,1244890.375,1257874.25,1203527.375,1193903.625,1648144.25,1485806.125,1218616.5,1235295.75,1632225.75,1679489.625,1285498.5,1340425.0,1475862.875,1374265.625,1809208.375,1569843.25,1736529.25,1728511.75,1697070.25,1832687.25,2092860.875,1927591.75,1417007.125,1609734.0
69,1536578.5,1449956.125,1237170.125,1338029.125,1116696.875,1098442.75,1472192.625,1275815.375,1460778.375,1359946.375,1524565.75,1407444.625,1322184.25,1221805.375,1226152.25,1339370.375,1334298.75,1402218.5,1109464.375,1224801.875,1210055.75,1259620.625,1386369.25,1249317.625,1413520.75,1368221.625,1053813.75,1117320.375,1411822.0,1499447.375,1242804.125,1331446.875,1230629.875,1199801.125,1086510.375,1031048.75,1183178.0,1324989.0,1191390.125,1524834.875,1268268.5,1244414.75,1058615.625,1091353.25,936011.1875,939165.5,1054877.125,1072398.0,1097225.0,1070055.375,1133367.0,1217875.375,1193828.5,1172291.0,1402116.625,1505686.75,1409405.625,1322234.375,1214083.125,1443419.5,1188489.75,1274425.5,1369780.25,1499342.625,1428748.375,1406442.125,1585770.75,1490426.625,1088823.875,1114726.75,1201174.875,1379355.25,1257595.125,1370745.875,1050684.875,994598.625,1475988.75,1313359.125,1272901.625,1450541.875,894096.9375,1031262.5,1110697.875,1067632.5,1066165.375,1194670.0,1332279.25,1356855.5,1138864.25,1164637.0,1185147.125,1275296.25,1077264.375,969224.125,1192361.375,1156771.5,1182670.25,1334379.375,1136941.5,1231890.25,873359.375,901883.3125,1175811.0,1087764.25,1555779.625,1516404.0,1186902.125,1322096.5,1115909.875,1140304.5,1159310.25,1150904.75,1393852.25,1368172.375,1050391.25,1042076.5,1126469.375,985481.3125,1507015.75,1539090.0,1419070.75,1501222.5,1370398.75,1423976.875,1334389.625,1517257.25,1448194.625,1558451.75,1497426.625,1540083.625,1656527.25,1533980.875,1593469.0,1646167.875,1234587.875,1321655.125,1537659.625,1583132.75,1348604.125,1496820.375,1185418.875,1292970.375,1305631.125,1366057.0,1220920.75,1302319.0,1614415.25,1627673.125,1613225.25,1597661.5,1549118.0,1567166.875,1653041.125,1704012.0,1223174.75,1318372.0,1166838.5,1271258.375,1320514.125,1419399.125,1566691.375,1526227.875,1279607.375,1378348.625,1322370.125,1422401.25,1222424.625,1368965.625,1488598.125,1539120.5,1236978.25,1305640.875,1202722.0,1263061.25,1710881.125,1693470.25,1371160.75,1351267.25,1364822.375,1393940.375,1408946.875,1442784.125,1562809.25,1673625.5,1604776.125,1545621.875,1311496.625,1272454.125,1578821.75,1443236.625,1583521.5,1601056.875,1375368.75,1493122.5,1685052.875,1602217.125,1621536.75,1658927.875,1293705.25,1316136.5,1258790.875,1287521.625,1028225.75,1147158.25,1165747.5,1270043.0,1338891.5,1427944.875,1577228.875,1604485.0,928106.125,901003.5,1117769.875,1074324.125,1158417.25,1094524.25,1386944.625,1387601.625,1503858.875,1305274.125,1197641.25,1177179.25,1244613.25,1256272.875,1203353.0,1192666.125,1649317.125,1485848.375,1216747.5,1234758.125,1626653.75,1675095.875,1283500.125,1337363.125,1474667.625,1374378.125,1806720.875,1567528.875,1734865.625,1729066.875,1695174.875,1832336.75,2092559.875,1928864.875,1413900.25,1606862.625
70,1538442.0,1450654.75,1238250.5,1338475.25,1118868.5,1098494.625,1473970.125,1275297.875,1461857.625,1359718.875,1527206.75,1409191.375,1322175.625,1224588.25,1226513.0,1338485.875,1336584.875,1402947.625,1106618.0,1224502.0,1208562.375,1261224.75,1387201.125,1249693.5,1413333.375,1367874.5,1052658.125,1117993.0,1415479.0,1500051.75,1244390.5,1336212.25,1232125.625,1201817.125,1088088.5,1033089.8125,1183229.75,1323644.75,1194485.875,1526154.375,1269361.375,1246939.0,1060502.125,1088387.5,935354.0625,939306.0,1055266.25,1070536.75,1097952.125,1070529.0,1135262.375,1216689.0,1195236.25,1172144.5,1403865.0,1506989.625,1410670.0,1326281.625,1214948.125,1445614.125,1190157.25,1275946.375,1372430.125,1499703.75,1430262.625,1408113.5,1588558.875,1492087.25,1088324.0,1113338.75,1201608.375,1379887.625,1258970.5,1370920.75,1051039.625,995143.25,1477096.0,1313706.875,1273946.375,1451173.875,894133.0,1031599.5,1110058.75,1068014.125,1066864.0,1194244.5,1332569.5,1357147.25,1139760.125,1165239.25,1186012.125,1276596.0,1076704.625,967747.75,1192798.125,1158810.5,1184130.5,1333021.125,1136874.625,1231711.125,874052.25,901950.25,1175091.875,1087564.875,1553227.25,1513699.375,1185566.0,1320076.75,1115855.875,1139743.0,1158279.125,1151265.0,1392787.625,1367450.125,1049296.125,1040496.3125,1127465.5,982294.9375,1500818.25,1535381.125,1419495.625,1502244.25,1371045.875,1424304.25,1337132.25,1516111.0,1449923.5,1557593.375,1497262.875,1539989.125,1656628.0,1535781.375,1592435.375,1643761.5,1237281.25,1324394.125,1537904.125,1582227.25,1349893.25,1497907.0,1185510.25,1291075.0,1307135.625,1365388.375,1221838.75,1303231.75,1619410.875,1627106.625,1616216.625,1599218.625,1548611.375,1565437.625,1654423.5,1705461.125,1224989.875,1320903.375,1167535.375,1272908.0,1321596.75,1420896.375,1565698.5,1530920.25,1280778.25,1377219.0,1322492.125,1420373.25,1222541.375,1365676.5,1487671.875,1539004.75,1236741.75,1305007.875,1203062.875,1263228.125,1712941.75,1694657.0,1371302.125,1351860.375,1363395.625,1393161.5,1408617.125,1442719.5,1563583.25,1674690.125,1608088.875,1549069.5,1311827.875,1272195.125,1573870.125,1440188.875,1580706.375,1599712.125,1373583.5,1489265.375,1681311.25,1597910.375,1622275.625,1656796.25,1292687.0,1314509.75,1261470.125,1285492.125,1027030.0625,1146304.125,1164866.625,1271206.625,1335688.625,1424552.0,1576989.125,1604850.875,927221.875,898568.4375,1117131.75,1074416.25,1156921.5,1093425.125,1386733.5,1387865.875,1506815.25,1307435.375,1199408.375,1175936.375,1247247.625,1259514.75,1205159.125,1193156.75,1648626.75,1486805.25,1217108.5,1233417.75,1626674.875,1674560.125,1284088.0,1336056.625,1473000.375,1373122.5,1806352.375,1565320.75,1732491.875,1728043.375,1692386.625,1831295.25,2091451.5,1928955.375,1411715.125,1606667.625
71,1539388.875,1452254.25,1239965.5,1339834.25,1122204.0,1100800.375,1473468.375,1276917.125,1461227.5,1360584.75,1525652.75,1407889.0,1322746.5,1225575.125,1228535.875,1339722.125,1337932.375,1402672.125,1108980.75,1227459.375,1209981.625,1262968.75,1388806.875,1251419.75,1414017.125,1369141.375,1049067.625,1120884.0,1414595.25,1496730.25,1242619.5,1338527.625,1229288.125,1200651.875,1086794.25,1034631.6875,1182113.5,1324610.875,1192147.125,1525366.375,1270345.0,1247161.375,1058426.375,1085970.75,934688.5625,938818.5,1057916.5,1073577.375,1095244.75,1068657.75,1134870.875,1216538.75,1195597.375,1171025.0,1404826.5,1507639.875,1412989.875,1327494.625,1213800.875,1444836.75,1190317.375,1277594.375,1371662.125,1497666.625,1429841.875,1409137.0,1588725.375,1492796.625,1088853.625,1110012.875,1201283.25,1379831.25,1259564.375,1370921.625,1050758.625,994204.75,1475153.125,1310300.875,1274497.625,1452177.125,895278.1875,1030958.4375,1109966.125,1065834.5,1068305.5,1194368.625,1333215.125,1357352.875,1139760.875,1165204.25,1187688.625,1274435.0,1076908.25,963688.5625,1192278.625,1157502.375,1186677.5,1332516.875,1138462.375,1228262.125,875295.875,901858.25,1174192.125,1086129.0,1554417.625,1514114.5,1185798.5,1320701.375,1115527.5,1139112.0,1154946.875,1150944.875,1392424.5,1367917.75,1045033.375,1038462.3125,1126190.875,981635.6875,1494837.75,1537964.125,1417860.875,1504995.75,1370426.75,1425883.875,1335819.875,1511852.25,1452657.125,1560261.875,1499397.375,1539702.75,1654508.75,1535935.625,1592769.875,1643040.875,1237266.5,1326420.25,1537166.5,1579981.125,1350974.625,1498511.125,1184986.875,1290169.0,1304502.875,1365099.25,1222452.75,1304095.375,1618701.5,1625257.5,1615732.875,1599814.625,1546796.625,1562509.125,1653063.5,1704224.625,1226061.75,1321937.125,1168248.625,1275707.75,1323713.75,1421690.125,1561627.25,1531314.375,1280605.0,1378466.75,1318639.375,1418133.875,1223389.875,1365456.5,1486251.875,1539483.5,1237100.625,1307939.75,1204242.5,1264356.25,1711090.125,1693573.875,1368691.25,1351682.125,1363860.5,1392896.125,1406602.5,1441342.625,1563547.875,1673199.75,1607479.5,1546934.75,1314084.625,1272720.375,1573162.375,1441291.125,1581938.125,1601139.25,1377932.5,1491501.375,1679899.375,1597299.875,1620780.375,1654482.25,1297355.25,1320189.0,1263815.625,1288787.25,1031060.5625,1150510.125,1169998.5,1274278.625,1335454.75,1426453.125,1578284.375,1606804.875,927576.375,896980.625,1116480.75,1073659.625,1155033.5,1092989.875,1386332.875,1389182.75,1509916.375,1307044.375,1200218.875,1174665.125,1245815.75,1257760.75,1205312.875,1192362.25,1650017.625,1489100.5,1217819.75,1232464.875,1626940.0,1674964.5,1284706.875,1336415.875,1472697.875,1371427.375,1807096.5,1563854.125,1730728.625,1727842.5,1692658.0,1831937.875,2091978.75,1929116.625,1411062.875,1605714.5
72,1537615.0,1450974.375,1240014.625,1338818.75,1121010.625,1101350.75,1468895.875,1274702.625,1458218.0,1360703.0,1523538.875,1407289.375,1321740.0,1223271.5,1228792.0,1340063.875,1337281.25,1402272.875,1105092.375,1226450.25,1208187.875,1257408.125,1388952.125,1249791.625,1412807.25,1368543.375,1042906.75,1119530.375,1409948.125,1496868.5,1238120.75,1331609.375,1228913.625,1195443.5,1079560.75,1032474.25,1181683.125,1327085.5,1188415.5,1524985.125,1267892.375,1243174.375,1057640.0,1091826.5,934812.5625,938250.0,1059428.75,1078437.875,1094325.0,1067505.625,1131537.125,1219950.5,1194119.875,1169929.75,1402196.375,1504240.125,1410541.375,1322036.125,1213493.0,1442348.75,1188328.125,1278092.5,1370841.125,1497740.25,1428836.125,1407153.75,1583904.125,1489880.875,1089323.5,1108660.375,1199862.75,1377848.625,1258306.75,1370326.5,1050078.625,994185.1875,1473268.125,1310303.125,1273387.75,1451041.0,895330.25,1030769.0625,1111124.125,1065375.375,1067234.125,1195447.625,1332101.875,1356970.5,1134956.5,1161660.5,1186808.25,1275512.0,1075031.375,960972.125,1190322.875,1156052.625,1185574.625,1335837.625,1138544.375,1228898.875,874442.8125,900927.6875,1174146.5,1084139.625,1556940.75,1516366.5,1187134.25,1323863.625,1114691.125,1139116.0,1152090.125,1149748.5,1393437.0,1368548.25,1044271.8125,1038154.4375,1125765.75,982449.1875,1500810.5,1539584.25,1414480.25,1502531.25,1369726.25,1427962.625,1334242.875,1509303.875,1453452.875,1561186.125,1500402.875,1537927.625,1654173.25,1533803.0,1594925.625,1643079.5,1234680.75,1326298.125,1535719.25,1579280.375,1349367.0,1496544.5,1183344.875,1289873.125,1302208.5,1366995.625,1221799.625,1303601.75,1619355.375,1632016.625,1616329.5,1600244.5,1548956.25,1564435.5,1652626.875,1703879.375,1224482.875,1319100.375,1167464.75,1275752.5,1322959.25,1419961.125,1562520.25,1527305.875,1280357.125,1380530.5,1315885.375,1417849.125,1223025.625,1368141.25,1484553.5,1538371.875,1237658.25,1310032.75,1204462.75,1265217.75,1710595.25,1693591.125,1369501.25,1350457.375,1365564.875,1394304.25,1408567.875,1442139.25,1564190.75,1671920.125,1604276.375,1542697.625,1313242.25,1272285.375,1575586.125,1444137.875,1583469.5,1603793.625,1381526.75,1492414.375,1683320.625,1600454.75,1622846.625,1655736.625,1301383.875,1327585.875,1263338.25,1293014.125,1033499.0,1153873.5,1172314.625,1276193.0,1338610.75,1429413.5,1579005.75,1607999.875,928566.3125,898529.1875,1118213.25,1073368.625,1156352.375,1094234.125,1387358.0,1389182.5,1505137.125,1303364.375,1199502.375,1175023.125,1243635.625,1251809.5,1204070.875,1190300.625,1652733.75,1489798.625,1217550.0,1233569.75,1624364.375,1672239.25,1284106.125,1338268.75,1473467.0,1372058.625,1807471.5,1565255.25,1730813.125,1728307.5,1691709.875,1831753.75,2094165.125,1929905.625,1413087.5,1604222.875
73,1538088.125,1450461.25,1241876.625,1338787.5,1117407.625,1099189.25,1468688.875,1269407.375,1457404.375,1364951.375,1528672.625,1411015.25,1318195.5,1219690.875,1229236.875,1340219.625,1339184.875,1402959.5,1090377.125,1216681.75,1201524.625,1242666.125,1391686.5,1245358.75,1414266.5,1365430.875,1032962.5,1108165.125,1411893.0,1499499.0,1235991.5,1316497.125,1236474.625,1187548.125,1066368.125,1025649.4375,1182221.25,1326649.625,1191112.0,1526204.25,1263015.375,1241109.625,1059978.5,1101541.375,934287.25,936173.125,1052418.0,1074155.125,1097263.75,1070190.875,1124596.5,1224337.375,1196477.75,1170732.0,1403480.125,1500042.125,1405647.5,1315243.75,1212005.375,1444025.875,1185082.25,1279248.75,1375745.0,1501939.375,1430947.25,1406407.625,1580716.25,1487788.5,1094328.625,1111467.625,1199589.0,1379190.375,1257164.0,1369895.75,1051310.875,996504.0,1473046.125,1316765.375,1272192.625,1451320.875,894888.4375,1030982.8125,1112218.375,1073584.75,1065336.0,1195875.5,1330780.875,1358833.5,1126076.625,1159324.25,1183110.375,1277010.875,1070685.375,963044.125,1186324.375,1159038.25,1180948.375,1335088.5,1136488.625,1229813.5,869130.75,900941.1875,1173363.25,1085566.75,1554589.375,1516895.25,1185280.125,1325186.375,1114459.875,1140327.375,1148777.0,1147864.125,1392985.75,1368173.125,1044904.1875,1038273.3125,1126502.25,985117.5625,1505965.875,1537092.625,1413945.5,1499407.75,1369850.75,1431371.25,1342704.875,1513813.375,1458101.25,1562486.125,1502203.875,1537047.25,1663656.0,1535699.0,1602427.375,1643690.125,1235393.125,1325141.75,1541132.875,1582109.5,1349045.875,1494432.0,1186192.75,1290738.25,1305434.5,1368522.5,1221286.0,1302768.75,1625371.5,1642758.75,1618162.875,1602589.125,1553926.0,1569641.125,1654369.625,1706410.75,1226513.5,1315810.625,1165557.0,1273532.875,1323568.875,1418723.25,1572706.375,1527151.25,1281208.625,1381121.125,1318527.25,1419480.25,1223982.625,1368268.375,1485456.0,1537681.625,1237015.5,1307762.5,1205040.5,1264326.125,1713605.125,1694937.875,1372753.25,1351935.875,1367848.375,1397107.25,1410856.0,1443646.25,1568646.75,1675154.125,1604438.25,1543248.375,1309653.25,1271383.25,1575511.0,1440763.875,1582861.0,1603616.5,1377339.0,1491037.25,1687132.0,1603689.375,1627215.0,1657438.5,1298487.125,1327833.125,1259467.0,1291063.125,1024062.1875,1148068.375,1164474.125,1272092.0,1339391.625,1431350.0,1581310.125,1609013.125,928651.3125,899752.0,1118794.25,1073384.125,1157893.0,1093888.125,1387840.875,1388103.5,1503973.625,1305342.5,1199427.5,1178513.625,1246898.375,1255958.75,1205874.5,1193034.75,1650901.625,1486591.625,1218669.5,1236194.625,1629049.0,1673919.0,1284290.625,1341835.125,1473216.625,1375521.125,1808458.25,1567254.875,1732569.25,1728699.875,1690396.75,1831041.125,2092137.125,1927257.0,1416346.875,1608370.625
74,1541081.875,1451833.875,1244246.5,1340519.125,1116485.25,1096476.125,1475135.5,1268231.375,1459763.25,1369098.875,1534302.25,1413180.5,1314153.75,1217634.5,1229829.125,1341530.0,1343042.75,1402811.375,1081570.875,1208703.875,1198661.0,1234842.25,1396202.125,1244671.75,1418353.125,1364347.625,1023056.75,1100832.625,1418941.625,1498692.875,1239880.75,1309630.625,1241128.0,1183033.75,1060580.375,1021809.3125,1182588.75,1324504.0,1194774.125,1525583.75,1256676.25,1239466.375,1064609.0,1107805.375,932569.75,934669.0625,1047105.8125,1069182.375,1097743.625,1071159.0,1120560.75,1227507.125,1200566.625,1171715.0,1409576.0,1500508.75,1405655.375,1314640.75,1211707.0,1448021.25,1185040.875,1280304.375,1380779.875,1502719.0,1433868.875,1409220.875,1584018.75,1489927.375,1101022.875,1114233.375,1201604.375,1383322.625,1258750.375,1370520.625,1054443.75,997923.875,1476963.875,1319799.375,1273483.875,1453880.5,897097.9375,1031183.1875,1112248.5,1081142.375,1065796.875,1195185.875,1332610.875,1362067.125,1123875.875,1161584.75,1182560.875,1273501.375,1069494.0,966353.6875,1184082.25,1161836.875,1179825.5,1330550.375,1136935.5,1227234.125,866055.75,902148.0,1172874.5,1088852.125,1551730.625,1516666.25,1182919.125,1324588.75,1115172.5,1141333.5,1148884.5,1148214.0,1392502.5,1368294.5,1044973.25,1038318.3125,1126029.0,987483.4375,1503353.125,1538212.25,1417339.625,1503543.25,1370746.25,1433455.875,1352018.875,1521773.125,1464186.125,1564544.25,1505587.0,1538875.0,1672936.625,1541484.875,1607727.875,1647156.375,1239686.375,1325348.875,1550045.25,1584783.875,1352014.625,1494885.0,1192988.125,1292009.0,1309215.875,1367068.625,1222248.5,1302819.375,1625600.5,1638894.5,1615700.875,1604177.0,1553561.25,1569629.625,1654977.0,1707075.875,1230403.875,1315440.25,1166136.375,1273694.25,1326220.125,1419689.125,1580854.625,1531473.0,1282385.5,1380210.25,1322171.625,1419682.5,1225457.75,1365577.0,1490767.75,1538643.5,1237563.375,1304564.375,1206211.75,1262900.125,1714747.0,1694709.125,1372187.25,1353779.25,1367032.875,1396313.5,1408564.875,1443207.5,1571370.625,1678158.875,1605962.875,1545669.75,1307317.875,1269119.0,1573099.5,1432548.25,1581743.25,1601023.0,1369472.0,1486962.25,1687778.625,1605091.625,1627256.75,1657483.375,1292856.125,1323088.375,1256835.5,1288019.5,1013604.0,1139496.125,1156661.625,1266522.25,1334428.5,1429315.125,1584334.125,1609343.0,928764.875,899290.5,1117043.625,1073604.625,1157488.0,1092054.125,1387051.5,1387934.875,1508386.75,1310376.25,1199896.125,1181251.125,1248981.5,1262824.25,1207967.375,1196954.875,1648211.375,1485590.625,1219975.5,1237077.125,1632731.25,1676808.375,1285255.375,1343134.125,1472909.125,1375635.25,1807403.5,1566340.5,1732150.5,1728544.25,1689982.0,1830841.875,2088099.25,1923583.375,1416750.875,1611040.875
75,1541640.625,1452741.0,1243405.75,1341106.25,1118371.5,1097741.75,1477831.75,1273930.25,1463180.875,1365563.75,1529947.625,1410199.5,1312971.375,1218568.375,1229275.75,1342865.0,1341443.875,1402006.625,1089481.125,1213474.0,1203647.125,1243765.375,1394914.625,1250452.125,1416760.75,1367588.5,1024112.625,1106899.875,1418885.875,1496955.875,1242875.875,1317521.375,1234244.5,1185397.25,1066634.375,1023411.0625,1182294.125,1324548.625,1193123.125,1521022.375,1254406.125,1236205.625,1067920.875,1104765.75,931292.625,935784.125,1055370.375,1072756.125,1096493.375,1069245.25,1125096.25,1227378.25,1198294.625,1171759.75,1408095.875,1504748.625,1407210.0,1319312.875,1214891.25,1447311.125,1188891.75,1278237.25,1377994.5,1499119.0,1432426.875,1409420.125,1587374.0,1491334.375,1097664.0,1112540.0,1202551.125,1382440.5,1259886.875,1370477.125,1053779.5,994588.0,1482256.625,1315342.25,1274558.25,1452546.875,897386.0,1029502.1875,1112291.625,1073563.875,1067066.875,1193877.875,1332462.125,1359299.5,1132261.25,1162200.375,1187408.875,1268583.875,1073735.0,964237.9375,1187247.75,1157573.125,1183689.75,1329089.0,1139444.5,1224023.75,871997.3125,900252.0,1173993.0,1086834.375,1554750.125,1516485.75,1185126.75,1323744.125,1114678.25,1139153.875,1152585.625,1149568.25,1392591.25,1368299.875,1047390.25,1038623.5,1125249.875,985428.875,1502368.625,1542536.0,1418698.875,1505322.5,1371555.375,1429972.0,1347140.625,1525416.875,1462377.125,1564629.0,1504930.125,1541480.625,1667207.75,1542155.0,1601695.875,1651048.25,1240073.25,1326251.75,1548929.25,1585153.375,1350992.75,1496991.5,1192049.125,1293313.5,1308469.25,1365936.625,1222983.0,1303612.25,1622212.25,1630080.5,1614081.25,1603348.125,1551049.625,1566608.75,1655117.875,1705389.5,1225843.375,1316724.75,1166404.75,1274230.375,1322341.875,1420248.5,1573686.0,1531724.125,1282088.875,1378999.25,1323306.875,1419717.75,1224383.25,1365667.625,1492264.625,1540188.125,1239391.5,1305068.125,1205567.625,1263477.75,1713839.75,1694308.125,1371104.625,1352986.0,1363376.25,1393380.875,1408197.375,1442978.0,1566711.625,1676253.125,1603230.75,1544427.125,1308115.0,1267478.125,1573891.625,1430876.125,1580657.625,1599619.5,1366763.75,1480394.625,1685416.25,1604440.375,1624921.25,1658485.75,1293365.875,1321919.75,1259104.125,1288789.75,1018094.625,1139844.5,1160183.125,1266914.75,1330229.625,1425526.0,1583244.5,1607694.0,930505.25,899208.1875,1116306.0,1074743.5,1157229.375,1092054.375,1386594.75,1388204.375,1506248.375,1309075.5,1199970.75,1180084.125,1246481.0,1259480.25,1206022.75,1195540.375,1648015.25,1489410.625,1219280.25,1235369.0,1628323.875,1674183.5,1286617.75,1340746.875,1473780.375,1371037.75,1805957.25,1566346.5,1730677.5,1727900.5,1690614.625,1830426.25,2089808.375,1925130.5,1416409.75,1606588.5
76,1540778.125,1453711.75,1242287.125,1341103.75,1120184.75,1102031.75,1473248.625,1278443.5,1465202.625,1362586.25,1524667.25,1408638.625,1314486.875,1220953.5,1230230.0,1343570.125,1337501.5,1403170.5,1097916.625,1220580.625,1207300.125,1250627.875,1389909.0,1254795.0,1411144.25,1370380.25,1029931.4375,1109452.25,1413668.25,1498687.375,1239147.625,1322572.75,1227823.25,1188418.375,1068219.375,1023275.9375,1183125.125,1325916.75,1192370.375,1519403.5,1258307.125,1236954.875,1065902.875,1096895.25,931378.625,937072.6875,1063003.25,1075471.375,1098356.125,1069387.375,1129746.75,1224941.5,1193380.25,1172713.125,1400020.75,1506976.25,1404722.75,1321534.625,1215186.0,1443890.25,1190047.625,1275860.0,1373906.75,1499903.25,1429914.5,1406219.25,1585958.875,1489577.875,1090806.25,1110991.75,1200686.75,1378855.625,1257628.125,1368648.75,1049299.875,989567.5625,1484417.25,1312792.625,1273097.875,1448708.375,894624.25,1027374.25,1113667.625,1063634.75,1067487.125,1194167.875,1328600.25,1352731.375,1138240.0,1159437.0,1190751.5,1268512.875,1076797.375,961110.75,1190864.0,1153252.625,1186720.25,1329941.375,1140640.375,1224185.25,879081.25,897455.4375,1174665.5,1082253.625,1558223.875,1516660.875,1188676.375,1322639.625,1113097.75,1136592.0,1153700.375,1150136.5,1392463.375,1368908.625,1050680.0,1038856.75,1126533.875,982160.9375,1503459.0,1542607.875,1417104.5,1499669.75,1371359.0,1426262.25,1338979.625,1522743.625,1457086.25,1565492.75,1500207.375,1541766.625,1656850.125,1537872.75,1595116.125,1649327.625,1236216.125,1325923.5,1542247.75,1585990.375,1345666.125,1498145.0,1185229.5,1294715.125,1307185.75,1367935.75,1221952.25,1304069.75,1623449.25,1634556.75,1617763.875,1602843.875,1553196.5,1568503.75,1657090.625,1706577.5,1217818.375,1317426.25,1163440.375,1271762.625,1315165.0,1419777.5,1562073.25,1527194.25,1279656.625,1378887.125,1324726.875,1421438.75,1222875.75,1368946.5,1487712.125,1541219.5,1238310.25,1307260.75,1203740.375,1264783.375,1714098.75,1695329.25,1372706.5,1352438.375,1362703.75,1394527.25,1411784.0,1443643.75,1561800.375,1674316.875,1599525.125,1542043.625,1310498.125,1269417.0,1578448.5,1437262.625,1581040.5,1600404.125,1370758.375,1479187.875,1683737.75,1603337.375,1624882.125,1660570.75,1297381.875,1323502.25,1261843.375,1289996.125,1026676.125,1144377.625,1166474.75,1269994.0,1332634.625,1426872.375,1580710.875,1607541.25,932030.5625,900371.4375,1116899.875,1076055.0,1157860.125,1093774.0,1386693.375,1388170.75,1502549.875,1305409.75,1199783.125,1178429.625,1246341.125,1255247.25,1205022.625,1193573.75,1647737.375,1490662.125,1218181.375,1234184.625,1626708.75,1672314.25,1287989.125,1338883.625,1474116.625,1368870.625,1806411.0,1568019.25,1731900.75,1727505.875,1692474.375,1829911.625,2092104.75,1927778.75,1418215.0,1604346.5
77,1541208.5,1454510.625,1242400.875,1341206.75,1120845.75,1103546.25,1470061.25,1276968.625,1463886.875,1365877.75,1525523.875,1409117.5,1317310.0,1222270.875,1231120.125,1343049.5,1336518.75,1403270.125,1099212.5,1222245.0,1207163.375,1250241.0,1387769.0,1252182.125,1410853.5,1368982.5,1035233.3125,1103691.125,1411077.625,1499001.0,1236159.5,1322369.75,1228641.75,1190383.625,1068708.25,1024145.9375,1185137.25,1326418.625,1193775.5,1523460.375,1264997.5,1243077.875,1061072.125,1090372.125,934407.6875,937595.1875,1058419.5,1073091.25,1100160.75,1070700.5,1130053.875,1221143.0,1193785.0,1172804.25,1398354.875,1505674.75,1404037.125,1319857.375,1209231.75,1443532.125,1187796.5,1276655.125,1374070.25,1501907.875,1430466.375,1405394.25,1584867.875,1489609.375,1090312.75,1112184.625,1199699.875,1379638.375,1256339.75,1368382.375,1048699.0,989303.5625,1483675.625,1313665.875,1273083.25,1448818.625,893745.125,1027804.4375,1114725.25,1065212.125,1067182.875,1195773.625,1328596.125,1351909.5,1135696.75,1160333.75,1188371.125,1272317.625,1076446.5,963192.3125,1190889.875,1155599.25,1185528.375,1331403.0,1139450.0,1227489.0,877711.0,900250.0625,1174606.25,1083529.875,1557216.125,1516934.625,1188465.375,1322213.875,1114319.875,1138587.375,1152234.0,1151948.875,1392663.75,1369658.5,1050460.5,1038869.1875,1128421.75,981924.1875,1499973.25,1538138.75,1418114.75,1498573.625,1371116.125,1428572.75,1338808.875,1516590.0,1453871.5,1565631.75,1498377.125,1538774.25,1655923.375,1535926.0,1597086.0,1643739.625,1233385.5,1326357.125,1539986.5,1585215.875,1345705.625,1496855.375,1184072.0,1294516.625,1305018.125,1368953.75,1221078.125,1304161.5,1619870.75,1638059.0,1618933.0,1603389.0,1553354.75,1570555.25,1656648.5,1707878.25,1218680.375,1317361.0,1162385.25,1270056.125,1316343.375,1419422.75,1560564.25,1524462.125,1278208.0,1379618.125,1326189.125,1422790.0,1224219.0,1370574.875,1487071.5,1541088.625,1235982.125,1307645.0,1203939.75,1264407.125,1712542.375,1694311.875,1371804.75,1352947.25,1366186.625,1397165.0,1410572.5,1441747.5,1563511.625,1675450.25,1601371.125,1542572.75,1313378.5,1272869.875,1580209.5,1439114.375,1583308.625,1601579.875,1376014.0,1484365.25,1684464.5,1602376.875,1624147.0,1660258.5,1298106.25,1324097.5,1261508.625,1290590.625,1027884.3125,1146121.125,1166963.125,1271558.375,1336245.125,1428898.75,1580458.875,1609566.875,930425.3125,901242.3125,1117311.125,1075397.25,1158137.0,1094153.875,1386340.375,1387649.5,1505574.625,1305437.875,1199192.5,1177788.5,1248401.25,1256754.25,1207174.125,1194307.0,1649294.5,1487660.5,1217931.375,1235178.875,1627996.375,1673434.125,1286267.625,1338640.125,1473557.125,1371950.875,1806409.0,1566696.25,1733635.625,1727352.0,1692412.125,1829771.0,2090742.875,1927638.75,1417500.75,1606545.125
78,1540582.875,1454773.25,1241187.375,1341221.25,1121005.625,1103570.25,1470389.375,1279021.5,1461669.25,1366766.25,1523428.125,1405966.5,1320643.125,1222051.0,1228014.25,1342666.875,1334551.5,1400868.25,1103978.125,1227131.5,1209556.5,1258291.375,1386953.75,1251083.625,1413722.0,1368953.5,1048280.1875,1106407.75,1409050.25,1495683.75,1238516.125,1329735.75,1227578.375,1194970.25,1081689.875,1030037.3125,1183694.25,1325597.875,1189717.25,1522722.5,1271363.75,1247395.75,1057373.375,1082558.625,938874.9375,938909.25,1053308.0,1071624.0,1097966.875,1070230.75,1131787.375,1214181.5,1194901.75,1170391.375,1400821.375,1506270.875,1408508.625,1320438.75,1206517.75,1446672.25,1187544.875,1276434.0,1372101.25,1498004.125,1430938.875,1406265.375,1587973.5,1493297.875,1088905.5,1111334.0,1200964.75,1381909.5,1257267.625,1370206.5,1051019.125,992553.5,1479083.5,1309772.5,1274676.25,1450533.5,892742.375,1027199.3125,1114195.25,1064302.375,1064873.125,1194435.0,1332066.0,1354864.75,1138044.0,1164592.625,1185742.0,1273223.625,1078907.125,964660.6875,1192467.25,1155691.375,1182192.875,1332899.25,1135726.75,1227134.875,874043.8125,903937.0625,1175896.125,1087643.75,1556755.125,1516447.875,1187061.25,1322608.375,1117287.5,1140554.5,1154724.625,1152247.5,1391969.125,1367842.5,1047377.5625,1038807.4375,1127118.75,983938.9375,1496648.875,1538043.375,1420124.25,1503637.125,1370926.125,1429568.625,1335321.0,1513006.875,1449016.875,1560938.25,1499574.75,1536876.375,1655992.125,1536523.75,1597132.75,1643173.5,1232000.125,1327335.625,1537107.25,1581375.625,1348848.0,1495176.25,1184425.75,1293944.5,1299143.875,1365838.125,1221464.625,1304277.875,1612455.375,1632080.25,1616542.125,1603150.375,1548226.875,1566923.375,1651875.5,1704142.375,1221557.875,1317039.0,1163131.625,1270551.875,1320079.0,1418356.375,1560507.0,1525796.5,1278826.375,1378765.375,1324363.375,1423992.125,1225322.5,1369984.5,1490408.875,1540798.25,1235806.0,1307516.5,1205371.0,1263861.25,1708273.0,1690951.0,1369369.75,1352828.625,1368081.5,1395562.75,1405628.625,1439400.0,1566038.5,1675880.0,1604946.875,1543847.0,1314636.75,1273924.625,1580451.875,1438899.375,1584073.875,1601219.5,1379747.375,1491696.875,1685308.5,1602271.75,1620149.25,1657727.5,1297538.75,1323992.5,1260833.0,1289179.125,1030570.375,1148511.0,1168236.5,1273117.5,1336192.25,1427792.5,1579048.5,1608090.875,927324.0,900510.1875,1117638.375,1073479.625,1156980.625,1092233.25,1385651.375,1387433.25,1507730.5,1305893.375,1198522.25,1176228.875,1246846.25,1257355.5,1206464.625,1194225.125,1650756.625,1486222.375,1217882.625,1236346.75,1627814.0,1674901.5,1283498.25,1339179.875,1474940.25,1375866.5,1807198.125,1566517.375,1734266.0,1727602.125,1693435.75,1831033.75,2091437.25,1927887.0,1414776.625,1607056.875
79,1539576.375,1455457.0,1239483.875,1341396.125,1120842.625,1104458.5,1470090.125,1285311.375,1461553.625,1363188.75,1519508.25,1403042.375,1322082.5,1221626.25,1225077.25,1343832.375,1331765.625,1400348.25,1109417.5,1232371.0,1211785.875,1268295.25,1386239.25,1255834.75,1413585.0,1372773.625,1056684.125,1113896.5,1407594.5,1495544.0,1241836.75,1337776.25,1225536.75,1198081.0,1091176.125,1032598.75,1180516.625,1324794.25,1184810.75,1517814.875,1272778.5,1246260.25,1055420.25,1076609.25,939206.125,939390.5625,1053464.625,1071210.25,1095214.625,1069102.375,1133732.25,1208917.5,1192286.25,1169528.625,1400050.0,1508890.625,1410432.75,1323218.75,1211389.75,1450207.375,1188989.25,1274036.125,1368487.375,1495012.875,1429882.75,1406098.625,1590652.375,1495365.5,1084076.375,1108794.75,1202400.125,1381843.625,1257155.25,1370901.5,1051355.5,994547.375,1474485.25,1305652.75,1274582.375,1449776.5,890398.0,1023478.5,1112661.5,1056456.25,1061834.0,1191824.75,1333112.875,1354746.125,1146681.375,1165929.0,1186427.0,1271250.25,1081865.5,962628.125,1195384.25,1150978.625,1181141.25,1333600.375,1132579.0,1222567.125,874484.4375,901907.6875,1177277.5,1087591.25,1558465.375,1515641.5,1187558.875,1322368.875,1116816.25,1138574.125,1160082.0,1150080.75,1391029.5,1365835.5,1046414.9375,1038863.4375,1124218.0,985725.875,1500874.875,1543100.0,1419614.25,1505518.0,1370562.5,1425783.125,1326483.75,1515321.375,1444294.625,1556047.875,1500156.5,1539086.625,1651832.375,1536922.125,1591428.25,1648918.375,1231768.75,1326797.5,1533991.5,1581114.625,1346746.625,1495475.375,1181790.5,1296265.75,1296941.875,1364610.0,1221912.75,1304274.0,1615349.75,1630868.875,1617863.5,1602250.0,1545803.125,1563794.0,1650097.5,1701356.0,1217421.875,1316459.25,1161233.0,1270381.5,1316507.375,1416691.375,1556878.125,1528754.75,1278958.625,1377119.0,1322681.625,1425389.25,1223503.0,1370163.5,1490337.375,1541777.625,1236049.875,1308100.5,1205446.5,1264500.625,1708059.375,1691260.625,1372374.375,1352478.875,1366073.5,1392046.875,1406724.0,1441646.5,1565774.75,1675300.0,1604056.625,1543536.625,1313941.625,1272814.0,1583584.5,1444390.0,1582192.375,1598962.5,1380457.625,1494716.875,1685814.0,1603971.125,1617242.375,1656830.125,1296925.0,1321132.5,1260702.875,1284654.5,1033649.75,1150139.875,1170288.75,1273287.875,1333298.125,1425776.375,1575284.0,1603521.875,926776.875,899441.3125,1117791.5,1073256.375,1155650.25,1090847.25,1386160.25,1388366.0,1505448.375,1306051.75,1199187.5,1175618.0,1244722.125,1256162.375,1203920.375,1194066.625,1648689.75,1487696.875,1217984.25,1236224.0,1630588.125,1676877.875,1286203.5,1341760.25,1478595.25,1375828.375,1809998.5,1572554.75,1734974.125,1729106.125,1698121.125,1832728.625,2093519.875,1928002.75,1417604.875,1606081.5
80,1541304.125,1455150.375,1239926.5,1341111.75,1120160.875,1103240.125,1471091.25,1284867.375,1462360.375,1362524.25,1523165.5,1406005.375,1320962.375,1221687.875,1227128.875,1344537.125,1332407.125,1401876.25,1107771.375,1228306.625,1210426.625,1265620.125,1388593.0,1257629.5,1413587.625,1373734.625,1048029.125,1110083.125,1410341.25,1499210.0,1243045.25,1336420.25,1228854.625,1196107.875,1083563.625,1029591.1875,1181823.625,1326152.0,1188186.75,1520719.375,1270301.75,1244344.5,1056156.125,1078023.375,935617.4375,937090.625,1054277.75,1069766.25,1096920.625,1069521.75,1131786.375,1210851.0,1191327.5,1171408.5,1399353.375,1508052.25,1406260.875,1322394.625,1212398.875,1450042.25,1188964.375,1275092.25,1370344.625,1498388.375,1428890.0,1405860.0,1588038.5,1492870.875,1082405.25,1108588.5,1203417.25,1381926.25,1256933.0,1370611.5,1052071.875,995083.125,1474412.0,1309506.375,1274455.125,1449410.125,890263.8125,1022220.8125,1110621.125,1057290.5,1062172.0,1193169.75,1332020.125,1352798.375,1145947.0,1164042.875,1187746.75,1272871.75,1078139.375,964213.3125,1193564.5,1150937.625,1183139.125,1334294.375,1133662.5,1222513.875,875026.1875,898934.9375,1176129.625,1085413.5,1557369.0,1514413.875,1187690.75,1321527.625,1114015.125,1138743.875,1159597.75,1151370.375,1392278.375,1366587.75,1049027.0,1038469.25,1125346.25,984515.4375,1506480.75,1542067.75,1419461.625,1503431.5,1371603.375,1426017.625,1326421.75,1519741.625,1444706.875,1555274.75,1500907.0,1540874.25,1652310.5,1536980.75,1589903.25,1653104.125,1234995.0,1327681.125,1537692.25,1585634.75,1343624.0,1495983.5,1183224.125,1299793.375,1302757.375,1368930.125,1222278.375,1304436.5,1621494.625,1632418.375,1620451.875,1602065.125,1547687.5,1564853.875,1653905.875,1704798.5,1214310.375,1315560.5,1159261.0,1270233.5,1312331.25,1415980.25,1558720.125,1529615.375,1278815.625,1378736.875,1323473.25,1424039.875,1222823.625,1371613.625,1487276.25,1542651.375,1236217.0,1308931.625,1205045.125,1265121.0,1712439.875,1695071.5,1378199.5,1352423.25,1364891.75,1392948.25,1410912.0,1444225.75,1567799.875,1676535.875,1602059.125,1543255.375,1314385.875,1272450.375,1584217.625,1444693.625,1580826.375,1597060.125,1377127.375,1486875.375,1685638.125,1604237.0,1619205.875,1657527.75,1295633.125,1317355.75,1260390.5,1282640.75,1028885.0625,1147151.875,1166483.375,1269728.25,1329752.75,1421237.5,1573545.5,1602243.25,929182.875,900317.625,1116906.625,1074571.25,1156883.0,1091614.5,1387769.375,1387958.375,1505053.375,1308441.875,1200914.75,1178142.25,1247937.75,1257870.5,1205276.875,1196345.5,1647885.125,1488795.25,1218106.625,1235883.75,1636316.875,1679156.375,1291671.125,1345219.625,1480424.0,1373498.375,1812091.25,1577819.5,1736464.125,1730889.125,1698963.5,1832254.125,2094008.75,1928051.75,1423927.125,1608691.75
81,1542624.625,1453851.5,1241994.5,1340721.875,1119697.75,1102220.625,1474558.875,1281622.625,1463737.625,1365123.5,1528726.125,1409414.5,1320941.875,1222306.875,1229940.375,1344901.125,1334654.75,1402439.375,1106879.5,1225263.375,1211552.125,1261260.75,1392345.0,1255571.125,1414406.375,1372329.625,1044803.375,1108751.5,1414397.25,1499886.75,1242562.625,1334475.75,1231160.0,1195177.375,1077783.875,1029267.3125,1183392.0,1327249.25,1192502.625,1524817.25,1269735.75,1243574.625,1060426.625,1081585.125,934013.5,935403.3125,1056043.625,1070427.125,1099963.25,1071259.875,1131696.75,1215051.875,1192639.75,1172038.875,1399846.75,1506561.625,1402376.125,1320471.0,1206671.0,1446160.625,1188428.625,1276872.375,1373485.5,1500403.75,1427290.625,1405179.25,1584117.375,1490465.75,1081923.875,1107988.875,1203742.875,1382702.375,1258000.875,1369325.625,1052856.125,994642.6875,1475659.875,1311305.0,1275228.25,1450254.0,890695.625,1024382.25,1109421.875,1061223.25,1064541.875,1195486.5,1330684.875,1351815.0,1139062.0,1162019.25,1188432.5,1274581.875,1073636.875,965385.9375,1191245.25,1153050.875,1184219.125,1332285.0,1135751.625,1223759.125,874464.25,897330.9375,1173764.5,1083686.125,1554463.0,1513988.875,1186686.75,1320333.25,1113185.25,1140527.375,1154162.25,1153585.125,1392401.5,1366452.875,1048832.125,1037245.25,1127360.75,980162.3125,1503150.75,1535073.375,1419994.5,1501239.375,1372740.0,1428501.5,1331724.0,1520778.25,1448155.625,1557071.0,1501511.0,1540322.25,1655352.75,1535362.5,1592448.0,1651924.375,1239196.625,1330010.875,1541537.875,1587202.5,1344356.25,1496331.125,1186309.375,1300553.125,1307178.375,1370714.375,1222988.0,1304620.0,1620264.375,1629092.125,1617654.125,1600861.875,1549229.875,1565655.375,1656400.625,1708160.625,1216444.625,1315845.875,1159889.5,1270873.5,1313017.625,1416825.25,1562116.75,1526483.625,1279093.0,1381883.875,1323300.125,1421437.875,1224821.0,1372065.875,1485840.0,1540848.375,1236607.375,1309862.5,1204196.625,1264702.25,1713566.75,1695776.5,1377992.0,1352642.875,1367287.25,1397677.5,1409169.0,1441607.375,1570658.875,1678215.25,1602612.625,1543387.875,1314680.375,1272842.375,1581820.0,1437388.125,1582307.25,1598190.625,1375218.625,1479133.375,1684439.25,1603087.0,1622729.875,1657171.375,1297005.125,1318702.5,1261406.625,1284906.5,1025802.0625,1145208.5,1163580.25,1267112.75,1330802.0,1420130.5,1575551.875,1604611.125,929901.8125,902005.5,1115693.375,1074684.75,1158731.75,1093190.625,1387440.375,1385838.875,1507319.125,1310111.375,1201309.75,1180290.625,1251114.25,1260082.75,1207773.5,1197951.5,1648505.875,1487820.75,1218072.875,1235713.5,1638363.875,1681548.125,1292470.75,1345182.625,1479284.625,1374410.625,1810862.875,1574983.75,1738656.125,1730510.25,1695411.75,1831749.375,2093315.25,1929169.625,1424490.625,1614331.25
82,1541719.375,1454519.375,1242965.0,1341742.375,1121108.25,1105014.875,1474775.125,1282346.25,1465245.375,1365139.75,1527369.0,1407980.75,1324449.25,1223667.875,1229415.125,1345653.125,1335270.875,1401603.125,1113124.25,1232091.375,1215625.5,1265432.625,1393152.125,1257642.375,1412548.0,1373291.875,1060541.0,1122751.75,1415115.25,1497573.5,1241981.0,1336019.0,1228448.875,1198095.75,1084588.25,1031398.5,1180963.25,1324936.5,1189498.375,1520269.625,1271916.25,1243323.625,1065179.75,1083582.25,936721.9375,937265.125,1058347.625,1073890.875,1098810.0,1071878.875,1137383.75,1215689.25,1191556.25,1170774.375,1398453.375,1507308.375,1402179.375,1322049.625,1203149.25,1442753.125,1188887.0,1274226.375,1370414.375,1497205.0,1424395.5,1403291.625,1582870.75,1489764.75,1080146.125,1106464.125,1202108.375,1380729.875,1258144.5,1367174.375,1050353.625,993449.75,1477134.5,1305772.125,1274321.25,1449093.5,889869.625,1025317.5,1111065.25,1056566.375,1065089.875,1194780.625,1330111.25,1351784.375,1140346.125,1161844.125,1187706.25,1270328.875,1076248.875,960266.125,1193722.0,1150712.625,1183105.5,1328808.5,1135086.125,1220240.25,875081.0,894762.9375,1173367.625,1082225.75,1555386.25,1515559.375,1186093.25,1318861.125,1113925.75,1138531.625,1152919.125,1150082.5,1389576.0,1363711.0,1044552.375,1036823.5,1124388.25,978494.9375,1496422.25,1533986.625,1417970.125,1499989.5,1371051.375,1424987.875,1329285.0,1516844.125,1448988.125,1559044.375,1498708.875,1540044.75,1652583.875,1531475.75,1591226.625,1647124.25,1238022.25,1328754.5,1537066.0,1583802.875,1344222.0,1496406.375,1182582.625,1297764.625,1304292.25,1366927.75,1222956.75,1303489.5,1619287.25,1627578.375,1612053.0,1596816.625,1549779.875,1564575.625,1654606.0,1705767.375,1217122.625,1317034.125,1161025.0,1270250.0,1312933.5,1417339.75,1557529.625,1522003.625,1279116.375,1380927.625,1322892.75,1422674.625,1225714.5,1370912.375,1486669.875,1538453.25,1236388.0,1309771.0,1201663.875,1263625.625,1711757.625,1694297.5,1372826.125,1352777.75,1369231.125,1398699.875,1405859.625,1438421.125,1567876.75,1677334.0,1601657.375,1541810.375,1313794.5,1273288.125,1582263.375,1436950.0,1584419.625,1600979.375,1378240.25,1482335.375,1684207.875,1603772.75,1622641.25,1656412.625,1300335.25,1322789.25,1262622.375,1286485.5,1032168.6875,1148463.375,1167957.125,1269578.125,1336401.125,1427061.0,1576856.75,1605712.75,927178.125,900771.6875,1115655.5,1073334.875,1157600.25,1094318.25,1385019.875,1385602.625,1507099.0,1308123.25,1200141.25,1178961.625,1247491.25,1257856.75,1207225.375,1195700.125,1648029.375,1487044.875,1218795.375,1234761.0,1633096.625,1679648.125,1289232.125,1341151.125,1477097.75,1375345.375,1807593.375,1569678.875,1737019.125,1727980.0,1693425.125,1832902.125,2091787.625,1929245.0,1419049.625,1612877.5
83,1542113.375,1455221.625,1242542.5,1343304.75,1123075.125,1106293.375,1471192.0,1280848.625,1464414.125,1362757.75,1524388.75,1406634.0,1325959.0,1223574.75,1228221.125,1344324.0,1335575.875,1401854.25,1114540.0,1234238.125,1214396.125,1265413.625,1392133.375,1261409.625,1411213.625,1373688.375,1066916.75,1129393.875,1413941.625,1499921.625,1241430.125,1331665.5,1227914.75,1198233.625,1086460.375,1029477.4375,1179877.875,1323205.0,1186142.375,1518619.0,1271922.125,1243984.375,1065119.625,1090005.625,938823.5,940120.875,1058314.375,1077354.625,1096927.625,1071489.875,1139153.375,1216693.5,1190156.875,1170370.375,1397194.125,1506002.75,1402125.5,1322368.875,1203513.25,1441568.125,1188640.375,1272942.75,1366949.375,1497597.375,1422813.0,1402525.5,1581654.0,1487956.125,1082847.125,1108448.875,1199550.625,1376488.0,1256916.875,1367861.875,1047985.4375,992941.625,1480252.25,1306260.625,1272567.75,1447912.375,890633.25,1026062.625,1113539.5,1055794.875,1065395.5,1194737.625,1330719.25,1353099.125,1143613.375,1162166.0,1185865.25,1268327.0,1078853.75,958958.25,1194120.625,1149464.5,1183146.875,1331129.625,1135514.0,1222173.5,875519.375,895793.0625,1174695.0,1082577.75,1557658.0,1515942.375,1186122.875,1318543.25,1114207.25,1136583.125,1156061.75,1146016.0,1390124.5,1363929.375,1045151.0,1037293.9375,1122599.0,981601.1875,1499029.875,1538079.875,1415476.25,1498311.5,1369143.0,1421787.375,1326836.375,1514615.0,1447710.5,1559699.75,1494299.5,1539286.75,1649799.625,1529610.125,1589353.25,1643262.75,1234493.375,1325731.875,1533156.375,1582702.25,1341937.125,1494353.5,1178162.5,1295168.375,1303234.75,1367229.75,1221812.5,1301990.5,1622432.0,1630234.25,1611142.375,1594748.625,1551270.875,1564689.75,1653074.0,1702810.875,1215558.625,1316340.0,1161755.0,1268750.375,1311448.0,1415992.125,1552868.5,1520654.25,1279364.625,1378209.0,1323397.25,1424709.125,1224650.5,1369657.0,1486586.125,1539022.5,1236406.75,1308713.875,1200142.0,1263677.375,1713820.375,1695788.875,1370786.375,1351524.625,1367158.75,1394447.0,1407859.875,1440033.375,1562138.5,1674448.5,1598623.625,1539526.75,1312722.875,1272735.625,1581324.125,1443689.25,1583149.25,1601549.5,1380213.75,1484577.25,1683876.5,1602540.125,1621351.0,1656948.0,1300472.25,1324040.25,1261352.125,1286651.375,1036173.125,1150392.0,1170293.25,1271983.875,1337901.0,1429594.0,1575584.0,1604404.875,926430.5,898642.1875,1116068.875,1072810.125,1156420.5,1093976.375,1385357.25,1387268.125,1503596.0,1305711.0,1199365.0,1177176.625,1243588.25,1255342.25,1205779.375,1193048.0,1649911.125,1487679.0,1219182.0,1234021.25,1627870.125,1674647.625,1286807.0,1339330.125,1475092.0,1372682.125,1806685.5,1571030.875,1732262.25,1726875.875,1692612.75,1833143.25,2091632.0,1929619.75,1416122.0,1606487.125
84,1543431.625,1453741.625,1242609.875,1343013.5,1122479.625,1102737.875,1471597.125,1277483.875,1463415.25,1362393.25,1526553.75,1408872.625,1319783.5,1220252.375,1228322.25,1341693.125,1338102.25,1404660.0,1103881.5,1224630.125,1208462.625,1257149.5,1392611.75,1259104.25,1414176.375,1372726.375,1046865.125,1120139.625,1414418.0,1504694.125,1241248.5,1324037.625,1230929.0,1194080.625,1078278.75,1026296.5,1181029.875,1324509.375,1188199.625,1524264.375,1263814.125,1240733.625,1061479.875,1100104.125,935329.6875,940957.0625,1056673.25,1079957.625,1098192.125,1071860.5,1132373.625,1221919.875,1192833.5,1171317.625,1400388.625,1504893.5,1402989.0,1320248.625,1208340.75,1442704.5,1187295.875,1275222.5,1370631.125,1502467.5,1425814.5,1404879.125,1582093.375,1487995.0,1089603.5,1111270.0,1199138.375,1375249.875,1256785.25,1370112.75,1049004.25,992434.5,1481901.25,1313263.75,1272194.125,1449251.375,892988.3125,1028426.0,1111938.375,1064199.875,1066508.125,1196063.25,1330475.75,1355040.125,1139370.75,1161465.625,1185630.125,1273105.75,1075508.5,963963.0625,1189084.375,1152721.625,1183974.625,1335322.75,1138547.25,1230146.625,874285.25,900808.6875,1175207.625,1084450.5,1556406.25,1514590.0,1186493.625,1320013.125,1114536.0,1137755.25,1157315.375,1147823.75,1394437.5,1367942.0,1049975.875,1037524.3125,1125890.625,983932.1875,1506303.875,1540739.75,1416402.5,1497070.5,1370049.25,1425127.875,1335290.75,1518932.0,1450979.75,1560906.0,1495290.75,1538524.75,1655297.375,1533146.25,1593595.125,1645107.375,1235346.625,1325068.375,1539450.25,1586142.5,1343756.375,1493815.375,1182226.25,1295135.75,1308341.125,1371865.0,1221156.875,1302520.875,1623204.25,1632483.25,1614601.625,1598038.5,1552725.875,1566737.125,1653906.5,1704098.25,1217386.25,1315619.125,1163274.25,1268672.5,1314683.875,1416361.625,1559491.75,1523801.0,1279797.625,1378354.375,1322647.125,1421418.625,1223267.875,1367755.25,1486008.625,1539310.5,1236937.125,1307541.625,1201877.875,1264477.625,1716334.25,1697330.875,1371637.0,1350134.75,1363665.125,1391588.125,1410369.5,1443768.5,1560703.125,1672795.125,1599103.5,1539816.125,1309062.125,1268800.25,1575373.25,1444860.0,1579473.5,1598901.0,1376559.5,1480979.25,1682443.75,1598500.0,1622075.875,1657612.625,1296586.25,1322516.375,1258755.625,1287603.375,1029383.6875,1146636.875,1165197.625,1270429.25,1334087.0,1424317.25,1576626.25,1604218.125,928925.4375,899904.9375,1116399.125,1073767.875,1157875.125,1092887.0,1388539.25,1388807.875,1502538.0,1306281.75,1199354.0,1177938.875,1245305.625,1257430.0,1205549.125,1193780.875,1651392.5,1488255.125,1218018.875,1234913.625,1631202.875,1676958.25,1286957.75,1341910.125,1475665.125,1372654.0,1808542.5,1575048.375,1733593.375,1729104.25,1693888.625,1833292.25,2092709.875,1930369.0,1418566.25,1609025.125
85,1543043.125,1453183.625,1243119.0,1341361.625,1120776.625,1099926.125,1475993.875,1277075.625,1464325.625,1363864.625,1529611.5,1410350.375,1313788.125,1217857.375,1228540.5,1340617.25,1340611.875,1405623.75,1096201.375,1217908.875,1206107.625,1252893.875,1393496.5,1252700.5,1417911.375,1371944.0,1031197.3125,1115151.375,1415396.25,1502256.5,1241992.375,1323490.625,1231979.0,1192252.125,1075370.75,1027512.3125,1181106.25,1325094.125,1190869.375,1525802.5,1256113.0,1235914.375,1060814.5,1102902.875,931623.6875,940005.5625,1055756.375,1079517.375,1099067.875,1071921.625,1128411.625,1225207.5,1196969.125,1171650.75,1405780.5,1506647.5,1406567.875,1320010.0,1214799.0,1444766.125,1187394.625,1275918.5,1375657.875,1501972.5,1430136.875,1407698.875,1585581.0,1491060.375,1092861.0,1111374.75,1200411.125,1377532.375,1257820.625,1370020.75,1050740.125,991960.625,1480545.625,1315332.0,1272545.375,1450832.125,894034.0,1029823.625,1108862.25,1069878.75,1066442.5,1195263.375,1329361.375,1356214.625,1134057.125,1162169.0,1186083.625,1275550.625,1073331.75,966125.375,1186333.75,1156059.0,1182795.125,1334031.0,1139204.25,1231462.625,872439.375,902974.4375,1174685.5,1086196.5,1554550.75,1514802.5,1186282.75,1321905.75,1115505.25,1139161.25,1155463.75,1151086.625,1395315.25,1369326.875,1050089.875,1038355.75,1127585.125,984125.0,1506119.625,1541945.875,1418408.25,1499108.625,1371021.75,1428387.75,1344056.625,1521224.625,1456662.25,1563165.375,1500672.75,1538986.25,1662518.25,1537076.875,1599449.25,1648333.0,1237104.375,1325365.625,1546504.375,1586913.375,1348992.875,1495855.0,1188667.125,1294334.5,1309851.75,1371236.75,1221453.5,1303604.625,1620119.625,1632734.375,1615660.375,1601437.5,1551650.125,1567781.125,1654275.0,1705490.875,1222488.5,1316726.125,1164984.875,1270064.25,1320837.625,1418983.5,1569387.75,1526748.125,1280072.0,1378853.25,1321591.5,1417682.0,1222824.75,1365421.625,1487452.0,1537440.0,1237439.25,1306171.875,1204210.0,1263987.875,1713564.875,1695099.125,1370901.75,1350895.75,1363120.25,1392908.5,1408993.875,1444677.625,1563234.125,1673454.25,1601979.375,1541552.875,1306105.875,1265739.875,1572282.125,1439411.5,1578120.25,1596716.75,1372371.125,1481922.75,1682351.25,1597966.25,1622139.625,1657229.25,1293616.875,1321557.625,1257834.125,1289229.75,1022467.75,1143802.125,1161509.625,1269531.5,1332042.625,1423006.0,1580162.5,1606412.0,929837.0625,901364.5,1117373.625,1074426.375,1158722.25,1092719.0,1389046.25,1389331.5,1505736.25,1307939.75,1199483.75,1179009.375,1247245.25,1259760.625,1205750.5,1195044.375,1649111.125,1488507.875,1217490.375,1235618.625,1635758.75,1682040.0,1287635.5,1342967.125,1477229.0,1375295.125,1809784.875,1573265.25,1737687.875,1730706.125,1696308.25,1833969.0,2092803.5,1929007.75,1419858.125,1614216.875
86,1541724.625,1453310.5,1243086.0,1340278.125,1120144.125,1100201.25,1476534.75,1275773.875,1463696.625,1364587.125,1528955.25,1409442.875,1316146.125,1219537.25,1228342.625,1340320.375,1339792.125,1402799.875,1098809.75,1219604.75,1207285.625,1253559.375,1392594.375,1248508.125,1417893.125,1369552.25,1038720.3125,1117026.75,1414716.375,1496932.5,1242005.125,1326121.75,1231753.625,1193505.5,1078513.25,1029883.25,1181617.375,1324272.375,1191183.125,1523761.375,1260470.0,1238617.25,1063229.625,1098491.375,933548.6875,938948.9375,1055676.125,1075696.0,1098027.75,1070908.25,1131239.875,1223249.875,1197941.25,1170831.25,1406962.25,1505946.0,1407958.75,1319643.625,1214453.75,1444701.125,1188676.25,1275890.5,1375704.375,1498002.625,1430706.875,1408024.125,1586402.75,1491856.125,1092018.75,1111494.125,1200857.5,1379162.5,1258182.75,1369597.25,1051715.375,993483.5625,1479126.75,1313918.25,1273036.5,1451512.125,893934.0,1030116.1875,1109682.875,1070451.75,1066069.5,1194219.625,1329995.25,1357141.875,1132500.25,1163746.75,1185374.0,1274006.125,1074461.625,965605.625,1187837.75,1157611.125,1181789.375,1331770.625,1137295.75,1228604.0,871250.3125,902403.0,1174283.125,1087128.625,1554421.125,1515880.25,1185393.25,1322847.875,1115978.5,1139666.0,1153497.5,1151556.5,1393377.5,1367594.5,1048015.1875,1039379.3125,1126848.0,984266.8125,1502326.875,1540856.625,1418517.375,1501873.5,1370686.875,1428255.125,1343176.0,1517530.625,1457059.625,1563079.125,1502606.75,1538622.0,1663221.875,1536551.375,1600432.0,1647650.25,1236517.375,1325931.75,1545484.25,1584008.125,1350573.25,1495778.375,1189579.0,1292294.0,1306397.625,1367761.875,1221730.25,1303284.5,1618319.0,1632250.625,1614584.875,1601775.375,1549918.375,1567283.375,1653856.625,1705068.0,1225327.75,1316670.0,1165345.875,1271422.5,1322909.25,1419264.375,1570546.125,1526052.75,1280492.625,1378208.75,1321974.125,1419063.125,1223833.125,1365157.625,1488833.125,1537340.375,1238018.0,1305625.875,1204875.375,1263172.375,1710665.75,1692982.625,1370159.0,1351944.625,1365031.25,1394769.875,1407590.125,1442981.75,1565241.5,1674396.25,1602906.5,1542428.0,1308687.125,1268362.5,1574358.0,1435804.25,1579742.875,1598125.0,1372395.25,1485481.25,1683455.5,1600647.0,1621747.0,1657020.75,1294334.875,1322468.5,1258936.125,1290254.25,1023039.6875,1145298.75,1162855.0,1270801.25,1333042.75,1425706.375,1581128.0,1607977.25,929070.125,900283.5625,1117856.0,1074024.625,1158119.25,1093074.5,1387315.75,1388323.25,1507320.5,1308022.375,1199660.5,1178262.0,1246487.625,1258876.0,1205802.625,1194295.625,1648152.0,1488207.0,1218305.25,1234896.375,1632791.25,1678998.875,1286746.0,1340862.875,1475917.75,1374563.125,1809122.875,1568885.125,1735530.75,1729288.0,1694502.375,1832580.375,2092381.625,1927558.125,1417374.0,1610869.5
87,1541089.0,1452352.625,1242903.25,1340029.375,1119196.0,1100166.0,1473507.0,1273373.875,1461531.5,1364545.375,1527954.375,1409203.875,1319142.0,1221194.25,1228033.5,1340232.875,1338361.875,1401443.875,1099320.875,1220353.0,1206644.125,1252236.25,1391375.875,1247566.25,1415777.0,1367585.25,1044125.6875,1115648.75,1414226.75,1497171.0,1241187.25,1324839.875,1233121.5,1193072.125,1076661.625,1029119.4375,1182970.625,1324407.125,1191419.0,1524731.625,1265764.125,1242741.625,1064563.125,1097977.0,935576.0,938463.875,1055882.125,1073692.0,1097579.0,1070020.625,1131871.5,1222450.75,1196953.0,1170504.75,1404797.75,1503556.625,1405865.75,1318087.5,1211321.625,1443704.875,1188659.0,1277176.125,1374772.875,1498515.375,1429735.125,1407418.125,1584473.125,1490190.625,1092301.75,1112895.125,1200706.375,1379365.75,1257879.0,1370315.875,1052477.5,995274.1875,1479387.875,1315001.0,1273612.5,1451880.625,894593.75,1030553.9375,1111529.5,1071150.5,1066445.875,1194982.125,1331611.875,1358037.875,1132288.625,1163402.25,1184912.125,1274334.125,1073942.125,966162.4375,1188224.625,1158255.125,1182574.0,1332863.0,1136907.875,1229175.375,870997.4375,902387.6875,1174211.375,1086932.75,1554588.375,1515915.25,1185285.875,1322957.25,1115407.25,1139787.375,1153324.0,1151423.5,1393295.375,1367519.75,1049316.875,1039448.1875,1127530.375,984122.6875,1502973.875,1539589.75,1418252.375,1502468.875,1371015.625,1428178.875,1340655.625,1516166.625,1454809.625,1561524.75,1501054.375,1537863.0,1661819.125,1535617.25,1599178.25,1646944.5,1236620.375,1326677.0,1543429.875,1583574.0,1348870.0,1494788.0,1188377.625,1292503.25,1305941.25,1368209.125,1221619.375,1302911.25,1619722.0,1632650.25,1615242.25,1601253.375,1550042.0,1567418.5,1654179.375,1705455.375,1224716.125,1315562.75,1164718.125,1271832.5,1321440.5,1418060.875,1568224.75,1525523.0,1280780.25,1378394.0,1322719.125,1421164.375,1224442.875,1366691.5,1488444.0,1538717.75,1238303.75,1306059.0,1204836.5,1263240.25,1711453.125,1693689.25,1371152.0,1351662.0,1365500.0,1395102.625,1408380.375,1442177.5,1566075.125,1674599.25,1602862.625,1542975.0,1311184.375,1271149.25,1575682.375,1436242.75,1581058.75,1600253.5,1373119.125,1484554.625,1684568.75,1602334.625,1622604.75,1657659.75,1295151.625,1322544.875,1259659.125,1289779.375,1023848.75,1145319.875,1163057.125,1270174.875,1333796.75,1425685.75,1580054.625,1607473.0,929449.6875,899924.4375,1117377.375,1073944.875,1158230.75,1093223.375,1387215.875,1387529.5,1505764.25,1307612.0,1199908.5,1177598.5,1246329.375,1257984.25,1206044.625,1193955.125,1649241.875,1487679.0,1218806.0,1234417.125,1628685.625,1673930.5,1286178.75,1340306.625,1474340.125,1372440.25,1808057.25,1568352.375,1731584.75,1728420.25,1691301.625,1830500.375,2091994.125,1927307.375,1416311.5,1606384.25
88,1541479.375,1452251.875,1242959.0,1340419.0,1118800.625,1099901.625,1472687.75,1274011.25,1461462.0,1364629.75,1528702.5,1409824.875,1317400.0,1220440.75,1228307.5,1341133.375,1338676.5,1402493.75,1096425.375,1219110.75,1205565.125,1251135.375,1391478.875,1248655.625,1415041.25,1368340.75,1037599.6875,1112551.0,1414786.125,1499382.0,1241293.875,1323222.375,1234204.125,1191884.625,1072738.375,1027750.0,1183363.625,1325267.625,1192217.25,1526287.125,1263041.5,1241099.0,1063542.625,1100114.25,934033.125,938173.0625,1055743.375,1074190.875,1097913.25,1069884.875,1129447.625,1224030.25,1196816.5,1170974.125,1403931.25,1504050.5,1404605.375,1318104.25,1211239.125,1443939.75,1187847.625,1277588.75,1375624.875,1500722.25,1429720.875,1407300.0,1584286.25,1489769.875,1093273.375,1113249.5,1200855.125,1379300.125,1257588.75,1370482.75,1052598.25,995090.375,1480368.25,1316729.5,1273675.125,1451810.875,895347.625,1030328.625,1111360.375,1071709.125,1066530.375,1195678.5,1331898.125,1357923.0,1132950.375,1162970.25,1185196.75,1275657.375,1073026.0,966515.0625,1187381.875,1158044.625,1182968.375,1334477.5,1137692.375,1230428.125,871413.0,902619.625,1174397.75,1086595.125,1554976.25,1515712.25,1185860.875,1322847.25,1114955.875,1139640.0,1154232.25,1151837.375,1394187.375,1368788.5,1050826.125,1039122.0,1128304.125,983798.375,1505085.125,1541123.75,1418764.125,1502662.75,1371642.25,1428753.125,1341095.0,1518081.0,1454153.5,1561156.25,1500334.5,1538199.375,1662053.625,1536439.25,1598724.25,1648043.5,1237084.0,1326442.75,1544262.5,1585001.0,1348073.25,1495223.75,1188509.0,1293882.75,1307174.75,1369709.375,1221397.5,1303217.75,1620169.625,1632713.75,1615977.0,1600894.875,1550299.625,1567762.75,1654202.5,1705840.625,1223587.75,1315524.125,1164197.125,1271334.0,1320347.875,1418035.875,1568078.5,1526253.75,1280563.375,1378950.875,1323075.25,1421115.875,1224016.75,1367828.75,1488019.875,1538964.125,1237907.375,1306144.5,1204906.125,1263329.125,1712318.0,1694647.25,1372369.25,1351603.5,1364754.5,1395090.625,1408838.5,1442521.0,1566465.75,1674781.125,1602863.0,1543152.5,1310324.75,1270387.875,1575805.25,1437048.875,1580853.625,1599816.0,1372295.625,1481908.625,1685448.125,1602668.875,1622555.625,1658146.0,1294614.75,1321336.5,1259146.25,1288994.375,1022572.9375,1143580.125,1161770.25,1268729.0,1333386.375,1424256.625,1579590.0,1606509.75,930312.5625,900949.8125,1117460.375,1074542.125,1158710.5,1093274.375,1387893.125,1388148.25,1504880.0,1307778.875,1200019.625,1178140.875,1247101.625,1258427.125,1206423.25,1194578.625,1649347.0,1488057.75,1218627.125,1234689.625,1629014.625,1674216.125,1286950.375,1341691.625,1474940.375,1372363.625,1807788.125,1570241.125,1731398.875,1729279.75,1691326.0,1830373.75,2091621.5,1927265.25,1417674.625,1606841.5
89,1542067.625,1452982.125,1243034.625,1341106.375,1121099.875,1101276.875,1475144.25,1275794.25,1463106.5,1365302.25,1528638.75,1409253.75,1317023.25,1219928.25,1229177.0,1341698.125,1338430.5,1401503.75,1100010.375,1221074.125,1207828.625,1253988.75,1392475.375,1250297.625,1416361.125,1368703.625,1038035.8125,1112263.25,1414608.125,1497408.125,1242162.375,1325355.5,1232731.625,1193418.625,1075866.25,1028868.1875,1182931.5,1324994.75,1191561.0,1525488.5,1262306.0,1240156.75,1060511.125,1095477.125,933261.375,937928.25,1054157.625,1073102.625,1097662.75,1070184.0,1129444.625,1222090.625,1197361.625,1170857.0,1405032.5,1505013.375,1406340.875,1318761.625,1210498.375,1444441.125,1188307.125,1276641.625,1375003.75,1499028.875,1429580.625,1407293.25,1585797.875,1491213.0,1090478.75,1111307.625,1201197.875,1379341.625,1257670.375,1370226.0,1052583.375,994927.0,1479812.25,1315719.0,1273591.625,1451668.0,894416.0,1029789.3125,1110356.75,1070375.875,1066109.0,1195995.375,1331366.625,1357527.25,1133480.75,1164703.5,1185210.75,1275246.875,1073884.875,966214.375,1187683.75,1157782.375,1182102.125,1334409.25,1136691.25,1229806.625,871268.125,903309.5625,1174392.25,1087358.25,1554651.75,1515662.5,1185577.375,1322670.625,1115542.125,1139664.375,1154294.625,1151948.875,1393967.125,1368037.625,1049341.75,1038723.3125,1127263.625,983339.3125,1503408.875,1540913.0,1419578.0,1503555.125,1371448.375,1429285.0,1339559.875,1517454.5,1453035.0,1560573.875,1501566.875,1538510.375,1661436.5,1535812.25,1598465.0,1648404.625,1236394.5,1326475.5,1544307.625,1584269.0,1349630.75,1495240.5,1189206.875,1293646.375,1305624.75,1368642.0,1221784.625,1303628.0,1617201.625,1630630.375,1615152.75,1601643.375,1549241.25,1566466.5,1653593.375,1705141.25,1224247.375,1315787.875,1164754.375,1270875.25,1321652.125,1418403.75,1566966.375,1525387.125,1280058.0,1378443.25,1323217.875,1420777.0,1224200.5,1367287.25,1488526.125,1538679.375,1237276.625,1305702.875,1204777.875,1262806.625,1711605.0,1694472.125,1372855.625,1352040.625,1365723.625,1395410.875,1407484.875,1441949.0,1566527.875,1675156.0,1603473.375,1543248.5,1310411.75,1270014.5,1575669.25,1436768.5,1580538.25,1598479.5,1372965.75,1482459.5,1684532.25,1601375.0,1620773.0,1657472.125,1294987.0,1321671.75,1258828.375,1289848.0,1024313.875,1145591.625,1163010.75,1270519.375,1333046.875,1424294.875,1579149.0,1606145.125,929577.6875,900663.1875,1117646.0,1074398.125,1158454.625,1093046.875,1387532.875,1388392.625,1505223.25,1307381.125,1199716.0,1178001.125,1246207.125,1257962.25,1205970.375,1194097.375,1648735.125,1487516.125,1218075.0,1234583.625,1630463.25,1676727.875,1286571.125,1341340.25,1475515.25,1373128.375,1807564.75,1569987.25,1733397.875,1729051.75,1692335.5,1831352.625,2091357.5,1927209.625,1417401.125,1609144.875
90,1541451.875,1452677.875,1242764.5,1340923.625,1122120.375,1102068.875,1476824.375,1276054.25,1463080.875,1366497.75,1526989.875,1407665.5,1319469.875,1220090.625,1228726.0,1341047.125,1337196.375,1399450.125,1104478.125,1223016.0,1210213.25,1255705.5,1392665.625,1249879.125,1417649.875,1367719.75,1049073.25,1116057.875,1413772.375,1494118.625,1242078.75,1326497.125,1230467.125,1194455.875,1081657.0,1029993.3125,1181853.375,1323697.375,1189067.625,1523396.625,1266541.0,1242740.375,1060130.625,1091947.625,935190.5625,938099.9375,1053316.75,1072056.5,1096684.5,1069907.75,1132012.25,1218860.875,1197270.75,1170383.75,1406476.5,1504220.625,1408985.875,1318479.625,1211314.125,1445592.0,1189601.0,1276101.375,1372560.375,1496165.0,1430165.875,1408204.5,1587456.75,1492797.75,1088307.25,1110502.625,1201308.25,1379894.625,1257957.75,1370246.0,1052811.75,995892.3125,1478300.5,1313694.25,1273976.125,1451716.375,892705.0625,1029970.6875,1109969.0,1068883.875,1065239.75,1196078.0,1331219.25,1358029.5,1132444.375,1165764.125,1184900.625,1274251.0,1074161.375,965996.5625,1187994.375,1157466.75,1181307.625,1333412.375,1134654.0,1228325.5,870025.0,903501.875,1173751.5,1088083.0,1553446.375,1515360.75,1184643.375,1322587.875,1115910.25,1139708.125,1153069.75,1151547.125,1392448.625,1366027.75,1047608.4375,1039127.6875,1126088.25,983331.5625,1500303.75,1538304.5,1419619.125,1503610.5,1370878.25,1429175.0,1337760.5,1516802.875,1452217.25,1559903.625,1503208.875,1538591.875,1661387.0,1535576.5,1599069.375,1649186.0,1235817.125,1327063.125,1543320.25,1582821.25,1351866.125,1495198.5,1189690.875,1293423.25,1303549.0,1367056.75,1222446.0,1303905.5,1615900.875,1629208.125,1614830.625,1603152.375,1547913.375,1564700.375,1653275.0,1704553.25,1226172.0,1315907.875,1165361.625,1271260.5,1324274.75,1418643.625,1566805.75,1525826.125,1279763.5,1377226.5,1323020.625,1421031.75,1224640.0,1366183.875,1489298.875,1538329.5,1237159.25,1305310.875,1204503.75,1262413.0,1710429.75,1693657.375,1372009.875,1351894.875,1367008.0,1395298.875,1405993.125,1440728.875,1566961.0,1675137.875,1604695.875,1543994.375,1311469.625,1271260.625,1574786.25,1436733.625,1581101.5,1598815.25,1374690.125,1485810.5,1683075.5,1599920.125,1619507.0,1655712.25,1295382.375,1322974.375,1258945.375,1290892.875,1026379.875,1148292.375,1164733.75,1272418.625,1333780.375,1425340.625,1578615.625,1606608.5,928155.3125,899627.125,1117005.25,1073573.5,1157592.625,1092774.375,1386839.875,1387397.5,1505725.5,1306452.625,1199395.25,1176655.125,1244134.125,1256528.0,1204797.375,1193476.625,1647740.0,1485288.125,1217710.5,1234090.125,1630727.875,1677447.0,1285597.0,1339873.375,1475196.875,1373856.625,1807378.625,1567935.875,1734827.75,1728009.375,1693018.375,1832123.375,2091350.125,1926808.875,1415817.5,1610197.25
91,1539950.0,1451817.5,1241629.375,1339851.0,1118666.875,1100416.75,1473831.75,1276114.125,1460794.75,1365841.125,1526133.75,1407497.5,1320844.25,1220345.375,1227032.125,1341095.875,1336798.25,1401273.375,1099989.0,1220721.625,1208220.25,1252369.875,1390305.75,1248773.5,1415019.375,1368375.625,1053896.375,1119641.0,1413942.625,1498033.375,1240962.5,1323453.375,1231711.5,1191779.625,1079162.125,1028152.75,1181314.25,1324358.625,1189132.25,1522634.75,1268308.125,1243843.0,1065198.5,1100242.0,936900.3125,938611.375,1056346.5,1074194.625,1096512.75,1069130.875,1134362.5,1221406.75,1195750.875,1171141.625,1404830.875,1504222.125,1406973.375,1318816.125,1215827.25,1446881.875,1189452.125,1276761.25,1372672.5,1498461.375,1431135.25,1409040.375,1587201.5,1491571.75,1092863.875,1113442.25,1200640.5,1379680.375,1257342.125,1370159.0,1051614.0,995105.5,1479422.25,1314029.125,1273832.875,1451106.125,892498.0625,1029856.875,1111628.75,1068303.125,1064461.125,1194054.125,1331024.625,1357225.25,1133303.875,1163006.75,1184899.25,1273598.375,1073517.625,965552.875,1188375.0,1155588.5,1181929.75,1332625.125,1135673.125,1227194.0,870747.25,901173.1875,1173772.5,1086642.625,1554790.75,1515185.25,1185203.125,1322301.5,1114786.25,1139219.625,1153916.125,1151626.375,1392122.0,1366965.5,1049995.125,1040387.75,1127383.625,983998.875,1503175.625,1539690.875,1417836.25,1500683.625,1370644.5,1426384.875,1338990.125,1519512.125,1453430.25,1561097.625,1500589.75,1538880.75,1661792.125,1538054.125,1598702.875,1649922.125,1235269.625,1325473.0,1541366.875,1583190.5,1349325.0,1496318.875,1187161.75,1294652.875,1303968.25,1367982.5,1221646.125,1303548.5,1619904.125,1630118.0,1616436.0,1601170.875,1548017.0,1565346.75,1652886.875,1704164.375,1224570.0,1316682.75,1163542.125,1271748.125,1321708.75,1418352.875,1568396.375,1529531.875,1279999.125,1377543.0,1322577.25,1421726.125,1224145.0,1367802.5,1488543.875,1538240.25,1237449.25,1305892.5,1204510.25,1263581.0,1710203.375,1692853.625,1370646.125,1351570.875,1365618.125,1394335.125,1407282.5,1440660.375,1566633.125,1674375.625,1602857.0,1543440.25,1311644.0,1272378.75,1577064.5,1437741.0,1582404.375,1600717.375,1374513.25,1486211.25,1684599.625,1601792.875,1621039.75,1655340.5,1294679.125,1322071.5,1259047.125,1288890.875,1024240.25,1144977.75,1163864.125,1269493.625,1334092.875,1424627.875,1578644.75,1607345.625,929279.25,900537.875,1116839.625,1073866.75,1157464.375,1093378.75,1387261.375,1386846.625,1505734.375,1306598.125,1199467.5,1176579.0,1245537.75,1256845.125,1205068.0,1194308.0,1648073.625,1486104.125,1218135.625,1234313.625,1628486.25,1674664.0,1286350.375,1340481.375,1474829.0,1373999.5,1807943.625,1568280.25,1733066.125,1728690.75,1693639.75,1831379.75,2092618.375,1927089.625,1415897.125,1607251.625
92,1539806.625,1451973.125,1240549.5,1338995.125,1116573.75,1098922.625,1470761.25,1277454.5,1460616.25,1362019.5,1527076.5,1409060.625,1321064.0,1221893.875,1226975.0,1341905.5,1337126.375,1404796.625,1097261.0,1219783.375,1206253.75,1252262.25,1387715.875,1250019.0,1411254.625,1370264.75,1046383.5625,1115772.5,1414978.125,1504898.5,1240852.875,1325625.75,1234599.75,1192184.5,1073814.25,1027508.4375,1182289.125,1326918.125,1193346.25,1524978.25,1267853.375,1243122.625,1065787.25,1101568.25,935979.9375,938599.0,1059228.25,1074910.0,1098397.75,1070034.375,1133850.0,1223642.5,1194294.625,1172338.375,1400360.375,1506404.125,1402010.125,1321313.875,1214953.375,1444246.75,1188345.75,1278112.375,1375860.75,1502908.625,1428797.625,1406791.125,1583621.5,1488341.625,1094170.625,1114339.5,1200229.375,1378212.875,1257276.375,1370836.375,1049762.25,992416.1875,1480866.875,1314262.75,1273196.625,1451021.625,893161.375,1029041.9375,1112488.0,1066319.875,1065608.25,1191047.25,1330682.125,1354910.75,1137921.625,1160064.0,1185811.75,1272201.0,1074174.25,965292.5625,1190688.125,1153894.75,1183592.25,1331085.125,1139131.5,1226903.375,874417.0,898875.4375,1175164.375,1084166.625,1557427.5,1515344.375,1187094.5,1321365.75,1114124.75,1139203.5,1157227.75,1153032.0,1394802.0,1369744.75,1053139.75,1039544.25,1129531.625,982662.9375,1508157.625,1541739.875,1416424.25,1497064.25,1371247.5,1423189.75,1338034.75,1517729.375,1454048.625,1562353.875,1495484.875,1538502.25,1657410.875,1537219.875,1594709.25,1646105.125,1234937.5,1323154.5,1538286.5,1583197.75,1343944.375,1496962.375,1182882.875,1294702.0,1306193.125,1369540.25,1220650.0,1302862.125,1622753.25,1630089.875,1617645.875,1596507.625,1550496.75,1567868.5,1653025.125,1704325.625,1219356.25,1318126.625,1162332.375,1272176.875,1315014.625,1417965.375,1564784.25,1529232.5,1280318.375,1380215.125,1322182.0,1422037.625,1223318.875,1370549.25,1486465.25,1540722.875,1237000.25,1308199.375,1204469.125,1265966.75,1711941.375,1693135.0,1370746.25,1351820.625,1363865.75,1394212.875,1410062.5,1441606.625,1564923.125,1674221.75,1600107.875,1541979.375,1312794.75,1273223.25,1581841.875,1438813.125,1583372.625,1602187.25,1375003.625,1483457.125,1685965.875,1604363.875,1625058.5,1658010.875,1296179.125,1320745.75,1260623.125,1285868.5,1023816.25,1141843.125,1163899.125,1267146.0,1333619.625,1423254.0,1579361.5,1607408.25,931453.6875,901726.8125,1117148.875,1074846.75,1158642.375,1094136.625,1388212.125,1387492.625,1504872.875,1308093.625,1199493.625,1178364.5,1250695.75,1259581.375,1206727.625,1194617.75,1650504.75,1489670.625,1218746.375,1235293.0,1625143.375,1671068.625,1286788.5,1341430.0,1474994.0,1373309.0,1808072.75,1569418.25,1730649.625,1729504.125,1692460.875,1828977.75,2094146.75,1928613.625,1416573.25,1603879.625
93,1541299.0,1453891.0,1241600.875,1338949.5,1118485.375,1099406.875,1473373.75,1279341.75,1463870.625,1360631.375,1528222.375,1410144.875,1319017.875,1221664.125,1228442.875,1342007.625,1337625.375,1404996.375,1101260.75,1222583.375,1207975.875,1257053.375,1389027.625,1252067.5,1412547.375,1371176.5,1037741.8125,1107951.5,1415515.875,1503644.375,1241500.75,1332284.25,1233765.625,1196667.5,1075377.375,1029574.0625,1182367.75,1327386.375,1195264.875,1527267.25,1265668.375,1242132.125,1058609.375,1088020.5,933444.9375,937478.25,1055380.875,1071152.125,1099727.375,1072322.75,1129954.75,1220109.25,1194952.625,1172031.375,1399394.0,1508659.625,1402630.25,1323406.375,1209224.375,1440684.5,1187766.625,1278473.875,1377122.375,1502990.625,1426274.0,1403883.125,1581116.25,1488301.5,1086435.875,1110123.5,1200776.5,1378694.25,1258791.5,1371689.875,1050003.75,991830.5,1478206.5,1311202.5,1273317.125,1451987.0,892775.625,1028356.6875,1110492.875,1063845.875,1067603.0,1191979.5,1330532.0,1355140.75,1139610.375,1160164.75,1187219.875,1271226.75,1075711.0,964653.0625,1192123.875,1154191.375,1184427.125,1328977.0,1139291.75,1226262.125,875878.1875,898779.5,1175471.125,1083612.75,1555693.875,1515420.125,1187354.75,1320622.0,1115323.375,1139968.375,1155954.375,1152029.875,1394991.125,1368964.5,1048901.875,1037339.0625,1127580.125,981065.3125,1503987.875,1538217.75,1417050.0,1497563.125,1371586.25,1425490.25,1336069.375,1513091.875,1455186.75,1562506.0,1497389.5,1538549.5,1653967.375,1533319.75,1593256.875,1642799.875,1236757.75,1324507.875,1539426.0,1582660.625,1344616.75,1496852.75,1183736.875,1293995.5,1307495.125,1368445.625,1221554.75,1303084.875,1622926.0,1632822.5,1617416.625,1597598.0,1553364.875,1569384.125,1654770.0,1706180.125,1218091.125,1318584.5,1164121.0,1272412.0,1314571.5,1418831.0,1560141.0,1525026.25,1280106.125,1381673.75,1322379.125,1421764.625,1222833.625,1369963.875,1486374.75,1543378.625,1235373.0,1309763.375,1203629.25,1266796.375,1714067.25,1694447.0,1372025.875,1351860.125,1365379.75,1396165.75,1409828.125,1442518.25,1565182.0,1676495.875,1602979.25,1543020.5,1312013.75,1272196.5,1581021.875,1438317.0,1582129.75,1600867.875,1376517.5,1483838.75,1683453.75,1603017.75,1626562.875,1659707.5,1299508.875,1322207.25,1262711.625,1285886.0,1027089.125,1145843.5,1166127.75,1270084.25,1334398.75,1426370.125,1581022.375,1607334.625,930172.75,900833.8125,1116988.125,1074797.5,1158977.25,1093835.0,1387513.625,1388139.125,1504277.5,1309194.875,1199609.625,1179707.625,1251497.875,1260505.375,1207281.25,1193886.125,1649797.75,1488306.625,1218917.625,1236112.0,1628720.625,1674546.125,1286074.125,1341561.125,1476251.25,1374835.125,1807221.125,1568518.75,1734105.875,1728884.125,1692072.75,1829998.875,2092772.375,1928748.375,1417306.625,1609274.0
94,1542326.375,1456096.75,1244042.375,1340623.125,1119178.875,1101054.875,1475653.125,1279533.0,1464826.5,1365078.75,1529349.75,1410789.875,1313578.5,1217476.375,1229302.875,1342601.25,1339182.75,1404367.375,1097038.125,1221475.0,1207382.0,1254652.5,1392932.875,1253393.0,1415278.125,1371959.0,1031523.125,1106202.25,1415732.375,1500610.0,1240922.25,1327060.625,1232450.0,1194641.125,1074435.0,1027807.25,1181038.625,1325947.25,1192308.375,1526668.875,1257559.875,1238534.625,1056998.125,1089904.625,931791.75,936479.3125,1049155.25,1070041.625,1098002.5,1072322.375,1125801.125,1221238.625,1196217.0,1170909.5,1402357.125,1508223.25,1406128.25,1321130.125,1211418.0,1444105.125,1186360.625,1276749.75,1375576.75,1502218.0,1429857.25,1405173.25,1583589.5,1491012.625,1085304.125,1107892.0,1200098.375,1380578.875,1257798.625,1369777.875,1050562.875,992978.9375,1475599.875,1310700.0,1272875.5,1450576.0,892256.1875,1027733.8125,1110418.125,1065813.875,1066912.125,1196675.875,1329515.25,1356697.375,1134815.625,1160208.125,1187076.25,1274158.375,1075678.375,962832.625,1188976.75,1154321.625,1183246.625,1330859.625,1136578.625,1227076.5,873257.4375,899289.25,1173844.25,1084980.25,1552346.25,1515348.0,1185765.5,1321153.75,1115660.875,1139654.5,1150599.125,1147058.75,1390859.125,1367152.0,1041904.375,1038245.1875,1122973.75,984135.75,1498616.0,1537452.75,1416768.375,1499510.75,1370235.5,1430295.5,1341246.375,1518984.875,1458670.0,1563289.125,1503508.25,1540260.875,1661126.875,1535795.0,1598816.75,1648187.875,1238863.625,1327199.75,1546014.5,1585686.875,1348044.125,1497006.75,1188091.875,1295704.75,1307009.5,1368146.625,1221607.0,1303560.875,1626497.25,1641962.5,1618321.875,1604190.0,1553311.875,1569514.125,1656010.5,1707834.375,1221114.0,1316107.125,1163268.625,1270080.5,1318766.75,1419213.0,1566373.125,1527015.25,1279749.625,1379662.25,1322987.5,1421510.125,1222485.75,1368118.875,1487226.625,1540064.375,1234667.875,1307429.375,1202796.625,1264697.5,1714797.0,1695976.875,1373282.125,1351133.5,1367060.625,1397362.875,1407806.5,1443760.625,1567216.625,1678597.375,1605940.875,1544009.5,1305822.125,1268010.0,1575801.125,1437994.375,1578711.0,1596781.0,1373789.625,1485126.625,1682407.375,1600400.75,1621934.5,1657256.625,1297818.0,1322992.875,1260637.75,1286597.875,1025360.25,1149078.125,1165106.875,1271756.25,1334042.625,1429876.625,1581795.5,1607063.875,927678.375,900383.625,1117781.875,1074655.75,1157707.625,1093571.75,1386411.125,1389137.375,1504346.25,1308744.375,1200658.0,1180073.25,1246023.75,1257663.375,1207227.875,1194642.125,1646263.375,1484313.625,1219022.0,1236217.25,1638912.875,1684217.25,1287912.625,1344570.0,1477810.75,1378474.0,1808199.625,1571261.875,1739862.0,1729788.0,1696206.625,1835933.125,2090199.25,1927313.0,1421002.25,1618526.375
95,1542299.5,1455794.5,1244285.875,1342707.625,1119175.5,1103126.625,1473552.25,1278069.25,1462402.625,1367793.75,1529435.625,1410518.625,1312659.625,1216587.5,1229596.875,1343724.375,1340046.25,1404384.375,1092432.125,1219386.0,1205429.25,1250500.75,1394172.625,1253786.875,1415351.75,1372230.375,1030349.8125,1111433.125,1414667.25,1500909.0,1240206.0,1318862.375,1232810.875,1190011.125,1069994.125,1025526.5,1181100.125,1325275.125,1189594.375,1525613.0,1254566.875,1236417.5,1061319.125,1103280.5,932437.3125,937134.875,1050355.5,1073881.875,1096265.875,1070071.875,1126062.625,1225946.125,1196032.875,1170407.0,1403884.75,1505838.75,1406332.0,1317698.625,1217021.375,1448968.25,1185304.5,1275140.375,1374236.5,1501989.5,1432920.5,1407797.125,1586717.875,1491810.5,1092636.125,1110020.875,1198848.625,1379811.5,1255007.75,1367715.0,1050096.75,993405.75,1477266.25,1315629.625,1271943.25,1448648.5,892790.0,1028018.5,1111654.625,1069404.875,1064617.375,1198431.25,1328750.625,1356128.0,1131916.75,1161122.625,1185128.125,1278355.75,1074208.0,962557.375,1185816.625,1154483.625,1181549.5,1336277.0,1135920.0,1230856.625,871021.25,901177.75,1173311.375,1086489.25,1553601.625,1515188.375,1184937.75,1322497.625,1114279.5,1138446.375,1150890.875,1146231.375,1390439.0,1368489.75,1043695.375,1040027.75,1122945.75,987152.875,1503051.125,1543038.75,1415945.375,1500093.25,1369292.125,1430020.125,1345130.375,1525415.625,1457162.5,1562610.25,1503587.875,1540580.375,1667437.625,1540052.0,1601983.0,1653791.125,1237451.25,1327002.5,1548120.5,1588573.0,1347366.25,1496292.625,1188855.625,1297040.375,1305888.5,1370476.625,1220099.0,1303192.25,1626469.5,1643333.125,1618376.25,1605358.375,1550222.125,1568108.25,1654389.0,1706303.25,1222094.75,1313352.625,1160427.5,1267320.125,1319441.0,1417612.125,1574011.75,1530707.75,1279857.625,1377469.125,1322846.125,1421520.625,1223099.125,1368274.25,1486675.25,1535541.0,1236597.375,1304477.625,1203737.875,1262354.75,1713833.75,1696550.25,1374332.0,1351128.5,1365810.875,1395844.5,1407513.5,1443880.75,1567076.375,1676510.25,1602846.125,1541933.875,1304006.875,1266277.5,1574350.25,1439560.25,1576973.25,1594581.625,1370411.875,1482916.5,1684916.625,1599941.5,1617007.125,1654768.375,1292923.375,1321391.5,1256556.375,1286434.0,1021705.75,1146901.625,1162080.0,1270102.0,1331259.5,1426578.25,1579450.75,1605910.125,928469.8125,901214.1875,1119043.875,1075222.375,1157147.5,1093574.125,1387231.75,1390183.25,1505019.875,1307724.25,1201426.75,1179712.125,1243575.0,1256328.625,1207359.25,1196154.125,1647001.0,1486184.75,1219159.75,1235652.625,1641323.875,1686287.625,1290425.875,1347208.625,1477589.375,1377773.375,1810906.25,1576056.125,1738323.625,1731376.25,1698456.625,1837225.75,2090837.5,1926991.625,1423783.125,1616845.375
96,1541765.625,1453352.5,1242119.5,1342362.0,1121568.625,1104059.125,1473492.75,1277577.875,1461571.625,1365320.625,1526734.5,1407990.125,1318653.75,1221036.375,1229392.25,1343450.25,1337491.875,1402181.5,1101908.125,1223909.375,1208630.25,1256080.5,1391990.625,1252667.5,1415647.5,1370805.125,1039730.875,1115644.625,1411967.875,1497578.5,1241095.625,1325091.75,1231043.375,1192951.75,1074159.75,1028956.5625,1182924.375,1325098.5,1189563.75,1525052.25,1264108.125,1240476.875,1060682.0,1097106.0,934333.625,938072.75,1055795.125,1075206.25,1096621.0,1068831.125,1130209.0,1222672.625,1195516.75,1170606.625,1403921.125,1505062.5,1406491.125,1318275.5,1213690.625,1446822.625,1187111.625,1275573.25,1373145.875,1498518.875,1429442.5,1407696.0,1587057.75,1491449.625,1092194.875,1110996.875,1200090.125,1378452.125,1255910.25,1368828.875,1051068.625,993922.625,1479476.75,1317086.375,1272802.875,1449985.375,893314.875,1029061.75,1110072.125,1067985.375,1064555.5,1195788.5,1329992.25,1355057.75,1134722.5,1164747.75,1184471.875,1277919.875,1073845.25,964215.25,1187632.375,1156103.25,1182041.75,1337581.75,1136636.625,1231768.125,871330.625,903822.8125,1174350.0,1087142.5,1556236.75,1515010.5,1185199.625,1323135.0,1114244.125,1138241.375,1155076.75,1151325.125,1393542.375,1368908.125,1050048.125,1038184.75,1126760.375,983654.6875,1506033.0,1542841.5,1417682.0,1502065.0,1370482.125,1427388.125,1338456.75,1519355.625,1450447.625,1559540.875,1500725.125,1538882.25,1661913.75,1537309.625,1598062.625,1651879.125,1234854.625,1326550.875,1542785.875,1586163.375,1347038.25,1495040.0,1187244.75,1295417.25,1304035.375,1370448.0,1220662.25,1303168.875,1618216.0,1632546.875,1615646.25,1601294.625,1547608.625,1565625.5,1652615.5,1704149.25,1221378.5,1314516.25,1161984.5,1269089.625,1318962.0,1416681.125,1569394.75,1527156.25,1280333.625,1377788.0,1322296.75,1421293.375,1225016.25,1368554.75,1487504.75,1537009.5,1238714.375,1305414.375,1205597.625,1262412.75,1711747.75,1695207.5,1374273.0,1352076.875,1364937.375,1394124.125,1407574.0,1441487.125,1565853.25,1673296.375,1600630.625,1540987.75,1311112.5,1270089.5,1576144.625,1439356.75,1579723.125,1597464.625,1373140.0,1481872.875,1685380.5,1600558.0,1618374.25,1655839.5,1293537.25,1321768.375,1257345.125,1288369.125,1025176.8125,1145983.875,1163221.375,1270502.375,1331164.125,1422078.625,1577173.125,1605850.625,930189.875,900858.6875,1118077.125,1074823.375,1157693.25,1092644.625,1387687.875,1388721.375,1506141.5,1306739.75,1200071.375,1178238.875,1246137.125,1257805.375,1206238.375,1195293.125,1649940.75,1489983.0,1218680.25,1234922.75,1632008.625,1678166.75,1288270.0,1343419.0,1475629.375,1372995.625,1810129.125,1572841.625,1732718.75,1730042.75,1694200.875,1831517.375,2092911.25,1927405.0,1419507.875,1608123.375
97,1540496.375,1451686.5,1241051.5,1341114.625,1123161.5,1103560.375,1475146.5,1277106.25,1461825.5,1363087.375,1524065.125,1406176.0,1322612.25,1223643.875,1228146.125,1341832.875,1334531.0,1399865.25,1110065.0,1227778.0,1211685.5,1261083.875,1390583.5,1252022.875,1415773.0,1369412.125,1050290.5,1117189.25,1411457.125,1494902.875,1242173.625,1333180.75,1228835.875,1197021.375,1081982.375,1031534.6875,1183949.875,1324382.625,1189740.375,1522838.375,1270936.25,1244372.25,1059420.75,1085898.125,935807.0625,938486.4375,1057010.5,1073572.125,1096605.5,1069088.0,1133565.75,1216568.5,1194502.875,1170306.75,1403601.625,1504788.125,1407373.625,1319370.125,1207936.25,1443289.75,1189251.875,1275706.875,1371402.5,1495089.375,1426861.125,1406723.5,1586124.375,1491129.375,1085998.25,1109593.25,1201376.25,1378338.625,1258280.75,1368776.125,1051170.25,993074.0625,1478367.75,1311630.625,1273516.5,1449869.125,892414.4375,1028638.375,1109162.0,1064119.875,1065999.375,1193838.375,1330042.875,1353657.5,1135937.125,1165064.25,1185858.0,1274136.0,1075130.125,963804.125,1190833.125,1156343.375,1183575.5,1332876.0,1136359.5,1227800.375,872624.3125,903137.75,1174275.625,1086329.125,1555989.5,1515364.375,1185284.125,1322434.25,1115491.375,1138644.5,1154839.0,1152806.875,1393335.75,1366600.25,1049951.25,1036641.8125,1127292.625,979238.875,1501369.875,1536118.375,1418460.125,1501767.25,1370827.5,1426349.0,1332580.625,1514066.75,1449970.75,1559015.125,1499935.5,1538198.875,1655218.75,1533470.0,1594887.375,1649223.125,1235610.0,1328513.0,1538331.5,1584144.75,1348005.625,1494311.375,1185391.5,1293224.5,1302136.5,1368168.125,1222179.75,1303501.625,1616070.625,1629868.625,1615340.0,1601797.0,1547979.125,1564816.25,1653904.625,1704983.375,1220911.375,1316273.125,1164483.5,1271747.625,1319322.375,1416825.125,1562026.25,1522928.625,1280840.125,1378565.875,1321608.625,1419612.5,1225820.875,1366959.5,1488713.125,1538239.5,1239061.0,1307595.25,1205491.375,1263515.375,1710900.0,1693834.125,1371937.125,1351697.125,1365198.0,1392881.375,1407430.125,1440384.0,1563959.375,1672437.625,1601249.75,1541442.5,1315061.0,1272501.75,1576965.5,1439334.625,1583573.0,1601449.625,1378484.5,1485801.0,1683558.5,1600563.125,1621785.625,1657493.625,1297899.875,1325172.5,1261043.875,1290540.0,1031611.6875,1150369.125,1167963.0,1273990.375,1334572.125,1424140.25,1578656.75,1608243.375,929001.625,899183.9375,1115953.875,1072898.375,1157627.375,1092068.125,1386699.5,1386360.75,1505437.5,1305348.375,1198281.625,1176837.375,1245700.375,1256759.875,1204524.125,1192596.875,1651178.875,1489488.125,1217387.25,1234044.75,1624893.125,1673849.625,1284498.375,1337992.375,1474256.375,1370987.25,1806950.25,1566907.625,1732054.125,1727886.125,1691654.25,1829778.5,2093242.375,1928395.375,1413989.5,1605724.375
98,1538860.0,1451382.625,1240374.5,1340244.75,1122561.5,1103382.0,1472407.125,1275385.125,1460559.625,1360513.625,1523062.625,1406139.0,1324969.75,1224674.625,1227033.625,1340128.5,1334248.875,1399935.0,1113484.875,1229272.875,1212235.25,1264039.875,1390016.125,1253733.5,1413999.25,1369302.875,1058920.25,1124104.0,1411928.75,1496299.75,1242095.875,1336619.75,1226701.625,1198559.875,1089364.625,1033443.8125,1182331.375,1323172.0,1188221.0,1519256.5,1272771.625,1245789.625,1062570.75,1085756.875,937823.6875,940404.375,1058229.75,1075550.875,1096334.875,1070423.875,1137815.5,1213998.5,1191325.625,1168629.125,1400836.875,1502826.125,1406698.0,1319010.0,1206619.0,1442797.75,1189842.875,1273814.375,1368723.125,1493487.125,1426698.5,1405577.375,1584038.25,1489204.125,1084053.5,1108504.875,1200394.125,1377281.125,1258485.125,1367429.375,1048129.5625,990466.9375,1476608.125,1306019.25,1272813.375,1447683.125,890446.4375,1027310.9375,1110348.5,1060743.875,1065853.375,1192684.125,1328465.75,1351200.125,1137512.75,1162114.5,1186632.875,1270638.25,1077176.25,961753.5625,1192921.5,1153472.5,1182904.5,1328368.625,1136018.0,1224735.375,874518.3125,900561.875,1174140.5,1085021.625,1556679.0,1516209.5,1186108.625,1321596.125,1115370.5,1138608.125,1154489.125,1150210.125,1392302.75,1365251.125,1046674.375,1038494.25,1125446.375,980374.5625,1499453.0,1535503.375,1416321.375,1498482.75,1369285.5,1423971.5,1332567.375,1514913.875,1453192.625,1561154.375,1497577.125,1537600.375,1651513.625,1532036.0,1593282.125,1645994.75,1237367.375,1329418.5,1535951.375,1584107.25,1345710.75,1493322.625,1181639.75,1291500.75,1302129.625,1366786.0,1221960.125,1302942.625,1620898.125,1635016.875,1616487.25,1602903.125,1548342.0,1563946.375,1654458.375,1704512.25,1218260.875,1315263.75,1163962.25,1270768.625,1316598.125,1415700.25,1559234.75,1522050.5,1280671.5,1378380.0,1320709.875,1418816.125,1224933.875,1365665.25,1487853.75,1536569.875,1239065.375,1308145.75,1203868.0,1263910.375,1710914.0,1692848.0,1368507.0,1350458.25,1364121.125,1390654.0,1408060.375,1441714.375,1559374.75,1670848.75,1599800.625,1539542.875,1314189.0,1271183.875,1577084.5,1444567.75,1583253.875,1601859.5,1381488.875,1490722.25,1682722.875,1599342.375,1620801.5,1656153.0,1299931.125,1328156.375,1262124.5,1289984.5,1036257.0625,1155377.5,1172504.0,1276972.625,1337096.125,1428723.625,1579971.25,1610031.125,927018.875,898003.3125,1115371.625,1071600.0,1157101.375,1092703.25,1386875.0,1386773.625,1504286.75,1305101.0,1198554.125,1176605.25,1243185.0,1255039.875,1203842.75,1192220.125,1653316.875,1489005.625,1216789.25,1233997.5,1626460.375,1676163.625,1284303.75,1336983.375,1474548.0,1371631.875,1807484.125,1568213.125,1733744.625,1727554.75,1694227.25,1833177.125,2093486.375,1930697.25,1413921.5,1606530.0
99,1537757.625,1450627.375,1237593.25,1337763.25,1121800.375,1102597.25,1468047.125,1274740.875,1459938.5,1356744.625,1522373.125,1405881.875,1329454.375,1227352.75,1226791.5,1338983.5,1334952.75,1400668.0,1121084.875,1233660.125,1214933.375,1270796.75,1387868.875,1255186.125,1412636.375,1369473.375,1069050.25,1132106.5,1409722.5,1495111.875,1241896.75,1341986.625,1223442.375,1201379.625,1098181.625,1038593.3125,1180288.25,1322802.5,1187296.875,1518023.25,1278524.75,1248701.875,1063835.75,1083849.625,940540.6875,942549.5625,1063317.5,1079806.0,1098430.0,1072741.625,1143768.75,1212328.625,1189186.625,1167914.25,1397160.5,1502457.625,1405687.625,1320862.625,1204783.0,1442055.125,1190646.625,1272745.875,1366364.0,1492099.5,1425066.125,1404275.25,1582002.0,1488026.125,1083460.75,1107286.125,1200293.875,1377232.375,1258323.75,1369792.875,1047377.0625,990457.8125,1476555.625,1303509.625,1273011.375,1449121.5,890013.8125,1027123.1875,1110571.25,1057489.5,1065211.75,1190682.625,1329600.125,1350752.125,1143713.125,1162567.75,1187144.125,1268176.25,1079281.375,962356.5625,1195151.75,1151104.875,1182034.875,1328031.75,1137128.5,1224169.375,877257.25,900157.875,1175856.75,1084993.625,1558691.0,1516747.5,1187913.25,1321693.5,1114799.75,1138766.5,1158434.75,1150046.875,1393492.25,1365725.625,1046517.8125,1038628.3125,1125612.25,982576.1875,1501373.75,1538185.0,1416501.25,1499109.75,1369317.75,1421446.625,1332577.125,1514086.5,1451654.25,1562294.0,1494861.875,1536554.875,1648118.75,1531546.5,1590634.25,1639192.625,1236697.875,1327279.375,1533995.5,1581234.375,1343346.75,1493516.75,1179562.375,1291270.125,1304240.0,1365417.75,1222140.25,1302756.75,1618639.125,1629268.625,1613503.5,1597843.125,1547393.125,1561973.25,1651942.125,1700997.375,1215395.125,1315497.75,1164081.75,1269746.875,1312930.375,1415297.125,1557291.5,1521596.375,1279659.75,1378994.625,1321253.75,1421482.625,1224421.5,1366683.5,1487033.125,1538928.625,1238739.875,1308784.25,1203482.625,1264237.375,1709987.75,1690984.25,1366821.0,1350555.75,1363394.875,1389929.375,1408173.625,1441490.875,1557013.5,1669513.5,1598994.875,1538849.125,1315646.125,1271546.0,1578263.0,1447029.875,1580918.875,1600611.5,1382055.125,1492150.375,1682000.0,1598760.25,1619650.625,1654108.0,1300179.375,1327743.75,1262023.125,1289265.625,1038212.375,1153500.75,1172884.5,1274962.5,1337457.875,1428940.5,1577841.0,1608845.25,927345.875,897851.3125,1115902.25,1071967.875,1157058.625,1092640.625,1387428.625,1388137.875,1506925.125,1308082.25,1200125.75,1176792.5,1246206.875,1258367.625,1204452.0,1195006.375,1654236.25,1490656.0,1218050.75,1235495.625,1629718.0,1676239.625,1286363.625,1338179.75,1475555.125,1372345.0,1809911.0,1570500.5,1733742.375,1727306.875,1694569.75,1832684.25,2094830.0,1931608.0,1415841.875,1605499.75
100,1537634.625,1449512.0,1237423.625,1336880.0,1120784.625,1100141.125,1467353.875,1274207.875,1461238.625,1357952.75,1523551.25,1406726.625,1329451.875,1228148.75,1226834.875,1338972.0,1336222.875,1401405.625,1118456.75,1232034.25,1214090.0,1267284.625,1387779.875,1252755.625,1412731.625,1368345.875,1067445.0,1126304.5,1409525.125,1493451.75,1241353.125,1339356.375,1224477.625,1200269.25,1096122.75,1036943.6875,1181470.375,1323739.625,1189461.75,1519741.875,1279543.375,1249767.375,1061835.875,1082456.5,940091.6875,940663.6875,1063615.25,1077456.875,1100354.625,1073310.875,1142519.625,1212363.0,1191890.0,1169428.125,1397499.75,1503606.375,1405192.5,1321950.25,1204176.0,1441394.625,1190907.5,1274130.75,1368181.75,1493479.0,1425870.875,1404806.875,1582682.25,1489458.0,1084377.75,1107362.375,1201687.0,1379213.5,1258274.25,1371801.875,1050238.625,992801.0625,1475636.5,1304508.375,1273459.875,1451469.125,892692.1875,1027998.8125,1110932.5,1060524.25,1065867.75,1191622.375,1331947.25,1353453.5,1143619.125,1164813.875,1188284.875,1268094.0,1079604.125,965783.5625,1194534.375,1153263.625,1183425.125,1329721.625,1138925.5,1224469.75,877866.125,901149.875,1176645.25,1086062.375,1557340.375,1516693.5,1187935.375,1322282.0,1115613.875,1139225.25,1159069.0,1151105.875,1393613.625,1366568.875,1047210.625,1036705.75,1126309.875,981959.75,1501038.75,1536884.625,1418820.75,1502517.75,1370890.375,1423094.5,1335103.75,1514030.25,1451055.375,1561830.375,1496486.0,1537518.75,1651793.5,1534135.625,1591523.0,1637344.0,1236498.625,1325458.625,1536728.5,1579447.375,1344773.125,1495145.25,1182855.875,1292311.0,1307536.125,1364882.75,1223038.25,1303251.75,1614992.75,1622310.125,1611565.625,1595387.5,1549892.0,1564244.125,1651843.125,1701644.125,1217690.625,1317108.0,1165106.375,1270686.5,1314229.375,1417450.0,1558916.5,1522984.25,1279172.0,1379328.25,1322465.625,1422738.375,1223904.5,1367057.75,1486832.875,1541630.75,1237249.125,1308576.875,1204112.5,1264383.625,1711043.0,1691571.625,1368331.0,1351270.0,1364275.5,1392338.625,1409023.875,1441504.5,1561292.125,1672515.25,1600550.375,1541358.5,1315749.125,1273437.625,1579923.375,1442387.625,1582766.5,1602072.0,1380588.625,1492112.875,1682622.75,1601613.875,1624239.75,1656111.75,1299132.0,1323794.875,1262099.625,1289377.875,1034005.875,1146620.625,1167792.375,1269315.875,1337485.125,1427511.0,1576993.125,1606094.875,928596.3125,898316.6875,1116154.0,1072801.25,1156936.0,1091985.5,1386610.375,1387764.5,1509801.375,1311146.875,1200744.0,1176504.875,1250168.75,1261929.75,1205490.75,1196464.75,1650013.5,1489870.375,1219220.125,1235713.875,1630855.875,1674719.5,1287547.375,1337931.0,1475774.125,1373361.5,1809062.25,1568070.375,1734256.375,1726779.75,1692330.375,1829379.75,2094337.25,1928550.375,1416155.5,1606479.75
101,1538945.5,1450391.625,1243438.375,1341449.625,1119953.75,1099284.375,1469351.25,1272061.625,1462228.0,1362553.25,1526665.75,1408481.25,1324089.375,1225944.75,1228400.5,1340969.0,1338767.25,1402422.0,1103121.625,1222152.875,1207465.5,1252687.125,1392226.125,1249166.5,1413104.375,1366761.125,1051329.25,1112394.25,1413605.25,1495809.625,1239742.375,1326452.5,1229961.25,1193216.25,1080005.875,1027026.8125,1183979.75,1324354.375,1191737.75,1520380.5,1271922.0,1246449.625,1061343.0,1088664.125,936005.625,936313.75,1057937.5,1070537.125,1098339.75,1070121.5,1132668.25,1215083.75,1195780.0,1170493.875,1401246.0,1502634.75,1405404.75,1319462.25,1209194.875,1442879.125,1189090.375,1275839.875,1373186.875,1497087.75,1429017.625,1406352.75,1584377.625,1490008.375,1091932.5,1112850.5,1202111.375,1380575.625,1258302.125,1369953.0,1051910.25,994233.0625,1476482.125,1309253.625,1273745.75,1451655.375,896298.6875,1029550.9375,1112370.625,1069346.5,1066356.875,1195473.625,1332693.25,1357441.5,1136159.25,1165299.25,1187632.5,1269642.875,1077776.0,968484.6875,1190883.5,1158120.125,1184170.5,1331508.125,1139106.5,1225795.875,874561.5,900798.3125,1175550.375,1086885.625,1555836.125,1516016.75,1186294.0,1322427.5,1116290.75,1139259.5,1155339.625,1151354.25,1392882.0,1367295.5,1048750.5,1038237.75,1127277.375,983560.0,1500631.0,1540258.0,1418961.5,1505584.625,1371121.5,1427284.375,1338157.0,1514393.25,1452395.625,1558707.375,1499155.375,1538808.75,1658708.125,1536346.25,1594458.125,1641777.5,1237437.125,1325738.375,1541359.75,1581169.625,1346503.5,1494736.875,1186221.25,1291097.875,1310428.5,1366416.25,1221727.75,1302598.25,1619472.625,1627125.0,1614263.75,1598907.625,1554740.5,1569598.875,1655172.125,1706181.75,1222584.75,1316623.0,1164537.625,1272067.125,1318246.5,1418919.5,1562647.625,1524934.25,1279853.5,1378233.375,1322581.25,1420455.875,1223098.25,1365921.0,1488995.25,1539693.25,1236702.875,1306231.5,1203922.875,1263615.5,1713686.0,1694537.375,1369788.5,1351495.75,1364162.875,1393487.75,1412578.625,1445112.375,1566033.25,1674644.625,1600843.375,1542106.25,1313202.75,1273349.0,1579200.25,1440490.375,1585879.375,1605005.875,1377298.5,1492869.375,1686663.0,1606204.75,1630006.625,1661536.0,1295406.75,1319427.75,1260923.25,1288699.375,1025742.8125,1142626.25,1162655.25,1266736.125,1336265.5,1427462.0,1578458.125,1602680.5,929537.25,899780.1875,1116895.25,1074358.0,1156900.5,1092559.0,1386514.5,1387092.375,1508890.875,1309529.125,1200067.5,1176201.0,1248223.0,1259466.0,1205964.5,1195101.875,1646100.625,1487931.125,1218944.0,1234462.125,1629580.75,1673160.375,1286749.375,1337371.875,1474363.875,1373115.25,1807019.25,1567146.125,1732236.0,1728241.125,1692314.75,1829166.875,2091052.75,1924978.75,1415672.125,1605735.5
102,1541025.5,1451999.75,1249164.125,1345793.25,1120087.0,1100999.5,1471703.75,1270813.625,1461811.5,1364107.875,1529332.125,1409881.0,1319075.75,1223230.75,1231102.0,1342908.125,1341344.0,1403650.625,1091972.5,1215243.375,1202826.625,1243923.0,1396169.25,1248966.75,1414000.5,1366952.125,1034025.6875,1106728.75,1417655.75,1499894.25,1239429.875,1317181.0,1234711.125,1187586.625,1065635.5,1021064.0,1183715.625,1324537.75,1191739.875,1520577.75,1263786.375,1241708.5,1063820.25,1097950.125,933014.6875,935252.625,1055944.75,1072418.625,1096200.875,1067184.875,1124281.375,1220271.75,1196650.0,1171076.5,1404025.375,1501452.125,1406313.25,1318162.5,1214182.75,1445130.25,1187540.625,1277378.25,1376165.5,1500412.25,1430541.875,1407912.75,1584477.25,1489434.875,1099100.625,1117356.625,1201871.0,1381500.375,1259643.0,1369987.625,1053091.625,995312.5625,1481069.875,1313198.625,1275197.375,1452798.5,898238.1875,1031719.9375,1112792.5,1072692.75,1067667.5,1197345.25,1333975.5,1361030.5,1132531.75,1163322.875,1186109.5,1270503.125,1074542.625,967913.6875,1188854.875,1160786.875,1184353.25,1332948.25,1138906.625,1227544.125,871838.625,899187.625,1174622.0,1085773.5,1556503.125,1515417.75,1185712.0,1321733.125,1115396.125,1139198.375,1153933.375,1152121.75,1393720.375,1367713.75,1051354.125,1040603.8125,1129081.75,986481.4375,1502802.375,1544739.5,1418844.125,1506327.75,1371325.25,1430166.5,1336780.0,1511860.875,1451163.75,1556093.0,1499641.75,1538612.25,1659919.125,1535729.25,1595133.125,1643837.25,1237471.0,1327041.75,1541879.125,1581814.125,1347403.875,1493897.5,1186334.25,1289467.75,1312269.625,1368441.875,1220416.875,1302155.25,1623231.0,1630805.125,1616411.625,1601180.5,1556248.375,1571656.25,1657828.875,1708798.0,1225338.125,1316686.0,1165486.5,1274349.0,1321466.75,1419578.25,1564130.875,1525949.0,1281048.125,1379476.0,1322151.625,1419066.25,1222840.75,1366227.25,1492394.75,1539460.5,1238490.375,1305659.625,1203312.0,1262950.75,1714061.125,1695147.0,1368431.0,1351419.5,1363473.75,1392917.125,1414877.625,1447681.125,1566307.875,1672535.875,1602257.875,1542949.875,1311248.125,1271352.75,1575499.5,1440762.5,1585074.5,1606041.625,1373805.125,1490889.625,1688961.75,1608325.125,1632098.875,1665130.125,1292327.125,1318286.875,1261054.75,1288684.75,1020772.6875,1141822.5,1161178.25,1267433.75,1333385.625,1425725.625,1578545.5,1600718.375,929807.625,900917.0,1117749.375,1075326.375,1157953.875,1093329.625,1387789.25,1386771.5,1507267.375,1306085.875,1199327.625,1176822.125,1246736.0,1256408.625,1206240.375,1193586.25,1648242.25,1488109.625,1218565.75,1234764.625,1625496.375,1669097.25,1284347.25,1338154.25,1472498.75,1371505.0,1806913.625,1567740.125,1727597.0,1729841.375,1691377.75,1829814.5,2089526.75,1926174.5,1414852.875,1601586.25
103,1541477.625,1451414.125,1248243.875,1343468.5,1118782.5,1099761.25,1473354.625,1271333.125,1461332.125,1365021.375,1530596.375,1411732.0,1314796.25,1219656.0,1230182.875,1340639.875,1342034.0,1404710.5,1086857.75,1212024.875,1200347.125,1241541.125,1394695.25,1248184.125,1415306.625,1367203.75,1024052.4375,1108329.25,1419318.0,1502115.5,1240734.875,1315305.0,1237644.125,1186467.875,1063405.625,1021672.9375,1181836.75,1324902.0,1191868.625,1522923.875,1257434.5,1238132.75,1065969.875,1106530.75,932805.0,937527.125,1056690.75,1079798.625,1097247.875,1068712.25,1122177.0,1226223.75,1196832.75,1172640.0,1405590.875,1502408.375,1406958.375,1319177.625,1214780.375,1446241.125,1187523.875,1278808.25,1377216.25,1503552.0,1432975.125,1410062.75,1584578.625,1490623.75,1097920.25,1114720.5,1201814.75,1381939.625,1260435.0,1371959.25,1054546.0,995686.9375,1482152.0,1314911.75,1275769.375,1453548.5,897808.875,1032492.625,1112893.875,1072021.125,1069632.25,1196721.625,1335016.125,1361781.0,1130599.625,1158963.75,1186386.0,1271558.625,1071401.5,965435.625,1187613.375,1160392.75,1185771.5,1331876.0,1139326.375,1227981.25,871951.5625,899338.0625,1173698.125,1083690.0,1553927.875,1516042.125,1185981.5,1321191.625,1114620.875,1139543.0,1153564.625,1151872.5,1394004.75,1367969.125,1050666.25,1040042.1875,1128374.875,985478.6875,1504626.125,1538743.375,1419148.25,1502178.75,1372122.5,1431049.0,1339028.125,1514707.0,1454451.625,1560225.75,1500901.625,1539641.625,1661700.875,1537344.25,1597965.25,1644935.125,1238915.0,1327581.25,1542768.25,1582594.5,1350619.75,1496508.625,1187963.0,1291507.125,1312767.875,1369607.75,1222427.5,1303720.375,1623409.375,1631028.25,1618361.875,1602968.625,1554955.125,1570691.375,1658717.875,1709841.875,1227506.5,1318749.125,1169311.875,1276023.375,1325598.375,1422263.5,1568257.25,1529889.125,1281858.75,1381839.0,1320959.25,1418851.75,1221863.5,1366542.75,1490595.125,1540735.0,1239178.5,1307409.5,1203642.875,1263339.25,1714078.25,1695123.0,1368544.0,1351260.375,1364699.375,1394852.5,1412129.625,1445734.25,1566143.75,1673450.875,1607343.25,1548087.0,1307882.5,1269167.875,1572915.75,1436557.5,1584168.75,1605483.375,1371198.5,1485984.0,1687144.625,1607066.0,1630632.875,1663629.5,1293282.75,1319664.25,1262627.75,1289675.5,1019914.1875,1140280.0,1160486.875,1266900.375,1334719.125,1425497.0,1579704.625,1603863.375,928184.9375,899976.6875,1116577.375,1073052.0,1158577.875,1092797.5,1388161.25,1386494.625,1504972.625,1305279.5,1198711.625,1178031.625,1247521.375,1256900.625,1205413.125,1192610.375,1649639.0,1486126.75,1218171.75,1235288.375,1624061.125,1669173.75,1282837.375,1338933.125,1472759.0,1371484.75,1806065.125,1564544.75,1729586.625,1728340.125,1689323.75,1829605.875,2090548.375,1928590.375,1414134.625,1604209.75
104,1539699.375,1450909.5,1242279.5,1337987.0,1116086.75,1095667.625,1473080.125,1273126.0,1461852.875,1365759.375,1528753.0,1411028.875,1314967.625,1217393.375,1225657.5,1336507.75,1339183.5,1403582.125,1090433.5,1213227.25,1200438.5,1244808.75,1389374.125,1246137.625,1414879.75,1367193.875,1033770.625,1112249.5,1416601.375,1500377.75,1240944.375,1319062.5,1235711.625,1189032.875,1072755.0,1024803.8125,1181027.875,1323965.0,1191821.625,1522799.875,1259202.375,1240193.125,1064863.875,1105516.375,934723.4375,939703.125,1055881.875,1078402.0,1098250.625,1071663.125,1126814.875,1225204.375,1197216.5,1173258.0,1405258.25,1504276.5,1406935.25,1320495.0,1212369.625,1446309.875,1187533.625,1277712.75,1376560.75,1503104.375,1434274.25,1409910.125,1585968.875,1491821.625,1093042.0,1112615.0,1201417.5,1380879.875,1258615.75,1370726.875,1052568.125,994105.8125,1478667.75,1315593.0,1274149.125,1451682.0,895335.6875,1029933.0625,1114368.875,1072328.75,1067770.0,1194991.75,1333670.5,1359386.75,1130626.625,1158088.0,1186778.0,1271700.25,1073176.375,964723.625,1187409.125,1157993.5,1184909.375,1328941.625,1137275.625,1225619.5,872432.9375,900022.0625,1173668.25,1084363.5,1551213.25,1516498.75,1186526.5,1321325.75,1115089.875,1140100.25,1153377.25,1149814.5,1392283.125,1368743.0,1047850.9375,1040469.4375,1125660.625,985153.5625,1504006.875,1535099.5,1417256.25,1499254.125,1370815.875,1429469.875,1344004.75,1522897.625,1460716.75,1565409.25,1502377.75,1541251.5,1664023.375,1539090.0,1601252.875,1647495.5,1240273.125,1325901.375,1545304.75,1584885.375,1352698.25,1499131.125,1189298.875,1294024.0,1309523.875,1368780.375,1223791.625,1304505.875,1624829.625,1635216.75,1619770.75,1604196.875,1552610.625,1568869.25,1656905.625,1708086.75,1227579.0,1319557.625,1169333.625,1274114.5,1326145.875,1423945.625,1570864.625,1533149.5,1280679.75,1380087.25,1320381.375,1419137.125,1221096.125,1365259.625,1486267.375,1538731.75,1236606.0,1307395.875,1203936.875,1264162.375,1714481.875,1695844.75,1370860.125,1351160.375,1365918.25,1396489.375,1408189.875,1443325.375,1565892.5,1676978.5,1609075.875,1550250.375,1306281.125,1269345.25,1574395.0,1435991.5,1583877.25,1602580.125,1370845.125,1485809.125,1685140.375,1603371.125,1624822.75,1658810.875,1295478.25,1319835.75,1261214.375,1288537.75,1021532.9375,1140925.875,1160783.875,1266833.375,1339248.25,1429764.625,1581938.875,1608220.625,927026.125,899000.5625,1115192.375,1071576.75,1157477.75,1092686.75,1387061.625,1387685.625,1502542.5,1305772.625,1198651.875,1178444.125,1245031.375,1256854.0,1203633.0,1192834.125,1646034.0,1482809.625,1217466.375,1234714.75,1629585.875,1675514.375,1284989.875,1339934.375,1474823.75,1373620.25,1805515.25,1563935.75,1735985.25,1726450.25,1692509.125,1831458.25,2090710.75,1927275.75,1415518.75,1610926.125
105,1539499.625,1453019.125,1238679.0,1337361.25,1117013.0,1097061.5,1471467.125,1276804.125,1462914.25,1363233.75,1525867.625,1407559.375,1320771.875,1220023.75,1225204.5,1337754.5,1335309.0,1401068.25,1103651.625,1222571.25,1206659.25,1255696.5,1387544.125,1250591.875,1412904.5,1370718.875,1053264.75,1116943.375,1411978.875,1497554.875,1240791.125,1326543.25,1230488.125,1193118.125,1082007.0,1027641.0,1181880.0,1322742.75,1190420.5,1519611.125,1268618.0,1245342.0,1062743.875,1093133.625,936963.125,940315.3125,1056720.25,1072396.25,1098521.25,1071766.625,1134334.5,1217984.375,1195300.875,1172708.0,1401699.25,1506127.25,1406789.25,1322030.125,1208555.0,1445332.25,1187157.25,1275060.625,1373039.5,1498747.75,1429104.75,1405518.875,1586353.5,1490651.125,1089395.125,1113570.25,1201501.125,1379921.75,1256450.5,1368637.875,1049649.125,993501.3125,1477589.875,1313849.25,1273234.125,1450847.5,894439.75,1027512.875,1115355.25,1068334.75,1064833.125,1193197.75,1332858.625,1357613.75,1138457.375,1162963.25,1186542.375,1270333.375,1078100.5,965361.0625,1191165.75,1155047.375,1182920.5,1329365.125,1135634.375,1224450.0,874079.1875,898665.4375,1175265.75,1086344.375,1554930.25,1514803.125,1187529.875,1321196.125,1114898.375,1139930.875,1155713.0,1149522.125,1391046.5,1369260.0,1048540.5625,1041438.0,1125593.5,986542.6875,1502958.25,1541012.375,1416814.0,1502197.25,1369784.0,1426207.625,1338316.375,1522644.375,1455735.625,1561599.875,1500641.875,1540263.875,1658269.25,1535681.625,1597298.375,1647374.5,1237562.5,1324522.625,1543133.5,1586120.125,1348962.25,1497756.25,1185342.75,1294299.375,1304801.5,1367793.5,1221873.5,1302967.125,1621541.0,1633338.875,1615760.125,1599828.875,1550008.125,1566526.125,1653827.0,1703661.125,1222695.25,1319008.0,1163969.125,1271156.5,1319751.25,1421428.375,1564091.75,1528780.25,1278199.75,1377591.25,1321966.875,1420833.875,1223168.5,1365759.875,1485608.0,1537272.25,1235097.75,1306336.5,1203586.75,1264086.625,1713775.875,1695469.0,1372260.375,1351667.375,1366106.25,1395467.125,1408489.0,1443196.125,1563757.125,1675853.125,1604090.5,1544664.625,1310726.25,1272057.5,1576340.125,1442736.25,1580181.75,1597634.125,1373623.875,1488942.25,1682950.625,1598849.0,1619316.125,1655651.125,1295462.0,1318217.125,1257897.5,1286144.875,1026428.3125,1146175.875,1164082.625,1269632.375,1336975.5,1429118.0,1579372.125,1606513.0,929328.75,900118.8125,1116008.875,1074618.25,1157094.5,1094099.75,1386063.375,1389015.625,1504450.875,1306975.625,1199665.375,1178027.75,1244247.125,1257226.5,1204542.75,1195747.875,1646185.625,1486463.0,1217575.5,1235186.0,1635261.375,1677894.875,1288863.375,1341466.875,1475669.0,1374108.0,1809147.625,1570790.125,1736076.625,1727372.625,1696933.125,1832816.625,2091637.25,1926669.875,1418945.25,1609401.875
106,1542789.0,1455401.125,1241444.875,1341437.625,1121553.625,1103103.25,1472349.125,1280201.875,1464211.0,1362282.5,1526945.875,1407492.125,1323022.375,1223461.125,1230101.375,1343419.5,1334529.75,1401492.625,1110062.125,1229938.375,1212117.25,1262293.125,1391335.625,1258244.0,1412787.875,1375054.125,1053746.75,1116688.75,1411303.875,1497584.125,1240732.125,1330689.625,1229381.25,1195513.625,1080722.75,1027996.5625,1183835.75,1324131.875,1190351.625,1520644.375,1271007.0,1244828.25,1061922.25,1084348.75,936589.9375,938496.875,1057652.125,1071000.0,1099756.25,1070996.5,1135906.625,1216187.25,1192828.625,1172870.375,1399682.875,1506782.125,1406742.125,1322198.25,1207374.0,1443212.125,1186531.0,1274547.875,1370538.75,1497507.875,1424143.875,1402366.125,1584718.5,1489243.625,1086715.125,1112125.75,1202186.0,1379754.25,1256233.0,1369291.125,1050305.5,995029.0625,1478923.25,1312297.375,1274006.375,1451997.375,896093.4375,1028454.25,1114209.25,1062278.625,1066000.25,1193216.0,1333615.75,1357175.25,1143851.625,1165652.375,1187133.0,1272457.25,1077891.125,964477.75,1194155.625,1154051.625,1184523.25,1333485.875,1138477.625,1228736.75,876942.625,899317.5625,1175623.75,1085660.125,1558357.25,1513131.0,1187795.375,1320756.5,1114001.125,1138746.0,1157101.375,1151238.375,1391490.5,1367884.5,1051451.75,1038939.9375,1127688.0,984450.0,1503395.75,1540880.5,1419451.125,1503246.875,1371679.0,1424842.75,1328909.25,1515273.125,1444487.5,1554536.125,1497922.75,1538615.5,1651734.375,1531582.375,1591173.375,1645862.375,1234175.75,1325585.625,1538673.25,1586755.25,1344548.125,1495127.125,1181712.125,1295052.125,1304712.125,1369787.625,1220674.0,1302337.625,1615020.75,1625227.625,1611443.875,1594960.0,1550449.25,1566079.375,1653434.625,1702765.375,1218239.75,1318569.5,1160710.375,1270990.125,1314931.5,1418301.0,1559033.25,1522945.375,1277593.625,1379088.5,1322947.625,1421855.875,1226403.25,1368217.875,1486002.25,1538604.5,1236730.375,1307010.5,1204040.5,1263073.75,1714253.125,1696330.125,1374975.0,1352906.625,1367529.75,1396129.625,1411233.5,1443698.625,1564343.625,1674016.875,1600165.875,1540172.625,1314265.5,1273768.0,1575673.375,1444608.375,1577191.25,1596378.125,1375816.5,1485429.375,1680583.75,1597122.875,1620873.5,1656546.375,1294132.125,1317680.25,1256706.625,1286454.875,1029738.3125,1148566.25,1166089.75,1271170.25,1330080.5,1421279.5,1574505.625,1602176.25,931755.3125,901775.5625,1116975.125,1077141.75,1158105.5,1094504.25,1386228.625,1387907.625,1507495.375,1308151.75,1199953.125,1178351.125,1248666.0,1259711.625,1207016.875,1198491.5,1649988.75,1491955.25,1218239.25,1236353.125,1635539.75,1676978.75,1290092.0,1341880.0,1475213.0,1372492.25,1812026.25,1575611.5,1733499.75,1728722.25,1695294.875,1830791.0,2093838.75,1928962.5,1420873.5,1606452.875
107,1544444.625,1455816.625,1244009.375,1343441.875,1124107.625,1105771.875,1476300.75,1281746.625,1465606.25,1365142.75,1528251.25,1409157.375,1320319.625,1222376.375,1231872.25,1346379.5,1335131.375,1403575.125,1107809.5,1229662.625,1211810.75,1260991.375,1393647.125,1260218.25,1414778.625,1374640.625,1047612.875,1114459.5,1412163.375,1499336.125,1239092.875,1330030.5,1229723.75,1196096.875,1077581.5,1028290.0,1183893.125,1325896.5,1190596.75,1523417.0,1267050.25,1241289.875,1062450.0,1085516.375,935293.9375,936742.375,1056499.75,1072153.25,1100417.0,1072415.5,1134013.5,1219767.125,1192549.375,1172663.375,1401773.75,1506564.875,1405753.0,1320887.75,1209694.25,1443068.75,1187004.0,1274643.75,1370616.375,1499558.875,1426013.875,1404218.625,1583754.875,1489948.375,1084098.875,1109761.0,1201117.75,1378916.25,1256407.0,1369560.875,1050961.25,994921.0625,1477953.875,1311103.0,1273340.625,1450102.375,893978.375,1027973.125,1112097.625,1060333.75,1066602.5,1194056.25,1332159.125,1354254.25,1139725.25,1163553.25,1187266.25,1276536.625,1075288.875,962650.4375,1192681.0,1153850.75,1185116.375,1334571.0,1139340.25,1230109.25,876947.0625,901747.25,1174579.125,1084177.875,1555976.625,1514465.75,1187105.25,1320570.375,1114329.375,1137546.375,1155802.25,1150403.25,1391916.625,1366303.375,1049750.5,1035852.0,1126641.375,981249.9375,1502938.625,1535370.625,1419323.875,1498300.375,1372070.75,1425726.75,1330184.125,1514398.5,1443293.5,1556043.75,1498136.5,1539019.0,1653564.0,1531927.875,1591363.125,1646126.0,1233584.25,1326213.125,1537495.625,1586570.5,1344239.5,1494416.0,1182610.875,1296838.25,1306034.875,1371137.75,1221469.875,1303260.0,1616677.75,1627858.625,1613599.375,1597248.625,1552390.875,1567757.375,1654189.5,1704774.875,1217330.625,1317054.0,1160801.5,1270454.625,1314353.875,1416706.125,1561891.5,1523080.375,1278537.5,1380259.875,1322835.25,1421314.625,1227570.375,1369196.0,1485263.125,1539062.5,1237473.375,1307441.5,1204451.5,1262581.375,1714742.875,1697202.125,1377143.625,1352981.125,1368106.75,1397518.875,1411550.375,1443757.0,1566984.125,1676431.5,1600157.0,1541077.75,1311543.875,1272272.875,1576326.5,1438659.25,1578139.375,1597852.25,1375664.625,1480020.375,1681147.75,1599734.75,1623237.125,1657964.75,1295154.25,1320361.25,1258139.625,1288041.0,1029346.1875,1147088.25,1165227.125,1270174.0,1329630.375,1420090.0,1574564.25,1603728.25,929572.375,901683.9375,1116688.75,1075488.125,1157694.375,1093252.0,1386863.25,1387080.0,1506527.75,1306550.875,1199203.125,1178981.625,1249744.875,1259025.25,1206912.875,1196794.625,1648853.625,1489119.625,1218447.5,1235804.625,1634572.375,1680080.75,1288636.125,1341583.625,1475358.375,1373751.375,1810277.375,1573700.125,1735656.25,1728260.0,1692758.5,1830928.625,2093416.75,1929455.0,1419563.5,1611264.125
108,1542084.125,1455247.625,1241328.75,1341950.75,1122961.75,1105134.875,1477111.5,1282533.25,1465531.375,1365980.75,1525027.125,1406803.75,1318734.125,1219787.75,1228357.25,1345781.0,1334857.75,1402180.0,1107035.25,1229310.375,1210459.625,1261236.875,1390777.75,1256997.5,1415068.875,1371663.5,1054574.625,1117495.25,1410792.375,1499088.125,1238677.625,1330657.875,1228145.625,1195635.875,1080351.875,1031175.1875,1181672.375,1325446.0,1188928.75,1522303.125,1266529.625,1241180.75,1065430.25,1089871.875,936006.5,938624.5625,1057468.125,1074191.25,1099173.75,1073283.375,1136893.0,1221717.875,1193113.875,1170841.75,1403262.625,1507557.75,1403009.625,1320119.5,1210768.25,1445324.25,1189397.75,1274078.375,1370944.125,1498712.375,1428479.625,1406363.625,1584961.75,1491353.25,1083568.875,1110396.125,1199022.375,1377794.0,1255700.375,1368453.0,1049606.25,994239.4375,1478795.25,1311131.875,1271643.125,1447111.875,888754.125,1024366.0,1110975.875,1061974.25,1063340.0,1193979.0,1328730.25,1350631.0,1136960.375,1163098.625,1185959.5,1276271.875,1076786.625,962501.375,1190384.875,1153137.75,1182129.25,1332513.0,1135103.125,1224163.25,873784.5,901118.5625,1175024.125,1085268.25,1555166.5,1516599.625,1186672.25,1321701.75,1114639.625,1137649.125,1155469.75,1148651.5,1392373.125,1367501.5,1045745.75,1036744.1875,1123711.875,981329.1875,1502559.0,1539185.75,1416744.5,1497319.75,1369635.625,1426549.25,1336409.625,1520045.5,1450527.75,1563323.0,1499880.0,1539740.5,1657750.375,1534903.25,1595358.0,1647891.875,1233790.0,1325160.375,1538178.375,1584266.625,1344611.875,1494447.375,1184300.25,1297051.375,1301678.875,1367638.875,1221575.875,1303010.75,1620643.0,1637436.125,1617058.5,1602365.875,1548539.25,1566278.0,1652599.625,1703695.5,1216501.625,1314283.5,1159913.0,1267347.5,1312795.0,1414468.125,1562359.0,1524846.375,1279263.125,1378114.375,1324146.0,1422455.0,1226655.875,1369518.5,1486615.5,1539155.0,1237138.75,1306228.5,1203938.0,1262979.0,1711270.125,1693261.75,1374950.375,1351780.0,1365142.625,1395789.875,1408318.5,1441986.75,1566761.875,1677268.0,1598852.625,1540932.125,1309419.375,1268858.875,1580396.375,1433812.5,1577603.75,1595197.0,1374536.75,1478621.625,1683571.5,1603113.875,1617679.125,1656072.75,1298467.375,1323961.75,1260273.5,1288016.875,1029746.625,1148518.0,1166294.375,1270971.625,1332938.625,1426033.75,1578207.0,1609506.875,926458.125,900418.125,1116796.875,1073656.75,1156620.625,1093250.75,1387454.375,1388904.0,1504435.5,1304809.5,1199615.125,1178203.25,1245818.0,1256242.125,1206052.375,1193281.0,1647290.0,1486153.0,1218670.75,1234229.375,1633231.0,1680246.25,1287966.875,1342114.625,1476165.75,1375041.875,1808544.375,1572069.875,1736160.125,1728365.25,1693521.5,1833943.75,2091857.125,1927526.375,1418251.125,1612291.0
109,1541540.125,1455447.5,1238818.25,1339625.625,1120450.375,1104186.75,1474393.25,1282112.125,1464214.375,1364796.75,1523820.875,1405064.5,1317932.5,1219914.75,1226838.875,1344571.75,1334929.375,1399517.875,1104131.25,1228987.5,1209798.875,1262059.25,1386929.875,1251709.25,1413755.75,1370161.25,1055324.75,1118935.375,1410946.375,1496445.125,1241748.5,1334182.0,1229732.125,1195099.875,1082612.75,1033773.25,1181567.5,1325213.125,1189913.875,1522852.375,1267495.25,1242504.625,1068028.25,1091020.5,937243.0,940602.0,1058834.375,1075253.125,1098003.25,1071217.25,1139852.5,1222204.25,1193705.0,1169405.0,1402672.375,1509033.125,1401065.25,1320103.5,1210124.125,1445965.75,1191148.125,1275949.0,1372506.5,1496477.375,1428044.25,1406702.125,1586759.25,1492002.625,1086073.75,1110878.75,1199506.875,1378749.125,1256190.75,1369849.875,1050422.125,995580.4375,1483256.875,1315382.25,1272814.625,1449938.5,888042.375,1024292.0625,1110926.125,1064973.25,1061948.75,1193547.5,1327659.5,1351573.375,1139083.875,1164621.875,1185943.5,1273881.75,1077400.5,964613.5625,1189750.75,1153622.25,1182010.0,1332266.375,1133172.75,1221661.125,871902.625,899624.5,1175644.375,1087111.875,1557691.75,1516313.25,1186554.625,1323509.875,1114342.75,1139965.0,1155730.5,1151450.875,1394082.625,1368901.5,1047149.0625,1039857.4375,1125641.625,982693.0,1504798.125,1545524.25,1417498.375,1502730.0,1368987.0,1426622.25,1338839.875,1521993.0,1454854.25,1565570.125,1500677.5,1539216.625,1658743.5,1537375.875,1598239.625,1650888.5,1233195.125,1325089.625,1539255.75,1582023.0,1344910.75,1495134.625,1185942.375,1295870.875,1296023.375,1363973.75,1221154.125,1303248.375,1617472.0,1636804.625,1617225.625,1603830.5,1541683.875,1562204.25,1650776.125,1701383.75,1216935.625,1313762.625,1160015.625,1267699.0,1313641.375,1413935.5,1560679.875,1525562.875,1280618.5,1377648.75,1325350.0,1425380.875,1225545.625,1370498.25,1489317.125,1541986.25,1238237.75,1306532.75,1204298.125,1263677.875,1706698.75,1688330.875,1373506.75,1352257.5,1364021.125,1395349.375,1403842.875,1437890.625,1567479.5,1675506.375,1598584.0,1540224.5,1312334.625,1268233.0,1584156.0,1431179.0,1576437.375,1592862.375,1372060.875,1475499.875,1683906.0,1603388.5,1612020.0,1653428.875,1299448.625,1324333.5,1261117.375,1287906.5,1028654.1875,1149518.875,1168983.125,1273028.5,1330769.25,1424545.125,1580101.125,1611723.25,928548.0,899674.375,1118312.125,1074217.625,1157923.0,1094405.0,1387821.25,1389464.25,1504770.5,1306551.0,1201064.125,1177575.125,1245929.875,1257602.5,1207237.75,1193113.125,1650372.5,1489453.875,1219082.375,1234333.5,1630195.625,1674167.375,1289231.875,1343215.25,1477074.875,1372717.25,1808669.875,1571895.75,1732364.875,1729638.0,1692565.375,1832457.0,2093108.5,1927150.5,1419384.375,1606361.25
110,1544425.875,1456667.25,1241016.375,1338649.5,1118069.75,1102319.0,1475412.0,1281697.875,1464065.125,1366804.875,1528694.5,1409104.75,1315534.5,1219377.75,1228834.25,1343198.875,1336229.875,1401163.125,1096495.5,1223218.25,1208321.125,1257345.375,1386846.25,1248592.125,1414791.625,1370941.375,1040809.625,1112649.5,1414935.875,1496855.875,1244609.125,1333686.625,1234458.625,1195140.5,1081396.75,1032154.6875,1183138.625,1326567.25,1194187.0,1526501.0,1263897.25,1240687.125,1065980.875,1090709.375,936008.6875,938340.1875,1054384.0,1072080.75,1097998.375,1069967.875,1136427.75,1222097.25,1196104.75,1170717.5,1403666.875,1510077.5,1403426.0,1320950.875,1211527.0,1446762.625,1190911.875,1278588.625,1376368.625,1498935.375,1430180.25,1408595.5,1588290.875,1493747.625,1087053.25,1108373.125,1201923.625,1381631.375,1258430.0,1371909.625,1052952.625,994993.625,1481500.875,1315825.5,1275169.875,1453635.625,891204.375,1028010.0625,1111369.25,1066197.625,1064977.25,1192802.625,1329568.625,1355015.75,1138305.25,1162476.625,1187916.75,1273027.625,1074916.125,965135.3125,1190752.75,1154116.875,1184342.375,1331030.375,1135731.875,1225057.875,873163.0,899621.5625,1174174.25,1086243.375,1555995.125,1515308.875,1185947.625,1322515.875,1115445.0,1141713.0,1153748.875,1154451.0,1394006.125,1367523.75,1048679.375,1040500.6875,1128835.75,982078.875,1503241.25,1540953.5,1420393.5,1502995.5,1370940.625,1426402.75,1338733.0,1520406.875,1455121.875,1563207.0,1502697.5,1539737.125,1659917.625,1539409.5,1600216.125,1654715.125,1233629.0,1325999.375,1542198.375,1582836.625,1348556.875,1498478.875,1188811.125,1296270.5,1297084.125,1365314.625,1222356.0,1305765.25,1615685.375,1630112.0,1617572.0,1603638.375,1542857.25,1562930.0,1651641.625,1703161.0,1221804.875,1316738.75,1162956.625,1272378.75,1320142.375,1418388.25,1564858.5,1529380.375,1281625.0,1380094.75,1323875.0,1425398.375,1224072.25,1370652.75,1488683.5,1543700.5,1238259.875,1308348.75,1204990.875,1264454.25,1706502.625,1689225.75,1375216.625,1353596.375,1368555.5,1399535.375,1402263.875,1435861.25,1571300.375,1678373.25,1603968.75,1544195.625,1312695.25,1271309.125,1584994.625,1428464.375,1580244.375,1596636.625,1370651.125,1474540.75,1681964.0,1601679.375,1615530.125,1653880.5,1297365.25,1321867.25,1260760.875,1287631.875,1023861.25,1145811.0,1168044.75,1271561.25,1327357.875,1419471.0,1580574.75,1609680.5,931614.6875,899836.5625,1119513.25,1074256.25,1159550.875,1094385.625,1386904.5,1387401.875,1506115.125,1309360.5,1201564.25,1179018.25,1249562.0,1259577.125,1208130.5,1194568.75,1650819.25,1489206.125,1218988.875,1235291.75,1630522.75,1674390.75,1289433.625,1343257.625,1478196.875,1373688.375,1808988.25,1569480.875,1734160.5,1729078.5,1691513.125,1829261.875,2095360.75,1929376.0,1420045.25,1608210.5
111,1543523.625,1456589.0,1242653.0,1340018.25,1116575.25,1099722.75,1478800.125,1282732.125,1463830.375,1369205.125,1530298.875,1411813.0,1313649.75,1216146.75,1227615.5,1341223.0,1337818.875,1404102.5,1093102.125,1217208.625,1207481.0,1253042.25,1388957.25,1250201.875,1417113.875,1372774.125,1034393.8125,1110835.5,1417274.125,1501114.375,1245593.0,1328145.0,1235228.0,1195214.5,1083033.0,1028918.75,1182094.625,1327039.875,1193556.5,1526238.25,1257381.625,1236759.375,1063225.75,1095497.75,933780.8125,936860.0625,1050276.125,1071331.25,1096724.875,1070564.875,1132860.375,1220947.25,1199093.25,1172737.375,1406460.0,1510698.375,1408507.5,1322893.375,1215143.125,1450002.0,1189976.875,1277599.25,1378400.75,1502314.25,1434362.0,1410670.875,1589666.0,1495937.5,1088136.375,1108620.0,1202698.5,1382023.5,1259237.375,1370427.875,1052431.875,991742.625,1475959.25,1311713.25,1274530.75,1450949.5,892672.6875,1028710.25,1112475.625,1065607.125,1067057.625,1192015.5,1330375.25,1355742.75,1136082.375,1159856.25,1187770.375,1272388.875,1076038.0,962623.0625,1191747.75,1153390.125,1183501.25,1328883.625,1137183.0,1226164.125,874137.0625,899695.5,1173513.75,1085111.625,1552376.25,1515541.625,1185292.875,1320412.0,1116943.375,1140289.375,1152433.875,1151187.875,1390899.5,1366341.75,1045105.625,1039510.75,1126190.0,983345.625,1497724.75,1534643.625,1419807.875,1498421.25,1371760.5,1426138.875,1338872.25,1522658.625,1457214.5,1564054.75,1505822.5,1541987.5,1662837.625,1541341.25,1601630.875,1657204.5,1235399.5,1325681.125,1545478.25,1585484.25,1352630.5,1500859.375,1190474.375,1296978.5,1301123.875,1367704.875,1224095.0,1306095.125,1618812.25,1629442.25,1617840.625,1603594.0,1548206.5,1565880.125,1652736.5,1705836.75,1226876.875,1318808.25,1164937.375,1273949.375,1324712.375,1422212.875,1571234.875,1533915.375,1280588.25,1379816.625,1320962.5,1422825.125,1221895.75,1369524.125,1486954.875,1540260.0,1236170.375,1308140.375,1204250.75,1264906.25,1709067.0,1692819.75,1373567.875,1352684.25,1370413.5,1399823.375,1404029.375,1438205.75,1570489.125,1681901.625,1607642.5,1547276.0,1308352.5,1271880.0,1582157.125,1430027.875,1583876.375,1599280.625,1372272.25,1481565.25,1680696.375,1600780.5,1619583.5,1655057.625,1295463.125,1320269.25,1260369.75,1286333.25,1021834.0625,1142961.125,1165055.25,1268738.625,1329849.5,1423065.5,1581812.5,1608815.5,929687.4375,900279.9375,1118827.0,1072698.25,1158226.25,1093134.375,1385551.0,1386922.875,1506384.0,1309528.0,1200238.0,1179414.75,1247297.25,1257000.625,1206296.375,1193535.875,1647441.875,1485308.375,1217963.125,1234176.125,1633367.625,1681396.75,1287009.625,1341647.0,1478894.75,1376792.625,1809067.625,1567868.0,1739827.0,1727615.25,1696268.75,1831965.125,2094945.125,1930339.0,1418184.5,1614267.125
112,1537817.625,1453664.875,1238864.125,1340460.75,1116832.875,1098039.375,1477038.25,1281382.25,1461052.75,1365831.875,1524857.5,1407952.0,1315246.0,1215844.0,1223568.25,1339340.0,1337325.875,1402629.75,1098246.625,1218437.25,1208478.625,1255530.875,1388783.5,1251114.125,1416442.375,1371633.375,1042379.25,1118434.125,1413954.5,1502456.0,1245283.0,1326407.5,1230998.5,1195197.125,1086098.0,1028936.9375,1180241.125,1325738.125,1188104.25,1522849.875,1257327.875,1236918.875,1063218.875,1100289.25,934739.0625,940782.4375,1054895.875,1078273.0,1094801.75,1069696.0,1133290.125,1219516.875,1198578.5,1172017.5,1407057.75,1508562.5,1411543.375,1323588.0,1216819.5,1450540.875,1189224.0,1275552.75,1375559.375,1499746.625,1433832.125,1409430.625,1589204.875,1494172.125,1093332.0,1112475.25,1201743.0,1378480.125,1257768.75,1368601.125,1050354.625,991173.5,1476635.875,1312484.0,1272822.25,1447722.375,892357.6875,1026603.5625,1111886.875,1066708.75,1065642.0,1192953.125,1329226.5,1354922.0,1137392.375,1162694.25,1184786.75,1271705.25,1078343.25,962727.625,1190222.25,1154038.75,1181379.25,1331637.75,1136148.375,1224784.5,872178.9375,900067.6875,1175271.125,1087006.75,1554805.0,1515937.75,1186043.875,1322193.25,1116352.375,1139318.5,1154268.0,1147533.25,1390489.375,1366816.5,1045593.5625,1039711.3125,1123733.625,988019.6875,1499245.5,1538346.125,1416735.25,1499001.5,1371133.75,1425994.375,1339297.25,1523768.75,1458853.875,1565842.0,1504412.25,1541758.375,1663044.375,1540316.375,1600046.625,1653381.75,1235407.5,1325475.75,1544083.375,1584734.125,1352118.5,1497752.0,1188832.0,1294693.5,1301785.5,1366891.375,1223639.75,1303214.625,1617336.625,1629838.0,1614198.75,1601011.0,1547069.875,1564662.375,1651916.5,1704494.125,1226820.125,1317742.5,1165350.5,1272382.75,1322996.125,1420159.875,1572115.0,1532018.375,1279355.625,1376603.25,1320137.0,1421549.125,1221623.75,1367983.0,1488097.375,1536973.625,1235996.0,1307074.125,1204040.875,1264998.125,1709381.25,1692812.5,1368813.5,1351251.625,1365374.875,1392815.75,1405720.625,1441197.375,1564194.875,1677665.375,1604207.25,1544574.625,1308973.375,1270237.875,1578255.5,1435880.125,1582016.875,1597057.875,1374469.125,1487308.0,1682480.125,1600951.625,1617551.25,1655007.625,1295717.375,1321186.375,1260812.875,1286548.75,1025573.9375,1144853.875,1166244.75,1270097.25,1333980.625,1428262.0,1581486.375,1610005.25,927484.6875,900239.4375,1117918.625,1071898.5,1156713.5,1091856.5,1386202.625,1388083.25,1505595.0,1307304.375,1198153.25,1176837.75,1242375.75,1254706.875,1204463.5,1191395.25,1648439.125,1486609.25,1216444.125,1232751.125,1630257.375,1679850.125,1284888.125,1340203.625,1477764.875,1374151.5,1808041.125,1568969.0,1737126.0,1728542.75,1699419.875,1834809.75,2092431.5,1927802.375,1416294.75,1609315.0
113,1536336.5,1450697.875,1236258.5,1337748.375,1117033.5,1097410.0,1472461.5,1276707.75,1459231.0,1361055.25,1522957.125,1405365.125,1317337.625,1219164.75,1223718.5,1338983.5,1335833.5,1400030.75,1102064.5,1221801.375,1208758.375,1257486.5,1387819.375,1248297.375,1414158.875,1367760.875,1042802.375,1120428.375,1410995.875,1500397.125,1242330.0,1328094.625,1229299.75,1194514.125,1080208.5,1029864.75,1180972.5,1325277.25,1187555.5,1524079.625,1263058.375,1240611.625,1061815.125,1099634.125,936317.125,943592.875,1059233.875,1082164.125,1096524.0,1069124.25,1131614.625,1219939.875,1195615.625,1170530.5,1404436.125,1504643.5,1409594.375,1321077.5,1214144.0,1445886.5,1188521.125,1277089.625,1372477.5,1496919.75,1429208.125,1406614.875,1585643.625,1489704.875,1094629.0,1112188.375,1201226.125,1376378.5,1257237.125,1370812.0,1051520.5,994150.375,1480061.25,1315706.125,1273619.125,1450792.5,893347.1875,1027421.8125,1109189.25,1068677.875,1064761.875,1195285.625,1330648.875,1356984.375,1137905.0,1164937.75,1184058.375,1272670.0,1074602.75,965439.6875,1187895.75,1155659.25,1181519.875,1335430.75,1136059.625,1226097.25,870127.8125,901030.9375,1175680.25,1087629.0,1558310.375,1516131.875,1187259.75,1324969.125,1114490.25,1140299.875,1155113.0,1150041.625,1393897.625,1366926.5,1051152.125,1039050.5625,1127291.75,986823.875,1505742.75,1541388.375,1417080.875,1502399.75,1372133.5,1426916.625,1340169.625,1517601.125,1456395.875,1563637.375,1499282.875,1538204.25,1659977.5,1536271.375,1596947.875,1644390.875,1235022.625,1326710.875,1540620.625,1581258.25,1349213.5,1494069.75,1186740.5,1293219.25,1302849.25,1366557.625,1221748.25,1302273.875,1613949.375,1627174.375,1610931.625,1597757.875,1545430.375,1564158.75,1651813.625,1703285.625,1223883.5,1316683.875,1165801.125,1272431.875,1320138.625,1417339.625,1568425.25,1525936.625,1279226.375,1377118.875,1322467.375,1421714.625,1223617.0,1367273.625,1488304.75,1539661.0,1237808.5,1307917.875,1205062.75,1265541.875,1709203.75,1692108.75,1368949.25,1351654.5,1362307.25,1390107.75,1406602.875,1442078.5,1562135.625,1672254.5,1601122.0,1542068.625,1313855.125,1270639.375,1578537.875,1438996.0,1580744.75,1597006.5,1376611.75,1484774.875,1685676.25,1602075.375,1618902.375,1656732.625,1297900.25,1323813.875,1261713.375,1288712.125,1028004.8125,1147507.75,1168402.125,1272774.625,1335229.875,1426676.375,1579578.375,1609478.75,929494.5,900297.6875,1118159.25,1073452.75,1157829.25,1091999.625,1388135.625,1388144.75,1504301.375,1306448.0,1197712.5,1176045.75,1245462.875,1257343.75,1205814.125,1192046.75,1652787.0,1489554.25,1216645.75,1234338.0,1624048.25,1671096.75,1285045.75,1341023.75,1476045.375,1371559.625,1806278.625,1569381.25,1730285.25,1730570.875,1692834.625,1831386.5,2090814.0,1926441.875,1416432.25,1602241.375
114,1540675.625,1449939.125,1240143.125,1336054.625,1116629.0,1097857.75,1472222.75,1274328.5,1461851.375,1361175.25,1527288.25,1407827.875,1316866.875,1220399.25,1226407.75,1340159.875,1336908.0,1400995.375,1100798.875,1223095.0,1208301.0,1256577.0,1389890.875,1248386.0,1414171.0,1368110.875,1036762.375,1116667.125,1413581.625,1498993.625,1239587.25,1327619.25,1231067.875,1194093.25,1071972.75,1029256.5,1181647.5,1325676.625,1191174.375,1528026.25,1264938.5,1242051.375,1058941.5,1098869.125,934397.375,940415.125,1055974.5,1076687.25,1099481.375,1070687.5,1128586.875,1221699.75,1194585.75,1170619.625,1401931.75,1504149.625,1405072.75,1318572.125,1209513.75,1440396.625,1187420.75,1279436.375,1372237.75,1498627.25,1426153.375,1404745.125,1581709.375,1487770.25,1087791.375,1108080.375,1200885.875,1377507.875,1258566.625,1373335.375,1052790.0,994745.5,1481930.625,1315282.125,1274403.0,1453548.625,893386.5625,1029993.75,1107847.125,1066095.5,1065676.625,1196457.625,1332123.875,1358121.625,1134187.625,1160937.0,1186273.5,1274527.125,1070047.5,963535.9375,1187465.75,1154016.0,1182120.375,1334558.375,1136878.25,1229098.375,870485.25,900882.8125,1173213.625,1083957.75,1555743.5,1516458.625,1186470.0,1323336.875,1113471.5,1139472.75,1152112.25,1152187.5,1394211.25,1365443.25,1049807.0,1036995.3125,1128558.25,979072.9375,1504769.75,1533739.5,1419048.875,1500069.625,1372772.0,1427399.25,1341538.25,1513200.125,1455877.375,1562149.125,1497554.625,1536484.875,1657971.625,1533521.25,1596490.25,1642092.875,1238086.625,1327532.875,1542231.5,1582499.125,1347811.125,1495442.0,1186749.375,1295972.25,1307357.125,1369291.125,1220950.375,1303712.0,1619035.5,1630077.375,1613288.875,1598399.125,1550181.5,1567304.0,1653407.0,1705316.125,1221898.5,1316961.125,1164662.875,1271873.75,1319044.375,1418294.5,1564722.5,1523085.75,1279517.125,1381080.0,1324503.875,1421698.5,1224807.625,1367165.75,1486395.375,1542905.5,1237350.75,1309153.875,1204229.375,1266075.625,1712757.75,1695341.75,1372590.75,1351828.625,1364021.5,1394186.375,1406941.375,1441748.375,1564908.125,1672850.875,1602684.625,1542132.75,1312360.375,1270102.5,1581189.375,1439729.125,1583844.625,1600841.0,1378693.375,1481931.0,1686596.625,1603205.5,1624991.25,1659214.375,1299459.0,1326682.875,1261344.25,1291169.5,1026217.8125,1148565.75,1165961.5,1272827.125,1336697.75,1425697.125,1580182.5,1607334.0,930257.6875,900732.875,1118207.75,1075372.125,1158308.5,1092580.0,1388009.375,1387340.75,1503884.375,1307718.375,1199459.25,1178500.875,1250884.75,1260000.5,1207603.625,1194866.875,1652074.375,1487975.5,1218753.625,1236658.75,1626488.25,1672466.25,1286667.25,1343295.875,1476139.75,1375380.25,1806170.25,1569424.25,1731936.375,1730669.875,1687192.375,1828974.5,2090292.75,1929294.125,1418339.875,1608326.25
115,1542786.875,1450635.5,1244238.125,1338501.75,1118887.875,1100396.625,1474784.625,1276391.875,1464354.0,1362642.5,1528388.75,1408416.125,1317339.75,1219210.625,1226971.5,1341531.0,1338838.25,1402548.375,1103348.25,1225862.5,1210490.375,1259623.375,1393876.25,1253888.875,1415903.25,1372345.875,1041835.5625,1117926.75,1415530.0,1498093.0,1240977.5,1326884.75,1230072.5,1194391.25,1074295.75,1028653.5625,1180892.875,1324174.875,1190836.5,1525824.875,1263587.75,1241394.75,1057920.625,1096987.375,931979.6875,936623.75,1052595.625,1071212.125,1097718.125,1070273.75,1128841.0,1220682.625,1195299.5,1170132.875,1401845.375,1506125.375,1404870.125,1319433.0,1207943.625,1439106.875,1186417.625,1277239.875,1371885.125,1498915.75,1425867.125,1404064.875,1581626.625,1488533.125,1084497.625,1107521.75,1199994.625,1378156.375,1259021.125,1370816.5,1050423.875,991366.25,1481245.125,1312387.625,1272787.75,1449644.875,891016.6875,1029328.9375,1108291.25,1061428.5,1065856.125,1196750.125,1329469.125,1354433.0,1131562.625,1158972.0,1186670.375,1275057.625,1071756.75,960250.625,1187516.625,1151369.375,1181841.625,1334262.5,1136602.75,1229917.625,871382.0625,899911.125,1171801.875,1082243.75,1553151.375,1516129.75,1185148.125,1320097.625,1113675.125,1137767.0,1150312.25,1149477.0,1390824.5,1364520.75,1043720.0625,1037780.6875,1123359.625,978531.25,1499831.625,1531340.125,1417330.875,1496004.0,1370598.125,1426245.875,1339636.0,1515403.375,1456682.625,1561982.375,1499631.75,1537906.0,1658125.875,1532956.5,1596300.625,1648652.875,1240637.0,1327543.125,1545316.875,1586725.375,1347556.125,1497400.875,1187068.375,1297359.25,1310056.25,1371239.375,1220971.5,1303827.375,1627310.625,1637864.875,1616721.5,1601034.375,1553647.0,1568326.0,1654426.375,1706121.5,1220920.75,1316269.5,1162716.875,1269043.75,1318179.625,1418796.375,1562886.25,1523986.5,1280065.375,1380506.625,1324072.75,1420607.875,1224790.625,1366843.375,1487163.125,1538992.5,1235288.125,1308137.75,1202640.125,1264673.625,1716007.25,1698239.125,1371852.0,1350433.125,1364291.25,1394332.125,1406986.125,1441713.125,1564430.0,1674183.75,1604034.25,1541285.25,1306653.875,1267621.5,1578429.875,1442931.5,1585979.625,1603072.875,1377345.625,1485944.0,1686680.375,1602401.25,1625570.125,1658677.5,1298033.375,1326825.5,1259859.125,1292464.5,1026256.9375,1148966.875,1163193.25,1271826.25,1339671.75,1430116.25,1580938.875,1605066.75,927116.9375,900572.6875,1117296.625,1074502.25,1156583.125,1091795.875,1386167.75,1386718.5,1504418.25,1307605.0,1200761.5,1178972.125,1247072.875,1257476.625,1206196.125,1195776.875,1647570.25,1485851.25,1219254.375,1236083.5,1634819.0,1681833.75,1288213.25,1343497.375,1476107.25,1377422.0,1808433.25,1571519.0,1736949.875,1729446.25,1692333.375,1832996.375,2090362.5,1931011.625,1419832.75,1616166.0
116,1540758.5,1452215.375,1243696.875,1341513.375,1122297.75,1103305.75,1474682.75,1278450.75,1462525.75,1362006.0,1524876.125,1406052.625,1320404.0,1219790.875,1228212.75,1342528.125,1338002.0,1401348.0,1109400.25,1227954.375,1213467.375,1263109.5,1395253.25,1256454.125,1417017.125,1372580.75,1048935.75,1116227.5,1412614.125,1497166.375,1242637.125,1327796.75,1227801.0,1194254.875,1079369.125,1028512.4375,1181960.0,1322714.625,1188672.625,1522572.0,1264901.125,1241538.625,1055908.0,1090096.75,932618.25,935878.0,1052543.75,1070335.375,1094822.125,1067845.625,1128753.0,1218023.875,1195115.0,1168555.875,1402742.0,1505368.0,1408367.375,1320853.875,1211261.5,1441644.875,1186861.25,1273998.0,1371004.375,1496837.25,1427051.75,1404961.375,1584606.125,1489191.625,1089153.25,1110678.75,1199847.0,1378752.0,1257897.375,1368317.25,1049811.375,991342.5,1477037.375,1311517.25,1272217.875,1448095.125,891788.6875,1028256.25,1109002.75,1063691.5,1065744.25,1197136.5,1329811.75,1354244.5,1134606.0,1164424.875,1184955.375,1275256.375,1075312.5,963899.875,1187695.5,1154054.0,1182329.625,1337680.0,1136564.125,1230403.625,871843.75,901967.8125,1173908.25,1086277.0,1554770.875,1514798.75,1185452.25,1319965.375,1114652.75,1138660.5,1154729.375,1149752.625,1391216.125,1367739.375,1046180.75,1040864.0,1122439.875,986070.375,1502172.75,1542378.375,1416524.125,1499653.75,1369754.75,1427358.5,1335797.625,1516625.5,1451631.875,1557870.75,1500821.375,1538077.375,1659348.25,1533085.375,1594119.375,1650852.75,1237664.5,1327564.75,1543786.875,1586068.875,1347331.0,1495258.75,1186584.0,1294895.375,1308087.0,1370451.375,1220543.375,1302587.375,1627557.875,1639123.625,1617109.25,1601469.125,1552139.875,1566805.125,1654432.5,1704428.875,1220215.75,1314542.25,1162952.125,1268311.5,1317740.125,1416488.625,1563417.75,1524614.25,1280320.875,1376369.5,1323200.875,1420884.0,1225267.375,1367600.375,1489571.375,1535352.75,1236155.625,1305516.5,1203975.25,1262363.625,1714181.625,1696559.25,1368130.375,1349382.25,1362515.5,1390756.625,1408065.125,1441759.875,1561692.375,1672368.125,1603107.625,1540308.625,1306958.5,1267588.625,1569879.125,1444559.875,1583942.875,1602700.125,1372660.75,1489860.75,1687697.125,1600809.75,1622568.25,1657686.875,1294534.75,1322815.875,1258653.25,1290455.5,1027286.875,1146479.5,1162078.5,1269529.75,1338708.625,1430224.875,1577550.625,1602460.625,926756.125,900405.8125,1116643.625,1073902.5,1156535.0,1092109.125,1386258.0,1387320.875,1504409.5,1306699.375,1200240.375,1177110.0,1242121.25,1255451.75,1204540.125,1195069.375,1647219.75,1487479.875,1218371.25,1234563.375,1634791.375,1681236.125,1287023.0,1340530.375,1473950.375,1372692.375,1809963.875,1572730.5,1734343.75,1728883.125,1697428.875,1835761.5,2091490.75,1928403.75,1418004.875,1610713.0
117,1538865.625,1452754.125,1240908.5,1340696.375,1123349.375,1103538.5,1471190.5,1276070.5,1459311.875,1361168.0,1523429.375,1406558.875,1324380.625,1223334.25,1230871.125,1342976.0,1335463.875,1399802.0,1113490.25,1227437.875,1214110.25,1261970.25,1391729.125,1254028.875,1415835.875,1368389.5,1050885.5,1109077.875,1410397.25,1497585.75,1241252.625,1330064.125,1227557.625,1194948.75,1080141.5,1030392.4375,1183120.625,1324013.125,1189315.25,1525725.125,1270634.25,1244735.625,1052263.0,1082481.125,935698.625,936331.9375,1053903.375,1070567.875,1097165.375,1069046.625,1128404.125,1216968.75,1193666.125,1168081.0,1401428.5,1502642.25,1407778.875,1319913.625,1211897.25,1442921.25,1188754.0,1275519.375,1370576.25,1496964.25,1428023.875,1405889.5,1585048.75,1488481.25,1089679.0,1110823.625,1200283.75,1380228.75,1257165.5,1370931.875,1051856.375,995491.6875,1472934.0,1311316.125,1273170.25,1452725.125,894493.9375,1030130.0,1109346.375,1067904.5,1066330.5,1195840.0,1333964.875,1358802.25,1138183.625,1167327.25,1184214.375,1275289.625,1075589.5,968619.125,1189140.5,1157627.25,1183041.375,1336909.5,1137237.375,1231429.625,872693.375,905207.5,1176009.75,1089211.625,1555416.375,1513953.5,1185609.375,1321203.5,1115495.125,1139966.125,1159029.0,1153693.5,1395006.75,1370604.25,1052703.875,1039941.6875,1127943.125,986966.9375,1505854.25,1546087.375,1419996.125,1504697.75,1371197.125,1430082.5,1335841.375,1514592.5,1447005.5,1554776.125,1499571.875,1536186.625,1659075.0,1533318.0,1593591.75,1645302.375,1233715.0,1327553.75,1540208.625,1583340.5,1347012.0,1493199.0,1185536.625,1293512.125,1305331.75,1369907.875,1220863.875,1302266.75,1621458.25,1633509.0,1616786.125,1600133.125,1551080.125,1566656.75,1654164.625,1703919.125,1218915.375,1313866.125,1163770.0,1269601.875,1317558.75,1415279.875,1563805.0,1523739.625,1280013.75,1376601.0,1323219.875,1423199.0,1225200.625,1369269.125,1488855.125,1539395.125,1238677.875,1304764.875,1205895.0,1262502.25,1712083.375,1694641.75,1368397.0,1349767.625,1362997.75,1391334.125,1409157.5,1441293.375,1561729.75,1670757.125,1602448.75,1541260.25,1313290.125,1271631.5,1566532.125,1441353.25,1581782.125,1602486.5,1372251.5,1488243.75,1686571.0,1600335.375,1623397.125,1658401.875,1293810.625,1320788.25,1258317.5,1287204.125,1027203.8125,1144338.5,1161273.125,1267384.75,1334183.125,1423718.625,1574594.0,1602832.125,930230.125,900946.3125,1116702.25,1075891.0,1158606.375,1094117.625,1387865.25,1388378.25,1505325.75,1308539.75,1199980.0,1177699.875,1246600.375,1259227.125,1205817.0,1196229.25,1650399.0,1489027.5,1219435.5,1235394.0,1629134.625,1674815.625,1284017.25,1338373.25,1472853.125,1370446.0,1809176.125,1570815.0,1731284.75,1728514.25,1694550.125,1832593.0,2092958.375,1926572.0,1414968.5,1604541.5
118,1538258.875,1451483.125,1238923.875,1338166.875,1122687.625,1101957.375,1467654.625,1272400.125,1458763.25,1361053.0,1524123.625,1408974.875,1326490.375,1226105.25,1230402.25,1342435.625,1334812.625,1401330.375,1113920.625,1227769.625,1213550.375,1260689.875,1387464.25,1252630.75,1413135.625,1366494.25,1055047.0,1112247.5,1410768.125,1498956.25,1240893.0,1333264.75,1226501.75,1196837.625,1082539.5,1033758.5625,1180518.0,1324972.0,1189619.625,1526841.0,1275160.75,1247617.0,1053941.625,1081240.125,937554.1875,937362.75,1056906.375,1072238.75,1100526.25,1072754.25,1131480.875,1216690.5,1192946.5,1168825.25,1399059.375,1502247.25,1404857.0,1318938.0,1208082.125,1442642.625,1189375.5,1277046.0,1369803.625,1498006.625,1427618.625,1405192.75,1583066.375,1488046.75,1084535.875,1107885.625,1199866.25,1379770.5,1257130.0,1371675.125,1050290.5,995874.9375,1471878.0,1307399.75,1272741.5,1452939.5,893126.0,1030523.9375,1108867.625,1065034.25,1065803.375,1193735.75,1332230.875,1358078.125,1137290.0,1163150.5,1184751.5,1274012.625,1075358.125,966329.375,1189868.375,1155304.25,1181876.5,1330593.625,1136856.5,1229323.875,872951.0,903295.125,1175404.875,1087080.0,1554909.875,1514706.875,1185368.125,1321930.75,1115548.125,1139412.875,1156037.75,1152661.875,1394941.5,1368047.5,1050815.25,1035870.0,1128967.25,980985.3125,1502385.75,1539626.75,1420304.875,1501901.5,1370569.0,1428467.0,1337364.25,1513821.625,1451487.375,1559172.25,1498439.5,1536229.0,1656623.75,1533383.375,1595629.125,1642709.25,1234245.625,1327663.875,1538679.625,1584317.625,1346323.125,1494412.25,1184191.375,1293663.625,1304869.875,1369881.25,1221967.0,1302633.875,1618419.25,1632252.625,1616240.875,1599461.0,1550729.5,1566866.0,1653659.5,1704986.0,1217918.875,1314240.75,1162723.5,1268617.75,1316679.875,1416026.5,1562905.625,1523316.375,1279828.375,1378917.0,1322647.125,1422523.125,1222743.125,1368759.25,1486713.375,1541144.125,1238252.625,1306395.5,1204819.0,1264089.625,1712811.0,1695010.875,1370888.625,1350648.125,1364598.875,1393690.625,1408888.625,1440962.0,1562284.75,1671035.75,1601964.125,1541548.625,1316535.25,1274625.875,1572058.5,1440739.75,1581547.375,1601416.5,1377728.375,1488190.625,1683248.375,1599724.125,1623696.0,1657064.375,1297384.25,1324981.625,1258807.375,1287014.125,1030081.0,1148525.875,1164690.625,1270177.75,1334764.5,1424992.375,1577410.5,1608220.125,930770.6875,900713.5,1116145.875,1075650.5,1158615.75,1094170.5,1387924.625,1388370.25,1507368.0,1309923.0,1200699.5,1179339.75,1250127.375,1261172.25,1206727.25,1197359.375,1650114.625,1487371.625,1220924.25,1236191.25,1630456.75,1676380.0,1284741.5,1339455.75,1474628.125,1373921.125,1808632.5,1569284.5,1735120.5,1727689.5,1692735.5,1829766.625,2093448.375,1926387.75,1415501.875,1608984.25
119,1538707.875,1451766.125,1239057.875,1338626.25,1120546.0,1101576.625,1467545.125,1273976.75,1460765.375,1360842.5,1523221.125,1407880.125,1324099.75,1225781.375,1227023.625,1341413.125,1336379.375,1404032.25,1109408.125,1228578.25,1211694.5,1261893.875,1386813.0,1251361.125,1412538.375,1369162.625,1055291.125,1124209.0,1410350.375,1497362.5,1242134.75,1335699.75,1224738.25,1198018.75,1085720.5,1034651.25,1178741.875,1323900.125,1188493.625,1522541.0,1273143.875,1245379.0,1061872.5,1086841.5,936726.25,939314.4375,1060778.75,1076209.75,1099393.25,1072516.5,1134918.75,1217185.5,1193408.75,1169549.625,1399388.375,1504657.625,1406180.125,1320247.125,1208850.0,1443060.5,1188078.625,1274822.25,1369554.375,1496999.875,1426831.75,1404909.125,1583550.0,1489642.875,1085363.125,1109427.5,1199741.625,1378433.125,1257473.25,1368266.125,1047942.8125,992872.625,1474746.75,1305912.25,1272737.375,1449314.375,891746.9375,1028930.8125,1108594.0,1061648.875,1064469.0,1193064.25,1328190.125,1354661.5,1137230.75,1161478.0,1186026.375,1273879.375,1076568.375,962812.625,1189602.25,1152771.25,1181253.375,1328749.125,1136409.125,1225937.875,872830.875,899195.3125,1174809.0,1085120.125,1557093.25,1515887.25,1186403.125,1323560.625,1115435.125,1138989.375,1152397.875,1149657.0,1392235.125,1365748.5,1046692.5625,1036191.3125,1126523.0,980335.9375,1498592.25,1540551.125,1416644.5,1500091.0,1369060.5,1424101.75,1336403.0,1514130.25,1456379.0,1564119.375,1499551.375,1538491.75,1655184.25,1534111.625,1596923.375,1645934.125,1236236.125,1327794.5,1538973.625,1585731.0,1345813.5,1495951.0,1183949.125,1292956.625,1304729.75,1367725.25,1221800.5,1302694.0,1619057.0,1635334.875,1613624.625,1599129.625,1548718.25,1565786.375,1652881.625,1704913.125,1218836.0,1315419.875,1161928.0,1268249.125,1316499.0,1416862.75,1563126.625,1523543.625,1279752.25,1378305.375,1321086.125,1420058.0,1221306.625,1366710.75,1487385.25,1537677.375,1237187.25,1307812.75,1203366.0,1264073.75,1711562.75,1693997.5,1369949.875,1351140.875,1363452.25,1393132.875,1408353.0,1440846.25,1562349.875,1671461.25,1601015.125,1539967.625,1314083.5,1272346.625,1575533.0,1444274.875,1580487.875,1599086.125,1380607.875,1491076.5,1681643.125,1599542.625,1620377.25,1654496.75,1299190.625,1327815.25,1259880.25,1288491.0,1032934.8125,1152494.625,1170247.25,1274639.5,1338257.375,1432210.5,1581563.75,1612007.75,928773.25,899542.125,1115732.5,1073811.375,1157123.875,1092854.125,1386784.25,1388330.875,1508258.5,1307586.0,1200659.875,1177586.5,1246084.75,1257774.875,1205390.625,1195915.25,1647492.75,1487571.0,1220180.375,1234807.25,1633014.375,1677318.75,1288319.5,1340433.375,1476307.375,1374192.75,1809064.25,1568954.25,1735978.375,1727569.375,1694512.625,1830007.75,2092370.125,1925241.875,1417764.125,1610107.5
120,1539891.5,1453433.625,1239845.625,1340513.625,1118310.0,1102549.75,1469577.25,1277706.25,1462148.625,1361086.75,1522179.125,1405156.5,1323226.875,1225666.75,1225190.375,1341323.125,1335787.625,1403341.5,1107339.0,1229400.625,1209180.875,1262907.375,1387172.5,1250081.75,1412963.25,1371665.875,1053171.125,1126142.625,1409183.0,1493551.25,1240339.875,1334970.5,1225602.875,1197314.875,1085046.25,1032669.0625,1182247.5,1323504.375,1189332.625,1520269.375,1273573.0,1245719.625,1067036.375,1089707.875,937584.5,940729.4375,1063697.375,1078788.125,1098078.75,1070535.125,1136555.625,1217972.75,1192366.875,1170004.125,1399553.375,1506209.375,1407632.875,1321918.625,1208669.0,1442375.375,1187635.5,1274078.5,1370042.25,1496217.0,1425783.5,1405072.125,1584475.75,1490689.375,1089491.5,1113317.25,1200791.875,1379635.125,1258459.875,1367928.375,1050029.75,992303.875,1479060.625,1309525.875,1274345.375,1450528.625,894283.0625,1029486.0,1110640.75,1062089.125,1065413.75,1193026.375,1331365.125,1356202.875,1140120.375,1163594.5,1187490.125,1273878.375,1077105.125,963104.0625,1191267.625,1154110.75,1183810.0,1331268.125,1137051.625,1224466.875,874377.0,898679.5,1175330.5,1084933.875,1558693.75,1516332.0,1187357.125,1324271.875,1115296.0,1139054.5,1154702.75,1151322.0,1391542.375,1367141.375,1047634.1875,1039395.0625,1127240.125,983160.4375,1499245.125,1542475.875,1416529.125,1504583.25,1370188.75,1423176.75,1334420.375,1514439.0,1452617.125,1562761.875,1500180.75,1539592.125,1654208.0,1535033.0,1595509.25,1647603.625,1236479.875,1327938.25,1538671.25,1584812.125,1345597.5,1496372.375,1183732.25,1292977.75,1303127.625,1365402.125,1221014.5,1303108.625,1617024.625,1632273.125,1611154.875,1598221.0,1547838.25,1565338.0,1652134.5,1703951.875,1218710.5,1317090.625,1162610.25,1271157.125,1316148.5,1417927.5,1561748.25,1523287.25,1279890.5,1379236.875,1321129.375,1421272.25,1224419.375,1367154.75,1488790.0,1538553.625,1238092.5,1308594.375,1204450.375,1263424.75,1709386.875,1692628.875,1368934.25,1351228.125,1363340.125,1393533.25,1407838.375,1440485.875,1564374.25,1673048.625,1601400.375,1540712.25,1313680.625,1271166.375,1574542.5,1443131.5,1579945.875,1599410.5,1379221.875,1489700.375,1682497.125,1601601.0,1620196.25,1655493.0,1298220.125,1325189.0,1261427.875,1288316.5,1032538.0625,1150572.75,1170508.125,1273745.875,1337162.125,1430389.125,1580902.25,1609325.625,928885.5,899573.375,1116945.125,1074764.125,1157558.0,1093068.625,1386246.625,1388327.125,1508223.75,1307108.5,1199722.0,1175785.75,1246024.25,1257270.125,1205302.25,1195893.5,1648456.75,1490130.75,1219207.75,1234837.0,1629361.875,1672205.625,1288127.75,1339063.75,1476076.625,1371441.375,1808478.75,1567451.75,1732095.5,1727872.0,1693163.5,1830347.0,2091229.875,1926589.0,1417207.75,1604479.125
121,1539869.5,1453533.5,1239382.875,1340622.5,1118817.375,1103143.0,1470678.75,1277335.125,1461581.5,1362914.625,1523165.0,1405667.0,1325798.125,1225985.5,1226217.25,1342440.0,1332664.75,1400848.625,1109029.0,1229971.875,1208228.0,1261447.125,1386762.25,1253225.25,1411150.0,1370742.75,1053915.5,1116419.125,1409242.75,1494257.625,1237635.125,1331837.5,1228637.75,1196102.75,1082373.625,1030415.1875,1185824.0,1324771.5,1191687.625,1521493.625,1276925.5,1249478.375,1064490.125,1084973.0,939393.75,939613.375,1061433.25,1075851.5,1098937.625,1071827.5,1136724.75,1217451.875,1190894.75,1170340.75,1397821.75,1504936.375,1405277.0,1321407.125,1203286.375,1442255.375,1187881.0,1275506.5,1370354.75,1497893.0,1426452.125,1404892.75,1583572.375,1489781.375,1087330.0,1111545.5,1201096.625,1381317.625,1258600.75,1370221.25,1051862.5,993389.8125,1479561.125,1310343.75,1274624.75,1452182.5,896045.4375,1030178.625,1113911.5,1061987.25,1067724.5,1193490.5,1335683.875,1358157.5,1140799.5,1163191.75,1188051.125,1271790.25,1077583.0,963317.4375,1194198.25,1155298.75,1186268.0,1331053.625,1137731.375,1224156.75,876655.75,900033.375,1175327.125,1084585.125,1556573.125,1516115.375,1187047.75,1322360.875,1115277.25,1138782.125,1157316.875,1152476.125,1391351.5,1367652.5,1047618.9375,1038755.8125,1126889.75,981942.6875,1500025.875,1536175.625,1418388.25,1505413.25,1371398.5,1425652.125,1333219.25,1516943.0,1447933.75,1559052.375,1498907.875,1539590.625,1653860.75,1535718.75,1593387.375,1645918.625,1235728.75,1327469.375,1537322.0,1584032.375,1345634.375,1496471.0,1182135.375,1293532.625,1301720.5,1365765.125,1221098.25,1303658.5,1615617.5,1627408.0,1613514.75,1599307.5,1549647.125,1566331.625,1652285.5,1703996.75,1217565.25,1317705.25,1163431.625,1272797.375,1315306.125,1418515.875,1559021.75,1525102.875,1280688.375,1382199.375,1322753.875,1423168.375,1226767.5,1369143.0,1488445.125,1541690.625,1237488.375,1308846.75,1205087.25,1263553.625,1711142.625,1694148.0,1371823.5,1351672.5,1366842.75,1395421.375,1407576.5,1440764.25,1565890.625,1675579.25,1602921.0,1543961.625,1316300.75,1274025.75,1575448.625,1438140.0,1581766.5,1601834.875,1378239.5,1485548.75,1682874.125,1602510.25,1623419.875,1657991.625,1298666.375,1323234.625,1262355.0,1287984.5,1032617.25,1148864.0,1168435.875,1271121.125,1334520.375,1425071.25,1577953.0,1605731.875,929445.875,900078.375,1117525.125,1075648.0,1158311.375,1093894.0,1386069.375,1387467.125,1506309.5,1308498.375,1198557.625,1177686.25,1249726.375,1259083.125,1206578.0,1196547.875,1650436.75,1488977.625,1219049.125,1236646.5,1625594.75,1671407.5,1284210.375,1337612.375,1474484.375,1371937.375,1805342.625,1565142.75,1732136.875,1726936.5,1690113.375,1830261.75,2090681.875,1928599.75,1414278.5,1604759.25
122,1540071.5,1453825.125,1239846.0,1341327.25,1120622.75,1102845.75,1472402.375,1276227.75,1460958.625,1365084.125,1525552.25,1408216.875,1321207.125,1222810.75,1228186.125,1343219.75,1333200.25,1401256.875,1100482.625,1224826.0,1206026.625,1256547.25,1388706.25,1256595.0,1410400.625,1368862.125,1041069.9375,1107185.375,1412308.375,1498060.375,1239120.125,1329806.0,1232193.25,1195472.75,1078649.375,1028361.1875,1184879.625,1326446.625,1192864.125,1522888.625,1267891.625,1244328.5,1059235.0,1082347.5,935798.5,936440.125,1052504.75,1069020.625,1096910.75,1071736.625,1133129.625,1217447.0,1193002.375,1171326.875,1399751.875,1503871.75,1405566.375,1320411.875,1207160.75,1446478.0,1187359.25,1276140.0,1372263.375,1499586.25,1431239.25,1407095.875,1585274.0,1490247.875,1086229.375,1109237.875,1201044.625,1381189.5,1257964.0,1370781.875,1050914.75,993776.625,1479408.375,1310504.125,1274419.75,1450704.625,895650.4375,1029206.0,1115377.0,1063403.0,1068020.75,1194337.0,1334515.5,1357198.75,1140133.625,1162606.625,1188399.0,1271173.0,1078561.625,962962.0,1195161.375,1155780.25,1186875.5,1330502.375,1138929.625,1225197.5,877484.4375,900727.8125,1175327.5,1085525.25,1555046.625,1515867.375,1186993.625,1321425.25,1115558.5,1139352.5,1155848.125,1149458.125,1390908.5,1366312.875,1045806.75,1037373.75,1124187.25,981581.875,1499616.75,1534196.625,1417781.25,1502442.375,1370567.625,1426649.5,1331924.75,1518188.0,1447965.875,1557232.125,1499417.625,1540496.625,1656794.875,1537624.375,1593364.375,1644897.25,1233935.375,1325205.25,1536392.875,1582935.25,1347376.625,1496269.625,1182073.625,1292577.0,1301677.75,1366600.375,1222019.0,1304135.0,1619374.875,1628152.0,1619472.375,1602904.375,1550467.625,1566499.75,1652972.625,1704307.5,1220595.75,1318047.25,1165031.0,1273488.375,1318301.625,1418587.125,1561855.75,1530064.0,1281290.125,1381587.5,1322389.5,1422117.25,1223870.75,1369841.5,1489460.625,1541971.5,1235834.125,1308684.75,1203203.25,1263857.375,1713224.0,1695533.125,1374610.5,1352997.0,1367575.5,1393642.375,1408381.0,1442043.25,1565380.5,1675573.25,1603974.0,1545533.0,1314209.5,1273513.5,1578218.25,1438474.875,1583950.5,1603126.375,1378313.875,1486041.5,1682849.125,1602051.25,1623486.75,1658741.75,1298493.125,1322854.25,1262236.25,1289470.0,1032721.375,1149398.125,1169609.25,1272478.25,1333196.0,1425134.25,1576984.125,1605293.125,928755.3125,899004.8125,1116483.125,1074181.375,1157022.75,1093274.125,1385539.625,1386953.75,1502985.75,1305463.875,1197302.625,1178952.625,1246396.125,1256566.5,1205281.0,1192580.25,1650139.375,1486307.0,1217710.5,1236136.125,1624301.0,1673626.25,1282440.875,1338762.375,1472806.125,1372699.25,1802440.5,1564239.5,1732630.875,1725582.875,1690041.25,1830373.875,2090627.875,1927344.25,1412801.125,1607216.25
123,1541821.5,1454962.0,1242837.25,1342850.25,1119986.625,1100948.25,1473907.25,1277365.5,1461541.125,1365769.875,1529101.125,1410366.25,1313406.25,1219225.875,1229416.125,1342556.25,1337973.125,1403568.875,1088383.5,1216490.5,1202419.375,1250384.75,1391806.5,1254020.5,1412441.375,1368534.125,1024376.0,1105644.0,1417465.875,1499608.0,1242339.25,1327130.375,1235522.375,1192545.875,1073565.25,1025438.75,1182876.75,1326960.375,1192978.625,1522502.625,1255335.875,1236506.75,1060548.375,1091183.75,931227.5,934871.5625,1048396.8125,1067482.125,1094164.125,1068530.125,1128437.0,1220167.125,1196390.625,1173030.5,1404104.625,1504867.25,1408176.0,1320716.75,1217688.375,1450012.125,1186811.5,1276814.125,1375737.875,1500287.0,1434811.0,1409911.625,1588589.75,1491875.625,1092623.375,1111442.0,1202075.0,1381311.5,1258215.875,1370258.75,1050688.5,994310.375,1481591.875,1314009.0,1275557.625,1451173.875,896261.4375,1028491.8125,1115249.25,1068061.375,1066315.875,1193456.875,1332800.625,1356927.25,1139445.375,1163389.125,1188717.5,1271934.875,1077176.625,964248.0625,1192572.25,1155762.125,1186396.0,1331080.625,1140294.625,1225730.25,876404.0,899692.6875,1175554.25,1087020.75,1556105.375,1516119.875,1187388.375,1322390.25,1115196.5,1140618.5,1154034.75,1147173.75,1391943.125,1366968.0,1046286.8125,1038892.0,1124255.625,985001.875,1500127.75,1541247.75,1417799.0,1503014.75,1369933.75,1425322.875,1332524.375,1516601.375,1450254.625,1558530.25,1501582.875,1541469.75,1660035.375,1539505.375,1595282.125,1645411.75,1233622.625,1322535.125,1538440.375,1582121.5,1348877.625,1496279.5,1184607.5,1292268.5,1303819.5,1366760.375,1222824.75,1304656.375,1622992.875,1629583.75,1621364.0,1603636.125,1549566.5,1565645.375,1653501.125,1704270.375,1224668.5,1318889.0,1165946.875,1275305.375,1322250.25,1419900.125,1567375.75,1532358.75,1280549.0,1379608.0,1321299.625,1420496.25,1221025.0,1369800.75,1490433.5,1541575.625,1236308.0,1308624.375,1202505.125,1263964.25,1711805.25,1694144.375,1373817.5,1353606.0,1364868.75,1392159.875,1408906.375,1442916.5,1566051.0,1675525.625,1603890.5,1545241.125,1309378.875,1270448.375,1581107.125,1441921.375,1585245.0,1603161.5,1377610.25,1489430.875,1685225.75,1604552.875,1621653.25,1658800.125,1295245.125,1319826.5,1260820.0,1289093.0,1028277.375,1146566.125,1168777.625,1272471.625,1332940.75,1426014.125,1577991.5,1605209.75,928795.25,898473.5625,1116369.25,1073418.625,1155903.875,1091910.5,1385487.0,1387927.125,1502975.125,1303384.375,1197853.25,1177543.125,1242417.25,1254832.25,1203734.0,1189433.375,1649710.625,1486912.5,1216537.0,1233900.75,1625416.625,1672603.625,1285605.0,1341546.25,1473562.75,1371016.375,1804188.75,1566856.0,1730569.125,1726284.75,1692142.875,1830802.625,2091884.0,1926678.5,1415489.25,1604732.75
124,1541653.375,1454325.5,1244449.0,1342065.25,1117909.5,1098803.875,1470894.25,1277295.0,1462327.375,1364053.375,1531633.0,1411748.625,1314881.875,1219579.875,1229635.625,1341742.75,1340765.25,1404893.125,1091912.5,1215698.875,1203582.375,1249351.75,1391970.0,1251011.875,1412721.125,1369701.625,1032333.625,1111828.875,1419508.375,1502153.125,1243081.125,1323677.625,1236127.375,1189755.75,1072508.125,1024108.25,1182281.375,1326306.25,1192732.25,1522245.875,1257758.25,1238017.625,1066468.625,1102490.25,932864.8125,936920.25,1056142.625,1074930.75,1097038.5,1068972.375,1129261.25,1223095.5,1195963.75,1173306.75,1403590.75,1505590.5,1405761.5,1320458.75,1218409.375,1447346.0,1187611.875,1277109.125,1376206.375,1501597.125,1432444.875,1408614.75,1587450.5,1490981.375,1095249.75,1112897.875,1202179.5,1381249.25,1258315.25,1370056.25,1050625.375,994682.375,1480098.625,1314722.125,1275276.125,1452241.5,896720.4375,1027658.0625,1114576.125,1070405.75,1064601.75,1191724.875,1332548.75,1357211.5,1137809.125,1162353.625,1187694.25,1270920.25,1074953.625,965754.25,1189090.75,1154362.875,1183762.625,1330878.0,1139725.375,1225444.125,874966.875,898218.9375,1175395.0,1086787.375,1556964.25,1516203.0,1187302.25,1321757.875,1114732.875,1141288.375,1155717.75,1148755.0,1393869.5,1369785.5,1048749.5,1040318.9375,1126914.75,987345.1875,1503361.375,1545361.5,1419158.125,1503266.25,1369920.0,1425241.5,1338062.25,1518123.875,1454334.75,1562211.625,1501023.375,1540437.625,1659826.875,1538792.875,1597012.375,1646099.75,1235866.5,1321950.875,1542630.375,1584609.625,1346943.75,1496706.625,1185787.5,1293870.875,1307084.5,1367845.0,1222184.25,1303862.125,1622347.375,1630138.875,1616776.0,1599962.875,1549665.25,1565949.75,1654137.5,1704113.625,1223071.875,1318205.625,1163796.75,1274212.625,1320094.125,1420787.875,1567671.75,1529250.25,1279067.125,1379914.25,1322271.5,1420642.625,1221587.0,1369446.875,1487207.5,1540627.375,1237532.0,1307497.625,1203759.875,1263656.75,1710498.25,1692709.375,1370818.75,1352029.875,1363835.875,1395155.875,1409427.875,1443346.125,1566092.75,1676247.25,1601815.125,1543708.0,1308929.75,1269906.875,1581616.5,1442252.0,1583161.375,1600516.0,1374808.125,1488566.125,1686631.25,1606055.0,1621504.0,1658240.75,1292637.625,1316541.25,1258291.375,1285662.25,1022191.75,1142408.375,1164496.125,1268694.5,1333715.5,1424880.25,1579616.5,1604685.25,929211.5,899762.875,1117557.125,1074243.625,1156952.625,1092611.75,1387036.875,1389433.875,1505872.5,1307161.875,1200865.625,1177047.75,1246089.75,1258015.375,1205948.25,1192796.25,1649268.5,1488995.5,1217526.5,1233408.625,1630366.625,1672642.25,1289769.75,1341850.625,1476452.125,1370844.125,1808734.125,1572238.75,1732100.875,1729160.625,1694471.5,1831785.75,2093206.0,1927792.375,1419782.125,1604026.875
125,1540702.875,1453117.75,1243292.5,1341394.5,1118979.125,1099649.75,1468553.625,1275745.625,1463261.875,1362095.25,1530625.75,1411849.125,1318288.0,1220309.625,1229505.375,1342290.75,1340191.125,1405171.25,1100267.5,1219996.25,1207776.0,1253000.875,1391863.625,1253353.625,1412162.875,1371173.5,1044789.8125,1115587.875,1417768.125,1506116.5,1242607.5,1323764.375,1233841.5,1191521.625,1075046.375,1025543.5625,1181047.75,1325927.5,1192018.375,1524226.375,1263767.125,1241213.875,1064268.0,1103131.875,935242.9375,939178.3125,1060675.0,1079041.125,1100993.75,1072379.5,1130639.0,1223432.125,1194033.5,1172243.125,1400906.5,1505431.5,1402953.5,1319768.125,1212218.0,1443114.75,1189414.75,1276167.875,1374040.125,1502676.875,1428474.875,1405566.875,1583930.125,1489361.625,1090433.75,1113465.5,1201384.375,1379769.625,1258121.375,1370074.25,1050357.875,993904.0,1476980.625,1313501.375,1273887.375,1450835.125,895043.625,1027493.125,1112878.5,1068994.125,1064381.875,1192971.375,1331489.375,1356041.75,1136482.625,1160541.5,1185961.0,1271135.125,1074514.625,965530.875,1188420.125,1154556.75,1181455.0,1331681.125,1137770.5,1228482.625,874067.1875,899993.25,1175029.375,1084911.375,1556065.875,1516120.375,1186844.25,1319993.375,1115053.25,1139952.5,1157292.25,1151056.625,1394542.875,1369489.125,1050468.875,1040408.0,1128328.5,986621.25,1506288.5,1539397.375,1418696.75,1499767.25,1369779.375,1426972.25,1341407.375,1520040.375,1456108.625,1563547.375,1498636.625,1538136.375,1657896.5,1535488.75,1596920.625,1646466.625,1236946.125,1324363.75,1543713.5,1587654.125,1345721.125,1496968.375,1185277.125,1295473.0,1308255.25,1369813.0,1221636.5,1303127.75,1618370.125,1631087.625,1612912.625,1597368.375,1550760.125,1567372.0,1654613.625,1704504.75,1220322.5,1316565.875,1162566.125,1270591.875,1317143.875,1419754.25,1564896.25,1525983.0,1278602.625,1379910.125,1322623.125,1421847.625,1222423.75,1369043.5,1484890.75,1539753.625,1238072.875,1306006.5,1203369.875,1263495.625,1712721.625,1694140.375,1369532.0,1350661.25,1364960.75,1396992.25,1410968.5,1443864.125,1563800.5,1674781.75,1600760.75,1542529.125,1309937.625,1270041.375,1578863.75,1440333.5,1579713.625,1597919.125,1372654.375,1484057.5,1684191.875,1603373.75,1622732.875,1658009.875,1294113.25,1318060.25,1257931.0,1285347.25,1022428.625,1143701.5,1163329.875,1267912.125,1334164.375,1423838.75,1580282.0,1605495.5,928655.8125,900744.4375,1117658.125,1074534.25,1158010.75,1094445.25,1388850.625,1389101.0,1507338.25,1309104.875,1202396.375,1177948.375,1250093.375,1259798.375,1207579.875,1196370.875,1649185.875,1488604.875,1218621.25,1234826.5,1635228.875,1677400.625,1290147.75,1340278.25,1477461.75,1374189.375,1810983.25,1575311.75,1736197.5,1730556.25,1695375.5,1832512.625,2092695.5,1929059.75,1420921.25,1609076.5
126,1542832.125,1453754.5,1243850.25,1343552.5,1121752.625,1102222.25,1473517.5,1275555.875,1465586.75,1364553.125,1528874.125,1411166.0,1316814.375,1220083.375,1230091.875,1343201.125,1339631.375,1404983.25,1099065.0,1220231.125,1207929.5,1252711.125,1394472.5,1254428.375,1415875.25,1371216.375,1039615.6875,1112335.375,1416123.625,1504083.5,1242010.625,1322671.375,1233023.0,1191932.5,1072386.125,1025523.0625,1180927.75,1325074.875,1191422.125,1524739.25,1262464.75,1240797.25,1059008.5,1101012.625,934012.6875,938548.1875,1054247.125,1073747.5,1099382.25,1072448.25,1125986.75,1223201.125,1195890.875,1172161.125,1403551.0,1506047.25,1405105.875,1319855.875,1209660.5,1442975.5,1189226.0,1275592.125,1374898.5,1502445.5,1428000.875,1405517.875,1583731.75,1490784.125,1089610.5,1113745.0,1201251.5,1378996.875,1258214.75,1368723.875,1051795.375,992961.3125,1478164.625,1315042.125,1273361.875,1449197.5,893086.375,1028561.3125,1110413.25,1068820.375,1065281.5,1196396.125,1329491.75,1353981.75,1132711.0,1160234.625,1184197.625,1274290.625,1073548.875,963952.4375,1188035.0,1157567.75,1181424.125,1332025.125,1135625.25,1231276.375,871178.6875,902320.125,1173819.625,1082853.0,1554049.5,1516568.125,1185556.0,1320503.75,1114959.5,1136071.75,1152898.125,1149760.125,1393152.5,1365446.375,1047739.4375,1038340.5,1126157.125,982153.1875,1503569.875,1533818.25,1417089.375,1497567.75,1370202.375,1428673.25,1339620.875,1518370.875,1453378.75,1561721.125,1498935.875,1537612.5,1658986.125,1532964.125,1597393.625,1647236.125,1237206.125,1327475.625,1542859.375,1587603.25,1348564.75,1496267.125,1187098.5,1295917.25,1308463.125,1371169.75,1222293.0,1303913.0,1616088.0,1632939.5,1613874.125,1599143.875,1552621.375,1568975.875,1655111.5,1706831.75,1222740.0,1316100.75,1164432.125,1269352.5,1320135.0,1418957.5,1565341.125,1525478.5,1279868.0,1377678.25,1322333.125,1420466.0,1223418.25,1367655.625,1487415.125,1538550.0,1238071.75,1305626.375,1203024.0,1263601.875,1715181.125,1695998.5,1371570.375,1351924.25,1367447.25,1396449.5,1410773.0,1443977.25,1564872.75,1675756.25,1603099.875,1543705.0,1309177.125,1270960.125,1576876.25,1435946.625,1580007.25,1599697.125,1372702.875,1481030.125,1683408.0,1602035.5,1624882.5,1659247.0,1296451.25,1322199.75,1259181.75,1288515.5,1024984.75,1145968.875,1162697.625,1269736.5,1335153.125,1425400.25,1579926.875,1607078.25,927825.125,900740.125,1115948.875,1073267.0,1157192.125,1093490.125,1388520.25,1387239.0,1507020.25,1307479.25,1200781.625,1178638.5,1248605.25,1259020.5,1206235.75,1195842.0,1650178.5,1485910.375,1218533.0,1235564.25,1635942.0,1682911.375,1288702.5,1340496.875,1475895.25,1377073.875,1810159.25,1572917.125,1736697.375,1729180.625,1694128.125,1832705.375,2091016.75,1929830.375,1419021.875,1613964.625
127,1545250.875,1454904.5,1246852.5,1345979.375,1121858.125,1104190.0,1479168.25,1277726.25,1467726.875,1367814.75,1528809.5,1410075.625,1316794.125,1220893.25,1231958.875,1343294.125,1339423.75,1404495.0,1097541.625,1218836.625,1205707.125,1249084.625,1396452.5,1250770.125,1420107.0,1370540.75,1036177.875,1111665.5,1413989.25,1497124.5,1239781.5,1318007.75,1234493.0,1189067.375,1067913.125,1024322.4375,1184119.5,1323770.875,1191129.625,1521575.375,1261877.125,1240524.125,1061935.25,1103601.75,932901.3125,937108.25,1051416.875,1071189.75,1095605.0,1069376.25,1123853.75,1222895.5,1198210.0,1172192.0,1407592.625,1506960.125,1405756.125,1319138.0,1210687.625,1446265.75,1187744.625,1275696.75,1376649.875,1501329.125,1429700.625,1407173.5,1586089.75,1493243.0,1093917.25,1111108.75,1200707.5,1378199.375,1257124.0,1366771.875,1052069.0,992325.5,1479011.625,1315391.875,1271526.375,1448275.625,891537.4375,1027332.625,1109067.375,1070362.125,1065864.875,1197803.125,1326828.5,1351993.125,1129519.75,1161562.375,1183103.125,1275662.375,1073114.5,963915.75,1186743.75,1158853.625,1181060.125,1331775.0,1134150.5,1228472.5,868450.625,900930.8125,1172695.25,1083379.625,1554260.75,1516061.25,1184254.125,1322710.875,1114138.125,1133936.25,1148709.375,1147460.875,1392518.75,1365354.25,1044058.0,1035514.25,1123714.75,978369.1875,1501543.625,1540739.5,1416482.0,1499302.5,1371259.375,1429610.625,1340550.25,1519930.875,1451132.25,1560815.625,1500529.625,1539617.75,1662029.75,1535039.25,1599322.625,1649553.25,1238210.125,1328190.0,1543597.625,1584992.25,1348760.875,1494058.625,1189077.125,1294310.375,1309430.25,1370251.0,1221668.75,1303417.125,1620222.0,1637255.0,1616207.75,1603566.375,1554446.375,1569867.75,1655931.375,1708632.625,1224335.0,1315576.375,1164429.625,1269625.375,1321425.5,1417655.375,1567437.125,1525546.75,1281554.625,1375604.5,1323827.5,1417368.375,1225551.0,1365026.75,1489078.875,1535254.375,1237582.375,1305325.625,1204927.875,1263133.875,1714005.25,1694400.875,1373881.625,1353198.375,1368571.625,1396597.75,1409956.875,1445349.625,1568901.625,1678724.875,1602143.25,1542286.0,1308878.625,1271316.5,1576791.125,1433499.5,1579587.25,1600231.25,1371757.25,1480278.25,1685887.875,1602672.75,1625085.5,1659570.125,1295994.375,1323057.0,1258803.25,1288977.5,1023098.25,1144043.0,1159854.375,1269181.625,1334567.0,1426641.125,1578522.25,1605991.875,927914.3125,900012.875,1115350.5,1071511.0,1156405.875,1091331.0,1387560.25,1387453.625,1505766.25,1307837.875,1199582.0,1178942.0,1245204.125,1258657.125,1206182.625,1194521.875,1649729.25,1486862.625,1218042.875,1234585.5,1634146.0,1683348.375,1288774.0,1341811.75,1475494.75,1376251.625,1809979.75,1571168.0,1734094.875,1730210.625,1694361.5,1834459.375,2091851.25,1929619.375,1418279.0,1613097.125
128,1544903.625,1453981.625,1248686.625,1345857.25,1121974.375,1105091.0,1478508.25,1279325.5,1466629.5,1365815.0,1530170.0,1409402.625,1318093.875,1220703.125,1234125.125,1343358.25,1339670.75,1403761.125,1099514.5,1219644.0,1206130.125,1247480.125,1396721.25,1249194.625,1418235.5,1370515.125,1039290.4375,1113649.875,1413067.0,1494627.625,1238041.5,1317072.25,1235385.25,1188817.25,1068901.875,1025292.0,1185954.625,1324577.375,1191264.75,1519600.5,1262154.25,1239121.75,1064929.625,1102518.375,932494.25,937082.9375,1055665.75,1075126.875,1095801.75,1067676.5,1128420.0,1222142.875,1196447.5,1171368.125,1405293.875,1505925.375,1401936.25,1316857.625,1210589.75,1447457.375,1188052.125,1275722.75,1375536.5,1500299.0,1429255.875,1406915.75,1586097.125,1492487.625,1093918.0,1109855.625,1200211.375,1376210.875,1255477.25,1367148.875,1050351.625,992397.0625,1479329.375,1314334.0,1269725.125,1447862.625,889961.0625,1024984.1875,1109997.0,1070455.0,1066010.5,1197177.0,1324934.875,1350942.375,1132506.875,1163201.375,1184245.5,1274870.75,1074141.375,965959.9375,1187274.375,1156793.375,1180520.875,1334635.875,1135041.75,1226475.0,870909.3125,899757.75,1173303.25,1086019.125,1556735.0,1514354.125,1184920.875,1323327.5,1114142.25,1136661.5,1152121.0,1149569.875,1394660.625,1370136.125,1047880.5625,1036553.8125,1126886.0,980385.1875,1507164.25,1548923.25,1417192.625,1501587.375,1372369.0,1430206.875,1342068.125,1523150.0,1451602.5,1561099.25,1498935.875,1540833.375,1660574.875,1537527.625,1598390.875,1650684.25,1239255.875,1327456.375,1543718.625,1582091.0,1343625.125,1492229.25,1188024.25,1292467.0,1310408.0,1368458.0,1220154.0,1301997.75,1626185.375,1639445.0,1617961.875,1605678.125,1554264.5,1569116.625,1656841.875,1707980.625,1220112.25,1314196.375,1161781.5,1268588.125,1316015.0,1415193.75,1565762.75,1524094.5,1281147.5,1376999.625,1324510.625,1418089.5,1226478.25,1365720.625,1487291.75,1533794.125,1236975.5,1305042.5,1205563.875,1262971.125,1713218.0,1692935.125,1375957.625,1352407.875,1366983.875,1397483.875,1412055.0,1447204.0,1570203.125,1677518.0,1597741.75,1537752.875,1308301.625,1268563.625,1578262.375,1437511.25,1576575.625,1596611.75,1370342.625,1478714.375,1687125.625,1601837.5,1622853.5,1658192.375,1294656.125,1320216.25,1258534.625,1287064.875,1020946.4375,1142222.0,1159378.125,1267567.875,1330661.5,1423152.875,1576756.5,1602744.75,929791.3125,900286.625,1117710.25,1071870.625,1158585.375,1092378.125,1388782.625,1389396.5,1503343.125,1308457.25,1200064.375,1178807.75,1244510.0,1257324.5,1207305.75,1194059.125,1647454.625,1490867.25,1217559.625,1234306.75,1632679.75,1678994.125,1289345.625,1343756.0,1477504.25,1374657.25,1810855.0,1574567.25,1732519.375,1733982.75,1695950.125,1835643.25,2094580.125,1929256.625,1420571.625,1610086.875
129,1544011.625,1452122.375,1248473.625,1343007.0,1124663.625,1103746.0,1477051.75,1277094.25,1463989.25,1364571.75,1532631.75,1410391.25,1318457.375,1219268.25,1234099.125,1342809.125,1342154.5,1402995.875,1099423.75,1219272.75,1208075.375,1245699.0,1397884.0,1250116.125,1415524.25,1369574.875,1039560.4375,1112023.75,1417304.875,1497426.25,1239393.25,1318790.75,1235204.875,1190341.5,1071971.0,1026387.75,1183415.875,1325977.125,1191545.625,1522145.125,1261232.875,1238157.25,1063208.125,1098920.25,932411.0,937674.0,1056320.25,1076384.625,1098879.5,1069758.25,1131494.5,1223185.875,1195379.125,1171269.75,1402138.625,1503491.375,1399926.375,1314906.5,1210477.0,1444028.625,1188666.875,1276105.5,1376067.125,1500511.75,1427261.125,1405821.5,1583012.125,1489791.125,1089591.875,1111853.25,1200364.875,1376205.75,1255355.25,1368863.0,1050930.75,993542.25,1483352.875,1315443.75,1271173.5,1448522.5,889331.8125,1026721.625,1110620.375,1070328.375,1066062.875,1196839.5,1324989.375,1351906.0,1132947.25,1164050.875,1185314.75,1274611.125,1073064.125,967305.375,1187392.75,1156546.75,1180441.5,1336986.25,1136662.75,1229773.875,873813.75,902459.5,1173815.125,1087734.125,1555495.75,1513989.375,1185250.0,1321964.5,1115868.75,1140090.0,1156333.875,1153792.125,1396038.25,1371430.125,1054685.375,1039988.9375,1131535.25,983625.75,1510322.75,1543796.75,1417657.25,1500608.25,1372267.875,1431458.25,1340145.625,1519327.625,1454332.125,1561731.75,1496724.875,1538840.125,1657960.625,1535011.375,1596079.75,1647411.875,1240278.0,1326673.875,1543275.75,1580979.0,1341954.5,1492350.0,1188026.875,1293078.375,1311525.5,1368480.875,1220158.25,1302542.5,1627225.125,1636292.375,1619233.75,1603422.125,1553227.0,1568070.625,1658006.0,1708157.125,1218398.25,1313796.25,1161395.0,1268138.875,1313963.875,1415133.5,1563581.75,1522175.125,1278926.375,1379765.0,1323636.625,1420628.875,1225840.0,1368745.875,1486091.375,1535721.125,1236240.875,1304951.25,1204274.25,1263376.75,1715397.625,1695024.5,1377742.375,1352013.625,1367388.625,1398274.0,1412682.125,1445438.25,1569602.625,1675960.5,1599667.0,1538610.625,1307912.25,1268264.0,1581098.625,1439595.75,1576741.375,1594859.25,1370918.375,1477422.75,1685318.125,1599599.125,1622694.25,1656431.625,1293749.0,1318823.0,1259308.5,1287191.375,1019724.125,1142810.625,1159835.0,1267887.625,1328938.125,1420198.875,1577744.625,1603110.75,931354.1875,902292.6875,1119778.875,1074150.5,1161962.375,1094737.125,1389986.125,1388907.875,1502322.75,1307218.25,1200023.875,1178565.375,1246684.375,1256508.25,1206591.0,1193585.25,1646440.625,1489593.375,1217351.375,1235546.0,1632782.875,1677489.0,1288460.0,1345713.875,1478387.625,1375241.625,1809501.25,1575558.625,1734213.75,1733697.5,1694280.5,1832753.5,2093642.75,1928503.625,1421818.5,1612058.625
130,1544004.0,1452341.375,1246485.625,1340179.625,1125794.0,1101138.25,1479472.0,1275178.125,1463967.875,1367808.375,1532017.875,1410446.75,1320022.125,1218964.125,1230539.125,1340040.5,1342965.0,1402040.625,1100728.125,1218469.875,1209335.125,1246507.5,1398363.5,1249746.5,1418418.125,1368716.625,1044743.0,1111836.0,1419779.625,1499639.25,1241764.125,1320946.875,1234135.75,1192902.0,1076951.25,1027044.4375,1180219.125,1324848.125,1190258.0,1525572.375,1264152.25,1241892.75,1061899.125,1097155.625,934618.125,938533.25,1053340.875,1074400.875,1099546.0,1072177.75,1132105.875,1222762.625,1197169.375,1172105.0,1405174.625,1503550.625,1403255.875,1316249.375,1212477.75,1443156.5,1189109.0,1276565.625,1377600.25,1500622.875,1426787.125,1406073.5,1582720.625,1490600.125,1087758.5,1112237.5,1200096.0,1378374.25,1256388.5,1369174.25,1052223.125,993808.75,1483684.125,1314682.875,1272898.875,1449652.125,888998.375,1029900.8125,1109851.0,1069940.375,1065320.375,1196627.875,1326067.5,1353774.625,1128805.5,1164790.375,1183511.75,1272820.375,1072257.375,967403.0625,1186997.125,1158732.5,1179480.75,1334726.125,1135270.125,1231933.125,871754.0,904864.3125,1173410.75,1088295.625,1551200.25,1514887.375,1183293.625,1320604.25,1117706.875,1140689.0,1156692.375,1154768.5,1394972.5,1368710.625,1054773.875,1040923.5,1130734.75,985654.75,1505952.75,1535803.625,1416075.25,1498285.25,1370031.0,1431531.625,1339063.625,1514435.75,1457972.625,1563197.0,1498404.625,1536662.75,1659590.0,1531728.375,1597020.375,1644570.625,1239471.125,1325970.0,1543882.25,1581732.125,1346218.25,1492975.5,1189368.25,1294484.875,1310669.125,1369089.375,1221153.875,1303257.375,1623328.75,1632002.5,1618111.625,1601470.5,1551648.875,1567398.125,1658675.125,1709237.25,1222269.75,1315040.125,1163680.25,1269825.5,1318747.25,1417294.75,1565642.75,1522718.625,1278411.0,1379248.75,1323603.5,1420193.625,1225307.875,1367654.25,1486906.875,1536973.5,1236436.25,1304834.75,1204041.75,1263586.125,1715705.375,1695913.25,1375566.25,1352733.125,1369187.125,1396538.875,1408819.875,1442244.875,1567271.875,1676257.25,1604498.375,1543555.875,1309778.5,1271583.25,1581894.375,1438291.0,1579415.75,1596287.875,1372723.125,1482915.625,1682194.75,1597063.5,1623527.125,1654720.625,1293406.875,1320589.5,1259828.75,1288328.125,1018927.375,1144060.25,1158820.75,1269789.0,1330729.0,1421922.625,1579880.875,1606510.625,930261.25,902558.4375,1118765.375,1074700.75,1161631.25,1094651.25,1388921.0,1386583.25,1505481.375,1306820.25,1199126.25,1178332.5,1247810.0,1257767.5,1205168.0,1192715.625,1647039.5,1484812.75,1217309.625,1235779.5,1635422.25,1682513.0,1286200.125,1344957.25,1476812.875,1377114.375,1808766.5,1571792.125,1738494.625,1730433.125,1694506.5,1831385.375,2091864.375,1927998.5,1419454.0,1617152.5
131,1543573.875,1453459.0,1243123.25,1339877.75,1123641.25,1100004.0,1478766.375,1276625.25,1465092.75,1367722.625,1528351.0,1409018.875,1321356.75,1220333.25,1227532.5,1338542.125,1339574.875,1401536.875,1105714.0,1221142.625,1210498.75,1253568.125,1395365.625,1250820.125,1420047.625,1370267.5,1050816.75,1114588.125,1415740.375,1500765.625,1242266.75,1327722.625,1232905.25,1197919.125,1082740.125,1029418.0625,1179650.125,1324231.0,1188891.875,1526556.25,1268427.0,1245881.5,1060729.625,1092062.75,936503.125,939206.8125,1052313.0,1073962.0,1097218.75,1069997.125,1133871.0,1218943.0,1196763.875,1173283.125,1407483.25,1506398.125,1406567.5,1320464.125,1210585.0,1446860.75,1190489.25,1276736.75,1375772.125,1500026.0,1426315.625,1406247.5,1586172.875,1493636.875,1088589.125,1111370.625,1200394.625,1379186.375,1257119.25,1368792.375,1051141.5,992790.8125,1478957.875,1311823.0,1273071.25,1450640.625,888890.3125,1029656.375,1111034.5,1066850.25,1063728.0,1195776.25,1328326.75,1354164.5,1130895.625,1164984.125,1182239.125,1269557.0,1074880.5,966990.0625,1189997.125,1158792.625,1179227.75,1332044.5,1133019.5,1229714.875,869447.8125,902662.0625,1174326.25,1087608.875,1551154.75,1514529.125,1182748.5,1319519.0,1117379.375,1140431.625,1157457.125,1153856.25,1395600.125,1368560.5,1052026.25,1039240.5,1128937.5,986921.3125,1505023.375,1538193.0,1414916.625,1499528.75,1368710.125,1429002.375,1336810.75,1515177.875,1457525.5,1562366.625,1500065.875,1537115.25,1658460.625,1531313.375,1597532.0,1645172.125,1236414.75,1325841.125,1542910.75,1582007.25,1348489.125,1493228.5,1187774.25,1295232.75,1307719.875,1369002.5,1222613.625,1302215.125,1617365.0,1627155.75,1614111.0,1600963.5,1549016.375,1566309.25,1657380.125,1708086.125,1223113.5,1316949.25,1165204.375,1271850.375,1320383.25,1418407.5,1565496.5,1524260.125,1279550.25,1378732.0,1323459.0,1419095.75,1225474.625,1366058.25,1487680.625,1537598.0,1237766.25,1305784.25,1204427.25,1264474.375,1713391.375,1693749.625,1372160.5,1353882.0,1368396.875,1394950.375,1406474.0,1441717.625,1563613.125,1674476.0,1603607.25,1545189.0,1312381.0,1273359.875,1581847.0,1441436.5,1581976.75,1598023.0,1374654.875,1492470.375,1682236.5,1597452.125,1622647.25,1654569.5,1294679.25,1320147.125,1260567.875,1286922.5,1021948.9375,1143489.75,1159162.25,1270178.75,1331898.625,1422429.875,1578854.875,1606510.25,929216.9375,900986.125,1116342.375,1073962.375,1158875.0,1094638.75,1388318.0,1386625.875,1509195.25,1306042.625,1198610.75,1177690.25,1247074.0,1257337.5,1204783.0,1191400.25,1647604.75,1485402.25,1217167.5,1234382.25,1635773.125,1684425.125,1284847.75,1343454.25,1476001.125,1377879.375,1811388.25,1569550.25,1740035.25,1729784.625,1698529.625,1832975.0,2094390.125,1929256.375,1417526.5,1616337.375
132,1543880.0,1454230.875,1241979.375,1340867.875,1121974.875,1100089.5,1473708.0,1276530.875,1464179.125,1363736.125,1529447.0,1410503.625,1320654.75,1222462.375,1229438.5,1341174.625,1339107.0,1402634.75,1106285.125,1222327.5,1210042.75,1255703.5,1392615.875,1252682.125,1416571.25,1370683.625,1043783.9375,1111638.375,1415275.125,1501678.25,1240538.625,1332410.875,1234056.125,1198825.25,1079971.0,1029826.6875,1180895.125,1327164.125,1190731.625,1526805.625,1268176.5,1245366.375,1059852.25,1090162.75,934572.375,937852.9375,1052612.75,1072428.375,1095640.25,1066013.625,1133375.5,1218583.75,1195332.25,1174610.625,1404826.875,1507921.875,1405641.875,1322197.375,1205224.875,1447148.0,1190660.0,1278611.375,1376218.125,1501258.25,1425796.75,1406053.875,1587198.125,1493279.25,1088750.0,1111551.0,1202371.375,1378809.0,1257697.0,1369322.5,1051566.0,991927.8125,1479537.625,1311942.25,1273969.875,1451463.375,891585.0625,1029421.625,1113328.0,1065212.25,1064093.25,1195034.375,1331516.25,1354339.625,1134553.25,1163194.875,1184169.375,1268603.25,1075686.625,965839.125,1192955.125,1158597.0,1181197.125,1331651.25,1135089.875,1228588.125,870946.9375,899803.0,1175418.5,1085724.625,1554019.5,1513446.75,1184114.25,1318716.625,1116027.625,1140672.5,1157355.75,1154267.125,1397972.125,1370743.5,1051763.0,1037583.0,1130130.375,983633.3125,1508075.5,1543464.5,1417440.5,1503582.375,1371703.0,1428192.375,1332236.25,1514903.25,1452447.0,1558236.125,1498518.25,1537734.125,1653896.375,1532372.5,1594895.375,1644388.5,1235626.625,1326136.375,1540502.25,1580789.125,1347456.875,1493485.25,1186119.25,1296057.0,1307952.25,1369791.0,1224251.125,1301923.375,1612550.375,1620749.25,1612133.625,1599810.875,1548691.875,1566771.5,1655396.625,1706671.875,1221475.125,1318816.0,1165588.5,1274441.75,1318640.0,1419223.125,1560809.25,1524463.25,1280077.375,1382399.375,1322516.5,1418978.25,1225691.0,1369351.375,1487794.5,1538982.75,1237350.375,1307997.75,1203532.875,1266161.375,1711887.625,1692088.375,1373307.25,1356103.875,1368118.0,1397728.25,1408971.625,1443114.75,1564405.5,1673143.875,1602433.25,1545318.375,1314655.25,1274309.375,1582981.0,1443871.25,1583331.25,1598949.125,1375064.375,1493292.375,1686171.0,1601478.375,1623440.0,1656911.25,1295742.875,1316396.5,1261186.625,1284630.5,1024697.375,1140771.75,1159666.125,1267892.25,1331390.75,1418807.875,1577109.0,1603819.875,929927.875,900444.0625,1114570.5,1074400.25,1158414.375,1096203.625,1389322.75,1388189.5,1508630.125,1304205.25,1198139.625,1177784.625,1247070.125,1255662.875,1204194.25,1190887.25,1648622.375,1489110.25,1216592.875,1233772.125,1628806.875,1678392.625,1285107.75,1344242.125,1476331.25,1376578.125,1811708.5,1567717.125,1735993.0,1730244.875,1696589.0,1831183.625,2096301.125,1930686.5,1417386.875,1609968.375
133,1545552.125,1455068.0,1243764.25,1340527.25,1121406.5,1099075.375,1474154.875,1273730.375,1462758.375,1362871.875,1533770.125,1413709.25,1319139.25,1222464.25,1231702.625,1342467.25,1343277.625,1403487.75,1098779.875,1217420.875,1206631.25,1247670.875,1393493.125,1249447.75,1414767.875,1368072.5,1033968.1875,1104802.5,1421455.625,1500719.25,1239342.125,1327291.875,1236928.375,1192818.125,1070967.75,1026302.25,1181258.875,1329621.75,1193230.75,1527090.0,1264708.875,1243090.375,1060821.625,1099478.125,932215.1875,935692.625,1051760.875,1068114.625,1097275.5,1066919.875,1128877.75,1222602.5,1196761.5,1175069.0,1404050.375,1507046.75,1404484.875,1319606.125,1207763.75,1445213.75,1189060.5,1281410.0,1381614.0,1503017.25,1428442.5,1406830.375,1585649.75,1491583.75,1087612.375,1110273.75,1204310.25,1379290.375,1258759.875,1368838.25,1053911.5,990956.0,1480943.25,1310844.75,1274266.125,1450847.5,895585.0625,1031712.1875,1113165.875,1068751.0,1066578.0,1193869.375,1332246.875,1355586.375,1129608.625,1160576.125,1185295.625,1271006.125,1072357.875,964677.75,1191285.75,1160627.625,1182200.625,1330528.0,1138806.0,1231624.625,873148.5625,901295.125,1174171.625,1085045.5,1553905.375,1514779.375,1183905.625,1319796.75,1116008.5,1140292.375,1154017.375,1153934.0,1397649.5,1370986.125,1050946.125,1037105.6875,1130077.25,978754.25,1508312.875,1542314.625,1419630.0,1504980.25,1375122.125,1430525.875,1333717.0,1513151.0,1451678.625,1557296.625,1498694.0,1537091.125,1655703.0,1534995.875,1594828.0,1643372.5,1239076.0,1326481.0,1541725.0,1582071.75,1348309.875,1493844.75,1188306.125,1296341.875,1310834.25,1371195.5,1224326.625,1303520.25,1611048.125,1618411.0,1615181.875,1600450.375,1550573.375,1569397.875,1655592.5,1708092.75,1223484.625,1319841.625,1165923.75,1277289.25,1321256.25,1421091.75,1562194.125,1525735.0,1280430.375,1384501.75,1321920.75,1417270.625,1223997.5,1371734.875,1487658.125,1537473.625,1235584.125,1309739.75,1202512.0,1267360.75,1711585.0,1692064.5,1376086.375,1357450.75,1369188.125,1398554.0,1411702.5,1444883.125,1568680.75,1674759.75,1605224.75,1546460.375,1314990.125,1274799.0,1579248.625,1438724.5,1580594.75,1598163.5,1372318.5,1484092.0,1688053.875,1602902.75,1625284.0,1658668.375,1294415.75,1315421.25,1260136.125,1284886.75,1021623.5625,1139450.75,1157465.625,1266179.25,1331003.0,1416864.375,1579124.5,1604877.625,930419.25,900914.1875,1114042.0,1074831.75,1160037.75,1096166.375,1390065.375,1387957.125,1506093.375,1305567.75,1197391.625,1179829.375,1247368.75,1256862.5,1202502.75,1192323.125,1649157.25,1488187.625,1215622.75,1235897.625,1625064.75,1677850.25,1285818.625,1345765.0,1476204.75,1376573.0,1809037.625,1565316.25,1734058.5,1730263.5,1692804.75,1829805.75,2094495.125,1930436.375,1417367.375,1610228.75
134,1545089.375,1454702.5,1244327.0,1339746.875,1120502.5,1098457.5,1477482.625,1273341.25,1462516.25,1364361.25,1533112.625,1413285.375,1318128.375,1220518.125,1230389.0,1340986.625,1343864.375,1402912.875,1094058.125,1214917.25,1204840.375,1244427.5,1394225.0,1246459.75,1415567.375,1367138.5,1035096.75,1105124.75,1422807.75,1499337.75,1240340.5,1322368.375,1236785.875,1189333.625,1069172.5,1024835.5625,1180813.125,1328295.625,1192770.0,1525907.5,1262481.0,1241662.75,1061698.125,1104916.625,932689.0,935763.8125,1051497.0,1067340.25,1099247.125,1070454.875,1126767.625,1223853.125,1197794.5,1173881.625,1405356.75,1505949.25,1405352.625,1317796.125,1214349.25,1445794.0,1188075.375,1280754.5,1382429.25,1502083.75,1431281.5,1407525.875,1585213.25,1491554.625,1087138.75,1108614.75,1203867.75,1379785.0,1259019.5,1367785.75,1053607.5,990957.3125,1477869.625,1308495.625,1273141.5,1449534.625,896064.625,1031923.0625,1111825.5,1071055.5,1067236.0,1192884.0,1330538.125,1355960.75,1126416.25,1160145.875,1184647.125,1273501.625,1071143.5,964448.625,1188884.75,1160397.375,1181507.125,1329543.0,1138983.0,1232847.375,873482.4375,903180.6875,1173028.875,1085808.25,1553042.625,1516818.5,1183664.25,1321641.75,1116253.5,1139556.25,1152196.375,1151799.125,1395105.5,1369308.5,1049075.0,1037574.5625,1127817.75,979100.75,1506619.75,1539435.25,1418490.0,1502722.0,1374146.25,1430889.375,1338916.0,1515068.25,1455193.25,1560286.125,1500824.75,1537327.5,1660509.0,1537194.75,1597384.0,1645345.375,1240764.0,1326406.75,1544248.125,1585094.0,1349627.625,1494505.75,1189776.625,1295497.625,1310419.75,1370832.5,1222948.625,1304353.625,1613838.125,1623593.75,1618065.75,1602258.0,1550994.0,1570027.625,1656341.875,1708879.25,1225096.125,1318990.0,1165505.75,1276391.5,1323706.125,1421388.375,1567758.625,1527635.375,1280605.375,1381670.75,1321915.625,1416491.0,1222034.125,1369814.75,1487510.75,1535212.5,1235602.125,1309234.5,1202868.375,1266759.625,1711875.375,1692967.875,1375518.375,1355690.25,1368096.375,1395264.125,1411164.0,1445133.5,1569257.25,1675824.0,1606060.5,1545833.75,1312569.75,1272999.25,1574205.0,1434611.875,1577895.0,1597386.375,1370563.875,1478976.25,1686242.625,1601143.375,1624325.375,1658072.125,1293397.75,1318320.75,1258801.625,1286718.875,1019534.9375,1141457.125,1157528.75,1267380.625,1331980.5,1420070.75,1581402.625,1607808.625,929934.125,901113.125,1114972.75,1074356.625,1160282.5,1094475.875,1389511.625,1387201.0,1505220.875,1308190.75,1197767.625,1180907.5,1246770.75,1258675.375,1202373.5,1193868.875,1648528.5,1485679.0,1215801.5,1237582.875,1629550.75,1682530.875,1286661.25,1345198.625,1476070.125,1377370.625,1808233.125,1566489.5,1736113.5,1730375.875,1694305.75,1832047.375,2092820.875,1929150.75,1417773.0,1614500.375
135,1541394.875,1453219.5,1242773.375,1341029.0,1120543.75,1101209.125,1473984.5,1277079.625,1462835.5,1364271.0,1527900.75,1409262.875,1317989.125,1220160.875,1229037.25,1341878.5,1338167.75,1402716.5,1100183.875,1221549.125,1208082.5,1254397.625,1392134.125,1252337.75,1414994.875,1369895.625,1041697.375,1113643.25,1414842.75,1499783.625,1241795.75,1326472.875,1232182.75,1193456.75,1077048.75,1028086.5625,1181788.375,1325233.75,1190763.0,1523552.25,1263015.625,1240485.0,1061308.0,1094651.875,934128.0,937860.6875,1054392.75,1073308.75,1097379.75,1070262.25,1130816.875,1220505.625,1195717.125,1171386.25,1403548.75,1505459.0,1405834.75,1319857.75,1212378.5,1445541.375,1188407.5,1276280.875,1374072.125,1499530.75,1429804.125,1407040.125,1585529.0,1490867.875,1089616.375,1110808.375,1200984.0,1379130.0,1257480.5,1369771.75,1050906.875,993664.1875,1478722.875,1312878.25,1273326.25,1450252.125,892853.625,1028047.375,1111360.75,1067105.25,1065570.375,1194779.25,1330168.5,1355195.5,1135723.625,1162684.0,1185962.75,1273020.125,1075220.875,964688.0625,1189612.375,1155586.75,1182675.5,1332518.5,1137041.125,1227675.875,872990.1875,900882.0625,1174523.25,1085964.25,1555201.0,1515469.75,1186073.875,1321606.5,1115093.5,1139270.5,1154373.0,1150243.5,1393142.5,1367517.875,1048392.375,1038675.75,1126235.75,983642.25,1503283.625,1539852.75,1417810.125,1500339.75,1370657.625,1427487.5,1337746.625,1517888.5,1453614.25,1561018.0,1500099.5,1539027.625,1659211.75,1535863.5,1596628.125,1647170.75,1236247.125,1325851.5,1541666.5,1583856.0,1347628.875,1495476.25,1186421.375,1294227.0,1306165.625,1368594.0,1221913.125,1303339.375,1620987.0,1632501.625,1616746.25,1601351.625,1550403.625,1566808.875,1654481.875,1705344.75,1222216.875,1316488.5,1163991.0,1271123.5,1319321.25,1418206.875,1565583.625,1526924.625,1279914.875,1378511.75,1322498.75,1420832.75,1223455.625,1367868.375,1487784.25,1538878.625,1237089.75,1306769.0,1203783.875,1263900.75,1712562.875,1694235.75,1372188.375,1351990.5,1365500.125,1394549.75,1408931.0,1442791.25,1565255.0,1674856.625,1602427.625,1542703.0,1310185.375,1270389.625,1578279.625,1439106.0,1581422.375,1599490.5,1374367.375,1484983.5,1684430.375,1601766.625,1622071.25,1657495.875,1295749.375,1321513.75,1259757.5,1288277.25,1025596.625,1145796.625,1164498.75,1270329.75,1333601.0,1425397.125,1578843.875,1606304.875,928873.625,900106.1875,1116928.75,1073643.125,1157596.875,1093053.5,1387329.625,1387896.625,1505111.0,1306774.625,1199720.25,1178090.25,1245962.75,1257371.5,1205681.25,1193596.875,1648950.0,1487527.0,1217939.375,1234727.0,1631219.25,1677387.875,1287134.25,1341590.875,1475638.75,1373956.625,1808434.375,1570592.25,1734218.75,1729031.25,1694049.375,1832037.75,2092492.875,1927977.5,1417926.875,1609362.0
