time,ROI_001,ROI_002,ROI_003,ROI_004,ROI_005,ROI_006,ROI_007,ROI_008,ROI_009,ROI_010,ROI_011,ROI_012,ROI_013,ROI_014,ROI_015,ROI_016,ROI_017,ROI_018,ROI_019,ROI_020,ROI_021,ROI_022,ROI_023,ROI_024,ROI_025,ROI_026,ROI_027,ROI_028,ROI_029,ROI_030,ROI_031,ROI_032,ROI_033,ROI_034,ROI_035,ROI_036,ROI_037,ROI_038,ROI_039,ROI_040,ROI_041,ROI_042,ROI_043,ROI_044,ROI_045,ROI_046,ROI_047,ROI_048,ROI_049,ROI_050,ROI_051,ROI_052,ROI_053,ROI_054,ROI_055,ROI_056,ROI_057,ROI_058,ROI_059,ROI_060,ROI_061,ROI_062,ROI_063,ROI_064,ROI_065,ROI_066,ROI_067,ROI_068,ROI_069,ROI_070,ROI_071,ROI_072,ROI_073,ROI_074,ROI_075,ROI_076,ROI_077,ROI_078,ROI_079,ROI_080,ROI_081,ROI_082,ROI_083,ROI_084,ROI_085,ROI_086,ROI_087,ROI_088,ROI_089,ROI_090,ROI_091,ROI_092,ROI_093,ROI_094,ROI_095,ROI_096,ROI_097,ROI_098,ROI_099,ROI_100,ROI_101,ROI_102,ROI_103,ROI_104,ROI_105,ROI_106,ROI_107,ROI_108,ROI_109,ROI_110,ROI_111,ROI_112,ROI_113,ROI_114,ROI_115,ROI_116,ROI_117,ROI_118,ROI_119,ROI_120,ROI_121,ROI_122,ROI_123,ROI_124,ROI_125,ROI_126,ROI_127,ROI_128,ROI_129,ROI_130,ROI_131,ROI_132,ROI_133,ROI_134,ROI_135,ROI_136,ROI_137,ROI_138,ROI_139,ROI_140,ROI_141,ROI_142,ROI_143,ROI_144,ROI_145,ROI_146,ROI_147,ROI_148,ROI_149,ROI_150,ROI_151,ROI_152,ROI_153,ROI_154,ROI_155,ROI_156,ROI_157,ROI_158,ROI_159,ROI_160,ROI_161,ROI_162,ROI_163,ROI_164,ROI_165,ROI_166,ROI_167,ROI_168,ROI_169,ROI_170,ROI_171,ROI_172,ROI_173,ROI_174,ROI_175,ROI_176,ROI_177,ROI_178,ROI_179,ROI_180,ROI_181,ROI_182,ROI_183,ROI_184,ROI_185,ROI_186,ROI_187,ROI_188,ROI_189,ROI_190,ROI_191,ROI_192,ROI_193,ROI_194,ROI_195,ROI_196,ROI_197,ROI_198,ROI_199,ROI_200,ROI_201,ROI_202,ROI_203,ROI_204,ROI_205,ROI_206,ROI_207,ROI_208,ROI_209,ROI_210,ROI_211,ROI_212,ROI_213,ROI_214,ROI_215,ROI_216,ROI_217,ROI_218,ROI_219,ROI_220,ROI_221,ROI_222,ROI_223,ROI_224,ROI_225,ROI_226,ROI_227,ROI_228,ROI_229,ROI_230,ROI_231,ROI_232,ROI_233,ROI_234,ROI_235,ROI_236,ROI_237,ROI_238,ROI_239,ROI_240,ROI_241,ROI_242,ROI_243,ROI_244,ROI_245,ROI_246
1,1899897.125,1806950.25,1747419.375,1510808.875,1554739.125,1396675.375,1873892.75,1678545.75,1753806.375,1793481.875,1836962.25,1954414.875,1763268.625,1791287.0,1618723.5,1608402.625,1740812.375,1757708.25,1592908.5,1520986.0,1483849.875,1452027.5,1622048.5,1547178.5,1816213.75,1664898.625,1505149.875,1493322.125,1825928.0,1693099.0,1539505.75,1521941.5,1571964.625,1383110.5,1415920.5,1380914.5,1570163.625,1501789.375,1536824.375,1687760.0,1646726.875,1734841.0,1390191.375,1258621.875,1189121.25,1134200.25,1293500.5,1448287.375,1278697.375,1243432.875,1454634.25,1374849.5,1877564.0,1634413.125,1626491.0,1761892.625,1947374.125,1943901.75,1465255.625,1940790.125,1606740.875,1507456.0,1696082.625,1897687.0,1791414.0,1960340.0,1569066.125,1711654.25,1396008.125,1448674.125,1862204.875,1964939.625,1989159.0,1755524.0,1373536.5,1172657.5,1827828.625,1644536.625,1571923.5,1756711.375,1265914.5,1329815.875,1379253.75,1281744.875,1570280.25,1521974.0,1589479.25,1524333.625,1228131.625,1188046.625,1604757.375,1464190.125,1189823.75,1148078.75,1379026.625,1379985.125,1555063.25,1591750.25,1464653.5,1418645.5,1048498.625,1050202.625,1371014.375,1316215.5,1659048.125,1618457.5,1585730.75,1512139.625,1457797.375,1438946.375,1303620.25,1205335.875,1649861.625,1816726.5,1326024.875,1298741.125,1356520.125,1329138.5,1647471.75,1963939.5,1970599.625,1819462.375,2072372.0,2138909.0,1899700.0,2040866.5,1970297.625,2008986.25,1971891.875,2199313.25,1960570.25,1879102.875,2192941.75,2078737.0,1772541.875,1721457.5,2191538.25,2042544.125,2047085.5,2306861.0,1791222.125,1789083.25,1969582.25,1886623.75,1848122.625,1777879.875,2075413.75,2196043.5,1950346.0,2030743.625,2243260.0,2356627.25,1939890.5,2005662.125,1740245.5,1753920.5,1597938.125,1522023.5,2062843.625,2032458.25,1805871.75,1849132.5,1785256.375,1751810.625,1669540.75,1494030.875,1582125.5,1583513.25,1978454.875,1771077.0,1854495.0,1648806.25,1656028.125,1603956.375,1905681.75,1922049.125,1630981.875,1668005.5,1733590.75,1996562.5,1566202.625,1623580.75,1945487.125,2219993.5,1873333.25,2029095.375,1712358.5,1798937.5,1816213.5,1657664.25,2071138.875,2134013.25,1890466.25,2001909.75,1815783.0,1873263.375,2307135.75,2402345.75,1716106.25,1590529.625,1772946.875,1623496.75,1409476.0,1468124.75,1539307.375,1505081.375,1722576.625,1780171.375,2075861.375,2162387.5,1148432.625,1102079.875,1247356.375,1157149.625,1329146.5,1268173.875,1810409.0,1725336.5,1873787.0,1837890.5,1365403.5,1386003.625,1355834.5,1603872.75,1242000.75,1339544.625,2520576.0,2554228.75,1342389.625,1249797.25,1860640.75,2049103.625,1468958.125,1678421.75,1726911.375,1679101.25,2341657.5,2083037.125,2080576.0,2421814.0,2212257.25,2754880.0,2870370.25,2918459.75,1690633.25,2042246.625
2,1898785.875,1807571.375,1743447.0,1521596.375,1549267.125,1401951.125,1866846.0,1678281.0,1747016.125,1787320.75,1830951.375,1955285.375,1760380.25,1791548.0,1614735.0,1609904.875,1737381.5,1761831.875,1589360.0,1523979.0,1480694.125,1454149.375,1619531.0,1556121.5,1806740.5,1674251.5,1506730.625,1492225.25,1820435.0,1694798.125,1538055.25,1524888.25,1569495.875,1387394.5,1415507.875,1379790.375,1567810.0,1500794.125,1531411.875,1682497.625,1646044.5,1733855.75,1385947.375,1254322.625,1188298.5,1134611.125,1293149.625,1444620.5,1279030.875,1241306.75,1455235.875,1372013.25,1869908.75,1641965.5,1620705.375,1767016.125,1943934.875,1951475.5,1462035.75,1942815.125,1605533.75,1504375.625,1690495.5,1899277.0,1796240.375,1960968.25,1565888.75,1704702.375,1401523.0,1454212.875,1859575.75,1965114.5,1983322.5,1751874.125,1379065.75,1162315.375,1808171.25,1624521.625,1572836.0,1743127.375,1272784.375,1320340.25,1378133.0,1277422.5,1580319.125,1509885.5,1584586.125,1518852.625,1237160.75,1183904.75,1614351.125,1455644.125,1194635.25,1147618.625,1389524.625,1376829.625,1564322.125,1583713.0,1470903.625,1412013.5,1054089.875,1045982.25,1378512.25,1311885.125,1664074.625,1616029.75,1588409.125,1508997.0,1462696.25,1439551.375,1309846.875,1203440.375,1654836.625,1817159.375,1338188.875,1313158.375,1369428.25,1330044.375,1647795.25,1969365.125,1965682.0,1822618.25,2073381.625,2129305.75,1900696.0,2044133.5,1963488.5,2006462.125,1966275.5,2198619.0,1960831.75,1889733.625,2184872.5,2075680.25,1771656.375,1722255.125,2182666.0,2042617.875,2037269.125,2305509.75,1781601.125,1787257.25,1974988.25,1888228.625,1843436.5,1775580.25,2080014.125,2198790.0,1952511.0,2031607.0,2242231.5,2357804.25,1943130.875,2008879.875,1732935.375,1758527.125,1599997.125,1516287.375,2052085.875,2038312.125,1804194.25,1861974.25,1780626.125,1754951.25,1665697.125,1496921.125,1581812.375,1584428.125,1967887.375,1768033.875,1854066.625,1650226.75,1656631.75,1607245.75,1907405.875,1920706.875,1626513.0,1663496.625,1732326.0,1994199.5,1577068.125,1632563.75,1939273.5,2219875.5,1869062.375,2026851.875,1711277.0,1795763.5,1816609.125,1657121.375,2068620.625,2134545.0,1886620.5,1998737.25,1820741.875,1874210.375,2305284.5,2403213.5,1716102.375,1586990.875,1781840.625,1616420.25,1415970.25,1466805.875,1546557.75,1501258.5,1716019.0,1777762.875,2073793.5,2162082.75,1146542.25,1103193.125,1248420.625,1157881.25,1333171.0,1272206.75,1812972.125,1725857.75,1880025.375,1839840.75,1369312.75,1389246.125,1359416.125,1608198.375,1245813.625,1340221.875,2521942.75,2553852.25,1344678.625,1249493.625,1866768.375,2060381.5,1473766.375,1677449.375,1735937.625,1678270.125,2346091.25,2085673.25,2093124.875,2430022.25,2225614.0,2763068.5,2879438.0,2919045.75,1696987.5,2040569.625
3,1902409.125,1809569.5,1744879.875,1518330.625,1551941.125,1402769.375,1866422.75,1676650.125,1746180.0,1785529.375,1831508.125,1953919.125,1761483.875,1791382.125,1614645.25,1609307.375,1737771.75,1759611.0,1591005.5,1524937.75,1477913.875,1450521.75,1618728.625,1551885.125,1806205.875,1670607.125,1505877.5,1490940.0,1819177.0,1695193.125,1536049.625,1517676.625,1567663.5,1383869.0,1416149.5,1376667.625,1568432.25,1501036.625,1529476.25,1678536.875,1644066.125,1732177.0,1391378.0,1256055.375,1187676.5,1133301.0,1292532.625,1448157.375,1278379.25,1241112.875,1458218.875,1373251.375,1870486.625,1639749.25,1620750.625,1765089.625,1943492.125,1950158.0,1460814.5,1941554.875,1608001.0,1503622.5,1690439.75,1897147.0,1796052.75,1959602.5,1565969.5,1704688.125,1405558.0,1459670.5,1862030.25,1968676.75,1986678.125,1755775.125,1382427.75,1168509.625,1823971.5,1637208.5,1579168.75,1755812.125,1273725.625,1323088.375,1383119.625,1281830.25,1580354.125,1512166.625,1589232.25,1525784.75,1235456.0,1187193.625,1608621.625,1454027.625,1195083.75,1148545.125,1391444.875,1378087.25,1560098.125,1583892.375,1468620.875,1412290.5,1053652.375,1046548.5,1376466.125,1312078.375,1665817.5,1617719.375,1588564.625,1509396.625,1460543.125,1439488.875,1309989.0,1202363.125,1653829.875,1818768.625,1339781.125,1313982.625,1370481.875,1331181.5,1652723.25,1974686.25,1967884.25,1823423.75,2076787.0,2139319.5,1892671.25,2040376.125,1957995.0,2002951.75,1965999.125,2195252.5,1960166.875,1888908.25,2181210.5,2074315.875,1767510.5,1722329.125,2178175.5,2037405.5,2035424.125,2301725.0,1779006.125,1784818.125,1972525.125,1890659.625,1842741.375,1774745.75,2079293.875,2199455.5,1952926.5,2035722.875,2241845.5,2357633.25,1943075.0,2008583.375,1732524.0,1756096.125,1599530.875,1516576.0,2051040.75,2034063.375,1802470.0,1861175.75,1782163.625,1754663.125,1668638.75,1497811.625,1582287.0,1585079.5,1978951.75,1771710.25,1855392.125,1649458.125,1658090.5,1607883.625,1906895.75,1920397.625,1625509.875,1660009.125,1732285.75,1994147.0,1575263.625,1628714.875,1936014.75,2212775.0,1869207.0,2025443.0,1710337.0,1795385.625,1816315.75,1654995.875,2070923.5,2135923.5,1884399.5,2006640.375,1821506.0,1875863.75,2308140.25,2403512.25,1716587.625,1587528.375,1781295.0,1617840.125,1417353.125,1465943.25,1544681.375,1500999.25,1715462.5,1776572.625,2070851.75,2157374.5,1149943.0,1104356.75,1248717.375,1158721.625,1333515.875,1272915.25,1812561.25,1726281.875,1876058.0,1837298.5,1369614.375,1388074.875,1356553.25,1604265.125,1244956.75,1338091.375,2520712.0,2550955.5,1345247.875,1248829.625,1864651.75,2054743.5,1473174.875,1679522.625,1732961.375,1676801.875,2346416.75,2084659.5,2089417.75,2425253.0,2219599.25,2755494.0,2876444.75,2917623.5,1695578.5,2037330.25
4,1904473.0,1809626.375,1747088.5,1510109.0,1557270.0,1400105.125,1869676.375,1674086.5,1750933.75,1788189.75,1834458.0,1951420.375,1764272.375,1790883.5,1616106.5,1607119.75,1740056.875,1753284.75,1593503.875,1522795.0,1479375.125,1447907.75,1620495.375,1544453.25,1812022.375,1662646.625,1506031.5,1492177.5,1819576.5,1693474.375,1538905.5,1512891.5,1571593.5,1381688.5,1420128.75,1375430.125,1572294.375,1502085.0,1531750.875,1681548.25,1645026.375,1732676.5,1395659.625,1259419.875,1187162.25,1131774.75,1294333.25,1454314.625,1277580.625,1242973.5,1460983.875,1375744.5,1876012.25,1633902.0,1624488.75,1760370.5,1945229.75,1945301.75,1462063.0,1941209.75,1610227.0,1504098.875,1693133.875,1894151.375,1795169.125,1960299.5,1569451.75,1711291.0,1405861.25,1458280.375,1864235.0,1969781.375,1990588.5,1759067.5,1379658.625,1178611.625,1843780.125,1652394.5,1581848.625,1771928.875,1270230.375,1330562.125,1385790.375,1286191.75,1573980.0,1520789.0,1594795.375,1533606.125,1229197.5,1190405.5,1599337.25,1458359.25,1191822.5,1147962.125,1387420.375,1383083.0,1553141.75,1587704.0,1463441.375,1417088.625,1050056.25,1050305.125,1371274.75,1314074.625,1663755.375,1619475.625,1585471.625,1510697.375,1456634.0,1437600.625,1304172.125,1202236.625,1648139.5,1815587.125,1331090.125,1302926.875,1363081.375,1330949.875,1657418.5,1967771.5,1972630.0,1822596.75,2079112.375,2147017.75,1888990.625,2036204.0,1958157.375,2000803.625,1967428.75,2191748.0,1960606.125,1883957.5,2183996.0,2074462.125,1766729.25,1721065.5,2182298.0,2034075.125,2038943.875,2298486.5,1783655.375,1782673.625,1970468.875,1889245.25,1845344.0,1775452.25,2073197.875,2195839.0,1951432.875,2038387.5,2241614.0,2357087.75,1939233.0,2004537.125,1737559.125,1751935.0,1598346.25,1520023.5,2055741.375,2027723.375,1804051.375,1856105.375,1784999.375,1752834.125,1671274.875,1496130.625,1583379.25,1584972.0,1987314.125,1772394.0,1855902.5,1648674.875,1657312.625,1606066.0,1904378.125,1920257.25,1626003.875,1662367.25,1733154.125,1994748.0,1571129.5,1621407.5,1938060.125,2209801.75,1870744.75,2024698.5,1711581.875,1796390.5,1816945.25,1656149.625,2077223.25,2138145.75,1891646.125,2017053.75,1819212.0,1876082.125,2312180.75,2405739.0,1717210.0,1592627.25,1776479.0,1623751.375,1415231.375,1467663.75,1540806.625,1504105.125,1721539.0,1779796.125,2071831.125,2155975.75,1152406.625,1103039.75,1246958.5,1159060.375,1330593.5,1270126.5,1810683.125,1725285.875,1871729.5,1836985.75,1367791.5,1384981.25,1353581.0,1602059.75,1241030.375,1336763.875,2520916.25,2550547.75,1344714.625,1248111.75,1860482.0,2043945.875,1469207.875,1683122.25,1727888.25,1679274.5,2343896.0,2082136.875,2081845.875,2421150.5,2211564.75,2747574.0,2869662.25,2915388.25,1692424.125,2037109.125
5,1902277.5,1807388.75,1746753.0,1510330.375,1557276.0,1397665.0,1870172.0,1674659.375,1754174.375,1790280.75,1834482.5,1952137.0,1763929.375,1790580.75,1616132.25,1606957.625,1740388.75,1753151.0,1591926.875,1520073.5,1483620.25,1450607.375,1623264.625,1547101.25,1815082.875,1663115.25,1509477.25,1493558.625,1820781.625,1691563.875,1542936.125,1519601.625,1575016.0,1384730.5,1422211.5,1376265.0,1572760.5,1501172.375,1533744.25,1685138.125,1648946.375,1733927.375,1391842.5,1258084.125,1187747.375,1133327.75,1296360.125,1453434.625,1277858.0,1243553.5,1458808.875,1373742.25,1878291.875,1636182.5,1625525.75,1760767.25,1946610.375,1946416.875,1461733.625,1941317.75,1608516.5,1504002.75,1694003.125,1895705.875,1796269.625,1963245.125,1572258.75,1716114.0,1397385.125,1448105.75,1861944.375,1966410.0,1987139.75,1756817.375,1374890.375,1176437.375,1833096.5,1640450.125,1576268.375,1765009.5,1268039.125,1328641.5,1380695.5,1279301.75,1572814.75,1519269.25,1592852.5,1528479.875,1229952.25,1187575.875,1602875.5,1460801.75,1190562.875,1143819.75,1385053.25,1383735.0,1556168.875,1587019.125,1462783.125,1417092.375,1049235.625,1050398.375,1371682.5,1313969.875,1662388.5,1619880.625,1584885.5,1509800.875,1455964.0,1434269.5,1299612.375,1201214.5,1645094.0,1811522.25,1320481.25,1293808.375,1355773.5,1327823.375,1652806.75,1957197.125,1973286.125,1822826.625,2076938.375,2136014.5,1893619.0,2037845.125,1963012.25,2003156.25,1968963.375,2193813.0,1959514.5,1883740.875,2190118.75,2076095.5,1772642.25,1719762.375,2191044.75,2039545.5,2041097.25,2301048.25,1787506.0,1784370.125,1975999.0,1884907.875,1846699.5,1776936.75,2070098.375,2193415.25,1950700.0,2035506.375,2243180.0,2358048.0,1939594.375,2003380.875,1740365.75,1754859.75,1597619.375,1520989.75,2058138.75,2032136.125,1806382.625,1856508.25,1783669.875,1752830.625,1668253.25,1493939.25,1581915.875,1583594.875,1976433.375,1768840.375,1853167.125,1650024.75,1654216.75,1604461.875,1905424.125,1921326.125,1627256.625,1666866.5,1732817.875,1995078.5,1574846.625,1622971.25,1942321.125,2217246.5,1871649.25,2025821.75,1712773.625,1797075.875,1819278.375,1661848.625,2079241.5,2139420.5,1899439.625,2013879.875,1817647.875,1875379.75,2312071.75,2408196.5,1720214.75,1595837.875,1778002.75,1624409.75,1416368.5,1470493.5,1543484.125,1506964.5,1725942.375,1784219.75,2076242.0,2161538.0,1147474.875,1100907.75,1244746.5,1157572.75,1326458.375,1266859.25,1809175.75,1724097.875,1873769.125,1837949.375,1366779.5,1383229.5,1355391.5,1603925.375,1239374.25,1336712.875,2521432.0,2552843.75,1343247.375,1246826.625,1859192.75,2042127.5,1466714.0,1680260.0,1728212.125,1680803.75,2341196.5,2078949.0,2081555.125,2423076.0,2213940.0,2751810.0,2868466.5,2914461.5,1692064.5,2037886.75
6,1899381.625,1804687.125,1747623.75,1515725.375,1553905.25,1397886.5,1868300.0,1676165.875,1751003.5,1788668.375,1833890.875,1955303.75,1761081.625,1791927.0,1616516.5,1610224.625,1739292.75,1760607.375,1589975.875,1519871.375,1486850.75,1453332.125,1626226.875,1555601.75,1812730.0,1668082.125,1513296.5,1494066.875,1823091.875,1691655.375,1542988.125,1527334.875,1571866.625,1386544.125,1418128.75,1379896.625,1569010.5,1499162.375,1533150.25,1682433.125,1651096.5,1734134.0,1387776.875,1255709.625,1189299.375,1135990.25,1295943.75,1449047.0,1278196.5,1241626.0,1453215.125,1371023.0,1875809.125,1641122.25,1622476.75,1764633.0,1945620.125,1950097.0,1459742.125,1940520.75,1604506.875,1502979.625,1692716.125,1899262.5,1796028.5,1963167.25,1569318.75,1711854.75,1388973.875,1441472.375,1857281.5,1961587.75,1982140.375,1754484.75,1372102.5,1164833.75,1815005.375,1626631.75,1570928.875,1749734.375,1268569.0,1319365.25,1375392.5,1271383.125,1577065.5,1511025.625,1587768.5,1518825.125,1234871.125,1183903.625,1612282.25,1458502.75,1192329.875,1141379.5,1384905.625,1380280.375,1561399.875,1583507.125,1464859.75,1412471.875,1051266.0,1046867.0,1374776.25,1312690.0,1662388.375,1621018.5,1588073.875,1508465.625,1455388.25,1433947.25,1302579.375,1201066.875,1649680.0,1814470.375,1320362.75,1296215.25,1352055.0,1324863.625,1644472.25,1960282.625,1970603.25,1821806.375,2074455.625,2122617.75,1900298.25,2041924.0,1967492.75,2007107.125,1971123.875,2198129.5,1957820.375,1883974.75,2194242.25,2077010.875,1778304.5,1721034.625,2196359.25,2046650.625,2041292.375,2305566.0,1787201.75,1786577.5,1981602.25,1882530.125,1845007.0,1775578.625,2076627.375,2197306.0,1951441.75,2031789.625,2247766.5,2359771.0,1946244.5,2007370.375,1737664.75,1759291.25,1595122.75,1518102.375,2057227.25,2038725.25,1804636.0,1857127.625,1780256.625,1752682.5,1665791.75,1492593.5,1579667.125,1580595.25,1969231.375,1769790.5,1848622.625,1649497.875,1652855.375,1604142.5,1910441.75,1923153.375,1629640.625,1666962.375,1731343.5,1995780.375,1579993.625,1629186.5,1942657.25,2223344.75,1872807.25,2026970.625,1711719.875,1797959.0,1820246.75,1666684.0,2074438.625,2138482.0,1894778.625,2000613.75,1817088.5,1874400.125,2310350.5,2407086.0,1721937.625,1593203.25,1781891.375,1619304.125,1418469.375,1471783.375,1547959.125,1507739.375,1723199.75,1781749.875,2077467.75,2164768.25,1139379.75,1101396.125,1244211.0,1155435.625,1324179.375,1264816.875,1808917.375,1724241.75,1877553.25,1836477.375,1366782.625,1383971.5,1357603.0,1603032.875,1241750.5,1337336.5,2520301.5,2554077.5,1342529.375,1246655.125,1860988.875,2047296.625,1467238.125,1671738.125,1728894.25,1675967.875,2341683.25,2077337.875,2084160.5,2421676.25,2216203.0,2758903.25,2873244.0,2916693.5,1691222.375,2036897.625
7,1896925.625,1802489.25,1750726.5,1517555.25,1552927.0,1400100.375,1868992.375,1673625.125,1746972.875,1786615.5,1834640.25,1956382.5,1759759.625,1793303.125,1619666.25,1613449.375,1739430.5,1764744.125,1590957.5,1521502.375,1488976.625,1454031.25,1628697.75,1560068.0,1811439.75,1669565.0,1514075.0,1496281.25,1824132.75,1693794.25,1542617.125,1527631.875,1568811.375,1385409.5,1413117.25,1384922.25,1568216.875,1500088.625,1534049.0,1681406.375,1650380.125,1735611.625,1386936.0,1256519.125,1189563.625,1134851.25,1295209.5,1450244.5,1276729.0,1239872.5,1450198.875,1372397.0,1872633.375,1638259.25,1619570.625,1764792.125,1943515.375,1948964.875,1461205.5,1941353.375,1601459.0,1501815.5,1692825.875,1898815.25,1794123.125,1960242.625,1565074.125,1705114.5,1391777.5,1446722.75,1854401.625,1957372.25,1979480.125,1752499.0,1370163.5,1157932.25,1811462.875,1632598.75,1569540.875,1745692.375,1268457.125,1318289.0,1375421.0,1275185.875,1577614.125,1510538.0,1584788.75,1517912.0,1234688.375,1184317.75,1611604.125,1457181.875,1191931.25,1144051.0,1383473.25,1379347.625,1560610.125,1583721.375,1467090.75,1411882.875,1052670.25,1046008.125,1375149.125,1312793.5,1661126.875,1620994.25,1588669.75,1509400.625,1454667.125,1438310.375,1308190.25,1205117.25,1655349.0,1818954.375,1329794.75,1304581.5,1354960.75,1325496.75,1643435.625,1968984.625,1968226.5,1818047.625,2072399.375,2123600.0,1907688.0,2042058.25,1970759.875,2009031.0,1972309.5,2197179.25,1959393.125,1879724.25,2194727.5,2076234.0,1779976.0,1724056.5,2197419.75,2048017.375,2043046.875,2305206.25,1787810.875,1784910.5,1979571.625,1882539.0,1843866.375,1771087.625,2086521.5,2201830.0,1952376.625,2032250.625,2250009.25,2359794.5,1949297.0,2010699.0,1733877.75,1756683.5,1592108.875,1514818.625,2056556.375,2035268.625,1802468.625,1853452.0,1777976.875,1750004.5,1665410.75,1492226.75,1581460.625,1579481.5,1973093.375,1769916.5,1846663.875,1645209.375,1653866.0,1604675.125,1912558.25,1923580.75,1631174.5,1665550.0,1731884.875,1996708.0,1577208.375,1630577.75,1939899.0,2219446.5,1873606.25,2026475.5,1711390.25,1799777.875,1817035.5,1665191.0,2069160.25,2135882.0,1885418.75,1994841.25,1816696.75,1873106.875,2309519.5,2403398.0,1718529.0,1590883.875,1779979.75,1616930.875,1416476.25,1471355.0,1547615.0,1506624.875,1719974.375,1776647.375,2076407.125,2163064.75,1139633.5,1102794.75,1244531.5,1155229.0,1326167.25,1264464.25,1809734.625,1723907.75,1877661.375,1836342.125,1367211.875,1386146.625,1355619.375,1601079.375,1243603.0,1338728.875,2521435.75,2554163.0,1343746.625,1248288.25,1864484.0,2050165.125,1468917.875,1670350.0,1727695.75,1673018.125,2344602.0,2079274.25,2085830.75,2419042.25,2215434.5,2759546.25,2879579.75,2918652.75,1689768.75,2036604.125
8,1896699.0,1802524.75,1751683.0,1516344.875,1556154.875,1400859.75,1872514.25,1669858.875,1748618.75,1788221.625,1836056.875,1956014.875,1761720.375,1793590.25,1622978.25,1613096.0,1740554.125,1760413.875,1592675.25,1522187.0,1487756.5,1454043.0,1628759.25,1556587.25,1815473.875,1666575.25,1513194.75,1499104.75,1823244.125,1693155.25,1540354.25,1521784.625,1569274.0,1381399.75,1409412.75,1380226.125,1568625.625,1501103.5,1535735.125,1682828.625,1649032.875,1736881.75,1385751.0,1257008.75,1188466.375,1131925.25,1296630.75,1455642.5,1275897.125,1240602.375,1450012.375,1372607.25,1872115.125,1631295.0,1621659.75,1761145.0,1944081.875,1944865.875,1465007.375,1941574.75,1601507.75,1501949.25,1695848.125,1893277.0,1792387.5,1957997.125,1566548.625,1705615.25,1397806.5,1454995.0,1854880.625,1956530.375,1978104.875,1747990.375,1368606.75,1163526.375,1815581.75,1642944.625,1569050.25,1750464.125,1266043.375,1327703.0,1378419.25,1283072.125,1572761.625,1518647.25,1585099.5,1523836.5,1228890.875,1187897.5,1602630.875,1460509.375,1190086.375,1149317.75,1380714.25,1380974.875,1556706.25,1589299.25,1467152.0,1415607.375,1050647.625,1048854.0,1372616.625,1314848.25,1659792.375,1619573.375,1585847.75,1511566.5,1456717.75,1441716.5,1308171.0,1210501.125,1654876.25,1816749.125,1335166.875,1308028.25,1363238.125,1327732.0,1649705.75,1969612.25,1967784.25,1816692.75,2069281.75,2132880.25,1909178.625,2038012.0,1971810.75,2009953.25,1972349.875,2194063.5,1962362.25,1875788.5,2193088.75,2076619.75,1776138.75,1725666.625,2195123.25,2045802.0,2045580.0,2301986.0,1789854.25,1781453.75,1974012.5,1885245.875,1844846.125,1769147.25,2087142.5,2200844.75,1953274.0,2034474.125,2247149.5,2358189.0,1946220.875,2010923.0,1735145.625,1751565.625,1593396.0,1515690.75,2059756.75,2029062.0,1804396.75,1848891.875,1778339.375,1746935.875,1664046.125,1493782.875,1583724.875,1581108.625,1971905.25,1763693.125,1849796.125,1643024.75,1654650.875,1604493.5,1910410.375,1923374.625,1630502.75,1666342.5,1734953.5,1997611.625,1570741.375,1628176.375,1939955.25,2213011.75,1873014.125,2026670.875,1712806.0,1802431.25,1815408.25,1660163.5,2069417.0,2134097.25,1886031.25,2000928.875,1817802.0,1874507.125,2308750.25,2400881.5,1714963.0,1592789.5,1774661.75,1621624.125,1413822.25,1471307.625,1542090.0,1506192.625,1719760.75,1776312.25,2075839.375,2161867.25,1149283.375,1102275.125,1246114.125,1156517.875,1330600.375,1266224.0,1810638.375,1722183.625,1875003.0,1840003.25,1368093.0,1386865.125,1352586.25,1601771.375,1243240.625,1341190.5,2523900.0,2553783.75,1344876.5,1249779.625,1867542.875,2050859.5,1471062.875,1678211.125,1728308.375,1677198.25,2346139.0,2082769.75,2088162.375,2422853.0,2219220.75,2756685.75,2880978.25,2917248.25,1692058.5,2039465.25
9,1897867.5,1803972.625,1749210.125,1515453.75,1560475.375,1399334.0,1874725.375,1670345.0,1752668.0,1792284.5,1837777.875,1955573.875,1764208.5,1794395.875,1622616.875,1610726.375,1739792.875,1754361.75,1592674.375,1520674.0,1482948.25,1452349.125,1626823.125,1549505.75,1818994.5,1661298.75,1511740.875,1499260.0,1822539.125,1687914.875,1534358.375,1514737.5,1570066.25,1374643.625,1407547.875,1368711.125,1566078.25,1499118.25,1534594.5,1681303.0,1648327.375,1735961.25,1384880.5,1255969.875,1187787.25,1131888.125,1299304.375,1458258.875,1278174.25,1243701.0,1449527.0,1369665.5,1874390.0,1627431.25,1627468.5,1759133.5,1945821.625,1942687.75,1463996.875,1938218.875,1604346.75,1505297.25,1697320.25,1888749.0,1790836.5,1957388.0,1569382.25,1710155.0,1398744.625,1455313.25,1859096.0,1962488.375,1983810.75,1748354.375,1368675.5,1174705.25,1825144.625,1645860.375,1570853.125,1758264.0,1262690.125,1332686.625,1380551.625,1284385.125,1567615.0,1525098.625,1587346.0,1527472.5,1224429.25,1190452.125,1598611.75,1465330.75,1190309.0,1152680.625,1378330.0,1382444.75,1553063.125,1594989.375,1463871.125,1417580.375,1046859.125,1051524.75,1369893.25,1317138.5,1659218.625,1619276.125,1583887.125,1512681.125,1458607.75,1440709.25,1304689.5,1211333.875,1652060.125,1812667.75,1332317.875,1303573.625,1364296.875,1329455.5,1656202.75,1964984.25,1968593.0,1818042.625,2069300.0,2137466.25,1900645.625,2034169.5,1967921.625,2008469.125,1971638.375,2194612.0,1963442.25,1876774.0,2190718.25,2077016.5,1769321.75,1725398.375,2190865.25,2043361.5,2046845.625,2301975.5,1790542.75,1780566.0,1973111.75,1889983.25,1847031.375,1773778.875,2077509.5,2194949.0,1951627.375,2032892.875,2243823.5,2356665.25,1942600.625,2009057.625,1740672.0,1750249.0,1599186.25,1520527.375,2065158.375,2029680.375,1806841.0,1846540.25,1783504.0,1748144.0,1665081.625,1495353.375,1582431.75,1581378.125,1971591.25,1763186.25,1854864.5,1646378.5,1654816.25,1603328.25,1908373.125,1924505.375,1629896.125,1668205.25,1736293.125,1997228.5,1571238.875,1627402.625,1943874.0,2214531.0,1871928.75,2028566.625,1713073.875,1803099.5,1819882.625,1658629.75,2074111.625,2134749.25,1895731.75,2008246.375,1818722.25,1876215.75,2309086.0,2401319.5,1714337.125,1594018.75,1770601.75,1626346.5,1412246.375,1472257.875,1536065.75,1507720.125,1719644.5,1777780.5,2074237.375,2161376.25,1153546.75,1101208.375,1248252.25,1157325.0,1332705.5,1267801.75,1811312.25,1722440.875,1873940.875,1842596.75,1367815.875,1386707.25,1353957.375,1603748.5,1243491.0,1344320.125,2522395.25,2553304.25,1343652.125,1251003.625,1865301.625,2050786.75,1472312.375,1682027.875,1729168.875,1680759.5,2343647.0,2083558.625,2086345.25,2425655.5,2220826.5,2753663.5,2873241.75,2915719.25,1694431.625,2042029.75
10,1896585.125,1805386.5,1747255.875,1516361.875,1561182.875,1398774.375,1873354.75,1674973.875,1753761.875,1793929.25,1839166.25,1956347.125,1764872.75,1796332.125,1619797.375,1610023.25,1736677.75,1754198.0,1590582.625,1518821.875,1480425.5,1450401.375,1624925.375,1547740.625,1816063.625,1659106.5,1508677.375,1497093.875,1824001.375,1686337.125,1531291.25,1513983.625,1570168.125,1373504.75,1409963.375,1367486.875,1565040.0,1498850.5,1533571.25,1682694.75,1649351.625,1736805.625,1387193.375,1256838.375,1187732.625,1133506.875,1300508.375,1456481.5,1280930.5,1247196.0,1449380.625,1369536.75,1877255.375,1629295.0,1630187.875,1760541.375,1945991.875,1943871.125,1461192.25,1937273.75,1607081.75,1509219.25,1695687.875,1892028.75,1789544.875,1958356.25,1569050.0,1712445.0,1393221.0,1446071.375,1865037.625,1969693.0,1992895.5,1755048.375,1370344.125,1177801.125,1829553.125,1641529.25,1572505.0,1759735.5,1260220.625,1329298.875,1379115.625,1279872.0,1565499.125,1522787.375,1587979.25,1524253.375,1225978.75,1189032.5,1602255.5,1466556.0,1190669.0,1150477.375,1377083.75,1381346.125,1551934.75,1594048.0,1460685.75,1416269.125,1045698.25,1050936.875,1369255.125,1317538.75,1658638.125,1619013.75,1584128.875,1511939.875,1456633.25,1439250.25,1301410.5,1207919.0,1650982.75,1815377.625,1326127.0,1297257.875,1354480.0,1330153.5,1655726.25,1963852.875,1968548.25,1818126.625,2069901.125,2136218.5,1892330.25,2034484.125,1963911.125,2004911.0,1970734.875,2198357.25,1962665.875,1880382.625,2188812.25,2076858.75,1767772.125,1723348.875,2190065.5,2042499.0,2048326.875,2307515.5,1790832.5,1785407.0,1975852.75,1891518.5,1849578.625,1780448.625,2068529.25,2188473.5,1947675.0,2027385.375,2242068.0,2356023.25,1940796.125,2007174.25,1743940.5,1752855.375,1603697.875,1524344.0,2067586.625,2035755.75,1806636.375,1847051.5,1788711.75,1753218.0,1669623.75,1494102.625,1581078.125,1580725.875,1976835.375,1770798.75,1856902.375,1650410.5,1655112.625,1602793.25,1908086.875,1926121.25,1631162.875,1670096.75,1735266.25,1997154.625,1574479.0,1627714.875,1947861.625,2223729.5,1872600.875,2031790.0,1712884.625,1801607.375,1822878.5,1659614.25,2075390.5,2136170.0,1899928.0,2006608.0,1816897.125,1874144.875,2309528.25,2403423.25,1714883.375,1591126.5,1769041.125,1623722.75,1409615.875,1470925.0,1535785.875,1507462.125,1720614.375,1778930.875,2073514.625,2160976.0,1148360.0,1101485.5,1247505.875,1157111.5,1331212.125,1267936.0,1811693.75,1726201.75,1875481.125,1840840.0,1365885.875,1387113.375,1358270.5,1607178.75,1243497.875,1343630.875,2518991.5,2554175.0,1340818.125,1251104.625,1857938.625,2047652.625,1470018.75,1677418.0,1726757.375,1679838.25,2338579.5,2082113.625,2079213.125,2422774.0,2214259.0,2753219.75,2864120.5,2915579.0,1690973.5,2041361.625
11,1896339.625,1807868.5,1748150.75,1520378.875,1561041.0,1400954.25,1870978.375,1678433.5,1752466.0,1792321.0,1840324.0,1960002.125,1766496.625,1799964.625,1618666.0,1610674.25,1735670.0,1758350.125,1590053.625,1519691.625,1481727.25,1450626.25,1624122.625,1550457.125,1811567.75,1661229.0,1506659.375,1496097.5,1825739.0,1690915.125,1532668.0,1518410.375,1569507.5,1380848.75,1412608.875,1374421.875,1566489.0,1500880.125,1533347.625,1686951.0,1651497.0,1738666.125,1389357.75,1258533.375,1187729.125,1133574.25,1298024.625,1453108.625,1280818.875,1246996.0,1450119.625,1372814.0,1878324.875,1633751.25,1628053.0,1761951.875,1946905.875,1945399.125,1465021.5,1941486.875,1607045.375,1508040.625,1695193.0,1897697.75,1789220.875,1959032.75,1567464.75,1710292.125,1390011.125,1441468.5,1864543.125,1967557.625,1990786.75,1755491.875,1370474.0,1170294.625,1821963.125,1638250.375,1568983.125,1751580.375,1260973.25,1328388.0,1376095.0,1278127.25,1567587.25,1517581.75,1587462.0,1520687.125,1227914.375,1186177.25,1605678.5,1464475.75,1190419.875,1146965.75,1377046.875,1379632.75,1553135.625,1590277.625,1459060.625,1415200.875,1045843.4375,1049089.375,1369139.0,1316521.0,1659128.375,1618165.625,1584935.875,1510585.5,1454810.125,1440743.125,1300454.625,1206250.125,1651411.875,1819690.75,1326124.25,1298504.375,1352429.125,1329724.375,1648348.375,1966428.5,1967602.25,1818549.0,2066658.5,2132093.0,1891815.25,2038571.125,1964462.375,2003789.625,1970237.625,2201023.0,1961731.625,1881374.375,2188198.5,2078720.625,1768275.75,1720577.125,2190032.5,2041769.375,2048792.875,2312278.0,1790587.125,1789747.5,1974390.5,1888286.25,1848713.375,1780318.375,2064668.625,2186383.5,1946740.25,2024882.375,2239871.75,2355782.25,1940444.625,2007098.875,1743257.125,1754754.5,1602103.0,1523301.75,2066562.625,2038532.875,1805992.625,1848749.125,1785372.25,1753468.0,1671212.875,1492809.75,1580562.625,1580841.875,1973785.5,1772862.0,1855167.125,1649635.125,1655011.125,1602230.5,1907295.875,1924600.75,1630818.75,1669418.5,1735352.125,1999074.375,1567727.125,1625286.0,1947733.25,2227792.5,1873944.875,2032506.125,1713162.125,1800142.375,1821712.625,1660714.125,2072775.5,2136750.0,1895027.875,2000988.125,1815164.625,1873470.25,2308227.5,2404495.0,1716996.125,1589718.875,1770618.625,1620626.0,1409397.625,1470252.5,1540152.25,1506593.25,1722306.125,1780638.875,2074062.625,2160511.5,1146927.5,1102410.375,1246582.625,1156922.0,1330370.375,1270307.875,1811151.0,1728339.875,1877600.625,1839637.75,1365106.0,1386012.75,1358893.625,1609546.0,1241988.0,1339583.0,2519056.25,2555450.0,1340413.0,1248723.875,1857241.875,2050019.875,1467369.5,1674064.75,1725022.125,1678476.625,2338232.0,2083832.375,2078939.875,2422449.5,2211061.25,2757991.0,2866997.75,2916439.5,1687670.0,2042558.625
12,1899559.375,1810166.125,1749031.125,1520445.375,1562857.0,1401674.25,1870818.25,1678820.25,1751556.25,1791659.625,1839611.625,1960271.625,1767951.5,1800024.5,1619365.125,1610020.0,1737923.625,1759067.375,1593285.0,1522312.75,1482409.625,1451550.125,1622800.375,1548970.875,1812384.25,1662125.5,1507088.625,1495893.25,1824092.5,1693906.375,1533768.75,1520257.375,1568911.125,1385637.875,1413934.875,1379332.875,1567994.5,1502164.5,1533308.875,1688076.375,1650457.125,1737055.25,1389476.0,1258629.125,1187708.75,1132841.75,1294030.125,1450593.25,1279039.125,1243529.875,1452862.5,1375561.375,1876636.75,1634412.75,1625287.5,1760754.5,1948165.75,1944191.0,1465901.75,1940920.875,1606635.875,1505309.5,1696364.875,1898707.0,1789583.5,1958427.5,1565455.25,1705686.375,1400038.25,1451353.625,1859323.125,1963343.0,1985541.875,1752665.625,1371158.75,1168689.5,1823056.75,1645272.875,1568427.25,1750885.625,1265035.25,1331007.875,1376879.5,1283390.375,1571520.5,1519262.25,1588834.25,1524218.625,1225810.0,1186140.5,1604494.125,1463790.875,1190646.0,1147377.0,1378002.625,1380972.75,1554141.5,1591697.625,1459798.0,1417499.625,1045537.9375,1049531.625,1368929.5,1316110.25,1660919.0,1618717.125,1585556.125,1511329.125,1458144.25,1442408.125,1304605.0,1206815.25,1651799.875,1817461.5,1334191.375,1305055.875,1363595.25,1330794.25,1644194.625,1967480.0,1968764.875,1820931.0,2065793.125,2132054.5,1892465.75,2038883.625,1965744.125,2004079.75,1970290.625,2198862.75,1959536.0,1877972.375,2189447.0,2078953.375,1766037.75,1719398.875,2186112.0,2039618.875,2046237.625,2308907.25,1788600.875,1787925.125,1968924.25,1885735.625,1846167.625,1776790.625,2062969.75,2187648.25,1947536.75,2027306.0,2238307.5,2355404.0,1938803.375,2005612.125,1740881.125,1752472.625,1598479.5,1520350.25,2063309.0,2033309.75,1805211.625,1849273.875,1781074.75,1748766.0,1669202.875,1494752.75,1579615.375,1582597.625,1971428.75,1770087.625,1854741.0,1646642.875,1655069.25,1601801.625,1905108.0,1920604.25,1628328.375,1665831.25,1735022.25,1998456.625,1553458.375,1619040.75,1944292.125,2219357.5,1872677.625,2027636.625,1711741.125,1797792.375,1822029.25,1662169.375,2073361.5,2136176.5,1892009.0,2003957.125,1815298.625,1875927.5,2306379.25,2403050.0,1720444.625,1593367.0,1775027.875,1624438.0,1413046.875,1473052.25,1543072.625,1508276.25,1722216.75,1780831.0,2073522.0,2159400.25,1152194.0,1103279.5,1249146.75,1157900.25,1332153.375,1274911.0,1809798.375,1726156.375,1876637.25,1840535.375,1365573.25,1384233.75,1355250.5,1607184.5,1241244.125,1338889.125,2521439.75,2554628.0,1342691.5,1246955.25,1862302.0,2056910.5,1467780.375,1675839.375,1725541.75,1677820.125,2341167.5,2085134.125,2082610.875,2422688.0,2211752.75,2758251.75,2873288.5,2917976.75,1688826.375,2044596.75
13,1899710.0,1809958.0,1745837.875,1511116.75,1559391.0,1397624.25,1872051.375,1679577.375,1751535.125,1793158.0,1835892.875,1954277.25,1765504.625,1792302.75,1618145.375,1608183.125,1739339.25,1756680.875,1595665.375,1523838.0,1481123.5,1452360.875,1618045.75,1544858.75,1815396.25,1662373.25,1506069.5,1494828.5,1822377.875,1694617.75,1534815.625,1521284.125,1570226.375,1385106.875,1416271.875,1385540.375,1569983.0,1504308.125,1536523.625,1690569.0,1645925.625,1734550.75,1391840.0,1259410.0,1187974.875,1133716.75,1293660.375,1449805.0,1279744.5,1243974.875,1457185.5,1377953.125,1875131.75,1633551.875,1624979.0,1760070.5,1947648.875,1942103.625,1459225.0,1935299.125,1608546.125,1507647.875,1696790.5,1900115.0,1788549.5,1959213.875,1564148.875,1705077.75,1405595.375,1456054.875,1861814.25,1967231.875,1991945.375,1758198.125,1375859.625,1177883.25,1834408.75,1649625.25,1575361.25,1760636.625,1268210.0,1329904.625,1379947.375,1284853.5,1573065.375,1523773.25,1590414.625,1527408.75,1226232.625,1187902.0,1604145.25,1464801.75,1190969.0,1148192.5,1379081.25,1381031.875,1556716.5,1594004.75,1464378.75,1420934.375,1047226.9375,1050284.625,1370738.625,1315816.0,1661147.0,1619404.25,1586484.25,1513180.0,1462048.0,1440800.375,1306186.25,1204562.5,1648958.5,1814993.25,1333011.125,1302794.625,1364824.0,1331955.125,1645666.625,1964226.875,1971103.0,1821832.0,2071393.625,2141668.5,1892684.0,2037162.125,1967784.5,2005730.625,1971052.875,2197860.0,1957833.125,1877412.0,2192124.5,2076659.875,1767815.375,1719850.75,2184842.0,2040663.25,2045233.625,2305353.25,1787715.0,1790090.25,1965984.5,1887656.125,1850096.25,1780367.125,2066452.5,2190501.5,1946876.125,2028261.125,2240835.5,2355920.75,1936975.375,2003182.0,1738488.5,1751184.75,1599324.75,1521573.0,2060128.875,2028975.5,1803657.0,1848772.75,1786525.875,1749924.625,1670475.5,1496520.25,1581053.75,1586511.375,1980759.75,1771629.5,1857518.0,1647820.0,1656535.375,1602965.0,1904840.875,1920547.75,1629560.625,1666327.625,1732755.375,1995971.0,1547490.5,1614458.625,1944252.125,2214976.25,1871144.0,2026248.0,1711468.375,1797572.625,1821464.125,1660898.75,2074421.0,2134025.25,1893134.125,2007936.125,1814477.875,1874394.75,2304990.75,2400856.25,1720893.0,1593869.875,1778099.0,1626831.75,1411783.25,1471009.75,1541882.75,1507870.125,1720790.875,1778026.0,2073858.5,2160514.25,1153140.125,1103360.5,1251044.5,1158833.125,1331859.5,1273929.0,1809231.375,1724273.75,1872985.375,1839586.5,1364608.5,1385093.25,1354765.75,1605222.0,1242209.25,1340501.375,2522216.25,2553564.75,1342701.75,1248720.375,1861981.125,2054430.75,1468475.625,1678796.875,1725629.25,1678685.375,2339647.75,2084521.875,2077931.625,2419065.0,2207659.0,2750471.5,2867088.75,2917713.0,1689879.625,2043754.5
14,1898421.5,1809589.125,1742517.875,1505327.625,1552663.125,1395807.5,1873230.75,1682978.625,1751248.875,1794569.625,1834826.875,1951901.25,1763639.5,1786916.75,1616180.125,1607981.375,1740469.25,1757404.875,1595174.875,1525385.0,1480988.5,1453616.75,1613710.875,1546419.5,1814986.875,1665452.75,1501081.125,1493820.25,1825707.875,1697568.625,1537775.0,1523210.125,1571681.25,1385590.5,1416508.125,1392091.25,1570721.0,1506165.75,1539268.375,1694731.625,1642687.25,1732780.125,1393528.0,1261070.125,1188339.25,1135016.0,1293853.0,1447732.0,1280993.25,1246687.875,1457247.5,1380678.125,1876323.875,1635367.75,1625774.625,1761846.375,1946616.375,1940685.375,1462909.0,1937403.5,1608163.625,1510501.25,1696719.625,1903873.0,1786835.25,1961296.0,1564539.5,1707103.875,1394320.875,1446740.125,1867575.125,1968365.5,1995777.875,1761689.625,1378338.125,1177656.625,1831190.875,1643213.75,1575521.125,1759982.5,1268842.5,1327490.75,1380396.0,1279591.875,1572815.75,1523345.625,1589124.125,1522938.625,1230402.25,1188384.75,1608309.375,1465937.125,1192295.375,1147970.75,1380316.25,1379047.75,1560902.375,1592476.875,1468820.875,1421312.0,1049724.625,1049697.0,1372647.25,1314959.0,1659091.5,1617680.25,1586742.125,1513308.125,1460101.75,1438740.0,1302484.125,1201811.0,1645832.25,1817710.5,1322089.125,1294355.25,1352521.25,1329304.75,1643797.875,1960174.25,1969467.5,1818521.0,2077288.125,2148369.75,1899845.625,2044170.375,1972179.375,2011935.0,1971212.375,2203671.0,1960642.75,1882427.125,2193129.25,2077707.25,1773025.875,1721602.75,2188123.75,2045224.25,2047847.75,2310759.25,1790917.75,1799469.25,1966194.375,1890320.125,1855486.5,1785590.875,2076963.625,2197971.75,1948257.375,2027557.375,2243637.75,2356259.25,1939567.875,2005185.0,1737493.75,1752923.875,1599906.875,1523699.25,2060864.375,2030738.75,1803975.75,1847600.125,1790553.5,1754696.875,1673442.5,1494718.0,1583775.125,1587691.375,1984136.25,1774297.375,1857215.5,1650678.375,1656812.125,1604319.125,1907089.75,1924230.625,1633408.0,1670653.875,1732343.875,1997097.625,1552332.125,1616159.125,1946342.0,2222132.5,1873233.375,2032211.0,1713379.375,1800116.0,1816018.75,1655925.0,2069465.125,2129988.0,1889902.875,2000046.75,1813001.875,1869088.625,2302825.5,2398547.25,1716180.0,1588186.375,1775411.25,1622797.875,1403349.75,1463187.375,1538868.25,1503691.125,1718986.625,1776001.75,2074828.625,2163677.25,1148810.25,1102823.75,1249522.875,1158169.875,1329271.25,1268488.75,1809919.375,1725088.0,1870669.125,1836945.0,1363226.0,1386934.875,1357042.125,1605832.625,1242864.375,1338926.875,2520535.75,2554137.5,1340441.375,1250801.875,1860745.0,2049636.375,1468133.125,1679806.0,1726288.0,1680696.25,2339013.75,2088566.375,2074221.625,2418288.5,2207080.25,2749206.75,2860414.5,2916415.5,1689797.125,2044723.75
15,1903106.125,1810740.5,1744927.875,1508842.125,1552155.625,1398772.875,1873428.375,1686919.375,1752165.125,1795587.625,1838342.75,1954934.0,1764680.0,1788932.875,1616470.25,1608594.5,1742283.25,1758142.125,1594720.25,1526520.625,1482489.0,1453949.625,1614490.625,1549560.0,1813412.75,1667440.5,1497320.875,1492213.5,1828910.625,1698881.125,1541212.5,1521744.875,1571525.625,1386644.5,1417044.125,1392253.125,1571449.375,1505143.625,1537235.375,1693625.625,1642572.625,1730849.375,1391288.125,1261724.375,1188620.0,1134970.875,1291122.5,1444159.25,1278820.25,1244759.125,1456966.375,1382258.75,1876651.75,1636399.5,1624912.875,1763550.75,1945683.125,1941033.625,1472042.875,1945022.5,1604673.0,1508550.125,1696271.25,1903204.75,1787972.875,1961473.875,1566478.0,1707693.875,1391483.875,1445450.625,1865228.5,1963845.0,1988799.0,1756217.75,1377275.875,1168452.0,1821177.125,1642119.875,1569073.875,1751096.375,1270452.75,1327758.75,1381039.5,1281616.875,1572419.0,1519851.75,1587866.125,1519823.5,1231677.0,1188569.5,1610216.75,1466596.625,1194461.375,1149474.125,1384150.125,1381600.125,1561301.375,1591161.625,1469120.75,1418913.875,1051267.875,1050064.125,1372927.25,1315052.125,1658715.5,1615230.875,1586406.0,1512686.75,1457439.5,1440291.25,1303027.75,1204755.25,1647735.25,1819536.375,1323616.875,1296630.25,1352503.375,1327208.625,1642638.875,1962117.375,1966936.625,1815694.375,2077025.875,2144978.75,1906780.375,2052962.75,1973821.0,2015935.25,1970942.5,2207310.75,1961972.75,1884088.75,2191620.0,2080650.875,1773161.75,1720747.5,2189258.0,2044628.375,2047534.0,2314714.75,1793237.125,1800310.375,1965244.75,1887746.5,1849906.375,1781587.125,2082381.125,2203539.0,1950892.875,2029352.375,2241927.25,2355162.75,1941131.375,2006506.75,1737059.875,1753833.375,1595813.5,1520701.0,2062020.75,2033049.0,1805222.375,1848126.625,1784929.625,1754138.125,1671913.125,1492907.375,1584172.25,1585501.125,1979286.5,1773925.25,1853705.875,1649481.25,1654444.875,1604862.5,1906795.375,1924011.625,1633431.0,1670385.5,1734224.75,1998690.5,1553723.0,1618813.5,1943876.5,2222599.75,1875880.375,2032802.5,1712592.25,1799224.625,1810726.75,1651773.375,2066160.5,2128476.5,1883582.0,1995576.875,1814115.25,1868666.75,2301232.5,2397020.0,1711143.875,1584254.75,1771375.625,1621005.25,1400152.625,1459354.375,1538630.5,1500714.75,1718963.75,1778227.75,2074674.25,2163224.5,1148923.75,1103734.875,1247170.75,1156714.75,1330205.5,1270443.875,1810404.75,1726230.875,1871630.625,1835864.75,1364473.25,1386684.75,1356059.625,1605023.75,1243010.875,1337423.625,2519040.5,2555410.75,1340905.5,1250427.75,1864032.625,2053906.875,1468787.25,1677894.625,1728424.25,1679068.25,2344247.5,2090677.0,2080989.375,2422742.5,2215646.0,2755650.75,2866412.25,2918046.0,1690619.625,2046585.875
16,1907276.5,1810464.75,1746368.75,1506812.375,1551226.125,1396665.125,1872378.375,1688106.625,1755605.0,1796201.875,1837593.75,1953872.5,1762583.125,1788698.625,1616164.875,1606331.0,1741570.0,1755365.25,1594083.625,1524055.375,1483339.875,1453648.25,1615408.75,1545767.625,1815053.25,1667379.125,1499332.625,1488967.625,1828161.75,1694625.875,1543968.0,1521048.25,1572593.875,1386386.875,1422296.375,1388332.375,1574984.375,1503568.5,1536139.0,1690383.0,1644001.875,1731512.25,1391828.625,1260599.375,1189671.0,1134981.75,1289620.625,1441590.75,1277198.75,1241859.375,1462752.5,1380614.5,1876691.875,1638550.25,1624855.625,1766829.0,1946248.125,1947221.125,1464152.5,1945021.375,1606162.75,1506755.875,1696188.625,1899348.375,1792345.5,1961459.5,1570366.125,1711046.5,1402431.625,1453449.125,1862636.75,1967130.875,1990031.25,1757031.0,1379818.625,1170781.0,1828445.5,1648212.75,1573482.125,1753747.375,1273264.125,1327045.875,1382539.625,1285963.125,1572787.875,1517365.625,1590197.5,1523536.25,1231000.125,1188437.125,1609104.875,1463345.375,1193538.875,1148697.875,1387048.875,1382553.125,1560152.0,1589870.875,1468189.625,1415847.375,1052722.75,1049576.25,1373548.75,1314999.0,1660687.125,1614460.875,1586697.625,1511883.5,1459218.875,1442305.25,1305658.25,1207482.125,1649671.625,1818445.0,1331096.0,1303429.75,1362469.5,1329776.5,1648747.75,1965924.0,1970628.125,1818848.75,2072787.5,2142367.25,1902807.5,2050920.125,1971586.625,2010832.0,1973113.25,2204689.0,1957874.0,1881843.375,2192643.5,2081117.875,1771808.375,1714152.375,2187520.75,2037973.5,2043937.25,2310135.75,1788432.625,1790461.625,1961541.125,1880944.625,1841573.375,1775840.25,2075855.75,2197885.0,1951384.5,2031100.375,2241729.75,2356163.5,1935795.125,2001194.625,1737341.75,1758326.125,1595374.625,1519671.875,2059569.75,2037671.875,1804109.25,1853555.375,1782485.0,1753949.5,1669980.125,1495067.75,1584113.25,1586079.25,1980587.875,1774355.375,1853664.75,1649185.875,1654197.625,1605196.125,1902152.75,1919500.875,1632031.375,1667320.25,1734403.75,1997684.875,1553872.375,1620023.875,1943294.75,2218361.75,1876000.0,2027315.25,1710799.75,1796443.625,1810530.875,1652895.125,2071629.875,2134403.0,1884732.0,2006234.5,1817403.0,1873638.125,2305211.0,2401776.5,1713342.875,1585685.625,1774270.125,1622818.5,1407992.75,1462541.0,1541090.0,1499565.75,1725204.375,1784060.625,2077248.0,2159790.75,1151259.875,1104775.875,1245964.625,1155601.625,1331518.0,1275915.375,1809777.375,1726582.5,1875091.875,1836493.0,1367109.25,1385453.5,1355116.5,1603281.5,1243890.625,1339318.375,2520353.0,2556695.75,1342945.25,1249132.5,1864463.625,2054601.25,1470440.375,1676856.0,1730297.125,1675574.625,2346134.0,2084118.625,2085662.75,2424013.75,2218372.25,2756017.5,2871828.25,2920754.0,1692445.5,2042637.75
17,1903621.875,1808257.5,1741887.625,1498101.625,1542388.0,1389628.25,1874237.0,1688162.625,1757887.0,1796395.5,1831532.0,1949596.375,1756793.875,1784288.25,1614945.125,1603784.125,1739668.875,1754751.0,1591815.625,1520298.5,1483983.375,1454090.625,1613739.375,1541561.875,1818416.625,1670221.25,1500228.75,1485693.625,1829223.5,1690509.125,1545886.25,1525159.125,1574616.5,1385073.5,1423651.375,1385675.875,1576077.0,1503250.875,1539955.625,1690961.25,1644189.0,1734076.375,1393610.75,1256589.5,1191389.0,1135292.5,1289130.625,1438419.25,1279137.5,1242401.5,1463570.625,1375613.25,1881367.25,1644072.5,1628474.5,1771420.5,1950128.125,1955209.25,1454343.125,1941785.375,1612162.75,1509022.125,1698806.875,1899896.75,1798149.5,1964301.375,1574927.5,1716762.0,1401141.75,1451099.125,1866186.625,1972454.875,1996830.25,1761885.75,1382189.0,1176065.625,1832888.0,1646514.625,1579430.125,1757364.625,1272379.875,1324756.25,1379815.5,1279341.5,1573863.625,1517064.375,1590879.125,1523719.125,1232130.625,1186948.125,1610316.625,1457771.125,1189014.25,1143633.875,1381491.875,1374777.25,1560855.25,1587792.375,1468721.5,1413020.5,1052778.5,1045624.5625,1374189.25,1313915.375,1660207.5,1614655.375,1586555.625,1510410.0,1458955.75,1441171.75,1305027.375,1203439.625,1647942.375,1819284.125,1326299.375,1299887.5,1360122.75,1332586.375,1651206.75,1966498.875,1975734.125,1822578.25,2070765.625,2142494.75,1899871.125,2046508.0,1971976.5,2006270.0,1976095.25,2204794.5,1957874.5,1883777.0,2197434.5,2081458.75,1775991.5,1710814.25,2186902.5,2035166.875,2044480.5,2308712.75,1783239.875,1787322.0,1958569.5,1876706.5,1845374.25,1778477.875,2071007.5,2191520.5,1953359.75,2032598.875,2245016.25,2358259.5,1930791.375,1997220.75,1740270.0,1766229.75,1600591.5,1524736.375,2058792.5,2044299.875,1805073.375,1860348.75,1786780.625,1756992.25,1671438.375,1498434.5,1584555.0,1588151.25,1980958.625,1775265.5,1855222.625,1652445.125,1657738.375,1605711.375,1897462.875,1915864.5,1632187.375,1666713.5,1732744.25,1997383.125,1568488.0,1626435.375,1948383.125,2221744.75,1874773.625,2026487.875,1711409.875,1796432.0,1811307.25,1655537.875,2073926.25,2138871.75,1887355.125,2008482.625,1819735.0,1876091.625,2309944.75,2408005.0,1720058.375,1589026.75,1779476.0,1621156.875,1414757.125,1466570.375,1542338.75,1497531.375,1733437.25,1789513.125,2081605.5,2160195.25,1148480.125,1103443.5,1246446.75,1155230.25,1329045.625,1271287.25,1809734.375,1727637.25,1877231.25,1837031.375,1367559.125,1385774.375,1357715.125,1603584.375,1244247.0,1340399.625,2522564.25,2556656.5,1342501.25,1248015.25,1862100.25,2048684.0,1471994.875,1680479.375,1731492.625,1677465.5,2343639.75,2080042.5,2083681.75,2422217.0,2213729.75,2755008.5,2872470.25,2922026.25,1695792.5,2037963.5
18,1898681.375,1806595.625,1739861.75,1497456.125,1537328.625,1389163.375,1879930.375,1687563.375,1758703.5,1796719.0,1830482.125,1949651.875,1754963.625,1783491.25,1616197.125,1605434.125,1739665.25,1757460.0,1590504.75,1519718.875,1485016.125,1454047.875,1614192.625,1544686.125,1819098.5,1672512.25,1496621.5,1486000.5,1829426.375,1690595.875,1544879.875,1526997.25,1573094.125,1382946.125,1416823.25,1386515.25,1572225.375,1503358.375,1542999.125,1692402.125,1642887.125,1735944.75,1389237.5,1254384.25,1192188.5,1135307.125,1287923.25,1437726.125,1280656.0,1243839.875,1455065.375,1372777.125,1884255.375,1642954.625,1630847.5,1769422.375,1952618.0,1953627.125,1464376.875,1946954.0,1612838.5,1510707.25,1700948.375,1902200.0,1801712.75,1966400.875,1577880.875,1720595.625,1393220.625,1446081.75,1867077.375,1968058.625,1991599.5,1755633.625,1378439.125,1171235.0,1819746.75,1641242.875,1573081.5,1751327.625,1267642.625,1324727.0,1376877.25,1275353.5,1571405.875,1518719.25,1587842.75,1519634.25,1232019.25,1187024.625,1608463.625,1457770.375,1186972.0,1142109.875,1374791.125,1371943.375,1557947.25,1589423.75,1468198.625,1413336.0,1051132.75,1044783.5,1373481.125,1314595.375,1658205.0,1616236.125,1586150.375,1510588.375,1456305.125,1439289.5,1304334.875,1201194.0,1647243.0,1819769.125,1321882.125,1296165.0,1356404.75,1331883.5,1646131.25,1967524.5,1974747.125,1820358.75,2070774.75,2141727.5,1906383.875,2047351.0,1975266.125,2009553.125,1975007.625,2206924.25,1964256.25,1887332.25,2198803.75,2082278.125,1778822.0,1716374.25,2188494.25,2038575.75,2047272.625,2312111.5,1786257.25,1792230.25,1959679.25,1878327.25,1852009.75,1781735.125,2076113.0,2195790.25,1956623.25,2036403.125,2244977.25,2356925.75,1931651.125,1999556.5,1742763.5,1764222.5,1601529.625,1526096.25,2061650.75,2041212.75,1810449.625,1861133.625,1787743.625,1754699.375,1670500.125,1497514.75,1583794.625,1586695.5,1976754.125,1771970.5,1854716.25,1651454.125,1659854.25,1606855.5,1897311.375,1914698.875,1629903.0,1666593.5,1732494.25,1997340.875,1583581.125,1632831.5,1948525.0,2221072.75,1873053.375,2027278.375,1712534.375,1798252.0,1810276.75,1653885.125,2068781.5,2135002.0,1883385.875,1998096.125,1819253.125,1875251.625,2307695.0,2405277.75,1720878.375,1590910.5,1777571.875,1619861.375,1413234.125,1466945.625,1542318.625,1498025.375,1731836.0,1786895.625,2080578.625,2162989.75,1146906.25,1101708.75,1247137.125,1155021.625,1327615.25,1262912.125,1810528.375,1728124.75,1876030.875,1837777.75,1365162.375,1386298.5,1358710.5,1605950.5,1242754.5,1338677.875,2522258.0,2555213.5,1341647.0,1247889.0,1863689.25,2049691.5,1472478.25,1684321.125,1731598.25,1681828.125,2345137.0,2083780.5,2085780.625,2425353.75,2215543.0,2759887.5,2876731.0,2923433.75,1697830.0,2040463.625
19,1898977.5,1807074.125,1743678.0,1504793.625,1546108.0,1395397.5,1879874.625,1683360.0,1759492.0,1795276.875,1834904.875,1953028.625,1760004.875,1787841.625,1618091.5,1608730.0,1740064.375,1759085.875,1592185.875,1521632.375,1484908.375,1453523.125,1617208.875,1548872.5,1816394.875,1668952.125,1495916.25,1490152.5,1824065.25,1692478.0,1540853.0,1524787.875,1569843.0,1383198.25,1412980.5,1389586.0,1569756.875,1502504.0,1540436.375,1690846.875,1644007.375,1738824.0,1385492.5,1258514.75,1191564.875,1136347.375,1288386.25,1441605.125,1280044.75,1244604.25,1451034.875,1375471.375,1878343.375,1634195.375,1626964.75,1761737.625,1948649.625,1945059.75,1472924.625,1950702.5,1606648.125,1507862.875,1697221.125,1900618.5,1798513.875,1964412.25,1576145.75,1720716.0,1394838.5,1449459.375,1862971.625,1963003.5,1984681.5,1749234.375,1374521.625,1169662.0,1818943.125,1640287.0,1569410.0,1751495.5,1266025.875,1326054.125,1379177.125,1280604.125,1568644.375,1520298.75,1587999.125,1520636.625,1229309.375,1187827.5,1604150.875,1463333.125,1189138.25,1145514.125,1377529.375,1379645.0,1554122.875,1592649.125,1466276.375,1417613.125,1049699.75,1049901.5,1372223.625,1315753.5,1659758.5,1619586.25,1587321.25,1512955.0,1458788.125,1437197.5,1301335.625,1204078.875,1646967.5,1815960.5,1323616.625,1298203.875,1359438.75,1329475.625,1645382.875,1964598.0,1970062.125,1816552.375,2070627.625,2141841.5,1907117.875,2044805.625,1973325.125,2012579.125,1972062.375,2203948.75,1965102.625,1883913.375,2194632.5,2081077.0,1776614.75,1722673.75,2190311.25,2042860.875,2046899.125,2309872.75,1791689.25,1792912.375,1964662.25,1883182.75,1848929.25,1778319.625,2081481.75,2201949.75,1955160.875,2036479.375,2244306.5,2356547.0,1936769.125,2004221.25,1740010.0,1753012.0,1596196.125,1521335.0,2061763.625,2031467.125,1810703.625,1854004.0,1784827.125,1749706.375,1667954.5,1493812.125,1582339.5,1583886.75,1977488.625,1768198.875,1853255.375,1646951.25,1656288.625,1606544.25,1902718.25,1918399.0,1628259.875,1667347.375,1733963.375,1997102.375,1576748.375,1629280.75,1945005.375,2217185.0,1873669.125,2027957.0,1713836.875,1801389.875,1813640.625,1654295.125,2069815.75,2134058.25,1887646.0,2001201.25,1816460.5,1874304.25,2306593.0,2401496.5,1717868.0,1591384.875,1773947.625,1624140.25,1411167.25,1467404.25,1542074.75,1503872.875,1724323.125,1780150.25,2076247.375,2164117.0,1149798.375,1101496.25,1245776.25,1155366.75,1328318.875,1264364.75,1809317.75,1725845.125,1873538.25,1838379.75,1362499.125,1384462.5,1355700.375,1606715.375,1240839.625,1337148.875,2518672.75,2553634.0,1341908.625,1249015.0,1862556.375,2050033.875,1469856.5,1681816.875,1728094.25,1679930.5,2343833.0,2085090.875,2085257.5,2425900.25,2215553.5,2757182.0,2873013.0,2921064.5,1692878.0,2042684.5
20,1901883.5,1809100.75,1747457.5,1510316.375,1556126.5,1398589.375,1872200.0,1679313.75,1756273.375,1792836.25,1836982.25,1955141.625,1764964.75,1792248.375,1617646.5,1609768.0,1740257.5,1759959.125,1593026.75,1522839.25,1483691.0,1453876.125,1619619.5,1549336.375,1814508.75,1666667.375,1500704.875,1494444.625,1822984.125,1694711.375,1539560.0,1525720.5,1570479.125,1386450.0,1417010.5,1390455.625,1570763.125,1500861.75,1537114.0,1688028.25,1646978.375,1740382.375,1390147.875,1262395.0,1190388.125,1137305.0,1291210.375,1443861.125,1279662.0,1244927.75,1454814.375,1378386.0,1871700.875,1631789.0,1621699.375,1759249.875,1943275.0,1942257.0,1464133.0,1943201.875,1601158.5,1504169.875,1691658.875,1899595.25,1790902.5,1961144.0,1569598.875,1714237.625,1393314.0,1448170.75,1859815.5,1962156.375,1987167.625,1754222.625,1373184.25,1172283.125,1831994.75,1637670.0,1573684.625,1755675.0,1269662.125,1325482.875,1382168.125,1279357.625,1571806.375,1519065.625,1590499.375,1522379.875,1228537.5,1186902.625,1607063.25,1465591.25,1190730.375,1146793.75,1382376.375,1381377.375,1556281.25,1590869.5,1466134.5,1419243.125,1049046.25,1051097.0,1371325.875,1314367.125,1661810.25,1620818.125,1588183.625,1513636.125,1460722.125,1434290.5,1297590.5,1203279.25,1645815.5,1815419.5,1318226.0,1293957.125,1351947.0,1327470.625,1648241.25,1956044.5,1966394.25,1816174.75,2072010.875,2140277.5,1899152.75,2040851.875,1968595.875,2013186.625,1972333.125,2200098.25,1958602.5,1876836.25,2192312.0,2080556.125,1776480.0,1724548.25,2191314.5,2046296.875,2046325.25,2305445.5,1792907.0,1791202.375,1971007.625,1887178.25,1844872.625,1775701.25,2080625.875,2202335.25,1951054.625,2030785.875,2247248.75,2359830.0,1943570.875,2008987.625,1734380.0,1749342.125,1591958.625,1518308.5,2058073.375,2029721.25,1803254.0,1846714.5,1783212.25,1750995.0,1669965.875,1492922.125,1581437.75,1583687.875,1978072.625,1769924.125,1849978.25,1647181.125,1651272.0,1603951.375,1907959.625,1924794.875,1631461.625,1670316.625,1734550.875,1998116.875,1563477.375,1624929.375,1946458.125,2223481.5,1875711.25,2031847.75,1714846.75,1802922.25,1820724.625,1662068.5,2074637.875,2138908.5,1900325.5,2007477.875,1814085.0,1871767.75,2310506.5,2405024.5,1717405.875,1590127.875,1774824.25,1625784.875,1411108.25,1469054.5,1541317.5,1507904.375,1722742.875,1780865.5,2075376.0,2166535.25,1147857.0,1101741.125,1244707.25,1157584.375,1327400.125,1269518.125,1807763.875,1725444.5,1873042.625,1838699.25,1363485.0,1384175.75,1354895.75,1604988.0,1241407.125,1338891.625,2515742.25,2553365.0,1342044.125,1250675.5,1856858.0,2043794.25,1467004.0,1675890.25,1723839.375,1676098.5,2336397.75,2082532.25,2076071.75,2419037.25,2206621.75,2750212.5,2861615.0,2915910.25,1686597.5,2041193.25
21,1902448.375,1808643.75,1749812.125,1512049.0,1557670.625,1397578.625,1869450.0,1677461.75,1750617.125,1792314.875,1837121.0,1955116.125,1765212.5,1792370.5,1618079.0,1609047.25,1742706.75,1760816.625,1592612.5,1522336.25,1483904.125,1453504.75,1622464.5,1548890.5,1817550.875,1668263.5,1506356.75,1496650.625,1828293.0,1695760.125,1541854.25,1527832.75,1572783.5,1387098.625,1419961.25,1385964.0,1571267.625,1500198.5,1537076.375,1686130.75,1646789.75,1735420.25,1394532.125,1260897.125,1188680.125,1135000.625,1293138.25,1444441.625,1278866.75,1243390.625,1457135.0,1377158.25,1871867.375,1634927.875,1622607.25,1761148.375,1943129.25,1943199.625,1457267.0,1935687.5,1601116.125,1504411.625,1692051.875,1900646.125,1786142.0,1958672.125,1564332.5,1705544.25,1389779.25,1444486.875,1859148.125,1960615.25,1989984.0,1758656.0,1371259.625,1168712.0,1834363.375,1640557.125,1573954.125,1755142.0,1270242.875,1326492.5,1381957.0,1276045.125,1573255.125,1518868.0,1590839.375,1522494.5,1229099.875,1187715.75,1608454.75,1463339.0,1189811.0,1146739.75,1381705.125,1376183.375,1556506.125,1588118.75,1466903.625,1417037.875,1048409.5,1047945.375,1370250.25,1314034.25,1660623.0,1619715.5,1585945.375,1512219.375,1455409.375,1434530.125,1302027.5,1200544.875,1648783.5,1819150.25,1314899.125,1288835.375,1344131.375,1326198.625,1646289.5,1954795.5,1966663.75,1817321.375,2073974.375,2137942.75,1896234.25,2041072.5,1968914.125,2013810.625,1973535.375,2197923.0,1955630.125,1873524.875,2194431.25,2081349.375,1777159.0,1725303.25,2191664.5,2045514.5,2047128.125,2304209.0,1793133.75,1790299.5,1973623.25,1888956.875,1847512.25,1777708.875,2078187.25,2201226.75,1949018.0,2027962.0,2247444.25,2360202.25,1945633.625,2010050.75,1733244.375,1753012.75,1592537.625,1519119.25,2057438.25,2031278.375,1799301.75,1844953.25,1784345.625,1753499.5,1671442.0,1493478.125,1582126.25,1584388.0,1976238.5,1773250.625,1848465.125,1649208.25,1652511.75,1603586.25,1906626.625,1924294.125,1632350.75,1671096.375,1733463.875,1996834.875,1559580.625,1624747.0,1946830.875,2226217.0,1873618.125,2031783.125,1713048.125,1798701.875,1823191.0,1667915.25,2072568.625,2138858.25,1901757.25,2000213.375,1813897.5,1870491.125,2309700.75,2406490.25,1716941.0,1588523.25,1773791.375,1622812.5,1410460.5,1469324.5,1541514.375,1507640.75,1724147.375,1783089.125,2076110.0,2167948.5,1142801.625,1101006.125,1247089.625,1158860.625,1325772.25,1267549.125,1809403.25,1727527.375,1874703.0,1839524.75,1366911.25,1387208.625,1356927.625,1602746.5,1243764.0,1341840.375,2518511.25,2554923.5,1343145.75,1252093.0,1856973.25,2044594.25,1468431.75,1674292.25,1724100.625,1678158.875,2335940.75,2083375.75,2072898.375,2416601.25,2203448.75,2754302.0,2863988.75,2917268.25,1687446.875,2043567.75
22,1899358.625,1805172.25,1752407.125,1511754.0,1559936.75,1396070.375,1873026.25,1671851.0,1748739.0,1791214.25,1839233.5,1954808.5,1765245.5,1789837.625,1622496.125,1608466.75,1746162.75,1759516.5,1595713.625,1520973.625,1486497.0,1451272.0,1626931.625,1546221.0,1822220.625,1663242.25,1508119.0,1496947.625,1828847.625,1694201.625,1541802.5,1523864.0,1573237.625,1383596.25,1417169.0,1378417.375,1570597.0,1500571.625,1537203.625,1686170.625,1645131.25,1730572.375,1390892.375,1259600.125,1187038.375,1131615.75,1292669.375,1448447.375,1277756.25,1241779.875,1455411.25,1374623.625,1875051.875,1629748.0,1627460.625,1756598.375,1945529.25,1936046.0,1462496.875,1933850.625,1604284.25,1507551.875,1696264.25,1898029.125,1784270.75,1956537.5,1563584.875,1703872.0,1394562.625,1447872.25,1860808.875,1960423.875,1989516.875,1756035.125,1369603.75,1168305.375,1832265.125,1652383.375,1569789.25,1759393.5,1262670.375,1334295.5,1379184.5,1283411.75,1566341.75,1526263.125,1591806.625,1526507.5,1225809.75,1190659.75,1600224.0,1466481.25,1187178.25,1149561.5,1377925.125,1379354.0,1548660.5,1592334.25,1465552.25,1420416.625,1046424.3125,1051120.75,1368534.75,1318226.5,1658284.125,1620372.375,1582759.375,1513024.25,1452690.125,1437947.375,1308315.0,1205100.125,1653690.5,1817108.625,1323961.875,1294078.625,1352514.375,1326454.625,1645758.5,1960942.625,1970291.25,1817878.375,2074109.125,2140657.0,1900998.75,2038539.625,1972302.0,2012014.625,1971619.25,2193334.0,1958632.5,1870640.875,2195810.25,2079454.0,1774370.625,1728024.875,2193917.25,2041573.75,2048323.125,2302301.5,1797356.625,1787876.875,1971993.625,1890988.375,1850875.625,1778507.375,2079204.0,2201075.25,1947028.625,2027765.625,2244464.0,2356702.75,1942422.125,2007898.625,1738971.875,1748832.0,1595690.625,1520715.5,2063605.375,2024282.75,1802627.375,1840742.25,1788209.25,1750637.75,1670216.875,1492795.5,1584631.25,1583010.75,1981241.125,1772095.0,1855252.75,1646984.75,1658118.625,1605031.75,1904611.625,1921581.75,1630814.75,1669941.875,1733484.875,1995086.0,1555252.625,1619265.375,1944857.25,2219067.75,1871702.375,2029550.75,1711644.75,1796146.5,1819873.375,1663122.375,2068577.25,2132170.75,1894612.625,1996778.5,1813430.625,1872147.25,2304651.75,2400651.5,1713849.75,1589756.375,1767740.75,1624315.25,1406230.375,1468313.5,1539627.0,1508823.625,1721820.625,1777649.375,2075272.5,2164999.75,1146040.25,1099938.625,1249606.625,1157123.0,1327600.125,1264895.875,1812095.375,1725673.75,1873780.5,1839748.375,1367018.125,1388317.5,1356002.0,1601616.0,1243729.625,1342111.5,2523520.0,2556888.5,1344481.0,1252065.0,1860247.875,2050115.5,1469597.375,1678042.375,1725294.125,1681270.25,2340431.75,2083780.125,2076399.5,2420259.25,2208452.5,2757397.0,2871712.25,2921077.75,1690060.375,2047552.25
23,1896571.5,1804444.125,1753134.375,1512034.25,1563068.75,1393522.5,1874692.625,1665412.75,1751266.625,1790014.875,1841168.375,1955710.5,1767222.375,1790815.0,1625945.0,1608623.5,1746803.125,1757922.75,1599021.75,1519219.375,1488515.5,1449773.0,1630646.25,1540637.25,1823218.375,1654477.125,1507467.875,1497407.375,1826135.875,1692730.0,1539287.625,1519514.125,1574065.5,1382538.875,1413478.625,1373488.625,1570327.375,1500931.0,1535806.625,1688717.0,1647049.125,1733195.0,1386111.0,1261211.375,1187496.25,1131773.75,1293852.5,1454100.125,1278652.125,1243035.0,1452613.125,1373844.5,1878952.625,1621809.25,1630999.125,1750176.875,1947466.25,1927532.75,1470949.5,1933434.875,1607263.5,1509733.75,1698282.5,1893390.875,1783124.75,1956904.5,1565754.125,1709377.0,1395961.0,1446526.0,1863700.625,1962151.875,1990308.0,1753417.25,1368513.5,1174709.625,1833488.375,1653598.25,1565083.0,1763715.0,1255083.625,1341364.875,1375235.25,1289989.25,1559844.375,1534929.25,1592495.875,1528556.0,1220486.875,1191891.75,1595810.375,1473341.875,1184428.5,1151893.25,1372411.75,1387128.625,1542819.5,1599097.5,1461495.125,1428430.0,1042657.0625,1057428.25,1366413.625,1322188.25,1655562.25,1621606.75,1581835.25,1514905.75,1456621.25,1438265.5,1304815.375,1212210.125,1653780.0,1811803.25,1329325.875,1299268.0,1359097.875,1326849.125,1647838.5,1962539.375,1972220.75,1818421.25,2074252.125,2142371.75,1906949.625,2034989.5,1975236.375,2010242.625,1970025.0,2191570.25,1962943.5,1868303.5,2195454.5,2077391.625,1771080.375,1730201.125,2199730.75,2043353.375,2051476.25,2301857.75,1803213.125,1787530.0,1972344.625,1893712.875,1851087.375,1777382.875,2081032.625,2200742.0,1946027.625,2026803.875,2245097.25,2355933.5,1942015.5,2009763.375,1746933.5,1741114.875,1599030.0,1522990.875,2072174.25,2017560.375,1807533.75,1833952.125,1791292.625,1748082.125,1672319.5,1492516.125,1586475.125,1580748.625,1986587.375,1768576.0,1863545.25,1645599.5,1661611.375,1603084.25,1908786.125,1927295.125,1633322.375,1669947.875,1735324.25,1997687.5,1555869.625,1615543.625,1948755.5,2221246.75,1875727.5,2034488.25,1713990.625,1801057.875,1815227.875,1653133.75,2067031.0,2125893.5,1890718.5,1996220.125,1811934.875,1872171.5,2303886.75,2396419.75,1710072.25,1591141.75,1763776.875,1628988.125,1398129.25,1465872.875,1531834.875,1509941.75,1717195.25,1771455.0,2074940.875,2163688.5,1152079.375,1099314.25,1249119.625,1156001.125,1330985.0,1266305.25,1813139.25,1721873.625,1870615.125,1838899.375,1364460.375,1387642.25,1354533.625,1603165.125,1240845.0,1341412.125,2524241.25,2557955.75,1343776.75,1251493.5,1860640.0,2051612.5,1467843.0,1682651.625,1723971.375,1681449.625,2340372.75,2079267.0,2076672.25,2421458.25,2211144.5,2752936.0,2870235.0,2920768.0,1690609.125,2048132.25
24,1898443.375,1806415.875,1750603.875,1514233.875,1560694.625,1392076.625,1876767.75,1666716.75,1755495.75,1793694.125,1839971.625,1955595.625,1766461.25,1793855.5,1623689.0,1608349.5,1745774.75,1758560.875,1596628.25,1516593.625,1487494.75,1449588.75,1632072.375,1536959.875,1824067.0,1654340.625,1507313.125,1497096.75,1827669.25,1692826.625,1536633.875,1520156.25,1573203.75,1383997.5,1411904.125,1371507.125,1569554.75,1500745.875,1532976.625,1689218.625,1649444.125,1734826.125,1384868.625,1260850.125,1188551.0,1133327.0,1294954.125,1455007.5,1278127.125,1242784.125,1450297.0,1373716.125,1886497.5,1624879.875,1634466.5,1753630.5,1951990.375,1933194.0,1471679.375,1933536.125,1609640.875,1509539.875,1699924.625,1892034.25,1788561.875,1961619.0,1570042.5,1716218.125,1392541.75,1441585.125,1864438.375,1965287.25,1991398.5,1753725.75,1368321.125,1178989.75,1831917.75,1646662.75,1562075.25,1763066.0,1255223.25,1340554.375,1372928.125,1289101.125,1561080.0,1536464.0,1590179.375,1528082.5,1217802.625,1191766.625,1597487.5,1471881.875,1183236.0,1151707.5,1367509.0,1387498.625,1543807.125,1601276.75,1455827.625,1430567.0,1038981.3125,1058025.5,1363894.375,1321071.75,1654234.5,1621111.625,1582557.125,1514260.375,1457608.625,1435992.625,1296985.375,1211712.125,1651820.875,1810545.875,1327144.25,1297799.875,1357807.75,1325442.875,1647454.625,1964683.375,1974253.375,1820380.375,2074812.75,2139180.5,1904012.875,2032684.625,1972988.125,2007559.125,1973647.25,2194762.25,1965468.375,1871731.125,2196504.75,2077547.5,1769386.875,1727579.875,2201815.75,2046535.875,2054662.25,2303800.0,1801298.875,1786342.375,1973330.75,1893344.25,1849561.0,1776380.0,2077368.625,2199952.25,1949555.875,2032206.125,2247512.75,2358828.0,1942185.125,2011115.875,1753216.125,1744557.5,1601959.375,1526394.875,2077290.375,2021999.625,1812552.375,1837975.0,1789375.625,1748813.75,1673712.625,1491205.625,1585135.0,1579729.125,1984518.875,1768042.75,1862734.25,1648175.875,1661388.875,1600000.75,1910645.875,1930414.5,1635014.5,1667045.125,1735168.25,1997961.375,1571875.0,1623787.375,1953198.25,2227597.5,1879730.625,2038293.625,1713896.5,1802154.25,1814230.75,1648733.375,2068818.125,2127944.0,1890589.75,1993410.25,1814137.375,1874077.125,2308726.0,2400351.25,1711257.75,1591752.75,1765449.625,1630818.75,1396952.125,1465099.625,1526017.875,1508376.875,1718353.375,1774131.125,2076530.5,2164063.75,1151170.5,1098863.75,1248358.0,1156476.125,1330949.75,1265207.0,1813561.25,1721487.375,1870236.125,1837175.625,1363700.125,1387319.375,1354201.25,1603233.625,1238432.75,1341152.625,2521320.25,2555618.5,1341921.625,1251246.875,1859978.125,2052090.375,1468419.75,1685414.625,1724208.625,1681082.875,2340634.25,2075515.5,2077495.5,2419921.75,2211315.75,2752835.5,2870894.25,2921067.25,1692177.5,2044459.875
25,1899423.625,1805063.75,1746167.5,1513720.125,1555296.125,1393938.0,1881295.625,1673375.25,1758615.75,1798745.625,1837259.625,1952258.875,1761444.625,1792339.375,1618759.875,1606728.0,1743047.5,1757307.0,1591016.25,1514029.25,1484888.125,1448840.75,1628865.125,1538052.5,1824732.0,1658319.125,1505673.125,1495331.0,1828869.25,1693868.125,1536059.375,1519733.5,1570411.5,1382236.5,1413455.125,1373423.375,1568754.625,1501514.75,1532327.875,1687354.625,1647552.75,1731238.375,1386018.25,1259715.875,1188082.375,1132729.375,1293203.25,1453208.25,1275260.875,1240878.75,1450048.375,1374678.375,1893092.75,1632503.875,1636860.5,1760077.25,1957193.125,1943793.25,1468125.375,1937123.75,1611206.375,1510080.625,1701588.0,1894013.125,1798004.875,1965507.75,1575670.125,1722825.375,1393644.25,1443835.5,1864457.625,1970325.375,1992458.125,1756367.625,1370041.25,1182491.0,1831543.25,1651134.625,1566453.875,1768298.625,1258838.0,1339636.875,1373975.625,1289438.125,1562821.375,1534158.0,1590123.125,1532156.625,1218929.0,1192743.75,1596885.25,1466450.0,1183686.75,1151959.75,1367472.375,1384721.375,1545494.25,1599035.125,1453940.75,1427223.625,1039451.4375,1056129.125,1363707.75,1318646.625,1655450.75,1620016.625,1582974.25,1513442.0,1454861.375,1437369.375,1295337.75,1207740.375,1651082.625,1812060.25,1326953.5,1296372.875,1358009.0,1324926.5,1650540.0,1968877.125,1978796.875,1822822.25,2071996.625,2140836.25,1895379.5,2030359.5,1967729.625,2003027.75,1976261.25,2194925.0,1965135.75,1876594.25,2196726.25,2077388.875,1768388.375,1722043.75,2198305.5,2043335.25,2053999.625,2303668.25,1793421.875,1781883.625,1969444.875,1890035.0,1848408.625,1775180.0,2069827.375,2196214.25,1953045.0,2039565.5,2245982.75,2359403.75,1936719.875,2004844.625,1756058.75,1752883.375,1603876.125,1528676.375,2076873.25,2028025.625,1816742.375,1849026.625,1786839.625,1749762.5,1670126.625,1488327.75,1581365.25,1580576.625,1984832.0,1769996.125,1857359.125,1649668.0,1657991.375,1600187.625,1904661.0,1922708.0,1632755.25,1663453.25,1732144.125,1991816.125,1588488.625,1630795.75,1950915.875,2221208.5,1877268.5,2032140.625,1709377.375,1795485.75,1815536.5,1651175.625,2073935.875,2135452.75,1892808.125,2001447.75,1818999.25,1877773.5,2312721.25,2406119.0,1714655.625,1593128.125,1766439.75,1629300.125,1402946.125,1467054.25,1528938.125,1507151.25,1726863.25,1782504.75,2078362.5,2161032.0,1148282.0,1099669.25,1247206.5,1155438.75,1328631.0,1263179.75,1813339.875,1723579.5,1871012.75,1836423.625,1363881.375,1386611.75,1352018.0,1599780.25,1238064.375,1340332.875,2518795.5,2551228.75,1340002.125,1250289.25,1856493.75,2047533.25,1470144.75,1686105.375,1726083.125,1682056.75,2341300.75,2076150.375,2078401.75,2419880.5,2210141.0,2753261.5,2871766.25,2921111.25,1691733.5,2039336.375
26,1895131.125,1802622.0,1741613.375,1509583.5,1549123.375,1396343.375,1882202.75,1680125.75,1759224.125,1798285.75,1835710.625,1949657.5,1758166.75,1789770.75,1616573.625,1606335.125,1737743.625,1754727.875,1588566.25,1515332.0,1483724.75,1449279.125,1622035.0,1543423.375,1819205.125,1660430.625,1504378.0,1495511.625,1826288.5,1696590.375,1540188.625,1519694.5,1571368.5,1381750.5,1416296.5,1380662.375,1569026.25,1504075.0,1535277.375,1688641.0,1645109.5,1729585.125,1388809.5,1260672.75,1188050.625,1132038.5,1292874.625,1453479.625,1274457.875,1241788.375,1450690.0,1376728.75,1891250.875,1635807.625,1634594.5,1760784.5,1957259.0,1943914.625,1473921.375,1944974.625,1610237.125,1511717.75,1698295.0,1897704.375,1799004.375,1964071.75,1579196.75,1726494.875,1393768.625,1446477.75,1864864.25,1969414.875,1992977.375,1757830.625,1370883.375,1182683.125,1831512.5,1656091.25,1573100.0,1770289.125,1260672.375,1340413.5,1375532.375,1289683.5,1562504.25,1531674.0,1593010.625,1532929.25,1223500.375,1193662.5,1599849.875,1467347.0,1186243.875,1151972.0,1371558.0,1384603.875,1548768.5,1594687.625,1459131.75,1424864.5,1044232.125,1055278.75,1367541.5,1318719.75,1655595.0,1618656.375,1582704.625,1513585.625,1454790.0,1440524.25,1299249.125,1207713.875,1649509.5,1814930.75,1325518.375,1296132.625,1353968.125,1326796.625,1652729.25,1963973.5,1977586.25,1822884.375,2068281.125,2143960.0,1896546.25,2036123.875,1969456.375,2004976.875,1971703.875,2195560.5,1964100.625,1878511.125,2192739.25,2077840.125,1767846.125,1720266.75,2196428.5,2040602.875,2050290.0,2305253.0,1791479.25,1784384.0,1965211.0,1887436.625,1848478.75,1775891.375,2067358.625,2192576.25,1951724.0,2036544.375,2241211.0,2355692.75,1933324.625,2000409.0,1754061.25,1755321.375,1603628.375,1528145.0,2072043.5,2029183.375,1816022.0,1852651.0,1787039.375,1750680.375,1666692.625,1488314.5,1578616.625,1582686.375,1985510.125,1770357.5,1855025.875,1649516.25,1655558.875,1601593.125,1900739.25,1917867.375,1631472.625,1665622.5,1729907.25,1988129.625,1590484.625,1626972.25,1947884.75,2215322.5,1871696.5,2025627.625,1707686.25,1792299.5,1813202.25,1655016.25,2073538.375,2135421.25,1892517.125,2008607.5,1818610.75,1874410.375,2309965.5,2405140.25,1713188.75,1593321.875,1765622.625,1625622.125,1406412.5,1469171.25,1534446.25,1506933.0,1730124.5,1785698.125,2077919.125,2158549.5,1145681.625,1100096.875,1243826.875,1153767.375,1326087.625,1264630.75,1810889.875,1725174.875,1869414.375,1836639.75,1362669.125,1385935.25,1350435.625,1597328.25,1237741.625,1339003.5,2518629.25,2550424.75,1338815.0,1249164.125,1852054.75,2038833.625,1468198.375,1682217.0,1725287.0,1683176.875,2338954.5,2078570.75,2075229.875,2420657.25,2206032.5,2750417.75,2866785.5,2917122.75,1686959.5,2039474.0
27,1895974.625,1804846.0,1741269.25,1508857.875,1548201.75,1397988.625,1877413.25,1683798.625,1755997.0,1793264.125,1836780.375,1951854.5,1761197.875,1791375.0,1618731.75,1608336.75,1737109.0,1757086.375,1591838.625,1520270.125,1483579.0,1451342.875,1620124.125,1546792.75,1813620.875,1663642.5,1504641.25,1494764.5,1824855.125,1698007.875,1542510.125,1522902.875,1572489.625,1384266.625,1415248.625,1381219.125,1569325.125,1503908.25,1534028.75,1688815.75,1645951.5,1731674.375,1388761.875,1258757.75,1188564.875,1132873.25,1292202.375,1450815.125,1274698.375,1241447.125,1450759.875,1375086.5,1884993.125,1635825.5,1629696.75,1760017.5,1953880.75,1939790.375,1478570.625,1945934.0,1607060.25,1508859.875,1693460.625,1898619.75,1793591.25,1960936.125,1575707.875,1719684.0,1394705.625,1450088.625,1861426.25,1960907.625,1988647.125,1752898.375,1370832.0,1174897.25,1826534.5,1651001.25,1570810.0,1759043.625,1262270.625,1337866.25,1376853.25,1288704.25,1567118.375,1529369.25,1592440.75,1527362.25,1227327.875,1192395.375,1605320.0,1470943.125,1189690.75,1152312.75,1376208.625,1384704.625,1553786.25,1594154.125,1463536.25,1424687.375,1047439.125,1054697.0,1370869.875,1319858.75,1655087.5,1616967.75,1583378.75,1513068.375,1457674.0,1441105.0,1303123.0,1209334.75,1650166.0,1818085.25,1327471.625,1298936.875,1353570.5,1328704.625,1647201.5,1961612.25,1971435.875,1821872.25,2070432.625,2137884.0,1900407.125,2043501.0,1972169.625,2010338.75,1968300.5,2200192.75,1962433.375,1878184.875,2189650.75,2078242.75,1767735.75,1723126.75,2194195.0,2041764.375,2047455.75,2308772.25,1793580.25,1791206.0,1965112.75,1885973.0,1847061.625,1777365.0,2072136.375,2198073.75,1949415.125,2032322.125,2238332.0,2352624.0,1937965.625,2004258.75,1748813.375,1754097.0,1600918.625,1524458.625,2067562.75,2030708.375,1811249.25,1849153.75,1785317.875,1749836.5,1666581.375,1491412.125,1579999.75,1583723.375,1978135.25,1769001.25,1855674.0,1649018.125,1658620.25,1601960.625,1904286.25,1921317.75,1631385.875,1668153.0,1731482.625,1992531.375,1577341.375,1621724.125,1946136.0,2217621.25,1870684.875,2026860.25,1710393.375,1796009.5,1809585.5,1655054.125,2067200.0,2128682.25,1886679.5,2003345.875,1814227.375,1869556.5,2304506.0,2398919.25,1712070.125,1592919.75,1768499.75,1625074.0,1408840.875,1471578.5,1536413.375,1506459.125,1723484.625,1782100.25,2075001.75,2160383.75,1143619.0,1098953.625,1243760.75,1154574.125,1325121.25,1267199.75,1809282.0,1724821.5,1868878.375,1834268.375,1362254.875,1384348.625,1351121.625,1597766.25,1237121.125,1336678.625,2520007.25,2552415.25,1340539.75,1248815.75,1855064.75,2043051.875,1465699.875,1675579.75,1724256.0,1680754.125,2341341.25,2080866.375,2077394.875,2422776.5,2208419.25,2754581.25,2871012.0,2914634.75,1683992.5,2042808.25
28,1904512.375,1808483.125,1747100.5,1512458.375,1555480.75,1399794.0,1871382.625,1681151.625,1751319.875,1790229.5,1839530.375,1955852.625,1766382.375,1793884.5,1620554.75,1609369.375,1741995.75,1760060.5,1596098.5,1524237.0,1481414.125,1451921.75,1622648.125,1545731.5,1813129.0,1665773.625,1503499.0,1491192.25,1824658.75,1695234.875,1538791.625,1522445.25,1570471.125,1383404.625,1414854.625,1373917.125,1570688.375,1500601.25,1531503.625,1685996.0,1648090.875,1735951.75,1388593.75,1255189.375,1188576.25,1134149.375,1290682.125,1446046.5,1275580.25,1239571.75,1454851.375,1371513.125,1878249.875,1633418.875,1624324.25,1760277.375,1948938.25,1939882.25,1467496.875,1937668.5,1605374.5,1503960.625,1692958.25,1894673.875,1789955.25,1957977.625,1567101.25,1707675.875,1403613.875,1458312.25,1858849.75,1958996.875,1986074.25,1749204.125,1374996.625,1170753.0,1826640.25,1649134.5,1568239.625,1753155.0,1266684.75,1334466.0,1381513.125,1289726.375,1573549.75,1525102.0,1590033.25,1525959.5,1228428.375,1189516.875,1605095.625,1469849.375,1192113.25,1153916.25,1382023.75,1382907.375,1555906.5,1597205.625,1463534.625,1422545.0,1048630.75,1053532.625,1372143.5,1319835.125,1657252.25,1615757.25,1586384.625,1512813.125,1460322.5,1440911.375,1307126.625,1208545.75,1653619.75,1818154.0,1335243.125,1305023.625,1363612.375,1330172.5,1643020.25,1969175.5,1971533.5,1821628.0,2075708.375,2133985.0,1894409.25,2040998.75,1967840.0,2009522.0,1970255.125,2199572.0,1957985.875,1877149.75,2191017.5,2075889.625,1768269.5,1723056.125,2189176.75,2042036.75,2046004.5,2306737.5,1790940.0,1790268.0,1966967.875,1885773.0,1844206.25,1776918.875,2077158.625,2203935.5,1949095.875,2035595.625,2239732.25,2353209.25,1943399.0,2007986.875,1741015.5,1751593.875,1597886.875,1520165.75,2063917.375,2031287.875,1805461.75,1846116.75,1783832.25,1748454.375,1669043.125,1494429.625,1582850.75,1583101.0,1975937.75,1769563.625,1857227.25,1647708.25,1660857.5,1603104.25,1909811.625,1924519.125,1630073.875,1666611.875,1734742.75,1998132.875,1559197.125,1621067.75,1940706.75,2213116.75,1873312.875,2028360.0,1712805.5,1799905.875,1808668.875,1650614.0,2063691.125,2125025.0,1880601.75,1998395.25,1812703.375,1869921.75,2301843.75,2393977.0,1713569.125,1591422.25,1772360.625,1626997.875,1410810.5,1470403.375,1537535.125,1504696.5,1714782.0,1775743.0,2072200.0,2163096.75,1147867.0,1101107.875,1249192.125,1157593.625,1328435.75,1269811.75,1811130.625,1723713.875,1872664.75,1832802.875,1365160.125,1383436.5,1353550.875,1600938.0,1239529.125,1336159.75,2521780.75,2554725.25,1343870.375,1249577.875,1863264.25,2056633.5,1467351.75,1675199.375,1725892.625,1677464.375,2347761.0,2083676.5,2085322.875,2426199.75,2218749.75,2761728.75,2881238.75,2918031.0,1687456.125,2043986.5
29,1908288.625,1809579.875,1753856.375,1514506.25,1562467.25,1400832.375,1868660.625,1676005.5,1751223.125,1792327.0,1841178.875,1958116.0,1768874.375,1794948.25,1619739.625,1609080.125,1743533.25,1758560.625,1597276.625,1526049.0,1480605.125,1451671.0,1622979.75,1548883.25,1812554.625,1664984.5,1503084.75,1490529.0,1823965.875,1692723.75,1538661.875,1519918.125,1572411.0,1381710.875,1420684.0,1376770.75,1573457.625,1501054.125,1537165.0,1687951.25,1649843.0,1740048.875,1394577.25,1256746.5,1189672.375,1135211.375,1293575.875,1446008.25,1279332.5,1241902.25,1461379.875,1373122.25,1870673.75,1631730.625,1619924.75,1760709.25,1941471.5,1941790.75,1454943.625,1933810.75,1605468.375,1505087.0,1693648.75,1893599.625,1785949.5,1954892.375,1560903.375,1702898.5,1406522.5,1457495.5,1863441.25,1965266.25,1991629.5,1754792.875,1381237.375,1174844.875,1834007.625,1648062.125,1575179.5,1759394.625,1271286.5,1331992.75,1384963.375,1286750.875,1575693.0,1518688.625,1590869.375,1528046.5,1230344.25,1186660.5,1605219.0,1465196.75,1193742.0,1151417.75,1386735.0,1379546.75,1557218.0,1593669.5,1465559.5,1417333.625,1051248.375,1050354.875,1373510.75,1316936.375,1658740.5,1615349.375,1588402.0,1513026.5,1461063.5,1440477.125,1309687.25,1205881.875,1652159.0,1815304.875,1333756.125,1305373.875,1364489.25,1332564.625,1642900.5,1967871.375,1975175.125,1821115.25,2078242.875,2139912.25,1889589.375,2037089.25,1965862.5,2007248.875,1971061.125,2195489.5,1953374.625,1876885.125,2191687.75,2073906.75,1772089.0,1719635.25,2189329.75,2042557.125,2044804.625,2303593.0,1788744.625,1787541.125,1971686.75,1887887.375,1844637.75,1777242.75,2078398.75,2195804.0,1947342.5,2032895.5,2240957.5,2354209.0,1944883.5,2007310.375,1732567.25,1749014.5,1595664.5,1518826.875,2058741.25,2030136.875,1798920.0,1844791.75,1786999.625,1751412.125,1672771.875,1496230.25,1582997.0,1582962.75,1983948.25,1772929.75,1856352.5,1647543.625,1656202.0,1605451.625,1913466.375,1926091.0,1629968.5,1666628.25,1735261.75,1999192.125,1550797.5,1620397.375,1937512.625,2209208.5,1873634.375,2026840.125,1713011.625,1800498.875,1807220.875,1647524.75,2062107.0,2123489.0,1877165.625,1996028.0,1811442.0,1867424.125,2299840.5,2392628.0,1712816.875,1587916.25,1772958.375,1623210.75,1407522.375,1463444.25,1538890.25,1501879.25,1708739.5,1769532.25,2071710.625,2164180.0,1154557.5,1106565.125,1251591.625,1161176.5,1333012.625,1271987.0,1811899.25,1723609.875,1876615.875,1837651.0,1368266.0,1386432.125,1357938.375,1604800.625,1244297.75,1340107.5,2523048.75,2557359.0,1344841.375,1251178.375,1866245.0,2056222.25,1471404.625,1680240.375,1727952.75,1677359.375,2346183.75,2086216.25,2085211.375,2424511.5,2219795.25,2758620.25,2876443.5,2920942.0,1693566.375,2044378.875
30,1905909.875,1809271.625,1758012.5,1514222.75,1567210.125,1400074.375,1869637.25,1673278.5,1753230.5,1794004.375,1842146.875,1959192.125,1770248.75,1795715.75,1621086.625,1609095.25,1743216.5,1756956.5,1597763.625,1525284.125,1485296.625,1451711.75,1625038.75,1553587.375,1813082.875,1663172.625,1505769.625,1492931.0,1824894.25,1693085.625,1545264.75,1519928.875,1578608.375,1381910.5,1424487.0,1385904.375,1574285.5,1503953.75,1543393.5,1691224.0,1650461.0,1740157.875,1398581.875,1260975.125,1191049.375,1135528.625,1298143.375,1449858.375,1282893.625,1246139.875,1461136.375,1377210.625,1868824.25,1631578.125,1619877.125,1761117.0,1938038.125,1942730.5,1457013.75,1936168.25,1604379.5,1508638.5,1693753.375,1896719.0,1781463.25,1954141.125,1559281.125,1701866.125,1395994.0,1446470.125,1865176.75,1964712.625,1992957.0,1758801.75,1378868.5,1174594.5,1833014.625,1640495.625,1578269.75,1760187.125,1269612.375,1330615.625,1382465.125,1280574.875,1573366.375,1517276.5,1592813.25,1526686.75,1231346.75,1186613.75,1606021.375,1464167.125,1194216.875,1147578.5,1384013.875,1378671.125,1556250.5,1586918.5,1467974.375,1415221.875,1052663.375,1048360.6875,1373231.625,1314277.0,1656572.5,1615903.875,1586051.25,1513172.5,1460440.25,1440464.125,1306023.625,1205199.875,1647518.5,1814706.25,1326677.375,1301508.0,1355907.25,1334720.5,1644002.875,1962083.5,1973480.875,1820533.625,2078202.75,2140614.75,1895775.25,2037331.0,1970912.875,2008440.75,1970231.75,2196591.75,1953803.875,1875711.75,2190966.25,2075715.5,1775836.375,1719619.25,2196491.5,2044836.625,2046010.25,2305755.75,1794239.0,1789200.125,1977706.375,1889445.375,1847870.375,1777482.625,2076764.875,2184119.5,1944175.375,2021069.0,2238323.25,2352335.75,1944808.875,2006165.125,1731327.75,1749154.0,1593995.5,1518218.25,2057993.375,2030250.25,1795640.625,1842388.125,1788003.625,1753974.25,1674772.0,1495743.5,1582265.75,1582681.0,1985618.5,1774167.125,1853637.0,1647873.75,1652472.0,1605971.625,1914059.875,1926843.875,1632420.0,1669910.0,1735261.25,1999767.625,1551219.625,1616312.75,1941965.25,2217832.25,1872300.75,2027987.625,1713228.75,1801090.875,1806222.0,1648311.25,2061911.875,2123182.25,1875223.875,1993825.5,1809048.25,1863825.75,2298117.75,2393060.25,1710008.75,1585769.875,1771098.125,1617994.75,1401003.625,1458544.375,1536899.375,1501683.875,1708075.0,1768716.25,2072921.75,2162831.0,1156367.75,1108502.125,1248102.125,1162504.75,1334786.25,1272285.25,1809665.0,1724358.125,1877206.75,1843322.25,1368477.625,1390156.625,1360764.375,1607016.0,1247376.75,1343731.375,2521737.25,2556241.5,1343982.625,1251637.125,1865371.875,2046571.5,1472783.5,1680526.875,1729581.0,1677560.625,2339946.25,2087344.125,2081049.0,2421554.75,2213299.0,2750900.25,2863513.5,2915883.25,1695506.5,2045710.0
31,1903421.375,1807159.75,1758584.875,1511956.375,1568618.125,1398406.375,1871333.0,1673528.375,1753317.125,1792965.375,1842885.625,1958151.5,1770045.875,1794540.5,1622473.125,1607754.5,1744819.875,1754726.5,1597057.125,1521576.625,1488024.375,1450330.375,1628027.375,1549215.5,1814761.375,1661851.875,1509210.5,1493367.875,1826092.375,1691222.75,1548694.75,1517389.0,1580426.0,1379123.5,1421729.625,1383153.625,1572688.875,1502879.375,1542236.625,1686776.0,1648918.625,1736773.0,1394992.875,1261625.0,1190798.25,1134955.0,1299933.5,1453957.5,1283321.875,1247711.25,1457011.0,1376992.75,1872669.875,1630854.875,1622394.125,1761590.625,1942077.625,1943884.5,1468185.375,1940216.875,1604825.5,1508739.875,1695206.0,1895502.25,1782244.75,1954503.0,1561576.0,1701362.125,1392841.75,1444368.875,1860491.625,1961527.5,1987471.0,1756568.5,1371990.375,1170227.125,1826432.25,1641503.375,1574086.625,1755455.625,1265602.75,1330345.875,1382669.875,1280153.375,1569447.75,1520522.0,1592922.125,1524664.375,1229386.5,1188139.875,1600758.5,1465949.0,1193551.125,1148839.125,1379754.375,1381018.375,1552450.5,1588731.625,1467149.625,1416163.125,1052602.5,1049537.5,1372039.75,1315716.625,1655925.75,1616782.375,1583840.5,1513356.25,1459932.125,1443204.625,1301650.25,1207193.875,1647548.75,1818254.5,1326875.875,1302608.125,1356616.25,1334210.125,1647328.0,1967743.125,1970612.875,1820050.0,2077013.0,2136841.0,1903443.25,2039329.0,1974473.75,2008155.875,1969118.125,2198279.75,1958336.875,1875620.75,2190199.75,2078486.0,1772507.625,1719957.625,2198826.0,2042596.625,2046897.125,2307029.5,1797646.375,1787887.25,1977116.0,1886914.75,1848954.375,1775740.5,2073833.375,2181262.75,1944659.625,2014636.875,2236136.75,2350469.5,1942854.625,2004689.875,1735626.0,1751760.25,1594723.0,1517587.5,2061015.5,2030965.25,1798642.75,1842232.25,1783731.375,1752741.625,1671323.375,1494518.0,1581345.5,1582008.5,1980126.875,1772142.0,1853401.125,1647430.75,1654290.375,1604551.375,1909772.75,1922836.5,1632039.25,1671122.75,1736243.25,2000071.0,1550298.625,1613310.875,1944237.625,2221315.0,1869751.5,2026991.875,1714089.75,1801297.875,1811183.125,1651965.125,2068004.0,2129996.25,1879118.875,1998882.375,1812236.0,1869279.5,2301335.0,2396663.75,1707626.875,1586309.75,1769235.75,1619973.25,1400766.0,1461213.625,1535398.125,1503762.375,1714191.375,1774116.25,2074071.125,2157928.0,1155552.0,1106157.25,1246764.5,1160021.625,1334652.25,1272503.375,1808668.25,1726284.375,1876384.125,1842784.625,1367798.25,1390194.375,1359916.625,1608356.0,1247368.75,1342900.125,2518937.75,2552137.75,1343502.75,1250572.75,1865949.625,2047155.875,1470124.875,1676510.375,1729515.875,1677428.875,2340966.0,2088149.625,2083573.375,2425282.0,2214740.25,2750711.0,2862826.75,2910640.25,1692084.75,2046563.5
32,1900258.625,1805383.5,1753167.25,1507363.75,1557985.125,1395331.25,1873383.25,1679562.875,1756278.125,1795715.875,1840193.875,1954385.375,1764405.625,1789127.25,1617791.0,1605540.0,1743632.125,1751426.5,1591656.375,1518098.5,1484278.125,1449383.5,1624267.375,1543012.625,1813487.125,1665717.5,1510075.125,1489374.25,1827822.625,1686966.0,1545151.25,1516065.25,1576864.5,1376631.0,1419466.0,1375264.375,1571706.5,1501095.0,1540535.625,1681501.75,1645845.875,1733364.625,1391658.375,1257965.625,1190596.25,1134824.5,1298008.5,1450562.0,1282112.125,1247212.0,1456951.625,1373510.0,1874714.875,1634802.125,1623955.25,1765345.25,1946396.25,1948553.25,1474332.25,1947404.5,1609671.875,1508457.0,1697107.125,1893935.0,1789905.625,1956539.25,1568834.75,1709093.0,1401122.25,1451391.375,1860942.75,1967834.625,1988297.375,1758326.125,1373993.5,1171493.625,1827370.625,1647329.0,1574580.75,1754763.625,1267589.625,1327107.125,1385983.0,1279282.375,1570442.375,1519004.25,1590158.625,1523032.625,1229340.625,1185208.5,1599374.0,1461916.75,1191925.375,1146994.875,1381404.625,1379243.625,1555933.0,1592597.375,1467520.25,1414561.625,1053854.125,1048745.875,1372982.5,1316617.5,1658691.5,1616121.125,1585979.75,1511302.25,1460919.25,1443773.75,1302404.625,1205933.125,1648775.75,1821476.0,1325527.125,1303177.5,1360528.875,1331593.875,1647900.25,1970978.875,1971237.5,1820598.25,2074697.5,2139341.25,1903425.0,2044100.125,1973999.625,2006399.875,1968700.625,2199348.0,1960804.375,1880959.875,2188742.5,2079599.0,1768921.75,1715665.875,2192209.75,2037558.875,2044720.0,2307493.5,1791536.625,1786904.875,1971283.25,1882231.25,1848720.5,1777089.0,2072629.25,2184590.5,1949273.25,2018447.875,2238263.0,2353104.25,1937165.0,2001122.25,1736218.5,1757463.25,1597827.875,1520764.5,2059047.0,2035704.875,1803654.75,1849725.625,1781835.0,1754759.875,1665791.375,1495943.375,1579501.0,1585105.5,1977083.375,1772443.625,1854318.25,1649396.75,1656156.5,1604603.5,1901941.625,1916408.875,1628560.625,1669654.875,1734445.75,1996649.625,1554535.0,1617868.5,1942980.75,2217946.5,1866843.375,2022307.625,1713689.5,1798176.75,1818116.625,1658391.375,2076642.5,2141610.25,1889945.25,2005753.75,1819271.875,1878333.125,2309248.0,2406024.5,1710539.75,1588447.875,1772088.625,1622946.625,1409519.625,1467188.5,1539110.25,1502890.125,1723605.5,1782986.75,2076284.0,2155150.75,1152458.75,1104498.875,1249533.5,1158154.5,1332736.875,1273403.75,1809907.875,1729089.25,1875884.875,1839099.0,1366981.625,1387406.375,1359068.5,1610566.0,1243988.75,1339225.625,2518663.0,2552938.75,1342765.625,1249932.375,1863713.0,2052269.875,1467120.375,1675039.0,1728390.0,1678810.25,2346223.75,2088139.75,2086872.25,2427813.5,2218359.0,2756834.0,2872290.0,2916948.5,1689130.0,2043707.25
33,1898768.125,1807530.875,1746994.0,1505997.875,1544830.5,1392483.25,1878669.75,1688094.625,1761667.75,1800681.375,1834677.25,1951583.625,1758127.625,1784802.25,1613918.125,1605473.625,1740536.875,1753162.625,1586961.5,1517358.875,1482523.625,1451719.875,1619483.375,1545539.375,1814268.0,1672014.875,1507613.5,1484878.625,1830915.625,1688122.5,1539675.5,1521262.75,1574048.875,1381352.125,1418244.875,1378454.125,1571304.375,1502246.375,1541074.875,1686173.625,1643036.75,1731507.0,1390870.5,1254842.125,1190438.875,1135163.5,1292051.125,1439869.0,1279554.875,1245021.75,1457664.0,1372489.5,1877162.875,1642759.125,1626936.5,1771336.75,1948795.5,1954638.0,1473038.125,1953606.125,1613011.125,1508272.375,1699160.5,1899313.375,1799251.125,1962589.125,1577231.375,1720683.125,1401014.875,1451706.125,1863833.875,1971846.125,1990529.375,1760599.5,1376786.875,1172906.0,1827920.125,1638696.625,1574505.25,1750287.875,1271038.25,1320914.0,1382311.5,1272819.375,1575263.5,1514213.25,1584399.125,1517768.125,1231794.5,1181238.75,1607413.25,1455582.875,1190106.625,1139699.875,1382893.25,1375093.125,1563043.75,1590233.375,1468283.375,1413748.875,1052887.625,1046341.375,1373523.625,1313993.0,1660177.75,1615577.25,1588458.0,1507398.375,1462669.5,1439381.125,1304367.0,1200645.125,1647647.125,1820162.375,1322230.125,1299201.125,1357806.875,1329557.5,1645127.75,1963718.0,1969022.75,1821619.75,2070057.5,2138203.0,1900275.875,2046611.75,1972708.125,2006167.75,1973225.0,2204778.5,1960742.125,1886423.875,2190559.5,2079914.75,1770669.75,1711074.0,2187155.0,2038337.125,2045454.25,2311661.75,1786505.875,1791530.25,1967455.25,1879782.75,1849689.0,1780782.75,2072760.375,2190430.25,1953751.75,2027852.625,2240229.75,2357307.0,1931024.875,1997836.125,1736507.125,1764286.875,1599742.375,1523882.5,2056999.5,2043951.375,1807316.0,1858300.625,1782593.25,1757174.125,1665847.75,1497542.25,1580167.375,1588962.375,1973214.75,1773069.5,1852975.375,1652321.375,1656207.625,1605660.75,1896316.0,1913406.375,1628650.25,1668305.75,1732169.625,1993669.625,1569043.0,1625744.875,1945504.0,2221921.75,1869383.875,2023297.5,1711886.5,1796435.375,1820371.875,1663956.625,2081433.375,2148105.25,1896843.625,2005543.5,1822350.0,1882215.75,2314898.0,2414146.0,1719707.375,1590590.25,1778465.375,1621735.75,1419840.75,1472731.5,1544592.5,1501685.25,1729178.5,1789361.375,2078330.5,2157624.0,1146556.875,1104351.5,1249770.625,1158720.375,1329243.875,1271454.875,1810082.625,1728030.0,1875623.25,1836154.125,1365652.25,1384667.375,1358373.125,1610828.125,1240609.75,1336881.625,2520409.0,2555316.0,1342027.125,1249618.625,1859930.25,2052216.625,1466522.5,1674162.625,1729074.0,1678568.5,2346887.5,2084989.625,2086328.25,2423619.25,2216584.25,2761070.0,2878328.25,2925160.25,1689705.25,2037617.375
34,1900760.0,1808635.125,1747271.25,1508133.375,1549938.625,1393353.125,1883188.75,1684479.375,1759698.25,1798235.25,1833151.375,1951683.25,1760260.25,1788119.375,1618236.375,1606033.125,1740799.375,1755814.625,1590790.25,1517545.375,1486167.75,1453293.5,1622342.375,1547429.0,1820868.75,1666682.0,1504905.625,1487896.75,1830465.75,1692753.625,1537162.875,1521788.875,1573505.25,1384918.625,1414450.125,1385700.375,1570205.75,1502276.25,1538502.0,1695240.0,1642965.625,1731195.75,1388759.75,1257024.0,1188092.125,1133786.375,1287720.0,1439698.5,1276461.625,1241961.25,1455709.875,1375262.375,1883316.875,1640162.75,1632623.625,1768617.5,1951507.75,1950577.25,1467713.125,1947389.125,1610928.875,1507011.875,1701939.125,1901273.125,1800459.125,1965082.875,1576571.125,1720477.375,1396656.875,1448263.0,1859970.5,1965327.375,1986730.75,1756830.75,1369506.625,1171015.75,1829004.125,1637502.25,1569352.375,1747775.0,1267547.25,1321877.25,1377144.625,1275770.75,1573320.125,1518466.875,1583046.5,1517068.0,1230123.25,1184723.875,1608541.375,1459372.125,1188590.5,1141302.75,1379684.375,1379144.25,1557301.5,1592400.125,1463778.25,1418941.125,1047049.3125,1049546.125,1370495.125,1314462.75,1659849.75,1618549.25,1586993.625,1507855.25,1462102.25,1437836.5,1303367.625,1201424.25,1649199.875,1816747.375,1327865.5,1298773.625,1357485.25,1328988.5,1648229.125,1961902.0,1963216.875,1817642.625,2064912.75,2132099.75,1898465.0,2040274.0,1968692.875,2002788.625,1977998.75,2205471.75,1962467.0,1883563.375,2195196.25,2078773.375,1769756.375,1712353.875,2189633.75,2040931.0,2050929.25,2310715.25,1790758.625,1790993.0,1965859.625,1882252.25,1850304.75,1780546.5,2068611.125,2191243.25,1952764.125,2034032.875,2239051.5,2357551.5,1929745.375,1997793.625,1743461.625,1760882.5,1600303.375,1523159.875,2063950.625,2041174.5,1809926.25,1855544.25,1782040.25,1752134.0,1670480.875,1495053.125,1583501.0,1585346.875,1971818.125,1769287.75,1852510.5,1650557.625,1656902.875,1604709.625,1897984.125,1915889.875,1631560.375,1667050.125,1732925.125,1994421.0,1577057.625,1625933.375,1947882.0,2224003.75,1875048.375,2028054.25,1710295.375,1798417.25,1821447.375,1663354.5,2083882.75,2146878.0,1899013.75,2008591.5,1820786.25,1881660.0,2315263.25,2412938.25,1723567.625,1590774.875,1777535.875,1624222.5,1421645.75,1476143.875,1545463.5,1506055.375,1727392.625,1785529.375,2076148.0,2156441.0,1146123.0,1102446.25,1247952.125,1157605.0,1328353.25,1267872.25,1809465.875,1723228.25,1875081.0,1834731.0,1365630.125,1383643.25,1354782.625,1605583.625,1241928.125,1339230.125,2520903.5,2551876.25,1342616.125,1248964.75,1860364.75,2050574.875,1467462.5,1673178.375,1727406.875,1676540.625,2342592.25,2080381.5,2082745.25,2419329.25,2213467.5,2757427.5,2874243.75,2921624.75,1690270.5,2035206.125
35,1900897.5,1805811.0,1748576.5,1508174.375,1562907.125,1394642.0,1879204.625,1671023.25,1750408.25,1790361.125,1836956.375,1952919.125,1766038.375,1793057.5,1622710.5,1605171.0,1742677.5,1754347.625,1597082.625,1516774.625,1489395.625,1451591.125,1627600.75,1541810.125,1826381.25,1654357.75,1504283.625,1495818.25,1828232.125,1693122.625,1539424.125,1517798.625,1573457.125,1380382.625,1412605.375,1383603.875,1569988.125,1500166.625,1535179.875,1696987.0,1645726.5,1732471.125,1386234.375,1260641.625,1185701.0,1131958.75,1289471.0,1450186.75,1276549.375,1241723.375,1453339.375,1376719.25,1887316.25,1628231.375,1635676.25,1758029.25,1952748.125,1938809.375,1459073.875,1931004.0,1607656.125,1507292.625,1702768.875,1895427.75,1792387.125,1960864.875,1566775.625,1708629.625,1397651.25,1447635.625,1855745.0,1960591.875,1985785.5,1754507.125,1363107.75,1171696.75,1835282.875,1656635.5,1566615.875,1757309.625,1260245.125,1331454.875,1377485.625,1287633.125,1564317.0,1529152.625,1588920.5,1525085.5,1223961.375,1191563.875,1600819.5,1468973.375,1185676.875,1151068.625,1374487.75,1385991.625,1545549.75,1601719.0,1458081.5,1424668.0,1041712.3125,1055057.625,1366228.75,1318968.0,1659876.625,1621971.625,1584034.5,1512991.625,1457612.5,1440880.75,1300040.5,1208530.375,1652728.5,1816750.25,1330554.875,1299137.125,1359422.5,1327514.375,1652825.125,1967462.5,1962908.875,1811437.75,2064484.0,2134166.75,1899115.625,2034595.125,1965395.25,1999557.75,1976793.375,2199087.75,1965309.25,1877213.875,2198640.75,2078224.25,1767556.5,1719189.125,2195754.5,2041534.375,2055716.5,2304707.75,1797750.625,1785933.75,1965681.875,1886873.25,1850547.375,1778824.25,2063854.75,2187875.25,1947387.125,2030920.0,2241336.25,2356893.5,1935119.5,2002337.625,1750571.5,1749754.25,1601689.25,1523001.375,2072292.125,2028848.0,1811649.0,1845969.375,1782979.75,1747443.875,1672490.625,1491766.0,1585171.625,1579109.625,1978067.25,1767638.25,1855438.5,1646473.25,1658645.875,1602757.375,1904237.375,1922075.875,1632221.625,1666832.625,1734350.75,1996670.125,1570401.125,1622115.75,1947690.625,2220823.0,1875989.25,2030592.5,1710911.75,1798850.875,1824318.125,1658077.0,2082452.875,2142451.5,1903275.5,2012907.375,1818209.125,1879020.875,2312933.0,2407440.25,1716778.0,1589488.125,1768712.375,1631074.125,1410539.375,1472774.375,1539749.5,1510696.625,1724810.875,1779235.5,2074312.5,2154138.25,1150522.75,1098213.375,1248882.125,1154374.125,1329534.0,1266556.5,1810737.0,1723287.5,1874225.0,1837436.625,1366189.375,1384807.75,1352296.25,1601707.375,1244220.25,1342917.125,2519871.25,2550053.25,1343454.25,1249411.625,1860361.375,2048955.875,1468428.25,1675483.0,1721658.875,1677608.25,2339338.75,2079486.875,2075591.25,2418121.0,2209389.25,2752562.75,2866851.75,2916234.5,1689323.25,2039312.625
36,1898585.5,1804619.625,1746119.25,1509642.875,1560253.375,1395770.5,1871464.25,1669947.0,1746090.875,1787531.5,1838920.5,1954559.25,1764267.375,1791872.625,1620302.75,1606862.875,1741385.75,1755450.375,1594804.25,1518131.5,1488126.25,1451762.625,1626607.0,1542981.125,1822872.75,1656644.125,1505386.125,1498722.875,1827134.375,1691845.125,1542331.0,1521155.125,1571795.875,1377692.875,1414664.75,1379557.75,1570495.375,1499227.375,1534393.125,1688600.875,1647611.125,1734061.0,1386384.75,1259985.25,1186432.25,1132450.75,1293101.625,1453461.125,1278542.0,1243014.625,1452212.5,1375367.375,1880876.5,1626125.375,1630514.5,1756483.0,1950494.75,1939206.375,1455660.0,1928350.5,1604886.75,1506897.625,1698293.625,1894147.75,1788126.875,1959167.5,1562766.0,1703347.625,1397987.625,1448745.75,1857278.25,1962615.25,1987437.25,1755543.0,1367530.25,1170591.0,1829784.375,1661795.0,1567164.5,1761688.125,1260725.125,1333709.5,1378071.5,1287806.5,1563298.25,1528672.375,1591499.125,1528710.125,1222608.375,1192354.75,1600464.125,1468536.875,1185473.5,1152602.875,1374331.25,1383861.625,1547751.875,1601235.625,1460391.875,1421777.125,1043988.4375,1053044.5,1366581.875,1318531.625,1661562.125,1621798.75,1584074.375,1515563.25,1452746.875,1441354.5,1299857.625,1209685.125,1651998.0,1818857.375,1323017.375,1295625.0,1357736.625,1325332.875,1648824.0,1967510.625,1968870.125,1812730.625,2068450.75,2143134.5,1903283.0,2040083.5,1967981.375,2005420.625,1973687.0,2197671.75,1965063.5,1878562.375,2198615.25,2080490.0,1771340.25,1725103.625,2195279.5,2041754.875,2052563.25,2304436.0,1794987.125,1786448.625,1966765.125,1887563.625,1848901.375,1777795.5,2070589.125,2194241.75,1947307.75,2029114.375,2248954.5,2359769.5,1942571.0,2008508.625,1745849.625,1748611.125,1599920.625,1522176.5,2067659.5,2026828.375,1810670.25,1847221.75,1783783.0,1749903.75,1669255.5,1492647.625,1583790.625,1579477.25,1981191.5,1771135.5,1854939.625,1645424.25,1657651.375,1602170.375,1906969.25,1924619.875,1630185.0,1667155.5,1734737.875,1997560.125,1562552.125,1625555.25,1945939.25,2219222.25,1872557.0,2029780.75,1712931.0,1796932.125,1823872.75,1656931.125,2075941.0,2140282.25,1901100.625,2007731.5,1818265.75,1877620.125,2311239.5,2406454.0,1712995.375,1589747.5,1768474.25,1632539.875,1403204.875,1466288.375,1536416.5,1508503.125,1727195.625,1781688.0,2076511.75,2160004.5,1148332.625,1096486.5,1249641.5,1152110.25,1327041.875,1266110.0,1811375.375,1727940.375,1874736.375,1841050.875,1365712.0,1386163.125,1354598.125,1603388.5,1243720.125,1342648.875,2519714.75,2555101.5,1343002.75,1250496.625,1858096.625,2048465.25,1469007.5,1677545.75,1720504.875,1679389.0,2341567.5,2082240.875,2073605.625,2419123.75,2206966.75,2756780.5,2869924.25,2921267.25,1688964.75,2043022.625
37,1897763.125,1804880.625,1745755.375,1513960.875,1552263.875,1399844.25,1869005.0,1678405.375,1750674.125,1790470.875,1837637.25,1956515.625,1760773.0,1790598.375,1616998.125,1610911.5,1739034.625,1758447.375,1589242.875,1521966.0,1483467.375,1453553.375,1621531.875,1551537.0,1814590.875,1668385.375,1508022.5,1497898.125,1824148.75,1691841.25,1540569.5,1524238.75,1567761.25,1381170.0,1415968.0,1380583.375,1569759.375,1499837.625,1532536.125,1678347.0,1647525.875,1734709.625,1389480.25,1258651.25,1188838.625,1133425.375,1296612.125,1452902.75,1278790.375,1242671.375,1452962.375,1375127.75,1870233.25,1633635.125,1622732.25,1762643.75,1946172.5,1948360.875,1461190.625,1941871.875,1602503.375,1503790.25,1692579.75,1897297.0,1790881.625,1961693.875,1568188.125,1709353.0,1396330.125,1450607.875,1859335.25,1963735.25,1985175.25,1753920.75,1373588.125,1166283.25,1817389.625,1644420.5,1568494.25,1753697.625,1268263.0,1325468.375,1378080.75,1279517.125,1572641.375,1519039.25,1588586.5,1524185.0,1227628.375,1188208.5,1604319.5,1460704.625,1190865.125,1146720.125,1381802.625,1379074.0,1556998.0,1589472.625,1466207.125,1413269.375,1050414.375,1047512.75,1370937.125,1313395.125,1664350.25,1620794.5,1585665.375,1513485.0,1451987.75,1437635.0,1302046.625,1204933.5,1649017.5,1818516.75,1319907.125,1295228.875,1355200.75,1324834.75,1645106.0,1961515.125,1971634.25,1818068.375,2072257.25,2145463.25,1903982.75,2044444.625,1969762.5,2012043.25,1971577.125,2197631.0,1961191.75,1881438.0,2192723.5,2080979.0,1775754.875,1727021.25,2186763.25,2038775.5,2042763.125,2304677.0,1785380.5,1785941.0,1969573.125,1885836.25,1844529.5,1774803.75,2081637.75,2203809.0,1952588.5,2033333.5,2253123.5,2362645.5,1945727.5,2010477.5,1735129.25,1754610.625,1594184.25,1518969.125,2056821.25,2031844.75,1805917.25,1854754.5,1782000.875,1752280.625,1665547.375,1493897.625,1581857.125,1582378.375,1976416.25,1770409.5,1849824.0,1646715.125,1653915.375,1602410.875,1906164.625,1921869.5,1628384.0,1666955.75,1734617.125,1995659.875,1563101.375,1630932.75,1943453.375,2217633.75,1871061.625,2027177.625,1713689.0,1797844.625,1820981.625,1662398.0,2073635.75,2142233.0,1894173.0,2004498.0,1820199.375,1878784.75,2313138.5,2410136.0,1718746.875,1592248.25,1778251.25,1627786.625,1410847.375,1466104.25,1539342.625,1504739.125,1729630.0,1786465.5,2077900.5,2165873.25,1143093.5,1099839.25,1247426.875,1152995.375,1324297.625,1265901.0,1810025.0,1728451.625,1876311.25,1840853.75,1365890.25,1386061.75,1357164.25,1604046.875,1243423.0,1340946.125,2521357.25,2558307.25,1342409.75,1250715.25,1859837.0,2050381.125,1469325.25,1678032.0,1726303.75,1678676.25,2344237.0,2084545.625,2080918.5,2421679.75,2210502.25,2760591.75,2875989.5,2925484.75,1689410.0,2043507.125
38,1898262.625,1803387.375,1747229.25,1513743.5,1553458.25,1401449.125,1869915.25,1679676.0,1755377.875,1793072.0,1835520.0,1955942.625,1764451.0,1793889.375,1616813.5,1610914.875,1739695.5,1757774.75,1591189.625,1523542.5,1479562.75,1452902.125,1618102.0,1551763.0,1812560.25,1671824.75,1510676.125,1497101.625,1822803.125,1691462.125,1534702.25,1521511.125,1565465.25,1385166.0,1414327.0,1380804.625,1567710.0,1499969.625,1531490.75,1676827.5,1647277.125,1734196.625,1390901.625,1258137.125,1189005.0,1132904.0,1298623.625,1453641.375,1278392.875,1242735.875,1454050.625,1375073.5,1870243.25,1639484.0,1621849.75,1764538.125,1944461.0,1950115.5,1462875.625,1946561.75,1602672.875,1502922.375,1692263.5,1897203.625,1792205.25,1962584.25,1572369.875,1712822.375,1389352.5,1445922.875,1857575.125,1961614.875,1981447.0,1749074.625,1371974.875,1164118.25,1815854.0,1625367.0,1567704.5,1743024.375,1270930.75,1318568.0,1378106.25,1276797.625,1578300.0,1513636.875,1585772.25,1516875.5,1231606.875,1184985.375,1604929.625,1457448.875,1194936.125,1144369.5,1386305.25,1378153.375,1559367.5,1581743.625,1466263.5,1409014.875,1051550.5,1044876.375,1372922.875,1311203.0,1665879.5,1621995.5,1586392.625,1509827.625,1453322.0,1434726.125,1302490.625,1202599.125,1649105.125,1815977.375,1323573.5,1298835.125,1352255.25,1325167.75,1649839.75,1959612.625,1967263.375,1818994.375,2073258.5,2134793.5,1895897.0,2038774.875,1967305.125,2011050.75,1971109.625,2195150.0,1956447.375,1877131.375,2187401.5,2080288.25,1776106.25,1725120.875,2180774.75,2036307.875,2038719.375,2303108.5,1781408.375,1781110.5,1972212.875,1884274.625,1842868.875,1772744.5,2079452.125,2201203.25,1954760.125,2033511.375,2250412.0,2362107.0,1944095.5,2007939.625,1733617.0,1757965.5,1592805.375,1518967.75,2055096.125,2033961.25,1800799.0,1852930.125,1781145.625,1750131.25,1665445.125,1493042.875,1581308.5,1582451.25,1969927.75,1765984.625,1848730.0,1648410.625,1652144.75,1602960.0,1905325.75,1918812.375,1628721.25,1667890.125,1733590.5,1993983.875,1567726.875,1629547.25,1944298.75,2219324.5,1874208.0,2028180.0,1712862.625,1800384.125,1825147.625,1671504.25,2077299.625,2143808.25,1897606.625,2006809.0,1820990.875,1879965.25,2315093.75,2412278.75,1726152.875,1595329.0,1783078.75,1621340.625,1421768.875,1473686.875,1544588.625,1506209.125,1730420.5,1788243.375,2078586.875,2166277.75,1143408.25,1103218.125,1245396.375,1155961.25,1328198.875,1267511.75,1809988.75,1724966.875,1875935.5,1838849.0,1367022.25,1385062.375,1356298.75,1603652.5,1243079.125,1340421.75,2521992.0,2556150.75,1342959.875,1249866.125,1863634.0,2052301.75,1469742.625,1677603.125,1732166.375,1677556.0,2342271.75,2085628.375,2086790.5,2424105.0,2216969.25,2756458.25,2872138.5,2918668.5,1690663.125,2042232.0
39,1899482.625,1804502.875,1743948.875,1509917.375,1550947.5,1398508.625,1869546.625,1682320.625,1753577.625,1793946.25,1831541.875,1951880.625,1765025.375,1793069.75,1616361.25,1609533.625,1738693.875,1757052.0,1594341.625,1524386.875,1476857.5,1452708.75,1613859.875,1549077.75,1813181.875,1672676.75,1508355.125,1492733.875,1823038.75,1690332.125,1529578.25,1522923.125,1565283.875,1387222.5,1411163.0,1380923.625,1565979.75,1499055.5,1534016.875,1680346.375,1646356.25,1733309.625,1387872.5,1254758.5,1186917.625,1132665.25,1294964.625,1447061.125,1278037.5,1243091.875,1454347.375,1373101.375,1873688.5,1644125.25,1622013.375,1766464.375,1944824.375,1950316.125,1457487.125,1943514.625,1603668.125,1505990.25,1693520.5,1898640.375,1794382.875,1962102.75,1572667.625,1711333.25,1385813.25,1442751.0,1857255.125,1962368.125,1980295.5,1746936.875,1372338.0,1163269.75,1817024.625,1617682.25,1568508.5,1738035.125,1270979.0,1316806.125,1377925.625,1275737.375,1578831.75,1510554.875,1583550.875,1512657.25,1234496.375,1183943.75,1609546.625,1456648.25,1195483.375,1145635.625,1385199.625,1375220.0,1561996.5,1580136.5,1466439.0,1409142.5,1051227.875,1042485.5625,1374591.0,1311497.375,1666647.75,1622713.75,1588438.375,1507783.75,1454512.75,1437095.5,1307920.625,1202656.375,1650679.25,1814755.125,1328132.0,1302755.875,1354007.625,1328354.5,1655600.625,1962934.0,1964221.125,1818706.625,2072484.375,2127697.0,1888846.125,2039061.875,1966715.75,2011154.75,1972285.125,2198800.25,1953551.75,1877385.875,2189095.75,2082808.125,1776522.25,1720114.375,2177187.5,2040321.5,2039650.375,2307294.0,1779232.0,1782682.875,1968585.625,1881604.875,1844180.25,1774872.125,2073117.875,2198060.5,1955371.625,2033725.0,2245870.5,2359261.75,1940793.625,2005223.375,1734680.25,1762691.25,1595334.75,1521493.0,2055015.0,2040242.125,1798964.75,1852080.75,1781504.375,1748810.25,1665839.125,1495461.0,1581153.125,1583646.875,1966250.125,1768033.5,1851275.375,1650251.0,1650863.0,1604618.25,1901967.375,1915849.0,1628738.25,1667906.0,1731562.25,1995601.125,1568868.375,1625542.875,1944130.0,2220293.75,1875649.375,2028870.75,1710840.75,1798433.75,1832129.875,1680926.625,2077509.25,2140038.5,1903224.125,2007758.75,1819762.75,1877442.875,2310121.0,2406399.5,1731131.625,1597811.0,1783132.75,1614683.875,1429687.75,1481802.0,1553141.25,1507950.125,1734368.0,1790649.0,2079506.5,2168033.0,1145187.25,1104195.0,1244797.0,1157697.5,1332344.625,1271492.375,1810030.125,1724111.75,1874390.25,1836632.25,1366023.5,1383046.625,1354177.25,1604622.375,1240792.875,1337908.125,2520717.5,2553954.0,1342652.5,1247358.125,1864161.625,2052759.375,1470178.75,1675660.625,1734829.125,1675424.125,2341204.75,2085506.5,2087410.625,2424102.75,2220362.25,2754094.75,2869943.0,2913499.25,1693970.125,2037395.25
40,1900627.5,1810307.5,1738399.5,1508882.125,1540836.875,1396665.375,1867784.375,1691876.625,1749821.75,1794541.0,1829568.75,1950240.0,1756880.75,1786490.75,1614083.125,1611659.75,1733555.125,1759615.75,1590317.125,1527374.75,1474714.0,1454739.875,1607535.75,1553167.0,1807517.875,1676441.125,1501600.875,1488015.5,1819684.875,1689536.5,1530320.625,1526984.25,1564021.375,1387948.25,1411615.875,1385621.625,1567397.875,1500308.875,1536582.625,1681742.375,1644525.625,1734295.375,1388138.5,1253665.25,1188002.875,1134831.5,1291056.75,1440089.625,1278304.375,1243275.25,1456856.0,1373588.75,1867794.875,1645948.875,1616553.125,1769387.5,1941859.5,1952324.125,1458734.875,1948621.25,1603513.625,1508598.125,1690933.25,1904232.375,1797835.625,1962383.25,1571850.625,1712454.5,1396638.75,1451929.75,1864597.875,1968339.25,1986662.375,1753775.0,1382547.5,1167388.375,1818852.25,1628252.25,1579228.0,1748928.5,1274685.0,1320312.125,1381282.25,1272213.375,1578785.625,1508617.375,1584932.0,1517902.5,1237796.125,1185201.75,1617127.5,1456506.125,1195440.125,1146503.625,1386490.375,1370896.0,1568343.125,1579788.875,1472038.375,1410554.875,1055547.375,1041613.25,1378868.875,1311976.5,1665372.75,1619536.25,1590938.75,1509666.75,1456939.5,1440376.75,1316188.5,1201703.125,1650012.5,1817227.75,1330399.875,1303153.625,1359366.0,1334118.75,1654482.25,1962462.0,1969273.375,1821622.375,2073594.25,2138417.25,1895135.0,2053726.25,1970154.5,2017941.75,1970627.75,2206073.0,1955276.375,1887485.75,2191676.75,2084537.125,1777883.375,1717198.625,2175692.0,2046270.875,2036265.125,2312271.25,1776354.5,1793065.0,1964007.875,1882415.375,1845167.125,1779765.25,2078436.25,2205276.0,1956855.75,2039239.625,2243615.75,2355740.25,1939180.625,2005158.125,1727677.0,1764920.375,1594382.0,1521491.25,2049627.25,2045755.0,1799596.75,1860690.875,1784169.875,1753907.125,1666254.75,1499901.875,1581267.25,1588355.875,1969848.125,1774799.0,1852106.625,1652089.75,1650022.0,1607180.875,1900083.75,1916515.0,1628121.25,1666931.875,1731273.625,1999277.625,1565266.5,1622778.25,1941244.375,2216935.75,1872574.25,2025984.75,1709515.125,1795626.5,1824548.75,1677548.5,2069532.625,2129997.75,1895247.75,2005975.375,1814780.625,1868675.125,2299906.0,2394910.0,1728869.875,1595212.125,1783020.125,1611158.125,1426800.125,1477684.125,1556141.625,1503318.75,1733605.5,1788225.125,2077912.5,2171126.5,1146346.375,1105408.375,1244121.75,1158712.625,1329665.5,1274657.25,1808399.625,1727228.625,1873550.25,1835380.625,1363306.625,1382707.5,1355182.5,1602791.75,1239632.5,1334625.25,2520194.25,2553880.5,1340954.125,1245819.625,1862463.375,2049021.75,1469910.0,1678345.375,1733427.0,1675108.75,2342278.0,2083954.125,2085013.375,2421552.25,2215927.25,2753491.5,2871836.25,2916693.75,1696693.875,2035772.75
41,1898704.125,1814074.375,1736637.0,1511761.375,1536337.125,1397626.125,1864834.0,1696325.875,1749904.0,1794270.625,1831384.125,1954061.375,1752203.625,1786007.75,1611145.5,1613367.875,1730046.0,1764544.0,1585126.0,1529278.25,1475726.25,1456808.25,1605603.75,1559729.25,1800606.25,1677801.5,1499614.75,1489707.25,1817943.125,1693516.75,1534011.5,1527355.75,1563289.5,1391068.625,1415741.375,1392928.875,1569705.375,1504991.375,1538442.375,1686163.875,1644660.0,1736883.0,1396377.25,1258778.0,1192857.375,1138635.375,1292795.625,1441532.5,1280175.0,1244819.5,1460871.625,1378039.125,1861239.75,1644180.125,1612496.5,1767716.375,1936623.5,1949831.625,1465607.0,1953979.375,1603711.75,1507885.875,1687914.375,1908533.125,1795729.875,1962056.875,1569448.375,1713505.75,1402921.25,1457603.625,1872269.375,1974302.125,1997105.0,1764356.0,1390938.0,1175576.375,1828580.375,1644601.375,1591910.125,1764473.875,1277563.25,1323208.5,1385925.75,1270009.125,1578315.75,1509386.125,1589216.625,1524977.125,1238787.5,1185807.0,1620526.5,1458980.625,1194791.125,1144917.875,1388140.625,1370087.75,1573051.375,1579879.0,1476283.25,1412360.375,1058553.375,1042250.625,1380718.75,1312062.0,1660438.25,1614260.875,1591410.125,1511732.875,1459029.375,1437318.875,1315454.125,1199133.625,1647195.5,1820253.5,1326328.5,1297394.625,1355465.625,1334685.25,1646399.875,1959290.625,1972968.875,1823847.625,2074231.25,2149092.5,1908065.625,2065999.0,1973831.375,2024530.875,1967249.0,2209730.5,1959961.875,1894339.125,2190905.75,2082112.5,1778503.625,1718417.125,2181956.5,2050062.875,2033263.125,2313485.75,1779191.75,1803245.625,1967417.0,1887503.75,1845865.25,1783899.875,2086856.375,2209772.0,1955813.375,2039792.375,2243203.25,2353915.25,1940218.625,2006961.875,1721176.75,1760854.75,1591532.0,1519462.0,2047434.75,2043142.375,1799490.75,1864513.875,1788341.5,1760708.25,1668198.125,1500752.5,1581082.25,1592281.0,1977189.75,1780357.875,1851025.625,1653195.75,1651534.0,1609507.25,1905181.375,1923688.5,1629949.75,1667973.125,1732519.375,2001575.875,1561580.125,1622404.5,1941814.25,2219572.25,1872679.25,2027810.5,1710769.375,1798138.25,1806881.25,1660203.75,2058706.375,2120731.5,1879579.5,1998613.5,1808753.0,1860544.625,2293743.25,2389289.75,1720225.625,1586831.25,1781838.375,1610903.875,1413751.875,1463730.0,1548417.625,1496361.375,1721071.0,1777896.625,2075068.875,2170839.0,1148030.75,1106165.0,1243080.5,1159973.625,1326586.875,1272233.0,1807456.375,1729345.125,1871661.125,1834380.75,1363595.75,1385039.75,1358655.5,1599040.125,1241541.875,1333884.125,2520063.25,2554261.25,1341125.625,1247605.125,1858997.875,2042460.75,1469378.5,1680987.625,1728455.875,1678184.25,2338782.5,2080925.125,2079405.125,2418332.25,2207541.0,2749417.25,2866386.5,2917748.25,1694188.0,2040215.125
42,1896334.5,1812475.375,1739737.125,1516143.25,1541839.875,1398876.875,1863411.375,1691757.5,1750638.125,1792589.75,1832165.25,1957562.25,1755864.0,1792408.75,1611467.375,1612887.0,1731324.25,1768014.75,1585309.25,1527597.875,1479420.875,1457940.875,1611676.25,1563183.875,1802058.875,1677051.875,1504083.25,1493218.125,1822250.625,1699719.5,1534534.25,1527318.75,1564706.625,1394693.375,1415725.625,1394136.5,1567992.125,1506740.5,1540241.625,1692293.0,1647142.125,1738885.875,1400073.625,1261173.75,1194898.5,1140144.375,1294477.125,1443681.375,1280675.0,1245059.375,1459481.0,1378951.5,1863256.25,1643169.0,1614405.875,1765639.5,1934809.25,1946903.625,1461205.75,1946709.375,1604544.0,1505807.875,1689078.875,1908041.75,1791843.625,1960314.625,1565315.75,1708919.125,1397944.0,1453990.375,1869893.0,1973808.375,1996990.875,1764227.5,1387693.125,1176770.75,1834216.875,1646917.875,1591076.625,1763319.5,1276380.25,1320647.625,1385523.625,1272494.125,1579030.125,1510021.25,1589309.375,1525039.375,1236840.375,1182352.25,1618805.75,1459386.75,1193245.125,1142232.625,1385749.75,1370609.875,1572921.375,1580302.375,1474665.125,1412169.125,1056667.25,1041120.125,1378194.75,1310938.0,1657154.5,1611014.5,1590554.5,1509789.75,1459365.375,1433373.375,1309464.125,1197913.625,1646800.625,1820286.875,1322684.5,1294928.75,1350434.125,1330926.0,1641563.75,1960693.75,1968108.875,1822633.625,2071219.5,2143206.75,1909607.875,2059122.625,1974614.875,2023497.625,1969004.25,2208980.0,1960889.875,1890055.0,2191375.25,2079060.625,1779609.0,1720706.75,2189440.5,2052852.75,2038016.5,2313606.25,1784702.25,1805247.875,1973104.375,1889873.5,1845794.5,1783100.625,2087751.375,2205233.25,1954042.625,2034359.125,2242618.0,2355174.5,1940910.125,2008052.0,1723669.0,1758620.875,1592375.75,1518484.0,2050340.0,2040966.25,1797967.25,1857205.25,1787095.75,1758872.875,1667140.375,1498418.625,1578860.75,1590686.375,1977075.875,1779880.625,1850032.875,1652669.25,1651318.25,1609488.0,1909305.75,1928386.875,1632564.5,1668180.625,1732143.75,2000367.0,1563398.0,1626786.125,1943686.5,2225404.25,1876550.875,2033140.375,1712556.0,1803147.375,1802233.0,1649784.0,2057812.375,2121620.5,1873701.375,1993500.75,1808159.25,1861721.25,2297065.75,2392883.25,1716081.25,1581211.5,1781391.0,1611506.625,1409394.25,1458218.125,1542117.125,1494363.875,1712704.0,1772521.75,2073638.875,2167986.25,1148481.625,1105288.25,1243757.375,1160635.625,1328266.5,1268799.25,1808378.5,1727808.375,1871244.25,1832703.25,1366686.75,1385355.25,1359624.625,1599899.875,1243535.0,1334591.875,2519868.5,2554747.25,1343423.875,1249359.125,1858842.875,2045467.0,1469972.875,1675540.125,1726100.875,1678683.0,2336237.25,2079057.5,2077925.875,2417254.5,2207417.5,2748330.5,2863646.25,2915987.25,1690203.25,2041456.25
43,1898351.375,1809045.25,1746196.5,1515345.75,1553183.875,1396578.875,1867845.375,1680818.875,1750557.875,1791772.375,1834434.625,1957223.75,1761303.5,1793838.125,1617672.625,1610838.0,1737564.875,1764314.125,1590191.875,1522185.625,1484877.875,1456390.875,1621978.0,1556409.25,1813635.375,1671716.375,1506972.375,1492714.875,1829293.625,1698168.75,1538233.125,1527416.0,1570925.75,1389305.0,1413833.5,1384760.875,1567859.875,1503453.0,1541566.125,1693819.625,1648162.75,1738469.0,1392856.625,1257505.125,1192093.125,1136553.625,1293206.75,1444396.625,1279195.125,1243365.0,1454128.375,1374008.375,1872139.375,1638530.75,1621767.5,1764449.375,1940015.5,1944873.625,1450927.625,1933160.75,1606917.0,1506471.625,1695272.125,1902074.5,1789724.375,1958512.875,1562160.125,1703962.5,1396125.0,1449912.875,1862963.125,1966662.75,1988925.0,1754955.0,1377221.375,1173098.625,1829373.75,1641447.5,1577220.5,1754445.625,1269145.125,1325346.375,1378953.875,1278729.875,1574486.25,1516368.75,1587316.875,1523984.75,1231033.125,1182137.875,1611541.75,1460242.375,1189260.0,1143166.25,1379655.0,1372518.25,1562189.875,1586136.5,1468997.375,1414240.375,1051604.5,1043630.25,1373483.5,1312957.25,1656975.625,1611760.25,1587349.875,1508903.5,1459334.5,1436106.125,1305480.5,1201286.0,1651092.5,1818674.5,1324194.0,1298768.25,1355251.625,1330220.375,1647100.75,1963428.0,1966280.625,1820757.375,2069497.75,2134667.0,1902874.75,2040734.25,1975292.125,2015533.25,1974111.125,2203849.0,1959090.0,1879172.375,2195266.0,2078412.125,1779654.875,1722597.125,2194716.75,2051048.875,2049368.0,2311019.0,1791951.875,1798557.25,1973346.75,1887995.375,1848094.75,1779775.75,2082620.625,2197366.25,1952064.625,2028837.125,2242115.0,2356630.0,1938917.0,2006626.375,1734455.875,1757240.25,1597686.375,1521248.625,2058086.25,2038292.375,1799540.0,1846756.75,1783941.625,1751528.75,1666796.375,1495254.0,1579226.5,1585195.875,1973465.75,1771036.125,1853222.875,1651153.875,1653134.875,1605940.75,1907083.375,1926035.125,1634066.125,1668240.375,1732868.625,1998369.5,1568011.625,1629276.75,1946781.25,2227205.25,1876845.875,2034213.75,1713567.375,1805246.5,1809803.5,1649409.5,2066811.5,2128283.5,1881659.875,1996157.625,1812276.0,1868434.125,2304391.75,2398728.75,1714872.625,1583058.875,1776720.125,1617079.25,1408213.25,1461996.5,1537178.5,1497657.5,1717548.0,1776226.5,2075027.5,2164752.25,1149251.75,1103387.625,1247466.5,1160971.75,1330394.875,1269047.25,1811324.25,1725878.875,1875420.375,1835918.625,1368232.5,1385539.0,1358692.375,1605292.25,1244048.25,1337804.625,2521854.25,2556450.5,1345297.25,1250616.25,1865163.125,2055532.125,1471463.375,1675077.75,1728881.125,1678984.0,2342486.25,2082533.375,2082919.5,2421591.25,2215458.25,2754228.0,2872024.5,2918798.75,1691557.875,2042450.875
44,1901296.875,1805881.0,1752389.5,1507909.875,1562729.0,1391660.5,1876566.25,1667741.125,1754031.875,1793862.75,1841639.5,1956171.625,1765038.25,1789275.75,1624275.875,1606134.625,1745943.5,1756124.875,1596111.875,1514870.5,1492473.5,1451525.625,1630964.875,1541251.875,1826913.125,1659233.75,1504463.875,1491726.125,1834439.25,1692339.125,1549907.25,1523918.0,1581157.75,1376830.125,1416803.625,1375117.75,1574214.625,1502351.375,1542311.875,1696046.375,1647074.875,1734367.5,1386508.5,1256325.875,1188736.0,1131229.625,1292104.125,1447717.125,1279031.5,1243190.75,1452061.0,1371633.5,1884332.5,1626513.625,1633317.75,1758856.75,1951102.375,1938261.125,1460199.5,1930805.25,1610875.625,1509403.375,1702879.875,1894177.875,1787313.625,1958681.5,1564187.875,1707285.875,1397654.0,1444704.25,1862104.625,1960817.375,1989512.375,1753427.5,1367672.625,1173323.75,1826268.375,1649157.25,1563596.375,1757051.875,1257078.25,1341517.375,1371900.0,1285836.0,1560556.25,1531708.125,1590068.75,1527173.375,1221761.25,1191096.75,1600565.375,1469374.25,1182967.625,1148742.25,1370146.75,1380598.625,1543943.625,1599420.375,1462197.25,1424222.875,1044367.8125,1054149.75,1367813.0,1320636.875,1654499.875,1616105.25,1581942.875,1513778.125,1459023.875,1441340.125,1302554.375,1208084.25,1654330.25,1815979.25,1326147.125,1298912.5,1359418.75,1330817.25,1649121.25,1963976.5,1974215.0,1818764.75,2069882.5,2137756.25,1905993.0,2031610.5,1980102.75,2008253.125,1975092.375,2196980.75,1962713.125,1871225.0,2198921.25,2078285.875,1775410.625,1724361.625,2204134.5,2043055.625,2061006.0,2306630.0,1803951.375,1790169.875,1969018.625,1885058.75,1854419.625,1778893.25,2076635.0,2190788.75,1947170.125,2023933.125,2242225.0,2355727.25,1935639.375,2003287.75,1749456.625,1748928.875,1603075.5,1525463.5,2072894.25,2026847.625,1809180.0,1840053.125,1786851.375,1750030.5,1673464.0,1491745.0,1585092.75,1581063.875,1980128.5,1765007.5,1860272.375,1648819.75,1662767.625,1601490.125,1904438.75,1923536.125,1635313.125,1671231.0,1736436.625,1997509.625,1564574.875,1621536.875,1952587.625,2227448.75,1873291.0,2031748.5,1714629.0,1801537.5,1809901.75,1643849.875,2069058.0,2129370.0,1887450.375,1994578.0,1814633.25,1872559.375,2306445.75,2401080.5,1708322.875,1588609.75,1764217.125,1628954.25,1394623.5,1461783.875,1527843.25,1503205.125,1721266.0,1777136.25,2078062.5,2161076.25,1150635.875,1099624.875,1250284.375,1158449.0,1329871.875,1266388.125,1814556.875,1725057.875,1877574.0,1843741.375,1367119.625,1389556.0,1357959.875,1607900.25,1244076.625,1343405.75,2524158.5,2557667.5,1345616.75,1253165.625,1866417.875,2055025.5,1470840.75,1682821.375,1729254.875,1683470.375,2349113.0,2087300.875,2083573.625,2426928.5,2217479.5,2761098.0,2878724.25,2924042.25,1693162.125,2049350.625
45,1902102.625,1804716.5,1754713.375,1503131.125,1564216.75,1389903.75,1885064.25,1663288.375,1760440.75,1797386.0,1846413.875,1955903.875,1766989.875,1787455.25,1625605.25,1602386.5,1750172.25,1752131.75,1598921.875,1510952.125,1496378.125,1447104.125,1634220.375,1531339.25,1831508.75,1649951.75,1499416.125,1492848.125,1834087.25,1691731.125,1556923.5,1519441.375,1585418.625,1370725.25,1419273.625,1371728.625,1577863.625,1504105.875,1540217.75,1698085.375,1646018.125,1730317.875,1384764.125,1258978.125,1187563.25,1129908.5,1290687.25,1449874.625,1280061.5,1244508.0,1451757.375,1373456.75,1894426.125,1617140.625,1642449.375,1752440.125,1960869.375,1931357.375,1484966.875,1940292.5,1612407.125,1509849.5,1705980.125,1889977.375,1787734.5,1961020.25,1571116.875,1716849.625,1397513.125,1441675.125,1864937.625,1959751.25,1995030.125,1757963.875,1364230.375,1175646.0,1827260.875,1663454.25,1558253.5,1765751.5,1250352.625,1351771.125,1371358.375,1292435.375,1551135.375,1543275.375,1595656.125,1531366.375,1215288.25,1198783.25,1593248.375,1479864.875,1179680.875,1153934.5,1362761.75,1390604.25,1533642.25,1609840.75,1456970.5,1434507.875,1038469.625,1064122.625,1363321.0,1326518.25,1651363.25,1621077.75,1579542.625,1519424.25,1458562.25,1442688.875,1298707.375,1213418.125,1652851.375,1811974.125,1329319.875,1296813.875,1360801.375,1328746.75,1640496.25,1964565.125,1981487.0,1817262.75,2070055.625,2142774.0,1913871.625,2034558.0,1982809.5,2006598.375,1972260.75,2193658.0,1968983.125,1870189.25,2198938.25,2076670.875,1769115.375,1726000.0,2210811.75,2036570.125,2064688.75,2304527.0,1810779.5,1785547.375,1964203.0,1883394.5,1856955.5,1777709.25,2074376.375,2192857.5,1944515.5,2024331.125,2242396.75,2354365.25,1934529.0,2002095.25,1760814.0,1739311.0,1604667.0,1525708.375,2085734.75,2015303.625,1820680.0,1838419.625,1789856.875,1751361.0,1678335.875,1488551.625,1589028.875,1579624.0,1990788.75,1767040.5,1864204.25,1645580.375,1670401.125,1599399.375,1904028.625,1923393.75,1634443.875,1671956.25,1737715.375,1996654.625,1556334.875,1612557.75,1954154.0,2225210.75,1871002.25,2029795.625,1714833.75,1796045.625,1804490.375,1637018.0,2063421.875,2125776.25,1884303.875,1988896.125,1813519.25,1873480.25,2303612.5,2398978.75,1701930.375,1592753.0,1755373.125,1638067.125,1382339.625,1458177.5,1522749.25,1509421.125,1718402.375,1773626.375,2078924.25,2158687.0,1151177.875,1096072.5,1249864.0,1153367.0,1329649.5,1261193.875,1815302.375,1723761.0,1874484.875,1846877.75,1364494.25,1391776.125,1355916.625,1606225.5,1242451.25,1345517.25,2523174.0,2556430.5,1343693.0,1253495.125,1861536.625,2051012.5,1467399.125,1685024.125,1724979.875,1686009.125,2348876.5,2088203.0,2080053.375,2428210.75,2213502.75,2764126.75,2877974.5,2925643.5,1689497.875,2055338.0
46,1902531.875,1806481.5,1751990.125,1505383.375,1559697.5,1391328.125,1887790.75,1670014.875,1762511.875,1797902.75,1843218.125,1954716.25,1766905.125,1789789.375,1622859.5,1603438.875,1748048.0,1753521.25,1598119.375,1513384.75,1491708.5,1446840.875,1630105.0,1531443.5,1826971.5,1651798.125,1496463.875,1492876.0,1830439.5,1692190.75,1549465.0,1518781.625,1580083.375,1374277.25,1416954.875,1368816.0,1574256.875,1503118.875,1536237.0,1692665.125,1645420.625,1732459.125,1383127.75,1259155.625,1188262.25,1133186.625,1288763.625,1447543.875,1280156.0,1245030.625,1450620.75,1372883.375,1896409.5,1619544.125,1642721.75,1752712.875,1961760.875,1932315.5,1490631.5,1942696.5,1610899.875,1507959.625,1703343.5,1890245.375,1791649.25,1962735.75,1575954.0,1722239.375,1393700.625,1445452.875,1864586.5,1960120.75,1993107.375,1755707.5,1367277.875,1177574.375,1827022.375,1659947.5,1559511.75,1766102.125,1253128.25,1347382.375,1375014.25,1293552.0,1556300.5,1540616.0,1597185.75,1531422.125,1216356.0,1194649.25,1594975.5,1479718.375,1181124.5,1154076.875,1363829.25,1391718.0,1538194.875,1608866.875,1455241.0,1434031.875,1037465.1875,1063807.375,1362238.125,1324683.875,1653314.875,1623415.375,1582276.5,1519515.5,1459423.125,1440259.5,1294012.375,1213227.875,1650183.5,1809543.75,1332063.25,1298902.875,1363770.5,1327095.25,1637894.0,1965667.5,1980418.625,1819294.0,2072212.5,2138750.5,1909171.5,2036919.5,1974958.875,2007561.625,1971824.375,2195315.75,1968389.75,1872423.25,2196812.75,2075377.5,1767002.0,1725918.5,2205078.75,2038110.25,2058773.25,2304324.5,1804046.25,1784509.0,1963775.25,1884712.0,1852125.5,1774677.625,2073240.375,2201806.5,1947063.0,2031052.625,2243421.0,2355393.0,1937443.625,2004938.625,1761258.75,1739882.75,1603397.875,1523601.5,2084851.625,2016913.75,1821251.75,1839703.0,1787302.125,1747765.75,1676470.625,1489596.25,1587353.125,1580262.5,1990647.5,1768716.75,1862380.75,1644515.375,1667866.75,1600345.125,1905758.25,1923919.375,1632003.375,1668314.5,1735705.375,1997510.875,1559828.0,1615984.75,1950930.375,2222286.25,1873229.625,2031014.625,1713749.75,1797332.125,1809115.375,1642658.25,2065187.25,2127061.25,1885694.75,1993262.5,1813871.375,1874575.375,2305016.25,2398412.5,1706433.125,1595347.875,1759677.0,1637598.875,1387916.375,1461469.0,1527269.5,1513506.75,1719826.625,1777639.375,2078615.5,2161354.0,1152395.0,1096925.75,1249056.875,1152227.0,1331565.625,1262377.625,1813805.375,1722537.0,1872456.375,1842372.625,1362310.0,1388155.875,1353629.875,1605303.875,1239534.75,1342318.375,2519714.5,2554482.0,1340580.875,1250206.75,1858752.375,2052719.875,1465122.0,1681916.0,1721589.875,1682872.75,2342561.5,2083679.875,2078229.375,2426089.25,2211617.5,2761697.0,2872560.25,2921576.75,1686122.375,2050912.0
47,1900337.0,1806547.375,1745180.125,1510273.25,1554047.375,1392996.25,1880584.625,1676877.125,1756229.75,1792984.5,1835907.75,1952443.5,1764225.125,1791456.875,1618590.5,1606551.0,1741485.25,1755781.375,1595221.0,1518443.0,1483798.625,1449726.125,1622141.25,1537155.5,1818979.625,1658643.0,1497567.625,1491255.25,1826338.75,1689165.375,1536061.125,1520259.125,1571968.375,1379331.125,1414650.5,1367363.5,1570827.25,1501034.875,1535868.5,1686062.5,1646271.375,1739097.125,1384652.0,1257083.125,1190051.375,1136973.5,1289614.625,1445837.75,1278481.75,1243650.375,1451138.125,1370890.5,1888726.0,1628060.375,1635135.625,1758192.25,1954411.375,1939933.125,1471484.5,1935330.75,1609924.625,1507719.5,1698556.5,1892788.25,1794829.25,1962136.0,1573996.125,1717951.625,1390133.875,1451322.5,1862857.25,1963885.375,1989824.625,1752763.875,1373140.625,1179979.75,1825786.0,1645582.625,1564156.5,1758677.0,1259471.0,1335666.75,1376125.25,1287162.25,1565656.875,1526740.375,1592302.875,1525980.25,1222263.75,1184519.0,1601103.875,1470574.125,1184189.875,1150362.125,1370921.875,1384437.0,1549749.5,1599175.75,1456983.875,1423724.5,1041397.375,1055592.125,1365213.875,1318981.25,1658470.375,1622830.0,1585711.375,1514749.375,1460822.875,1438784.0,1294901.5,1210561.0,1648183.125,1810686.5,1329989.25,1302564.25,1363241.125,1328443.75,1643021.125,1967159.375,1974527.625,1821774.375,2072351.5,2133315.5,1896981.25,2035925.75,1963825.5,2007188.375,1974138.375,2197417.75,1962424.875,1875498.625,2195597.25,2074507.625,1770823.375,1723374.75,2194337.0,2045401.0,2049719.875,2304169.5,1792366.0,1786306.875,1968711.625,1888322.125,1846057.25,1774420.0,2069599.75,2205625.25,1949370.25,2038014.0,2245984.75,2358975.5,1941791.625,2007834.625,1751409.0,1748982.5,1600879.375,1523317.25,2072845.625,2027936.625,1811973.625,1843305.875,1785891.375,1746139.625,1673045.875,1494476.75,1584279.75,1582421.5,1984543.75,1769872.875,1859431.125,1647749.875,1660561.5,1603043.25,1909520.75,1924834.625,1631333.625,1664858.5,1733277.75,1998281.125,1571396.0,1626245.375,1946378.375,2219244.5,1877363.375,2031655.125,1712545.25,1802552.0,1820269.375,1656105.75,2073563.875,2133895.0,1893868.125,2003263.625,1817210.5,1876114.125,2311096.5,2402727.25,1718603.0,1597652.0,1770563.25,1630838.875,1404909.25,1470427.75,1536831.25,1512427.75,1727579.875,1788813.875,2080920.625,2167270.0,1152865.0,1101083.125,1248252.875,1154990.625,1332010.25,1267268.625,1810846.0,1722915.5,1872105.25,1835214.5,1362242.375,1383652.875,1352355.75,1603728.875,1238326.5,1338686.75,2517862.25,2554999.0,1339792.75,1247830.125,1854854.25,2048810.75,1465808.5,1678427.375,1719930.0,1678461.875,2334921.5,2075207.125,2075208.75,2420205.75,2208771.25,2754421.0,2865244.5,2917615.25,1686074.375,2037842.5
48,1895085.0,1803653.75,1738303.5,1513686.125,1548198.125,1396051.375,1870216.75,1681686.5,1748759.125,1788077.5,1829914.75,1950822.0,1759572.125,1791445.125,1613901.875,1608724.0,1733869.375,1757626.125,1589373.75,1522014.25,1478183.375,1452356.25,1614763.0,1546111.25,1809854.75,1665191.5,1500667.25,1490062.625,1821748.0,1689061.125,1529949.125,1521612.875,1567878.125,1382133.25,1414610.375,1371666.5,1568475.125,1500915.0,1539338.375,1683850.25,1647895.125,1741827.5,1390519.0,1256081.5,1191733.25,1138287.5,1292866.0,1447570.25,1276034.5,1241482.375,1453262.25,1370432.375,1875540.5,1636059.125,1624601.25,1763894.0,1945604.5,1947600.375,1457449.375,1935577.375,1608119.125,1509403.875,1693818.375,1897237.875,1795482.375,1960865.0,1570056.0,1710645.375,1395548.625,1455015.625,1861013.875,1970275.125,1990119.625,1755376.0,1377352.125,1179015.75,1824530.875,1642239.625,1571529.0,1751849.375,1267280.375,1324568.5,1377294.125,1281661.625,1570628.75,1511946.375,1586468.25,1519807.625,1229586.625,1179953.25,1606333.625,1461013.875,1190441.5,1146848.25,1380176.125,1378156.625,1561617.125,1587832.375,1462457.625,1413284.875,1048985.875,1047858.5625,1372175.25,1314109.375,1663068.75,1620416.0,1588218.25,1510724.75,1460476.75,1440565.25,1304449.5,1209541.625,1646386.5,1814387.125,1327751.5,1303770.375,1359305.125,1330788.5,1645156.125,1968175.75,1968843.125,1820552.0,2068617.0,2135444.5,1892428.875,2039711.5,1960837.25,2006741.875,1973830.25,2199021.75,1957769.875,1880771.375,2193516.5,2074285.875,1773831.875,1719591.25,2185247.0,2048121.875,2041852.5,2306083.5,1783723.5,1789395.75,1971366.875,1888856.0,1841999.75,1777078.25,2068261.25,2201221.75,1949904.75,2040234.0,2247148.25,2361142.5,1942971.0,2008300.875,1738304.0,1757792.25,1597357.0,1523303.875,2059244.875,2038101.375,1803914.0,1851003.5,1787066.75,1751003.375,1668211.875,1496314.375,1580472.125,1584198.375,1982168.5,1774202.75,1856275.25,1650894.375,1652372.125,1605096.375,1909336.125,1922977.625,1630027.0,1663104.75,1729974.0,1993959.375,1575438.375,1631371.25,1939365.875,2211413.25,1876231.875,2026572.0,1711084.25,1800447.375,1825199.75,1665331.875,2075162.375,2138038.75,1894180.125,2006092.125,1819816.125,1876674.0,2311486.0,2404606.5,1725139.625,1595799.625,1778440.125,1623060.75,1419430.375,1474093.875,1547282.125,1507207.5,1729455.625,1790789.125,2080783.75,2167631.5,1149785.0,1105387.0,1246092.875,1156942.0,1330006.75,1269948.5,1807566.125,1724828.375,1869207.625,1830558.125,1363763.125,1382254.25,1351216.375,1599262.5,1238959.375,1337103.625,2518499.25,2555538.75,1341424.25,1247797.875,1854253.25,2045002.875,1468484.375,1676037.0,1722374.25,1676904.25,2335304.5,2075224.25,2076266.875,2418230.5,2209071.0,2748456.75,2862865.75,2917859.75,1688550.5,2033379.25
49,1893055.125,1804024.625,1736175.75,1514718.875,1542581.875,1400032.25,1867173.75,1690040.25,1749283.75,1789970.5,1828918.75,1951166.625,1756237.125,1791499.5,1611398.25,1611577.0,1730031.5,1760068.75,1583023.5,1524535.5,1473604.25,1452730.625,1609773.0,1556020.125,1801977.0,1672142.0,1502430.25,1489172.25,1818689.75,1694131.875,1530441.25,1521686.0,1566507.125,1383100.875,1412576.25,1378509.875,1563381.375,1501149.375,1539171.625,1681057.0,1646888.0,1738611.0,1394821.75,1256762.5,1191809.0,1138146.75,1294880.625,1447782.0,1275759.125,1241621.125,1453490.625,1370192.75,1865440.0,1643301.125,1616542.375,1768014.5,1940595.75,1951708.75,1460479.25,1946913.375,1602637.875,1509531.625,1689507.0,1901863.0,1794603.5,1961324.75,1570490.875,1710494.375,1407753.5,1460148.625,1857872.0,1970221.75,1987283.75,1756507.625,1378084.625,1173252.25,1829094.0,1649533.0,1580928.75,1751670.625,1274476.875,1319496.75,1383300.5,1283168.625,1575898.0,1506281.25,1585196.75,1520047.5,1236387.25,1181832.75,1611913.125,1455451.75,1198691.25,1146527.875,1389323.0,1376904.75,1570575.875,1580786.75,1470061.625,1409684.5,1056795.625,1045182.75,1379640.0,1311661.625,1666316.5,1617306.375,1591805.375,1510370.375,1460252.25,1441289.5,1314680.75,1207618.875,1647257.375,1819965.5,1330315.125,1302594.375,1358839.25,1333045.625,1651359.25,1967564.625,1964110.0,1818360.0,2069671.25,2140172.75,1896287.625,2049736.0,1964574.75,2010378.0,1970477.75,2204305.5,1956179.375,1887524.875,2189031.5,2077887.875,1772082.0,1718152.375,2177570.75,2042961.375,2036602.25,2311046.0,1778632.0,1791932.625,1968297.125,1885584.625,1839823.125,1778191.625,2075762.875,2198526.5,1952360.125,2037450.5,2245088.25,2358901.75,1942191.625,2009194.875,1729109.875,1763088.0,1593409.0,1521323.5,2050427.125,2044457.125,1800886.25,1860398.625,1784591.75,1753652.25,1663535.875,1494830.25,1575670.5,1584979.625,1980869.875,1777874.5,1849404.375,1650120.875,1644349.25,1605329.0,1904284.0,1918488.875,1626685.0,1664434.375,1728189.5,1990527.875,1574342.625,1632350.25,1935762.0,2207403.25,1871040.125,2023318.875,1710122.5,1794772.75,1821859.875,1666645.75,2071577.875,2137262.25,1885985.5,2007522.75,1819448.875,1875176.125,2306039.75,2401665.25,1722943.0,1588776.25,1781221.375,1616420.625,1423063.75,1469168.25,1552798.125,1501353.875,1723063.75,1782283.5,2073332.875,2161311.5,1146300.125,1108276.75,1244081.875,1157848.375,1328750.375,1272660.5,1806614.375,1727141.0,1867756.75,1830930.125,1364792.0,1382407.25,1352068.25,1598310.875,1240256.25,1335635.75,2517433.25,2550847.75,1340622.0,1247274.875,1861595.875,2049125.0,1470649.5,1678083.75,1729883.125,1676834.125,2340347.0,2085869.5,2084232.0,2423918.25,2215857.0,2746935.0,2864309.75,2914546.25,1692908.375,2040538.875
50,1896427.0,1807833.375,1739228.125,1514030.0,1541699.875,1400613.375,1870185.75,1693702.5,1754049.0,1794629.625,1831983.25,1952003.25,1757099.375,1791351.625,1612679.25,1613661.625,1731443.25,1761212.625,1583300.75,1526975.5,1470538.125,1452002.5,1608253.125,1559684.75,1801057.5,1675273.5,1503139.375,1490802.0,1817543.125,1697831.625,1528987.5,1519557.25,1563698.625,1384354.375,1409005.0,1387539.625,1561528.625,1501932.25,1533648.5,1680156.625,1644938.0,1735706.5,1395482.5,1260583.125,1190487.75,1138122.5,1296271.0,1447422.375,1278415.125,1244222.5,1453817.125,1374176.875,1864171.875,1645035.75,1615908.125,1769053.5,1940635.125,1951992.0,1463584.125,1953681.25,1599402.75,1506270.5,1687668.0,1901942.875,1793164.375,1962841.625,1572022.75,1714785.625,1413925.0,1465166.5,1858637.75,1966907.625,1985793.375,1756605.625,1377527.75,1171136.5,1841342.75,1654913.75,1587663.75,1758333.875,1275083.25,1321120.375,1388421.125,1286517.625,1579884.75,1510003.625,1586302.625,1525840.125,1238055.375,1183978.25,1614941.625,1453694.25,1200016.5,1148816.5,1393743.125,1377805.125,1569200.375,1579894.375,1472232.125,1411419.875,1058741.75,1046318.5625,1381164.375,1312746.25,1665722.75,1615181.375,1592912.875,1510703.0,1462120.75,1439180.375,1317889.625,1204398.875,1651298.5,1824959.625,1333332.625,1301860.875,1361775.75,1334691.125,1663311.375,1967448.0,1961689.625,1818891.75,2075111.625,2143897.25,1897989.25,2054578.75,1967205.0,2014548.125,1968232.375,2207782.5,1956239.75,1890623.5,2185936.5,2081780.375,1769580.0,1720025.875,2175277.5,2039164.25,2035230.125,2311093.25,1778469.875,1792698.125,1966120.125,1886802.375,1841238.375,1777729.875,2086245.0,2203006.75,1956284.125,2036596.5,2243631.5,2356666.75,1943672.875,2011162.0,1727164.875,1763349.0,1591150.75,1519996.5,2048898.375,2044318.0,1800146.75,1863780.875,1782355.125,1753374.875,1664519.875,1494523.75,1575110.875,1586204.375,1979331.5,1777605.75,1844460.625,1649505.5,1642216.0,1605162.625,1902865.0,1917589.25,1625879.0,1668834.75,1730841.125,1993867.0,1573185.5,1632266.25,1939853.625,2213039.75,1870229.75,2027186.0,1711666.625,1796981.5,1815687.5,1663210.875,2073109.75,2136831.75,1884227.25,2013622.75,1816691.125,1872027.625,2304817.5,2401402.0,1718426.375,1582077.125,1778795.125,1613367.5,1416957.625,1463371.0,1548601.75,1498117.25,1720086.75,1777055.625,2067527.5,2156545.25,1146684.875,1108653.875,1244907.5,1158691.5,1328156.75,1274700.125,1808059.875,1728876.625,1873619.0,1836297.5,1364420.125,1383408.875,1356141.875,1603189.25,1242538.75,1336112.25,2516397.25,2548708.75,1337965.25,1247441.75,1864039.125,2048589.25,1469028.125,1681079.0,1732588.75,1676546.25,2340840.5,2090598.375,2085643.625,2425123.0,2216207.0,2748574.75,2865035.5,2910500.75,1694515.5,2042208.625
51,1901956.375,1809516.0,1745950.75,1511429.375,1551705.0,1397391.125,1872819.625,1682052.25,1754027.5,1793891.625,1836140.375,1952098.875,1763592.75,1791949.625,1617197.875,1610079.75,1738308.25,1757897.125,1591909.375,1526651.375,1475734.0,1451880.5,1614666.125,1549663.875,1811305.0,1667311.75,1505206.75,1496383.875,1820053.375,1696618.375,1531535.625,1519307.125,1567230.5,1387961.375,1413288.0,1394539.25,1568667.0,1503275.875,1531525.0,1687103.5,1646580.875,1736729.0,1394530.25,1265476.25,1188750.5,1136454.375,1297031.875,1451016.125,1281023.75,1245734.375,1458084.375,1382510.25,1872128.5,1637857.0,1623628.5,1764321.625,1944428.875,1946487.625,1455846.875,1942523.125,1604505.75,1504715.625,1691847.25,1897626.125,1789359.25,1961632.875,1568432.375,1713578.125,1400858.25,1452785.875,1862821.75,1967437.125,1990177.375,1757745.0,1374533.125,1176295.5,1844365.25,1648961.375,1581866.375,1763227.0,1269105.5,1328002.0,1385061.75,1285350.375,1575385.125,1520530.375,1588187.25,1528987.125,1230582.0,1187966.5,1608181.0,1457118.125,1192778.375,1150647.125,1388475.0,1379931.875,1554822.625,1586812.25,1464439.625,1416276.375,1051035.125,1048720.75,1373643.125,1316242.375,1660196.5,1615857.75,1587052.375,1510737.125,1460883.375,1439245.5,1307974.625,1202576.5,1653151.375,1823296.0,1328005.875,1298341.375,1358040.625,1332169.875,1666835.75,1966786.0,1966029.5,1821414.375,2078174.875,2148671.0,1890571.125,2042902.875,1963923.0,2006754.25,1969083.125,2200517.5,1956553.125,1884052.625,2187251.25,2079984.125,1768103.5,1721042.75,2181469.0,2037465.875,2039633.75,2302586.75,1785331.5,1788558.25,1967884.75,1892287.625,1846597.75,1778779.375,2080959.75,2199174.0,1953571.5,2035461.875,2244738.5,2357830.75,1944558.0,2010182.625,1734297.125,1756633.5,1594703.625,1522540.125,2055324.125,2034316.875,1801182.0,1854817.5,1786389.625,1754115.75,1671231.125,1494558.125,1580853.625,1586757.5,1980543.25,1773643.5,1849670.75,1650450.125,1649475.875,1604683.0,1907054.125,1921923.0,1629412.625,1670975.75,1734728.625,1997324.125,1571141.0,1629526.625,1945473.5,2216942.25,1873414.625,2030514.375,1714103.625,1802555.5,1814179.75,1659412.25,2077780.875,2139295.0,1892820.875,2014954.25,1815429.0,1871506.125,2309632.25,2406146.5,1715652.125,1582615.0,1771598.5,1618646.0,1410664.75,1464967.875,1538317.125,1500758.125,1721393.625,1776557.5,2070093.5,2155551.25,1149972.75,1105863.25,1248818.125,1159615.0,1327849.875,1272024.75,1810000.375,1728180.75,1880192.75,1843089.875,1364684.375,1386828.375,1359549.5,1607643.375,1245211.125,1342283.5,2520343.5,2555169.5,1339412.625,1250820.375,1859246.0,2044724.0,1467057.375,1682040.375,1727306.75,1679136.875,2340988.75,2087057.875,2077891.625,2421739.75,2209489.0,2754310.0,2867913.5,2916763.25,1692187.5,2040343.625
52,1906141.875,1809503.875,1754251.25,1508197.375,1567226.0,1395761.875,1875351.75,1667873.5,1752224.125,1791369.0,1841363.0,1953832.375,1771738.875,1794199.625,1623578.875,1605246.375,1749012.625,1752827.875,1600722.625,1521804.625,1488691.5,1451322.875,1629268.625,1535687.875,1826785.75,1654489.625,1507370.125,1499356.0,1828325.875,1692871.0,1544575.0,1521843.125,1578286.0,1387223.5,1422872.75,1389154.125,1576614.25,1502461.125,1534263.875,1693452.375,1649253.125,1737761.75,1390508.5,1264633.75,1186646.375,1132306.0,1294565.5,1452825.75,1281192.125,1244900.625,1459494.125,1384272.125,1884792.0,1629997.625,1633353.75,1757363.625,1949837.0,1938880.0,1450176.5,1925053.125,1610532.5,1507607.875,1700399.0,1894916.375,1784695.5,1958352.375,1564708.75,1709511.5,1378930.75,1427952.25,1862137.625,1962971.625,1990269.125,1754336.875,1366355.25,1177791.5,1829063.125,1635482.0,1564585.375,1758556.625,1262191.25,1337007.625,1377205.625,1282295.5,1566527.375,1533695.875,1592121.125,1526268.75,1219687.875,1195841.25,1595246.125,1465714.0,1185923.875,1151283.25,1375365.125,1384879.875,1539653.875,1598701.875,1455218.75,1422770.875,1040305.8125,1052117.125,1363521.125,1318782.625,1655155.25,1618970.125,1579355.75,1512808.125,1454491.875,1441624.5,1290174.375,1202718.125,1650900.0,1815733.875,1317280.125,1290404.375,1348395.0,1325494.25,1659202.125,1962410.625,1973665.375,1820300.25,2078964.75,2147090.75,1885017.625,2025869.75,1961027.75,1993266.125,1971882.25,2191283.75,1959000.0,1870632.75,2190790.25,2077697.75,1768043.5,1721763.25,2193449.75,2034400.75,2049964.25,2298223.5,1797297.375,1781687.0,1970938.0,1890909.875,1851944.5,1779568.0,2062617.75,2182393.0,1944353.75,2025461.375,2244252.75,2357659.75,1940783.375,2005594.625,1747210.625,1748665.0,1601537.75,1525451.5,2067798.125,2023673.125,1805816.25,1839770.875,1789673.875,1751843.5,1676619.5,1492954.25,1586136.875,1583702.5,1979537.375,1766943.0,1858384.0,1648705.625,1660149.625,1602319.25,1909336.25,1925220.125,1633365.0,1670318.875,1737356.125,1998021.0,1569736.0,1623975.875,1950040.25,2219180.5,1875139.5,2031267.75,1714665.25,1802679.875,1818461.875,1655809.875,2077133.25,2140399.5,1900219.0,2006714.125,1818439.875,1875098.625,2313409.0,2409263.75,1713851.25,1590775.625,1764372.75,1629400.25,1406966.75,1470723.375,1530742.125,1507348.875,1720649.25,1777845.875,2074985.125,2157097.75,1152200.0,1100428.875,1251229.875,1158990.125,1329163.0,1267235.375,1811728.875,1724457.0,1878638.625,1844692.0,1366059.25,1389945.25,1358930.375,1608429.5,1245352.875,1347402.875,2524301.75,2558025.75,1342810.375,1253072.375,1858823.0,2046496.75,1469308.75,1682155.625,1724144.75,1683010.875,2343090.75,2084916.375,2075177.5,2423553.0,2209780.0,2760034.75,2871015.75,2922327.5,1690101.125,2045243.5
53,1905906.375,1809369.0,1758085.5,1507506.25,1570571.125,1397678.875,1877669.625,1670361.375,1755104.0,1794166.625,1844335.75,1956483.375,1772143.25,1794346.625,1626652.875,1605785.25,1753763.625,1752357.375,1601601.625,1517600.625,1495420.375,1450774.875,1637395.75,1537093.875,1830896.375,1653704.0,1508682.5,1496771.75,1833872.0,1690676.75,1553568.375,1521960.75,1580439.25,1380530.25,1422934.75,1380415.875,1576029.5,1500379.75,1534506.375,1691532.375,1648232.875,1733458.625,1385542.25,1259520.5,1185706.125,1129787.0,1291746.375,1448826.625,1279678.875,1243270.75,1454733.375,1378233.5,1889739.125,1629196.625,1634854.75,1756665.875,1953069.625,1937919.625,1463530.375,1928915.375,1608550.75,1507995.5,1704258.875,1895345.5,1785847.125,1957756.75,1567566.125,1709852.125,1381303.625,1427815.625,1858213.375,1953980.25,1984668.875,1749264.875,1361762.25,1169149.75,1816396.0,1633417.375,1556852.375,1750332.125,1260918.0,1337217.875,1375491.625,1282122.125,1564090.875,1535076.875,1593840.875,1521868.5,1218927.125,1198327.25,1592395.375,1470218.25,1186545.875,1150744.875,1369556.75,1387119.375,1539607.25,1602153.375,1456765.875,1424148.375,1039946.25,1054331.75,1362913.125,1318677.875,1655800.25,1620786.5,1578654.625,1514069.0,1451874.875,1441451.0,1287768.5,1206262.75,1649722.875,1812740.5,1319376.75,1291881.125,1350085.625,1323535.875,1648425.125,1959556.875,1973379.75,1814208.25,2076929.25,2135178.75,1896409.625,2028141.125,1969418.0,1996743.375,1972513.25,2193193.5,1963646.875,1866357.375,2193055.5,2080284.375,1770545.25,1723226.75,2202147.5,2036561.375,2056189.0,2304492.5,1803793.0,1781268.75,1972475.125,1882403.875,1852575.5,1776988.25,2060437.5,2178282.0,1943053.125,2017906.125,2239947.0,2353204.75,1935456.125,2000576.125,1752045.25,1747695.875,1602262.125,1522936.5,2074255.0,2024090.125,1810619.625,1836176.75,1784475.625,1747632.125,1673623.125,1491160.5,1585821.5,1579237.5,1972588.875,1762640.125,1858426.5,1645211.5,1663990.5,1600175.625,1904988.875,1921939.375,1633093.0,1670273.0,1737294.125,1998127.0,1565133.375,1617152.375,1951739.625,2225270.25,1874229.375,2030930.125,1713697.875,1798956.75,1819488.5,1654627.625,2071750.5,2136098.25,1898144.0,1998086.25,1819953.25,1876265.875,2310420.75,2405463.5,1710684.875,1595287.875,1763431.375,1631987.125,1404156.375,1471517.5,1531969.875,1510132.625,1720120.875,1780725.875,2076785.375,2160548.5,1150274.5,1097335.875,1249001.375,1156054.25,1331001.5,1266431.25,1811977.0,1722321.25,1873996.625,1840036.25,1366186.125,1388487.0,1356141.25,1606585.5,1242337.5,1343740.25,2522459.75,2552852.75,1343316.5,1250511.375,1863691.625,2049162.5,1471086.375,1678290.25,1726529.375,1681272.5,2343445.5,2083168.5,2080953.25,2425147.75,2215294.75,2758380.0,2870069.75,2915999.0,1689533.125,2047676.25
54,1903478.5,1807860.875,1756018.0,1510164.75,1562307.5,1400630.75,1876465.25,1681248.75,1757848.625,1797267.875,1841549.875,1956357.125,1767153.0,1792420.875,1623860.75,1607278.5,1748156.25,1755575.75,1598230.125,1519146.75,1490056.375,1451755.25,1630988.5,1548179.25,1820781.5,1664540.625,1510067.875,1494090.0,1830244.5,1691777.375,1547906.375,1518402.625,1572554.375,1378735.625,1416427.0,1381678.125,1571390.75,1500442.875,1532796.0,1687741.625,1645930.75,1727493.625,1387135.25,1258009.875,1186806.375,1130884.0,1291931.125,1446771.125,1277962.75,1241720.125,1453856.375,1375052.125,1882585.75,1632710.625,1627715.875,1761169.125,1951039.875,1941871.375,1481622.125,1947225.25,1604122.875,1505532.375,1699764.375,1896161.75,1791382.875,1958680.75,1570090.0,1709918.375,1402866.25,1451252.625,1858758.625,1956813.0,1983897.875,1751979.0,1369025.75,1162256.375,1821918.125,1646232.5,1566202.75,1750727.375,1266509.5,1326531.0,1380509.25,1282485.125,1571445.0,1524738.0,1590896.125,1520910.625,1228542.75,1192122.25,1601922.25,1466859.375,1191056.875,1149008.25,1378217.375,1381848.625,1552271.875,1595225.5,1465422.875,1418931.0,1048665.375,1052620.625,1370128.5,1316881.25,1658461.125,1620130.5,1583709.5,1511822.375,1455933.125,1438790.375,1302767.75,1208998.25,1650630.25,1816848.5,1333272.875,1304503.75,1360253.75,1328641.125,1638150.875,1963335.125,1967127.125,1812517.625,2073116.375,2128164.5,1908234.375,2042930.5,1978455.75,2008995.375,1970386.0,2198739.0,1964320.25,1875372.25,2192760.75,2081687.125,1772237.0,1721541.625,2198157.0,2041418.0,2050409.5,2309194.25,1797342.25,1786470.875,1971513.125,1880168.125,1849592.125,1774931.125,2073568.0,2189741.75,1950283.625,2022945.125,2236600.25,2350022.0,1934354.375,1997853.5,1743782.5,1751593.875,1598089.625,1518361.875,2067022.25,2029476.625,1809381.0,1845125.875,1777943.125,1748145.25,1667435.875,1491227.625,1583130.75,1579090.75,1970712.875,1767649.25,1852167.625,1644847.75,1659762.875,1602174.375,1900082.0,1916368.25,1630216.625,1668202.375,1734100.875,1996013.375,1556064.0,1613011.75,1946942.25,2225665.75,1872026.5,2027831.375,1711728.375,1795471.375,1815002.25,1658594.0,2070135.375,2132459.5,1893026.75,1997993.375,1815560.25,1873100.125,2305356.0,2400635.75,1711631.75,1592778.5,1770792.375,1625565.375,1408896.125,1470931.5,1538456.375,1508571.5,1723280.625,1782083.75,2076694.625,2161465.75,1146025.5,1099469.125,1246685.125,1154819.375,1331167.375,1268528.25,1810026.625,1724094.875,1873728.25,1835537.125,1365723.75,1385381.875,1354507.125,1604321.25,1240750.75,1338188.625,2519134.5,2549533.25,1343623.125,1247963.5,1865429.125,2049801.0,1468802.0,1672383.625,1727181.125,1676646.25,2342615.5,2079501.125,2082995.875,2419865.5,2212814.5,2753149.0,2868735.0,2911572.75,1689270.375,2041908.125
55,1902905.0,1806604.375,1753210.5,1514277.75,1559612.0,1403380.375,1873497.0,1682806.5,1755669.0,1795604.25,1837739.125,1955664.375,1766710.375,1794148.0,1619967.5,1607391.75,1740519.375,1757292.0,1596906.625,1523731.375,1482516.75,1453066.25,1622056.25,1551724.125,1812603.5,1670710.5,1511124.125,1494365.625,1823768.125,1693975.375,1537429.75,1515051.5,1569096.375,1383221.625,1415528.375,1384919.75,1569881.875,1502056.125,1533872.125,1686031.375,1646793.25,1728482.0,1393220.5,1259536.0,1187727.875,1131970.75,1294959.25,1451768.75,1276251.25,1240893.75,1458430.0,1376832.625,1874551.75,1637075.125,1622032.75,1764637.625,1946331.75,1945859.75,1477680.0,1950327.25,1604975.75,1507401.875,1693798.5,1897568.625,1793266.5,1957451.5,1567318.375,1706111.875,1405867.0,1459131.25,1862840.625,1968868.125,1989104.75,1758490.75,1378149.375,1164839.625,1829262.0,1650102.75,1574518.625,1755645.875,1270690.75,1318776.5,1383630.125,1279681.75,1578425.625,1518418.625,1587502.625,1521757.375,1233898.625,1187784.625,1605595.375,1463028.625,1193394.875,1148032.75,1386478.25,1376914.25,1561186.625,1589935.5,1468424.0,1412717.0,1052593.25,1048471.25,1372722.625,1314001.875,1658628.875,1618822.0,1585883.75,1509283.375,1457186.0,1437268.0,1310420.625,1204296.875,1649260.875,1818946.25,1334122.875,1308489.125,1359302.0,1330862.75,1633474.0,1967952.875,1966639.0,1818426.0,2071933.875,2135169.25,1899432.125,2045573.0,1972160.5,2007494.625,1969598.5,2197795.5,1960640.0,1882528.75,2189026.75,2079557.25,1769209.875,1717309.375,2186771.0,2040313.25,2040993.5,2306433.0,1787072.75,1788484.875,1970216.375,1887776.75,1846998.375,1776438.875,2074075.75,2191320.0,1951930.625,2028052.0,2237765.0,2352079.0,1939115.625,2000387.5,1734611.125,1755450.875,1597272.0,1518828.25,2057065.875,2031653.0,1803486.0,1851690.5,1780240.25,1752860.25,1666615.875,1493034.625,1581766.625,1582700.5,1978243.125,1776496.5,1850790.75,1648567.0,1655520.75,1606336.25,1903143.125,1916867.25,1629391.5,1663517.875,1732884.0,1994401.875,1552123.0,1614661.75,1940585.5,2217612.75,1871259.875,2025243.25,1710158.125,1795444.0,1814202.875,1663131.875,2073492.625,2135578.0,1891639.75,2002549.125,1813184.0,1872610.75,2305642.25,2401584.25,1718556.375,1592248.5,1779951.625,1622405.875,1420581.875,1475262.25,1542970.0,1506936.5,1725395.75,1780765.875,2075830.0,2158475.5,1145035.25,1101909.25,1246712.75,1156803.625,1329331.875,1268875.625,1808227.5,1725746.125,1874728.0,1834770.625,1367409.625,1385126.0,1354963.125,1603223.375,1242973.0,1338025.375,2519905.75,2551386.5,1345503.875,1249705.5,1861798.375,2050381.75,1467996.125,1671922.625,1725740.625,1677345.375,2342013.0,2079123.75,2080148.625,2416618.5,2207235.0,2753476.75,2871900.25,2917312.0,1689235.125,2038927.625
56,1901640.375,1807026.5,1750723.375,1516790.625,1563174.125,1403939.25,1871846.375,1677376.25,1752267.0,1792667.125,1837535.625,1957379.625,1768351.875,1798301.0,1619403.75,1610102.75,1737291.25,1758157.75,1595774.25,1525582.0,1480099.5,1453293.375,1620046.0,1550812.75,1812854.625,1666895.625,1510981.0,1496863.5,1820225.25,1695236.125,1531952.125,1514690.75,1569957.0,1386274.125,1416027.875,1384657.625,1569479.0,1502473.875,1534714.125,1686063.0,1649380.125,1734349.625,1393821.625,1259556.125,1187589.625,1131305.25,1298127.625,1456855.375,1275425.75,1241267.5,1458206.875,1377784.5,1873019.5,1638787.875,1621973.125,1764062.0,1943749.375,1947025.625,1462037.375,1941689.125,1607465.625,1509722.75,1692155.375,1898769.125,1791083.25,1956306.875,1565935.875,1704811.5,1393820.875,1450235.875,1863830.375,1971471.5,1991340.625,1757394.75,1377243.0,1169115.0,1827315.125,1640010.125,1573054.75,1755141.375,1268263.375,1320584.125,1381881.625,1278359.75,1574749.625,1517815.0,1585556.75,1520796.5,1230569.25,1189291.25,1599678.75,1462403.625,1193907.25,1148231.5,1385019.875,1379863.125,1559422.25,1589774.375,1464857.25,1410622.5,1049194.25,1046550.0625,1370151.5,1312116.875,1658506.25,1617154.0,1583764.25,1508322.5,1453621.875,1437303.75,1304325.0,1199304.375,1646640.375,1816843.75,1322352.875,1300988.75,1351488.75,1327420.75,1639885.625,1968138.0,1969446.625,1821239.375,2071136.5,2142324.0,1887665.875,2038438.125,1962041.875,2001400.75,1970600.375,2195933.75,1958853.5,1880940.5,2186006.25,2078495.375,1765216.125,1716594.875,2183086.5,2039295.0,2039089.875,2304192.0,1785753.875,1787787.625,1970479.0,1893771.5,1846274.125,1777797.875,2066338.125,2184434.25,1948129.75,2027103.0,2240366.75,2355128.25,1944426.625,2006171.5,1733184.75,1755973.625,1598396.375,1521059.625,2054910.25,2031575.875,1800134.75,1851648.25,1786294.125,1754440.0,1668193.0,1493856.125,1581426.375,1583205.5,1982321.125,1776142.625,1855154.625,1650365.0,1654280.25,1606511.125,1910487.25,1922969.875,1630524.375,1662698.375,1734921.125,1996743.625,1558391.875,1619114.5,1939118.75,2212015.5,1873219.25,2026515.625,1711026.125,1798723.625,1818877.75,1662925.625,2075143.5,2138575.75,1892108.0,2004933.0,1815991.625,1875090.375,2308353.5,2403215.75,1720108.875,1593047.875,1780952.75,1623418.75,1423808.75,1477582.375,1543097.0,1505136.25,1719879.875,1775577.75,2072579.75,2155922.25,1148346.0,1102357.875,1246385.75,1158446.25,1328323.375,1269376.875,1808620.5,1725691.375,1872593.375,1835618.875,1369389.0,1385980.875,1355390.875,1602204.625,1244655.75,1339498.625,2522892.75,2554340.0,1345709.0,1251859.375,1860437.125,2052425.625,1470637.25,1676582.0,1726861.125,1680550.25,2342527.0,2082809.375,2081529.25,2420872.0,2211011.0,2755982.5,2875999.5,2920920.75,1689920.5,2042709.375
57,1897654.0,1807752.0,1747859.75,1516642.125,1563761.125,1402102.25,1869906.375,1674871.75,1750341.75,1790207.625,1837385.75,1958202.25,1766565.875,1798202.625,1621055.0,1613259.875,1737666.25,1760356.0,1593902.5,1524809.25,1481396.0,1452904.0,1622258.5,1553012.625,1814672.0,1661112.125,1509502.875,1499691.375,1819593.75,1697578.0,1530510.125,1517280.25,1566573.0,1388830.875,1413534.375,1389966.375,1567667.375,1502874.875,1532454.125,1688855.0,1649366.375,1736301.875,1389950.375,1259858.625,1186854.375,1130890.5,1297192.5,1455295.375,1276665.625,1242443.125,1453455.875,1378671.5,1874635.25,1635717.625,1622926.75,1759787.75,1943067.875,1944232.875,1453173.625,1936614.25,1606832.25,1506842.25,1693519.875,1900060.0,1789386.375,1958011.75,1566691.875,1707511.125,1389447.375,1445189.0,1863343.625,1966209.875,1989999.375,1754597.625,1373177.75,1172560.0,1829703.625,1636136.875,1572109.5,1756572.875,1266539.5,1324495.0,1378620.375,1280685.375,1569458.125,1518318.0,1585826.75,1522163.625,1227982.0,1190942.5,1599802.25,1463760.375,1192871.5,1146102.75,1381168.375,1385597.25,1555676.75,1590589.875,1463018.125,1416285.875,1046430.6875,1048230.75,1368748.25,1312638.375,1658582.5,1616036.5,1582952.75,1508428.25,1451926.625,1435888.75,1296588.625,1199880.0,1645867.5,1817101.5,1314837.375,1293165.5,1348209.25,1323388.25,1648558.75,1964689.75,1968977.25,1819733.375,2069173.0,2143218.25,1887652.375,2032776.625,1962057.0,2004221.875,1972793.625,2197174.75,1957682.0,1876031.625,2190269.25,2078065.875,1768761.75,1720949.5,2188225.5,2043949.75,2044634.0,2306116.0,1790996.625,1789795.125,1972073.25,1894200.25,1848099.125,1778751.0,2070760.625,2187224.25,1947471.25,2027686.0,2242032.25,2356859.0,1944357.0,2008308.875,1736140.25,1752088.75,1597801.125,1519661.5,2057625.75,2030865.625,1800239.25,1848135.75,1789197.5,1752820.875,1668768.875,1493081.625,1581241.625,1581752.125,1980262.125,1770156.25,1857482.0,1647660.875,1652635.875,1603624.375,1912341.375,1927652.875,1632278.75,1666836.125,1734741.75,1998503.625,1566476.125,1622441.75,1941936.0,2215013.5,1876072.375,2030706.25,1711507.125,1799302.875,1821087.75,1660304.125,2074384.75,2137050.25,1893916.0,2006136.625,1815139.875,1873890.125,2309268.5,2403113.25,1716390.375,1589448.5,1776148.375,1622187.5,1416310.375,1472979.625,1541043.875,1503977.125,1713207.75,1769880.625,2069549.375,2157902.75,1150608.625,1103241.875,1247002.875,1158295.875,1328629.0,1270793.875,1809762.0,1725780.75,1869215.125,1834595.0,1367939.625,1385472.375,1354175.625,1601167.875,1242779.125,1338880.125,2522991.5,2555174.75,1342775.75,1250174.375,1861067.75,2051130.75,1471341.875,1679543.0,1726904.25,1678006.0,2341634.5,2082415.0,2080893.875,2420517.0,2213445.5,2751339.5,2871885.5,2917311.25,1690597.25,2041877.5
58,1895092.5,1807940.125,1745272.5,1514485.25,1557874.75,1399996.5,1866775.0,1677410.25,1749249.0,1789400.0,1835051.875,1956865.125,1763487.625,1793314.875,1620030.5,1612988.5,1737986.75,1762374.875,1592607.5,1525254.875,1483718.25,1454067.75,1622844.25,1556595.875,1814144.375,1661892.75,1507855.5,1499722.0,1822559.125,1701458.25,1532244.625,1523677.625,1563536.125,1392898.0,1414068.5,1397907.125,1566598.375,1505126.5,1532958.25,1690729.875,1646656.75,1733417.75,1389539.0,1260820.125,1186426.125,1131888.875,1294210.5,1449714.75,1278551.125,1243732.875,1452623.5,1380828.125,1874518.0,1636198.25,1621549.875,1759387.75,1942087.625,1945076.75,1447684.0,1934794.25,1604527.75,1505397.75,1694533.625,1904766.875,1790038.125,1961442.5,1565598.25,1708953.625,1387990.25,1441600.75,1865954.625,1965753.375,1989969.75,1758523.125,1375611.0,1175066.875,1834000.875,1637077.875,1575975.75,1761247.875,1270661.375,1326182.0,1377045.0,1278834.125,1573076.625,1519564.125,1589202.5,1526062.25,1231232.25,1191020.25,1609214.125,1464938.625,1191186.25,1141726.125,1381038.375,1385894.125,1559432.75,1589156.5,1467498.125,1423231.375,1048757.375,1049162.0,1370399.375,1312638.125,1657321.0,1615521.875,1585223.625,1509667.25,1453444.5,1434245.125,1295569.0,1199961.875,1646599.25,1819967.375,1311938.25,1288036.375,1346667.875,1321705.75,1648943.375,1957831.375,1970253.125,1823138.75,2070606.25,2144508.75,1891351.0,2033156.375,1968454.75,2010907.375,1975224.0,2200656.5,1955148.75,1875624.75,2196927.0,2078470.125,1777936.875,1723090.875,2192374.75,2049205.875,2049568.375,2310614.0,1792297.875,1794851.75,1972944.375,1892057.75,1850811.0,1780758.875,2080232.125,2196127.0,1949892.25,2028841.625,2242948.5,2358776.5,1940144.375,2006345.375,1737061.625,1752710.875,1597332.5,1519047.375,2058599.5,2034320.625,1800159.25,1846201.625,1789110.125,1754644.25,1669064.625,1493544.25,1580825.25,1585032.625,1976583.25,1768478.875,1853937.125,1647240.625,1650720.75,1603788.375,1908631.75,1927806.125,1634447.375,1670746.5,1732989.125,1998133.375,1568316.625,1624216.0,1946318.0,2224277.75,1877216.625,2034908.375,1710198.125,1797294.375,1817566.25,1659720.875,2073065.125,2135249.25,1894533.625,2004981.375,1811439.25,1869750.125,2308218.25,2404723.5,1716879.625,1585997.5,1776110.375,1618297.125,1411120.75,1467318.75,1540696.625,1503143.25,1716308.5,1772850.875,2071531.5,2164153.5,1148283.0,1103843.875,1248402.125,1158033.625,1327254.375,1270198.375,1809771.25,1725867.875,1869162.75,1833103.625,1365409.875,1384904.125,1354165.625,1602003.375,1240716.875,1337443.625,2520066.25,2554049.75,1340537.25,1247984.75,1858386.25,2044212.5,1469951.125,1679006.625,1726629.75,1673679.625,2338816.0,2078471.0,2076689.75,2413741.0,2208575.0,2746470.75,2865046.5,2914964.0,1691357.125,2035836.875
59,1897567.0,1806968.625,1742995.125,1509005.75,1548003.5,1395859.5,1867348.375,1681793.0,1750022.0,1792707.25,1835714.875,1955747.625,1760894.5,1787460.25,1616191.75,1609096.5,1737858.25,1761098.125,1590878.0,1523485.875,1485940.25,1455120.25,1620153.625,1555010.375,1813929.0,1668418.375,1504304.0,1494210.875,1829172.0,1698728.625,1539512.375,1530620.5,1568613.75,1389594.625,1417603.375,1391553.875,1568448.0,1504813.375,1539200.25,1688826.125,1644157.75,1730493.25,1389597.25,1257848.125,1188086.125,1133477.5,1292395.875,1442919.875,1278787.75,1243877.75,1454568.25,1377624.25,1874025.375,1640344.0,1621349.375,1765365.25,1943676.25,1950034.875,1452809.875,1938249.125,1603773.625,1508307.375,1695509.125,1905853.0,1793160.0,1964390.125,1566053.625,1709040.375,1389962.5,1441052.875,1865950.25,1965595.5,1988139.375,1758533.625,1378038.875,1170357.0,1821569.875,1634468.5,1574670.25,1755764.5,1271781.75,1330338.125,1378018.25,1275351.5,1574483.375,1519527.5,1591018.75,1525430.875,1233344.75,1190033.5,1613447.125,1465133.125,1190961.625,1143159.25,1381082.25,1379835.25,1563350.0,1587413.5,1472187.25,1421799.125,1053104.875,1048683.375,1373953.125,1313693.0,1657700.125,1615355.625,1587111.5,1511698.25,1457515.25,1437128.5,1303171.0,1201654.375,1649601.25,1820297.5,1318910.125,1292102.0,1352286.5,1325638.0,1645222.75,1954580.5,1974079.125,1825444.625,2072739.875,2140446.75,1900781.0,2042925.5,1976924.125,2016800.375,1973683.25,2205640.5,1956330.0,1881602.375,2197464.0,2080813.25,1781217.875,1719395.25,2194614.25,2050678.5,2050199.875,2314654.0,1790181.625,1797001.5,1969839.0,1884824.625,1850701.125,1779822.375,2081025.375,2201100.25,1951950.625,2027875.125,2243076.25,2359154.25,1935902.0,2003743.25,1736628.875,1759187.5,1597860.5,1521555.5,2059062.625,2040059.75,1802648.375,1850814.75,1784005.5,1756407.0,1666971.25,1495110.75,1581221.125,1588006.75,1970887.875,1767982.75,1850449.375,1649947.5,1653744.0,1605621.625,1904065.625,1923342.25,1634450.375,1671362.5,1733818.375,1997864.5,1567311.5,1625048.375,1948286.75,2228988.25,1874374.125,2032798.25,1710982.25,1797568.375,1813407.0,1658704.125,2070269.625,2133545.0,1889276.125,1999221.5,1814016.0,1869775.75,2305305.75,2404817.75,1717084.125,1588459.875,1777273.375,1617261.875,1408507.125,1464874.125,1541364.125,1501159.0,1725779.75,1783536.0,2077327.375,2169697.25,1145271.875,1101576.125,1246427.25,1157629.625,1326596.5,1269140.5,1810476.25,1725792.875,1874575.875,1836173.0,1365658.25,1385674.0,1356487.125,1603480.75,1241655.375,1337426.625,2519357.0,2554031.5,1342305.375,1249097.875,1860412.25,2046279.625,1470338.375,1678328.875,1731601.625,1676473.125,2342612.25,2081742.125,2083037.375,2417318.5,2214302.5,2755535.0,2871883.0,2919140.0,1693384.75,2037940.125
60,1901925.5,1804259.5,1743831.0,1502216.875,1542634.125,1390276.875,1875140.0,1683077.375,1754432.375,1797499.5,1839179.5,1953356.75,1759179.375,1783971.5,1614696.875,1603292.25,1740655.0,1755710.375,1589952.625,1516919.5,1487103.75,1452086.875,1618324.0,1544818.125,1816309.75,1671307.875,1500546.125,1487869.5,1833571.625,1688978.0,1548853.75,1529612.0,1576774.125,1378067.25,1420279.625,1377622.0,1572705.0,1500393.875,1545013.25,1686826.625,1643358.5,1730377.25,1388314.375,1254527.5,1190789.75,1134315.375,1291753.875,1440561.125,1278527.125,1243562.5,1456113.0,1371251.5,1876683.75,1637089.625,1625804.125,1768095.875,1949175.25,1949253.125,1473554.875,1947829.5,1606476.875,1509151.5,1697560.25,1897346.5,1795101.125,1963602.625,1571458.875,1712972.875,1400482.75,1450189.125,1862281.625,1962387.5,1986646.0,1752351.625,1375912.0,1165015.875,1808386.75,1640545.375,1568754.75,1749030.125,1266119.125,1335237.25,1379984.375,1279755.375,1566562.75,1519487.375,1589569.75,1523883.25,1229263.5,1188462.75,1606245.0,1465362.75,1190707.0,1150525.125,1377812.625,1374170.875,1557496.0,1589374.625,1469867.0,1416980.375,1054111.75,1050007.75,1375167.0,1317795.625,1660067.75,1617087.0,1586208.25,1513627.375,1461288.125,1442398.125,1309535.5,1207478.5,1652271.75,1817718.375,1334440.875,1303900.125,1366311.0,1332396.875,1643003.75,1964035.5,1975121.875,1819696.25,2072005.625,2132677.5,1913359.0,2051804.625,1983668.5,2018677.375,1969470.125,2206316.75,1961577.875,1885669.375,2193148.25,2081022.625,1775921.875,1715679.375,2196077.75,2046426.625,2049568.0,2312954.5,1791025.375,1791769.375,1964754.875,1876889.75,1848258.375,1775907.125,2077120.5,2201361.0,1952363.375,2029521.5,2242927.75,2356901.5,1933405.375,2000896.0,1738889.25,1759235.5,1598780.75,1522011.125,2062200.5,2037263.625,1808003.625,1855930.25,1779530.5,1753382.125,1664996.0,1495703.75,1583435.125,1584853.5,1972729.375,1768378.25,1853805.375,1649953.5,1660436.625,1605388.5,1899857.75,1916759.375,1630430.5,1668478.875,1734680.5,1995471.875,1566597.0,1624586.25,1944811.0,2221152.75,1868943.25,2023832.0,1713049.75,1797470.375,1812877.125,1654249.125,2067828.125,2131553.75,1882501.625,1994577.25,1819581.125,1874115.125,2303391.0,2401176.0,1710834.375,1590810.25,1771469.625,1621361.375,1402717.375,1463022.75,1539434.25,1500711.25,1728063.375,1787473.375,2080789.5,2169141.75,1146237.75,1098762.125,1243290.25,1156114.625,1329628.25,1268104.875,1812784.375,1726901.5,1879981.5,1841515.75,1366960.625,1387037.75,1357422.0,1603350.125,1243448.0,1339317.375,2522216.0,2556772.25,1344303.5,1250878.0,1867700.375,2057115.0,1471587.5,1678715.375,1734771.625,1682587.75,2349976.75,2088538.5,2093212.625,2429246.25,2225635.5,2767857.25,2883722.25,2926031.5,1695150.0,2046320.375
61,1901028.375,1801440.375,1748392.75,1500745.875,1546393.75,1389112.375,1881781.375,1678402.875,1758908.875,1798411.5,1839285.625,1950671.625,1760125.125,1785441.25,1616639.0,1601112.0,1744146.5,1751957.0,1591404.125,1513148.5,1486673.75,1448443.875,1621062.5,1537576.75,1818409.125,1667174.5,1504988.75,1488866.5,1831412.75,1686696.5,1552337.25,1522291.75,1580135.875,1374151.875,1421958.75,1377496.125,1574780.75,1498728.625,1544869.75,1687385.0,1644497.0,1732822.375,1392699.375,1257843.875,1192247.0,1134544.375,1293856.625,1447919.625,1279942.75,1244813.875,1458754.375,1372310.25,1879644.0,1631312.125,1630090.875,1764058.5,1951834.75,1943153.375,1485366.125,1952986.5,1609562.375,1507596.5,1698101.25,1891595.75,1792360.5,1960197.25,1576253.625,1719253.625,1404452.125,1455964.125,1862423.875,1964139.0,1990427.75,1752873.75,1375810.0,1171929.25,1824535.5,1654322.875,1572809.375,1759961.5,1263773.25,1333980.625,1381065.625,1285940.5,1564427.0,1523673.25,1591137.125,1529354.0,1226346.5,1187260.625,1601413.0,1465252.25,1189453.375,1151283.625,1376110.0,1375811.25,1552228.25,1592838.625,1466210.0,1418631.125,1052185.5,1052046.375,1372538.125,1319115.5,1659867.375,1619155.0,1585567.5,1514119.625,1460327.25,1442945.875,1305517.75,1209139.375,1650340.125,1815237.0,1335757.125,1304875.875,1368723.25,1333983.875,1644570.5,1972641.375,1974758.75,1817523.0,2073461.0,2136227.25,1914791.625,2048871.125,1982044.625,2014436.125,1969333.75,2201837.25,1965532.625,1884058.875,2190695.5,2079374.25,1770487.125,1715798.5,2193900.0,2039081.375,2049643.75,2307319.5,1793051.125,1785598.375,1964565.5,1877533.625,1847102.75,1774842.625,2075103.25,2196167.5,1951496.125,2032441.875,2241727.75,2354517.5,1932708.5,1998831.75,1742163.625,1753568.875,1599146.75,1520580.5,2064649.625,2029604.125,1809630.75,1854647.375,1783112.25,1750661.75,1668827.375,1495769.375,1584278.375,1581720.625,1984507.125,1772992.625,1856872.75,1647914.75,1659975.25,1605216.0,1899145.875,1915876.875,1627412.0,1666672.625,1733344.125,1993502.5,1564920.625,1622701.375,1942638.0,2215140.5,1867575.875,2020691.125,1712768.25,1796909.5,1813180.625,1651058.0,2068354.875,2131531.75,1883100.625,1997948.75,1818981.875,1875682.5,2304954.5,2398910.0,1706858.125,1587944.0,1767242.5,1624942.625,1399209.25,1460623.125,1535853.625,1502430.875,1720854.75,1779410.875,2077276.5,2162630.75,1149275.375,1100611.125,1244236.0,1156235.0,1332205.5,1266529.25,1812439.375,1727215.875,1878246.0,1842520.375,1366551.25,1388002.25,1356238.75,1603493.0,1243302.625,1340596.0,2523091.75,2558449.0,1343244.5,1250648.625,1866488.375,2054926.75,1471332.875,1679995.25,1729906.125,1683471.125,2345430.25,2085383.25,2088181.375,2429235.5,2218625.75,2760990.75,2877190.0,2925238.75,1694238.0,2046676.875
62,1898466.875,1804328.0,1751703.75,1505767.875,1554184.125,1392891.875,1880865.375,1676247.0,1759512.25,1796912.75,1837611.5,1952807.25,1762001.0,1788682.25,1618574.625,1604302.125,1743645.875,1753872.0,1592607.5,1515148.125,1484993.625,1448582.125,1625131.0,1541371.25,1819889.5,1664082.875,1511749.75,1492317.625,1827594.125,1691703.375,1546862.75,1518899.75,1576481.5,1380638.25,1420673.375,1382945.625,1572452.875,1500186.5,1539801.0,1688037.75,1645518.75,1734542.375,1397133.875,1262225.5,1192353.875,1135475.625,1295948.25,1451658.0,1281237.0,1245859.5,1458593.5,1376909.0,1880600.25,1632457.75,1631366.375,1761518.375,1950568.5,1940891.75,1477753.125,1949578.625,1608642.25,1507253.875,1696564.0,1895295.375,1791571.5,1961336.25,1574895.625,1720456.125,1396704.625,1450168.375,1863916.625,1967362.25,1992129.75,1757640.375,1377195.75,1181154.0,1845196.875,1653164.25,1580218.125,1770862.0,1266548.375,1330543.0,1379587.375,1284112.375,1572110.875,1526780.5,1594643.875,1532553.0,1229123.0,1184798.75,1607644.625,1465202.0,1187486.25,1145024.5,1377762.625,1379957.75,1556093.75,1594063.625,1466871.75,1423315.875,1050942.0,1052279.375,1370527.375,1316944.75,1658447.5,1619592.125,1587805.125,1513577.0,1458591.75,1438701.375,1300867.0,1206728.75,1648231.5,1814187.375,1322008.5,1294681.25,1357485.375,1330637.875,1647176.25,1963283.5,1974714.625,1822266.25,2074525.25,2142796.25,1910329.375,2045004.375,1974847.75,2011093.0,1974077.0,2199779.0,1966817.875,1882973.875,2195177.5,2080312.5,1771328.875,1717393.5,2192692.75,2036510.875,2050399.75,2305266.0,1792828.0,1785552.375,1968290.75,1882275.625,1847962.25,1777142.5,2076085.0,2192830.75,1952094.125,2034206.875,2239901.5,2353702.5,1933459.5,1998480.125,1744156.375,1752805.25,1597659.625,1521805.875,2066069.375,2029484.25,1810542.25,1852433.25,1787085.25,1750909.25,1672455.125,1494677.125,1581932.625,1581714.75,1986813.25,1773899.0,1853425.0,1647436.125,1653246.5,1604918.375,1902647.625,1920114.625,1630390.125,1669855.375,1732762.625,1996496.375,1564347.0,1621281.125,1948354.0,2223781.0,1872517.5,2028594.5,1711649.875,1798936.625,1813079.125,1653389.5,2069500.25,2132030.75,1889422.25,2002090.5,1814748.875,1873378.0,2306291.5,2399975.0,1711568.25,1586366.75,1770599.375,1625116.125,1400108.25,1460166.125,1534629.0,1504177.375,1718940.625,1775898.5,2073636.625,2159152.25,1149148.375,1104352.375,1247979.0,1157814.625,1330203.125,1265809.875,1809361.875,1724823.625,1873549.5,1840490.125,1364792.75,1387943.375,1356463.625,1606079.75,1242108.75,1339907.0,2520238.5,2556083.0,1342116.5,1249899.5,1858608.0,2044194.75,1469286.875,1679510.0,1724344.625,1679703.0,2335394.5,2078112.375,2075319.75,2419151.5,2204071.0,2746942.0,2861800.0,2916734.75,1690673.25,2040405.75
63,1902808.375,1812198.125,1750640.0,1509045.375,1556032.75,1395186.625,1879155.25,1684985.875,1758936.125,1797562.875,1836680.625,1955483.875,1760541.25,1787329.625,1617547.375,1606800.0,1742319.5,1756541.25,1591973.375,1518221.875,1483805.375,1450975.75,1623667.375,1545520.125,1821982.75,1667104.125,1507932.875,1490189.125,1827409.75,1691443.625,1540079.25,1521362.5,1570245.25,1384838.125,1417780.0,1380140.625,1571090.625,1500237.25,1535357.25,1686613.875,1643843.375,1732658.75,1391144.875,1260062.5,1191194.75,1136116.0,1292731.625,1442491.875,1280319.625,1244225.125,1454958.25,1376065.625,1881584.875,1636137.5,1632164.75,1764837.875,1951215.875,1945216.25,1470807.875,1946305.75,1605972.125,1506833.5,1696638.125,1898818.25,1796701.125,1965164.875,1572180.375,1717005.375,1391159.375,1445620.375,1861847.125,1964946.5,1987542.75,1755269.25,1375559.0,1176252.625,1831336.5,1637068.25,1573616.75,1758879.5,1267500.0,1329360.875,1376166.75,1278054.375,1575102.625,1521846.75,1592213.375,1523677.5,1232264.125,1183131.875,1613624.75,1465012.375,1186498.125,1142970.25,1378973.875,1378395.625,1559304.5,1593535.5,1467825.875,1421638.5,1050661.625,1050339.375,1371586.875,1315867.375,1660099.75,1619772.875,1589235.5,1513618.75,1458780.625,1436994.25,1303828.5,1206202.5,1649546.25,1814499.5,1317894.75,1293698.125,1353939.375,1328363.625,1645231.0,1952186.0,1973260.75,1822478.375,2070107.5,2137668.25,1911354.375,2049761.625,1971747.5,2012868.625,1977360.25,2201836.5,1965780.75,1885349.875,2201792.75,2081523.75,1775508.625,1717010.75,2195543.25,2038623.875,2050058.0,2307127.0,1790465.0,1787671.5,1967332.0,1880974.375,1848046.625,1778755.125,2079461.0,2199805.75,1954924.5,2036949.625,2240752.25,2353579.5,1935153.375,1998809.25,1744408.75,1756584.5,1596123.0,1523734.5,2067376.0,2035444.75,1814301.0,1854580.0,1784943.375,1752069.0,1668255.5,1492781.5,1581572.0,1582424.375,1973580.25,1767996.0,1851412.25,1648623.0,1653687.625,1603063.125,1903294.75,1919723.625,1633873.75,1672063.625,1733295.25,1998925.875,1564988.875,1620967.25,1952597.875,2230882.25,1875944.125,2033291.0,1711454.125,1798699.625,1814886.75,1657848.75,2068736.875,2130700.0,1890394.125,1999141.875,1814509.375,1872717.625,2304128.75,2400780.5,1716983.375,1588967.625,1773421.5,1624066.75,1402961.875,1462352.625,1537060.125,1505269.125,1726028.5,1783180.25,2077788.5,2163068.0,1145289.0,1102791.875,1249692.875,1155561.5,1326461.25,1265600.375,1809257.25,1723537.125,1874200.875,1840539.625,1363637.125,1385885.5,1358168.625,1607797.0,1241801.5,1339707.0,2519203.0,2554688.75,1342238.25,1249177.125,1856742.0,2046694.25,1466601.375,1674777.0,1725283.75,1676406.0,2339219.5,2080715.875,2075372.875,2418946.75,2207403.0,2752322.25,2865056.25,2916116.5,1687327.5,2040076.875
64,1906864.0,1812787.375,1747284.875,1505621.625,1550497.25,1392585.25,1878421.75,1688246.875,1758146.5,1796652.25,1834963.75,1952457.75,1758185.875,1783275.375,1615947.25,1606673.125,1744255.0,1755887.625,1592577.5,1520210.0,1485358.625,1453326.25,1619880.125,1543765.0,1822335.375,1667047.25,1499993.5,1488060.375,1828839.5,1688108.375,1541736.5,1523170.375,1570589.25,1383995.0,1419449.25,1376382.625,1574376.25,1501326.625,1535784.25,1685727.75,1642837.0,1731542.25,1384418.125,1256474.5,1189511.875,1134924.625,1287589.75,1437555.0,1279076.75,1242238.375,1456594.375,1373832.875,1882586.125,1635855.375,1631011.0,1765467.625,1951349.0,1946999.625,1467384.5,1942165.375,1607618.0,1506423.0,1699583.25,1897641.75,1797553.5,1962765.625,1571793.125,1713756.375,1397544.625,1450591.625,1861495.375,1964742.375,1987433.0,1752193.75,1374004.5,1169607.75,1815267.125,1638936.875,1565607.75,1748349.375,1265862.875,1330105.875,1375692.0,1278918.0,1570139.625,1519674.0,1588129.5,1518524.0,1230490.0,1186571.25,1608020.5,1463062.125,1187343.5,1145868.375,1379594.375,1376947.75,1554489.125,1593465.75,1465907.875,1417517.875,1049058.0,1049783.875,1372245.0,1316438.875,1660964.5,1619387.625,1586886.375,1513454.875,1457767.25,1439858.25,1308023.375,1207385.625,1651278.875,1815397.5,1329049.375,1302505.25,1359750.625,1329103.25,1645524.25,1958991.5,1971899.875,1817703.375,2068570.125,2134144.5,1908431.5,2047547.125,1971628.625,2010217.875,1975180.625,2200375.75,1961499.375,1883105.0,2200762.5,2078537.0,1776689.0,1717568.625,2196534.75,2038604.875,2047717.125,2305811.0,1789796.125,1786183.125,1964022.25,1878782.875,1847516.75,1779010.25,2079096.375,2202273.75,1953960.25,2034699.125,2244145.5,2355304.25,1936605.0,2001148.75,1743489.75,1757051.0,1598120.75,1524144.625,2065981.375,2036076.25,1812228.375,1853821.375,1784058.375,1753021.875,1665933.25,1493684.25,1585446.375,1584194.125,1968260.0,1766409.625,1855938.75,1649813.625,1661277.5,1602337.5,1901102.25,1917373.375,1631688.5,1668547.5,1732987.5,1996399.5,1565038.625,1620482.875,1947832.0,2222070.25,1873630.375,2027560.25,1712086.125,1796636.5,1815330.375,1657237.125,2070513.5,2130717.25,1886905.25,2002014.875,1815992.75,1874317.625,2304120.5,2401562.5,1717365.0,1590965.0,1772300.5,1623820.875,1406895.375,1465444.125,1538836.875,1505016.5,1729030.875,1785277.5,2081584.625,2163998.25,1144776.25,1098474.625,1248631.0,1151805.625,1326085.0,1266641.75,1811576.375,1723936.875,1877590.0,1842254.875,1364042.0,1383053.375,1357358.875,1605574.75,1242453.875,1341143.625,2521682.5,2556983.75,1342136.875,1247770.0,1858741.25,2053735.5,1465803.0,1672287.125,1728832.375,1675224.0,2348777.75,2084768.875,2083383.0,2424008.5,2216462.75,2762063.5,2878782.25,2924029.5,1687633.25,2042626.5
65,1903902.875,1806769.25,1746768.5,1504512.5,1550386.25,1390554.125,1876240.0,1673480.0,1755882.25,1792485.125,1835928.625,1950692.375,1761309.75,1784835.25,1618552.0,1607744.5,1746499.875,1754663.125,1595816.25,1520903.125,1487332.625,1453340.875,1622832.25,1541112.125,1821942.125,1658097.875,1499101.25,1492265.25,1828611.5,1688925.75,1546257.875,1521271.625,1576580.5,1382325.625,1421945.625,1374126.0,1577185.625,1503878.25,1538167.625,1687438.0,1646604.75,1736596.875,1387195.625,1258539.375,1188647.375,1134012.125,1289168.375,1448162.25,1279720.125,1243403.375,1460407.625,1375123.5,1883784.625,1630178.375,1629674.0,1757503.75,1949717.625,1939304.875,1461403.375,1933317.125,1612619.0,1507895.25,1701997.875,1894864.75,1790137.5,1957346.25,1570763.375,1712463.625,1405663.125,1452684.0,1864454.75,1967862.75,1994523.625,1756437.625,1373014.125,1175844.0,1830104.875,1658919.375,1568876.75,1758971.875,1262565.5,1335796.75,1378383.375,1287256.875,1564000.75,1528508.125,1590633.875,1526661.75,1223220.0,1192018.125,1596208.0,1462462.25,1187276.875,1149746.125,1378241.875,1382773.75,1545194.5,1594915.625,1460905.875,1420254.625,1044429.0,1053619.0,1369478.0,1318989.375,1657072.625,1617667.875,1582838.75,1512734.5,1456972.875,1442140.125,1308296.125,1210767.0,1653142.25,1815458.75,1335941.75,1303442.75,1360398.75,1329147.625,1652127.375,1969248.25,1973207.125,1816444.375,2074129.25,2140951.25,1897977.875,2031447.375,1967612.75,1999713.375,1971621.875,2192720.0,1958822.875,1872641.875,2195191.25,2074536.625,1771966.375,1724204.375,2196065.75,2038434.5,2047343.25,2300060.25,1795868.5,1783523.375,1968822.875,1886287.5,1849326.875,1778679.5,2072696.875,2190515.75,1947508.0,2025929.5,2247129.75,2360321.0,1939650.5,2007987.625,1745402.5,1751107.25,1601965.75,1525520.5,2066291.625,2027278.75,1806425.375,1845802.5,1789040.375,1751970.625,1673248.625,1495190.875,1587782.125,1585476.0,1980397.25,1769891.5,1860486.0,1649360.75,1664542.625,1602553.125,1905373.25,1922717.875,1628753.875,1666107.125,1733412.375,1994446.625,1566826.625,1621642.25,1944717.625,2212069.0,1872429.625,2024718.875,1714433.875,1799857.75,1813371.875,1651628.0,2075021.25,2133881.75,1889249.0,2008903.0,1815077.125,1874159.375,2309130.0,2403861.0,1714191.0,1590788.125,1768738.0,1626210.625,1405047.75,1466929.0,1536073.5,1504747.625,1723630.875,1777509.625,2077341.75,2157610.75,1150308.625,1098036.25,1248276.5,1152407.625,1328749.75,1268373.375,1812345.875,1722776.625,1877275.0,1843918.25,1365146.25,1384596.125,1355422.625,1605287.375,1242406.25,1342918.875,2522290.25,2557365.75,1342314.25,1248648.625,1859977.0,2050905.125,1468405.875,1679838.375,1727576.0,1677789.25,2346859.0,2082361.5,2081768.5,2420897.0,2212320.75,2755627.25,2877478.5,2924495.0,1691534.875,2043076.875
66,1900983.875,1806526.75,1749276.375,1512236.375,1558557.25,1394974.875,1874719.0,1663002.25,1753463.25,1791170.25,1840291.0,1955236.375,1767551.75,1792534.875,1622623.0,1610917.375,1745743.0,1756701.5,1598019.25,1522248.875,1485239.5,1451114.25,1628109.5,1542272.75,1820449.5,1653573.5,1502028.625,1497547.625,1826142.75,1693302.875,1542078.375,1518971.25,1575860.625,1381211.375,1416478.125,1370168.875,1573279.5,1503686.5,1534657.25,1687233.25,1649807.625,1740573.375,1389254.0,1261655.875,1187692.625,1134665.125,1295029.5,1458342.25,1280517.75,1244944.625,1455594.375,1375924.625,1883774.0,1625315.125,1630955.375,1751277.375,1950207.625,1932542.625,1463131.625,1930582.875,1611027.75,1507881.25,1699619.125,1892880.25,1785601.625,1957900.5,1568031.0,1711251.375,1397718.25,1444552.25,1863447.125,1963851.125,1993796.75,1758626.25,1369574.0,1179294.375,1838758.5,1656789.25,1569537.0,1763757.0,1260021.0,1339602.875,1379125.875,1291180.25,1563265.375,1533205.625,1593627.125,1528919.5,1218584.375,1192532.875,1593190.5,1465003.625,1188237.625,1153513.5,1376085.25,1388535.75,1540903.125,1595965.0,1456315.75,1424947.5,1040707.8125,1056149.125,1366876.375,1321433.375,1655173.75,1618182.5,1581634.75,1512796.125,1457081.875,1441971.75,1305195.5,1214081.125,1655064.75,1815269.5,1332051.875,1298320.125,1355946.5,1326243.875,1656192.125,1967292.875,1974134.375,1818524.0,2078042.25,2142560.0,1892880.375,2023449.625,1962116.875,1995660.625,1970588.25,2188226.25,1961336.5,1866843.375,2192167.25,2073833.5,1766058.875,1732277.5,2196090.25,2041574.625,2048047.125,2297838.0,1800932.0,1784239.0,1977340.75,1895802.375,1849687.625,1776844.625,2071329.25,2187057.75,1944592.75,2024437.875,2248481.0,2363058.5,1946289.5,2015728.125,1747980.625,1745243.875,1600668.875,1525002.125,2069865.75,2020745.0,1806835.625,1840016.625,1791035.125,1749326.0,1677409.875,1493093.625,1585713.0,1584184.375,1985732.125,1768921.0,1857364.0,1647352.625,1660402.875,1602181.375,1913556.75,1930543.875,1629908.75,1667744.375,1734886.125,1996310.0,1568229.5,1623957.75,1947618.125,2214238.5,1875330.25,2030865.5,1715659.375,1803691.25,1814699.625,1650256.5,2073826.375,2135562.25,1893347.375,2001965.0,1815960.875,1873898.0,2311950.25,2404617.25,1712132.875,1590966.125,1766371.0,1628581.375,1401828.25,1467937.5,1534505.25,1506825.375,1718217.875,1772810.75,2071822.25,2154834.0,1153492.875,1100025.75,1249094.375,1155078.0,1331706.375,1268774.75,1812177.625,1722416.5,1873706.0,1842848.375,1365943.375,1389708.875,1355890.25,1607770.375,1240998.75,1343432.375,2519295.5,2553781.75,1342266.375,1251817.25,1863122.375,2049631.25,1471556.125,1688740.375,1724276.125,1683000.375,2340055.0,2083409.75,2077060.125,2420172.0,2208373.0,2751065.5,2866975.5,2917413.0,1694489.875,2046872.25
67,1899963.5,1808508.125,1749284.125,1520538.125,1561591.75,1400885.625,1872007.0,1669402.25,1750872.875,1791887.25,1840867.625,1958232.625,1768599.0,1796808.75,1622545.0,1613773.0,1743165.875,1759970.125,1596151.0,1525402.25,1480793.375,1449827.25,1627041.0,1547851.375,1814917.75,1659908.25,1503636.875,1497773.75,1821964.125,1696907.75,1532724.625,1518001.25,1566616.875,1381579.125,1407507.75,1367643.75,1566011.25,1501583.125,1526788.25,1682546.625,1648227.75,1737015.375,1385267.25,1260219.0,1186578.25,1135019.625,1294885.75,1454773.875,1278572.625,1242813.25,1448036.625,1373685.5,1878086.875,1627599.0,1628934.375,1754394.5,1948839.875,1936238.75,1467145.625,1935098.5,1603218.875,1504736.375,1693983.875,1892954.625,1789474.75,1961886.375,1565169.0,1707981.875,1388887.5,1444151.75,1859448.0,1959950.875,1985905.875,1755608.5,1368486.75,1172857.125,1826316.375,1640157.75,1566598.5,1754779.125,1262099.0,1333928.25,1379135.0,1289242.0,1570351.75,1525114.375,1590509.375,1522427.5,1222662.0,1187319.375,1599596.125,1464894.125,1191712.25,1154697.125,1379200.25,1386973.875,1546294.625,1593661.5,1457545.125,1423058.5,1043338.625,1052877.625,1368129.875,1319650.0,1659663.125,1621826.0,1584894.0,1513213.5,1457015.125,1440525.375,1302858.25,1211186.0,1654212.25,1816250.875,1331213.5,1300633.5,1356091.0,1324812.125,1654909.25,1964424.25,1970698.625,1818806.625,2077071.375,2139333.75,1892753.25,2030497.125,1960165.375,2003159.25,1970596.375,2190337.25,1961776.875,1870731.125,2189622.75,2074496.375,1767759.375,1735091.25,2191935.5,2043742.75,2043720.125,2300414.75,1795029.375,1785846.0,1980241.0,1897430.75,1845444.25,1775045.0,2081775.5,2203965.75,1949335.0,2034136.625,2249860.5,2361341.0,1953280.625,2019406.875,1743689.375,1746213.75,1595021.875,1520402.375,2067833.375,2025478.5,1807058.25,1841187.875,1785891.125,1749302.375,1671149.875,1491219.125,1582307.25,1582049.0,1978906.125,1767488.5,1851703.5,1646308.0,1655080.25,1602883.0,1915051.625,1930838.125,1631540.75,1666667.125,1733981.5,1997146.5,1565696.875,1624983.625,1946077.625,2217427.25,1876990.5,2034214.625,1712548.125,1801181.0,1818591.0,1654867.375,2068669.875,2134163.75,1891072.0,1995551.25,1817452.5,1876070.875,2310257.25,2402747.5,1716474.125,1592309.75,1770381.625,1626486.75,1407845.25,1469342.5,1539308.25,1509276.375,1720627.5,1778106.0,2072290.25,2159703.0,1150979.75,1100733.875,1248691.875,1156053.375,1332667.125,1268988.25,1811248.25,1724523.75,1870250.125,1836409.875,1365672.875,1388917.375,1354706.375,1603782.25,1239958.75,1341293.25,2518265.0,2551867.25,1340630.375,1251116.25,1862601.75,2051845.125,1470907.0,1684281.0,1724411.75,1682250.875,2337575.5,2084130.625,2078973.125,2423425.5,2212403.0,2755102.5,2864800.0,2914360.5,1692528.375,2045600.375
68,1896907.5,1804888.0,1745619.625,1520283.375,1557362.75,1400323.5,1867666.375,1673664.0,1748102.75,1790024.125,1836775.5,1955393.125,1765000.375,1794625.75,1619389.5,1613328.125,1740645.25,1759776.625,1591829.125,1525598.125,1479210.625,1450321.0,1622857.0,1550617.125,1811020.125,1663279.625,1505171.0,1495776.75,1820173.0,1696313.625,1529862.5,1518552.875,1563499.375,1383206.875,1405880.875,1369501.875,1563477.125,1500146.875,1526849.625,1680887.25,1647747.875,1734959.5,1384168.375,1257377.25,1187068.0,1134659.875,1291495.0,1448279.875,1275866.125,1241059.0,1447173.875,1371561.75,1870630.0,1631871.125,1623812.75,1758940.75,1943854.5,1942225.25,1459657.5,1934921.125,1602088.625,1503774.25,1691461.75,1894519.625,1791774.75,1960992.25,1565218.0,1706991.375,1396740.625,1453920.25,1859334.125,1965102.0,1985445.25,1754326.625,1372532.125,1172224.375,1822800.625,1640480.75,1569390.625,1753583.5,1264961.0,1330785.5,1381058.125,1287781.875,1576279.0,1518315.75,1586591.75,1523309.75,1226720.375,1184077.625,1602279.25,1461580.25,1191812.875,1152583.125,1382581.75,1382788.875,1552567.625,1589877.25,1461549.5,1418241.875,1047182.5,1048292.5,1370099.0,1315923.0,1662615.375,1622113.125,1586887.5,1513077.75,1458531.5,1438216.625,1302851.5,1204833.125,1651254.0,1816683.375,1332103.125,1303805.375,1358180.875,1327417.375,1653077.75,1967639.5,1966708.875,1818255.625,2075587.0,2143180.5,1890536.75,2035186.875,1961172.375,2009426.125,1970989.0,2192917.75,1957102.625,1873154.875,2189052.0,2075055.875,1773868.0,1733332.0,2186936.5,2044495.5,2039760.875,2302377.75,1786829.0,1785524.875,1979816.25,1895898.375,1843465.25,1775888.625,2091363.125,2216277.75,1953387.125,2038705.875,2252701.5,2361645.75,1957000.125,2020193.625,1736830.875,1750668.375,1593754.875,1518745.375,2061205.625,2032333.75,1801415.625,1843341.375,1782988.0,1751382.125,1665470.0,1493044.25,1579357.375,1581003.625,1978381.75,1770410.75,1853601.25,1647798.75,1653216.625,1604087.125,1912910.75,1928920.875,1631923.5,1664896.0,1732160.0,1996213.625,1566286.0,1629026.0,1942234.625,2217340.25,1876187.25,2032406.25,1709967.0,1798974.125,1819745.625,1658471.25,2069257.0,2134214.0,1888908.5,2004618.875,1814595.125,1875967.125,2309915.5,2401982.5,1722126.875,1593108.5,1775487.375,1623020.5,1413358.25,1468934.875,1542413.25,1508235.625,1726483.375,1784572.5,2075788.625,2164172.25,1148865.125,1101293.125,1248068.125,1156221.5,1330495.875,1269546.125,1809740.75,1725641.375,1869273.25,1831867.75,1364406.375,1383125.875,1351042.75,1597843.375,1240275.25,1338380.5,2521452.75,2554577.5,1339877.0,1247930.875,1858192.875,2049483.0,1467863.625,1674703.375,1726391.75,1675463.125,2339384.5,2081374.75,2081464.75,2422094.5,2215368.5,2754587.25,2869968.0,2917807.25,1689525.625,2037254.625
69,1894702.5,1801961.125,1742801.125,1513549.125,1554827.5,1396769.625,1866829.625,1671206.625,1747943.75,1789718.0,1835225.75,1953001.75,1762840.0,1792381.75,1617238.5,1609623.375,1738418.25,1757521.5,1588572.875,1521130.625,1481174.75,1451681.0,1621073.75,1547396.625,1813304.375,1661161.125,1505006.5,1493823.25,1823723.5,1692416.5,1535955.25,1522743.625,1572272.75,1383646.5,1411712.125,1375704.875,1566066.5,1499625.5,1536702.375,1686834.25,1649055.25,1738089.25,1387380.5,1255990.25,1188429.375,1134396.25,1293007.625,1448354.25,1276686.625,1243618.75,1449324.625,1371507.5,1870182.875,1632806.625,1623103.875,1759559.125,1942383.25,1943194.5,1454812.875,1934423.5,1606839.125,1506893.625,1693307.125,1896037.125,1786829.625,1956912.125,1567639.25,1710039.0,1401935.875,1452719.375,1861167.0,1966898.875,1989414.0,1754236.75,1373565.25,1174466.625,1827795.625,1647108.75,1571141.875,1756284.875,1265042.5,1335113.25,1382333.5,1284459.75,1573391.25,1520860.5,1586504.125,1526450.25,1225497.125,1186821.75,1602185.5,1462067.25,1188527.25,1149455.0,1378844.625,1380817.0,1554402.125,1589237.875,1464412.875,1417168.375,1047015.5625,1047383.5,1370432.25,1315329.125,1659149.375,1616937.375,1584661.375,1512757.25,1459671.375,1437404.875,1303450.875,1203135.5,1650001.5,1816935.375,1326328.875,1298811.0,1354480.25,1330738.875,1651724.0,1967358.0,1966151.375,1818278.375,2073265.75,2143337.0,1892767.875,2037237.0,1966576.5,2011326.625,1970849.5,2196804.25,1955276.625,1873322.375,2192193.0,2077296.25,1774279.0,1728013.875,2189110.5,2047143.5,2044388.75,2305692.75,1787432.125,1788029.375,1975344.5,1891539.625,1846763.25,1777971.75,2086467.125,2207597.5,1950364.125,2030527.125,2251734.0,2362259.25,1952961.875,2017138.375,1736469.5,1752884.0,1596676.25,1521834.5,2060155.25,2033255.875,1799315.0,1845152.5,1785611.375,1751732.125,1666839.375,1495534.875,1577671.375,1581999.25,1980022.625,1772296.625,1858120.625,1650421.75,1654539.75,1603882.75,1912383.625,1930114.375,1632588.75,1668981.875,1733226.0,1997297.875,1570838.0,1632667.25,1945087.125,2222150.25,1873949.25,2032204.25,1712027.25,1801199.375,1818223.5,1659616.75,2073298.875,2136665.0,1891221.5,2008354.25,1813730.875,1872082.0,2311556.5,2404003.0,1719511.0,1591870.25,1774223.875,1622414.75,1410147.375,1467599.25,1539218.375,1503986.5,1726047.25,1783841.5,2076670.0,2164879.75,1148044.25,1103629.25,1247689.5,1157731.75,1328670.75,1269902.25,1810463.75,1726558.0,1871816.25,1836455.0,1363793.125,1383074.0,1353141.75,1602674.0,1241092.75,1337855.875,2522566.5,2556159.75,1342014.5,1248957.625,1861260.625,2050848.75,1467394.125,1675733.25,1728385.625,1674580.5,2345659.75,2088269.5,2082813.625,2424011.5,2217927.75,2756333.75,2874726.25,2922133.75,1690048.125,2040516.125
70,1896942.875,1804869.25,1744724.875,1510174.625,1554051.875,1397060.75,1870989.75,1674990.625,1751323.0,1793611.5,1838051.375,1955439.0,1761893.375,1792786.5,1618322.0,1607634.75,1737464.875,1758313.75,1588889.75,1518228.625,1484640.125,1454011.0,1621730.5,1547071.375,1816195.25,1665371.0,1502337.125,1490662.625,1827897.625,1689958.125,1543284.75,1528588.625,1579693.625,1382937.5,1416726.0,1382274.875,1568967.5,1500778.875,1544165.0,1693253.0,1647371.125,1737845.625,1388865.625,1255990.25,1189305.375,1134127.25,1295882.375,1449002.25,1279339.5,1245457.625,1450116.5,1372221.0,1875236.5,1633649.375,1625056.0,1760728.75,1945988.125,1942625.875,1465783.125,1941854.5,1607613.875,1509501.875,1695998.375,1897680.75,1785261.625,1957127.5,1568656.5,1711938.375,1398442.0,1447275.25,1860670.25,1960577.875,1988657.25,1752488.125,1368945.375,1167275.25,1824092.875,1647681.875,1567854.125,1750021.0,1265230.0,1333439.125,1380931.5,1279479.875,1566168.0,1522521.375,1587628.75,1522208.625,1225647.5,1188420.75,1607426.0,1466230.75,1188012.125,1147248.0,1374907.25,1379619.125,1557417.625,1591138.0,1467779.0,1417988.5,1047530.8125,1050052.75,1371587.625,1317132.0,1655900.125,1613569.25,1584162.875,1512376.375,1458552.5,1439703.5,1306444.75,1206530.5,1650764.625,1818352.375,1323436.5,1297201.125,1353385.375,1332827.75,1645895.75,1963451.5,1965949.125,1817012.75,2068041.125,2132499.0,1902880.0,2046352.25,1977167.5,2016284.75,1970015.625,2203322.0,1959535.125,1878494.0,2193603.25,2081568.5,1771072.25,1720523.875,2195067.0,2049580.0,2051285.25,2312472.5,1792907.125,1794424.875,1965957.125,1882435.625,1849699.625,1778761.5,2075470.125,2197187.75,1947403.625,2025558.125,2243681.75,2356751.75,1941227.375,2008391.25,1739995.5,1753470.875,1598469.5,1523175.625,2064522.625,2032754.5,1804397.625,1848179.25,1786118.5,1750364.75,1669147.125,1496299.5,1579261.75,1584426.5,1973662.75,1771649.375,1856200.0,1651168.75,1657177.375,1603556.875,1908135.875,1925660.25,1631105.125,1670450.125,1734416.875,1997773.375,1567548.875,1626336.375,1946908.125,2223713.25,1870356.0,2029652.875,1713887.25,1800048.75,1816747.375,1660034.375,2072527.875,2135946.25,1892004.625,1996504.5,1816865.0,1870182.25,2308866.0,2403349.5,1711935.375,1588716.0,1771008.375,1622987.75,1407630.75,1467291.5,1538681.5,1501985.75,1721153.75,1780241.75,2076535.125,2165623.0,1147083.25,1105780.875,1246501.5,1159246.375,1329241.5,1270713.25,1812146.25,1729243.125,1875942.75,1842889.75,1365576.75,1387689.375,1360221.5,1611798.0,1242313.25,1339089.375,2519507.0,2553636.75,1344175.0,1252175.375,1868277.625,2057380.0,1469736.0,1681041.75,1729557.125,1680400.75,2349744.5,2095843.5,2085341.875,2429573.0,2220681.25,2764540.5,2876517.5,2921940.25,1691312.375,2051105.375
71,1900650.375,1808075.5,1749875.375,1512277.25,1554977.5,1398886.25,1875133.0,1680465.0,1753727.0,1794088.625,1839235.375,1957487.0,1762034.375,1794749.875,1621503.375,1608969.25,1739857.0,1760958.75,1593636.125,1519793.0,1488220.125,1455936.5,1623425.375,1550301.5,1816705.75,1670791.625,1503669.0,1490303.25,1828855.25,1691995.125,1544306.25,1529285.375,1578090.25,1384653.75,1418144.125,1384780.625,1570921.25,1502661.75,1542243.625,1694369.0,1645905.25,1733489.625,1388228.875,1257327.375,1189700.0,1133392.125,1295015.75,1448699.875,1278824.25,1242349.25,1452692.25,1372561.5,1878405.5,1634823.25,1624886.75,1762333.875,1948325.25,1941936.0,1473596.125,1944526.75,1606735.125,1508594.375,1697902.25,1899555.75,1790270.75,1958744.75,1567595.875,1710045.25,1398449.125,1453131.25,1859695.0,1959227.625,1985558.5,1750513.625,1367916.375,1163544.375,1821241.75,1645296.0,1566359.0,1746390.875,1264537.125,1324831.625,1377272.0,1279287.5,1563141.75,1518688.5,1587334.125,1518852.375,1228083.0,1184766.125,1609555.0,1468162.0,1189120.125,1146230.25,1375712.875,1378587.375,1558849.375,1592847.25,1466768.5,1417403.0,1048527.875,1052399.875,1372322.625,1317327.25,1657713.0,1616330.25,1586914.0,1512069.375,1459198.875,1441802.125,1307536.625,1209318.125,1650064.75,1815561.25,1327397.5,1304614.625,1362407.625,1333052.125,1638475.0,1964252.0,1965553.25,1815962.375,2064230.125,2127865.25,1906779.25,2049853.0,1979570.0,2017641.25,1972074.25,2204676.0,1962867.625,1882748.75,2193893.75,2083122.75,1771384.125,1716495.375,2195851.25,2047154.125,2052585.875,2314561.75,1794577.875,1795331.625,1961281.375,1878947.625,1849246.125,1777747.75,2069851.5,2195624.25,1949322.625,2031115.125,2236327.0,2350341.25,1932555.875,1999817.875,1741368.5,1753085.25,1599508.625,1520778.25,2066650.25,2032623.125,1807540.625,1847909.0,1783494.375,1748228.875,1668866.0,1495463.375,1583292.875,1585033.0,1971684.5,1770594.625,1854040.25,1647744.125,1657872.0,1603687.5,1900765.375,1915224.5,1628147.625,1663938.5,1733270.375,1996226.0,1556229.125,1617070.625,1940693.0,2215752.75,1869943.75,2024214.875,1711474.0,1795270.75,1816671.625,1659028.75,2069709.0,2132550.75,1890331.5,1992470.75,1815552.75,1872678.625,2303410.25,2398014.25,1711393.0,1587481.75,1771873.125,1625051.125,1412476.125,1470042.625,1541773.625,1505835.25,1719414.75,1778953.5,2077856.5,2166196.75,1150733.875,1105490.125,1247526.875,1158239.625,1330913.375,1271588.125,1811120.875,1727638.375,1876967.875,1840503.25,1368264.125,1388615.625,1360652.25,1609574.375,1243729.125,1340498.625,2518669.5,2552552.0,1343956.375,1252582.0,1866153.125,2057087.25,1470358.875,1680906.375,1727798.0,1680513.375,2343892.25,2086937.0,2084494.25,2426814.5,2216908.75,2761962.0,2872673.5,2917762.0,1690806.375,2047812.125
72,1903105.375,1808031.0,1753124.625,1512737.625,1561114.125,1398456.875,1873541.75,1678223.25,1752942.5,1789724.375,1836486.75,1954588.25,1765319.875,1795465.5,1621895.5,1608622.25,1742662.75,1759178.0,1598545.125,1521425.0,1488355.75,1455187.5,1623726.125,1549464.125,1816405.375,1666504.375,1508584.125,1494313.625,1827249.0,1694045.625,1540172.5,1524771.5,1574428.5,1386982.125,1419877.0,1384463.375,1573117.25,1502996.875,1536645.625,1692306.125,1647034.75,1731668.25,1391023.25,1258953.0,1189442.5,1132838.5,1292935.25,1450036.125,1277161.25,1240262.0,1458891.625,1373646.625,1877198.5,1632859.875,1623970.625,1760155.375,1946007.875,1940633.875,1462951.25,1934936.125,1607526.5,1506420.125,1697725.75,1899262.875,1790830.125,1956788.875,1565509.25,1707010.375,1397390.5,1457143.125,1860814.75,1965660.125,1987511.875,1753374.25,1373450.375,1174480.75,1834676.375,1645476.125,1571548.5,1757950.5,1263068.375,1321889.0,1375371.375,1282930.5,1566506.25,1518012.875,1588234.625,1523699.875,1229227.625,1183252.125,1603057.625,1466951.25,1188590.375,1145954.75,1377320.25,1378026.75,1553666.25,1593559.25,1460405.375,1417017.875,1047275.375,1051939.375,1369938.125,1316154.75,1660642.25,1620299.5,1587289.375,1512395.0,1460734.125,1440070.75,1302515.125,1207612.0,1648287.5,1811211.75,1327680.5,1305928.875,1367230.375,1330501.625,1641740.25,1968446.0,1968272.0,1818084.25,2067011.5,2137391.75,1897101.0,2039367.0,1968255.0,2009363.125,1974558.875,2199135.75,1960258.25,1879220.0,2195298.0,2079239.625,1773115.5,1717150.625,2190317.75,2041081.625,2049008.375,2307475.75,1790916.75,1789007.0,1963056.75,1885111.25,1846767.5,1776221.75,2065612.0,2190131.5,1948277.25,2032411.0,2235037.5,2350063.5,1931133.0,1996224.0,1739890.875,1751052.125,1598519.375,1518508.5,2062534.25,2029623.125,1804120.25,1844163.5,1784322.125,1747424.75,1671116.375,1493918.75,1585997.0,1583710.5,1984474.625,1772442.875,1857029.0,1644118.25,1655358.0,1603155.0,1897607.25,1911704.75,1629091.375,1663568.75,1732656.5,1995550.375,1550396.0,1615292.25,1937286.875,2211736.5,1872618.875,2023728.0,1709336.125,1794813.5,1818235.75,1659225.0,2071705.75,2133860.75,1889996.625,2006161.5,1811648.5,1875258.0,2303717.25,2397405.0,1717657.625,1589987.125,1774310.625,1628534.5,1417376.75,1473957.25,1540790.75,1510667.875,1720493.0,1778878.625,2076946.875,2163322.5,1156152.375,1105456.25,1250987.0,1157928.0,1332893.875,1271525.125,1809373.75,1722218.875,1873277.0,1833011.0,1367768.375,1386872.375,1354765.375,1600008.875,1243555.0,1340769.375,2520049.0,2553463.75,1342810.875,1251114.75,1857438.125,2049357.625,1468281.375,1680025.875,1723725.625,1675473.75,2335013.0,2075783.625,2076746.875,2417729.75,2206925.5,2747318.75,2862773.0,2913703.5,1689490.875,2037822.375
73,1904779.5,1808591.875,1753513.5,1511792.875,1566712.875,1397523.375,1870804.375,1673814.625,1753558.25,1789658.375,1837251.75,1953248.875,1769335.5,1794286.75,1620357.0,1606630.0,1741824.875,1754995.375,1599318.75,1521025.875,1486126.125,1453893.625,1623420.875,1547289.125,1817374.25,1660188.375,1509392.625,1497338.5,1824919.625,1692678.875,1539121.125,1523390.25,1575500.625,1384835.125,1421679.5,1384982.25,1575026.5,1502495.375,1535682.875,1692217.0,1647665.625,1733850.75,1395804.125,1259942.125,1188412.125,1132793.375,1292844.375,1450296.125,1278690.75,1243845.125,1461374.125,1375629.0,1876355.25,1629956.125,1625698.125,1757147.5,1944108.125,1940393.875,1452548.625,1929108.75,1606285.875,1506824.375,1696129.75,1897132.0,1786191.875,1956769.375,1565399.5,1708037.0,1392055.625,1448693.25,1861514.625,1966902.625,1993006.25,1759345.25,1374698.375,1180518.75,1846656.375,1650255.375,1575924.375,1767399.625,1264070.5,1327929.625,1377613.875,1282261.125,1568374.5,1523810.75,1591516.25,1528705.5,1228229.625,1189145.875,1601131.5,1467281.875,1188867.75,1147153.75,1377929.875,1378320.25,1549783.5,1593960.0,1459468.5,1418561.0,1045988.125,1050659.0,1367551.0,1316242.625,1659820.875,1620656.0,1584037.875,1513218.625,1457777.5,1437121.5,1298541.5,1203824.5,1648786.875,1814657.875,1321975.375,1296283.125,1356736.875,1327400.5,1650541.25,1966870.25,1971680.375,1820462.25,2072057.25,2142962.5,1891502.625,2033077.75,1963759.75,2005125.0,1973191.875,2196653.75,1957277.75,1874017.625,2195310.5,2077683.5,1771478.25,1718935.5,2188267.25,2040382.25,2046544.25,2302934.75,1790051.5,1787750.0,1964489.75,1889965.625,1846426.875,1776699.625,2063076.0,2184020.25,1943745.125,2025218.5,2236997.0,2353056.75,1932435.875,1997695.5,1739200.625,1749785.875,1596034.5,1519873.125,2058911.5,2026510.25,1801240.375,1842688.75,1787479.75,1749087.875,1676638.875,1493425.5,1586395.5,1583706.125,1993399.375,1775329.875,1857108.25,1645760.0,1654378.875,1602196.5,1900371.0,1918237.5,1632005.125,1672127.25,1734609.375,1995605.125,1556814.125,1619154.125,1944516.5,2218982.25,1873107.0,2028214.625,1711812.75,1798225.0,1818652.75,1661649.0,2073774.75,2136651.75,1893157.25,2010930.75,1812510.25,1873743.875,2306918.0,2402873.75,1718268.625,1591917.75,1773000.625,1628668.125,1412920.125,1473162.75,1538087.125,1511187.0,1719587.75,1777918.25,2073830.5,2161447.25,1153017.0,1105952.5,1251247.125,1159973.625,1332441.75,1270329.75,1810140.125,1723257.125,1869608.5,1833133.0,1365061.25,1387827.25,1353145.75,1599792.0,1241817.5,1339584.5,2519056.5,2552942.75,1342611.125,1250548.5,1854626.75,2044742.75,1467659.75,1680755.125,1722076.625,1677839.75,2334299.5,2079018.875,2070853.625,2415806.5,2201598.25,2744012.0,2857983.25,2913319.75,1688523.5,2041060.25
74,1903964.5,1810072.0,1753216.125,1513329.5,1565971.75,1398168.5,1875131.375,1674560.375,1755764.75,1794676.25,1842453.875,1956352.5,1769872.5,1794845.875,1622792.0,1607687.5,1741048.375,1755206.625,1598055.0,1520386.0,1487879.125,1453871.0,1626224.0,1547493.75,1820956.0,1660348.0,1507166.875,1497114.625,1825437.625,1692045.5,1543688.375,1524897.375,1578805.25,1380437.5,1419203.125,1385766.875,1574243.125,1502593.625,1539107.5,1695032.5,1647515.5,1735155.0,1393212.625,1259386.75,1187175.375,1131631.25,1294155.125,1450060.75,1279559.75,1246335.0,1455572.375,1375545.375,1880057.125,1628685.625,1629372.75,1757475.0,1947362.375,1940171.125,1461546.875,1936345.25,1604668.125,1508324.75,1696745.5,1896330.625,1785292.5,1960090.375,1568244.125,1711516.0,1389098.25,1439346.5,1859192.875,1959838.375,1992020.25,1758273.25,1368496.0,1170285.25,1832715.75,1649171.625,1570021.375,1758097.125,1263646.125,1334485.625,1378467.875,1278121.625,1564925.375,1530002.25,1591975.875,1525475.5,1224470.25,1195056.875,1606315.875,1470682.25,1189077.75,1150140.5,1376015.375,1380690.75,1550328.125,1596093.5,1463791.625,1421798.5,1044282.25,1051455.5,1367322.625,1317395.5,1657057.0,1619914.375,1581538.25,1514000.5,1453991.375,1438345.375,1298929.25,1203009.625,1650479.25,1818801.75,1321014.5,1292528.625,1346989.25,1327610.875,1649266.25,1961228.875,1972070.0,1818766.25,2072157.125,2136216.5,1900613.375,2037828.125,1973013.0,2009753.375,1971421.625,2199650.5,1959279.125,1873037.625,2193797.5,2081070.375,1769903.875,1721964.875,2194719.5,2045364.125,2050139.375,2307456.25,1796293.375,1793150.375,1966048.0,1888062.0,1849492.875,1778017.0,2067878.0,2188976.5,1944096.0,2022500.625,2240284.25,2354602.0,1935673.5,2002366.5,1741969.875,1749179.0,1597617.625,1522315.75,2063398.75,2025541.25,1804847.75,1843112.125,1785776.0,1749710.375,1677437.625,1493388.75,1585564.0,1583742.875,1982994.25,1771651.875,1853508.625,1648339.625,1657903.0,1601258.0,1905022.0,1924289.0,1631519.5,1672561.75,1736708.75,1996439.125,1567122.625,1623635.875,1950598.5,2224505.25,1872548.0,2031223.625,1713970.75,1800039.25,1816057.625,1660067.375,2070053.625,2134019.75,1897401.25,1997068.5,1816297.75,1871415.0,2306134.5,2404003.25,1713320.375,1592766.875,1769196.625,1626289.5,1405716.0,1470593.875,1538241.625,1509224.375,1719183.0,1777939.125,2074820.5,2164423.0,1146239.625,1103230.25,1248247.125,1159758.375,1329888.125,1266909.5,1811240.375,1727386.25,1870078.875,1838903.625,1364490.75,1389859.75,1355122.875,1606957.125,1241229.0,1339946.0,2517404.25,2551997.25,1343186.875,1251151.0,1859481.375,2048261.5,1468895.625,1678307.125,1724921.0,1683505.625,2340299.75,2085865.125,2075948.375,2422502.5,2207545.75,2756149.75,2865336.0,2916832.75,1688381.5,2049839.125
75,1899030.125,1806448.0,1750959.125,1512406.125,1559769.25,1398161.875,1879273.375,1677064.75,1754933.625,1796425.375,1841604.875,1955360.875,1765611.25,1794107.375,1624364.25,1608275.625,1742392.875,1756370.5,1595395.375,1518650.0,1489856.375,1451561.125,1627309.25,1545070.75,1820812.75,1662412.625,1506223.125,1494897.75,1827451.5,1692826.375,1546459.0,1521571.375,1577301.75,1377776.25,1415149.625,1384638.75,1571028.75,1502734.125,1540849.625,1693504.5,1646464.375,1732415.5,1386951.125,1257490.625,1187497.0,1130170.5,1295263.375,1451283.25,1277126.625,1244163.875,1451364.875,1373797.5,1881297.75,1627551.0,1629124.625,1759435.75,1949494.75,1938864.625,1476218.375,1945783.875,1606351.125,1507453.75,1697982.125,1895817.875,1788825.625,1960010.875,1569695.375,1711810.75,1394197.875,1444320.0,1858003.125,1957599.25,1986486.125,1752897.625,1367734.375,1164839.125,1815829.625,1646383.375,1565617.0,1752033.125,1261910.75,1334112.625,1377065.5,1280696.875,1563437.875,1530543.125,1589420.875,1523287.25,1223093.625,1193321.875,1605384.375,1471614.75,1186860.5,1151614.25,1373945.125,1383515.625,1551013.375,1597948.625,1465193.625,1423454.5,1044757.3125,1053776.125,1368386.0,1318062.25,1658070.0,1621170.875,1582766.0,1514002.875,1455996.25,1442235.25,1300757.25,1205076.5,1650775.25,1816893.5,1329767.375,1300931.625,1355122.625,1330610.125,1644012.25,1963719.375,1972148.5,1817897.75,2070433.125,2134109.75,1908880.875,2041212.625,1978052.25,2012183.875,1971129.5,2199892.25,1961339.625,1875138.5,2191212.0,2080922.625,1772363.625,1724213.125,2198018.25,2044151.0,2053197.375,2309063.25,1797894.125,1791943.0,1967809.0,1883959.125,1849529.75,1775918.125,2074364.0,2195894.75,1948540.125,2028187.875,2243479.25,2354785.5,1937751.875,2004114.75,1742437.625,1747494.625,1599931.625,1521006.375,2066386.625,2023972.375,1808103.375,1843443.125,1781473.875,1749452.75,1670942.625,1492433.875,1583139.75,1582368.5,1975542.75,1767278.0,1854620.0,1646935.75,1660767.0,1601435.25,1905119.625,1920995.375,1629201.5,1664981.625,1735345.25,1996860.875,1569724.875,1623962.125,1945396.375,2217624.25,1871678.75,2027555.875,1711300.375,1797662.5,1815741.0,1655977.875,2068663.75,2131991.0,1896642.25,1993902.75,1819032.375,1873744.25,2305301.75,2401334.75,1712678.75,1594031.25,1769014.875,1626133.25,1406632.75,1470453.25,1539236.5,1507929.625,1722782.875,1780003.125,2078473.125,2165343.25,1147948.75,1100579.25,1247591.625,1157978.25,1329969.125,1264007.25,1810918.0,1726309.75,1872967.875,1838550.5,1365188.875,1388919.125,1354554.0,1606937.125,1242709.75,1341443.625,2518652.5,2552544.5,1343526.75,1251429.0,1864485.75,2052726.5,1468997.0,1675706.0,1727897.0,1681114.0,2344947.75,2084787.875,2084774.75,2426981.75,2216746.75,2762456.25,2874837.75,2920423.5,1689170.75,2047511.625
76,1895132.875,1800928.25,1747353.0,1507857.5,1553303.625,1396297.625,1874945.25,1676189.75,1753177.25,1793860.5,1837093.875,1952381.0,1762559.625,1790514.5,1619237.0,1605084.875,1742495.125,1755007.75,1591302.875,1515795.0,1486476.5,1447277.125,1622620.625,1541018.875,1814259.375,1663251.625,1505530.5,1492011.75,1828015.125,1692861.625,1544362.125,1517583.25,1573712.5,1378822.5,1416425.875,1383246.5,1570007.625,1501879.375,1540213.375,1686651.125,1644957.375,1731418.875,1389151.5,1256837.25,1189638.25,1131396.0,1295110.375,1451218.375,1276991.625,1243539.125,1455979.625,1374315.0,1876333.375,1629104.375,1624871.125,1760912.0,1946212.25,1940154.875,1476190.0,1948451.75,1608317.25,1507094.5,1696634.25,1895732.75,1791394.75,1957717.0,1568552.5,1710844.25,1401021.75,1454124.875,1860903.5,1963281.0,1986409.875,1753055.25,1374337.75,1172195.125,1824312.5,1647641.25,1572391.375,1760467.5,1265138.25,1329173.75,1379177.0,1285057.75,1567222.25,1524433.5,1589622.0,1526557.625,1228502.0,1187363.0,1601873.625,1468194.75,1187545.375,1148216.0,1377788.25,1383120.625,1555062.375,1595392.625,1465879.875,1420768.5,1050260.75,1053561.125,1370464.625,1316956.125,1660946.75,1621196.625,1585987.75,1512635.5,1459897.25,1441572.5,1300075.25,1205622.875,1648562.5,1814847.5,1332650.0,1303921.5,1364429.75,1330626.0,1646375.5,1967458.25,1972204.75,1820825.25,2071402.375,2139803.5,1906052.0,2041589.125,1974077.875,2010840.25,1972331.125,2197693.25,1960677.75,1877816.375,2190609.5,2078114.5,1775582.125,1721629.375,2192714.25,2038207.875,2050525.625,2304899.5,1791029.125,1784773.375,1968389.125,1882869.0,1846953.0,1774048.375,2075345.875,2193417.0,1951093.75,2032272.125,2243777.75,2355186.0,1936888.875,2002038.25,1738292.625,1748845.25,1598031.375,1519137.375,2062309.625,2026283.875,1805404.75,1846035.875,1782780.375,1751222.875,1666986.625,1492210.0,1580263.0,1582149.5,1982385.375,1769495.375,1858605.5,1646160.875,1658345.5,1603602.625,1902531.75,1915485.75,1630462.25,1665991.0,1733213.875,1996954.5,1566547.0,1619912.5,1942047.375,2215646.25,1870842.5,2023476.75,1709862.875,1795426.5,1817870.25,1656443.0,2072359.375,2133795.25,1892415.75,2006278.25,1818958.375,1876363.125,2306609.5,2401639.75,1715285.625,1593303.875,1773165.0,1626590.625,1409998.25,1469276.75,1539270.0,1507018.875,1724784.375,1780889.5,2078683.375,2162460.75,1153280.375,1101850.0,1248993.125,1158852.5,1331952.375,1267314.5,1810877.5,1724614.125,1874713.125,1835883.25,1364680.5,1386255.75,1354298.5,1603609.75,1243340.5,1340309.0,2522486.5,2555791.0,1343215.875,1250290.875,1864559.875,2049817.125,1467740.875,1678110.375,1727354.625,1676660.75,2343907.75,2081307.25,2085331.375,2425609.75,2218295.5,2756577.0,2876181.75,2921473.75,1690340.75,2040621.5
77,1897359.5,1803711.0,1745544.75,1507422.25,1551083.0,1395890.0,1870307.375,1679128.0,1753263.125,1792623.875,1835777.5,1954785.0,1763473.75,1789991.125,1614344.375,1604705.5,1740606.75,1757310.125,1589185.625,1516824.0,1482638.75,1447043.5,1618182.25,1543520.75,1810377.625,1668268.25,1504412.25,1489234.375,1828630.125,1693503.875,1540917.875,1519812.875,1572564.25,1383872.125,1418530.75,1381816.0,1571533.125,1501216.875,1539899.625,1683606.25,1645777.875,1735005.0,1395411.125,1257309.875,1191252.625,1134991.5,1293150.0,1446574.0,1280088.875,1245129.75,1460887.5,1375592.0,1873591.25,1636441.625,1622780.125,1763535.625,1944124.5,1947267.875,1465874.5,1946325.375,1608303.375,1508998.875,1695131.75,1899882.125,1792906.5,1959032.375,1567589.0,1710396.125,1396050.0,1448784.875,1862947.125,1967133.625,1987790.125,1755955.625,1377593.5,1174867.875,1833741.125,1639579.125,1576811.875,1758675.0,1270059.25,1324734.625,1381910.5,1279321.5,1573827.625,1516499.75,1589902.875,1523864.5,1233809.125,1183642.625,1608693.375,1463696.375,1192101.75,1143766.75,1382384.625,1378072.25,1563002.5,1589946.625,1468307.375,1417365.125,1053963.125,1048346.3125,1372438.125,1314211.25,1661034.25,1618462.75,1589432.375,1510784.5,1459497.125,1435969.125,1297734.75,1201814.75,1645641.375,1814191.75,1322563.125,1295272.25,1357246.25,1327069.375,1648151.5,1960980.5,1969333.5,1821648.0,2071918.875,2140861.25,1901836.5,2044907.875,1971414.625,2011599.375,1975189.875,2201198.0,1960761.125,1881414.625,2194924.5,2079161.5,1777630.625,1717907.0,2187854.25,2039031.375,2047918.375,2306847.5,1787175.0,1785733.125,1969194.375,1885251.25,1848739.625,1778287.125,2075951.25,2192306.5,1952764.875,2032292.625,2242390.5,2356266.25,1937240.0,2002028.5,1735768.875,1756571.625,1596336.5,1521158.375,2060177.0,2037707.625,1803342.625,1851998.625,1785338.75,1752480.75,1669905.875,1494537.375,1580299.875,1583884.5,1980422.75,1771985.875,1857437.375,1649946.625,1654478.625,1606427.25,1903661.625,1918120.125,1634481.75,1671885.125,1734298.25,1999958.375,1565609.125,1619613.75,1948208.375,2227624.0,1873859.0,2028182.0,1713193.125,1798811.25,1816629.625,1659354.875,2070937.0,2133023.75,1889680.625,2007525.125,1815861.0,1873815.125,2305646.0,2402207.75,1719241.875,1592170.125,1778567.875,1623386.75,1409958.375,1467568.75,1539728.375,1504647.125,1724831.375,1783170.75,2078806.625,2163075.5,1151431.5,1103205.25,1247405.125,1159976.0,1331188.625,1271226.0,1810922.625,1725292.25,1874844.5,1837063.0,1364588.375,1384792.125,1357071.625,1604342.0,1242210.875,1338481.375,2524064.75,2558153.0,1343458.0,1248888.375,1860128.375,2045179.5,1466762.5,1679188.25,1725892.875,1677033.875,2340355.0,2079579.0,2080248.0,2421824.5,2213370.75,2752218.5,2872989.0,2920770.0,1690710.875,2038340.75
78,1899860.0,1808678.25,1742690.25,1507880.125,1547572.625,1395721.75,1869287.75,1685103.375,1751795.5,1792070.625,1830586.875,1953723.875,1760523.375,1789733.0,1613564.625,1608226.125,1736713.5,1761432.5,1589549.75,1522531.75,1480722.125,1450709.375,1614477.0,1548074.25,1811999.375,1673624.375,1503475.375,1487857.75,1826942.125,1693308.375,1536379.625,1521640.0,1567908.5,1385527.5,1414507.25,1379535.125,1571055.125,1503088.25,1538475.25,1685014.375,1647110.0,1735947.375,1395093.375,1256773.0,1191590.625,1137883.625,1290715.625,1439996.125,1280632.25,1243961.625,1459804.125,1374637.875,1873443.75,1642421.625,1623472.0,1767458.0,1944311.125,1953791.0,1455087.125,1940418.625,1607598.25,1509586.125,1694550.375,1904062.25,1795027.25,1962014.625,1567018.375,1708947.5,1391059.625,1444356.25,1863512.375,1970056.125,1987974.75,1758959.625,1378919.75,1173725.25,1828135.375,1635391.625,1575847.5,1751858.0,1271038.0,1323411.25,1380410.5,1274621.875,1579608.0,1514382.875,1587083.125,1521339.25,1233842.75,1185166.25,1616435.5,1460163.125,1192687.0,1144238.375,1381037.875,1373901.25,1567064.875,1588132.125,1468578.625,1416971.875,1052438.375,1043437.4375,1374320.125,1313122.125,1662087.375,1618450.875,1592383.125,1510642.25,1458573.25,1434295.875,1302633.0,1198409.125,1646863.5,1815723.75,1320396.375,1292897.625,1353745.5,1328021.25,1645382.25,1958747.125,1969759.625,1822130.75,2071148.5,2143610.75,1900885.75,2047792.375,1970918.625,2012040.875,1975536.875,2207024.25,1959896.875,1885848.5,2197710.5,2079611.25,1779010.875,1716665.625,2184394.0,2040574.875,2045677.125,2312130.5,1784632.875,1791951.0,1966546.625,1885497.0,1850210.0,1782482.5,2079217.875,2201188.5,1954958.25,2035379.5,2243773.75,2358379.25,1936581.625,2002408.5,1734948.75,1763312.5,1596729.5,1523854.0,2059079.0,2047216.375,1803288.375,1856555.25,1783890.5,1753371.75,1670613.5,1497923.0,1583225.5,1586940.5,1973481.5,1774508.75,1852944.125,1654254.375,1654452.25,1608149.375,1903131.25,1920786.5,1634367.0,1668776.625,1734262.125,2001450.125,1564706.375,1624506.25,1948411.875,2228316.25,1876446.25,2032367.5,1713941.125,1801460.375,1816477.625,1661192.625,2068143.25,2132495.0,1889315.25,2002099.625,1815008.375,1872559.0,2304990.25,2402092.0,1727257.625,1593672.75,1783009.375,1620061.125,1413515.875,1469354.125,1542921.75,1502151.375,1729685.75,1788195.125,2081349.375,2165407.5,1146942.375,1103146.0,1244588.5,1158681.5,1328461.875,1268152.625,1810602.5,1726124.75,1874938.25,1836196.75,1366090.25,1384334.625,1357419.375,1599922.875,1242365.5,1339625.25,2522265.75,2556125.25,1344788.375,1248528.0,1856003.75,2045601.75,1467318.375,1676262.125,1726819.75,1678032.5,2341301.5,2078178.875,2079242.125,2418116.5,2209875.25,2754207.0,2873292.25,2921420.5,1690562.0,2036502.75
79,1897529.5,1805815.0,1737184.5,1501872.875,1542708.25,1393018.75,1867715.375,1683972.25,1750525.75,1790728.75,1825088.0,1947364.5,1755684.625,1786960.5,1612858.0,1608296.25,1732588.125,1758780.25,1590098.5,1525434.375,1478785.0,1452539.0,1609231.375,1545365.75,1813507.25,1668268.125,1502711.125,1490371.375,1823690.625,1691977.25,1533457.625,1519484.25,1563022.0,1380857.75,1411744.125,1381982.125,1568922.75,1505224.625,1536053.625,1685753.0,1646315.25,1734528.125,1391294.125,1257002.25,1191160.25,1137618.25,1291199.625,1440541.375,1278860.125,1242131.5,1456790.125,1374424.0,1873093.75,1641468.125,1625627.75,1769898.0,1944922.375,1954156.125,1447293.0,1934825.5,1606339.75,1509318.5,1694365.0,1902333.125,1795431.875,1963632.75,1567971.625,1710165.625,1398876.375,1453400.5,1866659.5,1974182.75,1993077.125,1762046.375,1380960.125,1178360.5,1828699.625,1647984.375,1578838.0,1759626.375,1269730.0,1326609.625,1378635.25,1280824.5,1577660.625,1518679.125,1587974.5,1527124.75,1232848.125,1189644.0,1612529.25,1459721.0,1189962.75,1146641.375,1379592.125,1376224.375,1564590.25,1590987.75,1467259.75,1416034.0,1051384.0,1045424.75,1376107.875,1314951.75,1663589.125,1620568.625,1591505.5,1512694.625,1460370.625,1439169.5,1310548.875,1201970.125,1650165.625,1820810.75,1328388.5,1298840.75,1362196.5,1333096.125,1649854.75,1966049.375,1975735.75,1824654.75,2071154.25,2150042.5,1895913.25,2045832.0,1968318.375,2006954.875,1972486.0,2206427.25,1958198.125,1887003.125,2193233.25,2078126.625,1777103.375,1715757.625,2180682.75,2035740.875,2042333.875,2310966.25,1780410.0,1791775.0,1962034.875,1881951.25,1847183.25,1781095.125,2074338.875,2201593.5,1953688.125,2036749.875,2246353.75,2359806.25,1934185.5,2001470.875,1735688.25,1763241.875,1598250.625,1524977.0,2057658.625,2045547.375,1803425.25,1856564.25,1785545.25,1757045.875,1668269.5,1497793.75,1583817.75,1588896.625,1980157.5,1777760.5,1851537.625,1653707.375,1655592.25,1607100.375,1899613.375,1918383.0,1631409.5,1665138.375,1731146.875,1997302.875,1565430.125,1627440.125,1944076.375,2219347.0,1874006.375,2029762.0,1711157.5,1798796.625,1817959.25,1659756.625,2072010.375,2135926.75,1890700.75,2007447.125,1819060.625,1875225.625,2308197.0,2404972.25,1730831.125,1595221.125,1781892.25,1621417.375,1418603.375,1471028.125,1545278.75,1501442.25,1735781.875,1790588.125,2081048.625,2163417.0,1147659.0,1103459.5,1244845.625,1157132.0,1327401.25,1265782.75,1810752.0,1727765.625,1874899.875,1835189.125,1366674.875,1383774.0,1354467.625,1594587.875,1243164.125,1340903.375,2521882.25,2553994.75,1343527.5,1248387.375,1855949.375,2044562.875,1469143.75,1678737.0,1728446.875,1679637.25,2343633.75,2080859.5,2080532.375,2418310.5,2210095.5,2754029.25,2871427.0,2920703.0,1691462.375,2036721.625
80,1895864.625,1803573.625,1734773.0,1498839.875,1543018.0,1392181.5,1873231.25,1687270.125,1756665.125,1795923.0,1830554.75,1949053.0,1756436.25,1787640.125,1612779.0,1605478.75,1732908.125,1754920.5,1588840.125,1522304.625,1477967.25,1452367.875,1608863.75,1543330.25,1813825.125,1662986.5,1502035.875,1493822.875,1824585.375,1693393.25,1536009.125,1520239.25,1565863.25,1378813.125,1413378.625,1388860.125,1567153.0,1503942.25,1535789.625,1686962.25,1645775.875,1735635.875,1389607.625,1259151.5,1189879.875,1135157.875,1295046.875,1447934.625,1278775.125,1242912.125,1452685.875,1376737.625,1879525.375,1641447.25,1630842.5,1772688.5,1952001.125,1955879.75,1458852.0,1944017.75,1606021.625,1509842.875,1696362.375,1900308.75,1797077.625,1966369.0,1575509.875,1718703.0,1401349.0,1453024.625,1868484.5,1971376.0,1995306.0,1759121.375,1377432.5,1177033.25,1827741.875,1651371.125,1578454.375,1761136.5,1267923.25,1329532.5,1378352.625,1284702.25,1569223.875,1519849.625,1591608.0,1526571.875,1232569.5,1190799.875,1605841.625,1461304.75,1190136.125,1146402.25,1380478.25,1379665.375,1560307.5,1591020.5,1466446.875,1412007.125,1052019.125,1049621.375,1375435.0,1315773.75,1660008.875,1618152.5,1587144.0,1513671.5,1459456.625,1441863.0,1310417.0,1207732.75,1650052.25,1824038.875,1327262.25,1298705.625,1361160.125,1332621.25,1653787.375,1967080.25,1975793.25,1822693.0,2070194.375,2144134.0,1892782.75,2047152.75,1969649.875,2003078.625,1969497.375,2204939.25,1962644.375,1887433.375,2186797.25,2081981.875,1771320.375,1714709.625,2183228.0,2035624.875,2042470.625,2310713.75,1783827.125,1790428.75,1963621.625,1879581.5,1846751.5,1779711.625,2063841.375,2189470.75,1952151.0,2032540.5,2244638.5,2357921.0,1936947.5,2004575.25,1742400.375,1763813.375,1601491.0,1525725.75,2062774.375,2042526.25,1810887.375,1859749.625,1787453.625,1758836.875,1667721.5,1493668.0,1579944.75,1586100.625,1982693.125,1775437.625,1850778.75,1649622.375,1653870.5,1604544.625,1902967.75,1920343.75,1629652.0,1668408.75,1729896.25,1992381.375,1575031.875,1629017.75,1947909.25,2221903.0,1871629.625,2028736.25,1711316.25,1796764.125,1811892.125,1652998.125,2071337.75,2134259.5,1885994.0,2006283.375,1820529.0,1874006.0,2308126.5,2405263.5,1720971.75,1593053.5,1774352.5,1621388.625,1412693.5,1465562.125,1542000.875,1500028.125,1732545.125,1789959.375,2077941.125,2160577.25,1147723.625,1102408.375,1244550.875,1155791.625,1326570.25,1267983.25,1810423.375,1728985.875,1874423.625,1838867.25,1365375.625,1383895.75,1354753.0,1601256.125,1242484.5,1339232.25,2522219.5,2553538.5,1339347.125,1248022.5,1859770.0,2043536.625,1471120.125,1683386.0,1729426.625,1684009.25,2342301.25,2087537.5,2080906.375,2422961.75,2213241.75,2753246.5,2865835.75,2915189.0,1693284.375,2043461.375
81,1897812.375,1807593.375,1738483.0,1505769.125,1545268.5,1395077.75,1886701.25,1698959.375,1765276.25,1804829.375,1838045.375,1955274.125,1758575.125,1790747.125,1614966.125,1605257.25,1737896.625,1757523.75,1586989.5,1519012.0,1479230.125,1452767.5,1616346.0,1548380.625,1815977.0,1670225.0,1501244.75,1492747.0,1826189.0,1694958.25,1537800.5,1522887.25,1567699.0,1382237.75,1412007.875,1388481.375,1565466.125,1501130.75,1535844.375,1687998.25,1647014.125,1735556.75,1388197.875,1260062.875,1188535.375,1133931.125,1296047.75,1450638.25,1278410.375,1242484.125,1449103.125,1378416.5,1889050.875,1645334.875,1635696.875,1775551.25,1961412.125,1959389.125,1484888.625,1960435.125,1608002.875,1509070.875,1698703.25,1901193.0,1802908.125,1969054.375,1585029.375,1728065.375,1394793.625,1445340.0,1866060.75,1965908.75,1989531.625,1753360.125,1373629.5,1170063.5,1815434.25,1640993.0,1571482.375,1751278.625,1266247.625,1327718.625,1377113.75,1281460.125,1566551.75,1515837.5,1589870.625,1520550.625,1229858.875,1187906.75,1603422.375,1460720.375,1190818.125,1146008.125,1379745.875,1378861.25,1557179.375,1588174.375,1463654.375,1411760.375,1050484.375,1048842.0,1372186.25,1314141.625,1656229.375,1614253.375,1584750.0,1511281.125,1455820.25,1439799.625,1305154.125,1208186.125,1648702.0,1820316.5,1324117.375,1298284.625,1355887.75,1328733.25,1644461.0,1963556.875,1970534.75,1817907.25,2070024.0,2133183.25,1898159.0,2051769.5,1973898.875,2005959.0,1968085.5,2207042.25,1968397.0,1890703.0,2184558.5,2085084.25,1767770.125,1715688.0,2189018.75,2040791.0,2044884.75,2314410.0,1789523.5,1791461.625,1968319.25,1881257.5,1848639.0,1780312.5,2065533.875,2188394.5,1955439.0,2032726.875,2241198.75,2355451.0,1941415.625,2008025.375,1749720.125,1766710.875,1602577.0,1525366.25,2069121.625,2043395.625,1819940.375,1866798.5,1783429.0,1755387.25,1665405.75,1491533.75,1577507.875,1581843.0,1974167.125,1771823.125,1849467.375,1648430.875,1652697.75,1604959.75,1909103.125,1923749.625,1627355.625,1666728.25,1730802.0,1990363.125,1581623.375,1630915.75,1949943.125,2222683.75,1872498.75,2029119.375,1712539.875,1796941.625,1805037.875,1647488.375,2064125.625,2127912.0,1876439.5,1994058.625,1816046.5,1870738.5,2303680.0,2400148.75,1709707.625,1588758.125,1768679.125,1618311.5,1403520.75,1459419.25,1537582.125,1498279.875,1722095.25,1785691.5,2075894.0,2159886.75,1143851.375,1099642.75,1242761.5,1154391.375,1324649.75,1267574.5,1809047.0,1726679.125,1874385.625,1839373.0,1364484.25,1384343.25,1356502.0,1607137.875,1242008.25,1336937.875,2520301.25,2553438.25,1339052.375,1247836.125,1863070.875,2049771.0,1471330.375,1679749.125,1730299.0,1684846.875,2342235.25,2088146.25,2083778.125,2425725.75,2217165.25,2758514.75,2869081.0,2914051.25,1693689.25,2046692.875
82,1900463.375,1811017.875,1745656.875,1513159.125,1549012.875,1397004.125,1890074.75,1698094.25,1763907.25,1803231.375,1838176.0,1954880.375,1760052.625,1790989.875,1617274.625,1606566.75,1742789.875,1759694.375,1588691.5,1519151.25,1481588.5,1452018.5,1624260.625,1549741.5,1819844.0,1673788.125,1500989.25,1490711.5,1825348.875,1693606.625,1535111.375,1520995.125,1565561.25,1384620.125,1411355.0,1379712.125,1566575.875,1500063.125,1534695.0,1685804.375,1647922.625,1734447.0,1388058.25,1260298.375,1188639.75,1134839.625,1292569.375,1447540.625,1276840.125,1240473.125,1451792.375,1378043.125,1888563.5,1643380.625,1634150.75,1770439.25,1959341.75,1952307.125,1488549.75,1956951.125,1609215.25,1507677.0,1698156.875,1898408.625,1802555.875,1966091.75,1582128.25,1725521.375,1394625.0,1447860.875,1863684.75,1967293.125,1987552.375,1753412.5,1376677.375,1173961.875,1818320.25,1640458.0,1570537.75,1754904.625,1266478.75,1328209.875,1377123.875,1281074.125,1570357.5,1517498.375,1588127.125,1524357.625,1226019.25,1186684.25,1600669.75,1459667.125,1189592.875,1147338.875,1379006.75,1378085.0,1553720.0,1589119.0,1461426.0,1417972.875,1047843.125,1048013.6875,1369591.25,1313909.0,1656280.0,1614658.5,1584331.125,1509450.875,1455632.75,1438157.375,1299647.375,1205130.375,1648647.375,1813742.125,1327110.5,1301991.75,1359043.375,1328918.875,1639350.5,1964506.25,1971295.375,1817843.25,2075186.75,2135250.25,1901634.75,2046676.0,1971621.75,2009413.875,1968808.25,2203441.5,1964646.375,1887836.875,2186964.25,2078888.375,1769686.25,1720305.875,2190756.0,2041313.75,2045989.625,2310652.75,1789751.5,1788717.5,1971088.125,1886730.875,1846912.375,1778725.25,2077112.375,2199151.75,1956022.5,2035288.125,2241810.75,2356115.0,1941131.625,2006750.125,1749068.375,1761878.25,1599633.0,1524431.75,2068223.0,2038428.375,1816113.375,1862668.125,1782743.75,1751339.875,1664005.25,1492505.75,1579373.5,1580960.75,1975951.75,1772547.5,1852592.75,1651226.625,1654927.75,1606560.5,1908524.625,1922915.75,1628321.0,1662425.75,1732422.125,1992636.375,1572609.125,1628472.875,1946243.875,2216647.5,1875641.5,2029598.125,1712370.0,1798958.5,1808875.875,1649207.75,2065688.125,2128660.25,1878861.875,1995732.375,1812603.125,1871405.125,2304603.5,2398985.5,1708461.375,1586028.125,1767959.25,1620144.0,1403287.5,1461522.375,1534905.25,1500130.625,1716533.875,1777248.625,2074076.625,2159403.25,1144161.0,1098084.75,1244849.875,1154374.0,1325192.25,1266158.875,1808651.75,1723791.125,1873735.25,1834598.875,1364763.0,1383928.375,1354577.375,1601424.5,1241820.5,1335712.625,2518466.75,2554450.5,1342474.0,1248170.625,1861179.625,2052241.125,1469727.875,1676335.0,1729027.375,1680340.125,2342023.0,2079866.75,2084109.125,2423325.5,2216154.0,2759811.0,2873717.5,2919035.0,1692144.75,2041827.25
83,1902683.125,1812956.625,1751187.75,1515789.75,1555087.625,1396220.875,1879034.0,1683846.625,1754463.0,1794133.625,1838351.375,1954819.25,1763309.75,1790009.75,1619131.875,1608966.875,1743494.875,1758022.0,1592892.5,1521701.625,1482577.375,1450587.25,1625589.875,1545479.625,1820127.125,1664458.75,1500923.875,1492113.75,1825911.0,1693345.0,1534028.0,1517536.75,1568438.375,1383571.75,1415131.625,1372988.5,1570321.25,1500652.0,1534915.625,1684060.625,1646742.0,1737277.0,1390943.875,1261672.375,1190401.25,1136513.75,1290412.625,1444940.5,1278463.0,1242083.125,1456273.625,1376811.0,1880318.75,1634760.625,1628180.625,1759028.875,1948278.875,1937211.5,1468740.375,1938877.25,1607861.75,1507172.125,1696272.5,1893520.375,1792534.75,1960272.5,1568291.125,1712631.25,1397145.5,1449998.875,1863197.125,1968963.75,1991556.375,1756105.625,1377818.375,1179916.625,1833721.75,1647391.625,1573119.75,1763333.625,1267559.625,1335279.875,1379568.125,1283715.875,1571590.375,1525817.625,1591356.875,1529475.625,1224952.625,1188640.5,1599481.875,1462540.25,1189448.75,1149725.875,1379078.125,1379827.0,1550377.125,1592041.125,1463340.5,1422023.625,1046425.9375,1050820.25,1369770.5,1316453.5,1655471.875,1616010.0,1582961.125,1511369.625,1457826.0,1436785.75,1298206.25,1203674.875,1649523.5,1813269.125,1325197.625,1298610.125,1357053.875,1330117.625,1645872.75,1964924.625,1974542.375,1820606.625,2080038.25,2142428.5,1901612.0,2038568.625,1968708.5,2011163.875,1970815.25,2195409.0,1958792.625,1877805.25,2192908.75,2073481.625,1770815.875,1725837.375,2191727.0,2041208.5,2046835.625,2301835.0,1792720.25,1787506.0,1973016.125,1892691.375,1845630.75,1776776.75,2085551.25,2206494.0,1951169.0,2033355.0,2244733.75,2358191.75,1941692.0,2008174.5,1742942.75,1750683.625,1597216.125,1524485.5,2064844.125,2027688.0,1806119.0,1847700.375,1787793.5,1750801.625,1669628.875,1492936.0,1580923.5,1582012.625,1983638.125,1772351.625,1857403.625,1652812.125,1657509.625,1604698.375,1907334.75,1925357.625,1633342.125,1667616.375,1735856.125,1999270.5,1559155.875,1622893.0,1947447.75,2220083.0,1879088.625,2033993.0,1714292.625,1803728.375,1815820.5,1653835.125,2072551.25,2133541.0,1888970.125,2002845.75,1813246.5,1871532.75,2308418.0,2402085.5,1709937.625,1584185.5,1767197.75,1624754.125,1402825.5,1464239.625,1532371.375,1503295.25,1715488.0,1770534.0,2071068.875,2159724.25,1148959.375,1098367.875,1249053.375,1155319.375,1329221.0,1267919.375,1810520.0,1724594.875,1873148.125,1835010.875,1364963.75,1384197.625,1354589.25,1599158.0,1240990.375,1336100.0,2519704.0,2555993.5,1343017.5,1249702.0,1859050.75,2047904.375,1470118.75,1678320.625,1726808.125,1679191.25,2339178.5,2075406.875,2079993.75,2421918.0,2211684.5,2754199.25,2869726.25,2921172.0,1691069.25,2042029.75
84,1904416.375,1814682.375,1751179.125,1517750.125,1556591.0,1396276.5,1867444.375,1675176.0,1747582.375,1788481.625,1840008.25,1959467.625,1765408.25,1790680.625,1619780.25,1613988.75,1740706.75,1759617.875,1594760.5,1525678.25,1480981.75,1452386.25,1622581.125,1547641.5,1814771.0,1659255.25,1500272.0,1492801.875,1826284.375,1695886.0,1534857.0,1518484.875,1571578.0,1383969.625,1415573.75,1372754.5,1570721.0,1501313.25,1534095.5,1685670.375,1645763.0,1741467.625,1390529.5,1259914.125,1190980.375,1138019.625,1289483.5,1441550.625,1282075.5,1245554.375,1454971.75,1375287.25,1874129.375,1631921.75,1622235.0,1754614.625,1940801.25,1932920.625,1451517.375,1928280.5,1605717.0,1506058.375,1694474.375,1895377.5,1786963.125,1959056.5,1559526.0,1702142.75,1394809.75,1445521.0,1863336.375,1965896.125,1991905.625,1756273.375,1374482.0,1173668.125,1832091.625,1640755.625,1570353.625,1756855.375,1268272.375,1337430.375,1382333.25,1282403.5,1573839.375,1527123.5,1591833.875,1523926.75,1226644.0,1189505.75,1604478.5,1464934.875,1191444.875,1151453.0,1379176.125,1380520.25,1551990.25,1591744.625,1464344.375,1419805.875,1045836.5625,1049777.875,1371350.375,1317169.875,1655428.25,1615505.25,1583756.875,1512510.625,1458286.75,1436313.875,1303099.375,1204677.25,1651276.5,1816871.5,1324375.375,1295123.25,1351630.375,1328836.875,1650040.375,1963414.875,1973257.0,1821368.375,2078184.0,2141847.0,1898871.0,2038594.0,1968236.5,2010902.25,1972199.75,2194923.0,1958504.625,1873031.625,2196727.5,2075317.25,1769518.75,1727143.5,2192138.75,2045215.375,2045177.5,2300549.75,1794995.25,1792023.0,1974495.125,1894043.875,1847667.75,1777770.375,2087804.875,2208607.75,1949514.0,2032446.875,2245422.25,2358734.5,1944986.375,2013141.75,1736964.0,1746855.25,1596709.875,1522807.875,2062193.75,2026238.375,1800897.375,1840423.75,1788632.25,1753356.625,1674305.5,1493886.875,1581077.125,1584002.375,1978873.25,1769027.5,1857548.625,1651544.375,1657383.75,1603222.0,1910515.375,1930723.375,1634626.875,1674160.375,1738226.375,2004650.0,1556307.125,1621637.75,1949707.25,2227465.25,1879466.375,2037760.25,1716991.125,1807378.875,1816926.625,1657242.25,2072229.375,2133904.75,1890364.375,1998796.125,1815011.25,1870393.625,2306680.25,2401673.0,1712055.0,1584037.5,1769390.5,1624061.5,1402784.25,1463955.25,1534520.875,1503528.75,1715221.75,1770762.375,2069690.625,2161194.0,1151665.125,1100234.75,1249780.875,1157133.5,1333267.375,1270489.625,1811926.375,1725073.75,1875916.25,1841540.625,1364697.125,1385108.75,1359103.375,1607269.5,1241081.5,1338578.625,2523492.5,2557222.5,1341937.75,1250945.5,1863542.25,2051966.75,1471156.75,1676560.625,1727445.25,1681057.375,2341611.0,2083301.5,2081592.75,2425049.75,2212490.5,2754814.5,2870755.0,2921362.75,1691172.375,2046724.5
85,1904302.5,1812538.125,1748743.125,1519369.875,1554141.125,1398857.875,1865869.75,1677750.625,1747738.375,1788072.0,1836576.0,1958687.0,1764190.875,1792119.875,1617656.0,1615861.25,1738494.75,1762256.25,1593355.0,1526867.875,1479377.0,1455073.5,1620970.625,1554494.5,1810254.25,1664698.75,1502383.5,1492387.25,1823601.75,1697621.625,1534611.875,1521831.5,1568234.75,1387007.875,1413348.5,1377583.625,1567818.125,1501247.625,1530513.625,1685955.375,1647317.25,1741015.0,1386527.25,1256440.125,1188707.0,1137564.5,1289917.375,1441488.875,1281682.75,1245411.75,1452228.375,1374676.25,1872847.25,1637417.75,1618858.5,1760011.875,1941230.5,1943058.875,1450446.625,1930842.0,1604396.25,1505036.375,1692887.25,1900999.625,1790183.125,1960289.75,1561822.125,1700870.375,1393796.375,1445672.5,1862365.25,1963714.5,1987377.0,1755155.0,1374250.0,1166569.375,1821005.5,1629616.25,1569793.875,1749116.625,1269848.125,1329330.75,1385163.375,1279500.875,1578823.25,1519039.5,1588794.25,1518771.25,1229640.125,1188732.0,1609462.125,1462409.75,1194131.125,1150294.125,1382552.625,1380340.875,1558625.75,1589356.5,1463013.0,1416220.375,1047964.0,1045967.6875,1372495.75,1314328.0,1659733.125,1616616.25,1587552.0,1510964.125,1457594.125,1439601.625,1307977.5,1205443.5,1652102.625,1817569.5,1331812.5,1301510.75,1355719.375,1327601.25,1649297.5,1963984.625,1970485.75,1820284.0,2074749.875,2135658.0,1891284.5,2040860.5,1964334.375,2007322.375,1971955.125,2199952.0,1957902.0,1877025.25,2193205.5,2077454.875,1770339.75,1723713.75,2189883.5,2048765.625,2040435.25,2305822.25,1788430.875,1792987.0,1975115.125,1889952.375,1847021.0,1778487.125,2081800.875,2203988.5,1951104.375,2032445.0,2243086.75,2357780.25,1945080.0,2012770.375,1734266.125,1753541.875,1596838.5,1518867.25,2058787.125,2035720.375,1800153.375,1845766.875,1783461.875,1753740.5,1670161.625,1495507.125,1581426.75,1585599.5,1970359.875,1768141.75,1853964.25,1649330.25,1654630.875,1604722.875,1912318.875,1930278.875,1631366.125,1671353.5,1735565.75,2002549.125,1564934.875,1625464.75,1944682.625,2224178.5,1875896.875,2033747.875,1715533.25,1805663.875,1815759.375,1659826.75,2070039.0,2133165.0,1887959.375,1999485.375,1816669.25,1872023.5,2303873.0,2399854.75,1716649.0,1587103.125,1776805.25,1619841.875,1411099.125,1466090.875,1542012.125,1503436.875,1718597.875,1777286.625,2072477.375,2161992.25,1151294.25,1103079.625,1247772.75,1158915.875,1333511.375,1271994.75,1810075.5,1722970.375,1877809.0,1842631.375,1364764.125,1384896.5,1359265.25,1610839.25,1241904.25,1340455.625,2524401.5,2556424.75,1342179.5,1249521.125,1866412.875,2058557.0,1468048.5,1671574.0,1727303.0,1677458.125,2345963.0,2089714.875,2085201.0,2423448.0,2215140.25,2757301.75,2875660.0,2920372.75,1689818.75,2042084.875
86,1901592.375,1807761.875,1747659.375,1517437.75,1554162.75,1400961.875,1871601.25,1681706.625,1750986.875,1791416.0,1832468.375,1952615.625,1762530.125,1793265.5,1616065.25,1611807.375,1738673.625,1759329.625,1591530.375,1523932.625,1479477.5,1454161.625,1620642.5,1554080.75,1811016.375,1668873.0,1507490.125,1494382.75,1821982.625,1695117.125,1535130.375,1522564.75,1565722.25,1386805.125,1414402.0,1382890.25,1567146.0,1500708.125,1530021.125,1683617.25,1648759.125,1736978.125,1387446.875,1257495.625,1186858.0,1134768.875,1294556.0,1450198.0,1277869.5,1243003.125,1453629.625,1375447.125,1874099.75,1640131.0,1620307.5,1764548.625,1945054.375,1950064.625,1463106.25,1940412.125,1604719.0,1505824.75,1693109.5,1901591.375,1792329.125,1958995.875,1567564.25,1706006.0,1397834.5,1452439.625,1859540.875,1964451.0,1984016.375,1753743.5,1375426.0,1168354.75,1821293.875,1635860.0,1574002.125,1751464.125,1270544.5,1322506.125,1385364.5,1280486.5,1578778.875,1514376.75,1587043.375,1521528.375,1232255.625,1187943.5,1607920.875,1460035.75,1195232.5,1148458.25,1387616.375,1381000.0,1562549.375,1589132.25,1463571.0,1415069.5,1051810.0,1047363.4375,1373231.375,1313067.25,1663454.5,1619572.5,1588936.875,1510685.625,1457335.875,1442629.5,1309107.125,1205936.75,1651873.25,1818350.375,1335013.375,1307011.5,1360785.125,1328486.75,1647637.625,1966797.5,1967806.125,1818681.75,2073990.75,2132971.75,1889421.25,2041685.875,1961551.0,2004669.625,1971256.125,2201344.0,1956786.25,1882887.875,2188837.5,2077983.5,1771448.625,1720082.25,2187887.5,2047157.375,2039292.75,2308809.75,1782561.75,1787879.375,1973859.625,1885490.0,1843838.0,1777608.125,2072429.125,2194441.25,1950518.5,2030818.0,2241409.5,2357534.5,1943385.875,2008801.875,1735389.125,1759255.5,1597242.375,1518146.75,2057161.75,2040238.375,1802457.375,1852868.375,1779958.75,1750117.0,1665396.5,1495572.5,1581062.375,1584742.125,1971680.625,1770978.5,1851131.375,1647561.375,1652324.25,1605080.75,1910516.375,1925050.875,1628551.0,1665192.0,1731437.5,1996289.0,1572936.125,1628187.375,1938285.875,2214122.25,1872064.875,2025781.125,1711383.125,1800464.125,1817688.125,1662301.625,2072312.625,2135415.75,1890605.625,2007056.375,1817487.5,1873946.75,2305847.25,2401438.25,1719033.375,1590046.625,1780636.125,1619122.5,1418197.25,1469616.125,1546363.25,1505159.5,1721265.0,1782254.875,2075113.75,2161482.75,1149148.5,1104866.375,1247116.5,1158083.625,1330522.625,1272328.625,1807615.625,1723574.875,1874543.5,1837022.625,1365365.625,1384658.625,1354138.625,1605121.875,1242034.25,1339764.625,2519969.75,2553704.5,1341995.125,1247395.5,1861049.375,2053509.25,1465325.625,1670889.625,1724035.875,1671482.625,2342948.75,2083392.25,2081472.5,2416519.0,2212452.75,2753271.5,2872141.0,2916868.0,1688007.25,2033356.5
87,1899415.125,1805970.625,1747625.0,1512851.0,1557366.25,1400618.5,1872951.0,1679023.0,1751042.125,1793334.125,1835511.875,1952113.125,1763705.25,1793714.625,1618620.375,1608358.375,1741081.125,1755827.125,1592278.5,1522262.75,1480614.875,1451536.125,1621227.375,1547145.125,1814757.5,1666551.625,1509378.75,1495531.875,1823581.375,1690900.25,1536473.0,1520092.75,1567741.75,1383964.875,1416393.375,1384932.5,1569393.875,1500143.375,1532886.375,1683391.25,1648096.5,1735265.0,1391513.375,1260450.125,1187598.75,1132883.25,1298092.875,1456645.75,1276169.875,1242360.0,1456561.125,1376754.0,1874654.875,1636166.75,1623491.375,1762260.25,1945916.875,1945520.625,1466848.125,1942964.25,1605525.625,1506893.0,1695133.125,1898689.375,1790999.5,1958321.5,1568560.875,1709749.75,1400425.125,1455173.875,1857807.625,1964275.875,1983425.0,1751571.625,1373384.0,1172660.625,1829256.75,1645415.75,1574501.625,1754338.5,1268775.75,1323818.75,1382128.625,1283059.375,1575508.5,1518743.5,1586264.875,1523835.375,1231250.75,1187090.75,1603722.375,1461183.625,1193786.25,1149073.125,1387022.875,1381095.125,1559295.5,1591702.375,1464584.375,1416729.5,1051815.0,1050608.25,1372503.625,1315656.0,1662839.5,1619970.5,1587163.375,1511374.375,1457428.125,1441930.375,1306379.75,1207591.5,1651641.125,1820800.375,1330199.875,1304511.125,1359187.0,1329438.0,1650243.25,1968657.375,1965575.0,1817576.25,2073890.875,2138031.25,1894772.375,2040647.5,1963864.875,2005170.75,1972542.875,2198843.0,1958416.625,1883094.625,2190903.75,2079365.0,1770558.125,1720233.5,2187770.5,2041896.875,2043594.5,2306948.0,1785533.375,1784605.75,1971393.75,1885885.875,1844471.25,1777680.375,2071553.625,2190548.75,1949883.0,2031877.625,2243499.5,2358156.5,1943437.875,2007423.5,1737060.375,1756870.0,1596383.75,1521009.25,2058635.0,2034840.5,1804097.75,1853241.5,1782521.25,1748268.75,1667212.75,1494960.375,1580881.375,1583423.875,1975055.375,1770972.875,1851166.625,1647051.75,1652310.0,1603602.375,1907985.875,1921515.125,1629042.125,1664450.875,1732398.625,1994925.5,1571714.125,1626419.25,1940185.75,2211757.5,1872521.75,2024803.375,1710268.0,1797977.0,1820291.0,1662524.0,2075682.5,2138176.25,1896095.875,2008827.25,1816893.875,1874834.125,2309982.25,2404677.75,1719194.25,1590518.625,1776895.0,1622965.75,1416552.0,1471596.75,1543035.5,1505518.875,1721267.75,1780586.0,2073876.0,2160535.25,1148053.375,1105184.625,1248225.75,1156938.875,1329001.0,1272758.25,1808438.75,1726612.625,1872522.5,1835911.75,1365620.625,1385380.125,1352804.875,1602848.875,1242024.5,1339194.625,2517403.25,2552806.75,1341668.5,1247993.5,1858606.125,2046761.25,1468066.75,1677194.25,1724328.625,1672119.875,2339309.5,2078400.875,2078778.625,2417753.0,2211462.0,2751077.5,2867413.75,2915937.25,1690667.875,2034420.125
88,1900686.0,1806531.875,1748787.25,1508731.25,1560822.125,1397959.5,1870100.75,1673989.125,1751060.625,1792435.125,1840709.125,1955143.375,1766062.75,1792927.0,1621156.875,1606931.75,1743668.875,1754972.25,1594454.5,1521425.875,1482792.75,1450142.375,1623555.125,1541876.375,1818787.625,1661817.625,1507217.625,1494005.0,1824955.625,1689747.125,1538964.625,1517981.0,1570523.375,1383472.125,1417987.0,1386414.375,1571989.5,1500023.75,1534317.375,1686805.25,1647421.0,1735781.375,1392769.75,1262035.25,1188871.0,1133281.25,1297085.25,1454289.375,1278008.5,1243607.125,1458200.5,1378792.0,1875262.25,1631584.875,1625404.25,1758106.625,1944975.5,1939326.625,1459966.875,1938949.75,1605804.125,1507078.125,1696456.125,1896404.375,1789596.875,1959892.5,1566713.875,1710227.375,1399486.0,1449996.0,1860273.375,1963445.375,1986794.75,1752345.625,1371141.25,1175723.75,1837054.625,1646716.625,1573139.25,1758744.125,1266637.875,1329228.125,1380480.75,1284136.75,1572204.125,1525785.0,1588463.875,1525566.25,1227347.5,1188724.0,1602205.25,1464321.375,1191018.5,1150455.25,1381450.125,1381710.25,1553236.625,1593701.625,1463754.375,1419801.125,1048952.25,1051471.75,1370585.625,1318673.5,1659808.0,1617892.625,1585456.5,1511949.125,1458041.5,1440080.375,1302896.625,1207980.625,1650501.625,1820104.625,1324849.375,1298578.125,1355568.625,1329208.25,1655873.75,1963808.25,1967148.125,1817595.625,2072629.625,2143755.25,1897707.875,2038435.875,1968420.25,2006371.625,1973787.5,2196224.25,1960041.625,1877639.125,2194233.5,2080459.625,1770668.375,1722009.875,2190558.0,2038916.25,2047848.625,2303860.75,1792122.125,1785320.0,1970068.875,1888036.25,1847809.5,1778097.5,2075150.125,2191312.25,1950297.25,2032603.875,2245906.25,2357219.0,1941602.0,2005675.625,1738537.75,1751274.625,1595729.5,1522669.125,2062194.375,2028075.75,1804317.625,1848418.125,1787509.25,1751013.625,1670474.625,1493554.0,1581900.625,1582379.0,1976314.875,1769134.25,1853843.0,1647823.25,1653433.75,1601896.375,1905355.125,1920936.125,1631547.0,1668681.0,1735873.25,1997082.0,1566338.875,1621338.0,1946943.125,2218220.5,1874390.75,2029110.125,1712253.75,1798788.125,1818505.375,1659106.375,2077026.375,2138900.5,1898907.375,2008301.75,1815964.625,1874483.625,2311438.25,2405573.75,1717336.75,1589191.5,1771768.375,1626393.875,1410365.25,1470413.375,1537656.125,1504636.0,1723465.125,1778114.0,2073578.25,2160226.25,1150178.25,1104418.5,1248259.625,1157743.0,1329652.75,1272147.375,1810650.875,1726847.25,1873602.125,1840120.625,1365858.5,1386686.5,1355594.875,1604630.75,1242361.25,1341138.875,2520012.25,2553163.25,1342307.125,1250378.625,1860995.75,2045779.25,1470918.25,1684096.75,1728169.125,1677837.375,2340496.75,2082345.875,2079571.125,2421475.0,2212306.5,2750122.25,2865946.5,2917244.75,1693992.125,2041655.125
89,1901595.625,1805825.875,1748994.75,1507400.5,1558851.75,1394767.75,1870170.0,1673511.75,1753810.25,1792604.875,1839829.125,1954048.0,1764832.625,1791114.5,1618631.5,1605437.5,1741859.375,1753758.75,1594003.375,1518743.625,1485233.25,1451087.0,1623213.625,1543836.75,1819156.25,1660535.625,1504816.125,1493216.375,1825330.75,1690512.125,1543860.625,1520991.5,1574510.375,1383777.5,1420315.625,1389323.875,1573199.875,1500923.375,1537433.25,1691729.125,1647314.0,1735354.75,1393176.875,1263093.875,1189681.375,1134275.875,1294873.375,1449199.0,1280696.875,1245150.0,1458160.75,1379457.375,1875340.75,1630344.125,1626231.5,1757773.875,1944675.75,1938468.5,1462488.25,1940300.125,1606516.25,1507455.0,1695218.625,1895108.25,1787124.125,1959114.75,1566999.375,1710835.375,1399696.0,1446135.875,1863345.875,1963248.375,1992924.0,1756929.875,1371885.25,1175251.125,1839264.625,1650346.375,1574372.5,1764465.875,1265170.875,1332075.0,1380507.375,1282950.25,1567707.25,1526079.375,1591917.25,1527807.5,1226470.125,1191119.25,1605785.875,1466781.75,1188510.25,1149059.25,1378560.875,1382206.125,1551745.75,1591690.25,1464154.75,1419987.0,1049002.5,1051467.0,1371178.625,1318812.375,1657618.0,1616824.625,1585075.625,1513293.75,1459604.625,1438549.0,1304388.25,1205170.125,1649190.75,1816865.5,1321517.25,1294027.25,1352998.375,1331036.0,1655271.125,1956558.875,1969821.75,1818026.25,2070374.125,2141226.75,1899096.0,2039093.125,1972482.875,2007244.0,1971761.75,2196223.25,1959991.375,1874824.0,2192526.0,2079707.625,1773674.25,1721393.875,2194125.5,2041568.75,2048451.625,2304246.5,1795252.0,1787486.375,1970344.125,1886064.875,1849176.75,1777537.875,2073167.75,2189411.0,1948331.625,2027748.625,2245146.5,2355336.25,1937829.0,2002340.25,1739018.0,1749063.625,1597153.625,1522083.75,2063223.25,2025875.0,1804663.25,1845151.125,1789019.75,1753503.375,1672017.875,1492614.625,1582624.625,1581849.0,1979647.125,1771504.5,1856589.25,1649423.75,1655257.75,1601006.25,1902802.375,1920903.375,1631907.5,1671733.125,1734721.75,1995316.0,1564947.875,1619040.0,1947949.625,2221454.5,1871526.375,2028557.5,1712840.375,1798642.125,1817270.75,1658607.25,2076679.5,2138327.5,1897497.0,2008850.0,1815749.875,1871363.625,2309712.75,2403787.75,1714190.25,1587999.75,1771354.25,1625352.75,1406914.0,1468137.25,1538197.75,1505038.0,1726151.125,1780192.625,2077318.625,2161576.0,1150641.0,1103287.875,1246687.25,1157857.375,1329650.875,1269209.25,1810567.375,1725486.125,1873762.0,1841271.25,1366627.5,1387697.25,1357734.0,1604285.0,1243032.625,1342331.125,2520743.5,2552171.75,1342684.875,1251480.25,1860200.75,2045794.5,1469893.125,1682866.125,1729139.875,1680816.25,2340554.0,2085545.375,2077006.5,2417930.25,2208844.5,2745996.0,2862216.25,2914977.5,1691785.125,2045316.75
90,1899783.5,1806126.875,1747500.5,1509200.5,1552610.25,1394584.125,1871715.375,1676876.0,1754446.0,1794302.25,1837200.25,1952959.5,1762081.875,1789308.25,1616038.75,1606463.25,1738973.25,1754339.75,1592817.75,1518728.625,1486238.125,1453467.875,1620194.0,1549658.25,1814807.875,1665205.25,1504406.875,1493870.25,1826398.75,1690883.875,1546268.0,1525185.375,1578370.0,1383303.375,1420264.25,1388436.0,1572280.875,1502244.875,1541832.375,1693258.625,1645585.625,1732815.0,1392217.875,1261950.375,1190434.75,1134916.25,1292592.125,1443688.125,1281454.875,1245989.25,1456107.625,1376919.125,1874285.75,1631072.625,1625793.25,1760719.875,1944279.5,1940318.75,1470418.25,1943665.25,1606445.75,1507010.125,1693355.125,1895651.625,1785884.125,1957216.75,1568187.875,1712124.75,1401013.75,1449314.125,1861311.75,1960611.625,1992320.125,1757702.25,1371715.5,1168627.0,1831615.5,1650711.875,1573217.0,1758064.625,1264538.0,1329492.5,1379520.125,1280935.875,1565614.5,1519778.375,1589658.625,1523343.375,1228398.0,1188260.25,1610952.125,1466397.375,1188582.5,1146345.0,1379269.875,1380258.375,1554736.875,1588751.0,1466171.375,1417252.125,1050592.0,1051032.875,1372991.375,1316797.75,1658409.75,1618089.5,1586128.75,1513299.5,1460389.5,1437432.125,1307378.625,1204084.75,1649880.875,1816527.625,1323015.5,1295301.0,1354699.0,1332324.5,1650367.25,1959786.875,1967634.25,1818172.625,2069762.25,2133904.75,1905284.125,2041569.5,1974661.875,2008908.125,1969650.5,2198655.0,1961313.875,1877676.375,2191262.25,2078259.875,1774758.625,1719489.625,2194394.25,2044758.125,2047207.375,2307822.5,1795414.75,1789776.625,1970256.375,1882994.25,1848542.75,1776240.625,2072488.125,2190659.0,1946801.125,2024001.125,2243322.0,2354787.25,1937208.125,2001795.375,1737775.375,1750798.375,1597287.625,1519941.875,2059777.625,2028267.0,1803435.0,1845716.75,1785131.75,1751318.25,1671572.375,1494497.125,1583020.375,1583650.375,1978251.25,1772193.75,1855454.25,1649198.125,1657514.375,1602839.375,1900830.875,1918517.875,1629789.5,1669806.5,1731163.875,1992495.875,1566755.0,1621521.75,1943692.5,2219723.25,1868256.5,2026004.625,1711231.25,1797003.25,1820504.75,1662432.125,2076083.0,2137130.0,1895470.125,2006288.5,1816005.875,1871275.375,2308522.5,2402955.25,1713278.125,1588769.375,1773191.25,1622510.0,1407764.25,1469243.75,1541705.875,1506320.0,1725651.125,1782678.0,2079530.25,2162975.5,1146215.0,1102644.625,1245318.875,1156833.25,1328608.875,1268215.25,1809844.25,1726518.625,1875759.0,1839621.125,1366702.25,1386846.25,1359374.625,1607067.25,1243023.25,1339617.125,2518596.25,2552905.5,1342020.875,1250823.0,1862371.125,2051387.0,1468514.75,1676259.875,1728627.375,1679481.125,2339969.5,2086685.0,2078596.625,2420748.25,2210506.25,2750290.5,2862878.0,2913271.25,1688801.125,2047188.25
91,1900675.125,1807699.5,1747730.125,1509767.125,1552594.25,1396683.25,1872640.625,1678158.625,1754273.375,1795877.5,1838323.75,1955326.875,1763960.875,1789197.75,1619388.875,1609419.125,1741933.25,1757680.875,1596041.75,1522731.625,1486236.5,1453877.0,1619947.0,1549867.375,1812719.125,1669750.0,1506084.375,1493105.5,1827062.125,1691225.375,1542442.375,1522880.5,1576363.125,1382382.75,1416548.375,1380680.5,1571491.375,1502055.5,1540264.0,1688381.25,1643101.5,1728717.75,1388910.75,1257694.75,1189883.875,1134866.875,1290120.5,1440062.75,1278221.75,1243692.125,1454805.5,1373710.5,1875850.5,1631713.5,1625491.5,1763024.0,1945775.625,1942808.25,1469972.125,1942275.875,1605254.5,1504472.625,1694384.875,1896191.625,1790823.25,1959037.625,1568140.625,1712161.25,1400967.5,1455319.375,1858607.25,1960568.625,1987667.0,1755571.875,1369932.625,1164280.375,1823718.75,1644987.25,1569360.75,1748214.625,1265617.625,1325769.25,1378589.75,1281195.75,1567997.5,1516924.875,1584908.25,1517938.875,1228357.0,1183039.0,1609441.625,1464635.875,1190770.75,1147137.125,1380098.375,1377914.625,1555798.625,1589930.375,1465922.25,1416606.875,1049378.0,1050390.0,1372078.0,1315990.0,1660910.25,1620814.5,1587335.875,1511400.5,1458768.0,1437832.125,1308239.375,1207484.25,1651891.875,1817969.5,1329885.125,1302211.375,1360084.875,1329097.875,1644817.375,1969451.5,1963387.125,1817600.0,2071034.25,2133450.0,1910679.5,2043012.625,1975185.625,2011390.625,1971088.125,2199608.75,1963046.875,1879961.25,2195265.75,2077693.375,1771885.125,1719612.0,2192303.75,2041537.625,2047086.625,2308472.75,1795001.25,1789342.25,1967557.125,1883799.5,1847629.125,1775479.125,2078839.875,2198958.0,1949552.0,2027641.5,2242418.5,2355393.5,1938758.625,2002749.5,1738470.625,1753390.0,1596018.0,1517927.875,2059304.75,2031852.625,1802689.375,1848214.125,1782333.0,1749994.375,1667365.75,1495365.375,1584704.5,1585221.125,1974538.25,1769081.75,1852850.875,1646840.0,1658756.875,1605804.125,1899819.75,1914883.25,1628663.5,1665555.875,1731768.625,1994140.875,1562984.375,1621141.875,1940467.625,2217803.0,1870729.125,2026229.875,1710345.875,1795534.75,1820166.625,1661776.875,2073845.0,2134851.75,1892697.125,2001363.625,1815446.0,1876696.125,2308240.5,2403497.0,1715284.125,1591927.25,1772903.875,1623115.75,1410933.75,1472350.75,1541938.625,1507494.625,1723533.375,1781210.125,2077328.0,2162270.0,1142829.625,1101399.75,1244788.875,1155990.875,1326558.5,1268018.125,1809881.0,1726665.875,1878095.0,1837888.625,1365902.375,1384664.875,1358651.0,1608726.625,1241556.625,1336495.375,2520094.5,2556807.25,1341121.25,1249705.75,1864653.0,2057019.0,1467778.875,1670122.375,1726011.375,1676179.375,2342300.25,2084894.5,2082852.875,2426151.5,2214434.0,2760881.25,2873159.25,2919951.75,1687378.75,2044660.875
92,1902488.125,1805265.625,1748210.25,1507983.625,1557159.75,1397106.75,1872378.25,1675921.75,1755219.5,1794490.625,1838688.25,1955799.625,1766777.25,1789478.25,1622902.75,1609625.75,1744302.0,1758620.25,1598671.375,1523760.875,1486058.5,1451937.875,1621355.625,1546576.75,1815348.5,1668558.0,1505501.5,1490157.5,1826060.875,1690106.625,1539288.75,1519361.375,1572563.0,1379186.625,1413475.375,1374476.125,1572405.375,1500935.125,1538074.875,1685326.375,1643431.625,1728824.375,1389076.25,1254644.875,1188535.0,1134183.5,1289489.0,1442247.625,1274371.25,1239708.25,1455832.625,1371801.375,1878280.5,1631734.25,1625543.625,1762021.5,1947747.0,1944305.875,1464089.5,1939661.125,1606756.125,1503663.375,1697361.375,1893884.75,1795862.875,1961077.125,1568258.625,1710779.625,1398967.875,1457257.75,1861765.125,1966644.875,1990265.625,1757126.125,1372457.625,1169109.25,1824557.5,1646107.875,1569228.5,1753166.125,1266824.875,1325828.125,1378722.125,1282812.625,1568795.875,1519415.375,1586265.125,1521287.25,1227900.25,1183261.25,1602350.125,1463726.125,1190520.625,1150018.25,1379933.0,1377240.75,1553703.875,1591669.625,1465600.0,1417631.875,1048376.5625,1050704.375,1370725.875,1316819.25,1661848.25,1621541.25,1586578.875,1510668.75,1457316.5,1440454.5,1307768.375,1208923.375,1650867.25,1815712.125,1333103.75,1306471.125,1361745.0,1327840.0,1640392.25,1972156.0,1964745.875,1817239.75,2070827.25,2139651.5,1905928.375,2042260.875,1975451.625,2013606.875,1972770.125,2197750.75,1960469.75,1877533.375,2196691.0,2077466.125,1771987.0,1721003.875,2191351.5,2039682.375,2048503.0,2305442.75,1793564.125,1787402.5,1964732.875,1886652.375,1847613.5,1775851.625,2081542.0,2203060.0,1951410.75,2031159.875,2242637.25,2356471.75,1938391.875,2001663.0,1740526.5,1753998.25,1597307.875,1518831.25,2062503.0,2032161.625,1804572.625,1849539.5,1786062.375,1753499.0,1665243.875,1493731.375,1586097.875,1584090.875,1980806.75,1770156.5,1854786.25,1646632.25,1658410.5,1605483.0,1901970.625,1916310.5,1629840.375,1664837.625,1734681.75,1996879.375,1556455.125,1618270.875,1939481.75,2214501.25,1873576.875,2025465.5,1712107.625,1796357.25,1815764.25,1657429.125,2070590.875,2133850.0,1889561.125,1999387.25,1814420.5,1878429.0,2307391.75,2402981.25,1717182.375,1594341.625,1772116.875,1625145.25,1414363.125,1471981.25,1541722.625,1507529.875,1722065.375,1778757.625,2075836.5,2162905.75,1144888.75,1099436.25,1244921.375,1154592.375,1324778.125,1264297.125,1809248.625,1723279.875,1874885.625,1836399.375,1365822.375,1383473.125,1354835.875,1602167.75,1241603.375,1337118.625,2523076.75,2558010.25,1341290.625,1248546.875,1857436.25,2048550.25,1466440.375,1669908.0,1720566.125,1674142.0,2343370.75,2078399.0,2078520.75,2419561.5,2209478.25,2759374.5,2878895.75,2926751.0,1685619.875,2035143.125
93,1897724.125,1800944.0,1746700.375,1508374.375,1556539.0,1395571.875,1872826.625,1674607.0,1754997.0,1791843.25,1837695.25,1953815.125,1764648.0,1788484.875,1620105.75,1606933.5,1739810.25,1755184.375,1594384.5,1518876.5,1484900.875,1450296.0,1621872.625,1545710.75,1817291.5,1663091.75,1502422.5,1489919.0,1824333.625,1687303.875,1541386.5,1520335.125,1574775.625,1375367.875,1413782.875,1375041.125,1572000.625,1501445.0,1541354.5,1688659.125,1645553.25,1733602.0,1392011.0,1256253.5,1188256.375,1132927.0,1292191.875,1448886.875,1275659.25,1240301.625,1455376.625,1371502.125,1878435.5,1629751.375,1626582.75,1759043.75,1947773.0,1941510.75,1465455.75,1940707.875,1609870.5,1506387.375,1698268.25,1890561.125,1793347.5,1959306.875,1570829.875,1712117.0,1398213.375,1453232.75,1865664.25,1968801.875,1994842.0,1758100.375,1376074.375,1177397.875,1832409.5,1653530.125,1573816.25,1765476.375,1265577.5,1330568.625,1380125.125,1284724.25,1563467.625,1522704.75,1592099.875,1528211.375,1228572.75,1188246.875,1598062.75,1464403.0,1188062.125,1150720.875,1378445.25,1379519.875,1550740.125,1591628.875,1468017.5,1418735.125,1049338.0,1053284.25,1370759.625,1317643.75,1659903.0,1618768.0,1583955.25,1512038.625,1458299.125,1443759.25,1303339.75,1207696.125,1646796.75,1812514.0,1329201.25,1303371.5,1359238.75,1330700.625,1645198.375,1967905.75,1970994.25,1818403.0,2069392.5,2142179.5,1899660.5,2038893.0,1975038.625,2014237.375,1971466.0,2195781.25,1958536.25,1874973.625,2192692.5,2076652.75,1773130.625,1720061.5,2192784.25,2045737.875,2050727.25,2304049.75,1792648.625,1787851.875,1964620.375,1888409.25,1848227.25,1775348.625,2074930.125,2196848.25,1948655.375,2028275.5,2243725.5,2356714.0,1936537.5,2000281.875,1741886.5,1750977.875,1599496.125,1521204.5,2063932.875,2028074.5,1806995.75,1847530.875,1789554.375,1753747.0,1670253.375,1493831.75,1584294.5,1582425.125,1990678.0,1773365.375,1858957.625,1647771.5,1657528.0,1602738.75,1905556.75,1921376.625,1631891.0,1668998.0,1734911.25,1996791.875,1558581.875,1618600.75,1941874.375,2213106.75,1872206.0,2024499.75,1713799.625,1798583.0,1815705.25,1656779.875,2071337.125,2135142.5,1890794.625,2003926.25,1814146.125,1873988.75,2307931.25,2402331.25,1713871.625,1592160.875,1770766.0,1625078.125,1411171.625,1467715.375,1541064.0,1506875.0,1720695.75,1776560.75,2075594.25,2164437.25,1149076.375,1099302.25,1247205.125,1153681.125,1326714.0,1263553.875,1809847.625,1722539.125,1870666.5,1837469.0,1366666.0,1384778.25,1352739.625,1598285.125,1243234.5,1339646.5,2522872.75,2555225.25,1342648.5,1248454.125,1854894.375,2039737.25,1467830.625,1680157.375,1722370.375,1678170.375,2343072.75,2079617.375,2076594.375,2417486.0,2208940.0,2751452.5,2873385.25,2923494.25,1688395.875,2035987.875
94,1894244.125,1802196.875,1746565.0,1510739.625,1554105.375,1394747.125,1875326.625,1674779.375,1755069.0,1793295.375,1839093.25,1954160.25,1762566.625,1789775.0,1616827.625,1605946.125,1737781.5,1753124.625,1590453.75,1516102.625,1484615.0,1451165.125,1623129.875,1546253.125,1818089.625,1658722.25,1504480.0,1494745.125,1825224.75,1688028.5,1542331.25,1523244.875,1578100.625,1377615.75,1416418.5,1376155.625,1570165.875,1501984.0,1542212.0,1690434.125,1646195.5,1735446.25,1391161.5,1257956.125,1188028.125,1131518.875,1295318.375,1453380.0,1279134.875,1243743.375,1453195.625,1371663.875,1878506.125,1629227.625,1628667.25,1758299.375,1948437.75,1939172.75,1468637.375,1942148.125,1609772.5,1508918.125,1697172.0,1891499.375,1789260.375,1957768.25,1573047.25,1715635.375,1396830.5,1446269.25,1864471.375,1966005.125,1993015.25,1755180.125,1374440.5,1180597.125,1838583.75,1651314.875,1576171.75,1766963.125,1263631.625,1334681.75,1380396.125,1284487.625,1560823.75,1524041.25,1593924.875,1529490.75,1228147.25,1190325.75,1600444.125,1465072.875,1188034.125,1148284.25,1376722.125,1381525.375,1549104.0,1592085.125,1468432.875,1420210.375,1047802.9375,1054251.125,1369810.125,1317160.0,1657567.875,1616826.125,1582752.0,1513030.25,1458267.75,1441810.375,1298542.625,1206718.5,1646272.125,1813404.375,1321254.75,1295353.625,1352655.25,1329886.125,1651916.25,1959848.625,1974110.375,1819067.625,2069561.75,2139364.0,1900803.125,2036650.25,1971240.25,2012047.125,1971680.5,2196679.0,1961678.125,1876923.125,2194343.5,2077290.0,1770160.0,1718708.0,2195731.5,2049457.5,2052056.0,2305547.0,1793375.875,1790286.375,1966358.25,1889256.75,1849428.5,1776078.75,2069355.75,2189835.5,1946442.625,2025442.125,2242985.25,2355198.25,1937392.0,2001840.25,1743258.25,1749341.625,1599262.125,1523244.125,2064680.0,2026969.625,1808472.0,1846593.75,1787956.375,1749791.25,1674641.5,1495797.25,1581703.75,1581339.875,1989087.75,1772404.5,1859325.125,1647518.5,1657122.5,1602168.75,1907172.0,1923689.75,1633218.125,1672480.0,1734651.75,1996572.875,1566098.375,1621246.625,1947317.0,2218151.75,1871125.375,2027065.25,1712150.375,1798138.875,1818092.125,1658720.25,2073417.75,2135526.75,1893745.0,2007896.25,1814748.125,1871163.625,2309172.0,2402462.0,1711057.125,1589794.75,1769469.125,1624903.25,1406072.875,1466966.5,1537497.25,1507126.5,1720133.75,1775492.5,2073219.375,2162506.25,1149391.75,1100820.0,1250121.625,1155624.0,1329116.75,1267869.375,1811747.875,1725225.5,1870584.25,1838329.5,1366475.125,1387888.125,1353634.0,1601304.0,1242293.125,1340802.125,2521372.5,2553254.5,1343892.625,1250824.75,1862831.375,2044498.875,1472129.625,1689639.25,1730746.625,1684342.75,2343208.25,2088326.375,2081969.75,2424241.5,2214589.5,2751563.5,2867591.25,2917027.25,1695208.0,2047881.375
95,1900548.625,1807418.625,1749123.75,1511535.5,1556253.375,1395949.625,1875374.75,1673868.75,1755154.75,1795423.0,1840349.875,1956334.75,1764888.0,1793321.0,1619979.125,1607956.625,1744095.875,1756279.875,1593941.625,1519958.5,1488208.0,1454187.0,1625933.75,1546679.5,1820990.25,1659713.125,1510487.625,1498441.5,1830275.5,1693047.25,1541565.125,1526250.5,1577393.625,1385250.25,1419578.75,1376134.875,1571383.375,1501128.625,1539178.625,1690090.125,1646107.625,1733992.125,1388454.625,1256658.25,1187665.875,1131428.625,1295630.75,1452885.5,1279820.25,1244648.375,1453425.375,1371205.625,1879821.875,1632810.875,1628766.25,1759890.375,1949868.25,1942130.875,1461373.625,1938810.75,1608443.5,1510203.625,1698549.625,1896614.125,1789439.125,1959225.875,1570868.75,1714878.25,1387618.5,1438374.125,1861903.625,1965116.5,1988806.125,1753590.625,1371528.0,1174394.625,1830628.375,1638022.0,1569507.75,1754246.0,1262815.75,1332162.875,1376413.75,1279521.25,1566154.125,1522710.5,1590934.5,1523131.0,1225605.75,1188074.75,1604732.875,1465075.75,1189183.5,1145189.75,1374308.75,1378884.125,1550081.25,1592292.25,1465209.0,1420182.125,1044217.3125,1049962.875,1367591.375,1315896.625,1656750.0,1617810.75,1583343.125,1511939.625,1455470.125,1434718.625,1297189.0,1203292.375,1649379.5,1815203.375,1313241.375,1287827.75,1343092.25,1324403.125,1646868.625,1954294.875,1973290.875,1817251.75,2071489.25,2136392.5,1904061.25,2037548.125,1968452.875,2009504.25,1975291.25,2199762.25,1963262.125,1878464.125,2201465.0,2080440.125,1769991.125,1721809.25,2198567.25,2045918.625,2051965.75,2307534.5,1796205.75,1792518.125,1968996.875,1889733.625,1852468.5,1780410.625,2072724.0,2190890.25,1948436.25,2026886.625,2239944.25,2354221.25,1940539.0,2005583.375,1743859.0,1752728.75,1598344.125,1525585.5,2066507.125,2031135.125,1808899.25,1848340.25,1786067.625,1750416.125,1672983.5,1496517.25,1582607.0,1581281.875,1978566.625,1769738.875,1856673.375,1648294.75,1658197.125,1603505.75,1907448.75,1924111.0,1633406.875,1670673.75,1736017.25,1997291.0,1568253.125,1625022.25,1951328.375,2224802.25,1872828.875,2031373.25,1710254.25,1796141.0,1817476.625,1658585.875,2069777.75,2133153.75,1893205.75,1999240.25,1816080.125,1872363.625,2307484.25,2401943.75,1715756.625,1591969.0,1769861.5,1625065.875,1408936.0,1471257.25,1535109.0,1506922.25,1721742.625,1779122.75,2073010.25,2161430.5,1145646.375,1100377.25,1249128.5,1158226.0,1328812.25,1268285.5,1812400.375,1725501.375,1871370.5,1836501.0,1364810.0,1389780.625,1355194.0,1604535.875,1240841.125,1341682.75,2519043.0,2551888.0,1344437.0,1253335.375,1865704.875,2050685.25,1472798.5,1686454.75,1732678.25,1684648.0,2340907.25,2087287.0,2082681.75,2425047.5,2213872.5,2756148.25,2866970.0,2915178.0,1697124.375,2049856.0
96,1904317.375,1807873.0,1750762.75,1509974.75,1558821.375,1397796.5,1873821.375,1671302.875,1753162.375,1792657.75,1838868.75,1956551.875,1766472.0,1794310.375,1624691.125,1609338.125,1748115.125,1759759.625,1598098.0,1523491.125,1491550.75,1455113.625,1627675.5,1546262.75,1822237.625,1662672.375,1510535.0,1497274.25,1832078.25,1695822.375,1543647.625,1524844.125,1574805.0,1388294.5,1420420.75,1379856.875,1574064.5,1502756.625,1538211.875,1690894.0,1646588.25,1732313.25,1388714.875,1257711.0,1188457.125,1132346.25,1294628.25,1452804.5,1278979.125,1244142.75,1455299.125,1372888.375,1880928.25,1633158.5,1627680.125,1759902.875,1948967.5,1943504.25,1459002.875,1936720.25,1608685.125,1509925.75,1701622.375,1899377.5,1790026.5,1961110.5,1568237.875,1710845.75,1382563.375,1437272.0,1862792.75,1964544.75,1987934.125,1756369.75,1371947.0,1166476.375,1818357.25,1636629.125,1563211.875,1746365.875,1262548.125,1327477.75,1373003.375,1277820.25,1570546.625,1523168.75,1590019.25,1519379.75,1223177.25,1186713.5,1602092.125,1466185.0,1188367.25,1146143.5,1372393.375,1378434.75,1551616.5,1592420.375,1463308.25,1419398.375,1043947.4375,1048114.75,1367237.5,1316165.5,1656016.125,1618176.75,1582575.875,1510301.625,1454934.875,1433261.25,1296765.5,1201790.375,1650395.875,1815741.25,1317347.625,1289790.0,1346799.25,1322483.75,1639424.875,1961103.125,1972943.75,1815492.375,2073665.75,2137883.0,1905593.375,2038285.5,1971541.25,2008566.875,1975608.25,2200090.5,1961638.875,1876167.5,2199683.25,2081420.5,1774134.0,1726798.25,2197120.5,2040406.375,2050940.625,2307635.25,1799089.625,1791569.625,1970442.375,1889495.125,1854470.625,1781902.125,2078704.75,2196083.5,1951344.75,2029095.375,2239296.75,2355431.0,1939107.625,2006491.5,1743284.75,1753270.875,1598300.125,1524549.5,2067372.875,2031293.875,1807741.25,1847071.5,1785887.625,1754584.625,1669826.625,1494944.625,1585073.375,1583280.75,1975823.25,1770036.0,1854610.875,1649280.875,1659498.125,1604304.5,1904383.375,1921718.625,1633293.5,1666155.375,1735665.875,1996669.125,1562111.0,1625319.25,1949881.5,2224922.75,1874433.875,2032918.625,1710980.125,1795944.625,1815144.75,1655329.5,2065594.125,2130909.75,1889832.75,1988384.125,1816153.0,1873528.375,2305036.25,2401189.0,1718913.625,1593517.0,1770320.625,1623755.25,1411956.5,1471280.375,1534968.875,1504581.0,1722688.25,1781628.5,2076311.5,2162239.75,1145534.75,1099780.5,1247234.875,1157820.875,1330739.875,1265326.5,1812765.5,1725036.125,1871145.75,1836141.75,1364056.0,1388761.75,1355682.25,1604850.375,1242829.375,1343014.75,2517505.0,2551008.5,1344400.5,1252538.875,1859923.25,2048612.75,1468833.75,1677685.75,1728056.125,1680704.875,2339338.5,2077971.625,2081257.75,2423912.25,2211923.75,2758946.25,2870522.0,2917592.25,1692127.125,2042368.875
97,1897913.875,1804192.25,1750412.25,1508140.375,1557891.75,1398725.25,1874893.75,1670850.625,1752230.125,1790191.0,1835878.25,1954656.25,1763560.875,1793220.625,1624673.25,1609349.125,1742952.875,1760594.25,1595441.875,1523539.0,1489310.125,1453001.75,1626069.125,1547496.75,1818633.125,1663191.5,1506362.125,1496485.125,1826471.875,1695724.75,1543412.75,1519718.625,1571174.0,1386236.125,1417560.625,1387076.375,1572503.125,1506652.75,1537765.625,1690486.875,1647338.375,1731252.5,1391179.125,1261521.875,1189347.875,1132931.75,1294832.875,1454336.75,1278884.5,1244382.5,1455652.0,1377124.25,1879555.5,1630166.875,1627223.625,1758609.375,1946069.25,1941306.25,1467759.375,1940307.125,1608323.875,1507405.25,1700304.75,1899973.375,1789231.125,1961815.25,1569371.5,1710093.875,1390530.125,1445251.75,1865370.25,1963019.0,1989412.875,1758945.625,1373676.625,1168188.5,1823040.625,1648536.25,1569798.875,1755472.875,1264065.25,1326815.625,1375442.875,1282041.25,1571412.5,1526247.875,1592063.375,1525543.375,1225382.0,1188012.375,1596418.0,1466320.375,1187312.5,1147999.875,1374666.25,1383002.125,1553532.25,1592963.25,1464967.625,1419670.625,1047064.625,1051550.875,1369594.5,1316406.5,1656282.0,1617473.0,1582259.125,1510376.5,1457613.75,1437724.75,1297669.875,1204833.5,1648686.625,1817463.875,1328357.875,1297032.625,1361783.375,1326398.5,1643514.0,1970487.125,1972298.25,1817565.0,2074832.625,2143827.0,1903209.625,2036990.5,1973017.375,2006534.125,1971709.875,2197659.25,1961598.375,1874964.5,2190226.25,2079181.375,1775453.625,1727676.75,2190867.5,2037625.0,2047842.375,2306118.5,1796586.625,1789474.75,1969957.125,1889767.125,1852783.0,1778335.125,2078678.0,2195950.5,1951778.75,2029734.375,2241613.25,2356767.25,1934100.0,2004294.5,1740933.375,1749464.75,1597833.125,1519430.5,2064500.125,2028080.625,1805000.75,1844114.25,1785582.5,1754613.875,1669525.0,1492418.875,1584375.375,1585192.5,1982077.25,1771899.75,1853417.0,1647396.25,1657502.0,1604522.5,1899495.625,1917357.75,1632640.125,1665010.5,1733417.625,1996364.0,1556531.0,1620409.25,1945520.875,2219396.25,1874651.375,2031446.5,1711952.5,1797365.0,1813732.625,1652764.875,2068918.125,2132951.75,1887176.0,1994194.375,1814775.875,1873688.25,2306473.0,2401748.0,1716088.75,1591055.5,1773041.625,1622728.125,1409253.625,1465657.5,1536027.25,1503032.25,1721411.75,1778062.5,2076460.0,2159761.25,1150978.25,1103328.375,1248800.125,1157130.75,1333770.25,1265958.25,1812705.0,1726910.625,1872063.5,1837513.0,1365157.75,1386681.0,1355438.875,1602775.375,1245140.375,1342463.0,2519503.75,2552353.25,1343685.25,1249723.75,1854890.625,2042720.125,1467216.0,1676002.75,1725574.0,1678379.875,2340344.25,2075108.25,2081634.125,2422682.75,2210678.0,2756245.0,2872491.75,2918674.0,1688014.125,2037847.0
98,1893705.0,1805949.375,1749156.5,1508978.0,1556364.5,1398531.875,1875913.0,1677090.5,1753765.125,1793215.0,1833198.5,1953587.5,1759998.5,1791793.125,1621964.375,1609891.125,1737654.5,1761605.875,1590863.5,1523722.625,1484409.25,1451881.625,1622684.875,1549818.75,1816754.75,1663683.375,1505021.75,1498038.875,1822555.0,1696710.625,1536924.5,1520188.625,1567573.625,1386576.125,1413223.75,1389606.875,1568293.0,1507270.875,1535401.0,1689620.875,1646927.25,1731909.0,1391014.875,1260650.0,1189525.375,1133428.125,1294270.75,1450949.25,1279984.25,1245295.375,1453999.25,1378326.0,1877240.25,1632023.75,1627882.125,1760342.875,1946256.5,1943405.75,1467925.5,1941650.5,1606062.0,1505959.5,1695975.875,1902731.25,1790297.125,1963007.875,1570483.75,1711864.375,1393166.0,1448010.5,1865454.25,1963236.375,1989504.5,1757929.0,1373915.5,1174086.0,1832760.875,1648096.375,1576783.0,1763101.625,1266454.125,1328657.875,1377257.125,1281252.125,1571953.0,1527038.375,1591576.75,1529151.5,1230026.25,1190842.0,1600619.125,1465146.0,1186803.5,1145461.25,1376715.0,1384340.625,1557437.125,1593661.0,1467219.25,1420525.375,1048530.0625,1051603.0,1370745.25,1314892.0,1659248.875,1618814.75,1585088.25,1512003.375,1457552.5,1438256.375,1299695.75,1204416.625,1647337.0,1818494.75,1325851.125,1295929.375,1363682.5,1329063.5,1650803.0,1966910.625,1972489.625,1823468.375,2073449.0,2147149.25,1898999.625,2037944.875,1969588.125,2005347.375,1970612.625,2199370.25,1962768.0,1877312.5,2187644.5,2078954.5,1773972.0,1724132.75,2186417.0,2038757.75,2045393.875,2306584.75,1790546.875,1791642.25,1967549.375,1889429.875,1850673.625,1776549.375,2075134.625,2194122.25,1951759.75,2030897.375,2243332.75,2356686.0,1933469.375,2004093.125,1738492.625,1750121.875,1596852.375,1517798.625,2061106.25,2030179.375,1804690.0,1846201.0,1785172.25,1751642.5,1672322.5,1491376.25,1582356.0,1585519.0,1982818.5,1771927.875,1852385.5,1646110.5,1654188.125,1604035.125,1899821.25,1918637.0,1630785.875,1667928.25,1731927.625,1997304.875,1559798.875,1619148.25,1946879.125,2220655.75,1875051.125,2032053.5,1711714.5,1798357.75,1816114.875,1656908.0,2073069.125,2136215.5,1889570.0,2004799.625,1815927.25,1874977.375,2308656.25,2402791.25,1716463.0,1590871.875,1777499.75,1624204.0,1407908.625,1464765.125,1540097.25,1505351.625,1722290.375,1777843.125,2074468.0,2158695.0,1153464.375,1106594.875,1249774.5,1158988.0,1332636.0,1268512.625,1810934.75,1727405.25,1873939.75,1838398.625,1365866.25,1385833.625,1356647.25,1604803.5,1244055.5,1340297.75,2520692.0,2552995.0,1342488.0,1248485.875,1857355.25,2044182.75,1469566.25,1681069.0,1726505.0,1679877.5,2339942.25,2081658.875,2079378.875,2420027.5,2208042.25,2751978.75,2867704.25,2914270.25,1689398.375,2040705.25
99,1896534.625,1811015.0,1745295.625,1511424.0,1552616.625,1397924.625,1875108.625,1684921.125,1753965.875,1795831.625,1832805.5,1954263.5,1758897.0,1789405.75,1618723.125,1610809.375,1737601.5,1762375.5,1589873.75,1524354.75,1480979.75,1452764.125,1619011.375,1550186.125,1816799.375,1667149.0,1502832.625,1495724.625,1824466.625,1699150.125,1532803.25,1525315.625,1565734.125,1387272.625,1410679.875,1384154.0,1565936.125,1505287.625,1533370.625,1688128.25,1644522.25,1732569.625,1385966.625,1255307.5,1189430.25,1133762.375,1291123.75,1443466.625,1279933.75,1244586.75,1451382.125,1374854.75,1875996.75,1638052.25,1628369.25,1765419.25,1949393.25,1949524.5,1464950.375,1942113.75,1602465.25,1506836.5,1694220.625,1906258.125,1793612.375,1965068.25,1569084.125,1710792.875,1388842.0,1445525.875,1863247.375,1964583.625,1985981.625,1755686.25,1374474.375,1172777.125,1823797.5,1638458.0,1571776.875,1756277.875,1267670.875,1330553.125,1375290.875,1277790.625,1572738.875,1523914.25,1587579.875,1523070.5,1231405.0,1192426.25,1610227.75,1464959.625,1187267.125,1144111.0,1377329.75,1383323.125,1561418.5,1593599.5,1468150.625,1421324.875,1049298.875,1048773.125,1371180.625,1313997.375,1661818.875,1620455.25,1587940.625,1513268.875,1454645.75,1437459.375,1303840.75,1201568.625,1649111.875,1817070.625,1321630.875,1295412.5,1357965.375,1329640.625,1648470.5,1958884.25,1975160.625,1828294.25,2071089.625,2143551.5,1900975.125,2046353.75,1969838.875,2010270.25,1972036.125,2205021.75,1962084.75,1881962.25,2191956.0,2080490.875,1775444.875,1720554.5,2186785.75,2040667.75,2045718.5,2310314.5,1786569.375,1794717.5,1964279.0,1883557.375,1848410.5,1777977.125,2076299.75,2200787.5,1953623.375,2034948.375,2243598.25,2356538.25,1937347.125,2005956.875,1738168.875,1755619.625,1595924.0,1520542.625,2061196.125,2036462.75,1807348.0,1852968.75,1783115.0,1750935.875,1671869.75,1492493.25,1582349.625,1586303.5,1974879.875,1770493.75,1850456.5,1647434.375,1653502.25,1604088.5,1904087.0,1923309.125,1628876.0,1668563.875,1731718.75,1997675.875,1563153.375,1622998.0,1950071.375,2226442.25,1875309.375,2033109.25,1711465.75,1798257.625,1819057.625,1663410.875,2069935.25,2134346.25,1890651.375,2002853.375,1818602.875,1875559.0,2305917.25,2401896.75,1721298.875,1594559.25,1778387.75,1623943.5,1410583.5,1468654.125,1544000.875,1506285.875,1726329.625,1784417.125,2075708.25,2163821.75,1150436.25,1105179.75,1247386.0,1158865.5,1329948.125,1269924.75,1808998.75,1725535.125,1875426.875,1839875.625,1364761.75,1386179.5,1357422.875,1609027.75,1241791.0,1339169.5,2518576.25,2553192.25,1341307.5,1248444.625,1864142.625,2055186.875,1470267.75,1681393.375,1728228.75,1681301.75,2341758.5,2088668.75,2080802.375,2423853.5,2211977.75,2757016.5,2868579.0,2912419.25,1691520.75,2047148.75
100,1898466.125,1810095.875,1742209.375,1512013.875,1545949.75,1397840.5,1875045.25,1685781.5,1753303.75,1794174.75,1834733.75,1953819.875,1759592.0,1788549.5,1615162.5,1611044.5,1737573.875,1759753.5,1589687.375,1523442.375,1479749.875,1453554.5,1617181.25,1550670.875,1812309.5,1669841.625,1499192.125,1490469.5,1825002.75,1700699.75,1537828.375,1526568.875,1567613.625,1384498.375,1413092.75,1379875.75,1566695.125,1504868.875,1534126.25,1686227.0,1644286.125,1734183.25,1384269.875,1254838.5,1188921.125,1133551.5,1290501.25,1443050.375,1277485.25,1242633.125,1451428.75,1372784.5,1874037.25,1640931.0,1624514.25,1765910.875,1948646.0,1948754.625,1473456.75,1948162.875,1600774.25,1508020.125,1693794.625,1905873.0,1794568.125,1963834.625,1570033.875,1710694.0,1394962.625,1449505.5,1862726.625,1965436.75,1983667.75,1753926.25,1377152.5,1170885.25,1812252.75,1641866.125,1568738.5,1751490.0,1268439.625,1332003.375,1377931.625,1282799.125,1573892.75,1519426.375,1585452.25,1520490.625,1230656.375,1190559.75,1610009.25,1463442.875,1190038.75,1147490.125,1382346.25,1383967.25,1560286.75,1590226.875,1467688.5,1419901.375,1052521.375,1049224.875,1373970.75,1314857.0,1660863.75,1618539.875,1587516.5,1513396.625,1455218.625,1440792.875,1309491.625,1203647.5,1651743.25,1817018.25,1330870.25,1304422.875,1360636.625,1332270.75,1645970.0,1960210.625,1974569.375,1825745.375,2072230.5,2139405.25,1903936.5,2052571.75,1973998.25,2015132.625,1969861.875,2203671.0,1959752.875,1884384.75,2192299.75,2080064.625,1778446.125,1720449.125,2189723.25,2041889.75,2044174.25,2311331.75,1785915.0,1792709.5,1966675.125,1877190.375,1844347.625,1778878.375,2080332.625,2206948.0,1953874.875,2037427.5,2243194.5,2356947.0,1941340.375,2007791.0,1737497.625,1757373.625,1595557.25,1522207.375,2060540.875,2037608.125,1806880.25,1856037.625,1780922.375,1751400.5,1665693.625,1492944.375,1581345.875,1586959.25,1970250.5,1768828.25,1849460.5,1648240.375,1654061.125,1605602.375,1907810.125,1925047.875,1628496.0,1666374.5,1732434.375,1996825.375,1562762.625,1625499.75,1945057.5,2220898.75,1874088.875,2029211.5,1712558.0,1800121.875,1814775.625,1660580.75,2065604.5,2129991.0,1884517.25,1998967.875,1817134.875,1871941.375,2301970.75,2399593.5,1720459.75,1593438.875,1775499.75,1619457.5,1411758.5,1466815.0,1543082.25,1501833.875,1726551.75,1786167.625,2077374.0,2167263.0,1149305.5,1103562.375,1245048.25,1156110.25,1329416.875,1272098.875,1807863.375,1725791.25,1875358.25,1839723.0,1363920.875,1386099.625,1355006.75,1606722.75,1240832.625,1338728.125,2517889.5,2555276.0,1340823.25,1247888.25,1866002.25,2059316.5,1468765.125,1677572.125,1730241.375,1680049.125,2345881.5,2087497.125,2087833.25,2429055.75,2219368.0,2762680.5,2877406.0,2917909.25,1691624.375,2047694.625
101,1899147.375,1806300.125,1745464.875,1511721.25,1546434.75,1397152.5,1875551.75,1680806.25,1754950.875,1793231.375,1837232.375,1952628.125,1762071.0,1790911.0,1614355.75,1609255.125,1737215.625,1755238.25,1589978.125,1519711.125,1481546.875,1452718.25,1620639.375,1549442.75,1810091.125,1666913.75,1501388.125,1489561.25,1823110.125,1696994.0,1543388.125,1523459.625,1572423.25,1381381.625,1418393.0,1379221.375,1570004.75,1503412.375,1536782.75,1687026.5,1647977.75,1738278.625,1390094.375,1259244.25,1188848.0,1133689.625,1294412.875,1450322.625,1276705.75,1243191.25,1454511.375,1374224.25,1874313.375,1637507.25,1621393.125,1759817.25,1946396.875,1941052.125,1476154.875,1949189.5,1603739.0,1508919.875,1693479.875,1899299.25,1792655.25,1960081.5,1573490.125,1715930.75,1403745.75,1452801.125,1863410.375,1965619.5,1987966.875,1753325.0,1377387.125,1175269.0,1819656.875,1650602.125,1572596.0,1756555.375,1267731.25,1332876.5,1382442.75,1288235.625,1572263.125,1518787.625,1587682.0,1524651.125,1229093.375,1187532.375,1603665.875,1461960.625,1191131.625,1150095.875,1384899.25,1381980.375,1553665.375,1588072.375,1464034.25,1417345.875,1052382.0,1050761.875,1374281.75,1316539.75,1658549.0,1616416.0,1585660.0,1513004.125,1458579.875,1442188.0,1308978.375,1207572.75,1651100.875,1818098.875,1334978.125,1307168.0,1360739.375,1333182.0,1650749.5,1964851.75,1969829.75,1817503.0,2073747.25,2138673.0,1899081.625,2045925.0,1973741.25,2012240.0,1967457.5,2195148.0,1958696.875,1880340.5,2189402.5,2078758.0,1776140.125,1722416.75,2192757.25,2043582.625,2042518.125,2305933.75,1788217.75,1787821.0,1973290.0,1880848.625,1842192.375,1778068.625,2077782.0,2200857.25,1950937.625,2035013.875,2243785.75,2357044.75,1943195.375,2008814.0,1738014.0,1753530.125,1596883.0,1523048.625,2059745.375,2031272.125,1805256.375,1851933.0,1783915.125,1751426.25,1663467.875,1491604.25,1578885.5,1584019.5,1974540.75,1767724.125,1853020.125,1649013.875,1654525.5,1604952.375,1909628.75,1924770.125,1630152.125,1667258.5,1733426.5,1994997.5,1567087.875,1625826.0,1941770.375,2214190.75,1873399.125,2025823.375,1714158.625,1802643.875,1810191.875,1653760.25,2067974.125,2130958.75,1884888.375,2001471.5,1813776.5,1868964.125,2304118.0,2400690.0,1713803.0,1587833.125,1771628.125,1619237.75,1408545.375,1462816.875,1539300.75,1500184.25,1723170.375,1781677.625,2077046.625,2164972.5,1150716.75,1103446.875,1245585.625,1156117.0,1330120.5,1273477.375,1808335.0,1727382.5,1873210.875,1837103.75,1364586.875,1385164.0,1353855.25,1603151.875,1240137.625,1338046.5,2519162.25,2555708.5,1341708.625,1248631.625,1861147.25,2050426.875,1468549.0,1678389.375,1730196.375,1679714.125,2343747.0,2081460.125,2086845.875,2426045.5,2217648.5,2757287.75,2876008.75,2922001.75,1691278.125,2043094.125
102,1901670.5,1805702.5,1749459.125,1513747.625,1552913.25,1395205.0,1873651.0,1679223.0,1755490.25,1793682.375,1837856.75,1954059.25,1762963.0,1792100.375,1616394.75,1607016.0,1738568.625,1755367.125,1590898.625,1515619.375,1483639.125,1451389.375,1624945.0,1548490.375,1813782.875,1665609.125,1507328.875,1490740.125,1823395.5,1690545.375,1540261.5,1521322.625,1573150.5,1381393.875,1418356.25,1377944.125,1571131.5,1499374.25,1538040.75,1687950.75,1649948.125,1739379.625,1392766.25,1259192.125,1190286.5,1134894.75,1296627.125,1452038.875,1279056.125,1244255.5,1455164.375,1374593.5,1876938.125,1635305.125,1624097.25,1760743.125,1946638.875,1942416.375,1462431.375,1941086.125,1606420.625,1508466.125,1694736.875,1894588.0,1793042.125,1959372.75,1571295.125,1715826.875,1402066.0,1451156.75,1859262.125,1963586.25,1988743.5,1752453.375,1373449.0,1173549.375,1825341.875,1646097.125,1571510.625,1754376.875,1266650.875,1331576.875,1380806.75,1283722.5,1570296.75,1520231.25,1589114.75,1524474.375,1227898.0,1185415.125,1604324.625,1462246.25,1190072.875,1148721.5,1380573.75,1377018.875,1551832.0,1590120.875,1460414.75,1417179.875,1049093.875,1049366.875,1371604.375,1316207.875,1659443.375,1618189.375,1586582.5,1512334.375,1458992.625,1439860.25,1305726.125,1207862.875,1650593.5,1816889.25,1331126.625,1302415.875,1357246.125,1331378.875,1652695.75,1965800.25,1967874.875,1814397.0,2070526.5,2134717.25,1895145.375,2039690.75,1969715.75,2010001.25,1970723.5,2195325.5,1959049.875,1877348.0,2190630.5,2079248.875,1771965.625,1721507.25,2192438.0,2045819.625,2044948.875,2303475.0,1788177.875,1786078.0,1974402.125,1887018.125,1842495.5,1776167.875,2072669.125,2194243.5,1950330.625,2033593.0,2244890.25,2357070.25,1941773.125,2007345.625,1739471.0,1754569.75,1597771.375,1523169.625,2061318.75,2031420.625,1805713.625,1849681.625,1785388.25,1750997.375,1666169.375,1492487.0,1578821.625,1580228.5,1974852.875,1767899.875,1855200.125,1650304.0,1654608.25,1602763.125,1907829.0,1922288.375,1630797.75,1668636.5,1733596.875,1995012.625,1571751.375,1626212.75,1946273.5,2219782.5,1873509.625,2026039.625,1713344.375,1800716.375,1813684.5,1654909.375,2072711.375,2135129.75,1890263.0,2002668.125,1815149.625,1872854.875,2308097.5,2403959.5,1713016.25,1586234.5,1771715.875,1623606.875,1406310.125,1464651.875,1538225.625,1503591.25,1723849.875,1782013.5,2077883.75,2164357.25,1150163.0,1102621.125,1247768.875,1158109.25,1330817.625,1271156.125,1811435.875,1726841.25,1873753.875,1837299.0,1365550.75,1384932.875,1357267.375,1604213.0,1240457.125,1338880.875,2520217.5,2554430.5,1343726.375,1250923.375,1860928.25,2049180.125,1469508.25,1679870.75,1728850.75,1679185.125,2341736.5,2082331.75,2082325.875,2423789.75,2214764.5,2755651.5,2871330.25,2922324.75,1691430.0,2042394.0
103,1902338.0,1805537.5,1747972.125,1515220.375,1553964.875,1393883.25,1870379.75,1681853.125,1752650.0,1792266.375,1836313.625,1955461.75,1760573.875,1790320.75,1617361.875,1606940.0,1740218.125,1759415.75,1590078.5,1515707.125,1483631.0,1451908.5,1624389.125,1551667.0,1814738.125,1668990.125,1509496.875,1490999.375,1825370.375,1689864.5,1536698.875,1522788.875,1570726.375,1384639.125,1414852.375,1380916.875,1569363.625,1498845.0,1537924.625,1688500.375,1648869.375,1737158.625,1390471.125,1257231.625,1191696.375,1136043.125,1295497.0,1447771.25,1280516.5,1243226.625,1454193.875,1374500.375,1875576.125,1637692.875,1625907.25,1769071.125,1944305.25,1950849.875,1451295.0,1935608.875,1606663.375,1507394.75,1695975.375,1898042.5,1792726.0,1958386.625,1564601.25,1707704.25,1400193.25,1452092.875,1854842.75,1962815.375,1984575.0,1753000.125,1371301.25,1168988.625,1823395.5,1642358.25,1570991.625,1750517.5,1266525.75,1328929.5,1379793.125,1279600.0,1571255.75,1519445.0,1588866.625,1523985.75,1228512.375,1186501.75,1606835.5,1461538.375,1191618.125,1146724.625,1378896.125,1376044.0,1556195.5,1590713.25,1461920.875,1418063.625,1049572.875,1047692.375,1372161.25,1314345.75,1661249.625,1618997.625,1587774.5,1512383.75,1458478.75,1440171.25,1307694.625,1207742.625,1652714.875,1815742.25,1333785.625,1302913.375,1360537.75,1331436.0,1650919.375,1965794.0,1970087.625,1819480.75,2068371.875,2132357.25,1897025.625,2041767.875,1967541.5,2011935.375,1974404.875,2203728.0,1958557.5,1880282.375,2194020.75,2080849.625,1771573.25,1717903.0,2191107.75,2047541.625,2047366.375,2308384.75,1784873.0,1787910.75,1972063.125,1885954.0,1843769.75,1775761.25,2072559.25,2193827.25,1951841.0,2033368.375,2244832.25,2357590.25,1939832.5,2005181.125,1737595.875,1760722.0,1597387.625,1521694.5,2060979.875,2040030.5,1803694.375,1850250.625,1781360.25,1750046.75,1667507.875,1495752.75,1580693.0,1581253.0,1973052.0,1770625.5,1853038.75,1649819.25,1654211.875,1604062.625,1906547.625,1920606.125,1629293.125,1667092.125,1732521.125,1997233.625,1576065.0,1628907.5,1946604.5,2222336.75,1872271.125,2025184.75,1710917.0,1798194.875,1815186.0,1655654.0,2072425.375,2134254.0,1884843.5,2003324.5,1818036.375,1875953.0,2306555.0,2402836.75,1716732.125,1587387.25,1774678.75,1623130.125,1406936.0,1465494.875,1539807.875,1503947.875,1725004.875,1784379.375,2078998.625,2166162.25,1150276.5,1103062.375,1248355.5,1158553.0,1331101.0,1268408.75,1813586.625,1725977.375,1876429.5,1838054.5,1366432.625,1385952.125,1358670.375,1603623.25,1241808.375,1340111.125,2523639.0,2555773.75,1344723.0,1251789.25,1866594.625,2057420.375,1470222.875,1679274.625,1728666.25,1677049.125,2346968.75,2088321.625,2084481.5,2425737.75,2219061.75,2760682.75,2875131.0,2923719.75,1692410.375,2043418.0
104,1900791.625,1804106.5,1747081.875,1511863.875,1555431.375,1393751.125,1871895.625,1678469.0,1752416.875,1791817.375,1838624.0,1955000.25,1762770.5,1790669.375,1618431.5,1606389.125,1744306.0,1758649.375,1591556.0,1517190.375,1486023.25,1451602.875,1625018.0,1547462.5,1816633.625,1663933.5,1507788.75,1493652.375,1829299.25,1693323.0,1543134.75,1524531.125,1574488.0,1385922.375,1417770.375,1385216.625,1570943.625,1501737.375,1537988.375,1690862.125,1648657.875,1737098.25,1390743.625,1259987.75,1190866.375,1135401.375,1294413.5,1447802.0,1279911.5,1242934.75,1454883.0,1376410.5,1876964.875,1634926.625,1628270.25,1767144.0,1944380.25,1947594.875,1456679.875,1934298.0,1608393.0,1508524.75,1697588.0,1899799.25,1787561.25,1955637.625,1563498.75,1706809.0,1401510.5,1450338.625,1857929.0,1964379.875,1987913.375,1756641.0,1369831.25,1174709.25,1831492.75,1651227.625,1572737.375,1759831.5,1262545.375,1331685.25,1380760.375,1284284.875,1568491.375,1523394.375,1591507.125,1529117.0,1226757.625,1191396.25,1603460.875,1465080.625,1191544.875,1148468.5,1378054.25,1382208.625,1554282.875,1594160.125,1462805.5,1420507.5,1047975.125,1051508.25,1371518.75,1317062.0,1658229.875,1616894.0,1584524.875,1514592.25,1459622.625,1442303.25,1306080.875,1210284.875,1652471.0,1816092.5,1331784.5,1301768.625,1360997.5,1329698.75,1647844.875,1963062.5,1972397.125,1822585.0,2071427.5,2138204.5,1896901.375,2038886.5,1968176.5,2008024.125,1974423.125,2203649.0,1958629.0,1879630.125,2195977.75,2080812.75,1771336.5,1718160.375,2196477.75,2046295.125,2050622.875,2310069.0,1789455.875,1787215.875,1973137.875,1884624.25,1848034.75,1777540.625,2069554.375,2189250.25,1948600.125,2028475.625,2244868.25,2357885.75,1941710.875,2005658.25,1740788.5,1757597.25,1599962.125,1522064.625,2063928.5,2037439.5,1803628.75,1844590.75,1782739.75,1749675.875,1671081.625,1495448.375,1582380.625,1582648.625,1982440.0,1773236.25,1854956.125,1647769.625,1655615.25,1604475.5,1910024.75,1924347.0,1630640.75,1667864.25,1732270.0,1997309.875,1584701.625,1630748.125,1944526.25,2217718.5,1871905.625,2026197.5,1711520.5,1798675.625,1811780.25,1649202.5,2069535.875,2130935.5,1881842.125,2002621.25,1817033.375,1872490.375,2304960.5,2401009.5,1714106.125,1588195.0,1770615.75,1623743.125,1402888.375,1462956.25,1537340.625,1503860.25,1721651.125,1781244.625,2078050.0,2165050.5,1151371.0,1103647.0,1247382.75,1157681.0,1330052.75,1267464.875,1812137.0,1725339.25,1875080.125,1836668.75,1366783.5,1387189.375,1355219.125,1601450.25,1241388.625,1340345.625,2526679.0,2557467.0,1342763.75,1250873.125,1863915.125,2053190.25,1470499.25,1680849.625,1725940.125,1678336.5,2346616.5,2086302.125,2081236.375,2421952.75,2217244.5,2757753.0,2872941.75,2922934.0,1692240.125,2041651.25
105,1901880.875,1804919.625,1751813.5,1509148.75,1563341.875,1394966.75,1877323.0,1671574.125,1755182.125,1793112.375,1844411.625,1955652.125,1769634.25,1793961.5,1621672.25,1605063.375,1749159.375,1755251.125,1596544.75,1516705.625,1489512.25,1448176.125,1629604.875,1536796.625,1823249.5,1653514.25,1506047.125,1496409.625,1832901.875,1694339.75,1549578.25,1521811.5,1579915.375,1382987.625,1422429.0,1381962.125,1573325.25,1501149.0,1536011.125,1690115.125,1648524.75,1736590.75,1390710.5,1261958.875,1188411.0,1133942.75,1292674.0,1449732.75,1278741.5,1243054.125,1455074.375,1377127.625,1884797.5,1628163.875,1633830.625,1757765.75,1951800.875,1938484.75,1468120.5,1933716.125,1609197.125,1509293.25,1699712.125,1894984.25,1785584.125,1957397.0,1568018.625,1713021.625,1398394.0,1445391.75,1859147.25,1961704.125,1990542.875,1755523.5,1365371.125,1176038.5,1836178.625,1653335.375,1565160.125,1762148.375,1258010.25,1337551.25,1377913.625,1288736.875,1564500.5,1530241.875,1592607.5,1529277.625,1223282.25,1193768.5,1601951.25,1472376.25,1187676.75,1151118.25,1374399.875,1388012.75,1548279.875,1602548.375,1458216.25,1424842.375,1041975.0,1057121.5,1366205.375,1321738.5,1655330.125,1618211.875,1582283.75,1515972.875,1458556.625,1441748.875,1298725.375,1211264.25,1649994.5,1815720.25,1323302.875,1297130.5,1356598.375,1325032.875,1643366.125,1962772.25,1971869.75,1818757.25,2073197.5,2138479.0,1894925.875,2030788.75,1968139.5,2000991.375,1973817.0,2197073.5,1959350.125,1873527.25,2197265.5,2077999.125,1769051.125,1721520.5,2202112.75,2040976.75,2054736.25,2305285.0,1798640.25,1782075.375,1973966.625,1886414.75,1850363.625,1777179.0,2065276.875,2186528.25,1944001.5,2025760.875,2244389.0,2357333.5,1945087.5,2007266.875,1749877.25,1748463.125,1602763.125,1523673.75,2071447.5,2025550.0,1808959.0,1839364.625,1786828.25,1748704.375,1675448.0,1492070.25,1583557.625,1580336.5,1988413.125,1770559.5,1859380.25,1645820.125,1658223.375,1600553.125,1911786.625,1926653.625,1633597.5,1670173.5,1734560.875,1995567.375,1581552.0,1626034.5,1945937.125,2217256.25,1873935.875,2030128.75,1713993.75,1798002.125,1814540.125,1648580.0,2069834.625,2131709.5,1890220.125,1997478.125,1815945.5,1872923.125,2307965.25,2403416.75,1709931.375,1590425.875,1763532.5,1630494.125,1398138.375,1465607.75,1533484.25,1508527.5,1718935.75,1776886.625,2076242.5,2161797.5,1150043.375,1100837.125,1248373.875,1156056.375,1328708.625,1267535.375,1810574.625,1723344.25,1873890.75,1838769.375,1366005.375,1387812.75,1353165.875,1603945.5,1240913.25,1341753.375,2523166.0,2556192.75,1339725.75,1249584.0,1858814.0,2046697.125,1470262.25,1681421.375,1722144.0,1680551.375,2340076.5,2079369.875,2074119.75,2417742.25,2209753.0,2754050.0,2867577.25,2917866.0,1690803.5,2042126.0
106,1904585.625,1808425.25,1754871.5,1512094.5,1566397.375,1397676.625,1877377.75,1671614.125,1754356.625,1792091.125,1843642.5,1956293.625,1771127.0,1795286.375,1622706.125,1606994.875,1747678.25,1756414.375,1598456.625,1519194.125,1487217.75,1446812.625,1628754.5,1537490.25,1823288.75,1654286.375,1505825.25,1495469.75,1829192.375,1693058.5,1543676.0,1517047.25,1576654.5,1381914.5,1419880.75,1378934.625,1571061.75,1498697.75,1532803.0,1686222.75,1646964.625,1733935.125,1387907.875,1260743.125,1186949.375,1134052.25,1290669.25,1448496.375,1277230.0,1241739.25,1455433.375,1376762.25,1884275.75,1627696.25,1632327.25,1755689.125,1952928.5,1938239.75,1467947.875,1934675.125,1607047.75,1506482.875,1698028.5,1892726.875,1789660.0,1961149.125,1570113.75,1713223.75,1396498.125,1447440.625,1855816.625,1959947.25,1985486.625,1750757.875,1365598.625,1168633.25,1829844.625,1645288.875,1559965.5,1752403.625,1261364.0,1335978.875,1377752.75,1287801.25,1568572.875,1528721.0,1587798.0,1523967.375,1223697.375,1190695.0,1604269.0,1470767.25,1187049.75,1149934.625,1376570.125,1386284.75,1549466.5,1602620.875,1456076.75,1425817.375,1042181.5,1056032.25,1365253.0,1320572.75,1657989.75,1621350.375,1585249.5,1513533.0,1456794.25,1439502.875,1298784.625,1208299.625,1650113.375,1815573.875,1325527.5,1298614.375,1357719.75,1325052.25,1646187.25,1969686.0,1967831.75,1815779.0,2071915.0,2133661.0,1895032.875,2030043.0,1964051.25,2000061.25,1972596.375,2195157.25,1958603.25,1871939.0,2196131.0,2074260.5,1767493.75,1721870.625,2196747.75,2037160.5,2051169.125,2301702.75,1797957.5,1781199.5,1971689.25,1889347.5,1847094.25,1775645.25,2071410.625,2194051.25,1945943.125,2031439.125,2241970.0,2356358.5,1945346.375,2007611.25,1748135.25,1746954.0,1599414.25,1522631.75,2069427.125,2022997.375,1809612.0,1843627.75,1784973.625,1748208.875,1673583.375,1492142.0,1583933.625,1580769.75,1981024.125,1767915.625,1858906.0,1645831.25,1658418.875,1599905.875,1909474.125,1924012.875,1632525.25,1668630.5,1736665.375,1996071.5,1564620.5,1620553.75,1944234.625,2216823.5,1875563.125,2031365.25,1713506.125,1797650.375,1819256.75,1655291.125,2072513.125,2133752.75,1892800.875,1999460.625,1816589.125,1878041.25,2309823.75,2404297.5,1713313.125,1591918.625,1766177.625,1631786.875,1403917.5,1471144.75,1535762.0,1510330.5,1718829.375,1774859.125,2073586.5,2158726.75,1148591.875,1098355.5,1250038.875,1154760.625,1328676.75,1268913.875,1810761.375,1722085.75,1876243.875,1841532.625,1364814.375,1386761.375,1354277.75,1606918.625,1242132.0,1342229.625,2519351.0,2555744.0,1339020.375,1248152.375,1862780.375,2054248.5,1468589.5,1678508.875,1722644.25,1677923.25,2341429.75,2079595.5,2076607.75,2420464.75,2210386.25,2756462.0,2872542.5,2915848.75,1690031.625,2044129.0
107,1905068.875,1810642.375,1751191.5,1514242.0,1560345.75,1398892.625,1872517.625,1676302.25,1752535.625,1792451.875,1837846.25,1955461.375,1767626.5,1793069.0,1619448.25,1609253.75,1743296.375,1757581.875,1596777.0,1524408.0,1482994.625,1449644.5,1621881.875,1544603.0,1816060.125,1662557.875,1505557.375,1493304.125,1823709.375,1692600.0,1537023.625,1516770.5,1571003.875,1383793.625,1416145.875,1383437.25,1569824.125,1499826.25,1533753.625,1686104.25,1645925.125,1733343.0,1387847.5,1261388.125,1187731.75,1135300.375,1292310.125,1447504.125,1277539.5,1242310.0,1456907.25,1378096.0,1876279.75,1630938.75,1625340.5,1758814.875,1945799.125,1941046.75,1461779.25,1936898.875,1605452.25,1504024.375,1694116.875,1895334.875,1791627.125,1961913.875,1568120.25,1710021.625,1397824.0,1450353.625,1859996.625,1963204.75,1985655.75,1751575.625,1373343.25,1168644.875,1827343.25,1641755.25,1568177.875,1751824.5,1267497.75,1330041.625,1382251.875,1286334.625,1574455.5,1524165.25,1586096.0,1522850.0,1226529.375,1187291.875,1605919.25,1464759.0,1189812.5,1148614.875,1382153.625,1382494.375,1554268.625,1594256.0,1462142.5,1422823.625,1048513.3125,1051648.75,1369994.875,1317117.875,1660018.0,1619611.875,1587570.75,1511744.125,1458487.75,1437703.625,1304278.625,1204426.0,1650810.5,1817266.75,1329193.0,1299103.125,1357478.875,1328330.125,1652175.375,1968930.0,1965402.5,1818269.25,2073789.25,2137308.75,1898683.5,2037713.0,1963723.625,2004843.125,1971236.75,2196736.0,1959501.75,1876813.75,2193162.5,2074199.875,1769898.25,1721356.375,2190151.25,2040901.5,2044673.25,2303129.0,1794628.0,1789645.875,1971088.125,1892216.0,1846477.625,1777751.75,2079516.0,2199686.0,1950417.375,2034129.625,2240608.0,2355265.0,1943465.0,2007200.75,1738730.25,1750032.75,1595042.125,1520372.375,2061025.875,2027119.125,1805486.375,1848702.375,1784362.75,1751388.125,1669201.5,1494555.0,1583717.0,1584197.25,1974548.75,1770215.75,1855522.125,1647778.25,1656766.625,1603192.125,1908647.25,1923664.0,1630752.75,1666800.25,1735381.25,1997479.5,1556129.875,1620150.25,1942518.25,2217030.25,1875402.625,2031202.125,1711897.75,1798953.125,1816281.5,1655662.75,2072550.875,2132567.25,1888795.125,2005026.75,1815216.375,1875269.125,2307385.0,2401110.5,1716735.375,1589927.75,1773216.125,1625541.5,1409017.5,1468582.5,1538164.0,1505669.75,1719442.75,1776468.125,2072558.875,2159289.75,1148053.5,1099704.625,1248014.875,1155585.25,1328422.75,1269787.875,1811088.25,1723909.5,1876574.25,1840297.0,1364748.875,1385092.875,1356722.75,1606634.875,1242423.375,1340539.5,2520098.75,2555984.25,1340691.875,1247773.125,1864737.625,2057469.75,1466789.0,1677074.625,1725363.75,1676199.75,2344443.0,2084287.75,2081007.5,2422657.75,2214509.5,2756109.0,2874535.5,2917397.75,1689568.75,2044118.75
108,1904359.5,1810283.875,1746956.875,1510578.625,1554586.375,1396585.875,1871192.75,1680157.875,1754337.5,1796608.375,1836532.0,1955069.25,1765524.125,1789715.25,1616607.25,1607312.75,1742463.125,1754991.0,1596024.125,1524889.5,1483117.0,1451756.625,1618290.625,1543943.625,1812905.875,1666773.0,1503835.375,1491478.375,1825546.375,1693270.25,1540955.25,1519649.5,1571883.5,1383788.625,1417400.375,1386514.875,1573240.5,1502424.5,1537716.125,1687787.0,1644723.125,1732749.0,1391716.25,1262332.875,1189323.875,1136129.125,1294086.75,1445828.5,1279982.25,1244667.875,1458442.625,1379027.875,1876599.75,1632682.25,1625049.125,1761706.75,1945188.25,1941354.0,1465506.25,1941456.25,1605384.25,1505387.5,1694101.125,1896234.125,1790731.625,1961429.25,1567246.875,1710497.0,1394046.75,1446916.25,1867013.125,1963724.75,1991540.875,1755913.875,1379352.375,1172326.125,1828538.875,1641653.125,1574972.5,1757696.5,1269675.75,1327022.75,1382918.125,1283881.5,1573826.0,1522566.875,1592145.125,1523336.375,1228564.875,1186226.875,1610091.875,1465564.0,1191559.125,1149609.5,1382102.125,1381431.75,1556135.25,1589579.125,1468656.0,1419089.875,1051020.625,1050166.875,1371932.75,1316462.0,1658260.5,1616658.625,1587397.875,1512626.625,1459600.625,1436663.625,1303184.125,1202167.125,1649115.875,1818804.375,1322245.875,1294602.875,1351305.5,1328186.125,1648154.0,1959791.5,1970415.625,1820899.75,2077410.75,2141541.25,1906061.25,2045532.5,1972445.875,2011630.75,1972269.5,2198539.5,1962806.625,1881565.625,2193528.25,2078454.75,1773585.75,1721065.125,2191544.0,2044249.25,2045654.0,2306524.0,1796502.25,1794899.75,1970426.0,1889036.25,1849470.25,1779239.875,2078713.5,2199005.0,1950908.75,2028965.875,2242561.75,2354629.5,1940850.125,2004998.875,1737947.25,1751755.0,1595829.0,1519879.25,2060767.5,2029086.25,1805390.25,1849318.5,1786924.25,1754790.5,1668295.875,1494358.375,1584279.0,1584589.625,1975662.5,1772180.875,1852617.125,1649225.125,1656186.875,1604352.875,1906326.625,1923074.25,1631625.0,1667726.0,1733328.375,1997869.625,1556785.875,1619458.25,1945925.875,2223576.75,1873606.25,2030777.5,1712048.625,1797154.375,1814595.0,1654685.0,2070096.875,2131133.0,1890647.5,2000406.375,1813371.125,1868851.875,2304820.0,2399403.5,1714027.875,1587824.0,1774349.125,1621590.0,1404962.625,1462961.25,1538153.5,1503445.25,1720624.0,1779807.25,2075917.375,2163006.5,1145815.625,1101005.0,1245535.75,1157188.875,1327167.875,1268324.5,1810718.625,1726761.25,1873937.25,1838340.25,1366137.375,1385834.125,1358704.75,1604913.5,1242091.5,1340265.5,2518711.0,2552813.75,1342447.375,1249767.75,1860706.625,2050060.0,1467646.125,1676785.375,1727388.0,1679525.875,2339655.5,2084723.625,2080308.625,2421673.5,2212382.25,2752832.25,2867077.0,2917007.0,1688950.5,2045482.875
109,1904751.375,1810579.625,1746372.75,1506822.75,1554074.125,1395007.875,1872347.375,1682959.75,1755295.5,1796889.75,1837570.625,1954835.5,1764914.375,1788755.25,1617053.5,1606474.25,1741223.625,1754157.875,1596775.0,1522719.375,1483187.25,1452640.875,1617671.5,1543178.25,1814612.875,1667615.625,1501575.625,1488735.75,1828268.5,1692735.0,1543024.625,1520560.375,1573448.5,1382318.125,1418708.75,1381696.0,1574733.125,1502868.625,1538578.375,1686084.5,1642489.125,1730493.75,1394026.75,1259431.75,1189806.25,1135954.0,1290597.0,1440914.875,1279538.875,1243498.75,1461001.125,1377828.5,1881224.125,1635980.5,1627635.0,1764161.5,1949197.375,1943874.625,1469665.375,1944989.125,1606926.25,1507438.75,1696798.375,1895365.5,1792072.5,1960721.625,1568569.5,1710422.125,1389133.0,1446025.5,1865205.75,1965165.125,1992274.0,1759183.625,1380354.375,1171776.5,1827705.5,1639448.875,1573180.75,1758661.375,1270798.125,1323902.5,1379598.5,1278629.625,1572521.875,1517665.75,1595005.125,1521853.5,1230580.125,1184653.0,1613620.25,1464681.75,1191630.875,1148181.75,1380251.625,1377738.125,1557707.5,1587753.0,1467980.375,1414928.0,1048983.625,1047994.8125,1370900.375,1315041.625,1658489.625,1617857.875,1588257.125,1511305.625,1457538.125,1436319.75,1299449.0,1201827.125,1647970.625,1817625.75,1318783.75,1295905.125,1350984.125,1326588.25,1639833.75,1961050.5,1975036.5,1821131.625,2076071.375,2139524.0,1906439.25,2047086.5,1975074.0,2013092.25,1973749.75,2199580.25,1962182.625,1882419.75,2195235.75,2080006.0,1773170.25,1718236.125,2189458.5,2038559.625,2046840.625,2306712.75,1791682.875,1789018.875,1965354.125,1883262.5,1848078.0,1776530.5,2075654.5,2199528.25,1949686.375,2027757.0,2244728.0,2355256.25,1937696.125,2001213.75,1740554.75,1754477.25,1597593.0,1520916.5,2062273.375,2032315.125,1805758.25,1851670.5,1785414.125,1754327.125,1670089.75,1494177.875,1585880.0,1584625.25,1978912.125,1773841.75,1851290.125,1650459.25,1655910.5,1605232.5,1900412.625,1917144.5,1631359.5,1666972.5,1733743.375,1998996.5,1555864.875,1618418.25,1944957.0,2224530.25,1871848.0,2028012.25,1711652.0,1796182.875,1820537.25,1663494.625,2071337.875,2135007.25,1895637.375,1997650.0,1814459.375,1871264.5,2306548.5,2401554.25,1714278.375,1588916.875,1774824.375,1620970.125,1408716.125,1467504.625,1543337.75,1505586.25,1722558.875,1780067.875,2078415.125,2161708.25,1143034.5,1099516.875,1246551.5,1156999.625,1326504.0,1266091.5,1809456.25,1726100.75,1872958.0,1835465.875,1367043.125,1387741.25,1356987.375,1601841.0,1242746.125,1339390.75,2516778.25,2552145.5,1343404.625,1251448.125,1859678.75,2049257.875,1469090.75,1672745.75,1727921.75,1680090.875,2337840.75,2081342.625,2080092.625,2420638.0,2208401.0,2752479.5,2866376.75,2918299.25,1688298.125,2044400.875
110,1905213.0,1810662.125,1747201.625,1506853.75,1556639.375,1396642.0,1872093.625,1682131.0,1753418.75,1792377.625,1835511.0,1952918.375,1764792.75,1790624.25,1618554.625,1609127.75,1738940.25,1755573.875,1597363.875,1522931.625,1480622.125,1453739.0,1616654.25,1546582.875,1816506.625,1666219.875,1502236.25,1488654.125,1825188.0,1690416.75,1537685.875,1519365.125,1571739.375,1381159.625,1416719.125,1375639.0,1571853.25,1502022.625,1536267.25,1683746.375,1643038.625,1731282.875,1392371.0,1256705.875,1189057.0,1134216.5,1289306.625,1442043.75,1277074.0,1240891.0,1461612.375,1376137.125,1880569.125,1638699.125,1626384.125,1763254.5,1948019.375,1946354.5,1463961.875,1941709.25,1610050.625,1507569.125,1698103.5,1895366.25,1792046.375,1958921.875,1567874.75,1707805.5,1393065.0,1450627.125,1861055.875,1970738.25,1990119.875,1759223.5,1379496.125,1173066.0,1826534.0,1639713.75,1570375.25,1758062.375,1270706.5,1323360.5,1377918.25,1278451.75,1572589.375,1513599.125,1590547.5,1522965.25,1231108.75,1183983.25,1607742.875,1459034.375,1190907.25,1146227.25,1381138.625,1374144.375,1557444.125,1586173.625,1463998.375,1412502.625,1047357.75,1045662.25,1370601.625,1312748.625,1661310.75,1620004.0,1587976.25,1509127.875,1456516.125,1437724.0,1300233.375,1203558.375,1649189.5,1814585.75,1325406.5,1301568.5,1358214.25,1327269.75,1639404.75,1969283.75,1971616.875,1821059.75,2073559.375,2139095.5,1895681.875,2042142.25,1966948.375,2006264.875,1972773.875,2198291.75,1957766.625,1879244.0,2192452.0,2076963.0,1770339.375,1717203.125,2182614.25,2033308.875,2043034.75,2303706.25,1782986.125,1783072.375,1962761.5,1884578.0,1845126.75,1775369.125,2074140.375,2198306.25,1949102.5,2031108.125,2244182.75,2356229.75,1936917.5,2000871.25,1739127.25,1756716.0,1598478.5,1522027.375,2059459.875,2035199.625,1802562.625,1853441.625,1784076.25,1752406.125,1670860.875,1495661.875,1585936.125,1586371.5,1979310.75,1775127.625,1854488.0,1651534.5,1656017.0,1607232.25,1899729.125,1914812.25,1629437.625,1664359.0,1734006.875,1998094.375,1555086.875,1620347.875,1938102.875,2214622.75,1871612.75,2025840.0,1710421.125,1800137.875,1824365.375,1670077.25,2076861.0,2141009.25,1897920.625,2006057.375,1816689.125,1877158.875,2309878.5,2403331.0,1718668.0,1590989.875,1777015.875,1621331.375,1418961.125,1475237.375,1546204.375,1505923.125,1723965.875,1779085.5,2076605.75,2156451.0,1145479.375,1099580.625,1247886.375,1156079.375,1327818.875,1266384.875,1808714.0,1722654.25,1874047.5,1833389.375,1367108.75,1388114.625,1354156.25,1601172.5,1243639.125,1338214.375,2520103.0,2555853.25,1344384.0,1251102.0,1861984.625,2055143.875,1469586.375,1671269.875,1727346.875,1677021.25,2343433.0,2079991.75,2081590.0,2420476.75,2210041.5,2753625.5,2872603.0,2922221.0,1689482.0,2040217.25
111,1904294.625,1807557.625,1747622.125,1506120.125,1559106.875,1397338.25,1872531.375,1676025.5,1752231.875,1790600.625,1833795.375,1950959.625,1765850.625,1791966.625,1618681.875,1608373.875,1741080.875,1754242.5,1597079.875,1522452.125,1481319.75,1452144.875,1618413.375,1543537.625,1818465.5,1661269.25,1506527.625,1494170.0,1821869.75,1688572.125,1537412.5,1517430.0,1571977.625,1378963.625,1415622.375,1374765.125,1570252.625,1501636.75,1534252.75,1683397.875,1647156.75,1734498.375,1390924.125,1259294.0,1188251.5,1132366.75,1295734.125,1452098.375,1278470.625,1242879.75,1457514.625,1375429.75,1879155.125,1635098.5,1626392.125,1759473.25,1945680.875,1943388.875,1460154.75,1936688.875,1611173.75,1508263.0,1697871.0,1893871.75,1787279.625,1956043.625,1566088.5,1707263.375,1399803.0,1450905.875,1864467.125,1971389.5,1993087.5,1756951.125,1376915.5,1178254.75,1827871.625,1645278.25,1571541.0,1761200.125,1267097.125,1329513.875,1380011.5,1284526.125,1567596.5,1518842.125,1588884.125,1526312.125,1228166.625,1188822.75,1597947.375,1459999.75,1191477.25,1149366.875,1382607.875,1379510.25,1551730.25,1588684.625,1462701.375,1413341.125,1047327.5625,1049588.25,1369999.5,1314147.5,1661038.75,1619731.75,1583998.25,1510764.625,1456990.125,1440239.625,1300304.75,1205211.25,1649606.75,1813277.0,1328599.375,1300762.0,1360978.625,1329155.5,1646611.75,1965953.5,1969393.375,1820179.25,2076494.875,2143317.25,1890349.25,2037471.875,1964176.375,2000599.75,1970063.25,2195904.75,1957341.0,1876088.0,2188786.25,2075749.375,1767889.625,1719406.125,2184893.25,2035543.125,2042219.375,2302394.25,1786155.25,1782456.5,1967150.75,1888431.375,1847233.125,1777382.875,2071404.0,2191325.75,1947412.0,2028132.375,2243528.75,2356674.5,1939524.0,2004383.875,1740151.5,1754811.875,1600781.125,1523189.5,2061398.125,2032247.875,1802612.625,1849636.25,1789666.125,1753600.875,1669810.75,1494576.375,1583508.375,1585127.625,1980130.625,1771867.25,1860016.5,1650864.5,1657977.0,1606491.25,1905220.625,1919963.25,1629843.25,1665345.0,1733760.125,1994775.375,1557098.375,1620242.625,1938643.625,2210254.25,1870673.25,2025873.0,1711466.25,1801727.0,1821919.875,1664804.0,2079003.125,2141218.75,1899823.75,2012547.25,1817658.875,1875576.5,2309827.25,2402681.5,1717678.75,1592129.75,1773945.875,1624147.75,1416524.0,1473905.0,1538698.5,1505997.0,1722260.0,1778769.375,2074375.375,2155159.0,1152369.5,1103823.75,1247942.25,1157095.0,1330427.75,1268786.5,1809674.625,1722594.625,1873161.625,1836823.0,1366764.625,1387958.875,1355157.25,1603339.625,1244228.625,1341424.125,2523196.0,2555208.75,1344517.125,1251540.75,1862372.875,2052711.875,1470023.875,1679216.375,1727324.875,1678610.25,2345328.75,2083435.25,2081597.375,2421257.75,2213348.25,2751766.75,2870519.0,2921126.75,1692313.5,2042562.5
112,1902057.625,1807257.5,1746722.25,1505357.5,1556970.375,1397193.75,1872812.75,1676258.625,1752924.375,1794615.625,1835665.5,1952343.75,1765685.375,1791665.875,1617556.875,1606356.5,1744001.5,1753698.875,1595478.0,1522470.375,1483945.875,1450395.375,1620940.625,1541152.625,1818103.25,1662046.125,1507827.375,1497043.875,1824099.625,1690394.0,1541409.125,1517530.0,1571891.125,1377943.75,1417087.125,1377596.75,1571211.5,1502051.625,1533235.0,1683278.0,1648981.5,1734741.0,1391728.5,1261789.375,1188075.75,1132741.75,1298931.125,1453488.75,1280634.0,1245916.625,1453648.0,1375646.125,1877967.5,1633744.875,1626706.875,1760513.5,1946296.5,1941740.875,1464123.875,1939122.5,1607574.0,1509664.375,1696042.375,1894703.0,1787105.875,1956170.875,1567752.75,1709575.75,1397764.625,1445950.25,1869769.5,1967427.625,1995931.875,1757055.0,1374723.125,1178065.25,1829342.75,1646012.25,1576422.125,1762762.5,1266198.0,1331560.125,1383461.5,1282496.875,1564357.5,1522934.75,1591447.5,1524843.75,1226700.625,1192068.25,1597557.0,1463153.0,1193859.125,1151744.0,1383884.0,1383811.375,1551019.0,1589187.625,1465485.625,1412227.875,1049793.0,1052643.875,1370679.75,1315890.375,1658448.25,1617657.5,1581519.875,1512166.0,1456007.125,1439979.625,1300162.25,1203001.75,1647795.875,1816178.125,1322529.5,1294702.375,1355309.5,1329956.875,1650596.625,1955051.125,1971923.75,1818869.625,2079427.25,2145168.75,1897335.625,2041292.0,1969672.25,2004342.0,1968021.0,2197255.25,1961071.125,1879525.625,2188619.75,2079281.5,1768239.25,1719722.75,2191710.25,2039280.5,2043937.0,2306852.5,1792967.625,1785642.375,1971555.75,1886940.75,1850143.5,1778864.625,2073998.75,2189969.75,1948122.0,2023641.125,2245831.75,2357600.5,1942962.875,2007236.125,1740694.625,1754376.75,1600803.5,1523705.875,2064070.75,2032010.125,1805436.25,1847889.375,1792518.75,1756590.5,1668582.75,1492695.25,1581304.25,1583089.25,1980537.25,1769683.0,1857789.5,1650194.375,1657069.875,1604561.125,1907684.25,1922998.75,1632293.125,1669359.75,1735076.0,1995950.0,1562580.375,1619096.0,1947658.125,2220672.25,1870869.625,2027764.875,1714012.25,1798753.5,1818354.0,1660990.75,2073999.125,2137213.75,1897904.5,2008276.25,1816691.75,1869054.5,2307862.25,2403189.75,1714338.875,1592797.625,1771227.5,1623790.75,1408929.625,1469222.125,1536067.875,1506671.375,1721100.0,1780681.375,2074369.375,2158250.75,1151125.75,1105980.25,1246926.25,1158837.125,1329469.25,1268069.5,1809609.625,1726297.875,1871095.0,1839756.25,1365466.0,1387338.125,1357050.0,1602612.875,1243748.75,1342036.5,2521511.75,2552245.75,1342732.375,1251670.75,1859091.0,2041437.5,1468402.625,1683658.125,1727017.75,1681327.75,2341242.75,2087444.0,2079009.0,2419144.0,2210741.0,2749139.5,2863268.25,2915818.25,1691502.0,2045946.625
113,1898468.5,1811600.625,1745214.875,1508556.375,1550259.25,1398783.625,1872233.75,1687727.0,1753780.75,1799093.0,1837374.5,1954794.375,1761692.125,1790746.75,1617046.25,1609130.875,1741331.0,1757947.375,1592066.875,1525593.5,1482199.625,1453187.125,1619200.0,1550181.875,1813941.75,1672382.75,1504241.25,1492469.875,1828040.125,1694960.0,1540191.375,1522131.75,1568755.0,1382103.0,1416619.625,1381814.0,1570642.75,1502321.75,1534806.5,1684307.75,1646776.5,1732610.75,1391212.25,1258329.5,1188248.5,1133803.25,1293630.5,1443464.75,1278283.75,1243660.5,1453218.875,1375509.25,1873474.625,1640559.125,1622921.25,1766732.875,1946436.625,1946256.625,1470217.75,1947331.75,1603371.5,1508154.125,1693350.875,1901681.875,1794700.0,1960954.75,1571299.625,1711703.375,1394239.375,1447631.5,1866064.875,1965220.75,1990042.875,1755573.625,1375435.25,1169069.75,1826018.625,1638910.625,1579361.0,1755412.0,1270548.875,1325936.75,1383252.0,1273082.875,1571587.125,1518232.125,1589915.25,1519811.625,1229567.875,1187245.0,1604307.0,1458401.0,1194995.125,1148306.125,1383618.625,1376193.625,1559809.75,1583918.625,1469420.375,1409945.0,1053168.375,1046337.6875,1373854.375,1313934.125,1658358.0,1615375.75,1583885.375,1509426.625,1455393.125,1438014.875,1306112.375,1201388.25,1647523.625,1819835.375,1321557.5,1295106.375,1352174.0,1330049.375,1646953.25,1957660.5,1971112.375,1817930.625,2075374.5,2139673.0,1904664.125,2049656.375,1974149.5,2013313.75,1968467.0,2203616.5,1962578.0,1885702.5,2189274.75,2083359.125,1772622.75,1719289.5,2190014.75,2041328.75,2043045.75,2313694.75,1789805.125,1792549.125,1970311.875,1882950.375,1848833.125,1779510.5,2084011.0,2200182.0,1954206.625,2027511.125,2247566.5,2358491.25,1942945.0,2007083.0,1734667.125,1758577.875,1596636.25,1521566.75,2058792.875,2039102.5,1803934.75,1852267.875,1784384.0,1753534.375,1665938.25,1494841.375,1580629.125,1585375.375,1972580.75,1771772.25,1849683.75,1649871.125,1653101.875,1605464.75,1904799.375,1920596.75,1631769.875,1669724.5,1735011.875,1999707.0,1566434.375,1621627.5,1950531.25,2230224.25,1874577.25,2030189.75,1714173.875,1797383.0,1815396.0,1663852.625,2069199.25,2135715.5,1889180.0,2001597.75,1814802.25,1867893.625,2307346.5,2404814.5,1716347.75,1591944.375,1775758.875,1617813.875,1412264.5,1469366.5,1544379.25,1503684.25,1724136.125,1784371.5,2075498.25,2162084.0,1142992.0,1102721.875,1244817.75,1157983.625,1326017.5,1266268.125,1808204.5,1727886.0,1872779.0,1836785.0,1365245.625,1384662.625,1355681.25,1600132.0,1242034.0,1335895.125,2519966.75,2554090.5,1342634.625,1248833.25,1858467.0,2040091.25,1467374.875,1676243.625,1726834.875,1678424.125,2340403.0,2086998.75,2079482.375,2416832.75,2208706.5,2752662.0,2867070.75,2915334.25,1688999.25,2041754.625
114,1895230.625,1810536.125,1745114.375,1511791.375,1547409.5,1399159.0,1873130.375,1692051.625,1753322.75,1796699.25,1835351.125,1953977.625,1756980.5,1789527.875,1617430.125,1610997.25,1735769.625,1761070.375,1587790.25,1525293.75,1479655.0,1455844.5,1616347.125,1557490.875,1810974.25,1677130.125,1502563.375,1488620.875,1827015.25,1697019.875,1536724.625,1527462.875,1567579.375,1387775.75,1413688.5,1386583.375,1567825.375,1501814.75,1538906.5,1688708.625,1645855.25,1733953.625,1388867.0,1254767.625,1188660.875,1133393.625,1290767.25,1442217.25,1275787.875,1239976.25,1453190.75,1374413.375,1869673.125,1642996.125,1620116.125,1768316.125,1944970.75,1949365.125,1470503.125,1949989.25,1603945.625,1505429.75,1692669.5,1906404.75,1797906.5,1962852.375,1571982.125,1712195.25,1401505.625,1457607.375,1859198.0,1965428.125,1983846.75,1751225.0,1376300.375,1166362.625,1824414.0,1640128.25,1578117.125,1749872.0,1272294.875,1324901.25,1380120.75,1273754.875,1578260.625,1516143.125,1585043.5,1521037.0,1231911.75,1184479.25,1606702.0,1454916.375,1192409.75,1145382.125,1381322.125,1369803.375,1564330.625,1584265.625,1470510.5,1414560.875,1053624.25,1041259.4375,1375257.0,1312886.625,1660544.875,1615272.625,1587189.75,1508068.0,1457921.25,1439134.25,1312044.125,1205646.0,1650490.875,1819767.75,1332697.625,1304182.625,1360290.125,1331963.125,1647314.25,1971477.375,1967776.375,1816789.625,2068221.125,2136198.0,1902887.25,2049332.125,1974214.625,2016047.125,1970797.0,2206496.75,1960246.875,1884939.875,2189572.0,2081851.625,1776064.875,1720480.375,2184754.75,2043222.875,2042730.875,2313819.75,1784154.75,1796122.0,1966065.5,1881666.125,1846249.625,1780122.625,2086326.875,2204322.0,1956494.5,2033151.125,2243443.0,2356856.5,1936636.375,2003623.625,1730198.0,1759679.0,1593473.0,1518841.25,2054598.375,2041984.0,1801677.625,1855710.75,1777852.25,1746705.25,1663348.0,1498012.25,1579871.875,1587921.5,1966614.75,1772606.875,1848383.375,1648160.5,1652827.875,1607041.75,1900741.25,1918296.875,1628410.25,1666237.25,1732616.0,1998537.125,1562927.625,1622982.75,1944400.375,2224212.5,1874758.5,2028256.5,1711963.25,1798766.125,1812653.0,1662651.375,2070092.25,2135580.25,1883757.5,2004087.5,1814939.0,1873134.5,2307189.75,2403194.25,1719894.875,1589649.5,1779133.5,1616566.0,1418846.0,1470684.5,1547304.875,1500175.5,1725941.5,1783382.875,2075534.25,2163284.25,1145712.0,1102087.375,1245648.125,1156493.25,1329213.0,1270583.75,1809361.375,1727151.375,1875945.625,1834981.0,1366128.0,1381696.0,1353665.25,1600030.5,1240469.0,1333374.125,2522145.75,2557200.75,1344641.0,1247055.875,1863538.625,2050881.0,1470140.125,1672736.875,1728682.25,1675395.25,2344929.75,2084913.0,2085089.75,2421282.5,2214724.25,2759425.0,2878043.75,2920671.5,1691807.25,2037299.875
115,1894383.875,1804070.5,1745128.875,1512558.625,1550161.5,1396988.75,1873499.75,1683137.125,1753144.875,1792135.375,1832957.0,1952659.75,1755753.125,1789440.875,1616329.625,1608131.75,1732436.125,1760167.25,1584644.75,1519437.75,1481138.375,1454800.125,1616664.125,1555255.375,1811527.5,1671138.75,1505500.375,1491299.875,1823946.25,1695286.25,1536643.875,1529080.875,1569037.0,1388307.875,1413510.375,1390385.0,1565801.625,1501401.75,1541403.0,1693659.625,1647494.5,1738335.5,1388465.0,1256173.25,1189439.125,1132709.25,1295688.625,1451754.875,1278079.875,1241803.25,1451845.0,1373273.375,1869890.25,1637838.5,1621457.25,1764079.0,1943886.875,1947762.625,1463861.0,1945358.75,1606735.0,1506199.0,1693449.375,1904464.625,1792762.125,1959893.75,1570428.625,1713144.75,1407627.875,1460707.125,1860117.25,1965462.25,1986181.5,1752179.625,1374354.75,1173600.125,1828716.375,1648000.75,1576957.125,1752981.125,1269247.125,1329248.25,1379319.25,1281319.125,1575213.625,1519102.375,1584080.0,1525954.0,1232567.25,1187534.625,1608261.0,1460980.0,1189042.5,1144881.75,1380453.0,1374056.25,1562247.25,1591551.0,1470212.625,1421174.875,1053122.0,1045453.375,1374736.25,1314837.625,1662147.125,1617147.875,1589185.75,1511885.75,1460862.75,1440939.25,1311662.75,1208512.0,1653408.25,1819982.875,1337238.5,1308044.25,1367174.25,1334114.125,1653999.75,1972083.5,1967415.625,1818024.625,2064691.375,2137800.5,1897764.875,2043312.625,1973841.0,2013017.875,1972128.875,2203215.75,1958485.5,1881257.125,2190238.75,2078075.5,1776495.875,1719874.625,2187047.25,2047655.875,2045643.875,2310380.5,1785449.625,1795018.875,1965863.0,1881919.375,1846589.5,1780555.375,2076188.375,2193765.0,1950777.625,2032172.875,2237142.25,2353350.75,1931069.5,2001148.875,1732701.25,1756465.125,1594350.5,1519527.125,2057215.0,2037785.75,1803501.0,1854734.25,1782203.625,1747893.5,1665352.5,1497874.75,1578516.5,1586432.0,1973126.5,1771186.0,1852310.625,1647183.125,1654470.625,1605877.5,1900494.625,1920365.625,1628010.125,1666190.25,1730756.25,1993668.125,1563168.875,1623505.625,1942653.375,2216569.5,1870200.125,2024944.375,1710792.75,1799188.75,1811148.875,1656258.25,2069928.625,2131670.0,1884204.5,2006244.375,1816663.625,1875393.25,2304504.75,2398809.5,1718886.125,1587810.25,1776925.25,1621018.125,1415383.5,1466694.25,1541374.375,1500496.25,1723299.5,1779210.75,2074614.875,2163181.0,1154956.25,1106824.25,1249334.625,1158227.625,1335599.875,1275946.75,1812764.5,1728689.875,1875146.0,1838530.25,1365526.875,1382725.125,1355179.5,1603156.25,1240631.0,1336773.625,2523257.5,2556249.5,1344113.625,1249731.75,1866603.0,2053857.0,1471792.125,1680551.75,1731342.25,1678155.875,2346933.0,2086628.375,2088203.125,2428099.75,2220963.5,2760990.0,2879114.5,2922768.0,1696817.625,2040146.875
116,1895628.375,1801948.875,1744264.75,1512546.0,1550754.625,1395904.125,1873769.25,1677204.625,1754071.125,1793422.375,1833728.25,1954012.625,1757091.875,1791681.125,1615048.75,1606257.125,1733665.5,1760401.0,1584615.5,1516380.625,1484744.625,1454506.125,1619996.625,1553445.625,1813820.75,1667607.0,1509362.625,1496239.875,1825374.25,1693399.625,1539135.375,1529040.875,1571268.25,1385435.75,1416279.625,1391356.625,1566836.375,1501725.25,1542400.75,1694934.625,1647567.625,1737584.625,1389369.75,1257420.125,1190244.5,1133038.375,1298940.0,1454839.875,1280948.125,1245483.5,1451095.125,1372750.125,1872126.5,1636083.0,1623778.5,1763241.625,1944360.375,1946755.125,1461681.875,1943573.875,1606505.375,1508558.125,1693951.0,1902784.25,1789593.625,1959712.375,1569182.75,1713824.0,1398218.25,1451328.25,1862362.625,1962607.5,1987967.875,1754612.125,1370846.125,1172165.0,1825472.0,1641411.75,1574271.0,1750643.375,1266054.75,1328361.5,1378164.5,1279613.625,1571096.75,1519050.625,1585471.5,1523323.0,1234224.625,1187202.25,1613750.875,1468231.0,1189314.5,1142808.875,1379695.0,1378443.375,1563603.0,1595084.375,1470602.375,1421204.625,1053677.375,1049665.0,1375479.75,1315832.625,1661439.625,1618568.125,1590475.75,1514846.5,1460878.625,1439109.625,1309033.0,1204438.25,1653107.625,1821077.625,1326820.75,1302427.25,1360422.5,1332412.125,1650173.25,1959981.375,1969258.875,1821277.75,2064900.75,2134064.0,1902529.875,2045417.75,1977390.0,2014891.125,1973032.375,2204036.0,1960432.0,1882937.875,2192642.25,2079855.75,1776770.5,1717816.5,2195667.5,2052626.125,2050722.25,2313404.0,1790185.75,1795580.75,1969358.75,1880780.0,1849663.75,1780539.0,2070495.75,2187762.25,1948465.125,2029608.5,2235895.0,2352727.25,1932914.0,2003045.375,1737100.25,1756091.625,1596867.0,1521515.125,2061157.875,2036104.125,1805806.25,1852586.25,1786205.0,1753906.125,1669050.125,1496287.0,1578850.25,1583837.5,1978136.875,1769615.625,1852672.75,1648596.75,1655140.625,1603273.125,1904633.375,1924570.5,1630150.125,1668093.625,1729668.25,1989938.5,1572842.875,1628005.75,1947170.125,2220615.5,1869478.125,2026516.375,1710532.75,1797084.125,1811243.75,1651482.125,2066206.375,2127430.25,1883043.625,1995352.5,1817176.75,1873469.625,2301529.5,2397347.25,1715709.625,1587499.625,1775842.5,1623142.75,1409138.875,1462610.75,1538562.875,1502267.25,1719050.25,1776969.5,2074996.5,2165752.25,1152327.25,1107705.875,1249324.625,1160282.875,1333509.625,1272556.375,1814014.0,1729849.875,1873917.5,1841622.5,1366065.625,1386988.875,1358642.25,1607161.0,1243876.875,1339979.0,2519885.25,2553711.0,1343370.375,1252773.375,1864974.125,2050422.375,1471363.5,1684380.625,1732401.0,1681362.5,2343967.0,2088327.5,2087394.375,2430318.5,2220536.5,2760670.0,2874283.0,2920023.0,1697148.75,2045636.5
117,1896938.0,1803192.875,1744639.5,1511691.0,1548921.875,1396779.375,1875712.25,1678977.375,1753554.625,1793353.375,1833445.25,1954517.25,1757873.375,1793133.625,1617193.625,1608177.75,1738444.625,1763030.25,1587902.875,1519391.125,1486389.875,1455442.125,1624255.0,1554782.25,1816839.25,1669729.875,1508652.375,1496257.0,1827956.0,1693700.75,1538883.625,1528296.75,1571516.625,1384673.875,1415962.75,1388305.125,1569215.875,1502622.25,1541411.25,1692148.25,1645404.875,1731551.125,1388672.125,1255547.875,1190335.5,1134427.125,1292965.75,1447549.0,1279081.75,1243854.25,1452944.25,1372785.75,1874702.625,1636752.125,1625128.875,1765692.125,1945701.375,1948091.5,1462046.25,1942488.75,1604491.125,1507900.75,1695557.75,1903409.875,1792958.875,1962880.875,1567837.25,1710665.625,1388267.125,1445937.5,1860501.625,1962048.625,1985156.375,1753536.0,1371475.0,1165584.875,1818495.75,1632003.375,1570218.875,1747700.0,1264274.5,1324150.5,1373594.375,1274730.0,1571983.25,1518916.25,1584754.125,1520237.5,1234675.875,1184032.125,1613854.0,1469177.625,1190548.375,1141928.875,1376296.75,1377687.875,1565258.625,1594017.625,1469253.875,1420735.875,1052177.0,1049080.25,1375020.625,1315380.25,1659706.75,1619152.0,1590001.25,1512699.625,1459761.125,1438073.375,1306037.875,1201981.125,1649861.25,1817126.375,1321583.875,1300965.875,1355540.375,1329994.875,1638930.75,1958001.375,1971528.875,1822824.625,2066634.5,2132629.75,1910391.875,2048807.625,1978410.5,2018026.625,1976121.125,2207500.75,1961446.625,1884394.75,2197050.25,2082479.625,1777930.25,1719365.375,2198534.5,2050772.75,2053774.625,2315861.75,1790873.0,1795643.0,1968876.0,1881819.0,1850478.75,1778915.125,2076838.25,2196763.5,1953391.25,2033436.125,2238824.0,2356422.5,1935441.5,2004680.25,1739730.5,1757545.125,1597399.125,1520824.125,2063812.0,2038250.0,1805168.25,1851119.625,1782478.375,1753311.75,1669991.25,1495553.375,1581728.5,1583189.25,1977835.875,1770568.25,1851041.875,1650090.625,1656969.5,1602778.25,1905489.75,1923858.25,1630706.25,1665437.125,1729483.125,1990306.875,1576201.625,1631474.0,1947100.5,2223314.25,1872797.25,2028955.125,1708644.0,1795168.125,1813600.875,1651244.5,2066732.25,2129596.25,1883129.5,1989861.75,1816426.5,1874316.375,2303079.5,2401333.25,1716557.125,1588797.375,1777775.5,1623864.25,1411359.25,1466118.875,1540569.5,1503754.625,1718653.625,1777345.125,2076750.5,2168379.25,1145591.875,1103927.75,1246871.875,1159212.375,1327987.25,1266241.5,1811637.75,1726724.25,1875192.375,1839236.25,1368319.125,1388020.25,1358072.5,1605732.5,1246972.875,1342105.125,2517309.5,2553322.75,1344403.5,1251646.125,1860662.75,2050515.0,1471329.0,1678830.375,1729790.125,1677807.875,2340093.25,2081888.875,2083855.25,2424802.5,2214181.5,2759572.0,2872048.25,2919200.25,1692824.75,2041688.0
118,1894422.0,1802306.5,1744123.5,1511862.375,1547866.625,1396469.0,1874632.25,1681434.5,1751844.0,1787952.375,1830391.875,1953015.25,1757544.625,1790823.75,1619391.25,1610989.125,1739849.75,1763234.25,1589898.125,1522582.75,1483478.875,1453984.0,1623849.625,1554713.125,1816891.25,1669209.375,1501763.875,1492669.5,1826093.625,1695296.5,1534238.125,1523411.125,1567334.75,1385255.5,1411017.875,1383847.125,1569044.5,1503431.75,1536098.125,1687489.75,1644648.625,1731289.25,1388538.875,1255380.5,1189454.625,1136205.75,1286410.75,1442192.75,1276439.125,1241230.125,1455195.25,1373655.375,1875980.625,1634033.25,1625452.25,1764316.875,1946787.75,1948404.125,1458329.5,1937915.125,1604051.375,1505544.375,1696721.375,1900905.875,1795644.75,1964496.0,1568257.625,1708451.0,1391829.875,1451201.0,1860836.5,1965968.5,1985236.25,1755386.75,1376206.375,1169736.625,1826520.5,1641815.375,1572927.5,1757766.375,1264833.0,1326298.875,1374196.0,1279520.0,1572770.125,1521981.125,1587334.75,1526470.5,1231707.5,1184848.125,1608044.25,1466242.125,1189614.5,1145385.75,1376390.125,1379269.25,1560830.25,1591724.625,1466229.25,1422088.625,1048853.375,1049266.5,1372495.5,1315624.0,1659100.75,1618323.625,1587490.5,1510698.625,1459156.875,1441121.0,1304166.25,1206312.375,1647616.0,1814120.125,1327688.5,1303977.75,1360724.75,1330911.125,1643017.75,1965261.75,1973600.375,1823536.625,2069507.375,2142081.25,1905295.625,2043281.0,1972275.75,2014481.625,1976747.625,2203610.75,1958766.625,1880616.125,2197343.0,2080420.125,1778586.375,1724982.875,2191079.25,2044195.375,2048670.25,2309349.75,1787834.875,1792573.375,1965908.0,1887471.5,1846515.75,1775824.25,2082858.5,2205871.0,1955739.0,2038185.375,2242944.5,2360171.25,1936147.625,2006243.875,1740594.0,1756399.0,1596281.0,1519643.75,2063425.375,2037948.375,1803711.625,1849494.375,1779312.25,1749825.875,1670029.5,1494607.75,1583156.625,1583780.625,1981735.5,1773663.875,1851492.25,1650006.75,1656624.625,1604323.375,1902792.875,1921048.375,1630737.25,1665750.0,1731506.0,1995513.125,1569179.0,1630068.25,1944085.625,2218706.25,1875141.5,2030356.5,1709167.5,1797660.5,1815224.75,1653946.375,2070451.625,2134033.5,1886317.625,2002807.75,1815306.0,1875813.125,2306818.0,2405954.25,1719903.0,1590128.5,1778164.875,1624775.75,1413677.5,1468860.625,1540679.0,1504557.0,1724940.25,1782249.5,2078444.625,2167241.25,1149128.375,1102924.25,1247373.5,1157441.875,1328543.0,1266814.125,1808739.5,1723856.75,1874296.125,1835911.625,1366647.5,1385147.375,1354347.625,1601402.0,1244778.875,1342035.875,2518941.25,2553742.25,1342273.375,1248118.0,1855130.625,2046272.0,1468788.625,1675456.875,1725916.75,1673488.625,2337317.5,2074741.125,2077881.5,2416492.0,2207714.5,2751700.5,2867006.25,2918371.5,1688106.375,2032897.0
119,1890111.875,1803298.375,1741424.875,1515074.875,1546626.0,1396118.75,1871927.625,1683766.125,1752559.5,1789067.875,1830449.375,1954097.25,1757825.375,1788845.75,1618483.25,1613073.625,1735799.375,1761614.75,1588262.875,1523624.875,1480411.5,1452429.875,1618707.25,1554779.25,1813441.25,1666491.75,1495799.125,1492101.375,1823305.875,1698035.875,1532582.25,1518496.125,1564963.5,1384470.5,1407826.5,1381519.875,1566873.625,1504154.375,1532555.75,1684996.25,1646604.875,1738163.375,1389796.125,1258143.25,1188985.375,1136642.875,1288335.0,1443989.75,1277461.875,1242892.375,1453351.5,1375018.875,1875948.125,1634203.25,1626050.5,1763184.375,1948005.375,1948856.625,1461392.125,1939802.75,1604557.0,1505660.375,1695073.0,1898221.875,1794597.875,1964885.75,1571280.0,1711742.375,1398852.125,1453425.125,1862856.625,1966159.375,1987802.75,1758975.5,1376581.5,1173321.75,1834803.5,1653342.875,1577698.875,1762799.5,1267658.0,1332192.875,1380694.25,1285456.125,1571228.0,1523639.5,1593441.125,1529828.125,1228435.75,1188832.125,1605687.625,1464250.0,1189138.875,1148523.25,1381568.0,1384682.375,1556918.875,1589704.0,1465417.25,1419222.375,1047901.9375,1051013.625,1372042.625,1315448.75,1657701.5,1616018.5,1584774.625,1512505.5,1457767.875,1441251.5,1306846.5,1208486.0,1648551.375,1817630.0,1328037.625,1298626.625,1358281.375,1331108.625,1652223.25,1963356.0,1973133.125,1823054.25,2070807.5,2146617.0,1897025.75,2039955.375,1967517.25,2009955.75,1972201.25,2199512.25,1958757.25,1878933.0,2193029.25,2078491.625,1776608.5,1729668.0,2184853.25,2041790.5,2041382.875,2304899.25,1787953.5,1791569.625,1967162.5,1891971.625,1843748.375,1775259.875,2081481.125,2204867.75,1953137.75,2035245.625,2246757.75,2361336.5,1940818.5,2012018.0,1741356.375,1756884.875,1597279.5,1521143.875,2061521.375,2036808.375,1805875.625,1850247.375,1781575.625,1751731.0,1669747.75,1493126.5,1580848.5,1584483.25,1982046.5,1773768.0,1852240.625,1650048.875,1652602.875,1604848.75,1904981.875,1924302.875,1632415.5,1672917.125,1734535.25,2001423.625,1564689.5,1627906.0,1945832.0,2219305.25,1876759.0,2033895.375,1714767.0,1802882.875,1810535.75,1653221.625,2068025.125,2132347.0,1884261.625,2008686.375,1814501.375,1872636.875,2306539.25,2405279.75,1718756.125,1590053.375,1776416.5,1623808.5,1408200.5,1463325.25,1538268.625,1502906.0,1728803.75,1786712.75,2078650.5,2164424.75,1151189.375,1101971.625,1247679.625,1155946.375,1328645.0,1268187.375,1807388.875,1723398.875,1872682.25,1837386.5,1362701.0,1384241.75,1354636.75,1602201.5,1241132.125,1339763.375,2522226.75,2555049.0,1339299.875,1246364.5,1854095.375,2041554.125,1465445.0,1675101.625,1725477.125,1675675.5,2338356.5,2078154.25,2076687.0,2416015.75,2208466.0,2747523.75,2865464.0,2916487.75,1685916.0,2035550.375
120,1892782.625,1808034.125,1742700.875,1516170.25,1550668.5,1397812.125,1873703.0,1682026.25,1755467.0,1796506.5,1835841.375,1957133.125,1761520.875,1791904.375,1618947.125,1612913.875,1736434.25,1760264.125,1589846.5,1523282.625,1482623.125,1452217.625,1619044.25,1551281.875,1814575.375,1663365.875,1498071.375,1494624.5,1824389.0,1698676.5,1537426.875,1518592.5,1569738.75,1382839.125,1410820.75,1378964.0,1567830.125,1504762.25,1534208.125,1687303.625,1648240.375,1739965.625,1388998.0,1259903.125,1189369.75,1134986.875,1292866.0,1448455.5,1278576.125,1244313.5,1450526.75,1375726.5,1879296.25,1635782.625,1629324.625,1763758.625,1949925.75,1947635.125,1469865.0,1944032.625,1605940.125,1508121.875,1695116.25,1898588.375,1792477.5,1963842.75,1571829.125,1714935.0,1401410.125,1449776.5,1861913.0,1963462.625,1989627.375,1758284.375,1371418.25,1171067.25,1830176.875,1653186.875,1573266.0,1756371.0,1266692.75,1336087.0,1381447.25,1286121.375,1568488.75,1526974.25,1594215.75,1526226.5,1225216.875,1192223.0,1604194.625,1466603.25,1188834.5,1150253.125,1380680.25,1387893.375,1554246.375,1593668.5,1464406.5,1419155.125,1046731.8125,1053242.0,1371269.25,1315976.625,1654713.5,1615601.125,1582812.25,1514686.25,1456896.0,1437672.125,1305964.75,1206852.875,1650446.5,1818371.25,1323641.75,1291842.75,1350908.75,1328633.25,1647785.125,1957712.5,1971453.75,1820008.75,2070370.5,2141413.0,1899138.75,2041407.375,1968055.625,2007991.0,1969938.75,2200827.25,1963383.75,1879707.25,2192805.25,2078472.25,1771320.75,1728740.375,2188973.25,2041862.125,2044470.125,2306991.5,1793259.0,1791518.375,1969229.375,1891679.75,1846562.375,1778142.75,2076599.875,2198795.75,1950632.5,2030429.125,2245989.75,2359495.25,1943778.125,2013807.375,1745315.625,1756982.125,1600309.0,1524215.0,2065496.375,2034790.375,1810278.75,1850820.625,1784854.375,1753776.0,1669920.625,1492133.625,1580134.75,1584442.5,1976848.25,1770368.875,1853689.625,1650894.25,1653658.75,1603400.75,1908787.25,1927831.5,1634025.625,1674027.125,1735874.5,2002100.875,1566322.375,1626183.125,1949621.25,2224973.0,1877226.625,2035608.875,1716803.125,1803689.125,1806590.625,1648183.375,2063653.75,2127154.5,1881220.25,1998468.0,1814225.75,1869689.75,2304153.5,2400954.0,1713523.125,1590432.875,1772218.75,1625161.25,1401796.875,1460186.875,1534128.75,1502052.625,1723618.0,1782566.0,2076319.5,2161616.25,1145769.25,1098018.625,1246748.5,1154198.375,1325880.5,1265681.25,1808312.375,1722975.75,1873897.375,1839294.25,1362538.375,1386200.375,1357044.125,1604494.25,1240870.25,1339273.125,2524020.75,2556784.75,1340669.75,1247776.125,1859215.0,2047708.0,1466716.625,1675128.75,1726474.125,1680202.0,2343171.75,2084101.5,2080969.5,2422544.5,2213016.5,2755067.0,2872894.25,2918741.25,1686776.375,2045951.0
121,1901014.375,1809475.625,1747773.0,1511567.875,1560530.125,1397911.25,1874916.75,1672059.375,1755871.625,1797383.25,1841522.25,1956603.625,1767709.75,1795603.125,1621062.5,1609347.875,1743308.375,1755367.125,1596225.625,1520506.625,1485935.0,1450398.125,1624493.625,1540629.0,1819941.5,1657643.25,1504084.25,1495591.375,1827399.5,1692071.625,1542898.875,1519582.0,1576542.125,1380867.75,1416385.0,1373841.375,1572592.875,1503371.25,1536058.625,1690111.0,1647835.375,1735526.375,1388380.875,1259322.25,1188801.125,1132955.75,1294022.5,1453122.125,1278536.5,1244028.875,1453503.625,1374833.375,1883735.125,1629595.375,1631826.625,1757702.875,1950187.375,1938681.375,1469740.75,1938543.875,1609338.75,1508568.625,1698453.75,1894305.375,1788559.25,1959687.625,1568986.0,1714742.5,1400131.125,1446892.375,1860434.375,1963546.0,1990960.75,1755455.125,1368276.25,1175477.875,1831437.875,1652422.625,1567210.875,1758157.125,1261497.0,1338653.0,1378537.125,1288031.625,1564506.375,1533107.875,1591838.0,1527225.625,1221450.75,1191610.75,1600138.375,1470750.625,1187122.125,1153497.625,1373522.75,1385635.0,1546843.75,1599971.25,1460078.625,1424603.5,1042421.375,1055262.875,1367611.125,1319543.25,1655034.875,1618339.75,1582313.125,1515015.0,1457896.875,1438093.625,1298183.0,1207617.5,1651506.25,1813754.75,1325571.125,1295461.375,1353573.625,1327607.875,1646585.25,1961760.625,1971553.875,1817261.25,2072153.625,2138785.25,1901606.375,2036961.125,1968979.5,2006491.75,1971368.125,2197419.25,1964535.75,1875477.0,2195297.75,2077706.125,1767573.5,1725308.875,2195590.5,2040156.125,2052195.625,2304676.75,1797623.25,1787014.125,1968202.0,1889122.0,1850266.75,1779241.125,2070802.875,2192625.25,1948329.875,2029405.125,2242065.5,2355860.5,1940136.0,2007117.125,1748837.25,1749206.125,1600973.0,1526022.5,2071521.25,2026531.875,1810334.375,1844876.5,1786365.25,1750243.875,1672952.625,1492637.5,1583386.5,1583347.0,1978914.625,1767514.0,1858165.75,1650274.625,1660576.0,1601149.875,1907620.125,1925263.0,1632658.375,1668429.875,1735042.75,1998047.125,1567679.5,1622612.125,1949395.625,2222564.5,1874556.0,2031719.125,1713088.375,1799749.875,1813720.25,1649448.0,2067740.625,2127484.5,1889924.375,1997655.0,1814107.625,1871227.625,2305655.25,2399083.5,1712770.875,1593470.375,1766669.25,1629672.75,1402942.75,1467162.875,1531138.375,1505985.375,1719931.625,1776881.0,2074416.25,2160078.0,1147891.5,1097477.25,1248708.75,1155255.375,1328477.75,1266408.125,1811712.875,1723449.875,1873716.5,1838776.25,1364361.5,1387904.375,1355920.75,1604174.0,1241040.875,1340613.25,2522255.5,2554625.0,1342580.875,1250522.125,1863348.875,2053394.5,1469074.125,1680489.25,1725516.0,1682739.25,2345133.0,2084918.625,2081578.0,2426829.5,2214071.5,2758653.25,2874587.0,2920067.5,1689173.625,2049930.5
122,1905261.0,1807577.625,1750330.125,1508235.25,1563788.75,1395510.625,1871707.0,1665473.125,1753026.625,1793229.125,1842555.125,1954202.75,1769892.625,1793742.5,1620712.75,1606505.625,1746255.0,1751382.0,1598850.0,1518308.875,1486440.25,1449253.0,1625662.125,1535772.125,1821071.125,1655934.75,1505230.75,1492882.0,1829495.0,1686014.375,1545502.75,1520963.75,1579403.875,1378931.5,1419731.0,1369866.625,1575566.375,1500939.625,1537962.125,1689478.0,1646484.5,1733887.25,1390288.5,1257196.5,1187685.5,1132666.0,1292961.875,1452348.75,1279562.75,1244584.625,1457923.0,1372195.875,1881926.625,1624023.875,1629087.25,1751385.0,1947952.375,1931671.625,1463769.375,1931912.5,1610964.625,1506405.75,1699834.25,1888932.25,1785553.625,1956689.125,1566748.75,1712146.5,1395149.5,1444749.125,1860892.875,1963242.875,1990202.0,1754006.125,1370093.0,1179255.0,1834928.0,1649851.875,1567567.125,1762297.0,1260569.5,1338195.125,1379197.75,1287702.375,1562852.625,1531232.0,1591742.5,1528534.25,1221567.0,1187176.125,1600262.5,1470021.25,1186154.5,1154109.25,1372242.0,1379921.375,1543162.0,1598009.375,1459018.75,1423878.125,1041716.125,1053720.75,1366549.0,1321456.75,1659035.75,1620475.625,1584107.625,1514208.5,1458239.125,1440621.0,1296914.625,1207160.75,1651529.375,1812610.5,1326847.0,1299471.875,1357376.25,1328630.625,1653065.375,1966237.5,1971535.375,1816779.25,2074358.75,2138275.0,1899063.125,2032622.0,1969649.375,2007626.125,1971949.0,2191891.5,1960296.875,1871143.0,2195552.5,2076899.5,1770847.5,1724629.625,2196835.0,2041182.0,2052987.25,2300619.5,1797663.0,1784935.0,1968072.625,1886939.375,1850863.625,1777822.125,2068909.125,2191235.0,1946198.0,2028657.375,2241471.5,2354424.0,1938143.125,2002858.875,1745353.125,1743199.875,1598676.875,1524531.0,2069482.625,2020856.875,1806635.625,1839892.75,1786750.375,1747815.0,1674755.25,1494610.875,1585475.125,1583137.625,1982346.5,1767448.5,1860407.375,1648407.875,1662545.375,1600461.75,1905044.875,1921774.75,1630361.75,1667660.25,1734534.0,1995909.625,1563017.0,1619309.75,1945750.25,2215687.0,1871529.375,2027467.0,1712022.0,1797447.25,1822608.25,1657897.875,2073295.625,2132442.25,1900480.125,2004086.75,1814745.5,1873181.875,2308105.75,2400309.5,1716960.25,1595405.875,1766104.625,1629410.875,1408497.875,1473044.375,1535063.625,1509370.875,1723223.875,1778956.25,2076087.75,2162522.5,1154221.625,1100776.625,1250972.875,1158434.25,1332484.125,1269051.625,1813533.75,1724808.625,1872492.25,1839746.125,1365224.125,1388554.625,1355204.625,1605130.5,1241193.625,1341213.75,2518773.0,2551592.0,1342621.375,1251619.625,1862640.375,2049965.875,1468469.75,1684595.75,1724997.125,1682747.75,2342863.5,2085415.75,2078541.375,2425788.25,2212643.25,2754533.0,2868949.0,2916829.5,1690608.125,2046868.25
123,1904558.875,1806877.375,1750477.875,1508350.125,1559623.375,1394475.875,1873695.0,1670223.25,1752377.125,1792128.75,1840238.875,1953778.125,1767379.75,1790084.5,1620397.375,1606125.375,1744771.25,1753171.75,1597087.75,1519214.125,1486094.875,1449943.375,1624212.625,1538152.375,1820071.0,1659364.5,1502882.25,1491088.5,1828729.0,1687838.875,1544731.875,1520790.125,1577479.5,1375651.875,1418538.125,1370235.125,1573862.75,1500564.0,1539319.0,1687171.375,1645323.375,1733594.375,1388220.5,1255988.125,1187164.75,1132858.375,1292536.5,1448150.0,1279440.875,1243886.75,1455724.0,1370910.875,1881429.5,1626869.75,1628835.75,1755377.125,1949922.375,1936670.125,1464922.0,1934448.25,1608418.0,1506771.25,1699441.75,1891230.25,1788611.5,1958761.875,1568200.125,1709736.875,1391515.125,1445334.125,1861291.125,1961055.25,1987834.0,1753169.75,1371074.25,1173409.25,1823747.5,1645589.875,1565144.625,1755943.125,1262746.75,1335052.375,1378344.5,1284467.125,1565296.375,1525142.0,1590421.25,1523652.75,1224504.375,1188133.25,1601904.75,1467015.0,1187034.5,1151816.75,1376097.0,1380732.625,1547789.875,1595743.875,1461527.125,1420428.625,1045207.0,1053036.25,1368285.625,1319861.875,1660825.0,1621060.375,1585788.875,1513396.0,1457372.25,1441349.25,1301363.75,1206989.375,1651430.625,1816048.5,1326955.625,1299055.125,1358237.25,1329232.25,1650611.5,1966987.125,1971911.125,1817987.625,2074730.25,2136512.5,1899905.75,2036554.125,1970731.375,2007301.375,1972831.5,2194291.5,1959814.625,1874122.625,2195785.25,2077274.75,1772899.125,1722924.625,2194913.75,2041281.25,2051132.25,2303115.0,1796162.75,1786603.375,1967725.375,1885021.25,1850220.0,1776491.875,2071472.25,2195447.75,1946624.0,2028550.125,2243613.0,2355243.25,1939598.125,2004091.0,1743532.25,1747311.375,1598516.5,1522055.375,2066723.25,2024638.0,1807847.625,1844276.125,1786459.375,1749503.125,1672835.0,1494587.125,1585429.625,1582982.5,1979517.75,1769246.75,1857590.75,1646725.25,1660258.125,1601969.625,1904348.875,1919911.25,1630315.25,1668744.75,1735807.75,1997177.875,1556155.0,1618882.0,1944722.375,2216113.25,1871554.25,2027114.25,1713251.75,1797210.875,1822133.0,1660801.5,2072822.625,2135528.25,1898197.125,2000391.5,1817412.375,1875310.25,2307917.75,2402017.5,1717048.75,1594788.875,1768399.125,1627334.125,1407941.5,1470665.75,1539397.75,1509252.75,1724733.0,1782424.0,2077805.375,2163485.0,1151602.0,1102180.625,1250138.5,1157758.25,1332095.25,1268908.75,1812700.5,1725649.125,1873816.625,1840751.25,1365509.375,1387705.5,1356136.375,1606392.25,1242146.125,1341371.375,2517745.25,2552468.75,1342515.875,1250314.625,1861742.0,2048806.875,1468381.375,1682265.375,1727043.875,1681450.125,2342561.5,2085435.125,2080536.0,2425081.5,2214090.75,2756537.5,2870173.5,2916280.0,1691721.125,2045074.5
124,1902732.125,1806688.5,1748992.375,1505880.5,1556219.375,1394789.375,1883239.25,1679053.5,1756750.625,1794319.625,1837639.875,1952643.75,1764658.125,1788793.0,1621429.875,1605151.0,1742251.75,1752480.25,1595562.75,1519462.25,1483372.375,1447976.625,1622097.125,1535326.25,1820191.625,1659689.5,1500096.5,1492074.375,1823492.5,1688334.375,1538582.375,1513867.75,1571146.25,1371420.75,1413165.375,1374261.5,1570770.125,1500584.0,1535793.125,1683739.875,1645357.125,1733771.625,1383102.625,1257945.0,1187079.5,1132364.5,1294383.25,1450189.75,1277989.75,1242412.25,1451625.25,1373844.625,1887705.125,1630404.375,1634768.875,1761953.375,1955970.75,1943914.875,1474482.375,1942860.625,1607068.625,1509233.0,1699593.0,1893765.875,1795460.125,1963073.5,1574254.5,1714403.625,1396694.375,1451480.25,1863187.875,1962049.625,1988827.125,1752511.5,1370832.375,1172278.75,1816386.5,1648666.125,1561786.375,1754171.125,1262217.75,1332934.0,1377084.375,1287607.75,1568256.25,1526727.5,1588480.875,1522697.125,1225096.625,1194910.25,1597935.5,1467796.625,1188153.875,1152347.25,1377470.25,1388888.875,1550420.5,1599710.375,1461166.875,1421720.875,1046316.4375,1056753.25,1368498.375,1319356.625,1659717.5,1622062.0,1585036.75,1514502.0,1458031.25,1441613.5,1301369.0,1211960.875,1651461.125,1817735.25,1333110.375,1303108.75,1363746.5,1330077.75,1645258.25,1968951.5,1974080.0,1819308.25,2075035.375,2139382.0,1900525.25,2041180.875,1968848.0,2001893.625,1972953.375,2197338.25,1963773.25,1879330.75,2193104.75,2077079.0,1767874.0,1719020.625,2189285.25,2034738.875,2049460.875,2304888.5,1792161.625,1782830.75,1964125.25,1883486.0,1849775.5,1774856.5,2071183.5,2198332.5,1949205.625,2032954.875,2245992.75,2356529.75,1939895.625,2005257.375,1749196.625,1751649.5,1601477.125,1522254.5,2069983.5,2027482.0,1813965.0,1852191.375,1787267.0,1750638.875,1671226.625,1491413.75,1585545.375,1580697.75,1982109.375,1770482.125,1856680.625,1645656.5,1659923.125,1603208.5,1905388.875,1919601.75,1630193.875,1666231.75,1735971.25,1997566.625,1558716.875,1620559.25,1946707.0,2216955.0,1873349.75,2027793.375,1713306.25,1797602.75,1819124.25,1658671.25,2074581.875,2137836.75,1893378.375,2001497.875,1819545.875,1877649.5,2309373.0,2403674.75,1714354.625,1595997.25,1768808.375,1630188.875,1403301.75,1467954.0,1537548.75,1509242.125,1724539.25,1782674.875,2077004.25,2159483.5,1148509.875,1102094.375,1247372.125,1153858.875,1331425.625,1269807.625,1812077.5,1726065.125,1874291.375,1839555.25,1364488.125,1385562.0,1353944.875,1604093.25,1240636.5,1340958.875,2520398.5,2553630.0,1341217.25,1248305.875,1862508.625,2051962.125,1469162.5,1682329.875,1727861.75,1680911.375,2344459.5,2083344.125,2084220.875,2425258.0,2216764.75,2759650.5,2874884.25,2919497.0,1692639.5,2045443.875
125,1900523.125,1808223.625,1744616.875,1504560.375,1552134.625,1394142.875,1884057.75,1687136.25,1759844.125,1796599.25,1835430.75,1951747.75,1761351.125,1786793.375,1618726.75,1605240.5,1737745.25,1751705.125,1592296.625,1518882.875,1478536.625,1447384.875,1616722.75,1536351.25,1816546.375,1662189.125,1496975.0,1490757.75,1818952.875,1686061.5,1531857.25,1512237.125,1564520.0,1375758.5,1409770.625,1381262.75,1569158.5,1499902.25,1532223.5,1682462.25,1646320.75,1739138.75,1385511.25,1261118.75,1189459.375,1134970.375,1294983.125,1449228.75,1279243.0,1244172.0,1452821.125,1377926.375,1886313.875,1634134.625,1634064.5,1764539.375,1953675.5,1946239.625,1476653.25,1948523.875,1608061.625,1508652.125,1697273.875,1894383.625,1798590.5,1965027.75,1576119.875,1719747.0,1402847.5,1455486.875,1868340.875,1966584.0,1993094.5,1753797.875,1376618.0,1178636.75,1825801.125,1648458.5,1569689.0,1761342.125,1263606.125,1330600.875,1381568.375,1288824.875,1571628.5,1525321.25,1590170.875,1526060.375,1226786.625,1193418.875,1598944.875,1466828.125,1188846.5,1150709.875,1378712.625,1387239.75,1553151.875,1595925.75,1462419.375,1419641.625,1048117.75,1055524.5,1369802.125,1318302.25,1658899.625,1620342.625,1584973.375,1515301.0,1459954.5,1439258.625,1301791.375,1210962.875,1649085.75,1817407.5,1332717.25,1304663.75,1363957.5,1331539.125,1646053.125,1964150.875,1974311.75,1820446.25,2074355.25,2144275.75,1896095.125,2043598.5,1966354.5,2003246.125,1969722.875,2197465.0,1963387.375,1882365.5,2187645.5,2076146.75,1767675.25,1717541.5,2184072.75,2035977.0,2043926.75,2303707.5,1786255.75,1782615.125,1965028.5,1884920.375,1848539.875,1775304.5,2071795.875,2199931.75,1951276.0,2037372.375,2248305.25,2359020.5,1941176.375,2006806.625,1747093.25,1753560.25,1601296.375,1523454.5,2067099.125,2029445.25,1812932.75,1855874.75,1789685.5,1752998.0,1670033.625,1490694.625,1583780.75,1580837.5,1985754.625,1770837.5,1857757.75,1647619.875,1656420.875,1604084.5,1907982.125,1923083.875,1629853.875,1667064.25,1734001.875,1998169.5,1569251.125,1623198.375,1947355.625,2216192.25,1874784.5,2028543.375,1714931.875,1801530.75,1818336.875,1660142.0,2078551.75,2140164.5,1894479.0,2011259.375,1816988.25,1874310.125,2311940.0,2404811.25,1714623.125,1593595.0,1771883.0,1628076.25,1402219.875,1466428.5,1537508.75,1506591.125,1725600.25,1782361.0,2076328.25,2159981.75,1149660.375,1102463.25,1243431.25,1154105.375,1328816.375,1270934.0,1810254.0,1726175.875,1873676.875,1839581.375,1363298.125,1384009.5,1353184.875,1602730.75,1238488.625,1338938.125,2522690.75,2553664.5,1339813.75,1247480.125,1861309.25,2051945.75,1468171.5,1683377.375,1725324.0,1680542.375,2342780.75,2084083.125,2081196.125,2422024.25,2213817.25,2754807.75,2871336.25,2920893.0,1691042.75,2043994.25
126,1900094.375,1811211.25,1741961.625,1510309.0,1548446.75,1394479.375,1872270.625,1691130.5,1756010.25,1796042.25,1835893.125,1955694.625,1759461.5,1786305.625,1614249.875,1608436.25,1735961.25,1759917.125,1589032.125,1521602.0,1477851.25,1453711.125,1614229.25,1549425.75,1810966.375,1671007.0,1498946.0,1489364.0,1820857.25,1691340.375,1532558.5,1523668.0,1564116.875,1389154.625,1412390.375,1388701.875,1568193.875,1501081.0,1533243.0,1687000.75,1647446.375,1742586.625,1392299.0,1262475.125,1192739.5,1139612.25,1292711.375,1439529.875,1281328.0,1246175.125,1455727.625,1379486.625,1875057.875,1641694.75,1624787.75,1767384.0,1945264.5,1948538.25,1466730.875,1947146.875,1606286.25,1506491.5,1693276.0,1899964.25,1796235.125,1963229.75,1568679.375,1713237.625,1394048.375,1448285.375,1869502.125,1969270.125,1993094.0,1756202.25,1382923.25,1175654.125,1826934.125,1632879.0,1578135.125,1757466.875,1268876.75,1325019.25,1383639.5,1277514.125,1576863.25,1512805.0,1590894.5,1521086.5,1231669.0,1184769.25,1608628.625,1459553.125,1191203.875,1143713.875,1382315.75,1375143.75,1561181.5,1584134.0,1466403.125,1412482.375,1052355.0,1047013.4375,1373518.875,1313939.125,1658816.5,1615496.625,1587157.5,1511554.0,1459439.125,1435363.375,1304739.0,1200596.625,1645209.25,1818419.75,1320921.875,1296528.625,1353358.625,1330597.625,1645401.5,1957279.375,1970881.375,1822405.25,2073025.0,2142494.5,1893539.625,2047209.0,1967570.25,2012480.875,1967611.625,2201974.75,1959479.5,1885276.125,2187363.5,2077944.5,1773409.625,1717354.375,2187090.75,2047892.75,2039286.25,2307418.0,1784608.0,1792557.75,1973551.0,1888413.875,1846332.625,1778975.625,2077933.375,2202104.25,1951676.875,2034331.0,2248223.75,2360163.5,1945597.0,2009064.375,1734794.0,1758748.125,1597077.25,1522607.875,2056673.0,2037766.875,1804715.25,1855778.25,1789630.5,1758200.25,1667713.75,1494272.0,1580027.75,1585130.75,1976216.25,1772676.875,1854391.125,1651340.5,1650002.375,1606010.875,1909982.25,1926317.75,1631611.875,1670920.0,1733871.375,2000758.0,1571886.875,1624403.75,1946062.25,2222690.0,1875303.375,2030434.0,1715856.5,1804999.25,1815970.125,1662227.5,2074820.625,2138727.75,1892269.5,2006626.625,1813266.0,1868794.0,2310190.25,2404418.5,1716106.0,1584824.25,1777385.25,1617130.875,1406089.375,1465273.875,1543064.625,1500785.875,1722349.875,1779891.125,2075708.625,2165285.25,1146164.375,1102194.875,1241181.5,1157707.625,1324012.25,1268767.625,1807566.0,1726821.375,1875433.875,1840325.0,1364442.375,1383683.25,1357679.625,1606146.75,1240261.625,1337157.125,2520855.0,2555771.25,1340758.25,1248330.5,1857725.375,2050572.375,1467791.875,1677207.125,1724578.25,1678808.875,2338323.75,2085245.375,2077820.875,2420580.5,2209913.0,2753807.5,2865783.0,2919685.0,1689033.625,2041466.25
127,1903025.875,1809331.875,1746977.25,1514317.75,1553003.5,1396500.0,1866795.25,1683739.75,1750502.875,1792646.375,1839284.0,1958931.375,1763389.75,1790504.0,1615663.125,1609651.125,1741790.75,1765393.625,1592177.625,1523606.375,1483090.25,1457136.0,1621625.25,1556088.75,1813357.875,1671632.25,1507680.0,1492716.5,1826005.75,1699093.125,1538526.875,1529928.875,1569748.875,1395097.625,1418457.625,1390320.375,1568789.0,1502204.125,1534614.375,1690699.625,1648235.25,1736781.0,1393810.25,1261487.875,1191484.0,1138302.5,1291969.625,1438845.875,1279831.125,1244434.625,1457643.75,1378715.125,1871488.25,1642687.75,1621823.5,1767344.375,1944391.125,1949341.375,1458673.375,1940776.875,1604138.875,1505927.875,1693395.375,1903738.125,1793255.125,1959822.125,1563929.625,1705507.0,1383565.875,1440423.875,1863262.375,1968748.5,1989562.125,1757463.625,1379413.0,1168035.75,1819846.875,1625483.875,1574738.375,1749321.5,1270616.125,1321122.25,1378889.625,1271473.25,1577193.875,1508704.75,1588656.0,1516399.625,1231705.5,1183209.25,1607838.125,1455529.125,1193426.125,1142503.0,1382249.625,1372303.625,1559923.0,1582454.875,1464602.0,1411540.625,1051414.0,1043434.5625,1372880.25,1311839.0,1659102.5,1615057.625,1587122.0,1507661.375,1456175.25,1435985.75,1302794.25,1197384.75,1645305.25,1817887.375,1318189.75,1292937.875,1350628.875,1326706.875,1643453.5,1963681.5,1967856.625,1822832.0,2073193.25,2138517.0,1893399.625,2044549.75,1968043.25,2012743.75,1970568.0,2203982.0,1958250.75,1883428.25,2191673.5,2081035.125,1772896.625,1717776.0,2192832.25,2049557.25,2042091.875,2309936.0,1788187.0,1794371.375,1978004.125,1890081.5,1844850.75,1779597.25,2078726.875,2198686.75,1951364.875,2028953.625,2245086.5,2357445.0,1946866.625,2007444.75,1731428.125,1760052.875,1595366.875,1520195.875,2054516.125,2040368.875,1801941.25,1852796.5,1786568.0,1758614.0,1666960.375,1495842.0,1579392.625,1585448.375,1970068.5,1774962.0,1851797.25,1650415.25,1650893.125,1606579.875,1908106.75,1923193.75,1632016.625,1668661.125,1735162.25,1999668.625,1562685.375,1621712.0,1942634.375,2225063.75,1874161.25,2029873.375,1712269.125,1801127.375,1815143.25,1660438.875,2069408.375,2136045.5,1887836.0,1995923.125,1813619.75,1871309.75,2306957.25,2402592.0,1717001.75,1582626.25,1776695.875,1614239.875,1412571.75,1469157.625,1545259.25,1501322.875,1719137.375,1777304.375,2074025.5,2165029.25,1144000.625,1102071.25,1244479.5,1157291.0,1325999.5,1267484.375,1808384.25,1726865.875,1876495.125,1838497.5,1365954.0,1384154.125,1359207.75,1608606.25,1242929.375,1337954.25,2518814.0,2558154.5,1341963.375,1249752.125,1855461.75,2051113.0,1469509.375,1670751.875,1727557.125,1676211.0,2337215.75,2080269.125,2080027.625,2422458.5,2212444.5,2758766.5,2867540.25,2919352.75,1689379.125,2038697.625
128,1903939.125,1803259.875,1753349.625,1510314.75,1559803.375,1397177.875,1871651.25,1671327.625,1750284.0,1790068.75,1841951.625,1955826.125,1768293.375,1793923.0,1619505.125,1606594.125,1747492.75,1758189.25,1596882.625,1520495.75,1488574.25,1452433.5,1630047.0,1549894.5,1819289.875,1661189.5,1514887.875,1497178.75,1828840.75,1697847.0,1544895.5,1524167.75,1576578.0,1389261.5,1425225.625,1385374.375,1571948.75,1500733.125,1535685.625,1688643.0,1648080.0,1730864.75,1394036.125,1260661.0,1188339.5,1132520.0,1294614.75,1450657.125,1277974.75,1243430.375,1459322.875,1376745.5,1876035.125,1634259.375,1625136.0,1760933.75,1946818.25,1943415.125,1458819.0,1936581.75,1606007.125,1506581.125,1695762.5,1897948.75,1789504.0,1956676.0,1568338.5,1709992.125,1391767.0,1443575.875,1859467.5,1966533.5,1990446.125,1758207.25,1372642.125,1172011.625,1831776.625,1644018.25,1573093.125,1759765.875,1268067.875,1325965.875,1378746.375,1280464.375,1569028.375,1519651.625,1590810.75,1525758.875,1226420.625,1188269.25,1597624.375,1459588.0,1192126.625,1148169.375,1379740.25,1379898.625,1549053.875,1589743.5,1461212.5,1416831.0,1047376.875,1047881.0,1368450.125,1314282.0,1659513.375,1618391.25,1583498.125,1509123.625,1454345.125,1439994.125,1298102.25,1203826.25,1648198.375,1814944.375,1325423.0,1296648.25,1357232.75,1324867.5,1650780.375,1969778.875,1968787.75,1819383.75,2073897.125,2139343.75,1892808.375,2034832.75,1966090.625,2004379.75,1973385.875,2196876.5,1958721.125,1875167.375,2193459.0,2080925.875,1768575.75,1719147.125,2193961.25,2041231.875,2046805.25,2304968.25,1792515.0,1784721.75,1974801.25,1889262.875,1845066.875,1776031.125,2069982.375,2187636.0,1950042.625,2026779.625,2241520.75,2354330.0,1940617.875,2001374.0,1737800.75,1753289.5,1597386.625,1519106.625,2059701.875,2030564.75,1803377.0,1846185.625,1784883.125,1752704.75,1668133.625,1493477.625,1581290.25,1580346.875,1980689.5,1773103.875,1854690.0,1645829.125,1655705.0,1604098.75,1904519.375,1918524.375,1629997.0,1665602.875,1734332.5,1994262.875,1562244.5,1619371.875,1940625.75,2217046.5,1872083.5,2026859.75,1709363.75,1796030.375,1818045.125,1658340.125,2073230.875,2137633.25,1891724.625,2003991.75,1817340.625,1876910.25,2308302.0,2402709.5,1715086.125,1588245.125,1770422.375,1622100.75,1414839.25,1472776.875,1540579.25,1507470.375,1722859.0,1779235.75,2073502.5,2160244.5,1150539.125,1103570.375,1249198.125,1155647.0,1332797.125,1268782.375,1810718.75,1724908.0,1873812.75,1835794.25,1366041.75,1385029.375,1355455.0,1605477.125,1242841.875,1339649.0,2520564.5,2556161.5,1342019.875,1250656.0,1857266.25,2047997.25,1471091.625,1675198.0,1729095.0,1676306.25,2339016.0,2077033.25,2080630.5,2419560.5,2213203.0,2753380.5,2867658.25,2918550.0,1691013.875,2036649.375
129,1902237.625,1803424.25,1753569.625,1509125.25,1558766.5,1397826.25,1874299.625,1670711.0,1755175.875,1792632.625,1843367.875,1953926.25,1768589.125,1795064.75,1619450.75,1605936.25,1745376.375,1751644.25,1595972.0,1518151.375,1489321.0,1450179.0,1628859.125,1547456.75,1816802.375,1657429.5,1516602.125,1498799.75,1828829.0,1692329.125,1548897.875,1521568.5,1579626.75,1384716.875,1427649.625,1379764.625,1573301.375,1499319.625,1536672.375,1685648.875,1648224.5,1732624.875,1396307.0,1260662.25,1188827.75,1131034.125,1297981.25,1457683.5,1279598.875,1245839.0,1457560.375,1374875.5,1876356.125,1631430.625,1623506.5,1756956.75,1945330.25,1937633.0,1464362.125,1941706.875,1608416.625,1508050.375,1695306.25,1891626.25,1785894.5,1955516.875,1573509.75,1718447.875,1402132.375,1445578.25,1862929.625,1965203.625,1994517.25,1759773.25,1371515.375,1177681.25,1847367.125,1656769.375,1578821.375,1771052.875,1266804.25,1330418.0,1383171.875,1283451.5,1564194.625,1523088.375,1593876.0,1531916.75,1225301.25,1189576.25,1600180.25,1462599.125,1190543.5,1148359.25,1381483.75,1381532.375,1549554.625,1589792.125,1463142.0,1416005.125,1048452.4375,1049748.25,1369103.0,1315659.5,1658546.625,1617859.75,1580879.375,1510992.125,1455545.75,1440500.875,1301121.5,1206145.625,1648985.0,1814693.625,1324249.125,1294928.5,1353676.5,1326555.25,1660484.625,1962157.125,1969914.25,1814258.25,2073861.875,2138095.5,1894575.5,2031724.75,1966581.75,2001935.125,1971358.75,2191580.5,1958663.375,1871543.5,2191237.5,2079568.25,1769907.0,1720038.875,2191944.5,2039145.25,2045829.25,2302723.5,1793372.125,1781248.625,1974454.5,1887377.125,1845834.875,1775500.625,2064538.0,2178582.25,1948381.25,2024520.375,2240183.75,2353775.75,1936245.5,1998639.5,1739397.5,1749787.125,1598545.5,1520969.625,2060556.75,2025537.75,1802949.75,1842786.125,1785768.625,1750607.75,1668878.625,1491962.0,1580449.75,1578218.75,1988175.5,1770063.5,1855857.0,1644889.875,1654381.25,1602115.75,1905143.25,1919598.5,1630864.5,1670617.5,1733153.25,1992367.375,1578811.0,1623158.0,1945659.25,2217208.5,1873010.5,2027555.75,1711120.875,1797707.25,1818417.0,1659512.75,2077611.375,2139816.5,1899218.25,2014091.375,1819509.5,1875050.75,2311158.5,2405617.5,1711492.375,1589537.875,1768862.875,1623309.25,1412237.625,1470941.0,1538426.75,1507693.625,1726071.5,1782643.125,2074794.5,2158581.0,1153131.5,1103739.875,1248671.75,1158315.0,1333317.875,1268766.375,1809655.625,1724199.375,1871764.0,1835627.0,1366739.375,1386114.75,1354807.875,1603611.375,1242090.75,1339574.625,2522392.75,2552639.25,1342577.625,1251229.875,1861015.375,2041331.875,1471864.375,1682169.25,1727493.625,1678857.125,2338790.5,2081894.625,2076505.75,2413337.5,2207108.0,2742679.75,2861185.0,2914543.0,1692601.625,2037483.75
130,1904667.875,1809805.625,1753941.75,1514376.75,1558210.375,1399243.75,1872756.625,1675847.75,1757767.75,1796192.5,1842868.75,1956297.5,1767401.625,1795922.125,1620445.875,1609417.875,1742741.25,1754875.375,1595906.375,1519001.5,1487759.25,1452311.375,1626273.0,1549487.5,1814438.125,1663586.25,1517569.25,1498129.375,1829153.0,1690545.0,1544977.625,1523737.0,1576983.5,1385902.5,1422346.75,1376341.375,1571232.375,1499350.375,1536397.0,1686644.0,1649226.125,1735188.625,1395872.375,1258870.25,1190482.625,1133048.5,1299387.625,1456042.25,1281223.25,1246864.625,1454509.5,1373826.5,1875125.125,1635080.125,1621110.75,1759155.625,1945300.5,1940322.5,1463330.0,1944012.75,1609367.0,1508932.5,1696038.5,1893442.875,1787753.875,1957443.875,1571215.25,1716577.5,1398236.375,1441182.25,1863342.25,1967638.25,1995612.25,1760985.375,1371615.25,1173215.375,1843135.375,1648012.25,1577711.875,1761351.375,1265842.5,1324207.75,1380401.0,1276938.5,1568055.125,1515225.625,1589096.625,1523219.5,1227785.0,1186784.125,1609792.75,1461483.0,1189959.875,1144015.0,1381461.25,1376014.75,1556371.5,1586091.5,1462604.5,1412055.375,1049663.375,1047063.875,1371695.75,1315217.125,1657618.75,1617426.875,1582932.75,1509245.875,1456765.875,1438072.75,1310129.25,1204937.875,1651047.25,1816043.875,1321105.25,1292762.125,1346828.0,1325641.375,1657095.0,1963929.375,1966696.875,1811066.25,2072290.375,2130795.0,1896751.625,2034186.625,1969138.625,2005599.625,1970851.75,2193729.5,1959517.5,1874095.25,2190673.0,2079253.75,1773517.625,1721798.125,2191394.0,2041895.5,2045033.875,2305469.0,1791647.25,1784730.625,1977194.625,1887140.25,1846918.5,1778944.625,2069672.625,2182402.25,1949412.625,2025604.375,2241548.5,2354995.75,1939942.625,2002571.75,1737710.25,1753180.375,1598191.0,1522936.5,2060947.0,2031210.625,1803663.0,1845170.625,1787782.375,1753088.625,1670977.375,1492500.0,1579951.5,1580327.0,1983967.25,1771679.375,1856357.0,1647279.125,1653140.5,1602417.625,1908363.375,1922456.0,1634170.125,1673750.875,1733319.375,1994726.875,1585511.625,1628498.125,1950114.125,2225146.75,1877067.875,2031027.875,1712732.625,1800976.125,1816383.625,1660776.25,2074115.375,2137395.5,1899128.875,2004263.375,1816316.5,1872563.0,2310578.25,2405657.25,1712016.625,1586628.0,1771932.625,1618742.875,1411300.625,1470043.625,1541531.125,1504300.625,1723285.875,1781892.875,2076055.125,2160190.5,1146779.0,1100811.625,1246360.375,1159934.5,1329701.5,1268993.125,1808723.25,1725129.25,1873829.75,1837304.0,1367639.5,1386591.625,1357694.625,1609146.75,1242159.75,1339556.75,2520925.25,2553367.25,1343898.375,1251725.5,1863273.375,2044425.625,1471546.25,1677790.25,1726104.625,1677933.0,2337944.25,2082709.0,2074514.375,2412951.25,2204912.75,2744969.25,2860490.5,2912525.0,1692915.125,2038093.125
131,1906424.125,1809307.75,1756350.125,1514346.625,1562360.625,1397553.0,1872784.25,1670729.0,1753704.75,1793969.375,1840743.375,1955341.75,1768063.25,1794386.625,1623927.125,1609794.25,1744499.375,1756768.875,1600153.125,1518707.75,1487659.25,1451541.5,1628100.25,1543017.25,1819675.5,1664817.125,1517049.75,1496417.0,1829261.0,1689254.75,1536971.625,1519900.25,1574280.75,1382802.125,1415731.5,1373351.75,1570682.125,1499814.5,1538104.5,1689425.125,1648856.125,1733380.875,1394236.0,1257474.0,1189307.625,1132540.5,1298977.75,1457146.125,1279522.875,1244602.5,1456063.125,1372674.5,1877515.25,1631654.0,1624881.125,1759449.375,1947738.375,1942150.375,1457245.375,1935941.125,1610507.5,1508647.625,1699178.25,1894831.375,1791180.0,1958969.625,1566069.5,1708278.875,1392137.625,1441831.375,1857015.125,1970526.875,1993287.25,1760051.5,1368795.625,1171124.125,1836661.625,1649019.875,1569780.625,1752002.375,1262612.875,1318745.0,1374133.625,1279946.75,1568370.625,1516360.125,1583872.5,1518612.0,1226397.25,1187085.75,1606012.875,1463236.75,1187442.375,1146199.875,1375904.75,1375228.375,1550873.125,1591594.125,1458242.75,1415850.0,1045870.375,1048112.6875,1369069.5,1316773.125,1660731.125,1623533.125,1587076.25,1509652.125,1456543.25,1438686.5,1309856.125,1208275.625,1654922.125,1814822.0,1327217.5,1298253.625,1352675.5,1322387.125,1649973.0,1981581.125,1961986.5,1810599.375,2070105.125,2130526.0,1898317.75,2033700.875,1971009.125,2006900.25,1974597.875,2195244.25,1962698.0,1875058.125,2193353.5,2078804.25,1771910.5,1723758.25,2192129.75,2039473.625,2050207.875,2303192.75,1793197.625,1784366.375,1973109.375,1889829.625,1849011.125,1780295.875,2076119.625,2193228.25,1951796.25,2032275.875,2244137.25,2356982.25,1942515.625,2005602.0,1740095.0,1752509.5,1598894.375,1522859.0,2065879.875,2030924.625,1806304.375,1845078.625,1789697.5,1751820.25,1675434.0,1492568.75,1583339.625,1581482.75,1985644.5,1773401.0,1862636.0,1647998.875,1658893.875,1602624.25,1908508.125,1920786.375,1633606.125,1666888.625,1734122.125,1995201.125,1571972.0,1627773.0,1945646.0,2220534.25,1877615.75,2030532.0,1710809.25,1799246.125,1819160.75,1659288.375,2072676.375,2135239.5,1895609.5,1996247.5,1813694.25,1877403.625,2309871.5,2402609.5,1716893.25,1588265.75,1770854.875,1622681.875,1413508.625,1472577.125,1541074.125,1506881.25,1721201.375,1777889.125,2076683.75,2159757.25,1145593.0,1100035.125,1247656.0,1157421.375,1330535.75,1270922.875,1811074.875,1724542.875,1873754.5,1834743.625,1366439.5,1385211.75,1355136.875,1610361.25,1242620.375,1340129.125,2518983.75,2554399.25,1344424.625,1251046.875,1861381.625,2051940.75,1468687.5,1672357.75,1723886.0,1675761.75,2338825.75,2074819.625,2074990.75,2416725.75,2207333.5,2750251.5,2865286.25,2915215.25,1690969.125,2035777.875
132,1902163.0,1802597.75,1756398.5,1508832.5,1565033.0,1394215.25,1875986.25,1663087.25,1750438.75,1791116.25,1842277.5,1951709.375,1770536.25,1792154.75,1624126.875,1606057.5,1745296.375,1751202.75,1601689.5,1517001.25,1488325.25,1448307.875,1627568.5,1532013.625,1822719.625,1657358.125,1512359.0,1495152.0,1827019.5,1685385.625,1536344.0,1513525.0,1577152.125,1373828.25,1414990.75,1369525.5,1573416.875,1499626.375,1540801.875,1688473.0,1647292.0,1732437.0,1396545.25,1259703.375,1187065.125,1130280.625,1298545.125,1463535.75,1277052.25,1243421.75,1460193.0,1371053.125,1879997.25,1622140.75,1629315.75,1754447.0,1949607.125,1934569.375,1463094.125,1932303.75,1611424.0,1509072.125,1699445.25,1888338.875,1789678.5,1957788.75,1566531.25,1708073.75,1392634.5,1444057.5,1854505.25,1970474.0,1992799.875,1759897.875,1366056.0,1179440.375,1846701.375,1664907.5,1567745.875,1760366.375,1258981.375,1323808.0,1374385.75,1289394.75,1560661.875,1526612.0,1586414.0,1524875.625,1221848.875,1189892.875,1594485.625,1467959.0,1184435.125,1152686.5,1371577.125,1379015.375,1539920.5,1600322.0,1457374.0,1422011.375,1042448.625,1052887.25,1365331.125,1319279.5,1665161.0,1629849.125,1587584.75,1514436.375,1456594.5,1440899.375,1299558.25,1211402.25,1653623.875,1812393.375,1330233.875,1300683.625,1358454.75,1322958.875,1654601.0,1987385.75,1961010.625,1810605.625,2070232.125,2141556.75,1901014.75,2032023.75,1971868.375,2004252.375,1975739.75,2191098.0,1965793.375,1873092.25,2194110.5,2078520.125,1767591.375,1723609.125,2190269.5,2032738.875,2054915.875,2296496.25,1798786.375,1780561.625,1964705.875,1893057.375,1850719.25,1778149.25,2073826.125,2194611.25,1951642.0,2034727.625,2245458.0,2357382.75,1938954.125,2003351.875,1744251.875,1744393.875,1599949.0,1523618.125,2070230.75,2020003.375,1809103.375,1840227.375,1790503.0,1748590.125,1679401.25,1490781.0,1585217.5,1580525.25,1999448.75,1772397.625,1868229.5,1646961.625,1663961.5,1601387.75,1905700.0,1917505.0,1630448.125,1662424.75,1735941.375,1993829.0,1560240.125,1620800.875,1942408.625,2210506.5,1874691.625,2028540.375,1709182.75,1797444.375,1824690.75,1658046.75,2077079.375,2136781.75,1899208.875,2007244.75,1815861.125,1881808.25,2311185.75,2401540.75,1720932.875,1593613.0,1765712.0,1631455.25,1413785.25,1474170.375,1535489.375,1512790.25,1724871.75,1777462.875,2077238.875,2157203.25,1152535.25,1102851.875,1249154.0,1156176.0,1333834.875,1270357.375,1812480.25,1723251.25,1867485.625,1829298.875,1364296.625,1383045.625,1348525.25,1602623.0,1242843.75,1338729.375,2519091.25,2551175.75,1343339.875,1249361.75,1853250.25,2045193.0,1463931.5,1676893.25,1718639.625,1676937.125,2336821.5,2070239.875,2070516.625,2416423.75,2204007.25,2742678.0,2861288.5,2916904.75,1687128.875,2033874.25
133,1901594.0,1803022.625,1756385.625,1507766.25,1566710.0,1392741.0,1877477.0,1665887.0,1751678.625,1791602.0,1844536.625,1951465.75,1771692.875,1791260.5,1621684.5,1604586.5,1744275.125,1749914.0,1599016.625,1516383.75,1488520.75,1447803.125,1625222.125,1530738.875,1822062.875,1653314.25,1510410.0,1495667.0,1826708.0,1684020.875,1540745.25,1516216.875,1582370.375,1373720.125,1419017.0,1369139.0,1575966.25,1498636.125,1541483.625,1687783.125,1647567.875,1736303.625,1401918.25,1262077.0,1188035.75,1130742.125,1298525.625,1464816.5,1277523.375,1245975.375,1462699.0,1370464.5,1880942.125,1620134.25,1629840.875,1752683.5,1950853.0,1932392.875,1464195.375,1932062.5,1612865.75,1509868.125,1699178.375,1885248.375,1786457.25,1956528.375,1566859.5,1711732.375,1393402.5,1438956.5,1859332.125,1971259.125,1998084.75,1764551.625,1366356.25,1186419.875,1863157.125,1668432.75,1573943.125,1770826.875,1258294.875,1329911.5,1378284.125,1287813.375,1556027.5,1527622.375,1591545.875,1528122.75,1220092.875,1191455.25,1592649.625,1467055.75,1184170.125,1152209.125,1371047.25,1377969.0,1539271.5,1600248.0,1458524.5,1421084.5,1042483.6875,1052675.75,1364959.875,1319259.0,1665309.5,1629009.125,1585385.125,1516626.5,1456996.125,1441329.375,1298207.0,1207217.875,1649644.625,1812461.75,1323607.875,1292826.125,1351317.875,1325449.875,1664174.75,1978680.5,1965167.625,1812115.625,2072553.875,2147844.5,1899211.5,2031247.0,1970831.75,2002316.875,1975058.375,2189260.25,1964460.625,1871002.375,2193824.5,2078973.0,1766559.5,1720877.5,2189434.5,2033706.0,2055398.0,2295954.75,1800865.25,1781367.5,1962126.25,1894704.625,1851170.25,1777452.5,2066014.125,2186385.5,1949609.25,2029000.5,2244514.5,2355287.25,1935713.5,2000766.5,1745357.125,1742746.875,1600388.375,1526442.5,2070009.0,2017045.25,1810299.375,1838442.875,1791101.5,1749429.375,1681834.125,1489837.75,1583506.75,1579578.25,2010246.875,1776027.5,1866543.75,1646369.125,1662850.75,1599398.0,1904365.625,1919001.125,1631285.0,1668159.0,1737192.75,1995080.125,1561885.125,1615474.25,1947297.125,2215375.75,1875795.125,2031509.625,1711520.0,1801951.0,1822883.875,1658082.875,2077268.625,2136823.75,1904129.125,2015037.625,1816918.625,1880076.0,2310735.75,2401647.0,1719842.25,1593654.25,1763734.625,1632207.375,1409413.625,1472939.5,1533712.625,1514580.625,1728291.0,1781047.625,2078350.5,2158875.0,1155581.875,1103374.875,1247561.875,1157684.75,1333875.875,1267802.5,1812040.625,1722848.25,1864403.25,1832164.625,1363856.875,1381514.125,1349408.125,1603430.5,1242032.25,1338578.875,2519880.0,2549372.0,1341968.75,1248785.0,1844020.0,2032736.0,1461275.625,1679568.125,1715855.375,1676807.375,2330585.75,2070750.375,2063200.0,2412129.0,2198563.5,2733752.0,2852273.25,2915600.25,1684086.875,2032455.375
134,1904737.0,1807949.0,1754817.5,1509972.75,1564428.625,1393210.375,1875373.375,1674093.125,1752912.625,1792184.625,1841605.875,1953202.25,1768537.625,1790378.75,1619788.25,1606278.5,1743105.75,1755271.5,1595819.125,1517818.875,1487168.75,1450229.75,1623932.5,1538852.5,1820747.5,1658157.375,1510884.75,1495722.75,1828289.75,1687507.5,1541651.875,1522946.625,1581517.625,1381856.25,1420909.5,1374718.125,1575093.25,1498924.0,1540566.75,1689786.375,1648382.875,1739056.125,1401851.625,1261324.5,1190353.375,1133274.5,1297264.125,1457314.625,1279371.375,1247503.375,1461513.0,1372059.25,1880157.875,1627375.75,1628169.125,1757573.0,1950149.75,1940457.875,1455416.375,1931573.375,1612787.0,1509181.75,1699590.0,1891286.5,1787143.875,1957353.0,1565022.125,1711040.375,1392611.625,1437022.5,1863563.375,1971498.25,2000153.375,1766047.125,1369878.0,1183133.75,1859647.75,1656608.375,1578096.0,1768855.375,1261671.5,1330026.125,1379930.375,1280272.375,1560815.125,1520805.5,1592640.25,1525610.5,1223221.875,1191084.75,1599611.5,1462365.375,1186642.125,1147272.875,1373937.125,1375072.125,1547599.625,1594389.875,1460223.875,1416989.5,1045005.3125,1048712.875,1367304.625,1317331.375,1662509.75,1623646.5,1585046.5,1514200.25,1457121.125,1440833.75,1305363.375,1202277.125,1649031.875,1815035.5,1320090.125,1288712.375,1346467.375,1326900.25,1663160.0,1971370.25,1969744.25,1816181.75,2073899.375,2143904.75,1895453.875,2033853.625,1969441.25,2004443.875,1975057.0,2194313.0,1960826.75,1872888.625,2194356.25,2079291.125,1769112.25,1718398.75,2191472.0,2041223.125,2052709.875,2302021.75,1796367.875,1786493.75,1965476.625,1892603.875,1850417.25,1778699.375,2064831.0,2184659.25,1948867.125,2025383.625,2243469.75,2354405.25,1936675.625,2001713.375,1742686.125,1750303.375,1600051.125,1526621.25,2066163.625,2026177.5,1808468.625,1843272.0,1790430.5,1751971.0,1679575.125,1491968.25,1582224.875,1580536.125,2003246.125,1779615.875,1860922.375,1646879.875,1659191.375,1599696.375,1905361.375,1922479.75,1633313.0,1672549.625,1736002.125,1997217.875,1566921.125,1617614.625,1949852.375,2223943.0,1877726.5,2033717.5,1714052.0,1805227.25,1816878.75,1658292.5,2073223.75,2135021.25,1900388.875,2008855.875,1815847.125,1876360.5,2308567.75,2401503.75,1716584.0,1589757.75,1767416.875,1626379.875,1406831.75,1470556.5,1537800.375,1511089.75,1726521.875,1782451.75,2078637.5,2163036.25,1152434.0,1101914.125,1246070.125,1158539.375,1331571.5,1267391.25,1811651.875,1723625.125,1868861.0,1839256.0,1364938.75,1381971.75,1355351.875,1610066.125,1241390.375,1340589.625,2520131.25,2551790.0,1341757.75,1249409.625,1845380.75,2033962.875,1463538.625,1676939.125,1719769.875,1675603.25,2329996.5,2073448.25,2065174.5,2412148.0,2201347.25,2738378.5,2854346.25,2915383.5,1685500.5,2033111.75
135,1901170.625,1806835.75,1748040.5,1509961.25,1554810.125,1396214.375,1873524.0,1678717.125,1753451.875,1792995.75,1837194.0,1953965.375,1763481.375,1790562.75,1618419.5,1607647.0,1741088.125,1756888.875,1593332.0,1520758.0,1483768.75,1451997.625,1621689.625,1546609.75,1816053.375,1665126.5,1505524.375,1492797.125,1825958.625,1692142.0,1539782.875,1521961.0,1571922.625,1383023.125,1416853.0,1381637.875,1570643.25,1501281.125,1536973.25,1687417.375,1646415.375,1734542.75,1390697.0,1258697.875,1189030.25,1134201.625,1293632.25,1447864.125,1278962.25,1243599.0,1455781.75,1375088.875,1876903.25,1634317.0,1625700.25,1761688.0,1946942.375,1943518.375,1464282.125,1940641.125,1606772.625,1507103.875,1696112.125,1897200.25,1791446.375,1960003.75,1569015.125,1711172.375,1395164.25,1448362.625,1862540.875,1965151.25,1989147.875,1755345.875,1374481.625,1172767.25,1827646.0,1643279.625,1572193.375,1756722.875,1266539.5,1328250.125,1379630.125,1281336.0,1570685.5,1520059.125,1589190.25,1523787.125,1228789.25,1187445.875,1605003.0,1463274.875,1190219.875,1147564.0,1379834.625,1379043.625,1555213.125,1590628.125,1464768.5,1417423.375,1049174.5,1049467.25,1371201.0,1316039.25,1660119.375,1618777.125,1586239.125,1511757.5,1457750.5,1439436.125,1303953.375,1205232.625,1649704.5,1816957.875,1326574.375,1299723.25,1357639.5,1329172.625,1648600.5,1965144.25,1970280.0,1819275.25,2072796.5,2138794.0,1898910.125,2041031.375,1970315.375,2008974.25,1971880.125,2198737.5,1959633.375,1878975.375,2192376.5,2078845.375,1772910.875,1720257.125,2190951.25,2042362.25,2046368.5,2306491.75,1790416.0,1788557.875,1969642.875,1885823.75,1847699.0,1777405.5,2074952.375,2195716.75,1950201.5,2030637.5,2243464.0,2356430.25,1939740.375,2004610.75,1738864.75,1753606.75,1597415.0,1521220.5,2061525.375,2032077.75,1805092.375,1849257.25,1785470.5,1751930.75,1669515.0,1494279.375,1582450.25,1583399.25,1979304.0,1771497.25,1854702.125,1648132.625,1655745.5,1604164.25,1905337.0,1921138.875,1630514.25,1667753.0,1733601.125,1996189.125,1564992.125,1622821.5,1944445.375,2218578.75,1873002.625,2028046.125,1712150.375,1798564.125,1817746.625,1659745.125,2072776.75,2135853.75,1892217.875,2003515.625,1816251.375,1873909.375,2307798.0,2402810.0,1716646.0,1590224.75,1773391.375,1622822.25,1410642.25,1468847.875,1540902.375,1505354.125,1723268.0,1780738.125,2076174.625,2162491.5,1149419.0,1103064.0,1247220.125,1157512.375,1329978.75,1269265.625,1810533.5,1725877.75,1873852.75,1838058.875,1365797.625,1385861.625,1355725.75,1604373.5,1242239.0,1339608.25,2520036.25,2554094.0,1342448.875,1249873.5,1860770.25,2049034.75,1469091.5,1678750.0,1727123.75,1678614.875,2341269.75,2082991.75,2080409.25,2421400.75,2212418.0,2754128.5,2869298.25,2918063.75,1691240.125,2041277.5
