time,ROI_001,ROI_002,ROI_003,ROI_004,ROI_005,ROI_006,ROI_007,ROI_008,ROI_009,ROI_010,ROI_011,ROI_012,ROI_013,ROI_014,ROI_015,ROI_016,ROI_017,ROI_018,ROI_019,ROI_020,ROI_021,ROI_022,ROI_023,ROI_024,ROI_025,ROI_026,ROI_027,ROI_028,ROI_029,ROI_030,ROI_031,ROI_032,ROI_033,ROI_034,ROI_035,ROI_036,ROI_037,ROI_038,ROI_039,ROI_040,ROI_041,ROI_042,ROI_043,ROI_044,ROI_045,ROI_046,ROI_047,ROI_048,ROI_049,ROI_050,ROI_051,ROI_052,ROI_053,ROI_054,ROI_055,ROI_056,ROI_057,ROI_058,ROI_059,ROI_060,ROI_061,ROI_062,ROI_063,ROI_064,ROI_065,ROI_066,ROI_067,ROI_068,ROI_069,ROI_070,ROI_071,ROI_072,ROI_073,ROI_074,ROI_075,ROI_076,ROI_077,ROI_078,ROI_079,ROI_080,ROI_081,ROI_082,ROI_083,ROI_084,ROI_085,ROI_086,ROI_087,ROI_088,ROI_089,ROI_090,ROI_091,ROI_092,ROI_093,ROI_094,ROI_095,ROI_096,ROI_097,ROI_098,ROI_099,ROI_100,ROI_101,ROI_102,ROI_103,ROI_104,ROI_105,ROI_106,ROI_107,ROI_108,ROI_109,ROI_110,ROI_111,ROI_112,ROI_113,ROI_114,ROI_115,ROI_116,ROI_117,ROI_118,ROI_119,ROI_120,ROI_121,ROI_122,ROI_123,ROI_124,ROI_125,ROI_126,ROI_127,ROI_128,ROI_129,ROI_130,ROI_131,ROI_132,ROI_133,ROI_134,ROI_135,ROI_136,ROI_137,ROI_138,ROI_139,ROI_140,ROI_141,ROI_142,ROI_143,ROI_144,ROI_145,ROI_146,ROI_147,ROI_148,ROI_149,ROI_150,ROI_151,ROI_152,ROI_153,ROI_154,ROI_155,ROI_156,ROI_157,ROI_158,ROI_159,ROI_160,ROI_161,ROI_162,ROI_163,ROI_164,ROI_165,ROI_166,ROI_167,ROI_168,ROI_169,ROI_170,ROI_171,ROI_172,ROI_173,ROI_174,ROI_175,ROI_176,ROI_177,ROI_178,ROI_179,ROI_180,ROI_181,ROI_182,ROI_183,ROI_184,ROI_185,ROI_186,ROI_187,ROI_188,ROI_189,ROI_190,ROI_191,ROI_192,ROI_193,ROI_194,ROI_195,ROI_196,ROI_197,ROI_198,ROI_199,ROI_200,ROI_201,ROI_202,ROI_203,ROI_204,ROI_205,ROI_206,ROI_207,ROI_208,ROI_209,ROI_210,ROI_211,ROI_212,ROI_213,ROI_214,ROI_215,ROI_216,ROI_217,ROI_218,ROI_219,ROI_220,ROI_221,ROI_222,ROI_223,ROI_224,ROI_225,ROI_226,ROI_227,ROI_228,ROI_229,ROI_230,ROI_231,ROI_232,ROI_233,ROI_234,ROI_235,ROI_236,ROI_237,ROI_238,ROI_239,ROI_240,ROI_241,ROI_242,ROI_243,ROI_244,ROI_245,ROI_246
1,2049576.0,1892854.5,1935839.0,1984787.0,2075034.5,1994479.5,1777992.625,1695754.625,1824731.25,1702054.25,2341785.25,2293068.0,2239900.5,2205390.25,2277630.5,2136606.0,1748987.25,1877317.25,2188688.25,2359271.25,1933457.375,1956660.5,1926040.125,1793028.125,1881948.125,1887792.875,1672679.875,1902542.75,1880339.125,2179011.25,1709211.25,1814844.75,1581929.875,1672647.625,1575927.875,1569106.5,1634297.75,1792474.5,1713707.0,2091479.125,1961030.25,2073730.125,1544863.125,1575869.125,1370094.875,1376665.0,1539856.375,1620551.25,1568936.375,1556789.625,1571721.625,1756510.25,1688557.125,1611241.625,1671670.625,1646570.5,1789562.375,1700272.0,1534204.375,1678250.0,1665554.125,1665546.125,1864996.25,1983661.5,1706085.625,1708484.875,1653247.25,1634733.0,1403064.375,1474133.125,1952858.375,2024446.375,1929223.25,1981150.375,1610476.5,1541921.125,1847663.75,1697131.25,1766894.75,2026433.0,1297075.875,1330324.75,1450554.5,1388658.25,1420036.75,1530706.5,1774922.75,1700523.25,1489920.25,1373497.375,1578648.0,1370421.25,1500620.5,1364265.5,1599829.875,1473818.0,1489454.5,1487037.875,1523036.125,1426074.0,1151769.5,1164481.875,1681520.875,1438287.0,1776874.625,1806640.125,1654359.5,1567454.0,1679383.5,1707741.25,1699667.375,1663018.5,2058022.625,1837302.75,1557905.5,1509301.0,1611497.875,1421602.875,2143002.0,1959507.5,1921430.0,1736685.625,2003606.75,1759832.0,1740535.625,1617678.5,1875428.25,1807667.125,1975235.75,1892918.75,1781358.875,1612215.625,2148107.5,1928886.875,1660412.75,1606035.25,1942509.0,1710769.5,1971939.625,1893279.625,1677429.625,1642160.75,1840402.875,1721895.375,1792169.25,1662258.125,1960923.5,1812488.5,1923980.875,1764815.0,1964275.5,1966317.5,1893973.375,1894526.0,1772207.375,1737087.0,1586657.75,1667255.625,1973326.125,1692397.5,1810368.625,1593838.375,1796663.625,1840482.125,1775112.0,1835516.375,1691228.75,1905843.375,1968455.75,1962562.5,1825143.5,1896930.125,1689883.375,1797527.0,1919251.625,1903217.625,1844550.375,2023626.75,2030404.875,1930910.625,1893720.0,1800731.75,1959929.125,1902100.75,1884451.375,1855320.375,2176358.0,2108077.0,1871111.625,1714797.0,2060797.25,2038584.75,1708135.75,1834882.75,2027185.625,1930476.5,2172892.25,2199604.25,1711352.125,1544274.125,1657947.25,1527409.5,1363531.125,1475208.875,1478324.75,1453411.875,1673476.5,1596131.625,1913080.5,1749016.625,1277614.25,1244287.25,1470333.875,1414098.875,1588484.0,1482094.5,1999719.375,1834983.0,2399609.75,2247372.75,1594546.375,1594777.375,1789812.875,2013918.25,1629233.0,1714799.875,3043466.0,3017807.0,1646547.125,1602051.75,2329738.75,2429257.25,1641369.0,1763463.0,1942208.375,1832242.75,2875138.0,2493014.5,2344453.25,2594185.25,2635427.0,2971370.0,3141323.25,3183726.25,1841633.625,2227074.75
2,2054210.375,1898403.375,1941095.0,1984291.125,2086559.25,2000660.25,1782184.25,1700133.875,1826205.0,1702493.5,2339693.25,2294938.0,2239134.0,2204229.5,2278149.5,2139092.0,1747801.0,1880125.25,2181944.0,2356798.75,1928706.875,1959039.875,1921770.0,1793079.0,1882700.0,1890873.625,1673728.5,1901406.75,1878131.5,2177987.5,1710644.625,1815055.75,1580133.25,1669916.0,1577568.0,1568728.875,1636259.625,1793882.125,1719047.625,2089278.5,1961342.375,2077111.75,1546601.375,1580230.375,1372132.75,1379547.125,1542335.5,1621464.125,1571680.625,1557443.75,1575020.125,1755540.0,1690336.75,1610713.25,1675263.25,1648565.75,1792308.125,1701022.125,1544555.25,1680954.0,1666627.75,1664496.75,1862579.75,1981503.375,1705595.5,1706732.125,1655055.0,1634140.125,1396378.25,1481322.375,1950115.0,2017468.25,1929398.0,1971820.5,1611092.625,1537092.375,1836010.125,1691228.25,1768583.75,2030009.375,1298195.625,1335290.125,1452802.375,1393137.875,1417382.875,1531435.5,1776114.25,1705195.5,1487898.0,1379840.375,1576265.125,1372727.0,1502559.875,1359031.875,1600366.875,1479055.375,1489198.625,1486894.25,1524589.625,1429251.875,1153375.625,1168228.75,1684191.375,1443224.625,1782319.625,1809040.875,1655417.125,1569035.375,1684824.75,1713348.875,1700708.25,1665432.75,2057970.875,1840436.625,1562878.5,1521315.5,1617393.375,1441611.5,2141459.5,1965128.25,1925436.125,1738147.375,2001502.75,1756611.75,1741516.875,1617087.875,1862668.625,1800284.375,1971424.0,1892531.75,1789354.875,1616839.25,2145157.0,1926433.875,1657229.5,1603333.875,1937661.625,1712058.5,1971962.0,1893623.875,1673920.125,1637291.0,1838970.0,1718633.125,1789209.0,1661228.125,1946427.75,1806007.375,1921735.5,1761980.375,1958508.25,1961852.25,1895796.875,1894925.5,1775992.625,1738325.375,1585472.0,1665382.5,1977631.25,1693954.125,1816315.25,1598230.125,1801489.25,1839377.375,1777760.125,1833011.5,1688303.25,1899920.75,1964253.5,1953390.0,1822134.75,1888446.75,1683360.75,1796884.75,1921153.875,1903609.125,1850485.25,2029291.75,2027113.125,1930851.375,1892135.625,1798748.125,1960138.125,1899899.625,1885076.875,1854421.25,2178330.75,2110958.5,1871804.625,1710760.875,2061057.5,2034418.375,1705658.125,1832241.125,2028265.25,1929751.0,2169924.0,2195836.25,1710044.0,1544405.0,1658537.625,1530388.0,1367008.0,1477684.125,1475956.75,1454675.125,1672582.75,1590993.5,1911876.0,1744139.125,1282949.375,1249566.75,1472517.5,1418857.125,1593229.125,1486576.375,2003242.5,1834533.5,2401637.25,2249343.75,1597151.5,1597592.0,1797447.5,2016231.75,1633560.375,1716868.375,3048801.0,3020913.0,1643448.875,1601093.0,2330686.0,2428292.25,1640058.0,1760871.75,1941485.875,1830671.125,2873141.75,2486797.0,2345582.25,2591988.25,2635216.5,2968315.5,3141041.5,3185796.0,1839464.75,2228470.75
3,2054066.125,1897196.25,1944782.625,1985118.5,2087898.625,2003457.625,1779143.625,1696941.5,1827586.25,1698523.25,2341195.5,2294579.75,2244238.25,2207712.0,2279605.75,2140024.75,1748814.375,1881303.125,2187834.5,2362571.75,1929418.625,1961271.125,1922664.875,1795090.25,1880333.875,1890635.75,1677944.5,1906827.0,1879219.25,2180095.75,1709395.5,1814538.875,1581072.375,1670571.875,1578643.0,1568606.0,1637470.125,1793086.25,1719065.625,2092874.375,1963518.625,2080472.875,1547711.0,1577586.75,1374719.75,1381913.75,1539665.5,1620825.125,1572866.375,1556923.75,1576722.125,1755720.625,1692207.25,1611352.0,1674008.125,1647193.875,1792289.125,1699981.375,1535918.375,1677134.25,1666674.375,1663245.25,1862585.125,1984322.625,1702050.125,1706460.375,1653470.5,1631347.625,1398347.75,1476145.75,1947888.125,2016448.625,1929220.125,1972976.75,1611815.375,1544796.375,1835709.375,1689242.5,1768833.875,2031846.875,1300159.625,1334810.125,1452103.25,1390161.875,1415885.125,1535444.375,1777320.0,1704663.125,1490263.625,1380384.375,1576600.875,1374072.875,1501743.0,1356143.75,1604714.875,1477915.0,1490122.5,1487900.75,1529070.5,1429364.625,1157618.875,1169147.5,1681730.875,1442536.0,1779972.75,1813139.0,1654903.75,1570122.875,1683028.875,1710829.625,1697303.625,1660847.125,2054494.0,1835659.375,1557204.375,1512795.0,1617083.125,1444568.25,2138676.5,1960352.875,1927141.125,1738059.25,2006410.25,1757651.75,1735488.75,1615048.5,1863555.5,1800780.625,1970582.25,1892992.5,1785698.25,1614266.625,2143353.75,1926239.75,1656780.125,1606308.5,1937284.625,1715644.375,1971736.0,1897599.375,1674340.375,1635983.0,1839183.0,1719736.375,1789407.25,1661396.625,1945872.25,1806724.875,1919242.75,1759490.625,1956871.25,1963459.125,1895480.5,1894760.25,1777924.375,1739225.375,1586754.875,1665406.0,1978379.0,1695039.875,1813269.375,1595345.5,1799666.75,1836557.375,1778310.5,1833595.875,1689438.125,1899797.125,1963139.875,1950384.0,1819415.125,1887299.625,1682157.625,1795812.25,1920925.125,1901641.5,1849162.25,2030119.25,2028934.875,1930236.375,1893275.5,1799614.875,1960291.625,1899745.5,1885543.375,1854801.75,2180683.75,2111954.25,1872111.125,1713437.0,2061427.75,2036011.5,1706434.75,1835591.125,2024785.625,1929925.25,2169983.75,2198505.5,1713499.75,1546522.75,1658560.0,1531555.25,1370056.25,1480626.5,1478805.0,1457208.625,1676434.625,1594835.375,1912959.375,1746024.5,1281138.125,1245091.125,1474035.875,1417066.375,1591309.375,1483143.0,1999024.375,1833413.125,2402665.0,2249922.5,1596071.5,1596203.875,1802966.75,2019052.25,1634374.375,1718537.125,3049568.5,3022098.75,1644260.5,1602143.125,2325764.5,2424104.75,1639188.0,1756248.625,1939786.375,1827104.25,2868595.75,2480121.5,2340559.75,2589259.75,2630740.25,2965127.5,3136771.75,3182186.75,1837130.75,2224337.0
4,2054244.875,1895729.0,1944985.875,1987991.875,2085350.25,2004061.5,1776014.75,1695456.0,1827370.25,1698418.375,2343678.75,2294685.75,2247543.5,2210926.25,2281601.5,2142174.0,1750999.125,1882675.125,2196078.5,2366404.0,1934834.625,1960702.875,1928731.125,1797633.125,1880547.375,1891616.0,1681906.125,1910829.0,1881784.0,2182552.5,1710270.375,1812537.25,1580768.75,1673229.25,1578758.75,1570576.0,1637675.375,1791866.75,1717351.625,2095794.75,1967288.125,2082865.5,1547277.875,1574391.875,1375168.5,1383096.125,1536626.875,1620937.125,1572099.25,1555590.0,1575772.125,1755886.875,1692991.125,1612349.875,1671324.125,1647716.5,1789875.5,1700253.125,1528056.125,1675128.75,1665995.125,1662744.5,1865990.375,1987936.625,1702189.5,1708482.625,1651433.875,1631862.5,1401910.0,1467860.0,1944223.375,2016537.125,1927139.0,1972396.375,1606674.0,1545232.625,1837628.5,1688440.25,1762400.25,2023024.375,1297973.375,1330905.0,1447920.5,1384961.25,1414211.5,1534995.375,1773435.875,1698324.125,1490050.625,1376867.0,1577935.625,1371711.75,1498844.75,1360865.75,1602252.875,1474590.875,1490044.625,1487289.375,1526789.25,1425576.625,1155729.875,1166199.5,1679733.375,1439735.5,1777196.625,1810213.25,1652761.375,1570032.75,1680171.5,1708388.875,1695330.625,1658472.75,2054103.125,1832222.625,1551284.0,1504178.625,1614630.75,1428884.25,2139244.25,1957248.0,1920906.0,1733953.375,2004389.0,1755694.5,1736470.375,1617092.75,1869928.875,1804415.375,1974342.5,1893726.75,1782607.875,1612484.0,2146195.25,1929486.625,1658937.0,1607562.375,1943019.75,1716773.875,1974878.0,1897677.375,1679288.75,1638895.0,1840830.125,1720323.875,1789827.25,1661241.5,1954239.0,1810171.75,1919864.5,1760886.5,1959203.375,1965711.125,1895424.375,1894660.875,1778765.5,1739782.625,1589506.75,1665282.5,1979480.875,1694489.25,1808829.0,1592241.25,1795650.75,1832868.25,1775960.625,1833339.75,1690685.875,1901595.375,1962790.0,1951742.25,1818316.125,1887691.0,1681704.375,1795023.125,1920653.25,1901301.0,1843530.125,2026794.875,2032583.125,1929791.125,1895449.375,1801080.375,1960732.5,1903085.125,1886538.5,1855679.875,2182104.0,2112702.0,1872504.375,1716339.0,2062094.25,2038549.5,1710144.375,1837497.875,2025607.375,1929792.125,2170732.5,2200373.75,1715356.625,1548093.125,1658112.875,1529886.0,1370146.625,1479942.125,1481679.0,1456978.25,1675837.25,1599291.625,1913838.25,1749722.375,1277633.25,1239442.625,1472125.375,1414246.875,1589278.25,1479219.375,1995702.375,1833427.0,2403724.25,2250123.0,1595305.625,1594175.125,1804713.25,2018541.625,1632889.375,1717626.125,3045009.0,3020860.5,1645948.25,1603465.75,2327648.75,2426508.75,1639382.875,1755233.625,1940241.75,1827181.125,2869754.0,2483640.5,2340626.75,2592802.5,2631539.25,2968024.5,3136773.5,3178193.5,1838590.375,2226016.25
5,2053866.125,1895316.625,1941241.25,1987185.125,2084851.375,2001102.625,1776761.375,1697201.125,1824662.375,1702269.75,2347462.5,2296105.5,2242641.75,2208522.0,2280267.25,2140313.25,1751243.0,1882170.125,2194684.0,2358370.5,1936556.625,1956812.25,1932645.75,1794635.5,1885933.625,1891663.75,1679430.0,1905994.0,1881555.125,2181784.0,1712559.25,1813550.375,1579430.375,1674449.625,1579535.125,1571398.375,1634082.875,1793423.625,1714736.375,2093121.625,1968143.25,2080400.375,1547170.125,1577360.625,1371889.0,1380379.5,1538514.0,1622481.625,1569473.375,1555723.75,1573493.625,1756320.5,1690190.625,1611184.625,1671199.625,1649532.125,1787678.125,1699291.25,1532774.0,1676793.75,1667646.5,1665094.5,1868997.125,1985894.625,1705037.625,1709143.125,1651042.125,1634789.125,1402191.5,1469593.125,1945148.75,2018010.0,1927183.875,1971835.875,1604332.75,1538999.625,1841007.75,1690434.875,1760933.125,2018201.0,1295898.875,1330245.5,1446151.375,1385602.0,1415716.75,1531169.75,1771039.25,1696979.375,1487651.125,1373748.0,1577946.625,1369496.875,1499036.5,1370248.25,1595804.25,1475147.25,1487237.25,1486674.875,1520195.5,1424137.375,1149495.75,1164871.375,1681614.0,1439651.375,1776762.875,1804579.5,1651482.5,1569599.75,1679806.75,1709477.75,1697864.625,1663133.5,2058951.75,1837199.25,1554686.0,1508067.125,1614441.75,1411453.25,2142171.0,1961827.5,1916231.125,1732069.25,1998501.25,1752423.625,1744262.375,1620094.875,1872236.5,1805281.875,1978074.5,1892569.625,1784529.625,1612260.125,2147334.5,1931074.5,1660576.25,1603992.875,1948504.25,1712599.0,1976655.125,1891306.5,1682526.25,1641153.0,1842452.25,1719380.5,1790598.75,1660041.75,1959462.375,1811446.0,1922022.125,1764380.0,1961938.875,1964836.125,1895894.0,1895396.5,1776230.375,1737215.25,1589387.125,1665726.75,1978192.875,1691154.125,1809264.625,1592615.625,1795791.75,1833735.625,1773049.0,1835078.75,1688962.25,1904028.125,1968468.875,1959221.125,1823672.125,1890132.75,1687614.5,1797156.875,1921761.25,1905066.5,1842217.875,2022974.25,2031751.125,1929507.375,1896075.125,1801971.375,1959267.5,1904132.0,1885572.125,1855786.375,2179668.25,2112325.25,1872160.25,1714751.375,2061114.125,2037206.125,1715634.5,1835453.25,2028586.125,1929092.125,2170527.75,2198286.75,1712483.875,1545820.125,1657067.25,1526953.875,1368777.875,1478324.5,1481034.75,1454562.125,1670129.375,1596031.75,1911611.125,1749568.5,1276969.375,1242832.625,1468415.5,1414653.75,1590415.625,1481111.625,1999417.375,1835250.5,2400520.5,2249722.5,1596990.125,1593804.875,1797990.625,2013493.25,1630665.125,1715609.125,3039888.75,3017721.0,1646468.375,1602098.5,2333039.5,2430196.25,1641612.75,1762316.0,1941692.375,1832488.125,2872981.75,2491664.5,2345337.75,2596741.5,2635851.0,2970180.5,3137206.5,3177565.0,1843238.125,2231972.5
6,2048370.375,1891181.875,1936272.125,1980085.125,2083611.125,1993635.125,1776730.75,1694490.875,1821547.875,1701410.875,2350438.5,2295548.75,2238376.5,2206066.75,2275611.75,2132811.0,1749338.625,1877902.375,2191478.25,2349489.75,1935571.5,1954329.125,1930696.875,1787624.75,1888836.875,1887029.5,1673685.75,1899088.0,1881491.875,2179638.25,1715232.125,1818244.25,1582243.375,1675166.125,1582046.75,1570254.625,1630292.875,1796368.0,1711544.0,2090673.25,1964203.625,2074275.375,1548267.125,1581483.5,1368467.5,1375702.25,1541606.125,1622581.75,1567758.875,1557385.375,1573434.375,1757379.375,1686143.375,1608773.0,1671506.125,1647562.75,1786835.875,1695508.75,1535306.875,1676188.25,1670213.125,1668178.125,1868386.875,1982146.5,1702793.5,1706180.125,1651543.25,1634095.875,1402969.125,1478227.625,1953272.75,2023192.625,1931147.375,1979204.75,1612149.125,1543602.0,1850662.625,1696789.125,1770838.125,2028891.375,1299330.0,1332431.25,1449831.375,1389757.25,1421679.25,1531722.5,1776503.875,1704181.0,1489002.75,1373215.0,1576949.625,1370342.25,1501179.0,1371072.125,1597322.0,1477070.25,1485291.375,1488126.125,1520183.25,1427387.375,1149190.375,1166652.75,1682935.0,1441377.25,1775442.75,1806272.75,1651904.75,1569356.0,1680062.125,1710622.0,1700254.625,1667042.125,2062647.375,1840766.625,1559985.5,1513438.5,1616158.875,1416330.375,2141339.25,1963942.0,1921219.25,1737510.0,2002710.75,1756055.5,1743025.0,1615182.125,1870471.875,1802548.375,1977749.625,1889667.0,1782894.875,1608049.375,2143019.0,1926427.375,1660985.0,1602494.625,1948112.25,1707076.25,1974112.875,1887380.875,1680683.5,1639241.875,1843276.75,1720166.375,1793591.5,1660077.25,1956924.25,1808542.125,1920922.375,1762692.0,1963389.25,1964212.375,1895292.125,1895188.75,1770963.0,1733636.0,1587156.625,1667498.0,1972699.5,1688427.375,1809978.25,1591410.25,1798571.0,1840083.5,1773274.5,1839483.375,1688509.75,1907219.375,1979649.875,1968339.5,1831062.0,1896886.625,1697960.0,1801678.25,1921728.25,1907163.125,1847580.5,2022492.875,2028522.25,1929287.125,1896036.625,1802504.5,1957251.5,1901234.5,1883171.125,1855813.375,2175126.5,2109878.5,1870961.5,1712352.625,2059441.125,2034927.75,1715506.375,1834632.875,2025672.25,1928984.125,2172232.75,2198315.0,1710669.25,1542702.875,1655966.5,1525524.25,1368421.875,1479643.75,1478106.875,1453588.0,1670759.75,1591822.5,1909132.875,1747441.5,1278119.0,1250044.125,1468712.125,1416277.625,1590787.375,1485115.0,2003710.375,1836711.875,2394743.75,2248316.25,1597131.75,1593554.75,1787483.625,2011065.5,1628733.75,1715126.0,3041068.75,3017758.5,1646933.25,1600240.875,2328878.5,2426686.0,1643564.0,1768032.0,1942191.875,1836004.875,2872196.5,2490502.0,2344548.75,2593473.0,2634113.75,2966955.0,3135300.25,3181915.5,1844649.625,2230209.5
7,2046334.5,1889263.875,1934972.875,1976398.75,2080323.875,1987941.375,1777577.0,1693106.625,1823109.25,1699223.625,2347106.25,2293747.0,2241526.75,2207275.25,2274634.5,2131411.5,1749672.5,1876069.25,2194832.5,2351881.25,1939564.5,1956966.25,1928977.25,1787185.25,1886137.375,1885447.0,1673334.0,1898283.375,1886692.0,2180670.5,1720065.875,1821746.625,1586654.875,1676985.125,1584592.875,1571870.375,1632944.125,1796670.25,1713669.625,2093202.125,1960894.625,2071562.75,1549137.375,1581015.125,1369027.375,1375426.0,1541211.25,1620317.0,1570115.5,1557033.375,1577005.125,1758241.0,1686657.25,1609661.125,1671635.0,1645664.875,1788757.625,1696169.375,1532137.0,1675732.75,1669484.125,1668700.5,1869224.5,1983919.625,1699546.75,1705663.875,1653427.75,1633146.625,1403656.625,1479456.75,1958121.375,2024801.0,1933579.625,1981889.875,1616571.75,1549313.25,1852782.25,1698733.125,1774124.125,2034331.5,1300776.375,1332003.625,1451317.0,1389859.625,1424122.75,1533371.875,1779236.5,1707663.5,1490141.0,1374350.25,1576828.875,1369397.75,1499104.5,1361838.25,1600455.125,1476560.0,1487348.625,1488124.375,1522492.375,1427882.5,1152040.5,1166428.25,1681664.5,1441100.75,1776087.125,1807925.25,1652737.875,1568635.625,1681115.5,1710616.625,1700064.25,1664517.625,2060145.5,1835775.75,1558304.5,1513809.0,1616669.875,1434252.375,2138282.0,1958797.75,1923586.5,1740240.25,2007501.0,1759888.375,1738028.5,1609854.125,1869570.625,1799983.125,1977392.5,1889038.875,1780686.75,1606820.0,2142824.5,1922313.625,1661517.0,1603355.125,1945792.125,1705410.125,1975339.75,1889452.125,1680160.875,1637460.625,1843023.125,1720201.75,1796216.875,1661845.625,1953371.375,1804395.125,1919760.375,1759044.375,1963423.0,1963973.75,1894338.875,1893159.375,1770880.375,1735068.75,1587692.375,1667748.75,1973302.25,1690033.25,1810223.25,1589820.875,1800329.0,1842884.5,1776256.875,1838584.375,1690542.75,1907178.5,1981373.875,1966401.75,1829812.25,1898808.75,1697136.625,1803108.0,1919576.375,1904059.75,1851056.375,2025684.5,2029310.0,1930455.5,1895383.5,1800841.25,1959041.125,1901532.625,1884450.375,1856617.875,2173784.0,2107907.5,1870934.625,1711828.625,2060376.25,2035340.5,1706652.625,1835441.625,2024174.0,1928991.25,2173781.5,2199666.5,1711630.125,1543104.75,1656032.625,1526190.875,1366712.625,1479170.5,1474068.75,1452611.875,1675215.75,1593521.875,1910727.75,1747247.875,1279362.375,1250810.625,1470391.75,1417338.125,1589783.125,1485635.875,2001798.125,1835872.25,2397262.75,2248887.5,1595565.75,1594123.0,1788610.875,2015334.875,1629531.125,1715121.875,3045869.5,3021653.25,1646685.75,1601217.75,2323412.75,2424841.0,1642030.125,1763711.125,1942126.875,1835146.25,2873430.5,2485223.5,2342116.0,2590993.75,2631918.0,2967617.5,3138390.25,3188235.0,1841182.0,2225834.75
8,2052711.5,1893141.125,1938194.25,1980917.0,2078345.5,1989049.375,1780979.25,1697653.375,1828203.5,1701621.5,2342639.25,2293611.25,2244449.75,2207514.75,2278716.5,2136565.0,1752548.625,1880326.625,2198098.0,2357860.75,1942364.125,1960855.125,1930789.875,1793614.125,1884317.875,1889542.875,1677766.75,1901330.875,1889262.625,2182476.0,1720901.5,1820142.75,1586718.75,1675310.125,1583310.75,1573404.5,1638317.5,1793364.25,1719292.0,2093090.75,1963062.5,2072953.25,1550115.25,1578554.625,1371862.25,1378100.625,1542471.0,1620347.5,1573087.75,1554907.0,1578516.625,1758495.875,1690069.25,1611806.5,1673454.875,1647455.5,1792109.75,1701837.875,1533982.125,1678760.125,1665813.625,1667011.0,1870358.875,1987535.75,1703189.5,1710084.0,1655815.625,1635805.75,1400695.875,1471742.5,1953762.5,2021019.625,1931203.375,1974865.25,1609680.75,1542707.125,1840537.625,1692586.875,1764182.5,2023744.0,1296478.125,1329772.375,1448021.125,1386460.125,1419257.25,1530371.125,1774343.375,1702253.5,1488114.0,1375963.75,1577142.375,1367046.125,1495341.875,1359151.75,1596720.875,1475343.875,1489209.75,1486348.125,1520043.0,1424084.625,1150821.125,1164556.125,1681505.875,1438808.5,1779987.75,1801028.0,1653005.375,1568119.375,1682411.875,1709064.5,1701085.75,1659894.75,2056842.0,1831097.875,1556372.0,1510190.875,1614408.625,1429348.375,2142168.5,1955438.625,1918799.0,1734958.25,2002193.0,1756892.125,1740021.625,1613261.375,1871728.125,1802389.75,1978552.5,1891290.5,1783787.375,1612140.25,2148592.5,1926478.75,1662225.25,1602089.875,1946864.0,1709625.875,1978555.375,1892580.625,1682581.125,1640491.25,1842589.875,1718663.375,1794610.375,1662350.375,1955306.75,1806425.125,1922635.125,1761518.875,1962690.875,1962615.0,1895090.375,1892669.75,1775311.375,1738707.125,1589625.625,1664939.0,1979094.25,1693552.375,1812492.25,1592556.375,1799454.125,1839239.375,1777891.0,1833268.875,1690779.125,1903448.375,1970631.375,1956970.0,1824682.125,1892068.125,1686945.5,1798384.0,1919458.375,1901949.75,1846856.125,2026570.75,2031356.5,1930595.375,1894195.5,1799274.5,1961465.75,1904050.5,1887681.875,1856771.125,2175697.25,2106704.25,1872087.5,1711964.0,2062869.25,2037127.75,1702584.75,1835597.0,2030692.5,1927095.625,2171221.25,2197686.5,1712107.875,1544977.125,1657976.75,1527718.125,1364134.0,1475385.0,1473035.75,1450985.375,1672893.375,1595831.75,1913548.5,1747462.5,1279733.625,1246202.75,1470793.5,1416588.0,1590960.75,1482734.875,1998183.0,1833951.125,2404425.0,2252255.5,1596516.875,1595824.75,1797863.875,2019340.125,1631714.625,1714546.875,3045446.5,3021324.5,1646538.0,1601883.75,2327853.0,2429676.75,1640276.375,1759856.875,1941538.125,1834497.125,2878163.25,2488768.5,2344214.25,2594725.25,2638105.5,2974703.25,3141250.5,3188258.0,1839372.375,2228233.75
9,2055727.875,1895122.5,1941335.875,1985531.75,2078908.625,1992164.125,1780375.75,1699094.125,1828295.875,1703486.125,2342093.25,2293508.75,2241862.0,2206152.75,2279614.5,2135885.25,1752492.75,1882543.375,2195309.0,2358399.0,1936974.625,1960374.5,1931734.375,1796009.125,1884926.5,1890270.25,1680011.875,1904242.375,1882635.625,2178961.5,1714561.5,1812369.375,1582345.125,1669554.375,1577113.375,1568432.5,1639756.25,1789234.875,1719902.5,2087035.125,1965360.0,2074050.75,1550348.75,1576945.25,1373122.75,1378067.625,1547112.125,1623993.625,1571988.0,1555803.625,1574330.125,1757425.5,1690354.875,1609862.25,1674777.25,1648154.625,1792306.0,1704353.375,1540965.375,1682555.375,1661749.0,1663715.25,1863519.625,1985660.75,1707937.125,1711421.125,1657844.625,1638482.75,1398066.5,1468083.125,1947351.0,2019765.125,1925893.75,1972154.375,1602901.375,1535542.75,1833375.875,1688892.75,1757236.625,2019292.375,1293459.625,1328578.75,1447855.375,1385947.125,1414085.625,1527586.5,1771451.75,1697615.125,1488196.625,1377877.5,1577260.125,1369220.875,1496873.875,1365953.25,1595213.625,1473770.75,1487844.125,1486922.625,1519878.5,1423062.5,1149437.625,1164233.125,1683389.625,1438810.0,1780278.75,1800965.625,1653732.5,1568708.375,1682033.75,1707213.75,1703468.625,1662309.5,2059603.75,1835061.875,1562263.625,1506463.125,1612564.5,1409491.75,2149135.5,1959366.875,1917578.875,1734294.0,1995557.25,1756837.75,1740576.875,1616355.75,1872134.0,1806734.375,1976427.625,1892663.25,1786262.375,1615148.5,2151839.75,1931697.375,1660796.125,1601936.375,1948707.625,1715300.75,1973725.375,1894606.375,1680399.75,1642752.875,1842059.5,1719656.875,1789222.625,1660975.75,1958012.125,1811949.125,1924058.375,1764537.875,1962549.25,1962297.875,1897186.875,1894204.5,1775369.25,1738510.375,1587807.625,1662968.875,1978056.875,1695409.75,1813457.0,1596635.125,1795531.0,1837242.375,1775422.5,1830628.25,1689375.625,1899569.875,1960811.5,1953716.5,1824770.0,1887486.625,1680659.75,1792502.125,1922577.375,1904132.75,1841153.625,2023049.125,2029656.75,1928205.875,1894844.875,1800797.875,1959160.875,1901372.5,1886300.0,1855377.75,2176797.25,2105631.75,1873280.75,1713364.25,2063459.375,2038196.625,1707381.875,1834866.375,2033163.125,1926567.5,2169955.25,2194463.25,1711525.0,1544514.625,1658580.375,1529849.25,1363289.75,1473196.125,1477573.625,1452706.25,1668497.375,1594287.25,1911697.375,1744858.25,1279734.25,1242481.875,1473639.125,1414227.0,1593359.875,1480895.625,2000298.5,1834308.0,2402916.0,2253156.75,1597153.25,1596910.375,1796055.625,2018202.5,1631192.75,1714917.375,3043939.25,3017382.5,1647166.625,1599983.75,2334511.25,2434131.25,1641140.875,1765788.25,1940912.875,1834447.75,2880736.5,2498493.25,2346336.25,2598257.75,2643208.25,2977839.75,3139722.5,3185514.25,1841940.75,2232280.25
10,2050931.625,1893529.375,1941822.375,1985916.5,2080863.0,1994626.5,1775706.625,1694551.75,1822908.25,1702117.625,2342117.25,2292541.25,2241153.0,2207326.75,2276044.0,2131060.0,1749803.125,1877357.75,2191310.75,2357993.25,1931456.5,1956636.5,1928743.0,1792153.75,1883360.25,1886360.375,1678379.125,1906958.0,1878438.625,2173459.75,1708643.5,1806562.25,1577906.625,1667765.25,1572433.875,1561792.125,1637569.25,1787976.5,1717190.75,2084858.5,1962645.375,2075260.875,1547973.125,1576993.625,1372850.625,1377032.625,1547339.875,1625869.5,1569577.625,1559479.5,1570806.5,1755450.75,1687586.0,1607518.5,1673960.375,1645638.0,1789876.5,1701703.0,1542208.125,1683172.625,1660745.25,1660811.625,1856303.0,1980124.375,1706091.125,1706597.75,1659050.875,1638348.75,1400579.75,1473441.25,1945071.875,2021614.875,1923029.25,1978312.125,1603534.0,1537607.5,1841441.875,1694011.25,1760980.5,2031659.125,1294378.625,1328179.625,1452083.5,1389572.5,1414243.25,1530455.625,1772781.5,1700355.875,1491000.625,1378413.5,1579395.875,1373506.0,1502671.375,1367491.875,1601091.25,1471761.75,1486694.5,1489366.375,1525592.0,1426869.625,1152370.75,1165268.125,1683180.75,1441343.125,1775527.0,1816143.875,1656379.25,1569053.5,1679027.75,1706309.75,1702034.625,1668956.375,2062509.75,1841420.125,1566876.375,1506822.5,1611779.125,1411953.25,2145751.5,1962778.625,1920279.0,1740901.75,1995698.75,1762314.375,1736538.375,1615133.625,1871361.75,1807754.25,1972067.0,1891725.5,1783304.125,1613809.25,2150887.25,1929707.0,1656436.125,1605375.625,1946798.625,1715108.375,1965891.625,1894751.75,1674233.625,1637510.25,1839581.75,1721507.5,1785034.25,1660368.875,1956817.25,1812718.125,1920759.5,1762088.5,1963229.5,1963425.125,1897640.625,1894531.375,1771517.5,1736235.25,1583569.5,1666107.25,1973091.875,1694655.125,1811077.75,1596799.125,1792981.625,1839666.125,1772128.625,1831449.375,1689373.375,1898606.875,1959030.25,1957351.375,1825852.625,1892488.0,1682450.5,1791334.75,1924753.75,1905968.125,1841375.0,2022525.625,2029275.5,1928127.625,1895360.5,1801602.875,1955060.5,1896125.875,1881466.0,1853138.125,2177062.0,2106347.0,1874312.125,1716980.875,2061371.125,2038258.625,1707300.25,1833650.375,2025239.0,1931012.625,2172638.0,2193600.0,1710654.625,1542824.75,1654866.5,1531450.875,1362122.125,1474217.25,1482190.25,1457126.625,1670148.125,1592845.125,1908805.375,1742812.125,1278487.375,1239971.75,1473604.625,1412048.875,1590874.375,1480845.625,2003360.25,1836402.5,2396670.25,2249770.0,1593401.5,1596397.25,1785746.125,2015689.5,1629283.0,1715901.625,3047531.0,3018084.5,1646410.625,1599147.625,2333814.75,2433666.5,1640819.875,1770147.625,1939876.0,1831755.25,2879689.5,2501374.25,2345462.0,2597327.5,2637437.0,2971696.75,3141336.0,3187069.75,1843060.5,2231347.25
11,2048907.375,1892892.25,1941930.5,1984536.5,2084938.375,1999851.0,1775194.75,1691289.375,1820777.125,1700402.5,2344910.0,2293935.0,2246837.0,2210074.25,2276070.0,2131043.75,1749793.625,1871649.625,2191246.5,2360714.0,1932388.625,1954322.375,1924361.75,1789242.75,1880856.375,1884675.0,1675223.125,1906614.5,1883858.125,2172478.5,1708959.0,1809551.0,1580074.0,1669940.875,1575094.75,1561868.875,1635071.875,1790309.125,1716461.625,2086351.0,1961438.875,2077445.5,1545945.625,1579647.625,1372222.125,1378186.125,1545005.75,1624850.875,1569397.25,1560656.75,1571970.375,1754102.0,1685588.875,1609170.375,1672645.125,1643339.625,1788518.875,1698416.875,1535721.75,1679480.625,1664011.0,1661528.375,1859177.5,1976499.625,1702278.0,1702938.5,1655955.25,1634891.75,1403670.75,1480442.125,1945521.75,2022077.5,1925914.75,1983933.375,1605663.25,1539528.875,1848462.625,1699635.625,1767155.5,2039016.5,1297979.0,1329045.625,1454976.5,1392533.875,1418490.125,1534582.75,1774234.5,1704640.375,1491732.0,1375769.25,1581126.5,1373501.375,1505051.25,1362865.5,1604940.875,1472676.75,1487277.625,1489625.0,1528371.5,1430797.625,1155505.0,1166281.875,1681048.125,1441011.625,1776197.375,1819452.875,1657809.75,1568064.375,1676240.875,1707084.375,1699270.5,1667012.0,2060371.5,1841339.875,1561007.5,1510554.875,1609193.625,1431264.75,2138925.5,1962090.5,1923509.5,1741226.375,2002176.125,1761463.5,1737316.375,1617132.0,1874107.625,1807292.25,1970646.0,1890098.0,1780577.625,1613327.375,2149644.5,1927226.125,1653726.625,1607137.75,1944545.375,1711469.625,1964738.375,1892124.125,1673240.25,1631529.0,1837543.625,1721013.5,1784907.875,1660667.0,1955015.625,1809944.625,1917921.5,1759026.0,1965073.0,1964640.125,1897796.5,1895060.375,1770001.75,1736284.625,1583033.125,1669574.125,1971647.625,1692698.75,1809656.375,1594334.5,1796191.0,1842643.25,1772675.0,1832684.875,1689467.375,1901096.0,1962402.0,1960728.25,1823617.125,1898981.75,1687939.875,1793525.75,1924942.125,1905261.5,1845970.375,2026001.125,2032093.375,1929911.125,1893575.625,1800591.25,1954202.625,1895347.625,1879880.375,1851453.375,2178200.0,2107669.0,1873093.125,1717645.375,2058465.75,2036936.5,1702156.75,1831340.125,2022855.75,1933411.5,2172878.0,2196291.75,1709098.0,1542066.5,1652914.0,1530042.0,1360228.375,1475611.25,1480989.375,1457349.0,1674240.375,1592702.625,1910901.5,1744431.375,1275138.5,1239406.875,1466954.0,1410909.0,1585841.625,1480047.375,2002090.0,1836206.25,2396233.5,2246887.75,1590906.375,1593945.0,1783963.5,2014496.625,1628527.375,1714445.375,3048023.0,3020463.75,1645127.875,1600171.875,2329061.75,2428700.25,1639097.5,1763163.75,1939393.0,1828961.875,2876855.5,2494824.75,2345013.25,2594552.25,2631745.0,2967011.25,3145541.5,3187024.5,1841064.125,2226820.0
12,2051991.375,1892934.125,1942600.5,1982238.375,2087895.25,2003450.5,1777893.25,1692757.5,1824277.0,1699089.25,2351320.0,2297812.5,2250918.25,2210089.25,2280429.25,2134071.0,1752255.0,1872347.0,2192355.0,2362793.25,1935434.125,1955868.5,1924220.375,1790328.0,1881963.125,1886378.25,1672460.625,1902514.375,1888532.0,2175939.0,1713091.375,1813524.75,1587610.75,1669604.75,1579833.75,1566293.5,1634756.125,1793477.0,1716938.875,2085599.75,1965149.25,2078166.5,1546740.875,1580457.0,1370867.25,1378984.875,1545905.0,1622969.125,1569698.25,1557778.125,1573262.375,1753878.625,1686162.75,1611178.5,1671461.125,1643402.625,1787944.125,1698208.5,1531384.75,1676323.75,1667301.875,1664365.0,1864694.0,1976582.5,1702819.5,1705041.25,1650498.0,1630894.75,1404690.625,1479641.25,1946289.375,2021277.625,1930014.75,1983002.75,1604424.125,1535232.375,1846671.5,1697940.375,1767876.5,2028052.625,1301991.5,1330035.875,1454645.875,1390417.125,1421694.625,1534645.75,1775682.875,1702533.25,1490078.25,1371948.25,1577890.625,1370605.75,1501972.625,1362253.375,1602641.125,1475249.25,1487189.625,1487222.5,1526062.375,1430618.375,1155578.75,1165149.5,1680929.125,1436710.5,1782515.5,1801934.0,1655542.875,1567049.875,1677725.375,1708633.875,1699268.75,1658699.875,2056750.25,1837007.125,1551966.125,1511014.625,1606226.25,1435033.25,2140869.25,1959895.125,1927586.0,1734051.0,2010804.5,1754771.75,1742299.0,1620077.75,1876098.75,1808165.25,1972403.75,1889838.125,1781454.0,1613297.75,2149366.25,1930355.75,1654718.625,1606523.25,1946549.0,1712955.125,1967832.75,1890277.125,1679421.375,1634500.875,1840151.625,1722482.625,1787223.625,1660270.875,1957583.625,1809443.25,1919237.625,1758899.5,1967047.875,1966753.125,1900856.5,1898535.5,1772188.5,1738307.25,1586738.875,1667494.75,1971677.375,1692230.5,1810248.75,1593315.75,1800031.625,1843587.75,1774551.5,1833576.125,1687976.875,1904880.375,1966805.375,1961171.125,1821257.75,1898222.875,1690153.125,1795786.375,1924862.375,1904573.125,1848139.625,2026034.375,2033223.375,1930641.875,1893955.875,1801613.0,1957752.25,1899131.125,1882943.0,1852396.0,2179224.25,2109159.0,1869214.5,1712686.125,2057044.625,2035958.875,1702655.5,1829492.0,2029521.0,1928598.25,2170233.75,2199876.5,1707424.875,1542047.625,1656354.375,1526884.5,1361146.625,1475397.5,1476789.25,1453103.25,1674589.875,1592127.375,1912941.5,1746512.25,1273568.5,1242097.25,1462996.5,1410471.0,1585226.375,1478115.375,1999905.875,1833821.875,2399203.75,2246377.0,1593539.375,1592450.5,1791612.5,2013992.0,1627872.625,1711818.125,3041177.5,3017290.0,1645342.75,1600628.375,2327710.0,2423787.0,1640225.5,1756260.625,1943106.375,1830475.75,2874338.0,2489104.25,2346286.25,2592740.0,2634720.25,2970800.75,3146457.5,3181352.75,1840891.625,2222749.25
13,2054776.375,1895630.0,1941899.5,1982020.375,2081796.0,1999273.875,1779762.0,1696756.375,1828070.625,1701224.625,2350334.5,2298979.25,2246692.25,2207222.0,2281782.0,2137636.75,1752707.0,1876464.25,2190228.75,2362844.75,1935298.25,1959300.625,1926546.5,1792483.25,1883431.0,1887878.0,1671536.125,1901166.25,1885534.375,2179026.75,1712579.875,1811481.625,1587268.625,1669120.875,1578755.0,1568090.625,1636920.5,1795503.0,1718626.0,2090131.125,1965604.875,2077357.5,1546506.5,1576042.875,1369544.125,1377510.5,1543701.5,1620051.375,1568905.375,1554881.625,1572440.375,1755295.125,1689092.5,1612082.25,1671450.875,1645833.25,1788127.625,1700611.75,1533095.0,1678139.5,1668117.875,1665868.375,1865602.875,1979434.875,1706394.375,1709116.375,1651170.25,1632565.25,1406586.75,1473120.125,1947857.875,2020678.0,1931135.875,1979774.125,1603776.875,1532831.625,1846087.75,1695472.25,1764297.875,2017386.125,1299823.0,1328987.875,1452674.75,1387308.0,1418566.625,1531777.25,1775101.25,1696761.125,1488594.5,1369803.875,1574128.125,1369457.875,1501096.125,1366210.75,1599950.375,1474061.875,1485578.875,1485341.375,1524259.375,1426742.125,1153492.25,1162123.75,1682099.5,1434496.5,1780511.5,1795921.0,1653550.5,1566555.0,1682367.875,1708425.375,1698971.75,1657196.5,2054891.375,1835005.75,1552198.375,1506111.875,1606985.625,1420598.875,2143569.75,1955712.5,1924755.25,1731487.75,2010892.5,1754101.5,1743165.75,1618279.0,1874040.125,1808341.875,1974487.75,1890979.625,1781163.25,1612663.625,2148339.5,1932377.875,1654730.75,1606808.875,1945800.125,1715387.0,1969741.625,1891331.375,1682946.625,1640774.875,1841124.875,1725532.75,1789533.125,1660232.0,1962361.125,1811850.25,1923315.625,1762248.375,1966480.625,1967899.5,1900992.0,1899967.125,1774685.0,1739094.25,1588844.0,1665901.375,1971616.375,1693072.375,1809735.75,1593993.125,1798559.625,1841600.625,1774891.0,1836729.75,1689436.875,1909366.75,1966960.75,1960304.25,1820754.125,1895234.625,1688431.0,1798454.875,1922981.25,1904507.25,1845979.375,2023811.375,2035406.625,1934856.375,1896275.5,1802615.875,1963096.375,1904150.125,1885566.25,1855114.75,2180361.5,2112237.0,1867445.0,1710071.75,2058712.25,2038148.125,1706309.125,1832582.125,2028915.5,1925659.25,2169746.75,2199129.25,1707908.625,1543272.875,1656813.0,1525791.125,1363558.625,1474528.875,1475383.375,1451425.375,1670915.75,1593567.75,1911827.75,1746667.25,1276890.75,1244247.75,1465365.25,1411759.5,1586921.5,1478244.375,1998694.125,1832907.25,2401005.25,2246604.25,1596403.5,1594776.25,1797003.625,2013859.125,1628258.625,1712627.125,3037501.0,3013686.25,1645274.25,1601321.25,2331082.75,2425985.0,1642009.875,1760537.125,1947779.25,1833600.5,2874853.5,2492191.5,2347484.0,2593248.0,2639113.5,2974091.25,3144816.25,3178211.75,1842925.875,2224161.25
14,2055036.875,1900669.875,1938599.75,1984644.25,2067795.125,1991150.25,1780032.75,1697355.625,1826159.0,1705963.75,2339411.75,2295281.75,2238795.0,2204039.5,2277777.75,2141199.5,1750193.125,1877253.25,2185939.75,2362909.5,1931897.125,1959796.0,1924125.5,1792757.5,1878934.125,1886465.875,1670783.625,1903027.375,1879728.5,2178841.5,1705082.75,1809593.25,1578274.375,1671820.375,1573851.25,1567122.0,1637691.75,1796642.0,1718015.0,2100163.75,1960214.0,2076617.0,1542668.875,1571307.125,1369045.5,1376017.75,1534536.75,1616757.125,1567194.0,1554632.625,1571319.375,1758022.125,1691896.875,1614228.0,1671221.875,1647928.5,1789784.125,1701582.625,1532938.375,1679383.125,1667819.625,1666461.75,1864944.0,1982614.125,1708589.25,1709899.875,1655517.0,1636189.625,1406775.125,1473615.75,1952136.5,2023774.875,1931316.375,1983003.25,1608609.5,1539787.0,1849678.5,1699825.75,1764889.75,2024371.5,1293538.625,1328554.25,1451562.5,1389671.125,1414255.75,1529908.75,1772544.625,1696450.5,1488121.25,1369880.5,1575594.25,1369837.875,1505052.125,1368982.625,1600795.125,1471157.25,1485885.625,1485174.875,1523917.5,1423963.125,1150344.875,1161125.625,1682321.125,1436818.0,1771780.625,1809426.125,1654189.375,1565512.25,1685629.125,1708101.125,1698600.0,1662081.875,2056782.25,1836004.125,1560759.875,1506158.625,1611539.0,1415022.0,2141461.75,1954026.625,1915838.625,1737289.375,2000393.125,1762007.75,1738349.375,1614446.25,1872625.25,1806521.625,1974650.0,1892049.25,1777618.625,1612808.0,2146043.0,1928256.5,1654261.625,1607203.75,1936760.25,1710833.375,1969913.125,1892708.625,1676792.625,1641014.125,1835555.75,1724394.625,1791172.0,1661890.125,1962960.75,1813601.25,1925946.25,1767064.375,1964967.5,1966473.375,1894693.125,1895819.5,1773567.25,1738208.625,1586938.375,1670172.5,1971226.625,1693071.0,1808408.25,1593819.625,1795905.0,1840132.625,1776097.25,1841194.0,1695872.5,1913761.0,1963456.0,1962011.375,1821605.0,1898486.75,1687989.125,1801436.875,1919453.625,1903651.375,1843720.625,2023651.125,2038706.75,1940514.875,1894600.0,1800453.75,1964125.875,1906119.5,1884995.875,1856473.75,2181049.25,2113269.5,1869510.75,1714247.5,2062943.875,2041735.75,1708395.875,1838519.125,2022366.875,1930907.625,2172505.0,2197642.5,1711401.625,1545423.125,1653323.25,1526872.0,1362826.375,1473474.75,1476669.25,1453503.5,1669771.25,1597037.5,1912252.0,1746553.375,1281263.25,1245194.25,1469373.25,1416767.5,1587997.375,1483521.25,1998740.5,1834049.5,2400861.5,2245895.0,1595316.125,1596562.875,1793703.25,2012879.625,1629509.5,1715287.875,3042215.5,3014723.5,1643721.375,1603493.875,2332104.5,2431018.0,1641209.375,1767002.625,1944696.0,1832696.75,2875454.5,2495925.25,2344876.75,2594123.0,2637639.5,2971363.75,3142223.25,3181042.25,1843230.75,2228067.75
15,2048416.125,1897305.875,1932306.625,1984366.125,2056581.375,1984509.0,1775520.0,1693770.875,1819407.5,1705402.625,2331384.75,2290700.0,2233720.0,2201592.5,2272343.0,2140140.5,1746862.25,1876088.25,2180860.0,2360554.0,1928416.625,1956246.5,1919487.625,1792099.25,1872923.125,1884830.75,1667841.125,1902963.5,1876315.625,2179579.5,1701017.75,1813378.625,1576679.875,1673661.125,1571273.75,1567726.5,1634526.375,1795018.0,1711541.125,2100089.25,1956689.125,2075311.0,1539348.625,1571155.25,1369427.875,1376785.0,1529286.5,1615510.25,1566987.75,1556288.125,1569797.375,1759597.0,1690664.875,1614801.5,1668546.125,1647432.5,1790268.5,1700680.0,1530064.875,1676559.75,1665543.75,1666725.0,1865166.25,1985141.875,1708494.875,1708081.375,1653834.25,1633440.75,1403533.25,1480578.125,1957175.75,2030398.875,1931270.125,1989959.625,1615913.875,1549993.5,1852702.375,1704585.75,1772057.875,2035502.875,1293408.375,1330888.125,1452090.375,1393114.625,1419316.75,1531181.75,1774542.5,1701596.375,1489515.875,1372357.25,1579872.125,1369074.25,1506989.5,1366466.0,1602963.0,1472128.125,1491834.0,1484914.25,1523676.875,1424166.375,1149488.5,1162504.625,1682632.0,1438829.5,1771722.0,1814336.0,1654969.375,1564599.0,1685068.0,1709803.5,1699974.5,1664132.75,2059059.125,1837759.875,1564561.875,1514712.125,1614972.625,1429882.0,2141493.25,1959023.125,1915719.375,1742884.625,1996242.75,1769951.75,1736526.375,1615691.125,1876506.625,1807173.25,1974936.875,1893949.5,1777286.0,1613921.625,2146726.5,1925741.875,1659716.375,1608187.75,1931013.25,1706444.5,1971965.0,1894087.625,1671027.75,1640935.25,1834603.0,1722348.25,1793480.375,1663757.0,1962025.0,1813787.875,1926643.625,1768086.5,1965485.0,1966712.5,1889954.125,1892249.25,1770556.0,1737758.5,1584845.375,1672898.375,1971747.0,1692846.25,1808849.0,1593853.0,1796519.0,1842168.0,1779047.5,1841055.0,1698574.75,1912409.75,1963488.0,1965884.0,1822719.75,1903743.875,1688176.375,1801313.5,1917511.375,1902244.5,1845148.0,2024293.5,2033957.875,1937363.625,1890881.875,1798841.25,1961008.625,1903624.375,1884635.125,1856029.125,2178759.75,2110056.25,1870116.875,1716519.25,2065431.75,2042397.5,1708372.875,1838430.5,2023573.625,1935381.625,2176782.5,2201691.5,1714144.625,1545369.0,1656306.375,1527398.875,1358983.75,1470014.5,1477338.25,1453493.625,1676227.375,1599064.5,1914367.5,1748760.375,1282013.5,1246614.25,1473399.0,1421357.375,1590231.0,1488519.625,2000115.25,1835009.125,2399753.25,2244179.5,1591761.25,1595072.875,1788230.5,2012282.125,1628774.0,1715750.875,3047214.0,3016614.0,1643473.0,1604828.125,2328489.5,2431039.0,1640532.0,1764891.375,1938041.25,1828743.875,2872778.25,2491987.0,2340196.25,2592448.5,2633607.25,2969031.25,3140615.0,3183474.0,1841351.875,2226502.25
16,2039355.625,1887249.875,1926356.375,1982885.75,2055763.375,1983134.875,1772208.75,1695420.625,1819610.375,1701868.25,2332216.5,2289561.25,2232163.75,2200358.5,2270358.25,2135963.5,1744088.375,1877563.625,2174202.25,2353433.5,1926772.125,1952191.5,1920283.5,1792071.5,1875414.875,1887380.75,1665817.125,1901571.875,1875037.0,2183155.25,1704301.25,1817556.5,1582571.5,1672023.625,1571791.125,1571633.0,1632414.75,1790275.25,1708134.5,2089714.5,1959230.625,2073670.75,1539545.25,1576097.5,1370823.625,1379187.875,1537336.125,1619426.125,1570314.125,1559162.625,1567963.0,1759172.375,1686374.5,1611322.75,1668847.625,1647592.125,1788882.25,1701984.625,1535372.25,1678641.5,1662253.25,1666775.25,1866186.875,1987373.875,1709304.875,1709065.625,1649490.0,1631920.625,1402929.125,1481367.25,1958946.25,2031278.875,1930311.625,1987986.125,1619206.875,1551637.25,1851700.75,1702235.5,1774907.375,2030411.5,1297697.875,1332481.125,1452331.5,1391196.25,1428210.5,1531648.75,1779686.125,1703250.875,1491392.0,1374454.5,1582682.25,1368135.875,1503115.25,1360958.0,1601063.625,1474661.875,1498294.25,1484871.5,1522051.375,1423912.125,1152054.5,1162777.625,1683563.625,1437613.75,1779393.375,1801388.0,1654416.75,1565219.625,1682865.75,1710647.0,1700984.75,1662046.5,2058216.25,1841012.5,1560494.5,1517724.125,1614470.375,1440121.625,2145869.0,1964680.25,1924625.0,1739607.375,2005264.375,1767904.125,1745159.125,1625247.875,1883260.25,1811858.875,1977542.75,1896785.125,1785057.875,1616322.5,2150992.5,1930592.625,1667994.875,1608651.875,1936431.875,1708412.75,1976998.875,1895356.0,1675424.5,1647656.375,1842330.375,1722670.125,1796352.625,1663705.875,1964765.5,1814216.5,1928901.625,1767673.5,1965638.75,1967952.0,1888567.125,1891430.875,1770436.625,1737998.375,1585660.375,1668702.75,1976010.75,1693309.875,1812497.375,1597349.75,1797453.625,1843014.5,1780973.125,1836582.625,1693833.75,1904754.75,1965902.5,1965264.625,1822469.125,1901825.375,1685640.25,1797948.875,1915161.75,1900840.75,1849705.5,2026166.0,2024838.125,1929048.125,1890446.875,1800016.5,1962134.0,1903732.5,1885882.125,1855369.75,2176152.5,2107913.0,1867884.0,1711996.0,2063025.625,2039923.25,1705255.5,1831697.125,2031413.625,1932119.0,2177787.75,2205032.5,1711822.375,1543363.25,1664281.875,1527343.25,1356214.0,1465011.25,1476409.625,1449737.875,1681446.75,1599117.875,1916093.125,1752492.125,1279998.125,1247243.0,1475786.75,1420108.25,1592131.25,1486613.5,2000861.125,1835454.875,2402238.75,2245514.0,1591166.375,1594915.25,1788545.5,2014527.0,1628809.875,1716456.5,3046077.0,3019050.0,1645759.75,1604225.625,2329887.0,2431518.0,1640611.25,1760847.25,1939231.375,1828873.5,2873509.5,2491809.0,2341368.75,2592699.5,2635536.75,2972208.0,3141744.25,3183293.25,1840528.875,2225181.25
17,2039935.375,1884886.375,1927411.375,1984991.25,2065742.25,1990399.625,1776365.75,1700533.125,1827639.625,1703149.375,2337247.0,2292478.25,2233046.75,2202163.0,2273749.75,2135022.5,1744072.625,1879093.875,2172637.5,2347833.25,1927909.625,1951565.75,1927354.0,1791959.875,1883280.0,1889904.0,1667838.75,1900541.0,1874535.125,2184186.5,1707747.375,1818305.25,1583444.5,1670478.0,1573505.75,1574410.0,1634695.0,1788185.625,1711543.625,2084107.0,1964364.5,2074453.5,1541212.625,1580816.25,1370895.375,1379655.625,1547587.75,1625584.125,1571935.375,1560475.625,1568177.5,1758262.875,1684709.25,1608351.75,1673646.0,1649297.375,1787979.0,1704586.5,1544848.25,1686061.125,1662519.0,1667056.5,1865865.125,1986380.0,1711049.125,1712395.5,1650767.875,1637786.375,1404998.0,1476388.0,1957140.875,2025973.375,1929940.25,1979117.0,1615878.625,1544023.625,1846341.375,1696461.875,1767664.0,2018588.5,1298120.375,1331282.75,1451940.625,1388691.75,1427106.5,1527082.0,1778456.5,1699622.125,1491221.5,1373829.25,1581834.75,1369617.375,1498316.75,1361478.25,1595598.625,1474849.25,1496178.5,1486163.875,1519277.0,1423311.375,1153666.875,1162818.125,1684287.5,1436860.625,1782060.125,1792040.5,1653673.625,1566961.5,1682827.75,1710539.625,1702508.375,1661817.25,2058988.625,1843854.25,1559712.875,1512382.875,1614200.25,1427787.875,2150059.25,1965935.5,1927025.625,1731926.0,2008464.5,1758733.125,1752443.625,1630588.0,1882449.875,1813071.75,1978044.125,1896597.0,1791273.375,1616789.625,2150745.75,1933678.5,1669423.75,1606261.75,1943225.75,1710869.25,1977657.25,1893469.125,1680408.125,1652423.25,1846396.75,1721561.375,1796542.375,1661669.875,1965916.0,1814256.5,1929968.0,1769919.875,1962608.875,1965355.0,1886796.5,1889724.125,1772131.125,1737397.125,1587200.125,1663760.5,1978167.125,1692823.5,1815451.375,1600779.875,1796507.75,1840686.5,1779809.875,1834570.25,1689892.75,1900748.5,1966766.75,1961656.625,1822355.125,1896410.5,1684236.875,1796447.375,1912422.25,1900593.875,1851567.5,2028287.625,2023778.0,1927776.125,1892834.625,1801158.625,1966468.375,1908418.875,1885829.625,1855425.125,2177048.0,2109765.75,1868275.0,1708697.5,2059367.375,2037163.0,1704264.75,1827694.375,2034778.125,1928171.875,2172719.75,2201503.25,1707955.375,1543757.25,1665502.875,1527860.0,1358329.5,1465608.375,1475564.125,1448556.0,1675988.0,1597693.75,1915576.5,1753138.0,1278723.25,1248451.75,1474855.125,1416980.5,1591528.25,1483400.625,2000888.0,1835750.375,2406393.0,2250023.0,1594889.25,1597181.0,1791360.75,2016064.625,1631235.25,1718181.625,3041697.0,3021663.75,1647350.375,1603926.75,2337289.5,2435479.75,1641282.875,1764628.0,1944743.75,1834430.0,2878207.75,2500803.0,2346077.0,2596614.5,2640321.0,2976396.5,3141241.0,3183112.0,1843239.5,2229733.25
18,2046186.875,1889431.125,1933216.5,1987690.25,2076603.0,2000033.0,1779327.75,1698008.0,1828738.0,1705166.625,2340534.5,2295299.25,2235212.25,2206067.25,2276657.25,2136303.75,1746044.75,1877085.5,2182074.25,2352037.25,1931113.125,1954946.625,1931971.375,1791790.25,1883323.75,1887840.875,1671237.875,1900755.625,1875147.0,2180203.25,1708712.375,1819259.75,1580051.0,1672827.5,1576168.75,1571970.375,1635471.75,1790872.125,1711366.875,2086045.25,1966511.75,2076879.625,1544134.25,1579011.125,1369293.625,1377120.875,1545355.875,1626454.875,1569453.25,1558999.0,1572233.0,1757594.5,1686072.75,1608861.25,1674581.125,1647892.125,1788538.25,1703382.625,1542594.0,1685212.25,1664783.875,1665792.5,1862650.75,1980922.25,1709211.5,1710971.625,1654641.25,1639504.75,1402543.375,1474182.0,1954311.375,2024968.625,1930067.75,1977748.0,1611962.125,1540992.5,1843161.625,1694359.375,1763820.375,2023379.5,1296665.25,1330387.0,1451475.875,1390493.625,1419573.0,1524867.0,1774702.25,1699097.5,1491854.625,1373848.25,1578450.0,1371490.875,1500089.75,1367176.5,1595379.25,1473891.625,1489011.75,1486927.875,1520412.125,1424995.0,1153641.375,1165152.25,1684219.0,1439857.5,1777269.875,1803168.625,1654729.875,1568115.375,1683713.75,1712402.125,1703894.875,1666457.25,2060994.5,1841074.5,1565102.125,1512540.0,1616075.75,1416661.125,2147148.75,1963706.0,1920580.75,1732381.625,1998555.375,1756565.0,1744342.375,1620757.25,1873093.25,1807276.125,1974010.875,1893471.875,1784742.0,1612811.625,2143983.0,1927780.75,1662166.0,1606098.625,1942090.25,1710563.375,1971101.75,1890569.125,1675867.375,1645964.375,1841896.375,1719546.625,1792988.0,1660072.5,1960500.0,1811819.625,1926047.75,1768977.5,1959159.875,1962846.125,1887101.0,1889001.375,1771605.625,1735435.5,1585626.0,1664630.125,1972948.125,1691237.375,1812313.625,1598270.625,1795805.5,1839733.625,1777035.125,1835962.0,1690196.5,1904947.25,1968820.125,1963040.875,1823702.25,1896583.625,1687503.375,1799036.5,1913779.75,1901343.0,1846906.875,2027766.5,2027203.625,1930951.875,1894533.5,1800562.875,1963979.0,1907269.875,1884106.25,1855704.75,2178754.75,2110779.75,1872091.375,1713759.625,2058609.5,2036315.875,1708747.25,1832271.125,2028004.25,1930651.125,2169185.0,2197803.0,1708799.0,1545024.875,1658889.375,1527445.375,1363858.0,1473979.625,1477670.25,1452961.5,1669751.25,1595547.875,1910985.375,1750179.875,1278389.25,1249403.625,1471913.5,1416059.625,1589431.625,1485093.375,2001080.875,1835136.875,2404789.25,2251289.25,1595876.25,1597511.0,1790883.375,2015129.375,1631134.875,1716890.125,3041890.75,3021628.75,1646700.625,1603990.875,2338079.5,2435032.25,1643475.5,1769721.375,1944743.125,1837265.0,2877889.75,2502133.75,2346602.0,2596137.0,2638049.0,2973364.5,3138465.5,3184681.5,1846556.0,2230957.5
19,2047623.5,1890658.0,1933440.125,1988267.375,2078983.75,2003196.875,1776958.375,1692922.25,1823519.125,1702784.0,2339843.75,2294612.25,2237622.0,2207158.75,2276494.25,2137564.25,1744800.625,1873976.875,2189917.5,2359545.25,1931098.5,1956797.0,1927001.0,1791029.75,1877080.75,1886060.75,1672444.875,1902811.125,1875656.875,2176367.25,1706528.75,1820540.5,1577338.25,1675899.625,1577523.625,1569837.625,1631416.5,1794113.75,1706721.0,2089582.5,1965980.75,2076558.125,1547929.0,1575165.25,1369236.625,1376117.375,1539945.875,1624343.25,1568841.125,1558236.625,1575987.0,1757146.125,1686266.5,1610627.5,1670975.5,1645153.375,1789277.75,1699627.375,1533409.125,1676779.5,1666008.125,1665250.75,1861110.5,1978531.0,1703937.25,1706336.125,1653931.875,1633686.25,1399117.375,1474155.625,1953895.75,2028085.625,1930261.875,1983747.25,1614018.25,1548673.75,1847699.25,1696381.125,1770922.75,2036077.5,1297914.125,1331817.875,1450353.875,1390443.25,1419639.0,1530893.75,1777412.75,1703635.25,1494049.25,1374633.75,1577737.625,1370886.0,1504701.125,1367009.5,1601357.375,1473166.375,1487220.0,1486727.0,1524158.0,1426944.625,1153220.875,1166716.0,1682943.375,1442330.375,1772927.125,1816952.875,1656815.625,1567391.5,1681968.0,1712501.625,1700722.625,1668363.625,2058977.125,1835546.5,1564499.625,1516416.875,1614927.625,1425089.625,2138433.5,1960382.5,1919320.625,1738237.25,1997121.25,1760700.5,1733651.0,1610796.75,1867446.875,1802260.25,1971261.75,1892603.125,1776373.5,1610086.375,2138650.25,1921994.625,1655345.25,1609208.5,1935888.875,1708977.875,1967185.75,1891189.75,1670473.625,1638197.375,1836534.25,1719885.375,1790382.0,1661353.625,1954500.5,1807539.375,1922130.375,1763983.875,1959900.0,1965091.125,1889617.875,1891760.5,1770026.375,1734080.25,1583065.0,1668848.625,1968790.25,1690341.875,1807986.375,1592798.75,1796816.25,1840927.25,1774879.125,1837231.75,1690681.125,1909525.0,1972826.75,1967078.875,1823933.0,1901176.875,1692740.5,1802505.125,1915970.125,1901203.375,1843464.375,2026785.75,2026877.375,1930431.5,1893062.125,1799855.5,1958690.75,1901423.625,1883067.625,1856060.125,2178701.0,2110182.5,1873483.625,1721312.0,2059789.125,2038007.875,1714247.375,1839847.75,2020967.0,1933683.875,2172122.0,2199699.5,1712693.25,1543616.5,1654321.0,1526168.5,1368659.25,1481928.125,1480936.375,1456212.625,1673261.375,1594343.875,1908510.5,1748941.375,1276828.0,1246982.75,1467681.875,1415205.625,1586934.125,1486616.375,2000206.0,1834778.25,2399058.5,2248295.5,1591771.5,1594834.25,1786948.75,2015005.25,1628393.75,1714333.5,3045574.25,3020361.0,1645627.375,1603284.625,2330047.0,2429034.25,1643424.875,1766575.0,1941164.375,1835229.75,2874040.25,2490981.75,2343485.0,2592258.5,2630750.0,2966557.5,3137740.25,3186228.25,1845133.25,2226638.0
20,2047964.0,1890649.375,1930657.5,1987879.5,2078213.0,2002598.875,1777799.375,1695596.625,1824707.0,1700962.0,2338365.0,2291721.0,2239755.75,2204707.0,2279452.5,2140289.0,1743471.125,1874613.625,2187954.75,2359932.75,1929239.75,1954860.25,1921691.5,1790537.875,1878381.5,1888621.0,1671990.5,1903780.75,1876500.75,2177025.5,1704136.75,1817896.875,1577153.875,1674955.125,1575895.25,1571069.625,1629590.625,1794250.375,1708626.875,2093020.875,1964792.625,2072720.875,1548144.625,1574576.625,1369964.875,1376875.5,1541478.25,1623897.125,1570687.5,1557763.875,1574300.25,1755733.875,1686913.25,1612774.125,1670080.375,1646656.5,1790303.25,1698999.375,1532463.875,1674881.375,1667862.625,1667756.75,1864322.25,1983885.5,1701405.625,1707227.125,1650983.75,1631848.0,1401930.0,1471210.75,1955168.125,2027262.375,1930616.375,1985219.0,1615379.75,1551600.625,1852927.75,1697119.0,1774289.625,2032320.875,1298357.75,1332064.0,1449292.125,1385391.125,1425287.75,1534113.75,1779028.25,1704207.5,1492652.875,1373327.75,1579798.75,1369453.875,1501947.5,1361848.875,1603309.375,1472671.125,1490090.375,1486872.125,1522922.25,1426069.125,1151242.125,1164997.75,1681248.625,1439494.0,1774457.625,1811745.875,1656217.625,1566368.25,1678030.0,1706500.0,1696343.0,1661874.5,2055711.125,1833949.0,1553870.0,1509954.375,1610158.375,1428344.375,2137558.5,1958907.125,1923670.625,1738394.0,2007561.125,1760302.75,1736266.25,1613739.75,1870449.0,1804100.375,1974189.625,1894576.375,1779563.875,1611657.75,2141357.75,1924639.0,1658297.875,1608590.125,1934288.25,1707211.875,1971077.5,1893740.0,1673269.125,1640304.75,1836065.25,1720801.0,1791759.0,1663716.5,1955439.0,1805992.0,1922780.375,1763048.0,1963919.0,1967916.875,1891676.0,1895193.75,1770878.75,1736004.875,1584475.125,1669874.375,1971903.875,1691408.0,1809587.75,1590903.875,1797752.875,1841249.75,1774073.375,1837403.25,1690507.875,1908037.25,1973609.875,1967067.5,1824064.125,1901866.5,1695225.375,1801592.0,1916860.375,1902588.125,1845167.875,2026106.125,2026377.25,1929380.375,1891397.5,1800944.75,1961210.75,1903350.5,1885024.625,1858238.375,2177516.25,2110286.5,1870306.25,1719685.875,2060492.75,2039055.75,1713786.75,1840130.25,2024390.125,1931185.5,2174041.5,2202099.0,1715360.25,1543830.125,1657189.0,1526517.5,1370244.375,1482904.125,1479721.0,1454237.125,1678044.25,1595277.875,1913573.375,1750487.25,1274873.0,1243688.25,1466185.125,1413504.375,1585826.125,1482519.375,1998065.875,1836000.625,2397502.5,2245854.0,1590449.125,1593112.875,1786310.375,2014293.625,1627522.375,1713551.875,3044360.75,3018686.5,1646038.5,1602997.375,2325453.25,2426324.25,1640981.5,1760944.75,1941132.875,1833943.75,2873195.75,2485697.75,2342834.5,2594764.25,2628874.5,2968891.75,3139639.75,3185663.25,1840898.125,2226318.75
21,2051874.625,1895548.125,1934643.75,1987869.75,2078434.125,2001233.125,1783035.25,1699733.0,1828604.25,1702715.625,2336927.0,2288298.5,2240684.5,2203054.25,2283436.25,2142598.75,1748572.625,1878171.25,2189015.5,2359845.5,1933057.5,1954903.125,1925009.5,1793926.875,1885392.625,1890947.25,1673177.75,1902303.25,1879685.625,2178575.0,1707766.5,1812944.25,1580572.125,1673034.875,1574528.875,1570469.125,1633289.125,1791103.0,1716355.75,2095698.5,1960145.125,2068525.25,1543895.375,1572467.5,1368677.5,1373061.375,1538758.875,1620044.625,1568643.375,1554466.125,1570288.125,1753556.0,1690846.75,1614534.375,1671908.75,1648448.875,1792549.25,1700266.5,1534403.75,1677406.625,1668346.0,1667772.5,1867494.0,1988475.0,1704087.125,1710952.25,1652272.5,1635241.625,1404410.0,1468127.375,1953755.625,2023891.0,1929717.875,1981762.375,1611067.125,1542893.375,1851062.75,1695780.125,1768199.5,2021582.125,1295435.875,1329245.25,1448245.0,1382742.0,1423779.875,1528623.5,1773720.875,1699333.5,1488191.75,1372658.0,1579384.0,1369361.125,1495327.375,1362392.875,1598581.875,1472725.875,1491383.5,1486951.375,1519510.0,1424111.375,1149271.625,1163612.0,1679335.5,1435508.625,1778089.5,1803087.75,1653517.875,1567364.125,1673901.5,1700057.0,1696447.625,1657841.625,2055542.625,1835850.5,1547419.25,1498980.0,1607922.875,1410378.375,2145700.25,1960185.5,1920648.25,1736389.375,2007259.0,1758320.125,1742333.75,1618310.125,1876639.5,1807958.875,1977808.875,1894933.5,1783184.375,1611662.875,2149838.0,1929182.0,1665488.875,1604980.75,1939463.625,1706588.75,1974718.75,1895087.5,1677119.375,1644507.875,1838215.0,1720053.125,1793166.625,1663680.5,1962188.125,1810752.5,1924963.625,1766033.0,1965840.0,1967143.5,1893489.5,1895602.25,1772905.625,1738673.0,1587027.625,1667124.125,1974665.625,1693002.25,1811945.625,1591669.625,1797140.625,1839861.0,1773825.875,1835686.625,1691770.5,1904976.0,1969288.0,1964586.875,1826989.375,1896420.125,1692892.625,1796891.375,1919569.0,1905680.5,1841904.375,2022173.875,2028900.625,1930820.875,1893121.0,1801654.375,1964171.25,1907253.875,1887917.875,1860311.0,2174354.25,2106755.25,1869145.5,1712501.875,2060317.625,2036991.125,1706619.125,1833576.625,2029888.5,1929403.125,2171675.0,2200179.0,1716068.625,1547684.25,1661903.5,1528126.125,1367241.375,1479754.625,1477418.25,1452919.0,1675381.375,1598076.25,1918498.625,1750757.75,1275401.0,1242916.25,1471032.5,1412661.625,1587290.125,1478023.0,1997468.125,1836834.125,2400244.0,2245118.0,1594283.875,1594423.125,1791082.875,2010508.5,1628674.625,1712569.0,3041322.75,3017194.75,1648272.625,1603233.125,2328298.0,2429024.25,1640703.125,1761305.0,1943914.75,1832524.125,2874042.0,2491926.5,2346589.5,2599382.75,2634123.5,2976548.75,3142667.25,3185141.5,1839836.0,2229780.5
22,2053555.5,1898357.5,1939603.125,1986983.875,2077824.375,1997315.875,1784049.0,1696992.25,1825081.625,1702504.75,2336601.5,2286864.0,2240684.75,2202554.75,2281664.5,2140514.25,1753105.0,1877959.875,2194314.25,2362888.0,1936687.375,1956413.125,1927811.0,1797571.0,1886425.875,1888592.625,1675280.375,1900700.25,1880456.0,2176659.25,1710419.25,1811625.375,1582872.375,1673625.875,1573402.75,1568362.125,1634617.375,1789165.25,1717141.5,2095076.625,1954878.625,2066740.375,1540249.375,1569497.875,1367088.0,1367916.875,1530922.75,1614048.5,1563153.375,1551512.25,1568442.375,1754074.625,1693042.625,1613426.5,1672121.75,1645361.875,1792127.875,1698292.375,1528969.25,1674297.375,1666045.25,1665264.75,1866678.125,1985529.125,1706418.5,1708542.375,1653229.5,1634034.25,1400408.875,1472871.125,1951712.25,2024915.875,1928173.25,1982088.5,1609161.375,1537633.375,1848728.25,1697179.875,1766118.625,2025226.0,1294516.125,1328391.25,1447607.625,1386357.5,1417769.625,1525936.5,1771333.375,1698729.25,1487345.5,1374188.0,1577599.625,1370564.625,1495499.0,1367962.25,1595974.25,1473415.75,1491362.25,1487371.625,1521839.75,1425748.5,1149495.875,1165287.75,1678249.625,1436457.625,1779658.5,1807818.25,1653755.25,1569490.25,1672015.75,1701361.5,1699299.625,1663832.5,2058510.25,1837847.25,1553978.75,1502776.0,1609243.75,1400006.375,2147365.25,1961977.75,1915944.25,1738364.375,1998719.25,1760105.125,1740332.75,1615066.125,1879733.875,1807296.0,1976014.625,1891626.625,1778098.25,1608135.25,2153473.5,1927294.375,1666989.625,1604045.75,1941839.75,1706066.25,1972030.375,1893978.0,1675837.25,1642280.125,1839230.75,1719150.0,1792046.0,1662633.125,1964943.875,1815269.75,1924313.5,1765477.5,1964520.25,1965427.75,1893568.375,1892696.25,1772167.875,1737271.875,1585910.375,1665716.5,1970971.5,1691561.25,1809194.25,1590312.625,1796177.875,1839363.125,1772517.0,1832713.25,1693045.375,1905985.75,1968396.625,1964716.875,1830012.75,1893253.375,1691131.375,1795298.75,1919592.0,1903599.75,1835144.125,2017248.375,2031286.75,1930435.875,1894146.0,1799637.125,1958757.0,1901756.5,1885494.75,1856985.875,2170997.0,2101124.25,1873436.25,1711845.125,2061225.5,2036627.25,1703696.25,1830964.25,2028819.5,1932627.875,2172172.0,2199177.25,1715502.25,1549669.375,1662305.5,1528897.25,1363336.75,1477942.0,1479442.375,1455499.625,1672752.375,1599889.125,1917541.375,1749766.75,1277865.875,1244012.875,1474826.625,1413088.5,1589307.625,1479857.5,2000126.625,1835800.5,2398262.75,2244425.0,1596294.375,1594585.75,1788805.75,2007247.375,1629029.625,1711378.125,3042989.75,3017910.5,1648883.0,1601752.875,2328949.25,2428695.25,1640452.0,1763487.125,1943074.375,1829332.125,2874244.5,2494277.5,2346427.25,2596165.75,2636569.5,2974926.0,3143702.25,3184973.5,1840239.125,2228609.5
23,2049129.875,1890992.625,1936082.25,1982888.25,2079957.125,1994688.375,1778792.25,1692106.125,1819462.375,1697346.375,2342643.0,2290025.0,2242018.0,2202724.25,2278111.25,2135509.5,1750662.5,1874899.75,2194062.0,2362506.5,1934142.25,1955771.375,1923784.5,1796160.0,1882506.5,1885080.375,1674216.5,1901337.0,1877709.375,2174524.5,1706709.125,1814794.875,1583706.25,1675486.0,1571826.375,1568286.5,1631069.375,1791473.75,1711426.75,2092708.875,1954806.0,2067589.875,1541185.75,1571969.5,1368252.75,1369840.875,1531562.625,1614745.375,1563861.375,1553856.5,1569140.375,1756736.875,1690438.25,1611301.625,1669850.625,1641878.375,1786954.375,1694719.375,1521884.5,1669997.375,1665621.0,1666810.25,1865148.5,1982312.25,1703432.125,1703320.375,1648620.125,1629801.0,1397108.875,1479010.375,1953749.25,2028081.125,1928810.625,1985558.625,1611963.125,1540919.5,1852711.5,1700083.0,1770621.0,2034625.5,1297794.25,1331637.25,1449039.875,1390059.625,1417755.25,1530511.5,1775074.5,1703267.375,1490546.0,1374581.0,1578195.375,1372148.25,1500237.0,1366912.625,1598788.75,1474051.375,1490865.375,1488671.375,1526472.375,1429898.0,1150616.0,1167557.125,1679351.25,1439486.25,1779891.875,1814958.0,1656648.0,1571113.0,1672269.875,1706673.75,1701222.25,1668668.75,2061551.125,1837469.375,1560377.875,1514429.625,1609332.125,1413717.125,2140278.5,1960329.75,1921261.125,1739691.0,2001593.75,1760985.875,1735967.625,1610540.125,1877631.125,1804656.75,1972894.25,1888285.0,1774603.0,1605823.875,2148606.5,1922923.625,1664707.5,1604761.875,1939751.875,1706018.875,1969260.75,1891635.5,1675689.75,1640132.375,1840151.875,1720133.375,1792433.5,1663728.75,1958830.25,1811622.375,1921381.375,1760613.375,1963250.625,1966544.5,1891685.125,1891277.625,1769978.125,1734663.375,1585030.875,1667779.75,1967491.25,1688706.0,1805160.75,1586489.5,1795406.5,1840694.25,1771340.125,1832264.25,1691683.25,1908116.625,1975736.25,1967214.25,1831522.75,1896662.5,1695403.125,1797333.0,1914927.125,1897802.5,1838049.75,2018292.125,2032474.125,1928556.625,1892277.5,1797635.875,1954353.125,1895661.5,1880154.125,1851202.25,2171857.75,2101714.5,1875957.375,1716022.625,2062428.625,2039835.375,1708249.625,1834954.25,2025886.5,1935500.0,2175992.25,2202692.75,1714510.375,1547403.0,1659699.5,1528245.375,1364421.5,1478468.125,1481372.375,1457327.625,1676718.625,1598980.0,1915295.125,1750849.625,1277635.875,1243206.375,1471458.125,1411528.375,1588749.0,1482342.375,2002540.5,1834692.5,2393874.25,2245292.0,1594208.5,1591316.375,1780879.375,2010091.5,1628225.875,1712045.5,3045597.75,3019966.0,1646523.0,1599072.75,2325369.0,2424247.0,1637832.25,1760926.0,1939234.75,1828580.875,2875340.5,2489498.0,2341006.75,2590384.0,2633686.75,2969725.5,3143363.0,3185229.75,1837810.375,2223223.25
24,2044237.5,1882714.875,1929924.125,1978409.25,2083346.375,1995276.5,1774401.75,1690750.5,1820336.375,1695145.875,2350340.25,2294518.75,2244037.5,2205099.75,2278250.0,2133396.75,1748936.5,1876660.375,2193888.5,2363460.5,1934783.625,1957516.125,1922297.25,1795423.25,1881901.5,1884731.75,1670472.375,1902535.0,1879935.625,2177610.25,1708020.75,1817841.625,1588768.125,1677350.375,1574119.625,1568880.0,1629787.5,1793585.375,1710329.5,2094420.0,1955278.875,2068717.5,1543844.0,1574843.0,1369789.5,1374487.0,1534984.375,1616624.75,1570102.25,1558012.5,1570564.0,1756810.5,1690189.125,1612381.125,1668936.0,1643426.5,1784887.125,1695760.125,1522064.0,1671244.625,1667242.625,1668789.5,1867272.625,1985974.875,1700534.5,1704674.75,1648446.125,1633144.875,1399401.75,1474272.375,1956839.125,2026507.5,1930147.125,1983892.0,1612959.625,1541380.375,1855794.75,1699797.125,1770081.875,2032236.375,1299171.625,1333785.25,1449571.0,1389136.375,1419978.125,1534163.125,1776352.125,1703627.5,1490905.875,1373302.75,1579382.125,1372543.0,1500594.875,1360023.375,1600444.875,1474951.25,1488318.875,1489495.625,1525442.0,1430358.5,1150660.375,1167874.75,1678926.125,1439312.0,1777939.0,1815225.5,1656636.875,1571704.875,1671462.0,1706941.25,1699740.25,1665564.875,2058709.375,1834733.5,1554513.875,1511264.625,1608458.5,1423591.25,2136383.5,1953917.375,1925570.25,1737032.375,2009251.5,1759269.25,1736147.875,1612087.0,1876512.875,1806598.625,1975006.25,1890601.625,1777196.875,1607089.25,2145945.25,1925331.75,1663420.0,1604386.0,1942870.375,1709492.25,1973497.75,1892924.625,1680047.25,1643597.125,1842279.625,1722713.375,1796360.75,1665896.25,1954801.625,1808427.375,1920670.125,1759156.125,1962747.0,1968584.625,1891677.625,1894223.875,1772936.75,1737020.875,1588915.75,1669953.125,1972441.625,1690350.375,1805623.625,1585949.875,1794306.75,1839794.875,1770343.5,1834227.5,1690101.25,1907793.75,1981319.5,1966558.25,1833478.875,1899266.625,1699864.625,1797711.5,1913931.625,1897509.625,1844126.5,2021776.0,2032477.875,1927734.0,1891709.625,1797813.75,1956728.875,1896724.625,1879992.125,1851081.125,2173831.75,2105154.5,1873486.125,1717146.5,2060430.375,2039859.25,1709610.75,1837596.875,2024402.125,1934173.125,2175594.75,2203783.75,1713706.375,1544792.875,1657642.75,1526891.5,1367057.625,1479307.75,1480805.0,1456745.75,1678467.375,1598676.25,1915139.5,1753017.75,1273460.25,1239525.125,1467538.375,1407205.75,1585162.5,1478322.125,1999816.625,1834484.5,2395858.75,2247251.5,1592415.125,1588886.125,1783592.5,2016226.375,1627427.875,1712873.625,3045048.0,3020249.5,1646507.625,1598583.75,2323568.5,2423338.5,1636554.5,1755465.125,1939224.875,1829225.75,2875987.0,2488912.5,2341155.25,2590830.75,2633741.25,2972151.25,3144619.25,3186629.0,1834432.75,2220418.75
25,2048090.5,1888308.125,1932693.75,1980975.625,2081095.625,1994237.125,1779020.0,1695944.375,1826018.625,1702949.75,2347827.0,2294107.25,2240863.75,2204598.25,2279440.0,2135836.75,1751957.375,1880014.125,2195787.0,2367038.75,1939917.625,1960607.75,1927034.75,1798054.875,1886100.75,1887085.25,1667743.875,1899911.75,1885707.0,2182071.0,1715628.625,1816527.375,1592580.5,1676672.75,1577908.75,1567840.5,1631521.625,1791895.625,1712863.625,2097339.75,1950597.625,2067447.375,1543085.875,1573320.125,1368840.25,1376707.5,1530465.5,1611782.625,1569789.0,1557426.875,1569684.5,1754590.25,1695593.125,1615280.875,1674192.125,1648759.0,1793652.125,1702442.5,1533481.75,1677912.125,1667062.375,1665581.25,1870938.0,1990081.375,1705452.75,1711918.375,1657984.375,1641737.625,1401683.875,1467819.125,1957130.625,2023790.875,1928602.5,1978873.625,1611435.375,1539067.875,1851380.375,1698396.375,1764707.5,2024125.875,1297045.875,1332581.875,1447859.375,1388048.125,1419190.125,1533199.375,1774430.875,1700130.5,1488075.625,1373237.75,1578918.875,1371513.375,1497614.125,1359054.875,1599544.125,1476287.125,1487155.25,1488894.125,1521387.75,1427768.5,1150293.125,1166633.0,1676298.25,1437457.75,1775917.5,1811156.375,1653110.75,1570601.625,1671447.375,1704921.5,1696525.875,1662829.5,2051862.0,1833055.25,1547583.25,1501310.5,1609994.25,1417339.125,2138889.5,1948833.375,1921092.875,1736586.75,2008437.625,1760955.5,1739971.0,1617626.625,1881214.375,1811454.25,1979502.125,1898282.0,1780325.75,1612479.0,2152247.0,1932103.625,1663033.5,1604010.125,1948362.875,1711187.625,1979331.375,1898399.625,1681187.75,1645133.875,1841913.0,1724065.125,1799064.375,1666389.125,1960910.5,1815327.125,1924317.25,1765222.0,1962956.125,1968355.375,1893702.625,1896603.875,1780737.125,1742823.375,1593804.0,1670228.875,1982289.625,1696360.0,1813530.25,1593881.75,1793933.875,1836922.375,1769233.25,1834073.25,1690942.125,1906006.125,1977524.625,1962748.5,1833250.375,1897619.25,1697057.75,1795755.875,1917373.25,1900792.875,1840018.875,2018418.125,2029373.75,1925983.875,1891846.0,1798123.25,1958582.875,1898455.625,1884299.875,1855858.25,2170904.25,2103078.5,1871092.0,1714954.125,2058983.5,2038159.375,1705976.5,1837477.375,2025729.625,1930790.75,2173454.0,2200883.75,1714290.75,1545755.75,1658354.25,1526182.75,1364814.75,1478435.875,1480019.0,1455673.25,1675054.25,1601382.25,1917047.125,1752543.5,1271318.5,1237305.875,1468974.75,1406255.0,1583218.75,1474394.125,1994669.5,1833563.5,2397405.0,2245388.0,1592372.875,1589430.0,1790840.875,2015850.375,1626380.5,1712767.0,3042754.75,3016347.25,1649507.875,1599980.375,2321461.75,2425007.25,1638055.125,1751492.75,1941941.25,1827659.75,2872624.5,2490143.0,2345204.5,2593864.0,2635197.5,2973109.75,3142995.25,3184561.0,1832721.25,2221715.75
26,2055306.0,1898681.375,1939263.25,1987399.125,2072896.375,1989426.625,1786552.25,1703592.75,1830541.5,1710577.625,2338956.25,2289989.5,2234070.75,2199522.75,2278907.75,2137722.25,1753351.0,1878489.5,2190829.75,2361428.0,1940016.375,1958042.125,1928428.875,1796632.5,1887888.625,1889546.5,1668146.125,1897153.125,1885687.25,2180109.0,1716020.375,1813434.25,1587119.25,1673247.875,1577373.0,1567453.0,1632084.375,1790935.75,1714188.875,2094025.25,1948260.625,2065891.375,1541838.625,1574979.625,1369489.75,1379444.625,1529971.125,1611028.5,1566954.375,1555682.375,1567989.875,1755042.875,1696618.5,1615392.125,1678744.75,1651666.5,1803240.125,1707119.5,1546762.75,1686208.625,1665870.0,1664177.125,1871231.625,1988085.875,1712361.25,1716090.75,1662639.25,1643801.75,1402235.625,1471736.75,1956692.25,2025129.75,1927489.25,1979796.375,1611121.875,1543043.75,1846369.5,1699280.25,1765661.125,2024249.375,1297369.25,1332073.125,1448610.875,1389364.125,1420969.0,1530590.0,1775520.25,1701254.5,1488361.875,1374765.25,1578184.875,1370719.125,1497131.0,1361086.625,1600218.625,1475738.125,1490430.125,1487408.75,1520711.0,1427942.5,1150980.25,1164587.75,1677670.5,1436275.25,1778846.25,1804084.875,1651450.625,1568209.375,1675430.0,1706858.25,1697086.125,1662107.875,2052342.875,1833431.625,1550471.5,1503502.5,1611679.625,1421216.25,2143389.25,1951364.25,1921360.25,1739960.625,2006737.0,1764571.75,1744275.5,1623657.625,1884012.125,1813171.875,1980931.375,1902713.875,1783510.375,1618676.0,2158378.25,1934722.25,1662405.25,1604249.0,1946028.75,1707837.5,1978966.5,1900570.375,1677458.875,1642511.375,1838130.75,1722438.625,1797447.125,1665156.75,1966984.375,1821785.75,1928792.25,1771140.125,1965264.75,1967023.25,1894541.375,1894950.0,1782576.875,1744677.625,1593737.375,1669168.5,1985743.0,1699386.5,1821528.25,1603498.375,1796273.0,1838151.0,1773606.5,1832640.125,1691681.25,1904311.0,1971046.25,1962303.75,1828278.0,1897044.75,1691307.875,1795234.375,1918195.0,1901218.375,1837091.875,2015588.5,2026294.5,1926335.875,1890030.875,1797390.0,1959405.0,1900764.0,1888188.0,1857916.0,2168514.25,2100079.0,1869469.625,1713306.5,2062055.25,2041078.125,1704115.375,1838809.625,2030562.875,1928904.875,2175052.5,2200359.0,1714911.125,1547290.625,1661407.125,1527095.25,1361026.25,1474956.25,1478052.125,1453000.5,1676700.25,1602938.5,1918860.0,1750634.125,1275227.25,1239794.25,1471814.875,1410891.25,1586341.5,1477426.5,1994712.875,1832689.5,2395922.75,2242664.0,1592471.875,1591397.25,1791553.875,2012106.5,1626350.75,1714088.625,3040978.75,3012017.5,1649195.0,1600543.375,2320674.75,2425981.75,1639736.5,1751928.125,1942204.0,1827496.375,2869808.0,2486679.0,2344350.0,2593245.0,2632177.5,2967360.0,3137221.0,3180018.0,1834146.125,2223366.25
27,2050449.125,1893584.5,1935809.125,1984762.625,2065480.25,1985523.375,1781472.0,1700749.125,1828394.875,1706052.375,2338870.25,2290110.5,2235098.5,2200142.25,2277816.75,2135040.25,1749928.875,1876481.25,2182833.0,2350437.25,1934768.125,1953549.875,1923025.0,1791785.875,1883384.5,1889159.25,1671059.125,1900943.25,1880613.0,2176285.5,1708588.375,1813929.25,1581265.25,1670902.5,1575225.375,1570038.125,1632942.875,1792841.875,1715768.375,2088567.375,1956644.375,2070115.75,1545051.375,1581363.5,1372894.75,1381355.25,1541159.0,1620491.25,1571217.125,1557917.875,1569807.0,1757852.875,1688765.375,1612313.0,1673811.875,1648540.875,1797191.5,1704127.5,1544908.875,1687581.375,1665679.25,1668167.25,1867099.375,1984678.875,1711180.5,1712585.75,1654838.75,1637411.625,1405630.375,1477484.0,1956723.75,2026271.5,1930420.0,1984260.75,1612074.875,1547148.25,1848369.625,1700023.875,1770808.75,2027840.0,1300341.25,1332993.625,1452135.625,1390098.0,1424381.0,1529133.5,1777644.25,1704558.5,1490943.5,1375427.625,1578929.25,1370519.125,1499568.125,1359321.25,1600707.875,1473882.75,1491929.625,1485890.625,1522509.875,1429893.375,1152733.625,1163582.5,1682639.875,1436434.25,1782641.375,1798371.75,1653693.625,1566266.125,1680368.875,1709438.625,1700221.5,1658439.5,2058131.125,1834101.625,1555656.0,1510754.375,1611463.75,1436985.5,2146690.75,1958469.125,1928768.875,1739356.75,2010158.875,1762581.0,1746543.625,1628713.0,1879832.5,1812642.625,1979079.75,1899296.375,1787489.375,1618256.5,2155166.75,1934837.0,1662281.75,1603668.25,1941614.875,1708960.625,1974414.625,1896300.0,1678624.875,1644736.625,1837983.125,1721050.125,1794567.5,1664385.375,1963774.75,1816756.75,1928658.875,1768783.625,1966753.125,1965981.0,1894063.0,1892604.625,1775065.375,1740525.375,1589583.625,1666547.75,1979295.125,1696042.25,1818063.75,1603905.75,1800010.125,1843194.5,1780896.0,1833599.5,1690974.25,1903347.0,1969535.125,1963659.75,1824297.875,1899043.625,1690101.875,1796591.25,1918614.0,1902627.75,1847026.125,2023393.75,2028790.5,1931175.625,1889824.0,1798377.625,1962123.625,1905628.25,1888710.375,1855417.375,2174009.25,2104844.5,1866888.125,1712504.25,2063072.875,2041674.875,1703329.375,1837269.5,2032370.875,1928724.125,2174348.75,2200803.5,1711757.625,1544896.125,1662301.125,1528295.125,1359692.25,1470442.125,1475368.0,1449832.25,1680397.25,1599700.375,1917690.0,1750063.5,1279671.125,1245149.625,1471959.25,1414797.625,1589812.125,1481567.875,1998933.5,1833869.625,2399548.5,2244935.0,1593559.625,1594271.75,1791867.875,2014277.125,1628732.75,1714937.0,3040926.0,3013576.75,1645781.25,1600490.875,2327502.25,2428474.25,1640798.375,1757713.0,1941887.125,1830538.375,2872995.0,2487392.5,2342783.75,2591974.25,2631824.5,2967258.0,3136407.25,3179645.75,1839093.5,2224078.25
28,2040774.125,1883055.375,1929976.375,1977462.625,2068951.0,1989748.375,1770082.625,1691310.875,1821793.625,1698623.0,2346964.0,2294608.5,2243537.0,2208848.0,2277294.0,2131640.75,1746542.5,1877115.375,2181621.25,2350110.75,1930297.375,1954263.0,1920446.875,1790721.75,1879808.625,1886525.0,1673055.5,1906607.375,1876546.375,2177727.5,1705084.625,1815428.125,1585548.5,1670322.75,1574711.0,1571814.125,1635941.0,1792635.25,1717198.0,2087952.25,1967541.375,2078129.875,1547733.625,1582352.875,1372129.375,1378893.875,1546961.375,1626416.875,1572606.5,1558596.875,1573381.0,1758338.625,1683668.875,1609012.375,1668162.0,1644846.875,1784049.5,1699309.0,1534046.75,1680745.25,1665176.0,1668769.75,1862121.125,1983763.625,1705782.875,1707167.625,1647373.0,1631539.5,1408258.125,1476876.75,1956194.75,2026228.875,1932615.25,1983512.75,1612729.125,1543148.125,1851262.0,1697436.75,1769354.5,2025686.875,1300653.125,1332475.75,1454108.5,1391016.5,1422448.25,1529477.875,1775718.25,1702521.5,1491028.125,1375197.625,1579948.625,1370116.625,1502683.375,1361722.25,1599108.125,1474550.375,1488621.0,1485248.0,1524163.375,1429132.875,1154172.75,1165790.5,1684428.875,1439192.5,1780854.625,1801006.875,1654983.75,1566673.25,1682597.875,1709227.125,1700465.0,1657380.0,2057206.5,1835806.375,1559144.0,1512404.375,1611955.25,1435780.0,2145249.5,1963318.25,1929552.25,1736078.0,2011238.75,1759132.75,1745254.75,1626979.75,1875512.125,1811342.125,1976260.875,1894449.625,1788283.5,1612269.625,2147855.25,1934207.375,1662941.25,1603370.25,1942376.375,1713416.125,1970699.375,1891482.0,1683746.875,1648544.625,1842745.25,1722145.375,1793585.125,1664176.0,1958314.375,1809605.875,1924613.625,1763207.875,1964088.125,1964707.0,1893148.0,1891908.875,1769037.125,1736075.25,1586612.0,1663739.375,1972644.875,1691951.375,1809052.0,1597204.25,1800136.0,1845503.125,1780626.625,1834669.375,1691220.5,1902461.125,1969750.0,1961487.75,1825319.0,1898681.25,1691708.25,1796192.875,1921696.75,1906576.75,1854810.5,2030003.5,2033847.125,1933633.375,1892912.5,1801332.75,1962918.875,1906658.5,1885617.375,1853796.25,2180725.75,2112926.5,1866163.875,1711127.125,2059165.0,2035648.5,1700931.625,1830124.75,2027792.5,1928374.0,2168884.75,2198342.75,1707697.125,1542628.5,1659912.875,1528156.875,1359096.5,1468597.0,1475364.875,1450584.875,1676901.75,1595761.375,1914415.125,1749116.75,1279833.75,1247217.75,1472702.0,1414897.875,1590197.5,1481648.25,1999831.75,1834630.375,2403550.5,2247878.25,1596757.25,1597335.75,1792392.5,2016916.25,1630105.375,1713847.125,3041795.75,3018232.25,1645953.0,1601742.875,2334571.25,2431012.75,1642471.375,1765749.75,1942448.25,1832890.0,2877168.25,2495719.75,2344184.25,2592744.5,2636937.25,2973486.0,3142047.25,3181642.0,1843605.5,2225767.5
29,2042426.0,1886562.125,1933819.5,1978359.0,2078525.375,1996679.75,1769667.625,1689665.875,1819661.0,1699876.25,2347915.5,2294966.0,2246641.75,2213677.0,2277059.0,2132308.25,1747835.125,1877904.0,2186241.25,2358219.5,1930662.875,1958694.125,1924549.625,1792489.0,1880531.25,1884951.875,1672870.0,1907490.25,1876338.625,2178444.75,1709665.125,1814357.75,1593140.5,1671593.25,1575299.0,1570669.125,1638612.25,1790579.25,1718116.375,2090823.75,1968948.625,2081013.5,1545208.0,1575302.75,1367268.875,1374656.625,1537957.375,1621241.625,1565575.75,1554303.875,1574664.375,1757171.5,1687763.375,1607480.625,1669669.75,1645272.5,1783518.0,1698235.625,1529203.5,1674316.0,1663232.25,1664161.0,1861108.25,1983909.375,1704108.5,1707106.875,1648496.625,1631834.5,1406979.875,1474791.625,1957089.25,2029139.75,1931027.125,1981059.25,1614276.375,1539478.625,1849717.875,1696191.375,1764598.25,2023961.625,1298923.375,1332247.375,1453925.25,1391779.375,1419876.5,1531532.0,1773250.0,1700067.875,1489777.125,1376772.625,1579585.625,1369553.125,1503596.75,1368092.5,1600311.375,1476469.75,1488210.0,1486789.0,1524825.625,1426764.0,1153188.5,1167914.875,1682576.875,1441369.375,1777060.375,1808714.5,1652849.125,1568893.0,1681570.875,1708064.875,1699403.625,1662198.0,2054906.0,1838287.5,1563624.75,1510463.875,1614178.375,1422760.875,2143274.5,1963444.5,1923678.125,1737833.75,2008245.125,1762028.5,1741031.625,1617484.625,1874485.25,1806997.75,1975135.625,1893282.25,1783348.75,1608662.75,2146548.25,1929142.5,1663803.125,1605885.25,1941611.375,1710648.5,1969367.75,1890890.125,1681518.75,1643980.5,1843927.75,1722305.75,1794318.375,1662828.625,1957487.75,1810600.25,1922389.375,1762566.5,1960811.375,1964227.75,1890944.625,1891457.5,1770527.0,1734845.25,1586147.0,1663280.875,1973273.875,1691582.375,1806731.75,1591985.0,1796390.75,1842890.625,1776054.625,1833878.75,1692351.375,1902270.5,1967107.5,1959737.75,1828072.25,1894295.5,1690774.625,1794660.0,1921134.625,1905820.25,1848851.5,2024369.75,2034663.375,1931312.375,1894657.125,1801013.125,1962018.0,1904242.75,1883020.125,1855284.0,2181259.0,2114151.25,1868790.625,1710455.5,2058326.875,2033567.25,1699138.125,1827923.25,2024605.75,1928587.625,2167083.25,2197453.75,1710831.125,1545659.875,1660981.5,1529082.625,1360006.5,1471313.125,1477428.75,1453711.75,1674139.25,1597991.25,1912848.875,1747337.75,1280378.25,1243432.0,1477665.375,1414057.125,1591994.75,1481138.875,1998964.25,1833456.875,2402493.25,2247139.0,1599180.125,1598037.25,1790727.75,2014570.5,1627850.75,1714042.125,3042068.75,3019336.0,1649626.25,1603313.5,2333255.25,2430882.75,1643787.875,1769289.25,1941250.25,1832154.875,2877171.5,2498968.0,2343032.0,2591438.5,2637562.0,2975116.5,3144957.5,3182903.25,1844043.875,2225509.75
30,2048644.625,1894657.75,1937693.875,1982665.875,2075358.375,1993045.875,1776957.25,1694071.25,1823119.375,1703634.625,2339369.25,2290757.25,2240602.75,2207978.75,2275787.5,2134984.0,1750133.75,1878136.125,2188412.25,2360549.5,1933464.625,1960946.625,1926734.875,1792875.5,1880853.125,1885773.25,1673023.5,1905166.625,1879202.25,2177352.75,1714135.5,1814343.375,1590758.125,1674026.0,1576754.375,1568913.375,1637369.75,1791346.875,1717014.375,2092971.125,1963197.5,2077503.0,1543494.125,1570554.625,1366998.75,1373590.75,1531017.375,1615451.5,1563396.375,1553069.875,1573482.5,1757024.375,1691519.375,1608813.0,1672131.5,1646833.875,1791318.5,1698555.75,1529574.0,1673439.75,1662796.375,1662728.5,1864371.375,1984432.0,1705681.625,1710120.75,1652195.625,1633729.875,1407695.0,1473704.375,1958491.875,2030685.5,1929747.125,1982962.125,1615128.5,1542412.0,1848880.125,1699019.625,1765598.75,2026889.125,1298047.625,1333116.5,1452604.125,1389484.5,1422371.5,1533353.625,1774577.875,1701922.375,1490106.125,1377483.25,1579646.0,1369617.125,1502141.75,1367986.625,1603289.0,1475309.625,1492691.5,1488401.5,1524245.875,1425104.375,1150909.25,1165622.125,1681780.5,1439087.75,1777225.125,1810536.25,1652666.875,1568914.125,1679574.625,1707031.125,1700385.125,1665342.375,2059165.375,1838949.875,1564766.75,1508063.125,1615257.875,1420340.375,2147623.75,1960998.875,1921241.0,1740002.625,2007098.5,1765198.5,1739183.125,1612599.75,1875874.625,1804554.0,1976421.375,1894060.125,1778488.125,1610328.875,2151209.5,1925841.0,1664586.375,1608521.375,1939032.75,1706154.375,1970771.125,1893804.375,1675237.875,1638709.75,1840405.625,1720857.375,1794643.375,1661563.125,1959502.625,1814255.875,1923454.25,1765409.0,1961135.625,1965453.625,1889218.375,1891209.5,1773276.125,1735151.75,1586678.375,1665740.5,1975486.75,1692665.0,1809929.25,1591680.25,1794912.0,1839911.75,1774954.0,1834531.125,1691833.125,1904723.375,1965125.375,1961873.125,1827968.75,1893173.375,1688828.5,1795706.0,1917279.75,1901378.75,1841617.875,2017964.125,2031013.875,1929175.125,1894039.375,1798375.25,1961884.75,1903215.5,1882988.25,1856235.625,2179029.0,2109823.25,1871574.75,1711672.5,2062553.5,2038717.5,1700714.125,1834039.75,2027867.125,1930243.125,2171139.25,2200119.25,1717109.0,1548838.375,1665140.375,1530747.25,1361689.75,1474097.5,1478070.25,1453814.5,1676537.625,1602274.5,1914522.625,1747892.0,1282672.5,1241125.625,1479117.5,1414242.75,1594349.75,1482962.625,2001268.125,1833446.125,2402779.75,2246506.5,1597519.5,1595721.375,1791782.0,2012717.875,1626496.25,1715709.5,3042053.0,3017685.25,1650535.375,1603021.875,2329287.0,2429109.5,1642877.75,1765844.25,1940180.75,1830074.0,2876369.5,2494454.0,2340467.0,2589796.0,2634475.5,2973322.75,3143017.75,3184260.5,1841979.625,2222592.75
31,2049729.0,1893802.125,1934632.25,1983883.0,2061858.75,1982843.25,1781157.25,1698433.875,1826565.5,1703294.125,2334334.0,2290077.75,2231849.0,2198576.5,2273305.25,2136489.5,1748841.25,1878133.875,2183548.5,2355481.25,1932286.0,1958163.375,1925556.125,1791947.875,1881274.625,1889135.375,1673491.75,1901902.125,1881582.75,2182266.0,1710782.125,1817034.625,1577009.5,1672531.125,1577628.75,1567096.125,1632802.0,1793305.75,1710877.125,2090790.125,1958244.125,2072390.125,1545960.5,1574754.875,1371442.5,1377337.375,1536983.375,1617367.875,1570020.875,1558696.5,1570967.625,1756965.625,1687615.125,1611829.0,1672269.5,1648029.25,1791915.375,1700132.25,1535150.25,1678684.5,1665378.0,1664991.875,1867500.875,1983755.375,1708073.25,1709692.0,1653710.375,1633522.375,1408379.625,1474173.125,1953967.5,2025036.75,1930122.625,1983709.875,1610521.25,1544756.875,1848367.375,1699033.0,1768777.375,2027674.375,1296747.375,1330501.625,1450603.375,1388319.25,1423842.125,1531416.875,1776621.5,1701440.5,1491314.375,1372248.0,1580904.0,1370860.625,1502426.625,1365182.5,1600156.125,1471578.125,1495041.75,1487469.75,1523502.375,1423228.0,1150750.5,1161643.5,1684400.25,1436880.75,1778844.875,1803978.5,1656551.625,1566187.875,1682187.5,1708590.125,1701829.75,1664667.5,2062723.5,1840086.375,1562012.875,1510470.5,1612584.75,1422528.0,2150366.75,1960281.375,1920711.375,1734327.0,2004703.0,1760260.0,1743959.25,1620006.25,1880109.875,1810344.75,1977969.25,1894052.875,1781518.5,1614345.375,2152952.0,1931093.5,1662017.375,1607666.875,1943205.0,1709767.375,1973965.0,1896137.75,1675163.375,1642381.125,1839271.25,1721132.75,1792247.125,1661254.0,1964745.25,1815817.875,1925816.625,1767522.875,1964949.75,1966993.75,1891434.5,1892820.0,1771723.0,1735686.625,1586502.75,1668925.25,1973026.375,1692244.25,1812360.25,1594574.375,1797240.375,1839823.5,1774727.125,1837690.625,1690215.125,1908279.25,1964583.5,1963189.75,1821817.625,1899236.875,1687916.5,1798876.125,1917449.25,1901119.0,1843592.375,2022245.875,2026830.25,1929898.5,1894745.625,1800413.0,1959964.5,1901976.125,1883170.375,1854637.0,2176675.0,2107407.75,1872299.875,1713835.5,2063583.25,2041647.5,1706812.75,1835819.25,2031377.75,1931239.75,2174734.25,2200501.0,1712963.375,1544368.875,1661398.125,1527990.25,1360218.375,1471796.75,1477023.125,1451065.25,1673488.0,1597369.375,1914361.5,1750901.25,1280555.875,1245589.375,1468772.125,1416410.0,1590535.25,1486011.5,2003504.375,1835371.125,2404188.75,2248946.0,1593678.5,1593734.25,1792378.625,2013567.0,1629791.375,1717446.0,3043215.75,3017505.75,1647009.625,1602570.5,2329664.5,2428219.5,1640755.75,1762671.625,1942434.125,1831618.125,2878101.5,2493687.25,2343098.75,2593788.0,2636464.75,2972936.25,3141237.5,3185487.75,1841392.5,2224777.75
32,2049919.5,1891397.75,1933209.5,1985700.0,2059376.625,1981434.75,1779874.25,1699261.875,1826696.625,1701034.25,2337782.75,2292974.0,2228358.0,2196045.75,2272829.5,2136672.25,1747319.0,1878644.0,2181742.25,2354537.25,1930042.0,1954456.25,1927422.75,1791951.625,1882469.75,1892142.25,1673533.5,1898595.375,1881738.75,2186236.75,1704965.25,1818651.25,1565845.0,1668600.375,1576138.375,1565792.875,1629753.375,1793049.125,1705122.5,2086128.375,1956002.125,2069740.25,1547344.0,1579650.125,1372892.75,1381370.25,1542439.375,1621321.625,1572567.5,1561431.75,1569222.75,1755830.75,1682188.0,1612566.625,1670972.5,1648181.0,1785538.0,1701831.75,1540495.5,1682515.875,1666910.0,1664917.75,1866839.875,1980999.75,1708833.875,1705744.875,1653331.375,1633050.0,1406183.625,1477762.875,1946165.125,2018526.0,1929173.375,1980751.25,1604031.625,1542960.375,1848276.375,1697178.125,1768507.375,2026112.875,1294378.5,1325854.125,1449620.5,1389941.875,1420729.75,1528152.625,1775885.75,1698395.5,1491537.375,1367253.0,1581095.5,1372167.375,1502844.125,1364560.25,1594948.125,1469731.625,1492572.125,1487120.125,1522773.5,1422236.125,1151704.875,1160984.625,1686705.5,1438892.25,1777178.0,1800447.875,1657979.5,1565098.875,1686479.375,1712545.625,1701898.875,1663793.875,2062564.25,1843391.375,1560328.375,1517157.125,1608992.375,1423462.625,2144731.5,1962210.25,1917667.875,1728397.0,1997373.875,1754319.875,1746307.125,1627191.5,1881038.625,1815308.25,1976562.375,1891371.75,1784933.5,1614956.75,2148308.75,1935102.875,1656281.0,1606494.875,1949429.125,1717000.625,1973850.625,1894796.75,1676728.75,1646790.125,1842054.75,1722774.75,1788250.0,1660349.25,1970149.375,1817014.125,1926846.625,1767360.0,1969315.5,1969163.625,1896669.375,1897090.375,1767276.625,1735821.75,1584453.0,1669300.875,1968280.0,1690279.375,1809276.0,1595160.375,1798363.375,1840627.25,1773738.75,1839285.5,1689095.5,1910076.0,1963307.75,1961879.125,1816607.125,1902856.625,1686746.375,1800308.25,1920682.75,1904942.625,1847821.125,2028667.875,2025699.875,1931646.125,1896584.875,1804845.125,1956677.875,1899189.125,1882927.75,1852862.0,2173481.0,2106675.0,1872490.375,1716683.125,2060315.375,2040219.875,1714275.125,1832184.875,2029980.875,1931712.5,2176496.25,2199416.75,1703949.0,1537616.25,1652296.875,1523680.25,1360500.875,1470488.625,1477841.75,1450680.25,1666931.75,1588968.625,1909402.875,1752516.875,1275936.625,1250140.0,1458258.875,1417613.75,1584451.25,1487635.5,2002860.25,1836849.75,2400024.0,2250218.0,1593109.75,1593345.375,1787739.875,2013202.125,1632758.0,1717450.625,3044567.25,3016872.25,1643116.625,1602711.75,2330894.5,2428581.75,1640302.125,1764334.75,1943489.25,1835657.375,2877294.25,2495884.75,2346260.75,2598220.5,2638355.0,2970913.5,3140040.0,3184779.75,1842858.0,2229448.25
33,2054361.625,1897881.875,1938009.25,1991219.125,2070878.375,1990912.5,1777558.625,1695949.0,1824978.0,1699450.625,2344024.75,2294522.5,2232856.5,2202251.5,2275822.75,2136672.75,1748981.875,1879405.5,2190859.5,2363120.0,1933458.125,1955623.5,1930168.875,1793473.0,1881770.25,1892184.375,1675361.0,1897743.5,1881722.625,2181132.25,1704657.625,1818159.375,1566815.625,1669385.125,1574581.875,1566904.375,1629393.875,1792749.25,1705690.125,2086749.875,1955961.0,2072119.375,1546322.875,1578046.375,1370510.0,1380234.25,1540878.375,1621858.0,1567874.375,1556942.0,1569678.625,1754611.875,1682493.375,1610528.75,1668533.375,1645671.5,1783442.625,1699241.75,1535017.0,1677366.75,1666049.25,1664138.375,1864750.625,1980079.0,1706050.0,1703441.75,1651259.375,1631719.5,1405150.25,1477250.0,1944746.625,2017965.0,1926831.625,1978369.875,1602729.875,1540341.375,1849640.875,1696435.375,1766257.875,2023666.0,1294000.375,1325794.375,1448898.875,1387857.875,1417744.0,1529215.625,1773237.75,1697802.75,1489630.0,1368367.75,1579309.625,1371957.75,1499526.5,1362565.5,1595841.875,1471688.25,1487987.5,1487742.25,1522200.0,1424349.125,1151396.375,1163197.625,1684130.875,1440045.125,1773972.125,1804254.25,1653995.625,1565859.625,1683675.125,1711856.0,1700097.5,1663317.625,2060908.0,1843084.25,1557980.0,1517209.0,1609212.75,1426006.75,2137609.25,1962764.5,1916709.375,1731848.375,1994452.0,1755461.0,1740036.75,1622509.75,1875637.25,1810517.125,1972464.0,1888146.375,1779080.625,1611287.0,2144537.75,1931204.5,1653772.25,1607695.75,1949752.125,1720218.75,1969372.0,1892091.125,1675506.375,1644649.0,1845314.25,1724455.0,1786978.75,1659724.25,1970063.875,1817879.25,1924294.5,1765454.625,1970887.25,1972570.375,1901712.5,1902982.75,1765094.375,1734806.875,1583214.875,1666938.5,1965461.625,1688560.375,1803738.75,1591611.125,1797133.25,1840488.25,1774167.125,1837378.625,1688204.625,1909611.625,1965432.875,1960930.25,1820720.625,1898969.5,1688139.875,1798567.125,1923850.125,1908657.5,1847622.25,2026607.75,2029140.625,1931565.5,1897116.375,1805899.25,1955452.75,1897183.5,1884104.5,1853469.125,2171761.0,2105482.0,1871936.875,1719504.625,2059784.75,2039842.875,1717648.25,1833648.75,2026303.0,1932014.0,2177739.0,2201514.75,1704571.625,1537936.125,1650191.875,1523674.125,1366015.625,1475458.875,1480802.75,1453369.5,1667397.5,1589393.75,1906077.75,1751598.0,1275891.375,1249335.625,1461058.625,1414858.125,1584317.375,1486286.875,1999480.375,1836353.5,2395763.25,2248406.75,1596946.75,1593895.0,1785836.375,2012044.5,1631576.75,1715497.375,3044203.0,3013944.75,1643728.125,1602187.0,2329564.5,2429219.75,1643681.25,1767603.375,1941187.375,1836549.875,2870987.75,2492199.5,2344488.25,2596825.0,2633685.5,2966806.0,3138064.75,3180561.75,1844715.875,2229537.5
34,2057017.625,1902598.0,1940852.75,1993842.375,2078985.875,1998059.25,1777904.75,1694372.25,1823736.375,1699292.375,2348201.5,2295744.0,2238911.0,2208598.75,2277887.0,2137400.75,1750885.875,1879507.75,2197246.75,2369932.5,1937228.125,1959593.625,1928182.625,1794239.25,1881466.0,1891307.75,1677347.0,1900661.375,1883109.375,2177284.75,1707261.625,1816846.125,1573356.125,1672334.0,1575860.0,1569694.125,1631225.75,1794429.25,1709245.0,2092128.25,1959089.625,2076609.5,1546208.375,1576033.875,1369516.875,1377065.875,1542772.125,1622583.5,1567014.375,1554743.5,1570757.375,1755545.0,1685969.25,1609060.5,1667651.25,1644089.125,1785972.875,1696424.25,1527467.75,1672921.5,1665592.125,1665595.0,1865114.0,1982709.875,1704243.25,1705242.125,1650349.0,1630231.5,1402825.625,1471397.375,1949029.0,2020244.75,1926146.875,1976636.375,1605609.0,1537283.625,1844576.25,1693587.25,1763980.0,2019329.375,1296706.375,1328060.25,1448201.25,1384887.25,1416618.75,1532019.75,1772526.25,1696818.25,1487354.625,1369245.5,1576010.75,1370586.875,1498344.0,1361182.75,1600312.25,1474219.125,1484594.25,1485577.5,1523061.875,1425589.0,1152197.25,1164420.375,1681516.375,1438662.5,1771508.875,1805487.375,1650217.5,1564948.125,1680540.625,1708321.5,1698083.25,1663319.625,2057379.5,1838046.625,1555001.875,1512128.375,1611623.75,1426948.75,2136073.5,1960597.125,1919906.5,1736821.0,1999189.625,1758124.625,1737196.0,1615443.25,1872679.375,1806047.875,1971552.625,1887621.125,1775614.0,1609882.375,2146390.5,1928773.5,1655881.125,1608417.875,1948849.875,1719738.25,1967457.75,1890408.375,1677764.875,1641466.0,1846429.125,1725789.5,1788491.875,1660366.375,1966833.75,1817243.5,1921476.375,1763704.0,1970065.0,1973342.0,1903976.625,1905208.375,1767233.0,1733827.125,1584648.25,1665490.75,1965202.125,1688523.25,1804835.25,1589721.25,1796867.625,1840641.75,1776377.875,1836128.125,1688753.375,1907795.5,1968907.375,1960522.0,1825297.875,1895689.75,1690465.375,1797314.0,1926910.875,1909585.75,1846974.375,2023048.0,2032969.75,1931662.0,1897525.125,1806228.5,1956081.25,1898335.875,1886655.375,1855368.75,2173933.25,2106729.75,1869387.25,1717754.875,2061147.125,2039915.75,1715345.125,1836279.0,2023395.25,1929773.75,2177274.5,2202811.25,1708533.25,1540704.75,1652353.625,1524685.375,1367011.5,1477165.5,1480003.375,1453289.625,1670475.875,1592629.625,1908074.25,1750186.25,1278414.625,1247220.625,1469667.375,1414096.375,1588092.625,1483895.0,1996451.5,1834998.125,2398530.5,2248777.25,1598776.875,1596491.125,1790545.625,2013805.875,1630497.625,1715416.0,3044909.5,3015441.0,1647498.0,1602207.875,2330551.25,2432355.0,1647785.0,1769748.0,1943171.625,1836185.25,2869696.75,2489494.0,2345916.5,2595960.5,2632994.0,2967598.0,3140411.0,3179653.5,1847301.125,2231497.5
35,2049806.0,1892668.5,1936105.5,1985693.625,2077023.25,1997154.0,1775101.0,1693219.375,1821201.125,1698938.0,2346765.0,2296103.0,2241842.5,2210114.0,2277538.5,2137963.0,1749982.25,1879499.625,2193260.25,2365368.25,1934462.875,1958873.5,1924691.75,1793377.75,1882240.625,1889472.875,1674972.75,1904751.625,1884139.875,2180745.5,1708335.625,1812828.75,1578414.0,1672482.5,1575972.75,1570729.375,1636438.75,1794790.25,1711579.125,2094390.75,1965102.875,2078551.0,1546740.0,1575698.5,1371638.625,1377674.625,1548515.125,1625371.375,1572066.5,1558629.75,1571976.5,1757352.0,1687441.25,1608770.125,1668169.125,1645232.75,1784537.125,1698120.25,1526299.875,1675527.375,1664917.625,1665102.375,1864695.75,1984848.25,1706972.75,1708131.875,1652664.375,1631594.25,1400820.125,1470643.625,1950923.625,2021208.125,1927190.5,1976479.25,1608735.5,1536574.75,1839319.75,1694877.75,1763302.875,2021792.375,1297176.875,1327013.25,1450415.875,1387659.25,1414884.125,1531746.0,1774323.75,1695910.5,1488454.75,1369221.0,1574153.5,1368778.25,1502102.875,1361561.5,1605001.75,1474155.0,1483932.125,1483073.0,1524993.25,1421636.125,1155319.875,1163503.0,1682117.75,1438643.625,1767799.375,1806614.5,1650450.375,1563003.125,1682778.5,1707534.875,1697501.375,1663474.75,2055291.375,1834388.875,1555624.0,1509009.875,1611972.125,1427351.75,2140739.75,1958843.75,1921406.125,1736945.25,2001086.75,1758548.875,1740963.125,1614453.875,1873422.75,1807976.125,1974110.0,1887401.875,1781222.5,1612254.625,2147528.25,1930079.0,1658220.875,1607890.0,1948459.75,1718085.625,1968752.875,1888805.625,1680744.5,1639724.875,1844940.875,1724420.125,1788773.0,1660299.75,1963845.875,1813935.5,1922266.75,1762485.0,1968980.75,1969213.875,1902413.0,1901078.25,1769410.0,1734420.5,1585477.0,1666486.0,1966555.625,1689840.5,1809132.375,1591547.125,1796921.625,1841394.5,1780198.25,1837746.125,1691190.375,1905830.75,1965468.75,1960548.5,1822934.75,1895641.375,1686668.25,1797574.0,1927849.0,1907492.875,1848050.75,2026270.875,2032012.75,1933279.375,1898531.625,1806651.25,1956873.5,1901414.75,1887840.375,1856555.875,2178499.75,2110026.0,1868479.0,1712730.875,2059545.75,2038151.125,1710371.375,1834263.5,2021598.875,1928383.25,2176661.75,2200841.25,1707575.0,1539669.875,1651760.375,1524028.5,1361131.875,1471801.875,1475587.875,1450282.625,1670807.25,1591821.125,1910764.625,1747978.375,1278889.625,1245399.25,1473323.375,1417026.625,1589841.5,1482385.5,1998726.375,1835379.25,2402144.0,2252356.0,1595312.5,1600045.625,1794414.5,2018143.75,1632472.875,1718400.625,3047966.0,3022468.75,1647838.5,1603191.25,2336690.75,2437944.0,1646580.5,1769612.75,1947449.75,1836090.625,2878915.75,2496231.0,2351620.25,2598787.75,2640773.0,2973756.5,3148196.25,3187404.25,1848459.875,2236290.25
36,2044056.875,1885294.375,1933945.625,1978765.25,2076081.625,1997405.0,1769536.375,1690297.75,1819093.0,1698495.25,2343006.0,2295240.75,2244115.75,2210618.0,2277979.75,2137491.0,1748457.625,1879399.5,2190250.5,2358415.0,1931739.875,1954292.75,1926659.125,1793278.875,1881425.25,1886615.5,1671094.5,1905753.375,1883994.625,2184033.75,1710785.875,1809356.125,1582125.25,1672086.75,1574421.375,1569930.5,1640932.625,1792505.25,1713635.625,2092328.375,1970678.0,2078633.625,1546929.5,1573907.75,1373396.875,1380015.75,1550650.125,1626936.5,1574224.875,1560503.75,1573983.0,1757041.75,1686761.375,1608503.375,1668712.375,1645778.125,1782904.75,1700576.375,1528449.5,1676827.75,1663059.875,1661919.0,1861760.5,1984769.875,1709064.0,1708639.625,1654660.5,1633277.0,1403874.125,1473991.875,1947760.0,2020236.125,1926456.5,1977280.75,1609131.875,1539335.875,1842888.375,1699656.25,1762749.125,2026851.5,1294181.0,1325074.25,1452584.75,1390046.0,1414209.625,1531191.5,1773967.5,1697362.0,1490636.25,1372768.0,1576051.0,1367076.0,1503196.625,1362621.25,1606306.75,1473101.625,1485067.875,1484005.5,1525069.5,1418397.0,1156081.875,1162134.625,1681754.5,1438217.875,1766409.75,1811351.375,1652025.75,1563403.375,1682039.75,1706258.25,1697710.625,1662686.5,2056266.5,1833811.375,1556966.125,1505093.0,1611304.375,1425680.5,2145571.5,1958939.375,1919261.125,1736216.25,1998866.75,1758373.0,1740750.75,1613856.125,1871884.125,1807159.875,1974022.375,1885987.875,1783320.25,1613026.125,2144514.5,1928532.125,1658586.375,1608137.5,1946500.625,1716316.5,1969297.375,1888346.375,1678841.75,1637740.5,1843377.75,1722384.25,1787879.625,1658566.875,1962569.375,1810490.0,1923690.25,1761962.875,1967716.875,1965596.875,1900128.125,1897546.125,1769434.375,1735596.625,1584057.0,1666923.5,1969308.0,1691336.625,1808860.625,1592476.0,1795435.0,1839774.0,1781320.25,1837953.5,1692105.5,1904170.125,1960081.5,1960916.0,1820429.375,1893843.75,1680623.75,1796134.625,1926002.875,1905850.625,1847248.75,2028679.625,2029123.625,1932353.875,1897866.875,1804305.375,1957616.25,1902433.25,1886501.0,1856544.5,2181160.0,2111697.25,1870769.25,1713459.625,2057973.625,2037719.0,1709545.875,1834066.0,2022960.75,1930322.5,2176570.25,2199855.75,1707122.25,1539281.25,1651889.375,1524212.5,1359218.25,1470036.25,1475346.875,1450505.625,1671028.375,1591180.0,1910256.875,1744808.25,1277661.0,1242102.25,1472396.625,1416540.625,1588627.0,1480607.0,2001305.875,1836122.875,2401665.5,2253635.25,1592815.125,1601014.375,1794390.875,2020274.75,1633936.125,1720272.0,3047246.0,3023681.0,1645283.875,1603635.375,2339930.0,2438425.5,1642395.5,1767308.625,1944302.0,1832964.875,2883361.75,2500514.75,2350525.25,2598473.25,2643165.25,2975133.5,3149147.0,3191144.75,1845253.5,2234615.25
37,2048106.125,1892223.5,1937820.625,1984284.0,2078086.25,1999743.5,1769371.25,1690618.625,1820348.75,1699415.375,2343657.5,2297008.5,2245135.0,2211816.0,2277867.0,2136668.25,1748295.375,1878613.25,2191342.75,2359448.5,1934784.375,1954264.875,1931708.375,1793968.5,1879654.625,1885539.25,1671334.25,1904364.625,1883573.875,2183807.75,1715040.0,1813018.0,1584811.375,1672177.5,1577860.0,1570386.625,1640064.625,1791439.75,1715881.75,2088869.875,1972494.875,2079339.125,1547555.125,1574934.0,1372000.625,1379094.625,1550439.75,1626707.0,1571124.375,1557305.0,1574870.0,1756866.0,1685279.75,1608456.625,1669615.125,1645288.875,1785301.75,1700681.0,1532610.875,1675534.0,1662148.375,1660993.625,1860606.125,1983225.75,1707031.625,1706989.0,1654592.25,1632807.0,1404445.375,1475311.875,1945034.75,2019852.75,1925310.125,1976309.625,1606531.125,1538948.875,1845652.125,1697400.125,1761326.125,2020695.125,1294092.75,1326169.625,1450749.875,1388025.5,1418017.25,1532778.25,1772924.75,1697103.125,1490541.375,1374643.625,1578279.625,1367312.625,1500813.375,1367158.875,1601018.0,1473129.0,1487736.625,1485783.0,1521676.125,1421373.625,1153302.5,1161148.125,1682109.125,1436264.0,1773379.25,1808041.5,1653440.25,1565551.625,1680951.125,1706295.125,1700403.625,1662818.75,2058444.875,1835734.625,1558808.0,1505254.875,1613058.25,1419866.625,2145473.0,1959779.75,1918558.625,1734193.25,1999912.75,1756624.25,1737980.75,1612699.5,1870243.125,1802953.625,1972038.625,1886265.75,1779807.5,1611276.125,2143495.25,1926797.875,1658510.125,1608885.875,1946377.375,1715104.5,1970396.875,1889538.0,1677966.5,1637950.75,1842951.75,1724135.625,1788352.125,1657165.125,1963083.125,1810518.125,1923118.625,1762439.375,1966165.5,1966702.375,1899413.0,1898659.375,1769008.75,1735757.625,1583116.125,1664813.375,1971156.125,1691876.875,1806479.0,1591730.5,1794929.625,1837114.875,1776707.5,1835867.25,1691037.375,1903692.375,1962686.625,1960372.25,1820486.375,1892429.625,1680491.125,1795169.375,1923330.25,1905282.125,1845308.125,2024992.375,2029350.0,1930535.375,1896151.625,1802474.0,1958928.875,1900519.125,1884017.875,1854563.75,2180352.0,2112507.75,1872840.25,1718372.875,2060172.25,2039769.875,1715081.5,1836809.25,2028817.5,1929853.75,2174538.0,2200004.25,1708736.75,1541662.625,1655294.875,1525444.125,1363976.875,1474714.5,1479518.125,1453347.625,1669758.625,1591089.75,1907723.5,1743259.5,1276840.25,1241427.125,1470547.375,1414334.0,1588010.5,1479955.75,1999463.75,1835018.25,2400659.5,2249827.25,1593897.25,1598480.875,1792678.125,2016430.25,1631347.125,1717278.375,3041627.75,3016072.75,1644237.0,1603111.25,2334204.5,2431514.25,1641869.25,1765142.625,1940681.625,1829951.0,2874822.0,2493906.5,2345027.75,2594811.75,2637677.0,2970306.75,3140791.0,3183890.5,1842636.375,2228808.5
38,2051834.375,1898773.5,1938959.0,1991836.75,2075301.875,1997723.5,1775631.375,1695383.0,1823503.375,1700619.5,2342520.75,2297694.75,2241965.0,2209165.75,2276100.5,2137159.5,1747125.25,1876185.5,2189583.5,2363110.75,1936727.625,1957570.375,1932090.875,1792393.625,1878528.25,1886877.25,1673091.875,1903979.75,1881557.0,2181756.75,1714289.875,1816932.25,1584693.75,1672507.5,1581320.375,1570657.0,1636971.0,1791792.75,1715372.625,2086471.125,1968360.125,2078908.875,1546365.875,1577477.625,1369709.5,1375175.25,1549438.5,1626015.125,1568720.375,1555810.0,1573435.875,1757589.5,1684505.25,1609145.125,1671332.5,1645744.0,1787910.875,1700220.125,1535144.375,1676437.75,1662387.875,1661917.25,1861166.25,1980332.0,1704797.25,1706100.5,1653873.0,1632601.0,1399016.0,1475632.25,1947470.5,2022546.0,1926863.5,1977499.5,1606424.25,1537207.625,1843130.25,1693132.25,1762930.375,2016809.5,1296061.875,1328992.625,1448837.625,1386478.125,1422392.25,1533614.0,1775031.75,1696652.5,1490845.875,1371526.0,1578654.0,1369328.0,1500348.25,1370668.25,1596994.125,1473061.25,1491654.0,1486448.625,1519078.125,1425146.125,1151950.5,1160311.375,1683300.25,1435255.625,1780758.375,1799876.375,1655476.25,1566071.5,1683009.25,1708431.25,1703799.75,1663891.875,2060477.375,1839842.0,1563231.875,1511598.5,1615070.875,1416301.875,2143332.25,1961093.75,1919792.875,1733315.625,2001240.125,1756289.125,1738730.375,1613017.625,1872035.25,1802643.75,1971677.875,1889690.875,1778808.875,1612416.625,2145131.25,1926836.375,1658478.625,1609066.625,1944685.875,1712388.75,1971665.5,1890842.5,1677221.25,1639216.5,1841117.25,1725466.375,1789907.375,1658656.875,1962894.125,1811689.5,1922932.375,1763640.375,1964331.875,1968076.5,1897241.5,1898685.625,1769105.75,1735964.5,1584221.0,1664653.5,1971698.375,1692046.25,1807424.25,1592951.75,1796171.75,1838233.625,1772447.125,1835112.25,1690612.125,1903635.5,1968517.375,1960307.375,1821012.125,1894659.625,1684310.625,1796807.0,1919890.25,1902522.125,1844101.0,2022718.625,2029542.125,1931148.375,1895440.5,1803177.625,1961215.625,1899688.25,1882150.625,1852483.5,2178038.5,2111226.5,1873369.25,1718838.25,2063234.125,2040642.375,1717574.125,1837585.875,2032408.875,1927718.375,2172559.0,2199140.0,1709261.625,1542537.625,1658232.375,1526802.625,1367412.625,1477771.5,1481226.0,1453737.625,1667794.75,1590574.25,1906923.125,1744177.375,1277762.0,1245291.875,1470588.5,1415775.25,1590294.875,1483280.125,1999498.625,1835055.75,2401456.0,2245513.25,1594355.375,1595582.25,1791043.375,2011959.625,1627648.375,1712999.625,3041353.75,3012656.25,1644632.125,1602712.25,2329461.5,2428205.5,1643540.75,1765777.875,1944377.0,1831951.375,2869162.25,2490313.75,2345370.5,2594433.5,2636316.25,2969741.25,3137983.25,3179542.25,1845116.125,2228731.5
39,2052429.5,1897113.25,1938148.375,1991175.875,2072229.625,1994449.0,1783538.625,1701198.875,1828469.5,1702680.5,2335976.75,2292798.75,2239011.75,2203151.5,2276405.75,2138255.75,1745189.75,1872743.125,2184587.75,2359380.25,1933426.5,1956014.5,1928925.75,1788327.0,1880190.25,1888839.875,1672319.5,1903472.125,1878938.375,2179515.75,1708803.25,1814112.25,1582590.5,1673380.375,1576912.5,1568630.625,1634910.75,1791258.0,1714097.375,2086959.125,1961453.5,2074103.625,1542345.625,1575693.25,1368857.125,1372468.0,1545767.0,1624471.625,1569324.0,1557388.25,1571447.75,1756499.0,1686238.0,1610298.375,1674793.375,1647756.625,1792079.25,1702294.375,1537367.25,1680094.75,1663726.625,1662373.75,1862608.75,1979574.5,1704374.875,1707938.25,1653059.0,1634636.75,1396031.0,1474831.375,1951797.625,2026131.875,1928659.625,1980754.625,1609925.375,1541170.75,1838618.5,1692551.875,1764932.625,2025266.625,1295543.5,1330931.875,1449313.75,1386838.875,1423042.125,1531604.875,1775714.125,1699646.875,1491386.75,1370582.75,1578382.375,1370510.75,1501632.75,1368720.5,1598783.0,1472807.125,1494193.375,1488139.25,1520494.875,1426541.125,1152047.625,1161518.0,1681797.625,1435885.0,1780934.375,1799426.5,1656410.25,1566686.75,1680775.5,1707545.5,1702966.25,1662805.625,2060849.125,1842367.875,1563329.5,1513235.0,1613352.0,1415170.0,2142936.25,1962430.875,1919516.5,1736812.375,2000121.75,1759589.0,1740788.75,1613697.0,1873807.5,1805687.0,1972965.125,1895369.125,1781871.0,1616680.0,2143776.5,1925688.25,1657772.875,1608463.625,1937212.875,1707097.625,1972727.375,1892562.875,1672294.0,1639556.125,1837907.75,1722373.625,1791714.875,1662360.375,1961177.75,1810976.25,1924445.625,1765845.625,1962038.25,1965692.375,1892259.5,1894121.125,1771801.125,1737684.0,1585510.625,1667603.625,1975413.625,1693931.625,1812288.25,1596110.625,1796016.25,1840935.375,1771593.5,1835647.25,1690159.125,1902487.25,1968286.875,1961915.375,1822516.625,1896089.25,1687987.375,1797706.875,1914803.125,1898529.875,1842957.25,2024629.5,2028074.125,1930859.0,1894603.0,1801961.25,1964974.25,1903580.125,1882215.625,1853351.125,2175736.25,2106604.25,1872364.625,1716593.0,2063712.375,2040071.125,1710490.625,1836882.625,2029979.625,1929488.25,2172886.25,2199242.0,1709855.25,1542296.75,1658565.75,1528710.5,1366848.625,1477219.375,1479589.875,1452645.25,1670793.5,1592576.625,1909166.25,1746361.875,1278650.625,1248300.375,1470933.75,1417405.75,1591541.0,1486382.875,2002590.375,1837084.75,2402314.25,2246152.5,1593759.25,1594583.375,1790021.0,2012338.875,1627525.0,1713415.5,3045943.25,3018075.25,1645604.625,1602649.0,2332551.5,2432345.75,1642255.125,1769283.875,1946258.875,1835874.375,2873845.5,2496931.25,2346856.0,2596242.75,2639151.5,2974413.25,3140839.25,3182836.25,1847223.5,2231481.5
40,2051483.0,1891377.25,1938247.625,1984397.625,2073199.5,1993141.75,1785123.25,1701962.875,1830794.375,1705416.625,2333778.75,2288651.0,2241759.25,2202521.25,2279569.75,2138411.25,1746618.75,1871541.0,2183545.5,2352498.75,1929705.5,1951134.625,1928012.5,1785543.375,1883188.5,1888118.0,1671257.125,1902005.5,1878999.625,2179031.0,1704995.875,1810937.875,1582133.25,1673333.125,1572017.375,1567283.5,1634199.625,1792121.625,1716701.875,2090461.875,1959477.75,2069196.25,1540088.625,1573745.125,1368428.75,1373093.75,1540501.125,1621387.25,1569401.875,1557119.5,1570816.5,1756057.0,1689334.5,1611064.0,1676382.0,1648952.25,1795192.0,1704581.5,1541295.75,1682901.5,1666684.625,1663999.625,1866412.25,1983145.875,1703711.625,1709855.0,1653296.0,1637283.875,1398633.125,1474389.625,1954453.25,2028512.75,1930627.5,1983171.25,1612487.875,1548110.0,1840586.0,1693795.375,1765875.5,2033294.625,1295776.125,1331354.25,1450117.875,1388754.5,1422754.375,1528195.125,1773771.75,1703244.0,1490351.375,1375031.125,1578455.875,1370322.0,1501796.0,1368009.75,1599223.125,1473330.375,1494195.375,1489997.75,1522882.5,1427892.875,1150518.75,1165617.125,1680530.5,1438560.75,1779042.125,1804110.125,1655719.125,1569773.875,1677595.75,1707350.25,1699337.0,1661444.125,2058717.75,1840807.5,1558868.5,1510029.0,1610846.125,1413707.75,2141990.75,1960596.5,1919427.125,1738991.0,2002475.875,1762216.375,1740564.375,1616034.625,1872077.0,1807876.875,1975306.375,1899692.875,1784729.75,1616730.375,2141576.5,1924704.125,1657775.125,1606939.125,1931551.375,1702795.125,1975288.25,1894108.75,1670967.125,1641366.25,1836692.25,1719616.375,1793982.875,1664822.75,1958591.0,1809903.125,1925546.375,1767664.5,1959764.5,1961973.625,1888175.625,1888892.0,1775814.375,1738646.875,1585905.25,1668457.625,1980295.625,1696006.375,1814290.75,1596899.75,1794832.875,1841838.875,1772025.125,1836810.625,1691446.875,1903849.0,1965263.5,1964482.5,1824533.25,1896462.875,1691779.875,1798019.125,1910586.75,1896775.25,1842550.125,2025484.125,2030971.25,1931005.125,1892056.5,1797578.875,1967105.5,1907712.25,1883022.75,1855084.0,2175661.75,2105807.25,1870885.25,1716269.125,2062029.0,2039629.875,1702560.25,1836162.25,2026719.25,1931992.375,2171206.5,2199185.25,1710991.125,1544457.5,1657789.25,1530906.875,1365895.5,1477655.75,1479166.5,1453966.75,1675799.875,1596269.25,1911579.125,1748483.125,1278017.625,1247533.875,1468567.25,1416959.0,1588704.75,1484878.75,2002388.5,1837228.75,2401296.5,2248045.25,1593485.625,1595053.0,1786049.125,2012374.25,1629777.625,1716103.125,3043655.5,3021015.75,1645844.625,1602656.125,2333332.75,2432488.5,1639819.625,1772044.25,1942577.75,1836823.0,2877491.75,2500634.5,2342187.0,2593326.5,2636444.0,2973422.25,3138012.0,3183789.75,1845049.875,2227939.0
41,2050614.375,1892429.5,1938644.875,1983908.625,2073167.0,1994412.0,1782085.75,1698392.25,1827047.25,1705868.375,2336373.5,2289986.5,2244656.25,2206422.5,2282459.25,2140197.5,1750619.75,1872852.625,2189049.25,2354397.75,1929434.125,1949856.25,1928455.5,1788053.5,1883058.5,1885667.375,1672249.0,1902252.875,1879153.375,2177869.75,1702988.125,1810065.25,1582633.125,1673239.25,1572981.0,1567129.5,1635064.5,1794670.0,1719305.625,2096203.75,1960237.875,2069994.125,1541401.5,1574804.75,1368345.375,1374594.875,1535662.375,1617266.875,1567545.125,1555485.375,1572244.875,1757466.125,1691173.375,1611749.375,1674421.0,1647688.875,1793673.875,1702321.5,1540146.375,1680606.75,1668075.0,1665995.5,1868718.25,1985940.0,1703260.5,1708472.5,1654057.625,1636773.125,1401161.5,1475547.125,1955773.625,2029762.25,1932992.5,1987810.125,1614897.75,1551625.0,1855623.625,1699108.875,1771511.875,2038561.0,1298369.5,1330823.0,1450499.25,1390266.625,1423699.5,1528035.625,1774507.75,1705247.0,1490354.75,1378401.625,1580486.375,1370076.125,1500257.375,1369163.75,1598631.0,1473294.125,1492990.625,1489261.5,1525493.875,1428043.875,1149824.5,1167931.0,1680157.125,1440701.25,1776649.875,1809639.125,1655417.875,1570865.75,1677637.875,1708461.125,1695722.875,1662780.875,2054667.75,1837415.375,1556589.5,1506234.125,1610051.125,1413574.125,2139040.75,1956081.375,1921371.125,1739001.75,2006579.875,1763420.875,1737380.5,1616987.875,1871920.875,1807375.875,1976595.75,1898444.375,1782604.625,1612715.0,2144437.0,1923648.0,1658531.625,1605258.125,1931812.5,1701806.625,1975170.375,1894342.0,1675217.75,1642184.625,1836807.875,1719788.25,1795469.625,1664174.0,1956356.0,1809921.125,1924541.5,1767120.5,1958417.625,1959976.75,1886714.625,1887258.125,1775475.375,1736600.5,1586391.0,1667662.5,1979283.25,1694610.125,1811859.0,1594539.0,1795185.25,1842139.5,1774359.25,1837941.625,1696338.875,1908809.25,1967452.875,1967124.625,1826629.25,1898652.5,1694491.375,1799175.875,1910335.375,1896734.875,1840590.875,2022675.375,2035400.25,1934041.875,1888390.0,1794213.875,1962041.75,1905045.125,1882341.625,1855356.125,2177029.0,2109734.0,1871333.75,1715848.5,2060429.875,2038314.875,1703286.5,1835211.75,2024366.875,1931558.375,2167167.0,2196059.25,1711489.625,1547292.375,1657955.375,1531692.5,1364216.875,1478606.75,1480082.75,1455940.0,1676062.625,1598043.375,1912865.125,1749041.5,1276567.25,1243189.75,1467521.875,1415771.5,1586036.25,1481077.25,1999339.75,1835589.125,2396974.75,2244950.0,1592895.125,1595523.25,1779217.0,2009304.0,1629479.0,1714939.5,3040739.75,3018481.5,1644914.625,1603043.875,2326760.75,2426100.0,1640588.875,1769470.625,1939919.0,1834001.625,2875314.75,2494406.5,2337835.5,2587714.5,2629031.5,2966142.0,3135131.0,3182533.75,1841965.25,2222566.25
42,2053039.375,1901124.625,1938051.875,1991218.625,2073007.5,1999547.5,1781946.375,1698422.5,1823829.625,1705159.375,2337282.75,2292792.75,2241619.75,2206204.75,2281743.5,2142491.75,1751466.75,1874562.25,2190856.75,2360093.75,1930557.125,1952405.125,1925469.125,1793772.375,1881774.875,1886113.125,1673681.625,1904246.375,1876640.875,2176069.25,1702298.125,1810843.875,1581686.875,1674340.75,1575577.375,1567185.0,1634854.875,1795689.125,1716635.875,2099965.0,1958237.5,2072190.5,1543394.5,1576852.125,1369068.25,1375523.125,1534005.625,1616218.25,1566317.5,1555535.0,1573447.125,1757798.375,1690749.75,1612700.25,1673910.75,1646943.625,1792254.75,1699176.25,1536865.125,1677390.625,1666858.375,1667661.625,1866605.875,1984492.375,1705145.25,1707183.125,1653594.875,1634588.625,1400821.0,1474917.875,1955351.125,2028664.375,1932337.125,1990573.875,1616607.375,1548210.0,1866298.25,1704761.0,1776172.125,2039747.625,1299506.0,1330438.125,1451361.25,1388937.125,1424069.75,1531109.25,1777066.75,1704982.625,1491038.0,1377419.5,1582086.125,1370383.625,1499257.375,1367147.125,1601075.625,1473405.375,1490557.75,1487313.25,1527209.375,1427249.375,1151283.0,1166445.625,1678627.0,1438872.0,1774619.875,1812124.125,1655647.75,1568352.0,1675614.0,1705833.625,1694833.875,1664417.5,2053149.75,1835493.625,1556377.625,1501346.5,1608754.625,1413504.0,2139903.5,1955756.875,1922493.5,1738914.625,2006100.375,1764167.25,1735534.75,1615234.5,1875863.625,1805635.875,1975878.875,1893954.375,1779310.375,1611048.625,2149253.0,1923169.875,1658703.0,1604694.375,1933444.5,1703179.25,1970603.125,1893436.25,1677657.125,1641021.5,1834555.875,1720785.875,1794396.25,1662106.125,1955332.0,1809535.125,1923258.75,1765528.625,1958874.0,1960459.375,1885946.0,1888114.75,1772104.75,1734408.25,1586717.125,1668490.125,1973730.625,1691284.375,1811607.625,1593136.875,1796267.0,1842355.0,1776519.75,1838138.375,1698331.875,1912399.0,1972418.25,1968726.0,1827398.125,1900378.25,1694107.5,1799967.75,1912085.875,1897381.5,1838143.25,2019805.25,2033364.5,1935059.125,1886648.5,1794375.5,1955339.5,1900788.375,1881498.375,1855909.75,2176206.25,2111106.5,1872853.375,1714001.625,2059780.125,2037088.5,1710289.0,1834995.25,2023839.5,1930289.25,2166519.5,2193662.0,1712508.625,1548222.375,1659616.875,1529886.875,1362892.25,1477927.625,1479416.875,1455304.875,1673391.625,1597532.0,1914428.5,1748580.5,1274792.625,1238710.25,1470002.875,1413791.625,1586828.75,1478429.0,1998500.75,1834685.875,2391394.25,2241126.25,1591866.25,1594371.125,1778898.375,2008694.875,1625763.0,1711585.125,3044716.0,3017086.5,1643718.0,1602728.25,2323647.75,2424711.5,1641469.125,1762923.375,1939392.375,1830765.75,2872959.0,2489643.75,2339488.0,2588499.0,2627059.0,2963937.25,3137903.25,3184194.0,1840090.125,2224421.25
43,2052899.625,1900460.875,1933957.5,1989382.75,2076147.75,2002893.125,1779478.25,1698316.25,1822778.875,1705371.125,2338206.0,2293344.75,2239383.0,2205120.0,2277651.5,2140120.75,1748636.875,1877225.375,2185018.75,2358848.25,1930091.375,1956327.5,1919904.5,1796479.875,1881181.25,1887562.0,1673231.375,1905513.875,1877374.25,2180236.5,1705222.125,1816284.25,1582056.875,1675534.125,1576499.25,1570309.375,1633049.5,1795938.875,1712400.625,2099127.0,1958261.75,2072236.25,1544248.75,1579002.5,1369568.25,1378009.75,1535985.875,1620002.625,1567879.25,1557389.875,1572840.375,1758425.125,1689137.5,1612932.75,1673701.375,1646960.125,1790695.5,1699084.875,1536577.375,1677184.5,1666275.875,1669534.125,1864660.875,1982936.75,1707716.375,1709625.875,1652735.375,1634576.75,1400016.625,1472654.5,1954443.125,2025584.125,1930145.0,1984682.25,1613974.625,1540800.875,1856414.875,1702417.75,1771063.5,2030328.875,1298988.25,1331408.125,1453220.75,1388369.375,1422255.0,1531210.75,1776825.5,1702290.375,1489315.125,1376514.25,1579745.875,1370739.375,1500009.625,1363710.25,1602845.375,1475954.375,1487562.625,1486766.625,1524676.875,1428354.625,1151576.125,1165908.625,1677795.875,1436282.875,1776563.5,1808946.875,1656054.75,1566855.625,1672576.625,1703277.625,1697123.75,1664113.5,2055252.25,1834962.5,1555932.5,1501947.875,1606575.25,1415600.625,2145084.5,1960480.625,1920377.625,1737726.625,2002621.625,1763059.5,1737364.75,1616038.125,1876727.625,1805922.75,1974911.5,1892361.25,1779438.25,1610219.125,2150400.25,1927063.875,1659640.875,1605799.625,1935345.375,1706385.75,1968848.5,1892313.875,1678164.875,1642953.0,1832459.5,1722095.125,1792431.25,1662561.5,1954300.5,1807881.125,1923543.875,1764527.625,1960891.375,1962950.0,1886609.875,1889017.125,1771495.5,1735137.625,1586509.75,1669892.25,1970325.625,1690177.25,1811174.0,1592632.5,1797319.0,1840836.25,1775704.25,1838952.625,1694645.125,1912461.625,1971266.25,1967340.625,1824938.625,1899622.875,1691575.25,1799878.25,1914889.25,1900967.125,1842787.5,2022940.875,2030231.25,1933492.375,1889116.625,1797162.0,1956653.625,1902898.375,1883466.375,1857594.625,2176255.0,2111325.5,1873307.75,1714337.0,2059580.75,2037288.75,1716290.5,1836894.125,2026000.625,1929650.875,2168679.5,2194996.0,1713803.25,1548080.125,1660241.625,1527561.125,1366235.375,1479034.625,1478202.375,1454323.625,1672062.0,1597027.875,1915296.5,1749580.75,1275189.375,1240413.125,1470461.125,1413585.125,1588330.25,1479723.875,1998966.125,1833940.5,2392045.75,2242640.25,1591586.75,1593410.5,1788188.75,2013078.625,1624178.5,1711113.5,3044983.25,3017151.0,1643492.625,1601706.875,2329243.25,2430955.75,1639097.25,1759559.375,1940313.25,1830269.875,2874798.0,2493085.75,2343356.75,2594718.5,2631797.0,2969131.0,3140060.25,3186370.25,1839813.125,2229107.5
44,2048021.875,1890687.5,1931854.0,1980496.0,2081170.375,2001284.125,1771702.75,1692298.625,1820548.5,1703669.625,2342198.5,2293981.75,2242709.0,2208781.0,2274762.25,2135127.0,1747192.0,1880232.75,2183024.25,2357440.25,1930691.375,1961491.5,1918176.75,1795649.5,1878493.5,1886918.875,1670934.5,1905732.25,1882981.875,2185125.75,1709418.875,1821580.25,1583421.375,1675256.875,1575605.375,1572521.875,1632818.125,1795835.125,1711243.125,2095042.5,1962750.625,2075030.125,1544630.5,1578518.375,1369883.875,1380267.875,1537631.375,1622597.125,1570475.5,1558595.625,1572333.5,1759505.25,1688177.125,1612150.875,1670475.0,1645419.0,1787154.625,1698636.25,1532519.75,1675610.5,1666088.0,1668180.625,1864926.125,1983566.875,1706953.625,1710843.875,1652571.875,1634516.5,1398523.0,1472418.875,1954222.5,2023090.625,1928334.875,1976704.125,1610114.75,1537139.75,1836996.625,1694666.125,1762165.25,2022044.875,1298831.25,1333426.25,1453144.125,1390221.375,1419048.75,1530499.75,1774539.875,1700340.875,1487446.625,1376811.5,1577326.0,1371013.625,1502019.375,1360916.125,1603092.875,1477630.375,1486704.75,1487846.375,1523051.625,1430355.875,1150836.875,1167265.625,1678397.625,1437514.0,1778540.875,1808674.5,1656413.125,1567495.5,1672832.25,1704574.25,1697960.75,1663458.375,2056172.875,1834368.875,1555132.875,1509255.375,1605331.75,1425390.0,2146240.0,1962856.625,1918679.75,1738294.375,1999978.75,1761557.0,1738392.75,1617851.25,1874210.5,1807751.25,1973974.25,1893411.125,1779193.25,1607719.0,2149751.5,1932526.125,1661848.875,1607801.25,1940441.125,1711532.25,1971297.0,1893422.375,1679033.125,1645337.875,1835563.5,1722970.375,1791413.625,1664350.625,1952362.75,1806093.375,1922772.625,1762630.5,1963030.75,1965816.0,1891011.375,1891503.75,1772984.625,1737110.25,1586587.625,1670012.75,1971391.5,1691571.0,1807694.0,1591211.75,1797832.375,1838028.375,1773957.125,1837763.5,1690206.625,1908914.25,1964874.5,1961734.5,1821808.125,1897039.0,1690038.0,1798679.375,1921219.375,1907496.125,1851155.625,2029252.875,2032836.75,1933784.125,1892615.875,1800609.75,1961067.25,1905126.25,1886210.625,1858399.125,2180568.0,2113751.5,1872963.25,1717751.125,2060086.625,2037587.375,1714340.5,1839277.625,2027117.875,1929942.375,2170315.5,2197645.0,1714128.25,1546764.25,1658458.5,1527563.375,1368849.75,1480795.375,1478079.25,1454624.75,1673397.0,1598026.25,1914996.0,1751235.875,1278385.25,1246110.75,1467910.5,1416131.875,1587691.0,1483910.125,1997926.0,1833762.375,2398763.25,2245674.0,1592444.875,1593962.25,1795920.875,2017621.25,1627013.0,1712832.5,3040411.0,3017343.75,1646040.875,1601460.125,2332381.5,2433887.25,1637388.25,1761298.25,1941929.25,1831247.375,2876766.5,2494464.75,2344744.5,2596198.25,2633908.25,2972677.0,3139832.25,3186122.75,1840651.625,2228222.0
45,2046013.125,1888211.25,1935862.0,1981161.75,2084936.625,2000020.5,1770174.75,1689446.625,1821076.75,1700389.125,2346011.5,2297210.75,2244756.5,2211823.5,2273857.5,2132253.5,1747852.125,1879917.875,2187720.0,2362142.75,1933370.125,1964701.0,1920822.875,1793806.75,1875116.375,1886567.25,1668905.5,1904400.5,1882604.0,2178792.75,1711161.875,1819704.0,1580791.125,1670820.5,1574196.5,1567348.625,1633786.125,1792636.5,1711497.25,2086882.5,1966973.875,2081358.125,1545363.75,1576261.625,1370412.125,1379116.625,1539456.5,1622071.625,1571142.875,1557859.75,1571024.25,1757708.5,1688305.125,1611516.125,1668670.625,1644899.375,1787476.875,1698141.5,1528294.5,1675223.75,1664179.625,1665326.25,1862791.75,1982649.125,1703393.25,1708123.75,1653217.625,1633819.75,1396877.75,1476191.875,1952636.375,2023566.875,1926850.0,1977120.875,1608412.75,1539381.0,1829226.875,1691833.625,1760487.125,2026568.375,1298743.25,1334064.125,1450858.5,1391058.25,1416870.5,1533354.0,1775111.75,1701681.5,1488365.0,1374590.5,1577230.0,1371728.375,1503694.125,1359510.5,1602444.75,1474626.625,1487640.625,1488096.0,1524729.125,1430723.625,1150778.25,1166071.625,1679975.625,1439788.625,1778282.75,1811842.5,1655143.375,1567992.875,1677306.625,1708394.125,1698657.125,1663832.5,2056714.875,1835554.75,1557428.5,1514863.125,1608498.25,1436554.5,2143212.75,1962020.875,1922559.75,1741071.375,2000842.375,1761947.875,1737373.375,1617274.75,1874628.125,1807650.625,1972150.875,1893126.375,1778545.25,1608013.5,2149677.5,1933183.75,1662663.125,1608057.875,1944656.125,1715431.375,1970455.875,1896340.375,1676218.125,1641864.625,1840247.0,1721845.375,1789830.25,1662881.5,1950530.625,1805539.5,1919913.625,1760017.625,1963889.5,1966731.5,1895654.625,1895111.875,1773576.25,1738609.125,1587170.5,1668879.5,1973960.5,1693637.875,1808274.625,1592996.875,1796751.75,1839466.0,1773596.0,1833402.625,1687728.125,1903738.375,1962668.125,1957459.5,1821358.125,1896672.875,1690006.25,1798049.75,1926845.875,1911431.5,1853139.875,2030494.0,2034561.875,1934479.375,1893329.875,1802681.125,1961074.0,1901304.625,1885050.375,1857148.75,2184673.5,2114361.0,1871147.5,1718195.5,2060901.625,2037607.375,1704761.875,1837535.5,2027198.75,1930740.375,2171822.5,2199871.0,1714582.875,1544718.125,1657335.625,1528682.625,1364351.25,1477445.375,1477334.375,1454126.75,1677388.875,1599079.5,1915474.625,1750397.375,1280555.0,1248968.375,1468802.25,1418000.75,1587689.75,1486180.625,1997811.875,1834752.875,2403138.0,2247828.25,1593808.0,1594249.375,1795236.0,2018530.5,1629801.25,1714596.0,3041766.25,3020029.25,1648961.25,1601914.375,2329408.75,2429919.0,1639921.625,1763533.875,1940938.875,1832172.25,2875230.0,2490419.5,2342887.0,2592248.0,2631414.25,2971622.5,3139765.75,3184253.0,1840871.875,2224143.5
46,2046027.5,1890774.75,1936473.25,1984393.0,2081519.0,1997857.375,1776574.75,1693313.0,1825380.0,1699977.0,2345063.25,2298219.5,2241739.75,2209235.5,2272135.5,2130687.75,1746939.625,1877508.75,2189571.75,2363379.5,1933790.625,1961724.625,1922336.5,1791950.125,1875332.75,1886845.5,1668769.5,1900461.125,1874801.875,2169963.25,1711712.625,1815444.5,1579318.375,1665210.875,1574113.875,1563326.0,1634823.375,1788204.0,1712314.875,2080563.375,1968275.25,2084491.375,1545952.125,1576142.75,1370718.875,1377393.0,1542843.25,1622725.375,1570041.75,1557261.375,1569191.875,1754847.75,1688189.25,1612055.125,1669227.0,1645962.25,1790655.125,1700135.25,1531387.375,1680286.25,1662719.75,1667208.75,1858923.375,1980734.875,1702008.375,1707147.25,1653495.75,1634398.25,1401222.75,1479950.125,1951949.875,2027712.0,1928853.125,1984268.75,1609305.875,1543110.25,1840475.5,1695335.875,1767223.125,2031875.0,1298478.875,1332309.625,1451430.375,1389614.0,1417376.25,1533954.0,1778314.0,1703027.625,1489588.5,1371133.25,1576462.5,1371682.375,1502342.625,1360062.125,1599386.25,1471452.25,1488725.75,1486060.625,1522624.75,1428916.625,1150194.875,1162831.375,1682573.875,1438983.0,1778985.0,1808218.625,1653015.375,1568002.0,1683713.875,1712325.375,1702415.375,1663259.875,2058892.5,1838592.0,1561743.25,1517163.0,1615033.875,1437869.125,2142454.75,1963504.625,1927557.75,1741673.375,2006129.0,1762973.125,1737303.125,1616836.0,1877368.625,1806859.375,1971100.75,1892088.625,1779992.625,1611351.125,2149238.75,1930062.125,1662651.75,1606209.875,1942835.875,1715801.875,1967325.5,1896994.25,1671767.75,1638568.75,1842746.875,1720703.625,1789340.625,1661256.25,1952739.25,1807646.0,1919253.375,1760123.625,1964216.25,1966298.25,1895944.625,1896406.25,1772383.0,1739927.0,1587773.75,1667991.875,1973601.25,1694485.5,1811227.75,1597218.375,1797024.875,1845718.5,1775958.25,1832093.625,1688217.75,1901862.5,1966431.75,1960197.375,1824113.25,1900081.375,1688205.25,1799325.0,1926413.75,1910321.5,1850609.0,2027563.125,2030018.0,1932015.125,1893673.875,1803998.625,1960251.625,1899594.625,1883232.125,1856125.625,2184001.75,2111154.75,1867595.375,1712731.5,2060869.875,2037739.25,1699846.75,1831720.5,2027751.0,1931182.5,2173328.25,2201469.75,1714667.375,1544479.875,1658436.375,1528191.125,1359734.375,1471791.125,1474957.875,1452190.25,1679722.875,1598629.125,1916356.5,1749332.375,1280749.75,1249224.75,1474497.5,1417473.25,1591120.125,1486062.875,2000420.5,1835079.0,2403593.75,2251799.75,1595756.5,1595711.0,1793858.25,2017849.75,1631931.0,1716551.0,3046692.5,3022979.25,1649430.5,1603225.25,2328674.25,2426244.0,1643450.875,1763856.625,1939895.125,1832748.25,2875376.0,2489527.75,2342651.0,2591707.75,2633453.0,2973097.25,3142739.25,3183291.75,1840429.625,2223350.5
47,2042675.375,1887355.5,1929274.375,1978706.375,2072739.875,1992009.375,1775550.625,1693739.25,1826144.0,1701430.25,2342729.0,2293420.0,2238136.5,2204470.0,2271983.0,2129808.25,1745564.375,1877979.875,2187186.5,2356720.5,1932805.75,1956718.25,1922987.0,1792307.0,1879861.375,1886161.25,1669631.125,1897835.625,1872852.75,2172787.25,1712793.875,1814236.125,1584425.125,1666694.875,1574702.625,1567565.375,1635937.125,1787044.0,1714346.0,2085262.375,1965688.375,2079885.0,1546162.25,1575241.875,1370714.125,1376867.625,1542167.5,1622804.5,1569189.0,1557314.875,1569655.875,1754187.875,1688164.625,1612776.25,1668438.25,1645345.875,1788982.0,1701376.875,1533475.625,1683351.375,1664336.5,1670567.25,1860731.25,1983021.5,1704432.125,1710007.875,1653056.5,1635167.125,1410522.125,1477609.5,1953686.875,2029488.75,1932103.75,1987566.25,1612523.5,1544410.75,1854964.25,1698571.5,1772606.125,2028545.5,1297946.875,1330479.375,1453790.875,1388035.625,1418966.5,1530369.75,1777953.75,1701899.625,1488711.0,1372201.25,1575773.75,1369585.875,1499227.875,1361471.75,1597222.125,1473075.75,1489688.125,1484544.625,1518934.125,1425651.125,1149472.5,1161644.75,1683975.375,1437321.75,1779050.625,1801864.125,1652159.75,1567988.875,1686353.375,1711017.125,1704729.375,1660885.125,2060294.625,1838437.75,1560779.5,1515617.5,1618128.0,1428854.375,2144046.5,1964828.25,1925550.625,1739513.75,2009852.75,1762403.625,1739095.125,1616788.875,1878455.75,1808371.625,1974157.125,1891695.0,1781056.625,1612015.25,2149719.25,1929090.0,1664161.375,1604963.625,1942999.125,1714841.0,1970174.0,1895266.5,1675513.125,1642963.625,1844620.25,1721641.25,1792160.375,1662577.75,1959973.875,1812107.75,1922144.25,1762907.375,1965206.375,1966426.5,1894267.125,1895611.25,1771361.875,1740357.75,1588147.875,1668158.375,1972069.375,1693172.75,1809384.25,1596475.375,1798517.875,1847554.875,1779211.75,1833450.25,1690392.875,1902984.125,1970059.25,1963997.375,1828352.5,1901033.25,1685815.0,1799687.0,1923053.375,1907907.75,1849047.625,2024437.875,2026250.375,1928160.375,1895494.0,1804501.0,1962258.0,1905098.375,1887040.25,1857512.375,2179121.75,2106789.5,1866470.25,1707390.625,2059799.875,2036864.25,1703403.75,1827307.75,2027657.875,1931497.375,2174102.75,2201271.75,1713212.875,1545679.125,1660047.5,1527338.875,1360207.875,1469696.875,1472924.5,1450846.625,1677056.25,1598025.125,1916310.0,1750306.25,1280365.625,1247583.875,1478116.75,1413792.125,1593330.625,1484621.25,2002183.75,1834592.875,2403031.25,2254079.25,1596503.625,1597334.375,1795820.375,2017347.875,1633611.25,1717277.5,3045451.25,3020900.5,1648734.75,1604327.75,2329651.25,2425420.25,1641686.875,1762831.375,1941502.75,1832287.75,2876814.25,2492104.25,2345864.25,2595338.25,2640936.75,2977646.5,3146919.25,3183194.5,1839000.75,2225652.0
48,2041289.375,1882828.375,1925226.75,1974236.375,2068845.375,1987151.75,1770460.625,1692138.125,1824058.375,1702799.5,2343241.25,2288651.25,2235965.0,2201078.25,2275605.0,2132163.0,1748097.0,1880676.0,2187517.5,2353950.75,1934449.375,1956348.625,1925279.25,1795230.75,1885871.75,1887451.5,1670346.5,1900189.625,1878916.125,2178758.25,1712936.125,1812977.0,1585937.5,1673038.875,1574825.875,1570969.0,1634867.5,1788510.5,1714007.375,2093747.375,1958395.625,2070220.0,1545033.0,1572111.625,1370269.5,1375622.875,1535538.125,1618818.125,1569397.75,1557082.125,1569784.75,1754352.375,1690717.75,1612565.875,1669646.625,1645736.5,1787365.625,1701067.25,1533460.625,1681349.125,1665968.125,1668267.25,1867036.0,1987569.125,1708752.875,1712712.25,1655461.125,1637883.625,1414813.5,1473686.125,1953218.125,2024645.5,1930282.625,1983752.125,1613178.375,1543419.625,1858571.625,1701568.75,1771092.625,2025695.625,1296953.25,1330166.75,1453148.75,1390100.0,1418614.875,1528607.125,1774263.375,1701395.625,1487745.25,1376104.75,1577345.625,1368018.375,1498180.5,1364079.875,1597987.0,1475648.375,1489426.75,1485189.25,1520633.0,1423173.125,1150600.125,1162745.5,1683146.625,1437897.75,1776544.625,1804303.875,1652452.5,1567894.625,1684446.125,1705973.125,1703097.75,1660465.5,2060424.0,1835983.25,1557937.875,1509753.5,1617103.25,1418136.625,2145093.5,1960924.875,1919408.0,1737052.75,2007337.0,1760438.625,1743427.5,1617452.5,1877772.125,1809684.75,1980113.25,1892076.125,1782955.375,1611801.625,2152708.0,1930433.625,1664839.5,1603360.5,1948987.5,1711822.375,1977088.5,1894813.5,1682742.875,1646929.125,1843529.625,1721540.125,1794150.75,1663338.5,1965955.25,1816504.5,1926571.625,1766105.375,1965574.625,1966638.0,1893922.625,1894248.25,1774094.5,1740025.5,1588618.75,1668112.875,1975253.0,1693009.0,1808811.375,1593617.375,1796706.5,1841411.375,1777623.0,1832926.0,1690888.0,1903856.0,1971044.625,1963044.25,1831452.75,1897055.625,1687090.0,1797052.125,1919520.625,1905007.75,1844914.875,2020290.375,2026842.75,1925447.625,1895334.5,1801125.75,1963512.625,1907894.75,1891478.25,1858527.375,2172429.75,2101843.0,1868816.625,1706577.625,2058595.375,2035094.25,1701820.25,1826634.875,2028158.0,1932180.5,2174038.25,2200026.75,1712198.0,1545914.625,1660361.625,1527387.5,1359579.375,1469833.75,1473164.0,1452111.375,1674726.5,1598379.375,1916082.625,1749327.125,1278423.375,1241326.875,1475743.75,1407804.5,1590924.125,1480182.75,2001512.0,1834611.375,2402257.25,2250689.75,1594760.0,1593720.75,1794046.375,2015430.25,1630577.875,1715088.125,3043219.25,3018057.75,1647662.75,1602343.25,2330032.25,2426531.25,1637090.0,1758717.875,1941962.0,1830075.875,2876975.5,2494698.75,2347870.5,2597907.0,2644359.0,2978393.25,3147718.25,3184325.75,1836225.875,2227398.25
49,2045575.5,1885478.75,1929152.125,1977817.25,2067821.125,1983474.625,1777861.25,1696934.875,1826217.375,1705760.125,2342378.75,2287748.0,2232023.0,2197620.75,2278177.0,2135858.0,1751313.75,1881714.125,2188554.25,2357402.5,1935817.5,1957015.5,1926508.125,1796788.625,1889109.5,1890860.0,1670791.875,1902081.625,1881277.25,2177743.5,1711769.625,1812021.75,1581983.125,1675320.875,1575252.75,1570311.375,1632224.625,1789950.5,1711112.125,2094140.25,1951049.5,2063135.625,1542755.75,1572279.75,1369852.75,1374377.375,1531613.125,1615013.375,1569227.875,1556414.25,1568434.375,1754762.625,1693936.125,1613005.0,1674496.125,1649444.125,1791509.25,1702331.5,1539337.875,1681555.25,1665193.0,1664193.25,1869084.625,1988641.875,1714035.125,1713445.25,1659657.125,1642329.625,1411933.375,1473788.875,1953608.375,2021971.875,1927687.125,1979750.125,1611664.0,1542011.125,1857908.375,1704233.625,1768998.5,2024578.375,1296420.125,1330511.0,1451389.5,1393594.75,1418712.125,1529001.375,1773625.25,1701533.125,1488507.5,1375226.125,1579488.375,1369762.25,1498572.5,1366725.25,1598516.125,1475151.25,1489687.0,1487202.125,1523555.5,1423334.625,1152142.75,1164181.75,1682805.0,1439224.0,1776458.75,1809927.75,1653489.75,1568383.5,1682166.0,1706520.0,1701162.25,1662437.5,2060822.875,1836609.25,1559203.25,1506085.5,1615720.25,1413329.125,2146706.5,1956277.375,1918784.25,1734770.25,2005155.5,1759063.5,1748322.125,1622205.0,1876876.375,1810274.75,1982907.875,1894423.0,1787533.125,1615069.25,2154826.25,1931585.125,1665480.375,1600886.875,1950330.25,1707254.875,1979203.375,1895332.875,1682267.25,1645005.125,1840479.875,1719802.625,1794359.875,1663658.75,1968420.75,1819777.25,1931682.375,1770018.375,1965994.75,1968318.0,1894117.375,1893671.5,1777173.875,1740480.625,1589781.0,1667095.5,1979359.125,1695515.0,1813513.0,1596477.125,1795624.25,1836733.75,1773492.5,1833352.375,1690607.625,1904940.5,1972520.75,1962493.75,1832824.25,1894505.875,1690483.375,1794021.625,1916051.75,1901425.625,1837060.5,2015878.625,2025388.625,1923873.0,1893322.125,1797332.125,1961503.75,1903672.75,1888817.625,1855778.875,2166103.75,2097779.25,1869393.875,1707502.75,2059923.625,2036246.25,1696046.625,1829993.25,2030473.75,1933213.25,2175176.25,2202102.25,1713702.25,1546024.875,1660984.75,1526696.5,1357222.125,1469781.0,1475426.375,1453891.125,1676484.0,1599933.125,1917366.625,1747893.375,1275992.625,1235522.25,1472274.875,1405481.0,1588490.375,1475811.625,2000872.875,1835291.125,2400385.75,2244730.0,1593958.875,1588528.75,1788525.375,2011130.75,1625572.25,1711995.375,3045261.75,3017969.5,1646954.75,1599126.75,2330768.25,2428194.0,1638171.0,1752051.75,1941223.375,1827162.25,2878036.5,2495614.5,2347206.5,2598601.0,2641225.25,2976136.75,3146272.75,3187010.5,1835059.875,2226580.5
50,2049891.375,1893230.875,1934126.625,1982208.0,2063591.25,1979562.0,1788155.375,1702528.625,1828983.125,1708428.75,2337103.75,2287791.75,2228237.0,2194863.75,2276242.0,2137241.25,1750122.75,1879727.125,2183632.25,2356129.75,1933270.375,1954294.125,1925234.5,1794991.5,1886331.25,1891021.875,1670452.25,1899476.75,1877811.5,2176425.25,1710556.625,1814996.5,1582812.25,1674321.625,1576306.75,1571767.5,1632540.125,1791097.125,1710820.125,2090806.5,1950736.75,2064347.75,1542490.875,1576032.875,1370467.5,1375480.375,1534615.375,1615436.125,1568874.625,1556117.125,1569299.625,1757115.5,1694023.875,1614434.375,1676709.375,1651139.875,1795068.625,1704683.5,1546036.875,1684945.25,1666007.75,1665569.25,1866426.875,1986683.625,1716620.0,1713228.375,1659213.0,1642233.875,1406268.75,1472490.75,1958571.75,2025399.5,1929875.625,1979997.625,1613662.0,1542067.625,1855573.375,1700321.75,1770188.75,2020564.625,1295366.875,1330236.375,1451498.375,1391356.625,1422075.75,1527990.875,1775806.625,1699195.5,1489974.875,1371150.5,1580817.5,1371948.75,1498668.875,1365664.875,1597882.25,1473332.25,1492709.875,1489041.875,1523042.25,1423842.0,1151609.625,1163877.0,1683721.125,1438673.75,1779491.875,1807770.0,1654993.25,1568548.125,1681728.125,1711431.375,1701057.125,1663556.0,2061495.75,1837587.5,1560733.125,1505782.375,1613778.125,1414572.125,2148649.25,1956370.875,1922141.375,1734638.0,2004733.5,1760682.5,1748840.875,1627066.25,1877579.75,1812189.875,1980913.75,1897909.625,1789022.25,1618480.25,2153455.75,1931583.375,1666715.375,1601796.75,1944041.5,1706404.0,1976126.75,1895485.625,1678459.875,1644614.375,1839704.75,1720030.0,1796120.25,1665042.25,1968635.25,1820349.75,1933912.625,1772858.625,1966910.0,1970397.125,1892530.125,1893314.5,1776416.75,1741498.625,1590396.375,1667230.5,1978858.375,1696533.25,1817147.75,1601094.25,1798313.5,1839222.5,1775106.625,1835743.75,1692672.75,1905599.625,1973876.625,1963593.5,1831164.875,1896380.875,1691496.0,1794547.25,1914268.25,1899419.75,1833711.0,2016425.75,2023272.125,1925290.875,1893218.5,1798099.75,1959126.75,1901634.25,1883643.875,1852938.75,2165495.75,2099574.0,1868200.875,1709417.5,2064071.0,2040854.125,1700612.625,1836686.875,2030720.375,1932812.75,2177975.75,2204925.75,1714926.75,1546110.375,1663204.375,1526103.125,1357559.5,1469485.0,1477339.875,1453138.125,1677210.125,1602149.875,1918441.5,1750163.875,1276211.75,1237993.75,1472228.875,1409827.875,1589170.875,1477254.5,2000673.875,1835394.75,2398473.0,2242459.75,1595067.375,1589789.875,1787249.875,2010192.75,1625314.25,1711313.125,3044601.0,3015906.0,1647098.0,1599201.875,2330394.25,2428967.0,1643090.125,1751511.25,1942014.875,1827689.0,2877866.5,2492631.25,2346037.5,2597499.75,2637305.0,2974377.25,3143111.75,3186279.75,1838534.375,2225184.25
51,2051593.125,1899379.75,1937288.125,1985045.75,2062722.75,1980195.5,1788338.625,1703309.0,1826632.375,1706588.75,2332778.0,2288386.0,2230392.25,2195247.5,2274272.5,2138070.5,1748536.625,1875878.25,2178753.75,2353500.5,1931005.625,1953148.125,1924213.75,1792880.375,1881102.25,1889053.875,1670702.5,1898704.0,1878046.625,2177546.0,1709487.5,1817379.875,1585836.25,1675141.5,1577726.625,1573987.375,1635034.0,1791630.0,1713537.0,2091449.625,1954407.875,2069818.125,1544203.625,1577565.25,1371464.875,1378381.125,1536185.875,1616534.875,1570054.875,1557392.625,1573201.0,1759140.375,1691965.5,1613362.375,1675002.25,1648732.125,1795802.25,1705429.625,1546408.5,1684529.5,1668432.5,1667227.0,1865424.5,1984517.125,1711775.5,1711383.0,1654294.0,1637460.125,1399245.875,1469886.0,1959831.25,2026849.375,1930788.375,1981781.375,1615820.0,1544626.625,1846274.25,1693886.625,1771182.375,2022984.125,1292914.0,1329552.75,1451161.75,1387169.25,1423763.0,1527508.875,1776170.125,1696956.25,1492512.375,1370700.5,1582676.875,1371390.375,1501412.0,1362490.875,1598077.75,1471968.625,1495336.0,1488469.0,1522516.75,1423278.375,1151743.875,1162538.75,1683721.5,1438313.75,1778370.25,1805120.0,1656399.25,1567294.0,1681826.75,1712887.0,1700938.875,1665215.875,2060628.0,1837830.75,1562002.0,1507371.625,1611382.375,1421868.0,2145301.25,1958945.5,1920609.0,1738351.75,1999539.25,1764040.25,1747913.375,1625578.125,1880892.25,1811783.375,1978971.75,1900102.125,1785977.75,1619776.125,2152004.25,1928098.125,1662287.375,1604953.5,1938566.625,1707875.625,1974584.125,1896946.0,1677281.75,1645038.625,1838805.5,1720691.0,1797374.25,1665184.25,1964953.25,1816448.875,1930155.0,1770634.375,1964472.625,1967656.25,1888763.125,1890354.875,1775065.25,1740892.75,1588069.75,1668855.0,1978715.875,1695296.0,1819044.75,1599461.875,1797998.125,1841225.5,1778605.75,1834649.875,1695304.75,1903357.875,1970260.25,1961408.0,1826309.625,1897026.5,1689864.25,1796859.875,1913091.125,1897090.375,1837764.5,2022658.75,2026750.625,1929465.625,1893061.125,1798648.375,1958529.5,1903058.0,1882845.375,1854041.125,2171967.25,2104585.0,1870155.75,1714450.875,2065352.75,2041700.625,1707820.125,1839461.0,2025877.375,1930084.0,2177150.0,2201238.5,1711778.0,1543189.25,1661410.75,1526995.875,1357753.75,1468371.875,1478086.625,1452005.75,1675102.375,1600702.875,1915236.0,1750932.875,1277824.125,1243212.0,1472853.875,1415253.0,1590265.0,1481467.5,2000518.0,1834690.375,2398546.0,2245786.25,1594233.625,1594637.125,1788371.625,2015667.5,1627658.5,1713081.5,3044062.25,3014292.25,1646792.25,1601533.625,2328405.5,2429372.25,1643343.5,1759416.0,1943622.625,1831498.75,2874901.25,2488334.25,2346213.75,2594955.0,2636000.5,2970534.5,3138776.25,3181396.5,1842952.125,2226348.0
52,2049467.375,1895899.875,1937299.75,1985412.625,2071876.25,1988420.75,1784296.25,1701254.625,1823521.125,1701256.125,2337201.0,2290671.5,2236859.75,2198819.75,2277973.5,2138458.25,1749438.5,1873316.75,2180753.5,2355411.25,1932159.75,1954651.0,1924847.25,1792563.375,1881641.375,1888084.5,1672144.5,1902364.125,1880942.75,2176401.5,1708446.875,1815065.0,1586952.375,1676226.375,1579220.0,1573839.5,1634785.875,1791379.875,1716481.625,2092098.5,1956671.5,2071197.875,1545587.125,1575971.5,1370941.25,1379163.0,1533313.5,1615876.125,1570254.625,1557624.875,1576616.25,1757995.125,1689636.5,1609812.75,1672923.875,1645982.125,1794646.75,1702933.0,1541226.5,1679197.125,1667510.5,1664736.375,1866961.375,1983250.25,1704683.5,1708174.625,1649558.5,1633569.875,1395736.375,1473024.625,1956618.5,2026001.75,1928933.375,1982121.625,1615152.0,1546572.5,1841549.875,1694594.875,1771017.375,2030628.375,1293489.5,1330510.0,1448963.875,1388694.625,1422009.375,1529593.5,1774712.75,1699019.0,1494901.75,1373463.125,1583891.375,1371268.75,1504549.0,1362914.625,1598198.0,1472380.125,1494840.375,1487407.0,1522692.75,1425362.625,1153549.75,1164281.25,1682520.75,1440809.375,1775852.375,1807472.625,1656510.875,1567836.5,1678310.75,1710993.125,1699318.25,1667029.25,2057747.375,1840139.625,1562046.375,1511376.375,1611010.75,1430361.625,2139864.0,1960562.5,1919709.125,1740673.625,1999524.125,1763775.0,1748760.875,1621245.125,1880673.75,1807836.0,1978616.625,1898910.625,1784291.75,1617786.25,2149889.0,1924466.0,1657186.125,1604604.75,1937629.0,1705890.875,1975213.75,1896758.375,1677397.25,1642860.75,1838294.5,1720219.375,1796823.75,1664338.75,1960630.625,1812360.0,1924984.125,1765946.625,1960503.5,1963040.5,1886780.125,1888112.125,1774312.75,1738063.25,1585543.625,1667492.25,1979470.75,1693268.625,1819293.75,1594279.375,1795343.625,1839097.0,1776431.5,1830498.0,1694234.625,1900418.125,1968043.875,1960357.125,1825134.5,1894582.625,1690962.75,1796844.0,1911382.125,1894544.0,1843384.375,2025984.25,2030784.375,1930908.875,1890677.625,1796894.0,1959280.875,1901603.875,1884381.625,1855198.125,2176095.25,2105623.0,1873542.5,1718605.375,2061340.0,2036975.125,1708983.5,1835335.75,2023314.375,1927486.375,2171579.75,2196248.25,1708672.75,1540813.75,1656989.625,1528058.75,1360092.625,1470772.25,1480663.25,1453547.375,1674318.375,1594966.375,1911024.25,1748161.125,1277909.375,1244094.875,1471730.875,1416002.25,1589807.375,1481976.25,2000205.5,1834828.125,2397138.5,2247746.25,1592307.5,1595490.75,1785415.5,2018629.875,1627959.0,1714232.375,3046167.5,3016731.75,1646402.375,1602083.0,2324965.5,2427649.0,1639109.5,1764505.875,1945167.25,1832600.5,2871863.25,2486345.75,2346956.5,2593021.5,2635527.75,2966461.5,3137622.25,3178524.5,1841707.625,2227160.0
53,2045641.375,1886721.875,1933191.625,1982334.375,2081431.75,1997497.625,1780874.75,1697384.25,1824152.125,1698329.875,2345892.75,2292369.0,2241417.25,2204598.0,2282952.0,2137142.0,1749440.625,1874295.875,2184901.75,2356658.25,1933584.875,1955501.0,1924320.875,1793110.125,1885787.5,1886558.5,1672648.625,1905707.25,1878391.875,2175424.75,1707294.25,1814047.0,1587645.375,1675639.625,1578895.875,1573458.125,1631937.75,1792628.0,1716720.0,2092126.5,1958824.625,2069336.0,1546339.625,1575403.625,1369122.75,1376190.625,1532965.125,1616557.5,1567675.25,1555021.75,1575862.25,1756697.75,1688400.125,1609064.125,1671917.75,1645219.75,1791388.625,1698863.625,1533859.375,1675459.875,1665739.875,1664627.375,1867555.75,1984338.125,1703440.0,1707131.75,1648011.5,1632564.625,1400375.375,1476563.875,1958385.875,2027249.0,1931024.0,1982251.25,1616681.75,1546270.125,1850314.25,1699133.375,1771042.625,2029954.875,1298285.25,1332945.25,1447117.75,1390529.375,1421934.625,1531520.125,1774268.125,1702789.5,1492649.5,1375341.75,1581528.5,1372554.625,1501418.5,1365709.25,1597454.875,1474526.0,1492367.5,1488352.5,1521830.625,1429725.125,1152446.25,1167907.75,1680762.875,1442004.75,1777864.25,1806861.375,1654715.125,1570169.625,1672490.875,1708070.5,1697305.375,1664435.875,2054261.125,1839601.875,1555465.25,1511303.0,1611299.375,1427636.5,2139676.75,1959982.25,1925182.0,1738486.75,2010731.625,1760471.125,1745424.875,1619142.5,1875732.125,1805984.25,1977761.75,1895566.25,1783706.75,1611809.0,2145128.25,1926412.875,1660186.25,1601978.5,1937708.375,1702874.875,1974196.5,1893617.125,1678324.0,1643476.25,1839331.75,1720610.875,1797509.5,1664801.75,1959692.0,1812382.875,1923785.25,1765271.5,1960782.0,1962907.625,1888015.875,1890070.125,1773348.75,1735781.875,1586781.5,1663685.5,1976819.875,1690861.25,1814537.25,1592935.875,1796611.75,1839063.25,1773036.375,1831001.5,1691482.125,1902333.5,1975482.0,1964865.125,1829568.0,1895221.875,1697268.875,1797460.25,1912007.625,1896909.625,1845854.875,2022827.875,2030714.75,1929508.5,1889763.625,1797359.875,1960127.125,1899580.375,1884972.0,1854299.75,2173805.25,2105251.0,1873674.25,1716983.875,2057973.25,2034417.125,1711012.375,1832819.5,2025969.75,1927111.125,2168579.75,2197161.75,1710890.375,1543673.125,1658584.625,1528298.625,1367011.25,1478227.75,1483180.625,1455490.75,1674501.125,1592867.375,1912194.0,1747948.125,1276531.0,1243855.875,1469098.75,1412247.5,1587963.875,1480097.5,1998673.0,1835673.0,2393429.0,2245255.5,1593515.125,1592809.25,1782609.25,2014607.0,1627451.75,1713771.375,3044481.5,3018632.25,1646834.375,1601317.875,2324615.75,2425378.0,1638130.125,1762132.25,1944444.0,1830563.75,2872154.0,2487992.5,2345993.5,2592438.75,2634622.75,2968701.5,3140963.75,3181093.5,1838149.625,2225582.0
54,2047659.875,1886699.25,1932797.375,1982188.875,2079984.375,1998516.5,1779482.75,1695217.75,1826350.5,1700194.625,2346797.5,2292950.0,2242946.75,2208876.5,2280564.25,2135922.75,1748487.875,1877130.375,2188314.5,2357757.0,1933576.25,1957014.5,1922325.625,1793535.25,1884810.625,1886450.375,1672530.5,1906991.25,1875887.625,2177460.5,1707403.875,1817468.875,1585471.5,1674288.875,1576977.25,1572775.5,1631181.25,1794858.75,1713750.375,2094741.25,1960919.0,2071010.125,1546007.75,1577961.5,1368358.875,1373967.375,1538154.75,1620275.0,1566774.0,1554249.625,1572811.125,1758011.5,1688667.875,1610723.375,1672743.5,1646307.125,1790262.375,1697134.0,1529591.0,1675997.375,1666347.0,1666965.75,1866499.5,1986426.25,1705345.5,1707937.25,1650651.375,1633759.0,1405706.625,1474969.375,1961349.0,2027307.625,1933670.0,1982976.75,1618434.0,1545516.0,1857610.625,1700072.5,1770214.5,2025824.5,1301353.0,1333069.625,1447554.375,1388005.125,1423535.75,1532345.75,1775920.125,1703546.75,1488625.0,1375172.0,1577308.25,1371465.25,1497341.125,1365756.25,1598721.75,1475905.75,1489371.875,1488841.625,1522270.125,1430187.375,1150578.75,1168163.75,1679479.0,1438989.25,1779295.5,1804162.25,1653363.625,1569462.875,1673013.875,1705677.125,1697064.0,1660413.5,2053227.5,1835261.875,1550223.875,1507984.5,1610533.75,1418339.125,2141407.25,1957182.0,1927926.125,1735939.375,2015245.625,1759100.5,1738468.75,1617815.375,1875129.875,1807559.625,1976847.625,1894056.125,1780956.875,1608645.625,2143875.25,1930035.5,1663827.75,1602818.875,1938780.375,1705946.5,1972589.375,1892965.0,1679456.0,1645366.125,1839750.25,1721266.625,1797475.125,1665141.25,1959193.75,1812802.375,1924170.625,1765959.0,1963010.25,1965066.625,1890482.375,1892257.125,1772741.25,1735150.125,1587992.375,1663288.375,1974359.5,1690680.0,1809109.625,1594432.375,1798939.625,1841491.75,1773275.125,1836849.375,1691172.0,1907089.625,1980637.875,1967313.5,1830427.375,1898700.625,1699845.125,1799475.125,1916900.25,1902103.375,1844940.75,2021100.25,2030362.125,1929591.125,1891787.625,1799228.625,1959619.0,1901613.625,1884820.0,1854770.625,2173701.5,2108535.25,1871339.125,1713051.125,2058358.875,2035856.125,1710641.125,1833879.0,2026120.25,1928450.375,2170129.25,2198970.5,1713279.75,1546484.5,1662039.75,1527918.75,1368199.875,1480477.25,1480328.75,1454795.0,1673973.375,1596374.5,1915764.625,1750452.75,1275899.125,1244624.0,1467052.25,1409835.875,1586854.0,1480745.875,1998158.625,1835663.75,2394567.25,2244436.5,1595500.625,1592460.5,1787093.125,2010370.75,1628396.0,1714154.0,3041590.5,3017456.75,1647338.125,1602033.0,2329057.25,2425747.75,1641693.25,1760383.25,1941225.25,1829821.5,2874269.5,2490863.25,2343566.0,2592390.5,2634145.5,2972972.75,3142320.25,3184034.0,1839875.25,2224583.0
55,2052017.0,1893354.25,1939468.875,1986048.375,2078261.5,1997599.75,1777646.75,1694506.5,1826753.125,1701605.625,2344879.5,2295450.0,2246177.0,2211602.5,2275691.5,2134173.25,1749291.875,1878686.75,2192767.75,2360180.0,1932773.0,1957960.5,1924726.875,1792670.75,1880834.75,1888081.25,1673200.375,1905545.125,1880227.625,2180308.5,1709410.75,1818418.875,1582394.375,1671064.375,1576339.125,1569002.875,1633830.25,1794198.25,1713937.875,2093196.25,1964806.5,2076655.0,1544794.5,1579821.125,1368934.625,1375717.0,1545262.625,1624556.5,1568768.0,1556739.5,1571686.375,1758563.0,1688019.125,1610129.0,1672692.5,1646818.125,1789262.5,1697940.25,1528815.75,1676999.125,1665666.75,1665760.125,1865632.75,1985076.625,1705093.125,1706690.25,1654139.0,1635043.875,1405465.0,1475977.75,1955542.625,2023676.5,1930487.5,1981214.25,1611820.5,1541503.375,1853066.0,1696054.375,1766433.375,2025007.875,1300686.75,1330071.75,1450816.625,1386945.375,1421949.75,1532697.25,1776665.125,1700743.625,1488949.0,1373967.75,1574638.75,1370040.875,1500115.25,1365244.75,1601830.75,1475963.25,1486207.625,1487381.125,1523360.0,1427195.0,1152220.375,1166312.375,1681126.125,1436926.125,1777995.75,1804906.125,1653556.625,1567190.125,1680590.125,1706412.0,1699237.0,1661155.25,2056607.125,1834431.5,1554476.0,1510561.5,1611410.75,1417141.5,2141775.75,1955675.125,1925041.25,1733806.375,2008243.0,1757891.375,1735208.375,1615999.0,1875893.5,1807874.375,1975472.875,1891695.625,1778463.625,1609801.25,2146324.75,1930659.375,1661386.0,1607676.75,1942854.375,1713592.5,1971114.75,1892031.375,1679739.625,1641949.0,1842553.125,1722198.875,1792970.125,1662285.75,1958284.375,1811178.75,1922290.75,1762308.875,1963831.75,1965965.375,1896315.5,1894729.75,1771006.375,1734257.0,1585815.25,1665451.625,1972603.625,1691498.625,1806917.375,1593245.75,1798025.0,1840900.75,1774484.375,1839722.375,1690483.5,1907324.125,1972417.375,1962765.375,1824216.5,1899030.625,1692445.125,1797537.625,1923809.625,1905428.375,1845249.875,2023847.625,2032663.5,1931260.0,1894803.625,1800817.25,1959470.875,1903759.125,1884100.0,1855545.375,2179992.5,2113743.75,1869810.5,1713224.125,2059399.375,2038126.25,1706427.375,1833531.75,2025241.75,1930424.25,2171363.25,2198984.0,1711400.875,1545658.375,1659924.5,1527334.875,1363936.875,1476322.375,1477096.375,1453362.375,1674197.375,1598207.375,1915096.25,1750877.375,1276911.625,1245395.125,1469003.0,1412978.25,1588308.75,1483919.625,2000012.75,1834343.5,2401590.75,2246331.5,1594874.625,1594812.625,1795329.25,2010557.625,1629936.625,1715262.875,3039888.5,3015078.25,1647481.75,1602642.75,2330982.5,2426661.5,1643654.0,1762605.0,1940182.375,1830432.375,2873297.75,2491707.75,2341091.0,2591468.5,2633530.25,2971883.75,3138371.0,3181601.75,1843514.125,2224033.25
56,2051562.5,1895093.5,1942644.625,1987241.625,2082593.625,2001190.25,1772522.25,1691126.875,1826036.5,1699917.5,2347450.25,2297963.25,2249361.5,2214486.0,2278302.25,2133805.5,1750883.75,1877837.5,2196007.75,2360568.75,1932303.25,1956195.25,1930305.125,1790844.75,1879545.0,1887308.125,1673895.125,1901262.5,1885757.625,2183185.75,1709920.375,1813952.25,1582776.75,1668494.0,1576281.625,1565525.5,1636248.25,1792848.25,1718014.0,2089179.75,1968423.25,2078241.5,1543650.5,1576249.125,1369249.75,1377083.5,1546098.25,1624089.75,1567897.625,1556301.625,1572155.0,1756209.875,1686430.875,1609257.25,1669319.25,1645861.0,1785084.625,1698660.875,1526841.375,1675277.375,1664184.625,1663752.125,1866661.125,1981833.0,1703410.75,1704410.375,1653960.5,1633847.0,1403501.0,1479651.0,1948193.625,2021737.0,1927097.5,1978635.125,1603385.125,1537210.375,1844535.125,1691160.125,1762488.75,2024834.5,1299598.0,1328782.75,1453471.625,1388859.5,1418947.75,1532231.125,1774493.25,1698482.0,1490567.5,1374012.625,1575006.5,1370119.0,1503264.0,1365924.875,1603436.0,1476176.625,1485422.25,1485151.625,1522630.125,1426448.375,1153270.125,1166289.75,1683039.75,1437804.0,1777851.75,1806005.0,1653783.5,1566982.5,1683967.75,1707595.75,1700634.125,1663065.625,2058847.125,1837257.75,1557309.25,1513637.875,1613269.75,1421914.375,2139678.75,1957321.375,1921927.125,1731627.75,2004334.125,1755650.625,1735337.0,1614658.75,1872273.125,1805766.625,1972823.625,1885979.625,1777703.25,1608991.75,2146054.25,1929135.125,1658160.125,1611283.25,1943969.5,1715619.125,1969258.75,1887257.625,1678188.5,1637241.25,1845727.0,1724001.75,1788417.0,1658860.0,1960963.875,1811300.125,1920394.625,1759093.875,1964942.25,1966542.25,1902235.0,1898713.0,1769164.5,1733457.125,1584263.375,1667154.0,1968756.875,1690133.375,1805205.25,1589623.25,1795910.5,1838343.25,1775273.625,1836343.0,1689016.75,1905104.0,1962583.75,1958694.5,1818727.125,1897399.875,1684671.625,1795342.25,1926984.25,1906890.375,1848646.25,2025206.625,2035756.875,1933589.625,1896352.375,1802379.25,1962681.125,1902888.5,1883421.0,1854297.125,2183130.0,2114907.25,1870748.25,1717239.125,2060754.75,2041646.25,1705899.125,1834562.25,2028292.375,1932346.75,2172274.25,2200666.25,1709603.125,1545549.375,1656997.375,1527550.125,1365105.875,1476378.625,1479275.0,1453441.875,1675535.75,1597146.625,1911334.875,1749191.625,1278022.625,1246826.0,1471747.5,1417645.0,1588415.25,1485214.875,2000244.125,1832787.625,2403657.75,2246678.75,1594456.125,1595968.25,1796853.25,2011613.625,1630857.0,1715021.0,3038229.75,3013806.5,1647159.25,1601324.125,2329082.75,2427081.0,1642751.5,1764369.375,1940479.625,1831311.75,2872091.75,2493346.75,2339149.0,2589120.5,2632640.25,2968621.25,3137765.75,3179911.75,1842616.0,2222937.25
57,2049974.375,1893154.625,1937786.625,1984202.875,2078769.0,1999296.125,1771755.375,1690873.0,1826580.625,1698425.0,2344799.5,2294885.5,2244403.75,2211246.0,2282586.0,2137276.75,1750375.375,1875120.0,2193113.75,2358597.0,1932801.5,1954787.0,1930396.0,1789897.0,1879544.125,1886073.375,1673556.25,1898031.0,1886800.0,2184311.75,1707833.25,1811143.125,1583661.625,1670180.5,1575450.375,1566877.625,1637091.0,1793746.625,1718260.0,2092061.625,1963438.375,2072509.25,1543194.375,1571710.375,1369308.125,1375554.625,1540027.5,1618928.375,1565569.0,1553486.5,1572384.375,1755563.25,1685455.125,1609962.25,1667424.5,1645443.5,1784668.25,1699004.875,1526037.375,1673461.375,1665287.375,1664550.75,1867912.25,1981275.625,1702044.0,1704859.0,1651067.5,1631246.375,1402628.875,1478340.5,1949120.875,2024350.25,1929005.75,1981398.375,1606605.0,1542340.875,1843379.25,1693665.0,1765121.25,2028953.875,1300518.5,1330739.5,1452560.125,1389332.0,1421070.875,1531963.5,1774493.375,1700771.5,1490308.5,1376357.25,1578261.25,1368869.125,1500335.125,1363561.875,1601896.75,1476497.375,1489868.875,1483637.625,1523601.5,1426578.875,1152655.625,1166130.125,1681844.625,1437285.5,1779473.0,1804199.375,1654200.875,1566974.0,1680307.25,1706785.5,1699872.75,1661487.625,2057252.625,1839975.0,1554642.125,1512159.0,1612715.75,1426140.625,2136677.75,1959465.75,1921319.0,1732742.375,2007560.375,1756494.0,1735745.25,1613441.375,1871531.875,1805043.125,1971190.25,1884098.625,1777310.375,1608415.25,2144512.75,1925767.125,1658361.625,1610261.375,1939838.125,1709988.0,1969320.0,1885916.375,1674970.375,1637780.375,1843753.0,1724406.25,1788469.125,1659262.5,1965466.875,1812677.5,1920875.625,1760660.5,1966597.625,1967527.25,1899860.875,1898349.625,1768996.0,1733604.125,1585307.875,1668216.5,1967200.5,1688800.0,1804543.75,1588388.5,1795692.0,1838580.625,1777262.0,1834052.5,1691912.375,1906254.25,1962542.875,1961776.0,1819188.125,1896440.125,1684035.75,1797873.5,1923577.75,1905012.0,1850465.25,2025366.0,2033636.0,1934156.5,1895679.125,1802536.75,1965240.625,1902279.875,1884283.625,1854202.25,2177720.5,2109812.75,1873018.625,1718770.625,2062397.625,2043554.625,1708339.125,1837461.75,2031234.375,1932470.375,2174791.5,2202612.5,1710146.25,1545893.125,1657542.625,1528598.125,1368325.125,1479261.375,1481080.0,1453926.5,1676703.0,1595109.375,1908888.25,1748220.875,1278355.375,1248617.375,1470613.625,1419641.75,1585969.625,1484271.375,1998990.75,1833430.875,2398492.75,2247085.25,1595602.25,1596541.625,1790779.375,2011829.125,1630948.0,1714947.375,3040558.75,3016201.0,1646834.625,1601085.5,2329317.5,2427319.25,1641990.75,1764907.0,1939992.25,1832770.25,2875544.5,2496567.0,2339703.25,2588298.75,2634143.0,2968401.25,3144174.25,3185180.25,1840909.625,2222857.75
58,2050056.625,1892071.875,1935323.75,1983064.875,2072364.875,1993241.25,1776800.375,1695353.0,1826806.0,1697366.25,2337832.5,2290221.0,2237486.5,2204528.75,2279421.0,2138351.5,1748991.0,1873215.75,2187734.5,2357284.0,1933277.375,1955717.125,1927057.5,1789767.375,1880337.5,1886519.875,1673573.25,1899495.125,1884557.75,2180930.0,1706131.625,1813906.25,1581087.625,1672727.125,1575148.875,1567945.625,1636457.75,1793088.25,1714812.375,2095555.125,1956142.375,2069400.625,1544373.25,1572500.125,1369658.75,1375176.625,1537222.625,1617359.5,1567368.125,1554793.0,1572532.5,1757561.75,1684927.125,1609469.5,1669106.5,1644870.875,1788341.0,1698662.5,1528595.25,1673992.5,1666489.625,1664235.875,1866294.625,1981452.375,1701256.75,1706767.625,1650125.5,1630060.125,1403983.875,1476034.125,1951585.25,2024907.5,1931079.0,1985067.625,1613552.625,1549258.875,1850076.875,1701140.125,1770405.875,2034873.625,1301287.375,1331663.875,1450521.875,1388110.375,1424415.0,1533347.625,1776687.25,1703864.375,1490968.375,1377423.125,1580662.125,1369266.75,1498502.125,1360606.25,1599859.25,1475573.0,1493550.0,1485668.375,1527682.25,1425134.875,1154424.625,1164381.625,1680963.25,1436789.25,1779315.25,1805067.5,1654914.375,1566706.75,1677969.25,1707306.875,1699066.875,1660436.5,2057502.0,1841848.5,1554889.5,1512727.0,1610684.875,1430794.25,2137677.5,1960282.875,1923303.625,1736833.25,2008680.375,1759711.5,1736257.25,1612299.625,1874724.125,1806043.0,1971841.25,1888351.25,1777572.0,1610567.75,2144661.0,1923331.75,1658991.875,1607690.0,1939453.375,1707086.375,1970383.5,1889783.375,1673515.25,1639427.5,1840716.875,1722945.75,1789905.75,1660531.375,1964359.375,1811687.5,1921648.625,1762677.0,1967233.75,1968678.5,1894548.125,1895303.5,1768837.375,1733733.75,1585715.5,1667126.0,1969019.125,1689043.0,1805711.625,1589902.875,1797010.75,1839743.0,1777852.125,1836408.75,1695072.0,1907968.0,1966823.5,1965642.625,1822390.5,1895306.5,1686723.75,1799280.125,1919592.875,1901458.375,1848849.25,2027095.375,2028278.5,1931152.875,1895155.875,1801327.25,1961701.625,1901244.0,1885473.375,1855905.75,2173456.75,2105431.25,1873898.75,1717063.25,2061374.5,2040670.625,1711415.125,1837807.625,2029441.125,1931406.0,2175958.0,2202362.5,1710522.25,1543221.0,1657656.875,1528518.625,1367655.875,1479063.0,1480053.875,1454181.875,1676877.625,1592311.625,1908752.875,1748292.875,1277526.125,1248140.875,1468147.625,1418312.0,1585416.0,1484441.875,1999124.5,1836054.0,2397510.0,2248795.0,1596031.125,1596923.875,1786882.5,2013700.875,1630402.75,1715724.625,3045642.5,3020034.5,1647269.125,1602761.25,2331083.75,2427577.75,1641686.875,1765973.0,1941032.75,1833087.375,2877896.0,2495772.5,2342881.25,2591133.5,2635716.25,2969993.25,3147603.75,3189763.25,1842767.625,2225118.25
59,2050752.625,1892995.5,1939053.625,1987104.0,2078130.0,1996518.25,1777367.0,1694549.875,1823425.5,1696376.625,2339167.25,2291816.75,2239490.0,2205392.5,2275928.75,2136394.5,1749030.875,1875603.5,2189977.5,2360477.0,1934641.0,1957608.5,1927781.625,1790996.125,1883240.75,1886275.25,1675109.5,1904039.75,1882633.25,2177845.0,1707237.5,1816534.125,1579181.75,1674034.125,1574671.5,1565647.125,1633382.75,1791292.0,1712823.125,2093710.125,1956873.0,2073605.25,1545644.5,1574546.25,1369929.25,1376556.25,1537773.75,1620072.0,1568126.25,1556527.75,1571485.5,1756742.0,1686166.75,1609103.0,1669856.5,1644110.75,1788659.0,1696988.0,1527736.875,1673698.0,1664823.75,1662022.25,1863059.375,1981598.5,1701200.875,1706613.375,1651243.5,1630157.0,1404837.375,1477101.375,1949779.5,2021233.0,1928148.0,1981140.0,1610419.75,1544459.625,1848527.875,1700250.125,1766765.375,2032688.875,1297670.125,1330798.25,1448176.125,1388245.75,1421848.75,1535805.875,1773731.5,1703164.125,1491952.75,1376083.25,1579558.0,1372463.0,1501527.5,1362173.75,1601760.25,1474614.625,1490699.375,1490042.75,1528650.25,1425870.5,1156262.875,1164578.25,1681162.875,1439599.25,1776180.75,1812642.5,1654392.5,1567642.25,1677625.25,1708393.875,1698527.375,1662312.5,2059258.0,1840197.625,1556720.375,1513481.875,1610244.75,1434265.625,2139545.75,1959353.375,1923526.625,1740396.0,2002994.25,1761278.625,1736923.5,1612547.75,1875069.0,1806124.75,1973309.625,1892108.125,1778447.375,1610575.875,2146039.25,1926057.25,1659004.0,1607593.25,1944088.25,1711437.75,1970626.0,1892598.0,1674985.875,1637793.75,1839938.125,1721903.125,1789893.875,1660044.75,1958966.75,1811106.625,1921200.25,1762383.5,1965829.5,1969191.875,1895340.375,1896527.0,1769814.75,1734925.75,1584796.5,1665469.5,1971056.875,1690145.625,1806864.375,1590291.875,1797172.25,1838881.25,1774405.125,1835484.25,1690993.125,1906383.0,1967095.875,1962751.5,1824671.375,1894353.375,1689804.25,1797124.375,1919508.0,1901441.0,1846243.375,2025920.75,2028358.375,1929236.125,1894235.625,1799346.875,1957153.5,1898263.875,1884272.375,1855427.75,2174634.0,2105932.75,1873636.625,1717512.5,2059848.25,2038420.75,1713512.625,1837651.875,2025576.125,1932322.375,2174341.75,2201521.25,1711734.25,1542119.75,1656731.125,1528361.125,1367104.375,1479103.375,1480874.875,1455012.375,1676066.375,1593775.375,1910891.75,1748472.75,1276887.75,1244618.25,1469228.125,1414695.125,1587331.375,1484504.375,1998247.125,1836775.0,2400489.5,2247980.75,1595364.25,1595988.25,1788558.5,2013997.875,1629802.875,1715495.875,3046377.75,3019614.0,1647089.25,1603381.625,2329239.75,2429069.0,1641602.5,1766899.125,1942136.875,1832241.375,2873128.75,2490551.25,2343556.75,2593705.25,2631569.25,2969173.75,3141688.25,3186082.25,1844642.375,2228992.5
60,2051060.375,1894026.0,1939496.125,1990398.5,2080800.375,2001506.875,1772820.25,1690871.75,1818846.5,1697672.625,2343739.75,2295917.25,2242681.5,2208249.75,2277785.5,2137934.75,1748462.5,1880479.375,2194827.75,2365342.5,1937086.5,1959257.0,1930224.0,1794861.75,1884149.75,1887218.125,1674789.0,1905928.375,1881936.875,2181382.75,1711610.75,1817178.625,1580677.375,1674430.125,1573931.125,1565187.5,1631452.5,1792494.5,1711469.25,2090307.75,1961027.75,2077399.0,1545270.5,1574600.625,1370659.125,1377264.625,1538417.625,1621490.0,1566446.875,1555721.625,1568173.0,1754108.25,1687942.875,1610847.0,1669393.125,1645836.75,1786725.625,1697862.5,1525920.25,1673981.75,1662388.125,1662553.875,1861067.75,1984122.625,1701849.25,1705760.25,1650825.875,1630452.25,1400957.25,1476875.5,1946604.25,2020186.875,1924075.875,1974634.75,1601622.625,1534077.625,1835502.5,1692245.625,1757269.25,2023572.5,1292634.875,1329871.875,1446235.0,1389792.625,1417504.75,1535106.125,1769120.75,1700274.25,1490651.75,1373523.25,1578142.75,1371693.875,1502620.25,1364678.25,1603258.625,1474535.375,1487048.625,1489787.0,1523801.625,1427683.5,1153995.75,1165642.125,1681803.625,1440594.25,1775784.125,1814721.75,1653368.0,1567815.375,1678050.125,1708529.625,1699822.125,1663718.125,2060267.5,1836856.625,1558216.0,1513097.875,1611723.75,1433830.875,2140747.5,1959585.375,1919653.75,1738473.375,1995682.25,1759196.125,1738385.625,1615413.625,1871974.125,1806465.375,1973608.375,1893158.125,1780186.0,1609887.5,2147105.75,1931519.875,1660553.0,1608304.375,1947194.375,1716928.25,1971453.5,1893062.75,1677095.75,1639209.125,1839812.25,1722372.125,1788978.5,1660314.375,1958013.875,1812567.5,1920575.0,1760810.5,1963706.625,1967758.375,1897705.875,1898473.25,1772243.375,1738032.125,1585424.375,1666236.625,1972557.75,1692489.125,1808168.375,1590951.0,1795853.5,1839711.125,1772739.375,1831486.25,1684878.5,1904581.5,1964592.75,1958715.5,1825048.125,1894654.875,1691051.125,1795516.375,1920223.0,1904132.625,1845313.625,2023179.125,2030245.875,1930570.5,1893547.0,1799484.75,1956940.375,1897030.5,1882184.375,1853006.75,2176249.25,2108172.75,1872944.375,1718160.0,2061176.5,2040270.25,1711158.375,1836864.125,2026741.0,1933069.875,2173720.5,2201365.5,1712727.75,1544382.875,1656586.5,1528120.875,1366888.625,1478194.875,1480684.875,1454295.5,1672499.75,1597029.5,1912350.0,1748353.125,1278263.875,1243051.75,1472125.25,1413515.125,1589702.0,1483334.125,1997996.5,1834894.5,2401412.25,2248329.75,1594728.0,1595706.625,1791861.125,2013610.125,1629579.0,1715436.0,3044110.5,3018838.0,1645351.875,1602377.625,2328611.5,2433626.5,1642198.0,1767443.625,1942547.125,1832310.5,2871479.0,2491485.5,2342678.25,2595521.75,2629227.25,2969227.25,3137485.75,3181770.75,1844696.0,2231438.5
61,2049198.875,1892836.875,1935189.375,1990041.0,2072129.75,1997944.375,1771941.75,1692655.25,1819065.25,1701271.5,2342498.75,2296345.75,2240001.75,2205914.75,2277469.25,2139537.75,1747361.0,1881754.625,2192010.0,2364688.5,1937773.875,1959534.625,1930079.0,1797198.75,1881011.25,1889342.125,1672056.0,1903570.125,1880876.375,2184450.5,1715636.75,1819333.5,1579309.25,1672606.75,1574997.0,1567065.125,1632451.125,1794088.5,1708587.75,2085797.0,1964575.25,2078592.375,1545460.875,1577320.375,1371853.5,1377791.625,1544830.25,1624061.5,1569375.5,1558445.75,1566391.5,1754139.0,1687191.25,1612294.125,1670263.5,1647784.25,1786387.375,1701742.125,1531678.625,1678388.75,1662763.0,1666437.625,1861216.125,1985138.25,1703234.125,1706946.875,1650346.625,1631454.375,1398410.125,1474187.625,1944789.625,2023047.0,1924826.25,1974438.125,1597772.625,1530490.75,1832027.75,1690206.625,1755678.375,2017553.875,1291837.5,1328773.75,1447639.875,1389337.5,1415502.25,1529787.375,1770708.625,1697740.5,1488493.125,1369556.0,1577960.75,1368433.0,1500379.25,1364726.875,1598406.25,1472956.75,1486447.375,1485003.5,1518946.125,1426561.5,1149875.5,1163603.5,1683805.5,1437695.5,1779259.0,1804830.375,1654083.875,1566659.75,1680959.75,1709645.5,1702797.75,1663423.625,2062152.25,1837567.5,1561170.0,1515004.625,1612100.75,1431094.75,2145629.5,1963896.0,1917136.625,1730935.0,1991584.75,1755595.625,1740479.625,1618809.25,1869122.25,1806934.125,1972507.5,1892292.25,1783072.75,1612523.625,2145964.75,1933397.5,1660917.125,1606785.875,1947874.75,1718597.75,1971367.0,1892642.375,1678401.625,1644221.0,1839778.25,1722723.125,1788199.0,1661039.75,1959000.875,1810810.5,1920332.875,1759619.875,1963685.5,1965313.125,1896793.0,1897340.5,1772181.375,1739875.375,1587954.0,1667712.125,1971441.625,1694122.75,1809235.625,1594512.875,1796047.375,1842825.5,1775847.375,1833898.375,1685169.625,1906224.625,1965794.75,1959730.875,1823574.875,1897224.625,1689482.875,1795902.75,1920723.0,1906141.875,1847338.875,2025483.5,2028714.125,1930965.875,1895785.625,1803703.5,1958057.75,1899414.5,1882415.875,1852334.0,2178914.75,2110450.0,1870570.25,1714842.75,2062507.5,2040890.25,1707563.0,1832943.625,2031470.0,1930516.75,2174479.0,2201137.75,1710248.0,1544406.125,1655172.0,1525240.5,1363783.25,1473636.75,1476445.75,1451078.75,1667773.25,1594046.875,1911052.0,1747862.75,1279724.625,1246311.625,1470445.875,1415842.5,1591504.125,1483334.375,2002409.875,1833879.625,2404300.0,2253288.0,1594781.25,1594949.75,1794233.625,2017432.0,1630250.375,1716569.375,3044824.0,3022740.25,1644795.5,1600624.75,2334002.25,2439588.75,1641963.0,1767494.375,1942916.0,1833068.875,2879487.5,2501007.25,2345440.0,2599896.0,2635795.5,2974601.5,3144017.0,3184400.0,1843894.75,2231758.75
62,2048269.5,1891976.75,1934753.125,1989391.25,2070388.0,1994951.625,1775735.25,1694913.5,1822905.25,1704374.375,2340314.0,2295349.5,2238673.5,2204563.25,2274633.5,2137473.25,1748903.5,1877982.5,2190062.75,2362214.5,1936818.0,1958055.75,1928831.625,1794299.0,1879653.125,1888229.125,1673121.75,1902624.625,1880358.75,2179128.25,1714297.0,1818036.125,1574432.75,1670932.875,1576771.25,1566711.625,1631837.75,1793274.375,1706460.375,2083289.625,1967387.875,2079860.625,1546932.625,1581262.125,1371757.5,1378309.125,1551503.0,1627922.625,1572880.0,1562463.125,1569058.625,1754488.5,1686279.25,1612326.625,1671798.25,1646384.5,1787317.25,1701859.75,1537845.75,1681008.5,1665417.75,1668335.0,1863430.5,1981940.375,1705315.625,1708036.75,1652958.25,1633463.5,1400864.125,1471043.5,1947007.875,2024580.375,1928360.875,1978324.75,1601632.125,1535881.25,1841650.375,1694054.625,1762491.5,2021134.375,1293794.125,1328373.125,1450061.25,1386625.125,1415578.0,1527030.375,1774803.5,1697756.125,1488422.875,1368078.125,1577649.125,1369365.125,1499718.125,1363917.5,1595358.75,1470277.125,1486784.75,1484314.125,1519257.25,1424916.125,1148754.625,1161455.5,1683522.625,1437010.5,1778958.625,1800144.875,1655869.625,1566394.0,1681545.5,1708944.375,1702373.75,1663661.25,2061866.875,1839140.25,1561580.75,1513009.625,1610850.25,1426416.5,2149442.75,1965631.375,1918071.75,1729553.75,1991876.625,1756594.25,1741965.0,1618726.375,1871271.0,1806271.0,1972542.75,1890782.0,1784314.125,1615288.125,2146867.75,1931573.875,1658133.0,1605891.25,1946869.875,1716845.0,1969425.375,1892243.375,1677896.125,1642676.875,1839078.0,1721156.625,1789511.75,1660990.5,1956148.125,1807481.625,1920586.625,1761182.625,1964883.5,1964571.75,1896500.875,1896890.0,1770298.125,1738277.625,1588587.125,1668516.0,1969584.5,1693279.5,1810073.625,1597088.0,1797626.75,1842568.0,1776729.375,1838785.5,1689299.5,1909030.75,1968751.5,1960997.75,1821955.25,1899599.125,1688722.125,1797675.75,1922871.0,1906776.75,1848465.625,2028420.625,2028859.5,1929948.0,1896949.875,1806260.25,1957893.375,1902101.375,1883641.875,1853797.0,2182158.5,2110853.0,1868763.75,1712659.25,2061806.5,2038481.125,1708619.0,1831544.875,2030684.75,1928341.125,2173363.0,2200098.25,1708435.25,1543185.125,1653565.75,1524823.375,1360704.0,1471961.25,1474322.5,1450632.25,1667716.5,1591091.25,1911514.5,1748279.25,1279747.375,1248029.75,1466831.5,1416475.875,1591814.75,1483994.375,2005379.25,1834805.375,2406552.0,2253295.75,1594560.5,1592743.125,1793384.75,2018537.75,1631042.625,1716445.625,3046008.25,3023354.5,1645444.5,1599635.25,2335868.75,2439361.0,1640178.5,1766383.625,1941156.125,1834410.0,2882015.75,2502844.75,2347354.75,2602202.75,2639948.5,2976720.25,3147616.75,3186229.5,1842422.375,2232359.75
63,2051413.125,1893581.875,1939967.0,1987896.125,2077372.0,1995625.25,1778558.625,1694763.375,1823324.25,1704245.625,2343024.5,2296263.0,2240894.25,2206632.5,2275900.25,2135831.25,1751297.25,1873783.875,2195200.25,2364294.0,1936125.25,1957137.5,1928246.25,1790827.5,1881698.125,1886429.0,1678360.375,1905329.625,1881385.75,2173196.75,1710160.125,1811293.125,1572486.375,1670686.5,1576876.375,1564114.5,1630086.75,1792001.25,1707729.0,2084520.875,1967253.125,2079812.375,1546811.625,1580173.5,1370701.75,1377751.0,1550623.75,1628117.0,1571389.5,1561351.125,1571638.0,1753468.75,1686444.25,1611606.375,1672816.0,1644421.375,1788218.625,1698845.75,1537743.0,1679231.75,1666647.25,1664965.75,1865090.125,1978294.625,1707017.625,1706628.875,1656052.625,1635659.0,1402912.625,1469564.0,1949694.0,2023615.5,1929086.875,1980432.0,1605600.5,1541800.625,1848252.75,1696362.375,1766410.75,2027255.5,1294923.75,1328422.125,1450302.25,1385720.5,1417032.875,1529133.625,1775964.0,1699636.0,1490128.125,1370455.5,1577507.5,1371110.25,1502167.875,1363808.25,1599759.875,1469222.875,1486227.875,1487978.375,1522567.875,1424604.875,1151217.125,1162141.375,1681523.0,1438875.0,1775194.625,1806328.875,1656110.25,1566619.5,1680736.5,1706135.0,1699834.125,1665402.375,2058883.375,1837496.0,1560348.75,1507020.875,1610593.375,1418978.375,2148769.0,1960630.875,1917955.25,1736601.0,1994279.5,1760878.625,1742349.375,1618006.75,1876534.125,1806837.25,1973983.5,1892149.625,1783240.0,1615178.375,2151298.75,1931995.5,1655850.375,1607554.5,1945777.25,1715175.625,1968842.5,1893009.5,1676380.0,1637155.0,1838836.875,1719605.125,1790673.0,1660634.875,1955460.25,1808927.125,1922090.0,1764298.5,1964766.75,1965306.75,1898832.125,1898196.125,1769885.25,1736011.5,1585741.0,1668667.5,1970347.125,1692681.25,1810799.75,1596420.875,1796985.625,1840463.625,1773948.0,1837899.125,1689769.875,1909022.25,1967135.125,1959979.125,1821107.875,1898885.75,1688555.375,1798333.125,1925500.25,1907295.625,1845680.125,2026288.75,2031832.75,1930440.0,1895458.0,1804552.875,1955689.125,1900082.75,1883191.125,1854589.125,2181619.0,2109449.25,1868741.625,1713456.25,2060748.625,2037102.5,1709475.375,1834101.0,2026163.125,1929018.625,2171469.25,2198056.75,1709272.75,1543190.25,1654170.625,1529068.25,1359898.125,1473140.75,1475520.0,1453798.625,1670230.875,1594526.875,1913664.875,1749531.5,1278381.5,1244472.625,1467012.125,1414150.0,1589423.25,1482666.0,2001807.0,1835245.875,2402456.0,2247181.25,1592903.625,1593055.75,1789863.125,2014588.625,1629802.5,1714979.375,3043672.0,3017603.25,1644247.0,1601034.5,2331437.25,2433466.0,1639823.25,1764356.875,1939583.625,1835810.375,2874956.5,2494281.5,2344965.25,2599077.0,2636603.0,2971658.5,3140444.0,3183194.5,1842195.125,2232210.25
64,2052597.625,1894437.5,1942258.75,1983692.75,2080058.875,1994612.0,1778442.25,1696146.875,1821193.625,1703124.125,2348712.5,2297396.5,2241892.25,2208410.25,2278666.0,2134574.25,1751349.5,1874088.25,2195550.0,2363879.0,1934190.625,1957213.625,1927838.25,1790584.75,1883079.875,1887610.875,1679918.0,1905196.875,1881643.125,2174029.25,1708702.25,1809318.75,1574039.5,1668981.125,1574561.625,1563779.5,1631947.125,1791929.75,1711051.125,2084132.625,1966301.5,2078244.625,1544861.875,1577507.375,1370509.75,1376627.375,1550019.875,1626671.625,1570740.0,1559135.875,1570224.875,1754912.625,1685730.25,1610226.75,1672523.375,1645540.125,1787120.875,1699297.0,1537992.375,1680413.125,1665955.5,1662226.875,1863414.0,1977052.375,1707301.875,1705542.75,1656544.5,1637848.375,1403970.625,1472981.25,1947855.625,2023283.625,1927684.125,1981441.625,1604281.125,1540004.625,1848953.125,1698414.625,1765454.0,2026477.625,1295569.375,1328294.125,1451638.5,1388096.625,1416712.0,1530096.5,1775787.375,1700353.5,1490473.125,1372206.625,1576785.5,1370514.875,1504748.25,1364376.875,1602807.0,1470386.875,1483426.125,1487763.5,1524051.875,1425249.5,1152794.375,1163114.875,1682036.25,1439396.125,1774366.125,1808619.25,1654131.375,1566353.125,1683384.5,1707306.5,1700386.5,1667612.125,2057662.25,1836913.125,1562058.875,1505431.5,1610935.625,1414310.75,2149048.5,1958564.625,1918738.625,1740117.75,1997950.75,1761611.375,1741364.375,1620928.125,1876350.25,1807945.75,1973371.75,1893381.5,1782821.25,1613307.375,2150847.0,1933839.75,1656886.875,1607646.75,1946259.25,1714417.375,1968460.25,1893012.875,1675360.5,1638397.25,1841072.125,1720715.0,1788083.0,1659959.375,1958908.625,1811543.625,1923335.5,1764662.125,1964615.25,1965610.375,1900293.625,1898526.5,1769966.5,1736265.125,1583817.125,1667720.125,1969961.375,1693015.0,1809486.625,1595938.25,1795538.125,1842557.25,1774180.25,1836766.25,1687231.0,1907385.5,1964212.625,1961293.375,1821626.75,1898540.125,1687383.75,1796712.125,1925517.125,1908004.5,1844572.625,2023634.375,2033453.75,1931717.625,1895536.625,1803048.75,1954240.375,1896773.375,1881772.125,1853794.375,2179232.25,2109653.75,1867402.0,1712089.5,2061227.5,2038033.5,1702458.5,1834525.25,2025906.0,1929956.375,2171947.25,2196627.0,1709656.25,1542351.5,1654951.875,1529974.875,1358946.25,1471280.875,1475385.0,1454495.875,1671413.125,1597540.75,1913193.375,1749216.625,1276191.875,1242496.625,1468241.0,1413401.0,1586473.875,1480546.625,1997894.375,1835148.0,2399339.0,2246749.25,1592691.875,1595998.625,1789333.75,2015030.25,1628524.0,1715792.0,3040557.25,3014934.0,1644452.625,1603083.75,2330051.25,2430883.75,1643044.0,1763651.375,1942263.375,1835123.0,2872818.75,2491160.5,2343437.75,2595214.25,2633684.5,2968346.75,3134815.25,3181311.25,1843696.5,2229223.75
65,2048293.375,1892559.625,1935155.75,1980689.25,2075725.875,1992856.25,1776419.0,1697223.375,1822484.625,1704347.25,2348177.5,2294316.75,2239525.0,2207002.75,2278181.5,2133543.0,1749830.25,1879163.875,2187187.25,2357123.75,1930051.875,1955711.125,1926788.875,1792173.25,1882777.0,1889454.25,1675133.375,1900015.375,1881068.375,2180139.25,1707609.125,1814185.375,1577007.25,1668514.75,1572103.875,1567093.5,1636505.0,1793333.5,1714477.625,2086045.25,1964789.375,2075218.375,1543804.875,1576843.125,1370458.0,1375487.125,1549150.75,1624570.625,1572303.875,1559557.875,1569106.5,1758845.75,1685538.5,1609185.625,1671228.125,1647810.25,1785627.875,1701426.25,1539013.0,1683159.25,1665395.75,1665148.375,1862357.25,1980688.75,1707141.125,1707814.75,1655175.875,1639014.75,1403382.75,1475251.75,1948159.75,2024440.375,1927845.5,1983366.625,1606592.75,1537091.375,1847828.0,1700770.875,1766659.25,2024576.625,1297544.625,1330012.75,1454822.5,1389684.0,1417391.25,1530033.5,1776860.5,1700855.5,1489683.125,1372419.625,1577384.5,1370731.625,1503433.5,1363848.75,1602193.125,1472371.375,1484606.625,1484302.625,1524117.625,1426056.125,1151770.25,1163389.5,1682019.75,1438843.5,1774508.75,1805606.875,1652693.375,1565990.125,1682431.875,1709969.5,1700756.625,1667196.5,2057793.375,1838786.125,1561995.125,1505662.0,1610656.75,1415839.25,2149354.5,1962884.625,1923280.25,1739192.0,2004602.875,1760960.25,1740255.5,1622214.75,1873702.25,1808275.375,1971791.875,1891520.0,1781983.125,1611643.0,2146887.75,1931557.5,1661266.875,1606820.5,1945183.375,1712630.875,1967615.0,1892257.5,1674462.125,1643979.0,1844035.5,1723416.375,1787420.125,1660514.0,1962060.0,1812763.875,1923525.25,1764177.125,1966595.75,1967032.625,1897923.125,1897222.0,1768966.625,1737546.125,1585334.125,1667225.125,1968319.875,1692165.375,1807478.25,1596062.125,1795948.625,1844916.375,1777730.125,1840323.5,1688704.25,1907521.875,1964184.5,1963930.625,1824025.375,1899064.125,1687454.25,1796152.0,1921954.125,1905981.75,1846752.0,2023493.5,2032153.25,1931951.5,1896643.625,1802843.375,1958739.25,1901277.25,1881922.875,1854178.875,2177396.25,2109132.75,1866764.75,1710996.25,2063358.25,2040446.375,1696836.125,1834371.125,2027548.125,1930455.375,2175686.25,2198867.5,1711634.25,1542258.875,1656914.375,1526914.25,1358701.625,1470773.5,1475976.0,1451906.75,1674050.625,1597231.375,1912793.375,1748710.875,1276514.625,1245773.125,1469728.125,1415914.5,1587304.125,1481327.25,1998706.0,1836618.625,2402378.5,2250505.0,1595807.5,1598286.5,1792419.375,2018233.5,1630489.75,1718305.625,3040375.0,3017882.5,1648109.875,1603802.5,2331972.5,2431598.25,1645751.375,1766070.0,1945334.0,1833676.125,2876273.0,2494851.5,2344436.0,2593167.75,2633898.0,2970184.5,3137011.0,3181980.0,1844547.625,2226329.25
66,2046512.875,1893415.0,1928170.5,1982485.5,2068209.75,1989933.375,1777032.0,1696983.375,1825243.875,1704886.875,2338374.5,2288198.5,2235651.5,2202490.5,2275965.25,2135743.25,1748118.875,1881512.75,2182201.75,2354263.75,1928253.5,1953672.75,1924192.75,1793593.875,1881248.0,1889756.125,1670678.0,1897709.0,1881999.125,2185894.25,1705467.375,1816242.625,1581568.375,1672738.875,1573309.625,1570733.375,1638682.75,1793734.625,1716230.375,2094878.75,1958641.125,2070137.5,1544933.875,1574763.75,1370268.875,1375112.0,1539138.75,1618597.5,1570815.125,1559391.75,1572399.75,1759787.0,1687361.875,1609694.375,1671488.5,1647592.875,1788959.625,1700587.875,1537013.0,1679656.5,1664712.5,1667881.5,1865466.5,1986855.75,1708111.625,1710571.75,1653250.125,1636308.75,1401360.625,1470561.875,1954681.75,2024721.625,1929642.0,1984710.125,1615927.875,1542364.375,1847907.875,1700826.75,1771419.5,2028988.875,1298896.625,1332307.75,1454398.5,1387612.0,1422768.375,1529538.0,1778470.25,1702900.5,1490285.25,1373673.875,1581716.875,1370726.0,1499455.875,1361690.25,1601696.75,1472787.0,1492626.625,1484135.125,1525557.25,1424637.375,1151994.0,1164185.625,1680080.875,1437747.375,1774347.25,1805630.875,1654145.625,1565618.75,1676687.375,1706600.5,1697998.875,1661930.125,2057817.5,1837660.875,1558249.875,1502014.5,1610253.625,1416835.625,2147940.0,1963730.5,1924839.0,1740354.375,2008596.0,1762610.125,1741081.625,1618805.375,1878251.125,1809644.75,1974490.875,1892794.875,1779748.625,1611806.25,2149676.5,1927822.5,1665212.25,1607577.75,1941503.25,1710083.625,1971268.75,1894371.75,1674733.125,1646189.875,1844250.0,1724314.0,1792460.75,1662400.0,1964918.625,1815250.25,1925801.25,1767314.5,1967549.75,1968655.75,1891815.875,1893667.125,1768872.125,1736851.125,1586160.625,1667087.875,1971333.0,1691646.75,1809445.625,1594635.375,1795977.5,1842136.875,1778577.125,1840955.75,1693782.25,1907627.25,1965084.25,1963757.375,1825471.375,1896721.375,1688091.875,1797322.0,1916788.875,1900750.125,1844806.75,2023454.875,2029477.75,1931805.375,1895782.625,1801657.625,1964186.0,1908255.25,1884135.375,1856722.625,2174097.75,2105244.0,1869939.625,1713755.5,2063431.875,2040969.875,1701940.375,1835426.625,2026944.375,1931572.0,2178539.75,2201735.75,1714533.0,1543947.25,1660999.125,1526129.125,1360387.25,1473279.25,1479074.375,1450750.875,1676349.0,1597518.25,1914456.0,1749991.875,1279895.75,1246916.375,1472407.25,1416295.0,1589152.25,1482234.375,2001116.875,1837329.5,2405300.0,2249639.0,1596943.125,1598192.125,1792530.375,2016461.625,1632118.75,1717753.125,3044687.0,3020981.25,1648693.75,1603215.25,2332043.25,2431529.0,1642792.25,1767212.375,1943711.75,1833417.5,2878480.0,2498137.5,2346387.75,2593039.5,2638122.5,2975191.75,3143908.0,3185964.0,1842571.25,2226067.0
67,2050648.875,1897952.625,1931858.125,1985383.375,2066047.25,1987709.125,1782858.25,1698432.75,1825081.625,1703790.125,2332381.25,2287069.0,2235336.5,2199640.75,2275425.25,2139384.0,1747738.25,1877272.75,2184802.0,2359153.5,1931593.375,1953914.5,1921387.0,1793970.875,1880585.0,1888403.0,1670775.375,1900939.375,1882063.625,2183133.0,1706417.5,1812673.375,1586212.5,1676251.25,1576211.125,1572364.375,1637117.5,1791501.875,1715800.5,2100433.25,1952009.75,2068000.375,1546422.5,1574022.0,1371171.125,1377493.875,1528585.25,1612965.875,1568048.875,1557906.25,1576133.875,1757121.625,1690796.25,1611649.5,1674061.875,1646859.25,1794877.75,1700034.25,1536735.75,1675899.25,1664685.875,1665567.25,1867842.25,1987860.0,1709788.125,1710593.625,1652609.0,1633055.25,1404770.625,1469166.125,1959506.875,2024087.25,1931337.25,1984760.0,1621326.75,1548139.5,1854179.375,1702826.0,1775245.375,2034096.625,1297218.5,1331230.375,1451393.5,1387144.125,1425079.875,1526218.0,1778898.875,1704512.875,1491289.5,1375039.75,1583292.5,1368741.375,1498537.625,1360764.5,1599122.25,1472174.0,1495516.5,1485827.25,1525831.5,1422896.0,1153703.625,1164910.5,1680236.125,1436899.375,1775808.375,1808793.375,1655595.625,1565846.875,1676062.5,1702353.125,1696791.375,1658039.125,2057493.75,1833303.875,1557064.75,1499857.5,1610056.75,1414852.625,2145927.5,1958544.625,1921825.25,1742226.0,2006289.625,1762814.0,1744059.0,1619019.0,1886389.875,1811413.75,1979741.25,1896781.625,1780851.375,1613733.25,2156689.25,1927152.625,1663899.75,1606029.0,1938979.625,1707526.875,1976156.375,1896697.125,1676828.5,1643873.875,1840711.0,1722284.25,1795591.375,1663299.0,1965762.875,1816494.125,1929171.625,1770546.125,1964241.5,1967212.625,1885867.875,1888856.375,1772018.25,1735923.5,1584204.375,1665994.25,1977487.5,1693018.75,1815047.375,1594184.625,1795525.875,1838921.0,1775637.25,1836102.0,1695213.25,1905715.5,1968324.875,1964245.125,1826017.875,1894312.875,1688418.5,1797948.0,1912821.75,1897361.375,1839541.625,2022995.125,2029566.375,1932965.0,1892323.375,1799217.125,1963162.625,1907065.5,1885677.125,1858382.375,2171537.75,2103391.75,1872677.25,1715087.0,2059641.5,2036521.625,1706733.0,1833408.875,2025282.75,1932113.375,2175324.5,2200092.75,1712901.0,1543763.125,1660715.625,1526254.625,1360692.625,1472912.375,1479965.125,1452400.125,1674073.5,1597650.0,1915651.375,1750049.75,1280999.75,1241891.125,1473023.875,1411587.0,1588408.5,1479089.875,2000941.75,1835223.25,2402861.5,2246173.25,1593759.25,1595478.625,1788281.75,2012140.625,1629571.125,1713798.125,3049688.25,3020987.25,1644604.25,1601738.125,2329443.5,2430191.0,1639117.875,1762251.625,1942332.125,1832549.0,2877687.5,2497257.75,2349507.75,2594354.25,2642471.5,2977562.0,3148064.75,3190595.25,1839635.125,2226520.5
68,2052897.375,1898074.0,1938256.5,1986777.0,2074450.375,1993686.875,1784111.625,1698753.875,1823738.75,1704697.25,2337969.75,2292595.25,2239552.0,2202218.5,2277142.0,2140739.0,1749065.75,1875118.75,2186886.0,2362612.0,1934469.625,1955734.5,1922441.0,1794525.75,1881923.625,1886926.25,1669721.0,1903164.0,1878009.375,2174893.75,1709653.125,1810543.625,1589524.25,1674847.5,1576337.0,1571767.125,1636211.125,1790623.25,1716326.0,2097208.0,1954467.25,2073108.0,1543593.75,1575968.5,1370451.375,1379300.125,1529682.375,1614416.0,1566927.625,1555675.0,1575020.875,1755704.25,1694184.75,1613580.5,1674876.25,1647951.0,1795513.25,1702512.375,1538271.875,1678513.25,1666177.0,1663869.0,1865540.375,1984708.625,1709313.625,1709942.875,1654418.375,1635264.125,1408346.25,1477254.75,1957960.75,2025689.875,1931101.125,1985097.375,1619039.875,1544790.75,1859264.375,1707268.5,1774241.625,2033040.5,1295900.875,1329472.125,1452120.75,1392467.375,1420257.625,1526118.5,1777622.75,1703765.75,1490287.25,1374259.25,1578402.0,1367658.75,1500656.125,1363531.875,1597318.875,1474685.0,1490018.75,1486192.0,1522733.375,1425276.625,1152575.75,1164698.25,1681850.75,1437774.5,1775569.25,1811463.875,1653747.625,1567162.75,1680299.875,1705942.5,1698683.75,1661435.5,2056398.25,1834102.75,1558310.875,1506046.375,1611895.0,1416636.125,2139493.0,1956203.5,1919521.0,1741974.625,2003559.625,1761623.0,1744085.25,1621168.875,1885234.125,1809879.0,1978919.875,1894962.5,1782727.5,1613873.625,2156008.5,1926302.625,1660485.75,1604179.25,1938017.25,1706167.75,1973898.125,1893846.25,1677639.75,1639449.125,1836999.75,1720874.25,1793460.625,1663085.5,1961050.625,1814399.0,1927388.125,1768373.5,1960892.25,1965939.5,1885692.0,1888458.125,1775696.375,1737510.0,1583853.0,1667173.125,1978944.5,1693598.25,1816159.0,1595018.125,1796325.625,1839523.5,1773844.625,1834049.0,1693745.25,1905110.5,1972321.875,1967543.75,1828589.75,1895384.5,1689631.75,1798568.375,1913434.0,1899752.375,1838662.25,2022016.0,2032170.0,1934394.0,1888200.875,1797982.25,1960304.375,1903708.625,1885309.25,1857556.625,2174243.75,2107016.75,1872453.125,1713532.125,2057338.625,2033604.25,1705592.125,1831903.5,2023392.125,1931086.625,2170284.25,2198205.0,1709977.0,1543229.75,1656515.375,1525290.125,1360659.375,1473318.125,1477449.5,1454567.5,1672139.25,1596638.5,1915257.75,1747742.125,1278223.75,1238325.25,1473776.5,1409604.375,1588553.375,1477488.125,1999252.125,1834174.125,2395660.25,2243244.0,1592123.125,1593363.125,1783955.25,2009212.125,1626252.0,1710234.875,3048190.75,3017718.5,1642930.0,1600975.625,2324796.0,2426366.5,1640691.75,1757622.25,1944109.375,1830458.0,2871171.5,2488705.0,2349862.75,2593831.0,2637227.75,2970281.75,3143034.25,3186998.25,1839364.875,2226305.5
69,2050399.625,1894247.625,1939089.0,1987092.25,2083063.625,2001303.5,1777176.25,1695111.0,1824195.625,1704605.375,2345527.25,2296753.0,2243295.5,2206996.5,2277572.75,2137070.75,1749479.0,1877533.5,2185240.25,2357730.25,1932831.25,1956005.875,1925998.875,1793257.125,1881796.0,1886164.75,1665440.5,1901196.25,1873776.125,2171933.5,1711454.125,1812823.0,1592131.875,1672373.25,1574771.0,1569970.0,1637474.875,1791969.0,1717200.125,2092133.0,1963789.875,2079036.25,1538038.625,1575066.125,1366743.875,1375629.0,1538013.375,1620525.75,1565728.0,1552851.75,1570974.375,1755913.5,1693901.375,1613540.75,1671402.25,1647006.75,1791542.75,1702340.5,1535726.625,1679326.0,1665563.75,1667422.125,1861939.5,1983395.625,1705538.125,1709781.375,1655512.125,1637601.625,1403035.0,1484025.375,1953982.375,2028318.375,1928782.875,1986235.25,1614150.25,1540180.375,1853430.75,1707018.875,1769837.625,2029080.375,1297692.5,1331855.75,1454743.25,1396538.75,1416771.5,1532147.75,1775043.375,1702548.375,1487824.0,1373931.625,1574078.0,1369503.75,1500560.875,1367036.875,1598880.125,1479773.625,1485774.625,1486901.375,1520549.5,1430187.625,1149242.125,1164958.875,1681781.75,1438677.0,1775212.5,1809130.625,1650808.5,1569195.625,1682169.125,1711609.875,1700741.375,1666051.5,2056612.875,1841613.125,1558961.625,1513783.125,1614995.875,1423760.0,2135438.5,1961081.375,1918930.875,1740831.25,2004291.5,1762773.0,1737595.25,1613906.625,1874282.75,1804582.625,1972162.375,1888681.875,1778889.75,1610423.0,2146933.0,1923211.0,1661251.5,1606138.125,1937865.0,1706842.25,1968616.125,1888789.25,1677689.5,1636756.125,1838005.5,1722208.25,1791741.0,1662384.625,1954270.75,1810761.25,1921070.875,1762747.875,1960905.125,1966290.5,1891129.625,1892524.875,1775825.0,1738944.75,1587423.625,1670565.125,1974934.25,1691741.5,1810472.75,1592784.125,1797178.75,1841735.875,1773621.125,1834458.375,1694451.0,1904921.75,1970887.125,1968007.75,1830353.0,1897206.625,1690903.75,1798534.875,1918760.875,1905303.5,1841830.875,2020730.75,2032124.0,1932049.125,1887590.625,1799052.125,1960565.625,1904669.625,1885040.125,1856104.25,2178957.0,2110905.5,1871631.375,1713351.125,2059392.125,2037165.0,1705945.75,1834314.125,2024489.875,1929667.125,2168896.25,2199678.25,1710808.75,1545793.875,1657576.625,1527009.5,1362834.0,1477287.625,1475512.0,1455809.625,1674853.375,1596703.375,1912808.625,1745833.875,1276065.0,1241855.625,1476732.625,1415003.375,1590644.5,1480906.125,1999979.875,1836024.75,2390023.75,2241031.75,1593663.25,1594424.75,1781528.5,2008836.625,1625886.75,1710134.5,3043143.75,3015438.0,1645867.0,1601647.25,2323174.5,2424399.25,1642077.5,1761752.375,1943843.125,1829901.25,2867167.0,2483323.5,2345286.25,2592248.0,2629555.0,2963078.0,3137195.75,3179663.0,1840678.5,2226981.75
70,2048997.5,1894138.125,1938341.25,1985168.0,2082282.625,2000449.5,1775058.625,1693617.75,1826461.375,1701559.25,2345618.75,2295453.75,2243852.0,2208686.5,2276874.25,2133319.5,1748582.875,1877120.25,2184695.0,2351840.0,1930897.625,1954339.0,1926354.625,1789722.375,1880102.125,1885806.75,1665399.625,1898624.625,1875657.0,2176244.5,1711394.25,1814768.625,1591278.75,1672282.0,1575053.25,1569779.125,1637598.5,1792175.25,1716547.125,2091212.0,1967988.0,2078023.375,1539528.625,1573564.25,1366375.0,1372907.125,1542559.0,1623059.25,1566808.25,1553071.375,1570343.625,1756052.25,1690950.25,1612261.0,1669347.5,1644366.375,1790487.125,1698818.25,1532376.5,1675516.625,1663833.375,1670434.75,1862770.875,1984292.75,1703596.125,1709547.125,1653736.5,1634021.25,1397190.25,1480009.25,1952458.25,2027237.5,1928130.375,1985119.625,1610621.25,1542086.0,1844933.75,1700202.375,1767140.875,2026584.625,1299396.0,1334232.125,1453725.5,1392852.625,1418816.5,1534370.5,1773179.875,1702081.5,1486714.0,1375281.25,1574389.625,1371688.875,1497829.625,1366611.75,1598207.375,1480235.625,1485925.75,1487376.25,1521317.375,1430950.375,1148312.875,1165730.5,1680192.875,1437440.125,1779033.625,1801985.875,1650471.25,1570172.375,1679952.625,1709983.875,1700679.625,1664045.625,2056692.875,1842277.625,1558206.875,1511926.875,1614111.25,1427114.125,2142212.75,1964356.25,1920872.25,1739542.75,2006446.125,1763468.375,1733812.75,1606142.0,1868734.375,1802595.125,1970963.625,1887976.5,1776320.375,1608825.125,2142463.25,1923041.125,1664004.125,1606583.125,1939872.5,1707365.75,1969879.75,1889233.0,1679982.375,1639132.125,1841362.75,1723225.625,1792985.75,1661863.75,1953888.25,1808531.875,1919656.875,1760985.5,1961724.5,1964535.25,1894970.375,1894214.5,1774324.5,1738113.625,1590225.5,1670399.625,1973101.625,1691115.75,1808415.625,1590742.75,1796862.75,1842709.125,1773141.375,1832944.125,1694951.5,1902125.875,1968405.5,1963944.25,1827552.25,1897245.75,1691242.0,1796810.5,1921774.875,1906857.375,1844741.875,2022086.25,2030827.625,1929316.625,1890669.125,1799731.375,1962319.125,1905618.5,1886223.5,1856520.375,2179962.75,2111317.0,1870797.625,1714114.0,2061330.375,2040184.0,1709035.375,1835342.875,2029188.375,1928619.375,2169085.25,2199926.75,1712477.375,1547808.5,1661842.0,1529459.875,1364824.25,1478643.375,1475999.0,1455374.5,1676876.0,1597026.375,1911438.625,1746321.125,1276199.75,1246900.25,1475491.375,1419301.5,1590846.875,1483212.5,2000313.625,1836291.0,2393655.0,2242253.0,1593629.75,1596120.875,1785062.0,2012222.625,1627733.875,1713314.875,3041530.5,3016731.5,1647422.25,1602450.375,2327800.0,2428677.25,1639624.875,1767106.25,1942427.25,1831543.5,2873444.75,2490013.75,2342426.25,2593601.0,2632248.75,2968022.0,3138078.5,3179212.75,1841007.125,2228507.0
71,2050472.125,1895262.75,1937052.125,1982817.625,2074377.75,1995839.125,1780520.75,1696942.5,1829268.25,1702750.75,2338745.5,2292849.0,2241347.75,2205723.75,2277264.5,2137893.5,1747579.25,1874861.75,2184852.5,2353905.5,1929740.875,1954857.625,1922944.875,1789649.875,1878235.75,1886257.75,1670206.25,1900130.875,1880784.0,2182704.25,1708468.0,1815591.375,1581905.25,1673066.375,1577031.125,1570650.125,1635832.125,1792560.625,1715117.625,2094631.125,1964606.375,2073971.125,1547052.625,1575305.75,1371538.625,1378409.125,1540448.125,1620485.5,1571787.625,1557404.5,1573572.75,1757774.375,1690100.75,1613244.5,1672542.375,1645923.25,1793542.875,1700123.75,1535207.625,1676526.125,1666504.625,1668547.375,1867046.0,1985439.625,1706271.625,1710217.75,1652965.125,1631312.875,1398426.125,1471671.75,1953544.0,2024835.0,1931058.5,1981339.125,1610597.625,1546175.875,1841391.125,1691594.125,1767683.875,2025406.625,1298348.625,1331317.375,1451037.0,1387526.25,1421210.75,1530156.75,1774452.25,1700093.75,1488456.25,1374296.0,1577115.0,1370377.75,1498676.0,1364211.25,1597979.875,1474594.75,1488774.0,1485944.0,1522160.0,1425639.0,1150032.75,1164499.625,1679675.625,1436128.75,1780525.75,1799457.25,1653982.25,1567922.5,1678246.625,1706104.875,1697877.875,1658713.625,2054324.5,1833373.25,1554902.375,1506893.125,1609791.375,1424094.375,2146027.0,1959651.5,1923084.25,1736719.75,2004955.0,1761650.25,1737991.0,1612130.875,1871744.875,1806594.125,1976874.625,1894161.75,1781318.25,1613308.0,2145270.5,1927185.875,1661424.375,1604565.5,1940241.125,1707775.0,1975325.0,1894931.125,1679878.0,1643088.75,1839009.375,1721722.625,1793129.375,1662410.875,1958093.75,1808861.125,1924732.0,1764823.625,1962554.625,1962332.25,1892689.5,1891948.875,1775378.125,1738370.875,1588557.625,1668726.5,1975815.125,1693865.125,1813840.625,1594057.125,1796118.125,1841112.25,1776274.0,1834197.75,1693639.625,1902668.375,1966710.25,1959799.75,1820403.5,1898218.75,1688901.5,1798329.25,1918678.875,1902527.875,1847701.75,2027104.75,2031760.0,1933005.375,1892631.0,1798625.75,1964869.375,1906290.5,1887404.125,1858316.5,2179427.5,2111746.75,1869954.25,1714857.375,2061919.25,2039416.0,1712552.625,1836039.75,2029996.0,1928335.5,2170377.75,2197645.25,1712343.0,1546563.875,1660158.0,1527984.875,1365085.5,1476685.5,1477195.625,1452989.5,1674962.375,1596250.875,1913770.0,1748748.75,1276985.75,1247902.25,1468161.625,1418093.625,1587782.0,1483673.25,1996806.625,1833333.125,2402922.5,2247360.75,1591099.0,1595861.375,1794541.5,2016446.5,1630628.375,1716578.125,3042306.25,3018232.0,1644958.25,1603563.75,2332158.25,2431504.0,1637568.5,1763665.75,1941930.25,1832833.375,2879186.75,2494998.5,2343490.0,2595438.25,2637099.0,2974723.5,3140885.0,3183259.75,1840346.5,2228326.25
72,2049091.125,1889699.5,1932949.625,1981015.5,2064705.25,1988962.75,1781214.375,1697980.625,1829666.0,1706604.5,2334457.0,2292598.0,2236784.25,2200157.0,2275629.0,2141870.25,1746463.875,1875196.0,2181578.0,2356031.25,1927756.0,1957333.375,1921935.875,1791599.875,1876692.25,1886990.5,1672370.625,1903181.5,1881359.125,2184984.75,1705020.5,1817881.625,1571201.125,1672679.125,1577667.5,1569335.625,1634007.375,1793809.75,1711468.125,2095120.875,1961436.5,2072928.625,1549654.625,1577732.625,1374678.875,1384387.5,1538285.125,1619231.25,1574472.875,1560966.375,1574384.125,1759730.5,1689682.5,1615743.25,1674473.75,1649897.0,1793391.25,1705094.125,1541017.625,1683487.875,1669585.5,1665916.75,1867658.875,1985316.375,1708429.625,1710122.625,1654785.5,1634608.75,1402647.625,1471981.625,1953133.0,2025602.875,1932963.0,1979990.125,1610715.75,1548865.125,1840770.25,1688773.5,1768165.5,2025902.125,1296386.625,1327572.625,1451086.875,1388234.375,1421293.0,1529096.375,1776482.125,1697725.625,1490970.75,1370968.75,1580072.375,1368320.875,1504630.25,1364617.25,1602286.25,1470199.875,1491819.875,1485660.875,1522174.375,1421489.375,1151766.0,1162716.875,1682447.5,1438015.25,1776138.125,1805000.875,1658435.625,1565222.125,1681887.25,1709185.375,1696798.5,1659363.5,2054852.875,1831309.625,1554931.25,1511021.875,1609097.125,1424330.875,2141251.25,1955437.5,1920819.875,1733050.25,2000419.875,1760241.5,1742153.25,1622672.625,1873637.25,1810007.125,1979898.125,1898066.0,1787218.625,1617943.5,2146200.75,1931223.75,1655926.5,1604924.75,1939526.625,1710373.875,1977107.125,1897261.125,1676593.125,1643920.125,1834509.875,1719923.75,1790695.25,1662881.625,1959848.375,1809621.75,1927357.875,1766934.125,1964122.75,1963161.25,1889541.5,1889911.25,1776999.875,1740491.125,1586023.5,1669669.125,1977761.625,1695557.875,1816627.625,1597484.625,1796358.125,1838778.125,1780123.0,1837314.875,1693410.125,1907424.375,1961359.375,1958274.5,1815102.125,1901104.875,1685044.875,1803029.5,1915993.625,1899845.375,1851227.0,2031165.25,2031350.0,1935880.125,1892630.125,1798132.625,1965288.875,1906602.125,1886375.25,1857491.0,2180082.0,2112445.5,1869673.375,1715456.0,2062510.25,2038864.875,1712742.625,1837739.75,2026250.125,1929337.875,2172972.75,2197186.25,1710085.0,1543661.125,1655451.5,1526050.0,1362333.5,1472887.125,1477077.625,1450789.125,1672318.625,1595231.375,1914404.875,1750068.75,1278229.625,1246497.375,1463001.375,1416753.625,1585448.75,1485169.625,1996355.875,1832335.625,2405652.5,2251148.5,1589486.0,1594553.25,1797104.875,2017795.75,1631964.875,1717420.875,3043410.75,3018796.75,1643051.0,1604511.25,2333349.0,2429315.5,1637564.0,1758500.125,1941194.125,1833428.75,2878830.25,2493370.0,2344463.25,2595395.0,2636589.25,2973120.75,3143161.5,3186000.0,1840137.625,2227400.5
73,2044557.375,1883338.625,1931007.5,1979524.0,2063855.25,1984050.5,1776112.75,1695261.375,1825115.5,1703343.5,2339419.0,2293784.25,2235285.75,2198528.5,2274816.0,2137534.25,1747126.75,1876864.375,2182062.5,2354472.25,1931069.25,1957771.5,1927274.875,1791929.625,1879686.625,1888615.5,1671238.875,1902673.5,1879974.625,2183300.0,1706953.25,1819328.0,1572342.75,1672729.625,1576396.5,1568138.375,1634148.875,1793334.625,1709005.625,2090836.625,1961938.5,2073519.125,1547646.375,1578731.25,1372643.875,1382390.25,1538568.25,1620144.5,1572393.75,1559729.25,1571981.0,1758953.875,1687139.125,1614680.5,1671829.75,1649878.0,1787144.875,1704459.875,1539275.0,1685138.5,1667399.875,1664903.5,1865377.375,1984911.75,1707735.125,1707646.25,1654199.75,1636636.0,1405434.0,1477931.125,1950526.25,2025738.875,1930569.375,1981063.5,1607767.0,1546701.5,1845365.25,1693495.875,1765444.5,2026214.625,1295292.0,1327184.125,1451423.0,1391268.125,1420953.0,1532493.25,1774179.25,1697916.5,1490825.25,1369719.5,1581082.0,1370128.875,1507247.0,1367006.875,1602987.0,1470753.75,1492450.5,1488606.125,1521847.25,1422696.0,1152787.375,1163294.0,1685452.5,1440887.875,1772998.25,1809615.375,1658552.375,1565868.25,1686376.0,1713617.5,1699974.875,1664109.25,2058771.5,1835935.875,1561360.5,1516982.5,1612893.25,1427302.75,2141186.75,1956009.375,1917835.5,1731674.25,1999380.125,1758488.25,1743656.75,1623586.125,1875374.875,1810765.875,1979180.625,1896914.875,1788296.375,1616138.25,2146565.25,1932980.875,1657196.875,1606452.25,1945194.25,1713100.375,1976383.75,1895006.5,1677977.0,1644649.875,1838433.875,1720340.75,1790780.75,1662438.5,1963088.75,1811487.75,1925913.5,1765104.0,1964735.0,1965444.125,1891792.625,1891707.0,1775210.0,1739883.75,1586146.75,1668871.0,1977196.125,1693885.5,1812330.375,1595382.25,1796356.375,1838497.375,1777683.0,1836747.0,1693877.125,1907630.375,1961816.25,1959343.5,1819149.875,1900967.125,1686098.875,1802154.75,1917913.75,1902158.75,1851020.625,2028831.625,2029318.75,1931502.5,1893804.625,1799821.75,1961239.75,1903203.25,1884894.375,1853888.25,2179607.75,2109971.0,1870797.75,1714488.875,2060775.75,2037959.875,1709310.875,1835145.0,2024632.125,1930154.125,2173568.75,2199191.25,1707550.375,1541314.75,1655400.875,1526586.875,1359139.5,1469492.125,1476731.25,1451291.5,1670578.0,1594270.5,1911328.625,1749591.5,1278820.25,1243799.25,1465815.25,1415229.625,1587254.625,1483271.625,1999703.0,1833799.875,2400887.75,2250050.25,1590872.75,1594353.375,1791504.25,2016719.25,1628996.25,1716135.0,3042430.5,3018728.25,1644840.75,1603111.25,2333282.5,2428908.25,1638815.125,1759697.625,1941863.0,1833769.5,2876902.0,2493972.75,2344166.0,2594725.25,2636870.25,2970915.0,3142280.25,3185323.5,1840630.75,2227602.25
74,2043340.125,1885101.875,1932679.625,1980606.125,2073291.125,1989381.25,1774905.375,1694512.375,1820173.875,1697534.375,2344518.25,2293354.5,2238454.25,2202809.75,2278541.25,2135033.0,1748941.875,1878463.75,2188308.0,2356589.75,1937943.375,1957156.5,1930910.5,1793241.5,1885684.875,1890232.75,1671297.25,1901772.75,1881412.0,2183951.75,1709484.125,1818647.375,1579471.5,1673961.5,1574945.625,1570449.875,1635048.375,1792589.125,1711277.625,2089721.0,1962065.875,2073120.625,1547748.125,1578413.0,1370235.125,1377644.5,1538326.5,1619884.75,1570138.125,1555912.5,1571091.75,1757769.25,1686048.875,1611292.625,1670287.625,1647154.25,1782437.375,1700195.125,1532199.375,1679652.875,1665111.0,1665195.875,1866747.375,1986499.0,1707383.125,1707040.875,1650733.125,1634079.0,1406268.25,1477958.125,1951102.375,2023108.5,1929061.25,1980911.5,1606798.75,1539227.625,1854418.875,1698021.875,1763564.5,2023348.5,1295244.5,1327596.25,1449170.875,1390460.0,1421334.0,1532125.625,1771328.125,1698686.875,1489054.875,1371499.75,1579849.625,1372633.625,1503516.75,1367748.25,1598017.375,1472890.375,1492535.5,1491378.25,1520734.75,1424682.125,1152788.0,1164346.125,1684680.625,1440896.625,1774481.5,1806853.375,1655209.5,1567826.25,1685259.25,1711587.25,1702175.75,1664393.625,2059116.625,1834732.625,1562807.5,1515333.125,1613980.0,1426033.625,2143919.75,1955536.625,1920180.125,1730819.75,2002521.25,1755063.375,1745614.25,1620732.125,1878912.375,1811742.875,1980128.25,1896678.25,1786316.375,1612333.625,2149470.75,1933094.75,1662895.75,1606741.25,1950447.125,1712676.875,1977608.875,1894404.625,1682314.75,1647971.25,1844640.0,1722228.125,1794602.875,1662805.25,1968707.125,1815314.5,1926362.75,1765707.875,1964715.0,1967319.625,1895873.0,1895781.25,1772852.875,1736549.125,1586966.25,1666003.5,1976847.625,1692016.125,1808591.75,1592776.375,1795709.0,1839507.75,1774594.0,1836864.75,1692850.125,1905788.0,1972192.25,1962048.25,1825942.25,1898735.75,1691421.625,1797503.625,1919330.125,1903468.625,1846818.375,2022458.125,2030278.625,1929029.5,1895649.125,1801896.125,1959066.75,1901065.75,1886086.375,1853186.25,2176749.25,2107660.25,1872989.25,1713870.0,2058147.625,2036314.875,1709478.25,1831045.125,2025910.25,1929438.75,2173054.25,2200154.25,1708479.0,1542071.0,1658471.375,1526830.25,1361840.0,1471791.625,1478539.625,1452913.75,1670445.25,1594428.625,1910467.125,1751211.125,1276678.875,1241550.25,1469823.875,1410631.0,1588979.0,1479043.875,1998759.625,1832766.125,2397997.75,2246871.75,1594353.625,1594687.125,1791841.5,2013936.375,1626297.0,1714917.5,3037076.0,3015472.25,1648291.5,1601453.875,2329377.0,2428560.0,1640419.125,1761727.75,1941853.75,1833100.75,2872779.75,2493048.75,2341430.0,2592189.0,2637199.0,2971503.5,3135208.0,3180912.75,1839878.875,2226014.25
75,2045624.625,1888795.0,1932178.125,1982806.625,2078397.875,1994871.125,1775985.25,1695627.625,1819832.375,1698296.125,2343593.75,2291224.75,2240203.25,2206274.0,2278896.0,2135740.25,1748719.625,1879668.75,2190242.25,2359757.75,1937494.0,1957446.125,1927680.375,1794909.25,1887416.375,1889009.75,1672467.375,1903383.375,1882451.875,2185866.5,1707565.25,1818249.0,1581968.5,1674085.25,1574962.75,1572668.375,1633181.875,1793100.25,1713465.375,2091655.625,1959840.0,2071414.375,1548133.125,1577408.25,1369040.625,1375629.75,1538403.0,1620084.125,1569027.5,1554397.125,1571773.375,1758154.25,1687054.75,1610206.25,1670904.75,1646353.375,1783928.875,1699455.875,1530525.0,1676553.25,1666030.375,1666435.375,1869754.75,1987426.125,1708444.75,1710166.125,1650088.125,1633686.5,1404930.75,1474239.0,1955391.25,2022325.0,1931420.625,1980555.875,1610954.0,1536475.5,1858940.25,1698176.0,1766903.75,2021481.375,1296727.875,1327669.0,1447282.375,1387254.125,1422027.5,1528302.75,1774202.0,1698659.25,1489245.5,1374680.5,1579433.25,1372043.875,1499217.75,1366445.75,1596070.625,1473105.0,1493964.75,1490495.0,1520342.625,1424455.875,1152018.375,1163696.75,1681701.125,1439014.875,1777569.375,1801823.25,1653712.375,1568221.625,1680475.75,1708059.125,1700813.375,1663045.5,2057032.25,1832398.375,1556394.5,1512870.625,1610569.75,1422224.625,2141080.25,1953919.75,1924430.375,1728971.375,2005332.375,1754334.0,1745901.25,1622345.375,1879338.75,1811377.125,1981333.75,1898018.875,1783788.625,1611674.125,2150182.5,1932109.875,1663976.875,1606256.875,1946154.125,1710192.375,1978508.0,1895488.5,1681434.5,1649716.0,1843251.125,1723167.625,1796871.0,1664570.5,1969455.5,1817007.5,1928476.875,1768920.0,1965570.5,1968481.125,1896103.875,1897104.25,1772351.375,1735017.875,1587083.0,1665498.625,1977008.125,1691186.0,1808852.25,1594056.0,1797452.0,1840347.875,1775625.875,1838718.375,1690711.25,1908096.125,1977773.875,1964621.5,1826636.625,1898503.375,1692826.125,1796857.125,1917371.875,1901519.75,1843803.0,2019347.875,2031758.0,1930933.375,1895149.375,1802224.5,1960254.25,1902401.875,1887151.5,1855530.625,2173102.5,2107982.25,1873883.875,1715421.125,2058643.625,2037280.125,1714919.0,1831943.375,2028270.25,1929212.25,2173961.5,2199625.75,1711570.375,1544666.75,1660624.125,1526462.875,1368246.75,1477139.75,1481587.375,1452821.375,1672181.5,1596298.875,1912832.625,1754390.125,1274993.25,1244001.875,1468887.5,1408391.375,1587551.375,1480786.125,1996085.75,1831350.875,2398607.0,2245415.25,1597463.125,1593348.875,1796338.375,2011001.5,1627510.25,1714337.0,3033876.5,3011159.75,1650371.125,1601910.25,2325431.25,2424188.75,1641350.125,1761232.25,1939637.625,1832008.0,2869125.5,2488753.75,2338819.5,2590029.5,2634756.75,2970614.5,3131196.0,3177161.25,1839705.25,2223098.75
76,2048761.5,1890870.125,1931553.625,1983180.375,2076639.625,1991993.25,1775876.375,1696642.25,1821999.375,1701173.375,2342822.5,2290767.25,2238425.75,2205935.5,2273924.25,2133782.0,1748013.0,1879189.25,2188963.25,2360791.5,1933778.125,1958216.25,1924661.625,1794308.75,1885250.5,1888211.875,1673131.0,1903942.125,1882610.625,2182412.75,1708730.375,1817753.875,1583654.875,1673216.125,1577420.125,1570793.0,1630030.375,1792801.625,1713385.0,2092898.375,1957100.5,2069457.0,1544761.75,1575281.0,1368038.375,1374727.5,1537546.375,1619575.875,1567982.125,1555498.25,1571411.125,1757393.875,1687449.25,1609585.875,1671123.25,1646863.125,1788651.125,1700337.0,1532435.375,1676051.5,1666775.25,1666140.625,1869721.875,1984408.375,1707468.375,1710714.5,1651921.25,1635516.625,1400995.0,1472059.75,1957869.75,2024185.625,1931980.25,1980581.875,1615100.25,1542149.75,1853398.25,1696004.375,1769670.5,2025476.125,1298748.5,1328982.625,1447055.625,1384660.5,1422281.625,1528393.875,1777604.125,1699733.5,1490134.75,1375979.0,1580828.125,1370338.375,1496369.625,1364670.875,1598195.375,1471706.0,1494947.25,1487852.625,1522587.25,1423872.875,1151205.75,1162167.0,1678901.375,1436683.5,1779095.625,1801494.25,1654911.75,1567247.125,1676141.5,1706861.625,1698491.625,1664069.875,2057069.5,1836325.125,1553505.25,1511705.5,1608355.75,1416408.375,2137620.75,1955151.75,1924310.375,1731826.25,2005465.875,1757822.125,1743321.375,1621142.5,1878493.375,1808452.0,1979399.875,1897404.125,1780801.5,1611774.625,2150093.5,1929691.125,1661420.375,1604724.875,1941099.125,1708413.0,1976103.25,1896495.125,1676583.5,1646458.875,1839916.375,1721389.0,1796478.875,1665871.125,1965558.75,1815349.625,1927052.5,1768581.125,1965731.5,1968330.125,1893835.625,1895272.125,1771319.5,1735448.75,1587786.125,1666716.5,1976112.75,1691102.875,1809816.25,1594442.375,1799366.75,1840378.25,1775410.625,1836073.5,1689316.75,1908729.0,1973973.75,1965075.75,1826729.5,1897491.625,1690895.375,1797408.375,1916608.25,1900448.375,1841362.875,2020392.75,2028670.0,1928489.5,1892983.625,1801142.75,1958213.625,1899793.125,1883995.875,1854981.125,2171021.75,2105774.75,1873212.625,1716168.875,2061022.875,2039670.125,1717089.625,1835164.875,2029615.375,1930117.875,2174228.0,2199413.0,1713319.375,1545112.5,1660882.25,1526907.875,1369463.375,1477816.125,1481938.875,1451691.5,1673824.75,1597466.625,1914721.125,1753739.5,1276331.125,1247466.0,1467958.625,1412590.0,1587238.125,1485450.5,1997795.875,1834046.125,2398879.75,2247762.0,1598412.875,1592120.0,1793214.75,2011754.375,1628438.5,1713689.125,3041738.25,3014243.5,1649734.625,1602368.0,2329456.5,2423987.0,1643075.25,1762922.625,1940149.25,1831377.25,2873212.75,2491473.5,2342961.0,2593066.25,2636018.0,2972166.0,3140622.25,3181998.25,1843132.75,2224599.75
77,2051805.875,1894418.375,1934674.5,1981957.125,2075303.0,1987920.125,1779906.375,1698870.875,1824287.875,1701288.625,2342430.25,2291287.25,2236174.25,2203628.5,2272449.5,2132365.5,1748465.625,1875950.375,2187838.0,2359684.0,1934895.375,1957350.125,1924871.25,1791232.125,1884749.25,1889840.0,1673301.0,1902260.75,1883298.375,2175750.0,1713289.625,1815145.625,1587587.5,1673106.0,1579926.25,1568481.625,1629624.375,1790940.25,1713577.75,2093357.25,1954187.125,2067935.0,1540805.125,1573473.0,1368000.125,1374092.5,1534511.5,1616809.25,1567029.875,1555464.125,1570044.625,1754934.5,1688068.625,1607884.75,1672974.375,1647131.25,1792947.125,1699841.5,1534536.625,1675189.5,1667043.0,1664175.875,1868730.25,1981221.0,1704128.0,1707564.5,1651879.5,1635054.0,1397597.875,1470483.875,1958096.25,2026310.625,1928856.875,1979339.25,1615603.5,1546736.0,1841455.125,1692539.125,1766992.375,2029261.5,1299686.875,1332081.625,1447060.625,1384206.25,1423224.25,1531036.875,1776681.25,1701616.25,1490031.75,1373472.0,1581395.125,1369899.75,1497117.0,1364367.25,1598865.75,1471446.25,1494502.25,1487746.25,1525319.625,1425788.0,1150940.375,1162852.375,1678899.125,1436432.625,1778924.75,1804724.75,1656067.875,1567392.25,1675197.75,1707317.25,1698848.375,1665059.625,2058337.375,1841073.125,1556555.5,1508606.125,1610146.25,1411511.875,2138841.5,1958395.125,1921799.375,1738015.75,2005432.625,1760102.875,1742674.625,1616633.25,1880515.875,1807894.875,1975842.875,1895781.0,1779142.0,1611935.25,2151691.5,1927454.75,1661340.75,1602941.0,1942607.5,1708002.75,1973397.75,1897222.0,1675502.125,1641829.125,1841459.5,1718714.125,1797211.5,1665749.0,1962927.375,1814904.625,1923739.375,1765776.125,1965031.625,1968176.375,1892942.875,1894591.125,1770993.5,1735985.875,1589530.625,1667453.625,1974833.375,1692758.25,1810973.625,1593029.625,1797798.5,1839422.0,1771486.625,1831268.5,1688885.625,1904064.0,1970676.625,1963513.5,1830112.75,1895333.875,1692983.0,1795467.0,1919514.0,1902880.125,1838136.75,2020582.0,2024336.625,1923210.625,1893170.5,1800347.0,1954962.0,1894780.625,1880257.875,1852652.0,2169900.25,2101008.25,1871535.75,1713637.625,2062166.5,2039809.875,1709283.5,1835350.125,2028212.5,1929911.375,2173759.0,2200019.0,1713476.25,1543670.625,1659984.625,1526697.125,1363899.75,1474161.25,1478578.75,1451607.375,1675088.0,1596581.75,1915648.0,1750637.125,1276785.125,1245620.625,1469441.5,1416929.625,1588887.0,1484058.375,2001165.5,1836861.625,2397446.25,2250195.75,1597342.0,1593318.625,1784221.5,2014000.75,1627942.5,1713945.375,3052767.75,3021482.5,1647886.625,1602343.25,2333744.75,2429472.75,1644505.625,1765752.625,1942910.375,1831483.75,2879693.25,2497181.0,2348298.75,2597023.5,2639762.5,2975896.5,3150676.0,3190720.5,1845035.125,2228010.5
78,2051223.625,1895442.75,1937512.5,1981872.875,2073663.875,1988853.25,1784476.0,1700066.5,1824671.375,1700921.625,2338254.0,2289400.5,2235668.75,2202163.0,2277196.5,2134409.25,1748324.625,1872834.875,2185375.0,2355603.75,1935679.0,1953642.25,1926727.25,1788731.625,1885087.625,1889938.5,1672279.625,1900869.125,1882127.625,2174695.0,1712263.625,1812210.0,1590320.75,1674619.5,1579636.0,1569501.125,1632266.625,1788904.625,1715594.375,2091728.375,1954338.125,2068199.0,1541023.0,1573693.875,1368675.75,1374095.625,1533932.75,1616659.75,1566618.0,1554120.875,1569687.875,1753642.625,1689262.75,1608244.125,1674478.0,1647291.75,1793451.0,1699320.75,1536294.875,1676435.75,1666371.125,1662381.25,1867910.625,1982209.125,1704718.0,1708096.0,1651161.625,1633943.875,1398531.125,1470775.0,1957081.0,2028032.0,1926669.5,1977411.0,1613681.5,1545271.5,1836572.75,1690559.0,1763005.375,2026629.0,1298923.875,1333925.0,1447730.875,1386262.25,1424849.5,1531267.5,1774450.625,1701413.0,1490513.0,1373027.75,1579805.625,1370035.25,1502092.625,1365905.25,1598396.625,1472889.75,1493740.25,1489146.25,1525352.25,1428316.375,1151893.625,1166444.625,1682275.5,1440078.625,1777798.875,1808930.875,1654956.75,1569554.375,1676084.75,1708911.0,1702146.875,1666144.375,2059314.625,1839211.625,1559474.875,1507352.625,1613470.125,1415927.875,2143494.25,1959381.375,1920209.875,1739927.375,2007287.25,1760134.5,1743815.5,1616029.75,1880431.875,1809863.375,1974292.25,1894629.0,1780333.125,1612900.875,2149299.25,1926503.5,1662801.875,1604258.75,1943788.875,1707746.875,1972719.75,1895264.625,1678591.375,1640630.375,1844772.875,1719596.75,1797551.0,1664239.125,1964040.25,1816548.25,1924927.25,1766496.375,1965039.125,1968840.125,1894085.0,1896491.875,1772423.125,1736337.125,1590465.25,1666477.25,1973741.0,1694590.25,1811621.0,1593780.375,1796945.25,1839812.25,1767955.375,1830256.875,1688861.375,1899774.5,1969513.375,1962088.0,1831169.5,1894976.0,1696142.875,1793205.125,1920955.375,1904630.125,1837429.875,2019395.375,2025098.0,1924195.375,1895521.375,1800279.25,1954988.75,1895243.875,1881820.5,1853848.0,2169930.25,2101636.75,1869161.875,1711013.125,2061499.375,2038502.625,1701410.625,1834244.375,2027188.0,1930205.0,2174957.0,2201349.5,1712614.25,1543107.75,1659422.125,1525762.0,1360984.25,1473794.125,1476100.0,1453295.0,1675023.375,1595301.875,1914904.0,1749518.5,1276271.0,1241718.75,1470273.5,1416410.5,1588675.875,1479282.75,2001790.625,1835680.375,2396917.5,2246854.75,1595818.0,1595573.5,1780522.0,2013806.5,1629293.125,1715552.625,3050765.0,3020214.5,1647761.625,1603421.25,2331395.25,2431462.5,1642677.75,1766634.125,1943461.75,1832634.125,2878967.75,2494013.75,2345869.75,2596683.0,2637233.0,2974580.5,3145980.25,3189072.5,1842439.875,2227951.75
79,2048382.5,1893093.875,1937866.5,1985212.125,2071874.25,1994230.875,1782227.625,1698028.625,1823320.25,1700790.25,2333745.5,2288005.75,2237412.25,2203680.5,2281613.0,2137566.25,1747808.5,1874665.5,2185263.75,2355129.5,1932259.625,1951583.0,1928102.125,1790955.25,1882663.0,1888814.75,1671533.375,1900821.125,1879454.625,2179384.25,1707054.875,1811859.5,1588348.25,1675945.625,1577312.75,1570403.625,1634931.875,1789114.5,1717464.625,2090416.375,1959182.625,2071599.125,1543904.875,1573573.0,1370209.5,1375648.5,1537337.0,1619537.25,1568893.0,1555964.125,1571421.375,1753742.75,1689383.25,1610391.5,1672050.625,1647078.5,1790589.0,1699815.375,1533994.625,1678106.25,1663583.875,1661378.25,1865413.25,1984444.0,1708975.625,1711336.125,1652553.0,1634243.125,1403634.25,1472568.25,1953596.375,2027274.625,1927201.75,1977057.625,1611358.5,1542743.625,1844908.25,1693175.75,1763219.25,2023438.375,1296771.5,1331461.375,1449385.75,1387707.25,1423460.25,1531532.875,1773536.5,1699111.75,1490930.0,1376601.875,1577656.125,1369903.75,1503579.0,1365342.25,1599884.625,1474335.25,1492345.375,1488312.375,1523596.5,1426460.375,1152616.5,1167241.0,1683326.875,1440831.75,1775464.125,1811539.0,1652792.75,1569886.0,1675300.125,1707471.0,1702247.75,1665458.375,2058988.0,1834028.25,1559123.25,1507487.375,1614308.75,1424035.75,2146414.25,1958213.375,1919158.75,1739078.375,2007892.125,1761716.25,1742005.875,1617402.75,1874937.125,1808886.875,1974962.0,1892760.75,1781783.125,1613075.25,2143848.75,1926147.5,1660123.875,1608219.625,1940008.125,1707911.625,1971963.0,1892745.625,1678195.375,1641792.0,1843891.5,1723406.5,1793038.25,1661973.75,1965183.25,1815502.0,1927914.0,1768830.375,1964834.5,1968062.875,1894439.875,1897365.875,1772612.0,1736429.5,1588062.25,1665489.25,1972060.125,1694231.875,1810276.625,1595022.25,1798483.0,1841972.625,1769592.375,1833059.0,1689343.375,1900095.5,1966236.5,1961758.5,1827494.625,1895917.875,1692274.125,1793283.25,1918000.0,1901275.75,1839624.0,2020852.5,2028185.875,1929473.125,1895453.0,1799992.5,1956152.625,1899245.875,1886161.375,1856705.0,2173705.5,2107413.5,1868948.0,1712564.625,2060141.5,2037739.75,1704369.125,1835260.5,2027338.375,1932388.5,2175880.5,2201877.5,1711056.875,1543504.0,1658268.0,1526570.875,1364119.25,1477102.5,1477869.625,1454980.5,1672667.25,1595200.25,1911754.25,1748914.875,1277122.125,1240502.625,1469822.0,1413550.375,1587604.75,1479074.875,2000737.375,1834407.5,2400520.25,2243555.0,1594794.25,1596098.625,1786290.375,2014625.75,1631527.25,1716625.625,3041198.25,3014491.25,1647794.375,1604218.625,2331501.25,2430911.75,1640741.75,1766229.375,1943280.375,1833396.875,2876459.25,2489779.75,2342768.5,2595335.5,2632662.25,2971848.0,3138820.0,3181780.25,1841407.625,2227564.25
80,2049697.125,1895007.625,1938107.625,1990718.125,2071937.625,1998372.125,1778626.375,1696225.5,1825967.625,1700517.625,2334004.75,2290568.5,2238524.25,2205275.5,2280334.75,2138869.5,1748727.5,1879389.25,2188981.75,2361867.5,1930225.375,1954561.0,1926012.0,1795373.125,1880342.0,1889179.5,1673509.75,1902116.625,1878564.125,2180421.75,1705444.75,1811768.0,1582122.25,1674242.0,1574369.25,1569155.125,1634985.0,1791781.5,1714751.75,2092023.375,1960528.0,2074371.625,1545005.75,1572955.0,1372325.75,1378125.75,1540222.0,1620716.625,1572249.0,1560469.125,1573057.625,1754371.875,1688504.875,1610714.25,1670091.5,1646022.75,1788878.125,1699340.25,1530797.5,1677010.75,1661562.25,1661373.125,1862660.0,1984283.0,1709168.0,1710173.875,1654390.25,1634621.0,1408012.625,1471659.125,1950445.875,2022525.125,1927834.25,1979035.0,1611253.125,1543199.125,1852967.875,1697424.25,1767919.625,2026215.5,1296052.75,1328965.25,1450837.125,1387461.875,1419674.125,1533818.5,1774971.5,1698741.0,1490773.625,1376573.0,1578021.25,1370532.375,1500413.625,1361847.375,1602671.875,1475148.125,1490050.25,1486229.375,1524367.0,1423500.0,1152616.25,1163866.5,1680389.25,1436397.375,1773930.0,1810493.5,1652913.25,1567327.0,1675830.125,1703358.625,1698335.25,1661642.125,2057441.125,1836231.125,1556538.125,1506378.625,1612518.75,1423526.375,2143115.25,1960054.875,1920190.0,1739389.625,2006307.625,1763558.25,1739346.25,1617762.125,1871938.875,1806459.75,1974418.5,1890305.25,1779907.875,1612810.0,2143930.25,1927251.625,1655245.875,1610219.0,1937728.75,1711069.25,1969895.75,1893409.375,1673915.125,1641295.0,1839720.75,1725070.75,1787843.75,1660321.875,1963073.125,1812091.875,1926343.375,1767634.625,1964381.375,1966829.0,1893751.875,1896474.875,1771246.25,1736257.875,1584226.0,1667101.375,1970627.125,1692614.0,1808574.0,1593718.5,1797059.625,1841049.5,1774263.0,1836740.375,1689605.25,1903602.875,1964255.5,1961255.375,1824073.5,1896004.5,1685335.25,1795636.5,1916841.75,1899239.125,1841976.625,2023831.75,2028008.625,1931200.5,1893650.375,1799797.75,1958163.5,1901011.375,1886805.875,1856887.625,2176829.0,2108983.0,1871054.25,1716467.5,2058357.0,2037038.25,1709238.5,1835633.625,2024943.625,1933110.625,2174265.75,2200190.0,1709543.75,1543419.625,1655749.25,1528857.25,1365170.625,1477184.0,1481302.5,1455371.375,1672415.625,1596255.125,1909571.125,1747739.0,1278028.25,1241302.625,1471026.875,1411598.125,1589161.625,1482683.625,2000844.125,1836288.375,2403101.0,2246364.75,1594479.125,1594263.125,1792215.625,2017178.0,1631347.5,1715493.125,3040772.5,3015276.5,1646235.375,1602293.25,2333431.5,2431433.0,1641880.75,1764827.875,1943774.25,1831580.375,2875861.0,2492209.0,2344695.25,2594130.75,2632761.75,2970435.5,3139953.75,3180618.0,1843236.125,2228138.5
81,2052245.875,1898512.0,1937291.125,1993750.75,2071379.125,1998102.625,1778953.0,1696489.375,1831504.5,1700929.0,2338387.0,2294110.5,2238122.25,2205125.75,2279155.0,2139471.75,1750149.25,1881379.75,2193463.0,2367650.0,1932504.5,1958698.25,1923805.0,1798063.875,1880707.875,1889541.125,1675372.75,1905032.25,1877355.25,2175677.25,1706566.75,1810998.125,1577730.0,1671921.125,1572551.0,1568973.0,1632973.25,1794010.875,1709885.0,2093771.625,1957102.625,2073480.875,1543944.75,1574061.0,1372063.5,1377364.5,1540045.25,1619740.5,1571095.375,1560846.625,1572332.375,1756278.125,1687976.875,1609931.5,1670659.875,1644737.25,1789537.5,1697061.375,1530822.125,1675692.625,1662850.75,1663826.125,1861524.375,1983805.5,1705627.625,1706750.375,1653326.5,1633691.5,1407554.125,1469528.875,1951874.5,2019239.625,1928267.625,1982061.375,1613958.0,1544699.25,1854914.75,1699626.875,1772165.5,2030067.375,1298243.25,1330586.125,1451309.5,1387924.0,1418957.0,1534541.375,1777068.0,1700805.875,1491485.25,1372457.25,1580580.625,1370990.375,1497855.25,1360276.25,1603065.375,1475884.0,1488577.25,1485152.375,1526570.0,1425453.0,1153097.25,1163211.875,1679055.25,1434857.125,1775669.25,1808647.125,1654383.625,1566286.375,1677709.25,1702472.875,1696565.75,1658444.0,2056340.875,1843232.625,1554340.125,1506748.625,1611103.0,1419242.125,2137823.25,1963705.5,1924362.875,1739260.0,2007366.5,1762365.125,1739229.625,1618402.375,1874738.875,1806657.875,1972339.5,1889265.25,1777270.875,1612738.375,2147326.5,1928835.875,1655790.0,1608129.625,1940174.5,1715363.375,1968061.0,1893352.125,1673623.25,1640780.875,1837874.375,1723853.375,1789286.5,1660103.625,1960617.625,1811406.25,1923396.875,1764723.625,1964914.625,1967769.375,1894020.625,1896300.375,1770462.25,1736142.0,1584531.875,1668058.125,1970187.25,1690990.375,1808779.25,1592197.0,1794273.25,1837100.5,1777107.125,1838007.75,1690000.75,1907892.75,1967696.25,1961638.5,1825331.375,1895708.75,1685907.75,1798260.0,1918640.125,1902466.125,1843986.5,2024351.0,2027739.75,1931312.5,1893149.625,1800470.375,1961596.5,1902284.5,1884276.125,1855182.5,2175542.5,2106817.75,1870661.625,1717223.75,2057677.5,2036535.875,1708920.375,1833719.125,2023660.25,1932662.375,2172031.5,2199042.75,1708950.375,1542983.0,1655196.625,1529765.5,1363047.75,1474529.0,1481315.125,1454886.125,1675968.375,1597366.5,1911070.625,1747935.375,1279159.5,1243294.375,1474934.625,1411551.875,1590947.75,1484065.875,2000203.5,1837970.375,2401547.0,2248926.0,1595294.75,1593520.875,1790638.75,2016177.125,1629849.75,1713664.625,3046158.5,3018859.25,1646685.75,1599764.625,2328578.5,2428269.75,1643394.875,1763455.375,1942826.625,1829833.125,2872048.0,2492485.75,2344718.5,2591679.5,2632543.25,2967283.0,3141481.75,3181905.0,1842795.125,2226387.5
82,2050857.875,1893894.0,1933794.25,1989528.5,2069800.375,1996149.25,1779393.375,1695968.625,1831625.125,1701666.0,2343281.75,2295540.5,2240883.0,2206375.5,2283077.5,2141384.5,1749950.0,1880208.625,2194713.0,2365552.0,1933833.625,1959728.0,1924621.75,1798558.125,1881347.375,1887998.5,1674302.0,1907788.875,1874028.375,2174335.25,1705974.5,1813908.875,1578762.25,1671888.125,1573803.625,1570755.625,1631435.625,1795722.5,1710259.625,2094224.25,1958892.25,2072016.625,1544179.125,1575228.875,1369277.125,1374008.5,1539095.75,1618765.375,1565767.125,1555105.75,1571217.125,1758717.25,1688367.875,1610678.25,1670699.5,1645395.0,1790185.5,1697533.25,1530089.75,1677124.25,1666096.625,1669329.625,1861789.125,1984134.5,1703887.5,1705928.0,1650138.25,1631970.5,1406871.125,1472341.25,1956197.5,2022621.375,1931165.125,1986080.125,1615485.875,1546500.0,1858560.0,1700952.25,1773116.375,2030103.125,1299369.375,1332410.75,1451490.5,1387982.875,1421606.5,1533135.5,1776310.625,1702453.125,1492049.125,1371999.875,1580198.375,1370109.75,1495939.125,1361697.25,1600658.25,1476136.375,1488272.625,1485120.875,1524447.625,1428924.5,1153201.25,1166273.5,1680828.25,1436833.375,1778998.625,1806393.25,1654276.375,1567695.75,1677428.75,1704519.875,1697015.75,1657065.875,2056221.75,1842118.5,1553249.125,1508905.0,1610312.0,1419666.375,2138277.0,1962603.75,1927851.875,1737647.25,2011417.125,1759666.0,1738553.75,1619401.25,1874763.75,1807371.875,1971723.75,1889536.625,1779279.375,1611348.25,2145750.25,1928580.75,1660419.0,1604401.0,1939371.75,1713552.75,1967876.5,1890377.5,1676518.75,1643498.875,1837910.0,1722866.375,1794463.0,1661714.75,1959682.0,1812068.5,1923099.75,1762751.625,1965162.125,1967477.5,1893244.375,1894537.125,1770746.75,1736668.375,1588096.375,1666751.625,1969618.25,1689996.25,1809498.75,1593522.75,1796665.875,1837651.375,1778511.125,1837504.625,1691891.375,1911904.125,1972467.125,1966128.5,1828202.125,1898240.0,1692355.875,1801066.25,1917333.375,1903447.0,1846394.375,2023130.0,2030184.5,1933220.125,1892180.0,1800277.5,1963450.625,1904894.0,1883690.375,1854639.625,2174736.25,2107554.5,1868536.875,1715249.875,2060181.875,2038172.875,1709560.5,1834372.75,2028223.875,1933416.375,2170564.0,2200456.0,1710659.625,1544226.5,1658533.25,1529018.0,1364364.25,1474923.375,1478398.375,1453017.625,1678670.0,1597538.625,1914298.625,1748522.75,1279749.375,1245975.0,1474403.5,1412618.75,1589367.375,1483033.875,1997507.875,1836430.875,2399324.25,2246442.5,1595333.75,1593720.25,1786969.25,2010354.5,1628845.75,1713150.875,3044792.75,3017773.25,1647908.375,1599587.75,2322031.75,2420502.5,1642418.75,1760975.25,1940837.75,1830128.0,2867629.5,2487322.25,2340534.25,2589529.5,2629817.0,2965521.25,3139257.5,3181027.25,1839495.125,2221843.25
83,2049525.375,1887975.25,1932473.875,1982169.875,2069820.125,1994173.25,1776796.25,1694064.0,1827570.625,1702318.125,2344564.25,2294334.5,2245406.75,2208145.25,2284190.25,2141012.5,1749177.625,1878441.125,2190608.75,2358616.25,1931238.375,1957512.875,1926012.625,1795665.125,1881053.625,1886309.5,1673377.625,1907195.25,1874817.875,2179168.0,1706558.375,1817205.125,1582649.625,1671374.125,1576427.0,1571954.875,1633442.75,1796363.375,1715967.125,2093408.25,1965353.25,2072939.0,1546384.5,1575029.625,1368447.375,1374293.125,1539772.875,1619146.125,1563478.0,1550244.375,1572683.0,1759714.75,1688093.125,1611381.75,1670757.875,1647622.875,1789745.5,1701406.75,1529429.0,1679643.125,1666349.75,1671914.25,1862912.0,1983169.75,1705119.5,1706985.5,1649970.5,1631695.0,1409098.5,1477433.125,1956108.375,2026185.125,1933118.125,1988664.0,1612681.625,1548187.25,1857473.625,1700832.25,1770969.375,2029381.375,1297225.125,1330601.5,1452347.375,1386855.75,1423510.875,1532619.75,1773626.0,1703217.25,1490946.25,1376034.0,1577189.375,1370146.75,1496188.5,1362476.0,1600839.0,1474790.125,1489523.875,1485792.5,1521756.5,1428146.875,1152737.125,1166704.375,1682123.25,1437188.375,1779816.25,1803447.125,1653704.125,1567925.875,1678485.25,1705958.5,1697346.5,1657249.25,2057459.75,1835530.5,1554510.875,1508990.625,1609580.25,1422313.5,2144996.0,1958671.75,1926001.375,1737052.625,2011558.125,1759800.5,1736953.25,1618150.5,1871428.875,1807027.75,1972673.25,1889691.125,1783046.75,1609617.625,2143560.25,1927262.5,1662172.125,1604491.75,1935191.625,1707597.625,1968659.25,1889882.5,1676236.0,1645013.625,1838451.25,1723381.0,1795067.625,1662752.625,1960105.5,1811059.0,1923600.75,1761547.0,1964513.75,1963923.25,1891623.0,1891000.625,1770712.75,1737518.875,1587609.625,1666126.875,1969810.625,1691139.25,1808815.625,1595404.125,1800393.875,1842356.75,1779486.375,1837390.0,1693511.0,1911509.25,1969674.0,1969077.75,1825964.625,1899817.0,1691041.0,1802124.375,1915643.75,1901519.0,1847611.375,2023263.75,2031623.75,1933814.125,1891312.125,1799162.625,1962357.625,1905471.75,1885648.0,1855833.125,2176557.0,2109234.75,1869341.0,1714423.875,2063167.625,2040958.5,1709712.625,1837299.875,2031910.0,1933023.0,2170557.75,2201318.5,1713974.25,1546542.5,1661807.625,1529414.625,1366874.125,1476715.625,1477064.25,1451323.25,1677856.625,1596940.625,1915400.25,1747755.0,1279206.5,1246362.75,1468879.5,1414583.75,1587858.375,1482922.875,1997382.75,1834454.625,2396906.75,2244296.75,1593079.125,1593358.875,1788492.125,2007356.875,1627889.375,1713797.625,3040867.25,3015416.75,1645939.5,1600623.125,2323024.5,2418571.5,1639710.25,1758725.125,1940660.0,1829267.875,2870086.25,2486684.5,2338897.25,2589084.25,2631464.5,2968445.25,3138744.0,3181226.75,1837874.375,2219412.0
84,2049657.625,1889498.0,1936094.375,1979549.0,2074162.0,1994021.75,1774139.25,1693108.375,1825714.25,1702962.25,2342435.5,2292014.0,2244841.25,2207423.0,2279321.75,2136279.0,1749733.5,1877150.125,2186897.75,2353627.75,1929527.375,1954591.0,1926806.5,1791566.75,1880105.875,1885724.125,1674426.0,1904396.25,1879885.625,2181053.5,1710886.125,1814749.75,1587156.5,1669463.25,1577509.375,1570870.0,1638383.75,1792783.5,1720013.5,2089976.625,1967268.375,2075244.625,1547540.75,1575594.75,1370927.875,1377866.875,1541302.25,1620979.375,1567104.875,1552162.875,1575389.875,1759102.75,1686735.75,1610299.0,1671317.0,1647411.0,1789398.0,1702527.75,1533466.125,1680906.125,1662187.625,1667609.875,1863082.875,1981769.375,1706963.875,1708022.375,1653179.25,1633721.625,1406415.0,1476229.375,1951138.625,2024117.625,1929832.125,1984771.25,1609553.875,1545834.875,1845742.25,1696494.625,1766962.625,2028388.5,1295810.25,1327784.0,1453156.0,1387550.0,1422412.75,1531814.5,1773356.625,1702613.75,1489682.125,1379325.375,1577131.375,1370920.125,1499009.625,1361523.25,1602942.75,1473773.625,1491720.75,1486518.5,1524040.375,1424919.125,1152982.25,1164988.75,1682414.5,1437787.125,1778525.0,1803566.375,1654213.375,1567253.75,1681613.75,1707102.125,1699381.5,1659530.0,2059063.5,1834627.5,1558138.5,1506740.125,1609853.75,1423398.875,2151032.25,1958797.5,1921875.75,1739022.75,2006353.625,1763034.875,1737164.75,1614466.875,1871403.875,1806743.75,1973783.75,1890026.5,1782612.75,1609329.75,2146964.25,1926067.25,1661759.25,1607967.625,1938210.375,1707862.5,1969465.25,1892847.75,1675708.0,1642753.0,1841561.75,1723677.875,1790805.25,1660820.0,1959545.625,1809306.25,1923466.375,1761260.5,1963348.75,1961406.125,1891678.375,1889646.25,1770025.5,1737459.875,1582932.375,1664958.0,1972417.75,1693142.0,1809426.375,1594232.5,1798526.125,1843313.375,1779633.25,1835806.5,1693070.375,1905025.625,1960239.125,1963370.625,1820089.125,1894791.5,1682029.625,1798707.125,1917646.75,1902272.5,1846906.75,2025637.625,2030271.25,1932785.0,1893525.875,1800076.25,1960962.75,1905297.875,1886274.625,1856708.125,2177918.75,2108925.0,1871717.125,1714314.375,2062829.625,2040296.75,1706022.375,1835512.875,2030296.875,1931030.25,2171965.75,2199948.75,1715311.25,1546647.625,1661667.875,1531316.5,1365395.125,1475865.625,1477652.25,1453325.0,1675182.375,1596491.375,1912994.25,1746868.25,1279694.375,1243916.125,1469658.375,1416272.75,1589680.0,1482214.0,2001256.375,1834758.0,2395306.25,2246829.25,1591723.125,1595375.125,1791650.0,2011825.75,1627848.375,1714519.875,3042542.0,3017887.0,1643907.875,1601555.0,2329204.5,2426965.75,1638077.75,1761851.375,1941970.375,1828984.625,2877626.0,2493949.5,2342871.75,2591942.75,2638425.75,2974092.0,3143057.5,3184429.0,1839515.625,2224086.5
85,2049180.0,1892899.375,1939058.0,1981398.25,2082696.625,1997997.625,1776059.25,1693540.75,1824394.5,1702612.25,2340654.25,2291656.25,2240977.0,2206279.0,2274707.0,2132113.0,1749503.125,1875337.125,2188803.25,2355142.0,1931492.875,1955126.5,1925037.875,1790626.75,1877934.125,1884943.125,1673951.0,1903010.375,1882189.75,2175787.5,1713386.125,1812889.625,1588629.75,1670158.75,1576529.875,1567771.625,1638989.375,1788929.375,1716967.0,2086906.75,1962980.625,2075614.5,1546407.625,1576864.125,1371715.375,1377986.25,1540573.25,1621606.75,1569659.75,1557240.125,1574984.25,1758493.375,1686871.25,1609454.875,1670962.125,1643697.375,1790716.875,1699153.75,1535746.625,1679585.75,1660108.125,1662688.375,1861658.375,1981189.875,1705320.75,1707339.875,1654336.875,1635402.5,1399324.25,1473841.0,1950334.125,2023450.625,1926837.75,1980852.75,1610862.0,1542932.375,1841219.875,1694724.125,1767082.875,2030790.125,1296492.125,1328512.375,1451989.875,1389725.375,1419366.375,1530321.375,1775854.75,1702038.75,1490417.25,1379921.75,1579274.75,1370632.25,1501053.0,1362407.375,1602278.75,1474930.875,1491350.0,1487345.0,1525853.5,1424950.125,1153434.5,1166457.125,1683022.125,1440498.25,1778701.5,1808308.75,1655379.25,1568082.5,1681036.0,1708373.125,1702553.125,1664759.5,2059194.25,1839648.25,1559883.875,1508201.125,1611338.125,1423068.0,2147976.25,1962429.5,1921493.125,1741817.75,2001781.875,1765026.375,1734858.625,1610089.5,1871258.25,1804221.625,1973514.5,1891158.375,1777557.0,1609509.625,2148353.75,1924976.5,1660771.375,1608315.25,1943331.125,1712046.375,1969792.5,1894887.625,1676668.625,1638876.75,1841749.0,1721234.25,1787729.375,1659637.125,1952108.375,1806018.625,1921342.25,1760391.5,1960848.25,1961766.5,1890766.0,1889043.625,1770101.0,1735972.75,1580673.0,1664083.625,1973736.375,1692937.0,1810832.0,1590866.75,1794507.0,1840943.375,1777985.0,1834014.125,1692530.375,1902488.0,1959119.75,1958296.25,1818712.75,1891570.25,1681807.25,1795300.125,1919014.25,1903023.5,1845919.25,2027109.625,2028061.5,1931040.875,1895898.625,1801593.625,1960576.0,1904742.5,1884009.75,1856161.25,2177524.0,2107591.25,1873641.75,1715551.25,2060528.75,2037046.875,1705636.625,1831933.75,2027559.875,1930869.625,2172518.25,2198889.5,1714634.75,1545383.75,1659185.5,1531162.125,1364771.875,1476829.125,1479750.25,1457740.875,1674780.875,1595866.125,1910219.5,1746199.625,1279319.375,1242923.0,1474957.625,1414948.875,1591033.25,1480811.25,2004450.0,1835730.5,2394363.0,2248998.0,1592201.25,1596613.25,1789027.0,2015255.625,1628113.25,1713990.875,3045606.25,3021001.0,1643495.125,1601764.625,2331376.5,2432799.5,1638896.75,1765583.25,1941438.375,1832033.25,2879320.0,2497702.0,2346154.0,2596102.5,2641117.0,2976022.25,3145519.75,3186195.25,1841435.875,2230081.25
86,2046620.0,1891712.375,1935965.75,1983411.875,2086745.25,2002057.125,1777675.375,1693755.75,1821359.0,1700992.0,2340827.0,2293816.75,2240322.75,2207017.5,2272766.5,2131263.0,1746683.125,1875062.25,2189821.0,2360380.5,1932469.75,1959868.125,1920593.25,1792753.5,1876500.875,1884731.125,1671704.0,1904014.625,1880384.0,2171603.0,1710101.875,1816666.5,1583221.75,1672045.875,1574084.75,1565139.625,1633932.375,1790011.875,1710589.875,2087616.0,1959455.25,2074917.5,1543087.75,1576530.125,1369298.25,1374746.5,1539251.25,1621235.5,1567839.625,1560010.875,1570847.5,1758255.875,1688145.25,1610169.0,1670085.0,1641647.0,1790853.25,1697252.75,1532313.75,1677577.125,1662779.5,1663170.125,1860737.375,1981139.0,1700976.0,1705910.125,1653485.125,1635930.875,1400765.875,1479815.5,1954254.125,2027700.125,1928702.0,1984094.75,1612042.625,1542674.75,1849390.5,1701082.125,1770821.5,2037410.0,1296113.0,1332198.75,1449461.875,1391461.625,1417588.875,1531463.875,1777078.875,1703522.125,1492328.375,1377804.75,1579081.125,1370864.125,1503726.375,1365941.875,1601945.625,1475916.75,1488381.0,1487473.25,1524162.625,1428657.5,1152769.0,1168366.0,1682895.625,1441823.375,1779613.0,1813869.0,1656621.375,1568232.5,1678792.25,1708885.875,1703590.5,1670853.25,2060752.25,1845467.375,1560085.25,1514267.5,1614037.25,1427362.375,2140100.75,1965473.125,1922593.375,1741881.25,2000421.25,1763408.25,1731482.375,1609036.5,1868893.375,1801322.625,1971596.125,1892930.0,1775417.625,1610396.75,2144122.25,1926511.5,1658153.625,1605993.0,1939922.5,1712152.125,1969108.0,1894106.875,1675671.625,1635911.125,1836176.5,1718406.375,1788292.625,1661300.625,1943728.625,1803529.625,1917978.375,1758319.0,1959286.875,1963806.0,1889577.625,1888964.75,1770845.5,1734867.375,1582280.375,1666954.5,1971238.375,1691501.0,1809031.25,1590069.375,1794564.0,1840818.625,1775417.0,1835291.75,1691623.875,1908340.75,1969177.125,1961960.875,1822932.75,1896814.625,1689901.125,1795873.5,1918716.0,1901188.5,1845544.375,2026140.125,2027815.375,1927854.125,1895042.875,1801269.125,1960115.875,1901230.125,1881565.875,1854342.375,2178025.25,2107740.5,1874835.5,1717678.625,2060830.875,2037130.625,1706731.75,1833567.125,2025815.875,1931827.25,2172529.75,2199575.75,1714192.875,1544890.25,1656652.125,1528159.75,1365796.75,1478877.875,1481646.5,1458800.25,1677603.5,1594790.5,1911028.0,1745748.5,1277907.375,1244603.375,1475130.75,1413316.625,1590029.125,1483148.375,2005563.125,1836788.75,2394990.75,2248742.25,1592873.875,1594220.75,1785778.625,2014800.375,1628007.25,1713346.125,3047850.75,3021727.0,1644432.875,1601532.625,2330706.0,2431516.5,1641737.125,1763760.625,1939658.25,1833350.875,2876538.0,2494994.0,2345521.0,2597029.0,2637467.75,2974135.5,3145685.75,3186190.0,1842346.125,2230330.25
87,2041436.0,1886323.125,1930450.75,1983450.125,2083303.75,2002653.25,1772207.0,1691707.0,1819507.0,1698794.0,2344722.25,2296424.25,2243441.75,2210145.25,2274190.5,2131633.25,1745500.875,1878618.375,2186838.25,2362081.5,1931565.625,1962447.0,1920086.625,1794977.25,1878072.125,1885440.875,1672042.0,1905907.0,1877349.0,2174523.75,1706938.875,1819572.75,1577262.75,1670701.125,1572677.25,1566105.5,1631822.5,1792144.125,1709716.375,2088332.0,1962188.5,2076862.375,1540375.5,1576080.25,1368030.875,1373383.625,1542809.75,1624441.25,1567355.25,1559415.125,1568393.5,1757324.5,1687570.5,1610544.5,1668936.75,1644103.125,1785920.125,1699493.625,1529245.0,1676927.375,1665533.375,1666126.125,1861170.625,1982174.625,1699519.625,1706200.0,1653805.25,1636203.125,1406205.0,1485392.375,1954219.75,2029116.875,1930689.25,1983521.25,1608350.625,1538461.875,1848076.125,1702435.375,1767830.875,2033347.875,1295889.25,1333932.75,1448402.125,1392656.0,1417327.875,1533402.625,1775741.75,1702694.125,1492820.0,1374614.375,1576331.125,1371547.375,1507052.25,1367123.375,1602705.0,1475716.375,1484752.5,1485763.625,1522731.625,1431033.5,1151443.75,1166737.375,1682426.5,1441438.125,1779282.25,1814362.625,1656482.5,1567132.0,1680982.125,1710052.125,1702299.0,1671013.125,2064099.375,1845785.375,1561522.0,1518768.0,1615970.0,1436294.125,2141268.5,1966530.25,1921784.0,1737132.375,1998919.5,1759786.5,1734331.875,1613816.125,1868737.125,1802870.75,1971325.0,1893042.25,1780742.125,1610990.5,2142093.25,1930236.625,1658123.75,1605945.875,1937310.5,1712152.75,1968670.875,1890860.875,1675873.0,1638522.75,1835397.0,1720288.75,1789891.125,1662044.75,1946317.25,1805287.375,1917699.5,1757506.5,1961459.75,1965992.0,1892936.125,1892875.25,1770473.5,1735740.375,1584673.625,1668202.875,1969381.625,1690630.875,1805903.625,1592267.5,1797495.625,1841982.125,1774967.875,1836327.875,1688474.75,1910377.5,1975689.75,1964542.625,1826640.125,1899592.125,1692421.5,1797171.125,1920457.0,1901711.125,1847421.25,2026289.0,2031137.625,1927712.625,1894561.625,1801469.0,1960586.375,1899863.375,1881521.625,1852298.0,2180127.25,2111577.75,1874659.5,1716727.125,2063222.5,2039690.125,1704094.75,1836602.25,2025741.25,1931349.625,2173013.0,2200190.5,1713600.125,1545096.875,1655761.5,1526551.125,1364166.875,1476751.75,1479858.375,1455531.125,1677665.625,1595016.75,1913781.75,1747211.5,1278321.5,1246858.0,1473191.625,1414988.125,1590074.125,1487421.875,2005554.0,1837911.625,2400472.75,2250158.0,1595130.625,1593994.875,1790456.125,2016418.0,1629645.25,1714325.0,3049185.75,3023819.25,1648265.75,1602635.0,2333656.5,2433854.0,1644653.375,1762445.25,1940503.375,1830692.75,2879492.75,2496132.5,2345893.75,2596310.25,2636856.0,2976824.5,3149589.75,3189546.75,1843570.5,2228924.25
88,2042138.0,1886395.625,1931785.5,1984249.25,2081876.5,2002915.875,1768309.75,1688932.75,1820049.875,1698959.625,2349927.25,2298142.0,2245457.25,2213304.5,2278492.25,2135156.5,1748977.125,1880481.25,2189316.0,2362952.25,1935503.125,1960346.625,1925804.5,1795602.75,1879644.75,1885285.5,1670964.125,1902801.0,1878342.75,2178615.5,1710680.5,1818415.625,1577612.25,1669644.0,1573825.25,1568891.0,1634843.125,1793157.625,1712927.0,2087668.0,1965820.0,2079147.0,1542718.625,1577847.625,1368159.75,1374452.75,1547353.75,1627839.625,1569677.5,1556953.5,1569389.75,1756751.875,1687128.875,1610809.375,1668845.875,1646149.75,1783066.625,1701305.0,1528415.5,1675105.375,1667146.0,1667131.5,1862029.375,1983003.625,1702470.125,1708115.25,1654950.5,1636096.75,1400646.75,1481056.0,1950261.625,2026244.125,1929978.5,1975587.875,1605109.75,1532943.625,1836342.875,1693951.0,1760812.125,2019614.5,1298137.625,1332340.5,1449849.125,1392458.75,1415641.75,1532082.25,1774572.875,1698764.25,1490326.5,1373160.5,1573464.125,1369934.0,1505040.875,1365291.25,1600139.125,1476296.125,1480543.875,1484749.0,1520245.625,1429407.375,1149808.125,1164235.625,1682541.125,1441294.75,1778399.75,1807624.125,1653854.625,1566655.125,1684638.75,1712313.5,1700175.75,1665436.125,2061928.5,1837260.625,1561225.625,1518508.125,1614753.125,1437118.0,2147635.0,1963775.5,1921508.5,1733515.375,1995402.25,1758236.25,1737367.875,1616624.625,1868864.625,1804343.625,1973036.25,1890687.25,1783463.5,1610101.125,2144704.25,1930185.75,1661498.5,1607359.75,1942749.875,1715471.5,1969807.25,1888562.25,1677879.0,1643569.875,1841084.375,1724596.0,1789511.75,1661433.125,1954463.0,1807724.375,1920546.125,1759493.375,1964602.125,1966138.375,1898492.375,1898478.0,1770582.25,1738170.875,1586729.0,1665570.75,1971624.5,1691119.875,1805968.25,1593172.25,1798279.75,1842002.375,1777298.0,1835372.875,1688101.25,1906329.0,1974353.375,1960778.0,1827543.0,1895294.5,1691176.75,1798560.125,1923402.625,1906347.125,1851104.125,2027873.75,2035224.375,1933508.0,1895668.0,1802213.75,1962615.625,1902838.75,1884562.875,1854049.5,2180456.25,2114493.75,1873447.75,1713914.5,2062791.875,2039837.375,1705920.125,1837097.0,2027478.75,1929247.0,2172542.75,2199122.5,1712568.875,1546511.125,1655417.75,1527760.0,1364022.625,1476407.125,1475864.875,1452498.25,1673497.5,1596344.5,1914170.25,1748973.125,1278042.625,1249087.625,1473516.25,1417153.0,1591460.75,1487208.0,2001233.0,1836127.75,2405357.0,2251780.25,1596951.5,1596506.75,1798251.75,2018001.125,1631656.5,1715698.625,3044153.25,3023374.0,1650745.25,1604202.0,2334469.0,2437599.0,1644382.125,1764696.625,1943017.625,1830206.375,2880260.25,2497840.0,2347033.0,2596120.25,2638517.0,2979007.75,3148244.25,3190137.75,1844242.0,2229328.5
89,2050101.125,1894547.25,1937288.125,1986521.0,2081828.0,2001162.25,1774188.375,1691281.875,1822335.375,1704385.25,2348981.5,2298073.5,2243057.5,2211056.5,2280693.0,2140873.75,1752055.0,1877717.875,2195085.75,2366083.75,1941257.625,1959075.375,1930423.125,1794805.75,1880438.875,1885614.75,1665935.125,1896398.25,1882924.875,2178187.5,1715722.125,1815414.0,1580123.0,1671866.125,1574564.0,1569179.0,1637548.125,1794804.25,1713825.625,2089793.25,1964806.75,2078652.0,1545779.125,1578842.125,1368281.25,1376313.25,1546760.875,1626004.625,1571865.375,1557234.875,1569774.375,1756860.0,1690359.125,1613070.5,1672163.25,1646160.875,1789149.25,1702741.375,1533218.5,1676019.875,1668820.875,1668291.5,1863042.5,1982815.75,1707141.875,1711154.875,1656937.875,1637913.0,1392924.125,1474064.0,1949479.375,2025396.375,1930049.125,1975572.375,1607402.375,1534921.75,1837504.0,1692170.875,1762286.0,2017063.875,1298822.125,1330424.875,1453081.125,1391209.75,1413356.375,1528473.125,1775398.5,1698309.75,1486506.125,1371917.125,1572896.125,1367244.375,1498861.5,1364611.375,1596184.625,1476254.125,1478557.125,1485312.375,1516547.625,1426223.5,1147826.75,1162314.5,1681561.625,1439441.0,1776628.25,1800343.25,1650757.625,1565893.375,1684989.5,1712045.75,1698883.375,1661725.5,2055274.625,1829730.875,1560593.125,1512415.375,1613760.75,1427693.5,2145857.0,1958885.375,1921481.875,1736851.25,1994485.75,1760563.375,1737441.25,1615663.625,1868630.875,1803507.125,1974402.375,1890901.5,1781315.125,1612812.875,2147886.25,1927684.625,1661235.75,1606046.5,1946066.0,1715661.0,1971756.75,1890079.5,1677040.625,1643164.25,1841956.5,1724549.625,1789052.375,1662151.125,1958946.75,1809758.375,1923510.375,1764322.375,1965354.0,1965236.75,1899931.625,1900191.25,1774739.75,1741596.875,1589326.25,1667103.625,1976338.75,1694064.0,1810731.0,1595407.875,1796391.625,1842702.875,1780558.875,1836006.375,1692806.25,1906498.875,1971616.625,1959401.5,1828312.625,1895238.25,1691284.25,1801253.125,1923544.75,1909054.25,1850808.0,2027571.875,2035764.75,1937360.375,1893354.375,1801318.0,1963703.75,1905156.5,1888259.875,1858634.125,2179502.0,2111944.5,1870220.875,1711612.0,2060283.125,2037676.75,1709586.875,1835378.375,2027751.25,1926349.75,2171388.25,2196990.0,1710222.375,1546829.125,1653977.375,1527996.75,1363332.0,1476244.5,1472611.75,1451116.0,1670664.875,1596178.0,1912563.75,1747822.375,1277480.5,1248696.625,1474056.125,1416592.25,1591627.125,1482994.625,1994286.125,1832366.25,2405282.25,2251177.25,1594713.125,1597122.25,1799413.5,2018211.75,1630989.75,1716219.625,3038068.0,3018486.5,1648279.25,1603999.75,2330715.75,2434550.75,1641695.5,1765071.625,1943375.625,1834737.375,2873331.75,2493807.5,2346060.25,2595878.5,2635668.5,2972510.0,3138007.75,3183100.75,1842875.25,2229730.0
90,2053590.5,1898373.375,1937856.375,1986665.0,2076789.5,1994452.625,1782266.625,1699102.25,1825860.5,1709212.75,2343511.25,2295408.75,2239075.5,2204839.5,2278269.25,2140161.0,1750583.375,1875846.0,2191678.25,2363364.75,1938805.5,1957895.0,1929220.625,1792794.5,1884351.75,1889024.875,1668066.5,1898616.25,1883746.625,2177024.25,1713332.5,1812294.125,1580985.875,1673637.875,1573877.375,1568244.625,1636628.625,1793310.75,1713526.875,2092844.0,1963037.0,2076375.625,1544163.25,1577250.75,1369955.0,1378165.75,1544750.375,1623949.875,1572307.5,1560033.5,1569588.0,1755400.125,1693312.25,1614705.125,1675656.875,1648255.0,1794342.75,1705517.125,1543883.125,1683133.375,1668847.75,1669827.875,1865418.75,1983542.5,1709580.5,1712547.75,1657973.875,1640272.375,1396875.125,1471626.875,1951455.375,2026240.0,1930850.875,1983875.5,1610801.625,1540873.375,1849870.75,1699338.875,1769574.25,2025972.625,1296796.75,1329674.75,1455828.125,1390159.5,1414283.625,1525782.25,1776963.875,1700837.25,1485603.375,1369049.25,1576147.5,1367713.625,1497778.375,1365766.5,1595085.875,1473273.375,1482440.25,1485218.875,1518300.625,1425358.625,1148292.75,1161494.0,1680447.5,1436343.25,1774244.375,1801280.625,1650843.125,1566198.875,1682740.125,1708447.5,1699605.0,1661968.5,2053534.0,1832425.5,1561584.75,1505469.5,1613498.0,1417624.5,2138651.0,1958128.25,1919482.625,1739231.625,1999166.375,1761558.75,1742773.75,1619804.875,1873566.0,1806645.0,1976495.625,1894881.25,1783921.25,1618181.0,2150294.5,1929057.625,1657577.0,1601990.375,1944441.625,1709751.75,1973648.25,1892247.875,1676361.375,1640189.5,1838086.75,1720355.625,1791877.875,1663414.5,1963187.375,1814463.5,1925761.0,1769221.0,1964947.875,1965623.125,1896772.875,1896929.875,1778580.5,1742854.625,1591327.5,1671873.75,1978708.875,1696128.125,1815846.75,1600050.5,1795105.875,1843059.375,1778876.875,1836800.25,1693962.125,1906540.375,1969607.25,1963113.375,1828316.125,1900534.5,1690412.125,1800035.125,1921214.125,1906680.625,1845398.375,2024829.125,2033387.125,1933231.0,1889767.625,1800317.75,1962307.0,1905217.25,1887852.125,1858446.875,2178559.0,2107587.75,1865849.125,1710275.0,2059165.5,2036092.5,1704681.0,1831367.0,2025301.625,1926158.0,2171249.75,2196123.25,1706650.75,1543575.25,1653846.875,1525262.625,1357290.375,1469626.75,1472526.375,1450499.75,1670287.375,1594580.125,1912007.375,1746173.125,1278249.5,1244746.75,1472036.125,1413802.125,1589152.125,1479358.375,1993446.0,1831651.25,2403210.0,2248872.5,1592649.875,1595625.375,1791628.25,2017711.375,1628956.5,1715819.875,3040842.0,3016318.0,1645242.125,1602371.625,2330970.75,2430431.0,1641134.75,1763899.75,1942801.0,1838002.25,2871527.0,2492845.0,2346340.0,2596412.25,2632941.0,2966530.5,3134230.25,3178635.25,1841988.5,2230244.25
91,2054060.125,1898394.0,1937579.25,1987664.75,2071736.75,1989551.875,1785180.625,1704409.375,1827698.25,1707636.125,2341198.0,2291773.0,2235708.5,2200404.25,2275513.25,2136150.5,1748139.25,1876742.5,2184573.75,2356291.0,1932636.5,1952552.875,1926646.0,1790716.5,1888471.5,1892755.25,1675068.625,1904687.75,1881861.25,2178343.0,1706812.375,1810456.875,1580203.75,1673643.625,1573585.625,1568261.375,1631721.125,1789651.5,1710833.375,2093025.625,1961031.625,2072123.625,1542128.5,1575435.125,1371048.5,1378183.5,1541642.75,1622149.75,1569039.875,1558289.0,1569722.125,1752771.875,1691681.125,1613528.0,1674601.625,1650614.625,1791871.5,1703957.25,1546365.875,1685133.875,1668113.375,1667398.25,1868855.75,1984816.375,1708516.0,1710457.875,1654977.625,1638224.375,1405182.25,1472841.25,1951921.125,2026072.125,1929068.5,1986979.875,1610455.0,1545087.75,1855063.5,1704260.875,1772179.25,2032319.375,1296778.875,1330381.5,1454891.375,1390302.5,1418305.75,1526061.375,1776687.125,1701918.875,1488298.0,1367305.625,1581041.625,1370594.375,1501299.125,1367707.375,1596705.75,1470921.75,1489674.0,1485522.375,1523754.0,1426742.0,1151723.0,1163168.375,1680360.0,1435763.25,1772822.25,1808577.25,1653677.625,1568662.625,1677908.0,1705003.875,1699235.0,1663275.5,2055311.5,1839088.25,1558100.75,1502974.0,1609609.125,1410114.25,2133370.75,1960022.25,1918041.0,1735265.25,2004259.0,1758367.5,1749842.375,1625859.125,1883091.375,1811987.875,1978398.375,1896598.375,1786280.125,1617290.625,2153197.75,1931320.25,1657832.25,1600579.875,1943980.375,1703565.0,1974275.5,1892570.0,1678162.125,1639505.5,1837189.875,1717751.875,1795066.0,1663938.375,1969332.0,1820491.75,1926696.25,1770946.625,1965367.875,1967175.375,1893660.625,1893343.125,1775921.0,1739113.875,1590397.625,1673003.75,1975645.0,1693617.125,1815197.0,1598941.125,1795558.375,1839896.625,1770396.125,1834905.625,1689964.25,1901768.375,1969759.75,1966353.125,1826654.875,1901603.875,1692809.125,1794650.125,1919228.25,1902970.375,1840186.75,2019373.5,2031815.75,1928411.5,1890302.0,1799915.25,1959674.0,1902989.75,1883712.875,1854440.375,2174862.25,2104418.5,1865544.125,1712951.25,2059248.375,2037461.875,1700032.0,1831070.875,2023133.25,1930009.75,2172394.0,2198005.0,1706451.25,1541401.875,1656501.375,1522658.875,1355730.125,1467899.0,1477682.625,1451690.625,1672183.75,1595397.625,1913722.0,1747857.375,1275254.5,1241648.0,1467355.75,1411554.875,1583788.25,1477101.625,1997579.125,1834090.625,2398014.0,2243557.25,1595190.5,1594183.75,1781942.125,2010610.0,1628128.25,1715537.5,3045289.75,3014949.25,1645554.25,1601413.25,2331910.5,2429304.25,1643040.25,1764688.25,1943596.25,1835963.75,2874129.75,2494831.5,2347153.5,2595307.5,2631841.25,2965175.5,3138145.75,3179965.5,1842888.5,2229537.5
92,2055957.625,1900032.625,1938989.875,1988986.125,2067876.0,1987868.0,1783124.75,1701125.5,1824455.875,1703320.625,2340829.25,2289705.5,2232971.0,2198515.5,2275583.75,2137960.25,1748153.5,1876662.875,2183853.25,2354244.0,1931448.5,1948467.125,1925792.5,1789615.375,1887019.75,1891235.0,1673321.5,1902011.25,1881000.125,2180190.0,1702748.625,1810051.125,1577727.25,1674283.25,1573985.0,1567843.125,1627783.125,1792087.375,1706391.125,2093662.125,1956854.75,2068477.0,1543161.375,1573329.75,1369417.875,1376222.125,1534784.625,1616409.25,1565883.625,1554619.75,1569067.625,1751519.75,1688665.75,1612750.0,1671459.5,1649045.625,1789024.0,1698012.25,1536736.375,1677430.5,1668935.75,1663626.875,1870119.5,1985683.25,1706943.5,1707834.875,1650540.5,1632781.5,1408200.5,1474201.0,1952204.75,2025806.375,1926598.375,1983923.875,1608853.0,1545183.5,1853209.375,1705863.0,1768547.0,2030465.375,1297403.25,1332088.375,1450469.75,1391034.5,1421814.375,1528039.875,1773840.75,1701286.75,1490407.375,1368150.75,1582923.375,1371490.875,1501894.125,1368518.875,1598769.375,1471626.375,1493158.25,1487186.0,1524465.625,1426399.125,1152859.625,1164146.375,1679973.375,1437097.375,1772827.0,1812790.375,1654880.625,1569016.25,1673609.25,1704411.375,1696868.75,1664274.0,2056458.875,1840839.5,1554451.875,1501709.0,1606950.0,1409095.625,2136044.5,1959529.375,1917750.125,1732532.25,2004750.75,1756139.5,1749370.25,1624511.0,1888142.75,1812911.375,1977778.25,1893485.625,1782335.125,1612007.5,2154372.75,1930073.5,1662313.375,1604230.0,1943095.625,1702896.75,1973071.25,1892435.25,1678848.375,1640008.75,1838800.0,1719099.75,1795425.625,1664232.625,1971398.625,1822443.0,1926129.375,1769569.375,1966177.75,1969391.25,1893117.125,1893473.375,1770334.25,1734181.875,1587775.25,1671858.5,1970064.875,1689854.25,1810985.375,1592429.375,1796941.25,1837352.25,1766342.375,1834765.125,1689660.875,1903384.125,1971384.875,1967835.375,1827010.25,1899828.0,1698846.875,1794077.0,1918077.75,1901578.125,1838331.0,2015031.0,2031902.125,1929820.125,1892203.125,1799404.75,1957253.25,1899619.125,1880967.0,1853514.5,2171816.0,2103687.0,1869978.25,1718250.875,2060729.125,2041722.125,1705142.0,1837956.625,2024687.625,1933228.0,2174750.25,2201267.0,1710245.625,1543326.875,1659078.75,1523149.125,1361543.375,1474710.0,1482560.375,1453218.0,1675034.5,1599664.0,1916377.75,1751278.125,1271570.375,1241270.0,1464322.125,1412283.875,1580935.75,1477734.375,1999773.5,1836395.25,2394596.5,2239653.0,1598374.0,1594260.875,1780697.75,2004013.625,1629045.625,1715818.625,3044060.25,3012910.0,1647675.75,1602072.25,2328049.75,2429915.0,1642880.625,1765337.0,1943286.625,1833132.875,2873461.5,2492968.25,2344431.0,2592627.0,2630049.25,2964570.0,3138787.25,3182561.5,1842556.125,2226548.0
93,2051824.875,1894564.25,1935782.0,1983894.25,2063836.625,1984870.375,1776508.625,1692515.375,1817904.5,1700135.0,2339571.75,2290309.75,2234103.75,2199997.25,2275597.0,2139212.75,1749417.625,1876405.0,2184786.5,2354514.5,1932841.5,1951842.625,1925146.375,1789969.625,1882893.0,1886889.875,1669223.625,1896596.875,1879931.0,2183291.0,1704099.625,1813419.875,1577989.75,1676069.875,1575859.5,1568103.625,1630670.125,1797196.125,1709737.0,2094634.75,1957217.125,2071144.875,1546361.125,1573095.25,1369141.375,1375997.0,1532455.75,1614394.125,1569189.5,1557314.75,1570202.375,1752964.625,1687671.5,1613490.75,1669813.125,1647009.375,1787759.125,1696853.875,1530703.875,1673011.875,1668576.5,1663485.875,1868898.625,1987518.5,1707083.625,1706462.75,1649603.375,1629135.875,1404753.25,1472905.0,1952412.125,2024568.125,1925835.125,1978561.75,1606819.75,1537698.75,1848600.5,1702222.5,1761854.125,2019918.0,1295137.875,1331928.125,1447294.25,1389870.75,1422517.5,1528935.125,1770989.875,1698603.75,1489675.125,1369737.5,1580891.75,1370785.625,1501390.375,1366001.25,1599147.625,1472638.125,1491810.875,1488458.75,1522228.125,1424575.625,1150613.875,1162617.375,1681211.25,1437816.0,1775647.5,1809241.375,1654010.75,1566894.625,1676990.0,1707854.625,1698013.5,1664278.875,2060382.625,1836225.625,1558053.875,1504336.375,1611392.0,1417432.5,2149424.0,1959075.375,1916409.625,1733380.75,2000770.25,1756306.0,1745855.0,1620991.75,1884250.75,1812291.625,1977691.5,1890320.75,1781301.75,1610255.5,2153441.25,1931214.125,1667252.625,1608599.625,1943481.625,1708826.375,1973357.0,1892845.5,1679955.375,1642495.875,1841451.0,1722463.375,1794795.875,1663862.625,1967893.125,1818654.25,1925367.375,1766080.625,1967157.75,1971238.625,1895389.875,1896668.75,1768162.5,1733757.125,1586871.625,1669437.125,1968440.875,1689737.5,1808740.75,1590387.125,1797892.25,1840158.0,1772214.5,1837485.75,1693279.375,1909712.625,1970560.125,1966818.25,1828352.125,1899036.625,1697708.25,1797452.25,1920766.375,1905128.25,1841750.25,2019177.5,2031882.125,1932130.125,1893725.0,1800471.25,1956668.75,1899669.625,1882626.375,1854864.875,2175340.25,2107317.25,1872540.875,1718900.25,2063345.125,2044973.125,1711818.375,1842352.75,2030077.125,1933188.875,2177572.75,2204183.0,1712862.125,1545353.375,1660565.875,1525339.25,1363280.875,1476207.0,1479704.375,1451865.0,1673634.625,1601922.625,1917738.0,1753706.625,1275654.125,1242836.875,1466452.875,1415119.375,1585856.375,1482284.75,2000829.5,1836434.125,2402780.75,2244957.0,1597631.25,1595221.625,1789762.625,2013066.875,1630284.25,1714732.625,3041715.25,3016839.25,1647496.625,1602181.25,2327539.25,2434032.0,1640101.0,1763839.75,1940784.75,1831884.0,2875968.75,2492652.75,2341805.5,2593670.75,2632793.5,2967595.25,3137580.25,3186012.25,1840810.125,2225467.25
94,2043938.375,1884677.125,1930318.75,1978303.875,2064475.0,1983613.375,1769638.75,1688591.75,1815256.875,1699984.75,2339970.0,2292768.0,2237605.5,2203969.5,2272922.0,2133817.0,1749139.0,1878363.375,2182556.0,2352733.25,1932031.75,1957401.75,1925116.75,1791230.375,1880187.75,1886780.0,1671441.625,1896417.625,1880610.625,2187714.25,1709917.5,1820497.625,1580736.5,1675490.75,1578561.75,1569173.125,1634957.375,1796255.25,1716620.375,2089515.375,1963537.625,2075837.25,1548532.0,1577182.375,1370867.25,1378141.875,1539811.75,1620589.125,1573013.875,1561878.625,1572485.625,1755791.5,1686772.75,1613232.0,1668914.125,1648163.875,1784978.375,1700907.75,1535060.0,1677566.625,1665876.625,1664799.0,1868105.375,1987988.25,1708520.5,1707238.25,1653040.5,1631673.25,1398641.75,1473265.5,1950961.875,2022969.125,1925649.75,1973958.625,1603542.625,1530375.0,1839557.875,1693243.875,1758079.25,2012647.125,1294049.5,1330988.125,1449055.375,1388467.125,1422562.625,1530086.375,1771266.625,1697390.5,1489307.5,1371476.0,1579876.625,1371605.75,1503764.25,1363116.625,1599241.375,1472983.375,1492903.5,1490050.375,1522549.0,1426274.5,1149907.0,1163082.5,1683690.375,1437900.0,1779697.875,1804091.125,1655346.75,1567203.5,1682488.625,1712366.125,1701239.625,1663090.875,2063881.75,1832815.75,1560374.125,1512349.0,1615774.5,1426005.75,2158217.0,1961019.75,1916446.0,1733505.0,1996841.125,1756202.25,1746041.375,1624153.5,1879924.25,1813531.0,1978918.25,1891999.5,1785176.625,1611915.25,2154745.0,1936742.625,1670171.875,1610265.375,1947514.625,1715010.5,1975993.625,1894027.0,1680647.25,1645463.0,1843736.625,1724051.375,1794253.25,1662883.5,1964873.25,1815458.375,1925425.875,1764336.875,1967839.875,1970473.375,1897909.875,1898932.25,1769659.875,1737216.875,1587517.625,1666262.75,1972623.875,1692348.875,1808740.0,1594385.0,1797220.0,1843647.625,1776723.75,1836614.0,1693082.75,1908009.0,1967554.75,1962284.25,1824457.0,1896849.75,1690499.5,1797723.875,1925987.75,1910464.25,1848584.5,2026840.75,2030003.75,1930540.0,1896414.625,1803108.625,1958288.375,1902255.5,1885129.125,1854365.5,2179002.0,2110227.5,1871247.625,1715588.5,2064772.375,2044720.0,1711282.875,1838918.375,2033527.375,1932647.75,2178095.0,2205255.75,1713325.125,1545703.75,1662317.625,1527573.875,1359828.0,1472087.375,1474455.0,1450441.5,1672394.875,1599938.25,1917363.375,1754823.5,1281054.0,1245483.0,1468685.375,1417764.625,1591021.75,1485683.875,2002475.875,1835038.25,2410490.0,2251744.5,1593847.625,1594981.625,1796681.625,2024644.5,1629584.625,1713035.625,3040088.0,3020794.5,1644225.375,1601049.125,2330918.25,2435831.0,1639211.5,1762128.25,1938498.75,1831288.0,2880755.25,2495170.5,2341456.75,2595412.5,2636777.75,2971342.25,3137883.0,3186409.25,1840227.25,2226352.5
95,2042862.0,1884637.5,1930109.0,1981239.0,2067165.125,1986019.125,1771214.375,1693832.0,1820420.5,1702404.125,2340401.25,2294627.75,2237859.25,2206051.5,2269896.5,2129964.0,1746826.0,1877843.375,2180755.75,2353451.75,1929450.0,1957713.875,1925642.0,1790566.375,1878768.875,1889705.875,1673152.0,1898625.375,1882884.0,2187724.5,1713574.375,1823508.75,1577343.5,1670678.0,1579619.625,1567604.125,1633543.75,1792720.0,1713880.25,2080868.875,1966612.125,2075844.625,1546292.125,1579631.875,1370810.75,1378583.875,1546642.75,1625181.0,1570403.5,1560419.375,1571271.625,1756977.75,1683544.75,1611082.625,1669557.375,1648729.5,1784634.75,1701456.0,1539103.0,1681416.625,1663800.5,1664801.875,1867233.0,1983111.375,1708602.75,1709005.625,1656854.5,1637281.5,1397649.0,1478798.125,1950561.75,2023331.5,1926246.75,1975687.125,1604017.125,1534487.625,1833131.375,1689598.25,1761754.875,2019804.0,1296860.0,1332360.625,1452301.5,1388832.75,1424659.0,1532623.0,1773941.125,1701170.875,1490825.625,1372561.25,1582502.5,1373342.125,1504813.0,1362494.875,1600503.125,1472702.0,1497502.875,1492099.125,1523813.75,1429848.5,1151385.125,1165210.75,1684162.0,1438018.875,1781637.875,1801727.875,1658698.375,1568495.625,1681314.0,1713533.875,1701050.25,1662791.875,2061686.875,1837916.0,1558855.625,1517003.625,1612676.75,1431277.875,2152843.5,1963107.375,1919699.75,1732634.25,1998308.0,1757328.75,1745162.625,1627854.375,1880785.375,1812530.125,1977120.875,1894437.75,1785388.5,1613093.625,2155139.25,1937711.75,1669014.375,1610498.625,1946329.75,1714578.375,1975838.375,1894427.0,1675230.625,1643880.0,1842488.75,1722707.0,1792671.625,1661612.625,1964478.625,1815151.25,1925376.25,1766238.0,1966318.25,1967663.75,1895709.0,1896521.0,1770080.0,1737942.5,1586211.5,1665633.625,1975803.5,1692967.5,1809972.75,1596960.5,1795597.25,1842823.5,1773783.75,1832649.125,1689100.25,1902640.375,1963546.75,1958655.125,1817043.75,1895928.375,1687025.0,1797977.25,1924007.25,1908835.125,1851200.625,2028913.0,2026330.25,1928788.625,1897921.125,1804307.25,1957946.0,1900563.75,1882420.0,1852449.5,2177464.5,2108191.0,1870340.875,1714311.5,2064359.75,2042654.375,1706864.125,1834331.625,2032864.0,1932575.375,2175885.75,2203932.75,1713778.75,1545829.25,1663526.625,1529678.125,1359750.875,1471832.25,1475312.5,1451787.875,1676643.75,1597569.125,1916015.75,1754548.5,1279268.625,1247124.0,1465279.625,1419564.125,1589199.0,1485554.625,2004078.375,1835326.75,2404576.25,2250299.0,1590637.625,1593666.875,1792412.25,2020134.875,1627868.125,1713529.375,3041270.5,3019488.25,1642122.125,1601177.75,2331218.0,2429983.25,1640489.375,1761391.75,1938490.625,1831828.0,2879942.25,2495901.0,2341257.75,2593676.0,2636213.75,2971891.0,3139639.75,3183843.25,1841088.375,2225038.25
96,2048655.5,1893437.5,1934905.0,1987506.25,2069812.375,1990958.375,1780666.625,1700293.75,1828127.625,1702695.25,2337971.5,2294193.5,2237710.25,2206712.25,2271082.75,2132791.5,1746672.375,1873506.75,2184576.75,2359328.5,1930151.125,1955643.25,1924766.625,1788618.375,1879855.375,1890248.5,1673331.375,1901394.125,1883446.75,2181979.75,1712313.0,1819511.0,1572861.0,1669155.875,1579617.875,1566624.0,1630735.0,1791643.125,1707992.875,2081799.625,1963473.125,2074879.0,1544475.875,1577833.875,1370821.375,1377789.875,1544045.75,1623004.25,1568308.25,1556619.375,1570092.25,1756208.375,1682491.875,1609421.25,1672832.875,1646273.125,1790051.5,1697787.625,1536706.875,1679495.125,1662775.75,1663301.125,1866272.0,1978439.75,1705542.375,1708440.125,1657138.875,1637814.375,1403168.125,1480244.25,1952141.625,2022593.625,1927633.0,1980567.5,1609356.625,1543653.75,1838913.125,1693783.125,1767484.75,2029640.0,1298864.875,1332332.25,1451581.625,1387641.875,1426026.5,1533619.75,1776066.0,1704164.625,1490874.125,1371715.0,1583986.0,1373839.875,1501433.625,1360314.125,1600924.375,1471414.0,1498234.0,1491011.625,1524408.875,1427965.875,1153033.0,1164091.625,1683073.5,1438023.875,1780873.5,1800449.25,1658341.875,1566959.25,1678828.875,1711567.375,1700619.625,1663206.125,2058123.125,1842485.75,1559007.5,1515562.125,1607531.125,1435678.875,2144119.75,1961489.75,1922406.375,1733503.25,2003694.875,1760118.75,1741019.875,1622958.375,1882045.125,1808908.125,1974644.25,1893168.5,1781738.0,1613475.125,2151968.5,1931462.25,1664893.25,1610313.375,1940240.0,1711043.0,1973286.75,1893226.0,1669146.25,1639029.0,1840423.0,1721475.25,1790928.875,1660183.25,1962913.625,1812627.125,1924241.0,1766988.875,1963558.25,1966417.25,1891059.0,1892562.875,1769308.25,1734832.125,1583559.75,1666053.25,1975241.0,1691561.625,1812189.625,1595266.25,1794397.5,1840149.625,1771405.25,1831735.875,1687548.875,1901796.5,1961583.125,1958683.5,1815931.625,1898037.125,1686299.375,1799353.875,1916632.125,1901771.375,1846674.125,2027445.25,2024324.375,1928582.625,1896411.0,1802318.875,1954654.75,1895480.25,1879028.25,1853063.25,2176325.25,2105842.5,1868413.875,1712627.0,2061688.5,2039091.5,1702900.625,1832353.125,2029900.25,1930963.0,2173792.5,2202060.25,1713669.25,1545364.0,1662104.25,1529501.75,1363068.375,1474730.75,1477738.5,1452096.75,1678492.875,1597023.75,1915212.0,1753393.5,1275582.5,1246877.125,1462776.0,1418830.375,1586084.375,1483601.25,2003718.625,1836621.5,2399432.25,2249076.0,1590713.25,1592994.625,1787663.75,2012950.625,1628771.0,1715020.125,3047665.0,3020800.25,1643723.75,1602314.75,2330882.5,2425367.0,1641511.25,1760832.125,1941991.375,1831143.375,2877083.5,2495754.5,2344195.25,2593018.25,2637182.75,2973294.0,3144635.0,3184662.75,1842319.875,2223749.5
97,2053138.375,1897292.25,1937814.125,1986812.75,2076060.25,1996094.875,1785328.625,1698487.625,1830596.0,1700228.75,2338588.5,2292476.5,2241992.5,2208059.5,2275862.25,2135656.5,1749107.625,1872432.25,2190907.5,2361978.5,1934275.25,1955719.125,1922871.75,1788477.125,1882816.875,1887398.625,1675523.875,1904610.25,1882945.375,2177570.25,1708980.125,1815770.625,1578944.125,1674737.125,1579317.0,1570784.875,1630322.125,1792348.0,1709033.625,2093428.25,1959679.5,2075352.625,1546705.75,1577259.25,1372400.0,1378081.375,1538915.0,1620206.75,1570287.875,1556329.75,1572683.625,1755891.75,1686882.5,1610413.75,1674461.5,1644456.375,1794166.875,1696235.875,1532026.25,1677291.5,1663344.625,1662691.625,1867373.5,1981002.875,1703374.375,1707515.0,1654411.75,1634136.625,1408884.375,1474570.75,1953339.0,2019571.875,1928867.625,1982045.875,1612644.375,1545987.875,1853187.125,1698221.375,1769171.625,2029839.375,1298124.75,1329472.0,1449439.375,1385300.0,1424375.5,1533613.875,1776254.5,1702317.625,1489425.0,1370825.125,1580825.5,1372693.625,1498460.625,1357781.125,1600871.375,1471819.75,1493111.25,1487311.375,1525066.375,1423482.625,1154395.625,1163028.375,1681161.25,1437951.5,1777028.75,1803595.25,1654187.125,1566701.375,1678622.875,1707892.0,1701592.375,1661938.875,2057175.75,1838783.875,1556921.25,1511575.375,1608553.75,1431545.875,2139277.5,1957285.125,1923547.25,1735703.375,2009379.0,1760763.875,1740399.875,1615545.875,1880977.25,1807918.625,1975793.125,1891972.875,1780057.25,1613876.25,2149781.25,1925974.125,1660838.375,1608483.125,1940289.75,1709695.5,1972855.625,1892275.5,1672412.125,1637165.75,1841522.625,1721766.375,1791357.625,1660533.5,1958828.875,1809170.625,1923120.375,1765425.125,1962663.75,1966995.0,1890629.625,1892578.75,1771782.75,1734283.625,1584011.0,1665680.125,1974487.625,1691379.0,1812213.625,1593512.125,1795239.625,1839301.5,1773818.0,1834414.75,1688409.625,1904003.875,1967432.125,1960914.625,1823209.625,1899548.25,1687740.125,1798411.375,1915090.875,1899150.125,1843112.375,2025465.75,2027981.625,1928657.0,1893619.125,1799122.25,1955298.375,1895486.25,1882861.625,1856402.0,2176539.25,2107044.75,1864990.125,1709522.875,2057879.75,2034726.5,1700610.625,1831692.0,2024479.625,1929228.25,2172293.0,2200717.5,1711917.125,1543537.25,1658842.125,1526909.75,1364070.375,1476248.75,1476844.25,1451076.875,1675319.125,1597699.5,1915582.25,1752047.0,1275670.5,1245373.0,1465774.125,1414133.25,1586407.875,1480774.0,1999844.5,1835979.5,2401201.25,2251179.75,1592474.25,1592673.125,1788776.625,2013894.875,1630850.125,1715441.125,3050418.5,3022795.25,1646229.125,1602481.125,2331268.0,2426871.0,1641821.75,1759719.125,1946167.375,1829636.125,2876093.25,2494571.75,2349322.75,2594961.25,2639080.25,2974362.25,3148688.75,3185586.5,1841873.5,2225320.5
98,2050722.375,1891515.875,1935820.125,1981040.0,2078796.875,1995226.125,1779421.0,1692193.75,1827229.5,1699657.375,2344897.25,2292156.25,2245501.75,2208191.75,2277766.25,2133890.25,1749587.125,1875787.375,2191699.75,2357034.0,1935533.625,1955797.375,1923732.875,1790136.0,1883750.875,1884426.0,1674271.625,1905865.5,1881541.25,2177028.75,1707078.5,1815776.375,1587027.75,1677837.25,1577891.0,1573908.125,1630556.625,1793294.625,1710792.375,2098985.5,1958776.625,2074842.125,1546451.125,1577805.25,1371747.0,1376931.125,1539462.375,1620226.0,1569920.375,1557705.375,1573186.625,1756785.875,1690125.25,1611420.125,1672304.125,1645570.625,1791355.375,1697728.375,1530277.25,1678339.875,1666257.0,1664975.875,1868143.0,1985256.625,1705771.625,1708483.125,1651738.375,1632455.125,1409795.75,1471322.375,1953159.25,2019682.375,1929435.25,1981008.5,1611299.25,1541833.875,1859458.75,1699686.375,1767238.125,2024446.5,1298064.0,1328963.0,1450103.25,1386502.75,1421986.375,1534632.125,1774588.5,1698967.25,1489211.875,1370803.75,1577003.0,1370364.875,1501513.875,1361546.75,1602225.625,1474744.0,1487692.125,1485558.5,1525678.5,1424064.875,1154456.375,1165390.25,1680335.5,1438721.0,1772991.875,1810006.625,1652393.625,1568923.125,1678695.25,1705428.25,1700549.375,1661731.25,2057960.875,1835871.5,1553833.125,1509032.125,1612593.625,1420650.375,2140586.25,1955983.75,1924917.75,1735437.0,2012451.625,1759119.5,1744198.625,1615350.0,1878624.875,1809706.0,1977293.625,1892513.875,1780632.75,1613281.375,2148788.0,1926661.0,1659107.0,1606008.0,1946312.25,1710825.0,1973117.75,1892024.125,1682277.125,1641222.5,1844614.5,1722824.375,1793093.875,1661999.125,1957614.25,1810301.875,1923180.125,1764571.625,1963333.75,1966834.375,1893986.0,1895135.75,1774613.75,1736865.875,1586372.125,1665861.5,1972982.125,1691875.625,1809286.625,1593912.75,1797393.25,1839417.5,1775419.375,1837599.25,1688180.625,1906620.625,1975901.375,1963196.5,1829460.5,1899129.125,1693447.625,1797634.0,1919041.125,1901542.625,1845525.125,2022410.375,2033955.625,1929374.375,1891911.0,1798051.0,1961664.25,1901768.375,1888199.625,1857054.875,2176000.25,2110646.0,1867128.0,1710248.875,2057032.5,2033687.0,1703953.0,1832560.125,2022106.0,1929524.5,2170907.75,2199384.75,1709945.875,1541279.0,1657509.5,1525636.25,1362695.625,1474670.875,1476530.5,1451612.25,1672960.25,1597960.375,1914840.5,1750192.5,1277990.25,1243105.75,1467961.125,1409202.0,1588145.875,1479943.625,1997007.375,1834330.0,2399137.5,2248298.75,1593739.5,1591435.75,1789351.75,2013049.125,1629894.5,1715430.5,3044431.5,3018863.0,1647622.0,1601321.75,2329631.5,2429383.25,1641439.5,1759475.25,1947168.25,1830669.0,2874846.0,2492717.5,2349892.0,2594537.5,2636515.75,2972341.5,3146710.25,3183734.0,1839686.375,2226583.5
99,2045544.0,1887519.375,1933895.25,1980073.625,2072852.375,1989562.5,1773650.75,1692949.0,1824994.5,1702967.0,2348406.0,2293751.5,2241974.25,2204979.5,2275618.0,2131796.5,1749791.125,1878673.875,2187691.25,2352758.0,1933484.0,1954853.75,1927650.75,1792198.375,1882304.0,1884308.0,1670538.75,1905172.25,1879287.5,2177056.5,1709165.0,1815256.0,1587281.625,1674898.5,1576846.375,1571964.625,1632228.75,1792486.5,1711269.375,2093163.375,1959764.875,2073177.875,1543365.875,1577228.875,1369449.25,1375256.875,1542098.625,1620767.25,1568080.25,1557204.625,1570885.0,1757828.875,1689151.5,1610278.375,1671131.0,1647817.5,1788338.75,1700472.25,1535257.125,1681739.25,1668613.125,1666771.25,1867499.25,1985579.25,1708553.875,1709446.25,1651244.375,1633350.5,1405022.25,1471098.875,1953521.375,2023598.625,1929640.875,1980334.375,1611253.625,1539090.5,1852584.5,1697884.375,1765742.0,2021116.625,1299610.125,1330951.75,1451171.625,1389543.25,1421131.0,1534268.375,1774486.875,1697398.25,1490069.375,1370357.0,1576909.25,1368572.125,1507684.875,1368120.875,1602985.875,1476428.75,1486504.75,1485759.0,1526117.875,1426511.0,1154309.0,1166245.125,1682487.25,1439465.5,1773905.375,1810482.5,1654082.5,1568357.375,1680501.75,1708090.125,1699927.0,1664102.375,2059051.5,1838581.375,1556402.5,1510137.0,1613019.25,1416235.125,2144558.5,1956928.25,1925375.625,1734202.625,2010319.625,1758982.5,1747341.0,1620273.0,1876850.875,1810062.75,1977462.875,1894005.375,1781726.375,1613088.75,2148735.5,1930418.125,1659688.125,1604529.625,1951019.125,1713024.125,1972966.625,1892730.75,1689178.125,1647617.625,1846576.0,1723777.375,1794571.25,1662117.0,1962449.625,1814014.25,1924800.25,1765027.375,1963522.75,1966103.5,1895686.0,1895766.625,1774308.5,1738322.875,1587055.375,1666391.75,1972472.125,1692524.875,1809802.0,1595802.5,1797991.625,1839166.5,1773768.25,1838655.625,1687643.0,1907617.5,1977355.875,1963789.75,1829457.625,1897705.125,1696023.75,1798036.75,1920548.875,1902517.25,1846662.125,2019562.125,2034897.125,1930120.125,1891878.875,1799180.125,1965984.375,1907001.25,1887758.25,1855007.375,2176283.75,2112000.25,1872900.5,1713029.25,2058449.625,2035424.0,1709553.375,1834496.375,2025238.125,1929252.625,2170567.25,2197934.0,1709030.125,1540067.5,1658565.75,1525354.5,1361073.625,1470813.0,1478243.375,1451858.75,1671916.0,1596140.375,1912872.5,1747892.875,1279500.75,1241294.625,1468240.5,1408726.375,1589432.875,1481626.125,1998328.25,1833758.875,2395378.25,2242747.5,1594638.5,1590702.375,1790351.75,2009375.25,1627676.75,1715253.625,3037763.25,3012135.75,1648180.25,1600051.375,2327113.5,2428950.75,1641732.75,1762223.625,1945971.125,1831629.875,2871034.0,2490683.25,2345943.75,2590632.25,2633251.0,2968676.5,3139901.0,3181699.0,1839787.25,2225384.5
100,2045903.0,1892077.875,1935998.375,1982540.75,2069416.625,1988361.875,1775291.0,1699082.875,1826886.375,1706011.5,2346430.75,2294494.0,2237215.5,2201250.25,2274751.0,2132502.75,1750905.125,1879443.75,2184201.25,2352053.25,1931177.125,1955023.125,1928292.5,1793022.125,1880554.5,1885213.875,1672693.25,1905002.875,1877945.75,2178138.75,1711631.0,1813319.125,1587487.625,1671863.875,1577251.25,1570343.875,1636829.25,1790612.25,1717335.625,2088870.375,1961693.0,2072049.25,1543951.5,1578262.5,1369506.5,1377354.25,1543357.875,1621605.375,1568587.0,1555024.125,1572372.625,1759124.75,1688889.375,1609665.875,1672690.125,1647930.125,1790278.375,1703882.125,1541637.125,1683748.0,1667795.375,1666977.0,1866204.5,1985108.75,1707585.5,1710272.375,1651919.75,1634492.5,1399297.625,1471226.0,1955307.125,2026253.75,1931690.5,1981559.5,1615024.625,1542292.75,1846289.875,1693660.25,1768535.25,2022200.875,1300608.375,1331182.125,1451148.625,1390439.875,1421200.5,1531238.75,1777811.375,1698625.875,1491101.0,1372417.875,1577961.875,1368679.75,1507929.375,1369686.25,1600474.25,1476280.875,1487156.5,1485107.5,1524769.5,1426150.375,1154537.875,1164724.75,1684746.125,1438513.625,1779782.0,1803421.0,1655126.625,1566774.125,1683633.75,1712045.125,1702536.375,1663518.75,2059458.5,1840608.375,1561612.125,1511780.375,1612238.5,1417744.25,2142765.0,1958802.0,1925443.25,1736252.25,2007310.875,1761324.5,1745233.375,1621454.75,1874346.25,1807678.25,1976797.625,1896155.875,1783049.25,1613743.875,2149186.75,1931606.0,1659273.75,1603035.875,1949773.5,1713129.375,1972699.625,1894640.5,1688365.875,1649947.125,1845443.25,1723442.625,1794566.625,1661682.875,1964620.75,1813584.25,1926710.0,1765436.0,1963202.0,1964822.0,1894471.5,1893629.25,1774733.875,1738857.875,1587770.5,1665855.125,1975506.375,1694097.25,1814251.75,1597412.375,1798004.25,1839846.5,1773996.25,1836534.125,1689407.25,1906009.75,1971946.25,1962350.25,1826417.875,1896770.625,1689212.875,1797266.125,1918718.375,1902726.875,1845363.625,2020287.75,2032417.625,1931583.125,1891906.375,1800180.625,1965012.5,1907985.875,1886302.25,1856061.5,2177338.25,2110149.0,1873553.75,1714541.125,2058638.875,2035846.875,1711802.875,1835019.625,2027715.25,1926694.0,2170472.5,2196232.5,1708829.75,1541325.625,1659110.375,1525583.25,1360804.875,1469712.625,1480405.25,1452637.375,1671129.625,1593142.0,1911245.125,1745083.875,1279702.25,1241937.0,1471052.625,1412909.0,1590775.25,1483054.375,1999337.875,1833542.625,2394000.75,2240192.75,1593700.25,1593161.625,1791369.25,2008112.0,1627178.875,1714017.375,3035200.5,3007742.25,1646683.75,1600562.75,2325019.5,2425240.75,1641526.375,1765186.375,1943692.25,1830806.125,2865619.0,2487175.75,2342115.25,2589800.25,2632915.25,2965711.5,3132741.0,3177246.0,1841980.875,2224630.0
101,2050647.625,1896125.5,1939248.25,1981682.75,2074096.75,1992548.375,1779026.375,1701356.375,1828413.875,1704040.0,2342637.0,2291956.0,2237953.0,2200745.25,2275553.5,2133634.75,1749141.875,1877385.75,2184461.25,2353754.25,1929971.75,1956074.875,1924614.875,1792146.875,1880321.75,1886027.125,1678069.25,1906517.625,1878911.125,2178826.75,1710929.125,1811229.125,1590008.875,1670361.25,1577104.875,1569966.5,1640729.25,1788893.875,1723883.625,2092339.75,1961627.625,2072432.25,1546705.25,1578877.375,1372252.875,1381751.5,1542196.0,1622100.25,1570047.75,1555290.75,1576987.625,1759811.375,1690634.75,1610184.625,1673208.375,1645629.875,1793070.125,1704811.75,1541246.875,1681422.25,1664328.125,1665695.5,1863368.75,1984448.375,1705310.375,1710224.5,1651820.5,1634339.75,1399889.25,1472444.375,1955021.0,2025354.375,1932907.375,1982346.125,1616713.875,1547666.75,1845704.375,1691030.0,1771427.625,2026512.625,1299116.0,1328835.625,1451056.125,1389233.125,1419114.125,1527841.0,1778951.5,1700337.0,1491826.25,1377409.5,1576904.375,1368677.875,1502531.5,1366175.875,1598588.875,1474981.0,1487136.125,1483853.0,1523254.75,1424017.625,1153871.625,1164312.625,1684067.25,1437712.0,1782331.5,1800166.375,1653960.375,1567570.625,1683690.125,1710343.5,1703787.0,1660228.375,2058147.125,1838530.375,1563691.875,1510585.875,1612233.125,1419125.75,2139345.25,1961511.75,1924881.625,1739578.375,2005929.25,1763779.75,1738977.75,1616465.875,1871279.875,1805927.25,1975228.625,1896523.125,1783449.875,1613862.125,2148038.75,1928924.875,1655710.75,1601260.75,1944160.875,1711013.25,1971599.25,1896274.625,1681950.75,1645381.0,1841464.75,1721213.25,1791683.125,1661040.0,1959432.0,1808972.75,1926426.0,1763980.0,1962556.5,1962662.5,1892954.0,1891301.25,1776286.875,1739408.75,1588298.875,1663720.25,1977840.75,1695271.875,1815945.75,1596152.375,1797611.0,1839573.875,1777556.625,1832762.625,1692294.25,1902313.75,1963568.25,1958835.125,1822919.25,1894558.875,1679820.5,1794461.875,1917993.0,1903695.125,1845672.625,2024992.0,2030600.0,1932831.875,1891858.0,1799786.0,1962164.125,1905328.125,1886625.0,1858179.0,2177883.5,2108321.25,1871258.25,1716387.625,2059063.25,2035313.125,1714812.125,1834341.5,2027171.375,1925916.75,2170175.25,2195064.0,1709479.625,1543116.25,1657621.25,1527764.875,1363363.375,1472631.25,1482107.375,1455580.375,1670816.0,1592099.25,1909312.0,1742541.375,1280128.625,1243582.875,1475583.75,1416024.75,1592608.75,1483045.125,1998353.375,1833637.125,2394821.75,2242298.0,1592487.875,1597134.375,1790290.25,2011092.875,1627287.625,1713085.5,3039362.75,3011105.0,1644657.625,1601468.375,2327299.75,2426583.0,1639970.75,1764930.0,1941243.625,1830686.5,2867507.25,2488679.5,2343340.25,2595510.75,2637040.5,2969691.5,3135507.0,3176777.5,1842796.875,2227780.0
102,2051071.0,1892329.875,1938092.375,1980811.625,2077194.5,1994703.0,1779696.0,1699968.0,1828521.875,1699893.125,2338195.25,2288533.5,2239216.0,2201634.0,2276341.75,2134904.25,1746837.875,1875156.0,2188744.5,2359187.75,1931840.375,1956976.25,1923731.875,1792642.25,1882744.75,1888731.25,1679388.875,1908913.625,1881310.125,2176816.25,1709141.0,1810002.5,1587624.75,1670229.125,1574725.875,1568287.125,1638595.625,1786977.0,1721082.125,2096433.25,1957790.875,2072297.875,1547587.5,1575486.25,1374881.25,1383366.375,1538148.625,1620818.125,1571921.625,1558997.25,1578156.375,1758264.625,1690451.25,1609598.875,1671354.875,1645237.875,1791878.0,1702432.625,1536579.0,1678716.5,1661859.875,1661864.125,1862221.5,1982941.0,1704748.5,1707914.125,1650915.125,1633396.875,1404999.125,1471558.25,1953790.0,2024108.5,1929828.75,1980793.375,1615401.875,1549956.125,1847025.375,1691767.875,1770405.625,2031475.375,1296460.375,1326856.375,1450035.625,1385695.125,1416976.0,1527562.125,1776866.875,1700326.5,1492108.875,1377979.5,1576659.125,1368094.875,1499426.25,1361934.25,1601280.0,1471642.375,1489110.375,1484543.0,1525058.0,1421963.125,1153752.375,1164509.5,1680849.0,1438334.625,1776092.25,1807930.125,1652557.125,1567948.125,1678157.125,1704193.75,1700245.125,1660146.875,2054893.125,1835688.75,1560368.75,1507692.0,1610184.75,1420543.25,2138953.5,1960540.5,1923033.875,1740927.0,2004754.25,1763629.625,1736126.75,1613160.0,1871157.5,1807089.75,1975940.5,1895690.625,1783288.625,1614325.75,2146007.5,1925817.375,1652626.625,1600714.5,1941905.5,1710781.625,1971823.625,1897105.375,1676508.375,1640540.875,1838554.125,1718932.125,1790542.5,1660891.0,1957078.5,1807857.25,1925136.625,1762323.5,1962004.125,1963247.25,1891743.625,1891592.5,1774060.25,1738368.0,1585959.75,1661985.75,1977131.0,1695024.375,1813472.25,1593148.75,1795580.375,1836958.0,1779637.75,1831433.125,1692169.625,1900065.125,1959244.625,1957336.5,1821648.625,1890655.0,1679430.0,1791928.75,1917703.75,1901556.125,1844506.875,2027391.625,2027934.625,1930835.375,1892501.5,1799160.125,1959664.25,1900815.625,1885319.25,1856185.875,2176213.5,2105711.75,1871584.875,1718100.875,2060731.625,2036254.375,1717526.75,1835277.75,2024645.5,1929574.0,2171587.75,2196966.0,1710411.0,1541730.125,1654743.625,1527517.375,1366521.125,1475118.0,1482081.125,1456197.25,1671246.375,1592576.875,1907861.75,1743568.0,1280166.25,1243620.0,1477294.5,1413492.75,1592320.25,1481748.75,1998301.5,1835113.0,2399110.25,2248367.0,1594943.875,1598332.125,1791297.125,2017096.375,1627501.0,1714696.875,3048242.5,3018483.75,1645364.875,1601491.75,2333218.25,2432621.5,1640994.375,1764689.75,1940829.125,1832221.5,2875943.25,2494482.0,2347355.25,2599356.25,2641157.0,2976796.25,3145608.0,3183774.0,1843161.125,2231240.25
103,2047656.0,1888434.5,1934733.25,1985066.625,2077888.625,1996816.375,1777552.25,1697194.5,1828340.5,1698490.375,2338241.5,2290041.0,2238921.25,2204298.0,2280803.25,2139541.25,1747802.5,1877863.25,2192977.75,2365888.75,1935634.375,1959444.125,1927405.75,1797121.625,1884025.0,1891584.25,1675474.5,1908297.375,1881849.625,2176750.0,1708269.875,1813500.125,1582857.25,1670931.875,1572006.625,1566851.125,1635158.25,1787192.5,1714906.25,2093502.125,1956811.625,2072205.0,1547265.5,1572942.375,1373454.875,1379895.375,1534596.125,1618567.5,1571118.125,1558422.25,1574302.375,1757004.625,1687660.25,1608503.125,1670407.625,1646959.25,1788874.25,1700564.75,1531140.75,1676363.125,1662202.125,1660571.375,1862816.125,1982606.25,1704610.375,1705546.5,1649443.25,1632408.0,1404665.0,1472000.5,1954438.875,2025826.5,1927989.75,1981227.25,1614699.25,1548245.375,1850332.25,1694227.75,1769935.25,2032895.875,1296141.625,1327354.625,1449066.5,1383516.5,1418893.875,1530305.75,1776652.625,1700892.75,1491356.125,1375663.25,1578222.0,1369218.375,1496694.875,1360594.875,1601603.0,1470790.125,1491575.125,1487206.375,1525134.0,1422903.125,1152815.875,1164520.625,1678677.0,1438723.5,1772638.875,1811766.25,1651898.5,1567131.375,1674087.875,1701100.0,1695708.0,1660696.375,2052890.875,1835350.625,1555265.125,1508180.375,1608788.875,1424541.375,2137870.0,1957420.625,1923769.0,1741208.75,2004971.375,1761299.5,1735751.875,1613633.5,1870931.25,1806679.125,1977381.25,1895693.125,1782608.625,1613183.25,2142819.75,1925193.375,1654738.75,1602908.25,1942363.0,1711779.125,1973055.25,1897294.75,1674158.375,1642263.375,1839639.75,1719952.125,1792933.625,1662719.0,1960622.5,1812524.125,1924167.875,1762591.5,1962626.75,1966416.125,1891413.625,1893773.125,1769140.0,1735942.25,1583415.375,1662743.125,1975645.75,1693929.5,1809543.25,1591680.875,1794828.625,1837426.375,1779396.5,1834051.0,1691339.125,1902007.875,1964396.875,1960617.75,1823493.875,1890347.25,1687100.625,1793731.625,1916091.75,1898907.625,1843719.625,2025372.625,2026651.625,1930284.125,1892931.0,1800256.5,1959538.125,1900793.875,1884018.125,1853724.75,2173685.75,2104845.5,1873178.5,1717835.5,2061373.125,2038455.5,1714354.375,1835742.375,2024538.375,1931775.875,2173559.75,2200272.75,1710596.75,1541048.875,1654221.0,1525390.25,1368486.375,1477531.0,1480585.25,1454417.875,1672765.25,1591730.0,1907733.5,1747354.75,1279018.0,1243771.875,1475844.5,1411151.375,1588698.25,1481069.0,1998303.625,1835257.125,2400556.75,2250058.25,1596976.0,1596885.5,1791724.375,2016769.125,1628938.0,1716464.625,3049421.0,3018725.5,1646547.875,1602599.875,2331600.75,2429362.0,1642108.75,1765685.125,1940568.25,1833916.5,2876292.25,2492849.0,2344816.0,2595070.5,2637332.0,2975190.0,3145424.0,3184531.5,1842165.625,2229037.75
104,2049577.875,1894441.875,1937788.375,1991498.625,2084517.875,2005216.875,1777916.625,1695005.0,1825469.0,1699201.0,2343494.5,2295868.5,2241913.0,2210300.25,2288060.75,2146305.0,1750170.5,1881687.5,2194596.75,2370530.5,1937494.375,1962179.0,1930795.875,1801494.5,1882320.625,1891918.5,1669327.375,1902875.25,1880436.125,2179604.5,1709293.625,1817059.125,1582305.25,1669916.375,1572577.0,1566782.0,1638695.0,1790424.375,1715963.375,2087857.0,1962221.5,2075824.375,1546013.375,1573813.25,1369038.0,1375669.0,1531715.625,1615538.875,1566246.25,1552223.75,1570878.375,1757557.75,1687734.25,1609183.625,1672240.875,1646382.625,1790159.875,1700172.875,1527916.875,1671976.875,1662688.25,1664220.625,1860972.125,1982941.75,1703258.375,1704743.25,1648642.0,1630305.0,1398787.75,1477940.125,1953092.75,2026804.25,1929615.0,1984019.875,1612546.75,1543457.875,1850765.25,1697889.875,1769656.125,2030326.5,1296047.625,1327962.375,1449416.125,1388406.375,1419727.0,1529818.25,1775832.75,1702503.5,1488261.25,1378488.25,1578179.5,1370513.625,1490423.75,1361882.875,1594848.875,1474504.125,1490954.875,1487985.875,1519827.25,1425555.375,1148671.0,1164083.75,1679696.875,1438613.125,1779263.125,1801483.25,1651192.0,1566375.25,1677695.75,1704247.0,1694232.375,1658166.5,2053298.25,1835117.0,1554504.5,1511006.125,1610532.25,1429991.75,2138502.5,1957856.5,1924120.625,1742002.0,2002294.5,1760329.5,1733234.125,1611378.5,1870995.625,1803642.0,1974959.625,1894238.25,1780320.75,1609784.25,2141188.0,1925613.0,1659967.25,1606548.375,1938708.375,1710311.5,1972000.875,1896394.625,1672240.0,1644106.625,1840213.0,1722699.5,1792318.375,1663737.25,1961437.375,1815991.125,1921574.75,1762597.0,1963523.625,1966542.375,1892735.875,1894576.125,1768607.125,1734776.375,1584358.625,1665649.5,1974481.875,1692383.5,1807879.625,1591664.125,1795083.625,1842122.25,1779470.875,1835629.125,1695581.625,1904085.125,1969934.875,1962126.625,1824263.125,1893119.625,1690110.25,1797632.375,1916608.875,1900559.125,1845822.25,2024947.125,2029715.25,1934293.875,1892911.5,1802432.75,1961468.375,1905289.75,1884338.875,1853936.875,2176070.5,2109227.0,1874191.125,1715222.5,2060886.25,2039211.375,1709532.875,1831714.25,2030061.125,1928255.5,2172675.75,2199255.0,1710376.75,1545278.5,1657646.375,1528144.625,1369131.5,1480621.125,1478511.25,1454762.5,1672612.5,1591452.375,1908218.625,1748676.0,1277956.125,1245410.0,1474979.875,1414397.5,1585857.0,1481426.0,1996783.125,1832732.625,2397543.75,2246319.75,1595287.25,1596349.25,1788827.0,2010482.875,1630845.75,1714948.0,3043920.75,3016535.0,1646169.5,1603323.5,2324964.5,2422643.75,1639322.25,1764852.875,1938938.0,1833258.625,2871721.75,2488459.0,2339875.25,2591123.0,2632993.0,2971374.0,3139282.5,3180877.25,1838653.125,2225871.0
105,2054743.0,1902106.125,1943317.75,1993113.75,2088538.5,2009954.875,1780817.25,1694626.25,1820659.5,1700148.875,2342995.0,2296892.0,2244813.25,2212807.0,2287928.75,2147641.5,1750668.875,1880089.75,2194500.75,2369928.75,1935760.75,1960370.375,1930215.375,1799279.375,1881064.75,1889619.375,1667367.0,1898756.875,1878966.625,2180083.5,1709483.875,1813420.875,1583354.25,1669570.375,1574661.875,1567481.0,1642631.625,1793132.75,1718972.25,2090610.375,1966069.625,2079468.0,1543697.25,1572897.75,1367125.625,1374753.5,1529806.375,1614046.875,1563903.625,1550159.875,1571405.625,1757267.625,1691270.25,1611364.875,1672530.0,1644275.0,1791804.625,1698505.25,1527473.875,1670227.875,1662818.0,1667198.25,1859186.125,1983648.375,1702161.25,1705166.375,1650605.875,1629166.25,1398787.125,1480393.125,1951368.25,2026212.375,1930035.5,1986005.375,1610662.375,1542170.875,1848125.5,1701741.75,1767520.625,2031798.375,1293364.75,1326897.75,1449158.75,1393789.75,1417254.625,1527472.75,1772439.25,1702477.625,1486316.875,1381676.0,1577468.5,1369974.625,1488547.375,1362793.125,1593156.0,1475574.75,1490774.625,1486220.5,1517599.125,1424801.125,1147465.25,1162408.25,1679720.0,1438017.0,1780629.5,1798935.25,1652351.625,1565004.125,1680237.875,1706808.75,1694704.25,1658686.125,2053120.625,1832542.5,1555438.875,1508480.625,1611746.75,1427457.375,2140202.5,1958954.0,1919334.75,1743373.25,1997090.25,1763004.625,1731321.0,1606960.5,1873921.625,1802688.125,1970944.125,1890244.75,1776351.875,1607366.875,2143518.0,1924264.25,1662346.75,1609550.5,1933611.375,1708279.625,1968963.875,1894774.25,1670568.125,1639494.625,1837656.25,1722772.375,1789156.0,1662936.0,1957889.875,1813124.625,1918522.75,1761439.875,1964241.5,1964615.375,1893786.5,1893818.25,1771825.25,1735392.625,1587076.75,1670433.5,1972033.625,1690816.0,1807882.25,1589951.875,1794335.0,1844559.625,1779382.5,1834894.25,1700805.375,1904881.125,1966635.875,1960990.5,1823569.0,1895176.625,1686693.125,1799224.625,1919725.625,1902851.875,1845189.0,2025883.875,2032112.5,1935401.5,1893713.625,1802924.25,1961289.5,1905882.75,1884300.25,1855065.375,2180500.0,2111349.0,1874612.375,1713270.625,2061208.75,2038448.875,1707603.25,1829632.0,2031135.875,1927079.375,2172019.25,2196606.25,1711739.0,1549308.75,1659800.875,1532515.875,1367742.0,1481590.0,1477485.5,1456554.25,1671589.5,1594895.75,1910535.75,1748034.5,1277150.0,1246143.375,1475423.25,1418175.25,1586948.875,1481564.75,1996711.0,1832052.75,2397342.0,2246944.0,1595235.5,1597859.375,1788501.0,2010964.875,1631716.75,1713204.0,3044392.5,3020312.0,1646795.75,1602602.125,2325910.25,2424960.75,1638517.5,1765448.625,1939035.875,1831172.75,2873797.5,2489597.25,2340964.0,2592957.0,2634506.0,2972886.0,3141745.0,3184491.25,1838626.375,2227658.5
106,2053360.5,1898495.75,1940165.625,1988206.5,2082345.875,2004271.0,1778797.25,1692325.875,1818423.25,1699961.0,2337362.5,2291971.5,2244127.25,2209398.0,2279716.25,2141774.0,1748950.25,1876402.75,2193853.25,2365515.5,1933055.875,1957139.125,1925295.75,1793764.5,1879970.5,1885647.125,1670998.75,1900624.375,1878028.5,2177111.75,1706423.0,1810383.75,1581453.625,1673355.875,1574155.5,1568242.0,1637933.375,1794039.5,1714681.375,2097622.0,1963344.25,2077888.875,1542594.5,1570962.125,1368004.25,1374024.75,1532709.0,1616448.0,1566369.625,1554859.875,1572161.0,1756164.25,1691941.125,1612635.0,1669364.25,1643803.0,1788436.5,1695563.5,1524199.0,1672101.25,1664368.875,1666908.0,1860873.125,1984407.0,1701922.375,1706468.375,1653115.75,1631536.375,1405368.0,1476169.5,1953293.125,2027272.375,1929745.125,1986217.625,1612435.625,1545843.625,1850286.875,1703105.875,1767681.25,2036992.625,1292723.875,1327249.875,1447848.375,1391103.625,1417632.75,1531047.125,1771723.75,1701507.375,1489191.75,1379417.75,1577977.5,1369092.25,1495173.625,1362107.5,1601942.75,1473352.0,1491335.125,1485844.125,1522163.25,1423346.5,1151844.5,1162181.625,1677167.125,1437576.625,1772152.375,1813155.0,1655348.125,1564631.625,1676669.25,1704978.375,1695847.375,1664237.125,2054005.75,1832648.5,1554574.375,1504765.625,1611640.75,1420167.75,2138978.5,1959486.875,1916734.0,1743108.25,1998439.375,1765022.625,1731440.375,1605965.5,1873577.625,1802428.25,1969433.625,1887735.375,1772556.625,1606850.375,2144779.75,1922317.0,1660682.0,1610854.125,1932691.25,1708255.875,1967014.5,1893236.0,1670497.25,1634900.75,1836163.5,1720924.375,1789205.875,1663148.0,1954006.125,1807256.375,1917710.5,1760437.875,1965022.0,1964779.625,1893366.0,1893413.75,1772402.125,1736059.5,1587999.25,1673882.125,1969047.625,1690133.875,1806145.75,1587008.5,1795525.0,1842891.0,1777949.375,1836601.25,1698887.625,1908273.75,1964652.125,1963326.25,1825687.0,1897734.5,1687324.625,1799696.25,1920648.0,1902423.125,1842217.125,2024161.0,2030782.125,1931372.875,1895282.5,1801379.875,1958464.625,1901834.75,1884313.625,1857011.5,2179455.75,2108033.25,1873860.875,1714483.0,2061982.5,2038082.875,1707325.25,1834885.75,2023378.375,1932304.125,2174256.75,2198367.0,1714976.625,1549147.625,1657754.75,1532142.25,1366332.375,1481327.875,1478181.5,1457080.75,1674263.125,1599269.875,1913977.5,1748624.125,1275956.25,1244187.375,1474094.5,1416950.125,1589117.625,1482570.875,1999467.25,1834824.5,2400154.0,2250961.25,1596906.75,1597780.5,1791534.25,2016925.875,1631492.5,1714409.375,3048407.25,3024240.0,1648533.75,1603027.875,2330852.5,2429960.25,1641536.625,1767672.25,1940302.625,1830906.75,2877358.5,2491658.75,2343221.5,2594704.25,2635053.0,2973108.75,3147140.0,3188431.75,1842333.625,2229880.25
107,2048505.5,1890614.125,1932681.0,1983148.75,2076379.5,1999094.0,1775534.25,1691079.75,1820704.875,1699433.75,2338073.5,2290604.0,2243216.5,2206461.5,2277489.75,2138028.0,1748906.125,1877991.25,2190789.0,2361789.5,1933030.875,1957647.0,1921533.25,1794059.875,1880443.125,1884618.5,1672430.0,1903648.5,1877675.875,2175930.0,1704785.125,1813743.0,1579603.5,1676490.0,1573300.75,1569697.0,1631708.375,1795770.375,1710402.25,2096834.5,1960166.0,2073691.625,1543242.625,1573647.625,1368884.0,1372703.875,1537499.875,1618928.125,1568559.5,1558660.875,1570470.375,1756527.375,1690001.875,1612677.5,1668487.25,1645287.625,1786120.75,1696359.25,1524600.375,1674779.125,1667942.75,1667271.25,1864471.75,1983971.75,1703835.25,1708765.125,1652921.5,1635119.625,1406959.125,1473073.125,1954783.75,2026209.375,1931791.375,1982850.125,1612340.0,1543829.75,1852866.75,1701549.375,1768697.125,2031707.375,1295717.5,1330193.875,1448172.625,1386051.5,1419832.375,1533537.75,1773235.875,1700236.75,1491912.375,1375906.375,1577761.625,1368678.0,1500665.875,1363204.625,1604589.75,1473866.75,1488330.25,1487085.875,1523569.25,1426589.875,1153008.375,1165260.125,1678061.375,1438578.375,1770607.375,1815730.875,1655259.375,1567457.0,1675468.5,1704876.5,1698475.75,1665777.875,2057551.75,1837692.5,1554170.75,1506562.0,1611089.375,1418195.125,2141692.75,1962734.625,1919361.0,1737917.75,2003180.75,1760044.5,1735675.625,1612759.375,1870963.75,1803137.625,1972294.375,1889303.5,1775000.625,1608906.25,2144067.5,1924501.25,1659257.5,1607459.875,1935448.75,1708284.875,1969349.25,1891962.5,1674300.875,1639487.25,1836023.875,1720481.75,1792463.25,1663849.25,1954717.875,1806558.5,1920751.625,1762337.0,1965208.375,1965690.125,1892486.875,1893597.625,1772363.875,1737115.5,1588505.625,1671739.0,1970251.25,1690626.125,1806049.75,1588892.375,1798935.375,1840560.875,1775836.75,1840026.125,1693096.75,1912871.875,1971971.25,1967214.625,1830327.875,1900654.625,1693283.75,1800669.375,1918408.625,1902448.125,1842401.75,2022808.25,2031130.375,1930382.375,1894974.125,1800308.75,1958450.625,1901142.625,1885895.625,1858307.625,2176770.25,2107839.5,1871795.875,1714097.25,2061325.25,2037637.625,1708373.5,1837427.125,2021366.5,1934132.625,2173632.75,2199753.5,1715015.625,1546934.5,1655622.125,1528916.5,1366051.125,1479537.125,1477446.75,1454575.125,1675766.125,1598968.75,1914725.125,1749227.875,1274928.625,1242995.125,1469328.375,1412761.125,1589029.25,1483214.25,2001534.0,1837452.0,2402847.0,2250904.5,1596008.75,1594405.5,1791568.5,2017697.375,1630354.25,1715391.375,3046872.75,3023068.5,1648770.625,1603461.25,2332493.25,2432397.5,1642840.125,1765162.25,1941101.625,1832992.75,2878117.0,2494787.75,2344604.0,2595556.5,2635798.25,2973251.75,3146269.5,3187186.0,1842750.0,2229438.25
108,2047261.125,1889299.75,1929687.75,1982303.625,2071994.125,1995242.75,1777842.375,1694996.375,1823867.5,1701102.625,2340329.5,2292628.75,2240174.25,2204240.25,2281870.25,2138998.75,1749710.875,1882286.75,2184809.75,2357127.75,1934375.0,1957741.875,1923351.625,1797350.375,1883846.625,1888948.0,1668934.75,1902768.625,1878548.375,2180578.5,1706470.875,1816728.0,1580905.625,1675227.5,1574925.375,1571906.625,1630797.25,1797760.0,1712601.875,2092632.375,1959370.625,2070066.375,1543390.5,1577807.75,1369139.125,1373807.0,1539720.5,1619525.5,1568217.25,1557365.375,1569103.375,1757648.25,1688432.25,1612296.25,1670362.5,1647600.75,1786686.375,1700890.25,1532974.0,1678091.375,1670451.5,1670180.5,1867678.25,1984211.625,1708917.125,1711026.5,1651499.0,1637009.125,1403142.875,1473971.5,1954325.75,2023274.25,1933631.25,1979770.25,1609472.0,1539259.5,1849316.875,1699301.875,1767602.375,2021361.375,1298562.5,1333019.25,1451330.25,1386291.25,1420843.625,1528889.5,1774127.125,1699395.375,1490873.75,1373462.25,1577668.25,1369587.375,1501319.0,1368440.5,1597717.25,1475624.875,1487141.875,1488008.375,1519977.0,1431442.125,1149552.875,1168076.625,1683044.875,1439037.75,1777559.75,1802186.25,1653755.75,1570253.125,1678141.5,1707879.25,1701214.125,1663246.125,2060520.5,1840321.125,1554544.125,1509570.375,1610044.875,1416365.75,2147337.25,1963637.75,1920689.375,1731300.0,2004812.375,1753617.125,1743989.25,1623586.5,1872984.375,1808801.875,1976929.375,1892425.875,1782495.75,1611947.875,2145465.25,1930065.125,1660369.125,1602769.5,1939532.625,1708434.75,1974412.125,1891146.5,1679846.0,1648743.375,1836539.125,1722749.25,1795528.5,1663443.25,1962170.5,1811780.75,1927032.25,1767810.5,1966046.0,1966930.125,1893128.875,1895165.375,1773519.125,1738338.5,1589725.125,1668275.875,1973481.25,1691625.5,1808031.625,1594727.5,1800208.0,1839482.875,1773840.25,1840803.625,1690977.625,1914215.25,1975698.25,1969142.0,1831883.375,1901861.125,1696867.75,1801554.5,1918063.375,1905360.75,1845142.5,2023845.625,2033185.375,1933237.375,1892911.0,1800590.75,1961574.5,1904158.375,1887134.25,1856686.5,2175857.75,2110380.25,1869482.125,1711474.875,2060724.875,2037974.5,1708683.625,1833075.875,2029222.75,1931128.25,2170995.5,2198696.75,1710651.25,1544401.875,1656271.375,1526529.875,1364667.125,1475083.625,1475613.125,1450075.625,1673264.25,1594110.625,1912816.25,1749584.75,1276222.75,1247259.875,1465536.0,1411896.75,1588344.5,1482865.125,2001631.75,1837746.375,2403610.0,2248813.25,1594885.625,1592627.75,1787097.25,2013387.375,1629052.25,1715419.375,3042431.0,3019516.75,1648029.25,1602959.0,2333302.25,2432020.25,1642539.75,1761933.25,1943346.375,1835698.25,2878610.0,2498077.5,2346176.5,2595992.25,2638094.0,2975283.5,3140836.0,3186193.25,1841950.75,2227846.0
109,2046409.875,1890046.75,1929268.625,1982920.125,2066343.375,1987472.125,1778778.25,1696444.625,1822958.875,1701986.375,2337753.0,2291619.25,2234693.25,2200992.75,2279889.0,2136934.75,1747377.625,1880199.125,2184695.5,2354299.75,1935568.75,1955194.875,1926904.375,1795737.5,1884384.625,1891791.625,1667000.125,1899514.75,1881562.375,2184424.5,1709108.625,1817036.125,1582811.375,1674011.25,1576066.75,1571270.875,1630038.25,1796222.5,1711529.125,2092127.125,1956848.875,2067988.875,1542983.375,1577089.875,1367968.375,1374599.625,1540494.125,1620352.375,1568411.5,1556466.625,1569171.0,1757160.75,1686266.75,1610970.5,1669977.75,1647830.5,1786209.125,1701235.125,1533828.875,1677228.25,1667569.625,1670510.75,1868802.125,1984673.125,1710448.5,1710306.875,1651314.375,1635965.625,1401687.375,1476165.375,1953807.125,2023554.625,1931063.5,1980877.625,1610148.875,1541351.625,1847411.25,1697674.125,1767449.375,2024181.875,1300610.25,1334682.75,1453841.5,1390063.375,1422219.875,1529254.5,1775949.5,1701843.375,1490193.375,1371834.875,1579261.375,1371663.0,1503433.75,1371443.25,1596274.75,1476220.875,1491371.75,1488961.125,1521314.0,1431926.5,1149183.625,1167806.0,1685274.75,1438988.25,1779876.5,1801231.875,1655257.625,1569597.375,1679445.5,1710165.125,1701976.75,1665688.0,2062160.0,1838581.875,1557847.125,1514265.625,1612042.5,1417586.625,2145791.75,1960492.5,1920742.75,1730785.375,2006556.0,1754738.5,1747265.625,1625176.25,1877619.125,1813581.875,1976873.625,1892884.5,1783834.625,1612030.5,2148728.75,1931357.5,1662131.375,1604647.25,1944161.875,1711319.5,1975917.5,1890515.625,1680637.875,1648965.25,1840800.875,1725619.0,1795209.625,1662600.0,1967525.75,1815044.625,1929320.5,1769648.5,1966764.125,1969630.875,1895178.125,1897436.625,1771790.75,1737120.125,1588201.125,1668497.625,1972301.75,1691279.875,1807196.625,1595184.875,1798020.875,1839792.0,1772419.625,1838362.375,1689985.125,1912432.75,1972123.875,1968699.5,1829156.125,1900648.625,1696280.375,1801076.25,1920030.25,1906441.875,1845743.875,2023812.5,2030350.875,1930923.5,1892884.875,1801076.25,1960304.0,1901852.375,1884339.875,1853845.375,2172875.75,2107683.0,1868981.875,1712624.75,2061173.625,2039409.875,1705825.125,1831336.625,2032636.25,1932258.875,2172795.5,2201365.75,1708257.375,1542203.875,1657250.375,1525700.5,1361717.625,1472853.25,1475987.875,1448599.125,1675078.5,1592540.25,1911952.0,1751675.25,1279104.75,1251265.0,1468174.25,1414826.0,1589762.75,1484748.375,2001778.5,1836181.375,2401601.0,2249224.75,1595022.5,1593937.375,1785512.125,2011711.25,1628628.5,1716581.125,3041790.25,3017753.75,1648703.875,1603190.25,2333322.25,2427699.75,1643039.25,1763935.875,1945231.375,1836083.0,2877385.0,2495102.0,2344381.25,2592915.5,2635901.75,2972831.5,3136967.0,3185456.25,1843873.25,2225230.0
110,2045236.625,1887925.0,1930023.0,1982083.25,2066055.125,1982605.75,1776020.0,1693306.125,1821831.75,1700881.375,2338677.75,2290940.0,2233607.25,2200293.0,2274974.5,2133504.5,1747257.0,1875191.25,2191884.75,2357389.25,1938143.5,1954672.875,1929059.875,1792412.375,1882843.25,1888967.0,1669827.125,1896791.125,1884764.75,2180950.0,1712893.5,1817615.625,1584816.375,1675272.375,1575424.375,1569373.5,1628983.875,1792788.125,1707782.625,2093019.75,1954343.0,2068685.875,1543597.75,1573554.375,1366606.125,1372852.5,1538995.625,1619844.625,1571081.625,1558974.75,1569709.75,1755977.0,1686508.75,1611157.0,1669672.5,1646577.25,1787072.375,1698892.875,1526971.25,1673658.25,1664135.0,1666696.125,1868904.75,1984189.375,1706133.25,1708704.5,1653639.5,1634816.875,1402057.625,1474145.875,1952690.5,2025270.0,1927534.75,1981728.5,1612404.25,1542682.375,1850566.5,1697645.875,1767330.875,2031091.625,1300204.25,1333665.875,1452063.25,1391857.375,1420913.25,1535537.0,1776071.875,1703557.875,1490712.75,1371217.75,1579404.25,1370932.75,1505187.75,1367283.125,1599772.0,1476609.625,1491930.0,1488546.75,1525693.5,1426663.375,1151523.125,1164972.25,1683258.125,1440027.75,1775796.5,1812687.75,1655833.75,1567404.125,1681018.125,1710970.25,1701041.5,1668811.625,2061649.375,1837519.25,1563044.5,1518251.5,1616353.625,1425083.125,2142375.5,1958801.5,1920597.75,1734029.25,2007490.125,1759108.0,1744420.125,1618425.375,1880778.0,1812666.0,1974281.875,1891361.25,1779793.625,1611016.75,2151948.75,1928195.75,1662773.75,1608874.875,1948121.0,1713829.5,1973975.875,1890349.625,1679135.375,1641383.875,1845406.625,1724687.875,1792615.5,1662173.625,1965885.375,1815536.0,1925265.0,1765409.0,1965149.375,1970306.125,1894846.0,1896153.75,1770059.375,1736361.125,1585560.125,1669492.25,1970428.375,1690356.25,1806835.25,1591511.0,1796362.75,1840843.75,1773084.0,1836023.5,1687500.625,1909355.875,1972885.125,1965384.0,1826971.0,1898653.75,1693800.25,1799188.375,1918943.875,1901932.25,1842564.5,2022594.0,2026060.5,1925486.5,1894082.375,1800477.875,1956635.25,1896996.875,1881616.625,1853559.125,2170525.25,2103144.75,1870030.5,1714552.75,2060210.375,2038964.25,1702404.625,1833524.25,2026842.125,1934866.875,2175113.75,2203970.75,1708682.625,1541469.375,1655891.5,1525780.25,1358467.25,1472744.25,1475968.125,1450592.375,1678375.125,1597941.125,1913578.0,1753575.5,1278822.5,1246427.375,1473704.0,1415149.0,1591750.125,1485567.875,2001538.25,1834922.25,2400450.5,2251227.75,1594048.0,1595318.875,1791889.375,2016159.375,1628544.0,1717679.0,3044110.25,3019757.25,1649961.0,1603848.75,2331265.5,2426929.5,1643595.75,1765499.375,1944779.75,1833917.375,2875946.0,2491434.5,2343374.0,2592172.25,2633337.25,2970355.5,3139170.25,3184955.75,1844737.875,2225255.5
111,2048000.5,1888365.375,1934075.5,1981743.625,2069241.5,1984124.875,1778188.0,1694179.625,1825617.625,1703870.625,2342603.75,2293329.5,2235250.75,2201259.0,2275335.25,2134434.25,1751855.125,1876275.125,2192225.0,2358536.0,1938749.125,1956582.125,1930076.75,1791006.375,1884515.875,1886175.75,1673008.0,1896014.125,1885125.75,2177010.0,1715359.875,1816999.625,1586290.0,1675305.25,1575984.75,1570118.5,1632121.875,1792056.75,1711788.625,2093717.5,1955821.5,2071086.5,1544711.125,1572613.375,1368039.25,1373183.0,1536606.5,1618203.5,1571883.625,1558707.625,1571310.875,1756211.5,1689952.875,1614153.875,1673206.25,1647751.25,1790586.25,1701867.125,1531164.0,1678009.75,1665679.25,1664416.125,1869198.75,1985208.375,1706100.5,1710599.75,1657760.375,1637645.5,1402494.875,1468648.375,1952729.625,2026928.75,1928511.25,1982020.125,1611835.625,1541307.125,1850110.75,1699997.0,1765931.375,2028915.375,1296847.125,1330119.25,1448908.5,1390022.0,1417669.125,1534348.375,1774146.125,1700681.875,1489541.625,1370548.5,1578109.375,1368256.25,1502203.75,1362398.0,1601029.625,1474843.0,1487808.875,1486266.375,1524906.5,1421420.375,1152586.75,1162015.75,1680962.75,1439217.25,1772709.375,1816028.125,1654212.75,1566458.125,1683669.875,1709786.875,1700072.75,1665356.5,2058285.75,1837025.5,1562209.125,1511606.875,1616619.375,1424793.875,2144923.75,1956559.125,1918527.125,1735700.625,2003853.875,1761310.5,1742898.375,1616438.875,1881103.125,1810347.125,1976357.25,1893442.375,1780549.125,1613054.0,2153755.25,1928192.375,1661561.125,1608067.875,1948702.75,1711505.5,1973591.625,1892169.25,1679677.0,1637861.0,1843541.125,1720581.0,1792270.75,1662009.375,1963655.0,1816505.625,1923504.25,1763542.375,1963873.875,1967246.375,1892171.375,1892249.75,1772239.25,1739260.375,1586537.125,1669351.0,1973251.25,1692703.5,1811564.75,1593576.375,1798079.125,1841280.0,1775319.5,1836297.25,1688211.5,1906138.25,1973556.875,1962894.5,1826489.625,1898613.375,1689949.875,1797977.0,1916066.25,1897848.125,1839949.75,2022043.875,2026079.625,1926241.625,1893520.125,1798643.875,1958496.375,1900373.5,1884653.25,1856062.75,2172117.0,2103280.75,1870635.5,1713738.125,2060007.5,2038802.5,1701492.0,1835662.125,2023044.375,1933072.5,2174568.75,2201629.75,1709502.25,1542537.875,1655141.0,1525987.375,1356665.75,1470149.5,1474970.0,1452700.0,1674546.75,1602042.125,1915638.875,1751559.75,1276552.375,1240169.125,1475423.5,1412863.375,1591220.25,1481750.75,2000793.0,1835399.0,2401428.0,2250981.25,1593070.125,1596954.875,1797580.875,2019882.875,1628322.875,1717564.625,3044892.5,3022190.0,1649443.875,1604479.375,2330278.25,2433717.25,1643247.125,1763029.75,1944330.25,1832899.25,2877729.5,2493745.5,2347211.5,2597486.5,2636338.5,2974123.5,3144884.25,3187987.25,1843177.5,2229533.25
112,2051225.0,1893759.25,1939928.5,1986913.625,2071723.5,1989052.125,1782559.375,1698764.625,1828301.25,1709075.25,2341641.5,2294414.5,2234550.0,2200150.25,2276487.25,2137047.5,1753325.0,1878188.875,2185868.5,2357173.5,1934065.875,1957248.25,1930854.625,1790746.125,1884238.75,1886713.625,1673219.75,1898209.375,1881494.625,2176812.5,1712833.125,1812933.75,1583094.75,1672152.5,1577266.75,1567949.0,1636287.625,1792438.25,1715626.375,2091812.25,1959092.875,2073316.25,1544751.375,1573369.125,1370513.5,1376940.25,1537467.0,1618603.0,1568201.0,1555051.0,1573088.75,1756053.5,1691010.75,1614336.875,1676486.25,1648877.5,1794118.375,1705068.25,1544122.875,1686088.625,1665788.125,1663735.0,1865700.25,1984754.625,1711271.625,1712110.125,1659808.125,1640520.75,1404336.0,1468118.25,1954014.125,2028068.75,1929702.75,1983513.25,1610916.625,1544463.375,1845655.5,1701548.625,1766287.375,2027463.0,1295664.375,1329239.0,1448618.375,1388046.0,1418739.125,1528960.0,1775885.5,1699417.125,1488473.25,1370776.75,1579819.125,1369569.25,1500149.625,1362264.125,1602882.125,1471039.0,1488396.5,1485104.875,1523252.875,1422083.375,1153831.5,1161523.25,1679755.625,1436729.25,1773777.75,1813493.25,1655025.5,1566693.875,1682255.5,1707033.5,1699484.25,1662149.875,2056311.5,1835420.25,1557781.125,1500958.0,1613320.5,1417159.125,2146664.25,1952294.25,1917740.25,1739210.25,1998636.375,1764543.5,1741555.25,1617772.0,1877809.625,1807498.375,1978903.875,1897333.375,1783427.625,1616253.875,2152280.5,1930147.375,1659437.125,1606036.875,1945804.375,1708995.125,1972591.625,1894822.125,1677598.25,1638235.5,1838788.0,1718707.625,1792761.25,1661149.5,1963308.0,1815864.25,1926172.125,1767134.5,1964444.5,1965229.5,1892313.625,1892710.75,1774672.0,1740080.125,1588005.25,1668550.125,1976152.5,1695919.625,1816380.0,1598621.75,1798653.0,1839859.5,1775021.625,1835676.625,1692259.0,1903833.875,1965433.5,1962854.5,1825017.125,1897665.5,1685980.125,1796590.5,1916781.375,1899299.5,1839278.875,2019704.75,2026949.375,1929446.875,1893699.125,1798055.125,1961260.5,1905349.375,1886981.5,1856774.5,2173810.5,2104853.5,1871860.625,1715563.5,2062524.0,2041944.125,1703466.125,1839045.5,2025453.75,1932034.5,2175326.0,2200535.25,1713214.875,1544449.875,1658343.375,1526618.5,1358316.875,1469110.25,1478285.375,1455664.875,1671209.5,1600602.75,1915840.875,1747496.125,1277197.75,1240808.625,1473999.25,1412698.25,1588265.375,1477986.75,1999908.875,1836017.25,2400483.0,2245162.75,1593685.75,1597719.625,1793738.375,2015435.5,1628087.125,1714875.125,3043439.5,3018721.5,1647181.0,1603425.875,2329809.75,2436481.5,1642016.125,1760643.125,1943849.125,1831858.5,2878286.0,2495350.5,2348776.5,2598706.25,2638454.25,2974676.75,3147048.0,3189191.5,1842186.75,2230110.5
113,2049728.875,1895722.875,1941950.375,1992988.125,2076463.625,1995655.5,1777889.0,1699237.375,1826262.75,1708579.875,2342379.5,2295307.0,2237344.75,2201876.75,2276861.75,2136846.0,1749610.125,1876222.5,2184448.25,2358997.75,1928254.125,1955374.125,1931317.0,1792644.625,1879106.125,1887561.0,1673026.125,1902232.625,1874343.875,2176978.75,1708519.0,1809451.5,1578848.375,1667516.875,1576544.375,1562905.625,1637962.75,1790229.75,1712383.0,2084502.125,1964367.75,2076097.5,1543047.375,1573680.875,1371109.0,1379435.5,1542076.625,1621425.75,1565547.125,1554179.0,1571817.625,1754503.5,1688961.25,1610473.5,1675198.625,1647257.625,1793953.875,1703415.0,1548604.875,1687450.625,1661430.375,1662789.75,1858662.5,1980699.0,1711536.375,1709588.875,1657755.625,1639176.5,1405893.5,1474132.0,1951066.25,2026120.5,1926091.25,1981853.375,1607780.25,1545582.375,1842877.125,1698787.75,1765187.5,2027690.5,1296325.625,1331521.625,1451081.0,1388678.125,1420911.125,1528938.75,1777265.125,1701537.875,1489477.5,1371887.0,1582597.75,1372875.875,1501596.0,1364596.625,1603715.875,1469606.375,1491340.125,1485107.75,1524232.125,1425552.625,1154734.875,1162802.125,1680696.5,1436164.5,1777555.25,1809351.625,1656293.875,1566846.625,1678248.75,1706004.125,1698709.5,1663544.375,2057494.0,1835778.5,1558070.375,1499333.125,1611569.625,1415806.5,2144042.75,1952495.75,1919470.0,1742292.625,1997494.5,1766109.375,1740009.75,1618898.125,1872198.75,1804766.125,1975206.5,1895483.125,1784018.125,1615649.25,2147657.25,1930756.625,1659995.625,1607319.875,1943230.5,1711956.25,1968693.25,1894323.5,1674307.875,1639921.125,1839898.0,1720896.25,1789812.75,1660143.25,1963531.75,1814606.5,1927019.125,1769185.125,1964335.875,1966119.875,1896510.625,1897634.5,1774580.75,1737324.625,1586014.375,1665642.625,1974875.875,1694924.625,1815315.625,1599184.375,1795809.5,1838557.0,1772510.5,1831008.125,1693567.625,1900933.25,1957190.125,1960571.5,1821856.125,1893813.375,1682722.125,1793159.0,1920761.125,1903961.375,1840300.5,2017243.375,2027807.875,1929265.5,1895521.5,1800638.25,1960165.0,1903464.5,1883610.875,1853961.375,2176386.75,2106493.0,1872412.375,1718018.875,2062991.625,2043353.5,1705049.375,1839140.625,2028436.375,1932526.0,2176104.5,2201932.75,1716426.625,1545375.625,1661940.25,1528216.125,1361615.5,1471214.5,1482893.5,1457963.375,1674264.5,1598319.75,1914294.5,1746369.125,1279244.0,1242038.875,1472529.75,1414263.875,1585845.5,1476784.25,1997770.875,1835656.375,2397445.0,2239350.0,1594177.5,1595582.25,1785290.375,2010365.5,1627210.5,1711004.375,3042797.5,3013658.0,1644242.75,1599928.25,2326803.75,2430138.75,1640014.0,1758829.625,1942051.0,1827553.0,2874786.25,2493087.75,2344367.25,2592757.5,2634422.5,2968726.0,3143300.25,3184854.25,1840780.125,2224305.75
114,2047086.625,1891614.0,1937290.625,1988577.625,2078003.75,1998359.125,1769864.625,1696125.0,1824511.125,1704359.625,2347885.75,2297531.75,2244449.0,2209305.0,2277021.75,2133363.75,1746167.625,1876788.0,2183422.75,2357309.5,1924475.125,1952357.375,1926480.375,1793940.125,1876931.0,1887129.875,1673948.875,1905248.75,1868134.125,2178812.5,1706462.25,1811014.0,1579999.875,1664130.125,1574619.125,1564947.5,1637479.125,1788059.5,1711334.75,2077160.25,1971629.25,2077884.375,1540800.375,1575828.25,1371111.0,1378045.625,1549745.125,1625995.75,1567189.875,1555999.875,1567301.25,1754008.5,1686962.75,1608889.125,1671776.5,1646342.0,1787297.5,1702212.375,1543370.625,1685099.25,1660959.25,1665231.0,1856972.125,1980828.625,1708564.0,1708229.375,1653916.375,1636518.125,1404695.125,1480027.5,1946338.625,2024122.375,1923531.375,1977676.5,1601462.875,1538563.125,1841021.5,1693894.375,1761196.125,2018638.0,1295165.25,1332512.0,1454685.875,1389991.75,1420599.25,1529740.125,1773516.0,1700754.375,1490415.625,1372000.875,1581768.875,1372423.125,1501884.0,1367244.5,1598524.375,1471809.75,1489817.625,1485283.625,1522235.0,1427796.125,1152322.125,1164755.75,1684784.0,1436981.375,1783660.875,1798888.5,1655080.75,1567452.625,1679700.875,1708358.375,1699878.5,1664107.625,2058498.625,1838855.5,1561217.875,1504242.625,1611989.5,1418233.875,2145357.5,1959557.125,1922616.25,1737011.0,2002926.75,1760805.5,1742109.75,1624150.0,1869107.25,1805392.875,1971464.875,1890481.75,1786619.375,1611787.75,2144485.5,1933257.375,1664306.5,1608156.375,1941762.5,1714564.75,1967877.5,1890857.125,1676797.125,1645949.625,1844302.625,1723867.125,1787400.875,1661422.375,1962959.25,1814176.875,1926153.25,1767331.125,1963490.5,1965947.0,1898519.125,1898237.375,1772750.0,1736490.375,1584474.0,1663095.5,1972547.5,1692087.625,1810502.25,1597444.0,1795621.25,1841238.875,1771569.25,1828319.125,1690569.125,1898730.375,1957412.25,1957666.0,1820192.125,1894148.875,1682434.375,1792067.5,1922508.875,1907208.75,1845708.5,2020082.125,2030243.875,1929342.125,1895092.0,1803674.125,1959947.875,1902356.75,1880456.375,1851549.875,2180320.75,2110771.75,1870187.5,1715519.75,2060768.875,2040584.625,1704100.0,1832355.25,2032554.875,1929483.375,2173028.75,2200743.75,1713479.625,1545097.625,1663292.0,1529232.0,1363100.625,1471493.875,1482185.75,1456012.75,1676238.875,1595708.375,1913577.5,1748058.625,1279194.125,1241589.375,1470886.5,1416497.625,1586775.0,1478373.375,1997241.625,1834592.375,2396749.0,2241588.5,1594026.75,1593140.5,1779937.25,2011970.375,1627052.625,1711065.5,3043187.5,3016121.75,1642694.75,1598941.375,2324610.25,2425902.25,1637492.875,1758269.25,1940448.125,1826414.75,2873625.0,2493511.5,2339525.25,2589876.5,2631077.0,2967503.5,3137967.25,3182626.0,1837205.875,2221418.0
115,2047334.625,1890180.25,1933135.75,1980009.875,2072644.375,1994422.0,1772682.25,1694880.625,1823330.25,1701990.25,2346509.0,2295552.0,2245896.75,2212694.75,2274066.0,2132406.5,1745900.875,1878424.25,2181456.5,2354068.5,1923607.125,1951504.5,1918928.125,1792001.0,1877990.0,1886479.75,1673235.0,1906164.75,1870055.875,2181248.5,1706398.25,1814442.875,1581727.125,1666055.125,1574623.25,1571059.125,1635102.0,1789994.125,1713164.75,2079495.0,1970639.75,2075169.0,1541036.125,1578806.5,1371098.5,1375629.75,1553559.0,1628270.375,1569587.375,1557203.375,1565379.75,1754861.875,1686360.125,1611053.0,1670417.375,1646979.75,1782956.625,1701571.25,1537756.25,1682526.25,1665723.5,1668538.25,1861783.75,1985872.25,1708227.875,1709634.25,1651780.625,1634591.875,1400417.5,1478861.25,1949146.875,2024963.125,1927310.0,1977299.25,1602394.25,1533630.0,1841411.125,1691929.25,1762214.5,2011736.875,1295164.375,1331758.875,1455965.875,1390171.5,1421192.0,1528043.0,1772214.125,1697976.25,1489738.0,1372124.75,1579212.125,1370399.625,1502657.0,1366982.5,1594578.75,1474414.75,1488219.875,1486624.75,1518865.375,1428687.375,1149151.75,1166959.875,1687092.25,1438159.625,1786767.875,1794450.0,1654830.625,1568956.0,1684536.625,1711546.5,1703828.0,1663142.125,2058478.5,1840115.5,1561695.875,1510364.0,1611313.25,1419537.5,2149085.5,1965182.5,1925204.25,1730768.375,2007356.625,1757004.625,1743341.375,1626443.5,1872152.5,1806701.375,1973956.375,1889762.875,1787957.125,1610892.375,2145789.0,1933640.0,1666480.125,1605601.25,1939064.125,1711292.5,1971757.5,1889859.0,1680273.125,1649163.125,1843018.125,1723444.75,1790102.75,1663935.25,1959176.875,1810690.25,1926344.125,1766570.875,1963300.5,1963729.375,1894434.0,1892910.625,1771244.875,1737426.375,1585109.375,1665333.625,1972280.375,1691440.625,1808436.375,1595089.25,1798198.5,1845200.625,1772110.625,1832595.75,1688195.625,1901558.875,1962594.625,1959309.75,1822172.75,1899799.125,1687469.125,1795940.625,1919791.125,1905317.875,1850052.625,2025182.25,2031727.75,1931696.625,1893224.0,1803292.25,1960895.75,1903424.0,1880992.375,1852319.125,2178859.75,2112873.5,1869976.0,1713202.25,2060010.125,2037761.375,1705448.875,1828873.75,2034929.125,1927144.625,2169806.0,2197633.75,1710702.25,1545513.5,1663000.875,1528485.75,1363188.625,1472081.5,1479206.25,1453627.25,1674183.75,1593662.125,1914936.875,1749079.875,1277328.625,1243299.125,1468143.875,1417768.25,1589491.0,1482803.875,1999604.125,1833136.375,2398730.0,2246364.0,1594494.5,1592996.875,1781443.0,2012991.25,1629594.375,1713544.0,3042222.5,3019658.0,1643953.5,1602085.25,2328357.75,2429428.25,1637735.5,1762478.0,1940191.875,1831843.75,2877263.75,2496933.25,2340439.75,2593101.5,2634083.0,2971608.75,3137701.75,3184840.0,1837167.125,2225809.75
116,2046860.125,1891884.375,1933436.875,1979274.25,2072024.125,1992337.125,1778998.0,1694703.0,1820974.375,1701796.5,2340520.5,2291625.25,2242054.0,2208180.75,2271674.75,2134905.25,1746530.5,1875237.375,2185877.25,2356808.25,1926176.625,1954116.25,1919118.0,1789502.25,1876406.0,1885639.0,1670678.0,1903820.625,1878164.75,2180402.25,1708478.125,1816793.0,1580011.75,1672002.5,1577420.0,1571591.625,1633684.625,1793182.625,1712734.375,2089918.125,1960967.625,2071456.375,1543625.375,1579280.125,1369274.75,1375416.5,1547993.75,1625404.25,1570202.625,1557606.5,1569039.5,1755897.5,1687182.75,1612184.125,1671066.5,1646608.25,1788247.25,1699366.875,1535850.5,1679120.625,1667758.0,1667133.625,1865107.875,1986398.5,1707172.375,1709134.125,1652554.375,1634105.25,1395593.5,1473082.125,1956343.625,2025527.0,1931872.625,1981152.375,1611145.0,1536703.25,1844079.625,1693802.75,1767651.875,2021595.875,1297423.875,1331957.5,1453485.125,1391178.875,1422230.875,1529056.25,1775105.75,1699636.25,1488792.125,1373730.875,1577740.25,1371033.25,1505432.125,1362204.875,1598216.75,1474725.0,1489213.125,1488186.75,1520462.75,1428231.625,1148376.5,1167584.0,1684122.375,1439990.625,1780958.25,1805414.75,1655723.875,1569597.125,1683831.125,1712476.25,1705468.0,1664735.5,2058312.0,1840030.875,1559754.0,1516235.875,1609610.125,1424576.25,2144787.25,1963147.375,1922457.375,1734216.75,2003075.0,1761190.5,1740125.75,1619229.5,1876110.0,1806241.375,1976361.5,1892438.125,1783500.75,1613179.5,2146770.5,1928479.5,1663169.0,1604276.875,1937623.0,1708446.625,1973666.0,1892595.625,1678381.375,1643161.5,1838279.875,1720318.625,1793484.125,1664014.875,1954440.5,1806117.125,1925330.75,1766155.625,1962979.125,1962984.5,1891125.5,1890512.125,1771220.5,1737458.0,1584780.625,1668582.375,1973230.75,1692443.875,1810562.75,1592917.875,1797935.75,1844934.875,1773794.75,1836742.0,1689136.625,1905269.75,1966454.25,1962223.5,1823727.5,1901310.625,1692067.375,1798699.625,1918401.25,1901719.5,1847800.125,2027024.25,2031657.5,1933573.5,1893468.125,1800796.625,1960160.625,1901433.625,1883818.375,1855011.875,2174245.25,2109735.5,1872400.75,1715292.75,2061008.75,2036983.875,1709905.625,1833647.125,2028599.875,1929471.5,2171111.5,2196780.25,1713027.375,1546653.0,1659923.25,1528002.625,1363795.5,1476631.375,1478200.0,1455251.75,1673017.25,1595150.375,1915319.375,1749297.625,1276710.625,1244698.25,1465713.5,1416155.75,1590168.125,1485823.375,2000395.5,1832887.0,2398358.75,2246126.0,1594701.375,1594461.125,1788216.875,2012052.625,1631948.75,1713858.0,3039970.5,3015561.5,1645537.25,1603735.375,2333394.25,2432132.75,1641437.875,1765983.375,1940235.875,1834522.5,2877958.5,2495010.75,2344195.25,2594374.75,2635242.5,2969792.5,3139190.5,3183838.5,1842444.875,2229434.75
117,2046342.625,1893252.375,1933333.875,1983273.0,2077809.75,1996618.125,1778246.25,1694104.625,1820371.0,1701472.625,2339872.0,2291506.75,2239041.0,2203610.25,2274621.5,2136488.5,1746457.125,1872196.375,2190613.0,2359326.75,1930819.75,1957563.875,1923681.0,1789362.75,1875796.5,1885647.75,1669755.75,1899951.75,1883028.375,2178216.25,1711895.625,1819391.75,1580444.875,1676150.875,1579716.75,1569838.875,1634183.625,1793471.125,1713126.875,2097385.5,1955040.875,2070563.75,1544316.375,1577871.125,1367306.625,1375541.125,1538268.0,1620164.75,1569430.375,1557866.25,1572556.125,1757164.625,1688943.375,1610496.0,1671642.875,1645239.625,1794164.25,1698072.125,1533806.125,1675063.875,1665902.375,1663875.625,1866598.875,1982952.75,1704120.75,1707592.5,1653283.125,1634354.375,1394124.25,1471271.875,1958647.375,2025760.0,1930682.0,1984413.625,1616131.0,1542749.625,1843516.0,1695602.25,1769778.875,2035523.0,1298889.5,1333658.875,1450893.875,1392388.875,1422490.625,1533230.0,1776427.875,1704566.5,1490354.5,1376495.25,1577026.625,1372967.0,1504675.75,1359026.5,1602142.625,1474092.0,1489839.25,1489087.0,1524742.625,1427925.375,1149362.75,1167159.75,1680361.75,1440989.125,1774158.0,1816127.875,1654791.25,1568752.5,1678400.5,1710538.75,1702257.875,1666126.875,2057712.875,1841120.25,1558382.0,1516120.875,1611209.5,1431061.625,2138829.25,1959705.75,1919339.125,1741791.375,1998490.75,1765383.375,1737463.25,1612479.25,1877495.625,1806819.875,1975271.625,1894855.375,1778776.5,1613461.125,2146605.25,1924962.25,1660212.0,1606271.375,1939114.875,1708348.375,1972100.125,1895105.125,1674085.125,1637538.25,1836021.5,1718535.75,1794404.25,1662968.375,1955215.0,1808702.875,1922900.625,1763464.5,1962332.125,1964914.0,1891823.125,1891878.75,1771015.375,1736360.375,1584290.125,1667421.5,1974277.0,1692933.0,1812461.375,1593963.5,1795243.75,1841752.25,1776162.75,1835395.5,1690992.0,1904436.375,1969108.125,1962378.0,1822891.75,1896409.625,1692656.625,1797414.5,1919215.75,1900461.5,1844303.625,2026647.0,2030772.5,1932936.375,1894414.125,1799722.125,1959363.0,1900248.5,1886522.375,1857490.875,2174063.5,2105963.5,1872002.25,1718074.5,2061711.5,2037661.75,1711160.5,1838256.0,2020574.375,1931416.625,2174810.25,2199345.25,1714763.125,1546514.625,1656940.0,1528771.875,1364579.875,1481374.5,1478435.25,1457425.75,1676327.25,1597754.5,1913855.5,1750284.625,1278315.75,1243428.875,1467395.875,1414464.625,1589660.75,1484930.75,2000509.375,1834704.25,2395773.75,2243853.25,1593853.0,1595651.125,1792604.0,2014107.5,1630982.75,1712930.375,3039832.0,3011067.75,1646277.875,1602579.5,2332021.75,2428215.25,1643250.0,1764441.875,1940051.875,1831531.875,2873089.0,2487548.5,2343218.75,2590538.75,2629906.75,2962994.0,3135626.5,3178751.5,1844638.75,2226769.5
118,2050511.5,1895206.375,1933704.875,1986799.625,2076776.875,1998190.0,1779097.25,1695837.375,1823876.0,1700165.0,2339582.5,2291260.0,2234986.25,2201238.5,2278875.75,2139565.0,1748263.125,1874207.75,2190311.75,2360363.75,1936076.75,1959590.625,1924887.25,1793365.25,1880762.0,1888591.75,1670918.875,1900705.875,1883261.0,2176666.75,1713491.5,1820985.25,1584907.5,1678089.875,1579146.25,1571218.875,1633726.375,1792757.75,1716038.625,2098822.75,1953381.625,2069846.5,1543298.0,1575647.875,1368796.75,1375281.5,1529313.625,1614378.25,1568005.875,1557907.625,1572851.5,1757932.375,1690768.75,1609630.0,1672441.625,1645344.0,1794803.125,1698307.75,1529910.75,1672790.625,1664636.25,1663235.875,1868511.0,1983047.375,1702481.125,1707501.625,1652477.5,1633803.75,1397496.375,1473422.125,1957797.0,2026413.0,1926853.5,1985073.875,1616395.125,1547500.375,1844025.5,1696893.5,1770243.0,2039216.5,1299367.375,1334013.125,1449968.125,1391256.25,1423365.375,1535487.75,1777212.25,1707128.0,1493377.625,1377800.75,1577026.625,1373580.125,1500879.25,1358950.25,1602593.75,1474879.75,1490835.25,1489604.875,1526742.125,1427958.375,1152168.25,1167025.125,1679478.875,1439938.375,1774647.375,1815463.25,1653549.5,1567742.5,1675768.5,1708093.5,1699174.5,1662568.125,2057766.875,1839409.625,1558112.5,1511483.125,1613980.75,1435379.125,2140665.5,1959094.625,1923084.75,1744197.0,2002286.5,1764671.5,1739264.0,1613649.125,1880509.0,1809067.875,1976209.5,1896225.0,1778815.75,1613314.375,2149880.75,1925172.625,1661280.5,1606496.875,1939889.375,1706623.375,1971280.375,1896196.625,1671692.0,1638411.0,1835688.25,1718748.5,1795336.375,1663378.125,1960707.625,1815579.625,1922334.5,1761917.625,1962521.75,1966791.75,1889902.125,1890278.25,1770800.0,1735856.0,1584755.0,1665595.625,1976004.75,1692864.375,1812787.25,1596047.0,1792834.125,1839670.75,1776782.5,1833503.625,1691843.25,1903931.375,1973189.875,1961577.5,1823677.0,1892856.375,1693265.75,1796998.125,1916948.0,1898890.75,1843398.75,2027108.5,2027362.5,1930071.875,1893092.0,1799190.0,1958798.0,1901055.75,1885543.375,1857287.75,2175573.0,2103249.0,1869449.0,1716420.25,2061176.125,2037721.125,1706790.125,1837002.625,2019885.625,1930550.875,2176322.75,2202170.75,1713641.0,1545333.875,1658280.375,1529008.625,1363070.875,1480185.875,1477622.25,1455650.625,1680478.25,1598750.0,1914050.625,1751223.0,1278361.75,1242009.625,1472318.875,1413963.625,1589833.875,1482217.5,2002967.0,1836193.875,2397756.75,2244350.0,1593045.0,1594816.875,1792666.25,2015411.875,1627874.0,1712424.625,3045412.5,3014884.75,1647236.5,1601220.375,2326834.25,2423953.5,1640816.25,1762366.625,1940730.625,1828636.25,2871329.0,2484788.5,2341605.0,2589061.5,2628759.0,2963678.75,3136594.25,3178819.0,1840754.375,2222811.0
119,2053975.375,1893544.375,1937132.375,1987538.625,2071782.125,1993086.0,1782819.0,1698714.5,1829525.5,1700543.5,2337841.75,2288792.25,2232159.25,2199409.75,2279815.0,2141579.5,1751225.25,1877072.875,2191079.75,2362172.5,1938193.125,1959339.875,1926345.75,1797296.0,1887419.25,1890473.625,1673486.75,1904541.875,1882572.875,2175178.75,1711603.375,1818547.125,1587231.5,1676964.375,1576618.125,1572412.0,1632965.375,1792210.625,1718343.375,2096963.75,1953809.125,2069289.875,1545218.0,1573623.125,1371792.25,1377326.0,1527148.125,1612362.25,1567265.625,1557196.375,1574081.125,1757258.125,1690280.875,1611244.125,1673030.75,1647191.125,1793847.5,1699548.0,1531976.75,1676788.875,1664651.0,1665177.5,1866680.5,1985003.0,1703596.375,1706954.875,1653762.375,1635591.625,1403578.125,1474494.5,1958679.375,2024990.625,1927636.375,1985751.875,1616869.375,1549592.5,1853128.125,1700547.25,1773311.0,2036247.625,1298386.875,1331636.625,1449463.0,1389386.375,1423602.5,1533655.875,1778527.75,1706456.125,1494268.625,1376379.0,1578774.375,1372695.75,1498864.25,1356102.0,1602259.875,1475156.0,1491720.5,1489095.375,1525612.625,1426520.875,1155471.25,1166022.0,1680312.0,1438130.375,1778195.0,1810480.0,1654061.75,1567402.875,1677701.875,1706810.75,1698875.0,1658285.875,2058096.875,1835061.75,1557698.0,1511601.125,1612380.75,1438656.125,2142771.25,1957541.5,1927866.5,1741191.25,2009118.875,1762816.625,1742665.875,1618132.125,1881885.25,1809583.25,1977961.875,1896763.5,1781861.375,1614915.75,2152461.25,1926138.75,1662943.25,1604567.875,1939735.125,1705866.5,1971520.75,1896797.375,1672778.75,1640681.375,1837769.625,1719395.625,1795764.75,1663823.375,1961802.125,1814870.375,1923768.25,1762762.0,1963541.75,1966609.25,1887824.375,1888108.375,1772167.75,1737772.75,1584926.375,1666794.5,1978088.75,1693552.875,1813321.375,1596040.875,1792766.375,1840128.5,1777405.625,1833741.0,1692380.75,1906529.75,1974724.0,1962070.5,1826129.25,1894487.5,1692456.0,1798720.0,1915540.375,1898265.875,1843452.125,2027396.125,2023645.625,1927288.5,1890232.875,1797839.875,1957997.375,1900085.625,1883137.625,1853960.375,2174852.0,2101700.75,1868067.125,1711452.375,2059415.5,2035625.875,1699881.125,1832191.25,2023873.625,1929238.0,2173936.75,2201565.0,1713249.0,1545678.5,1660927.625,1529114.125,1360611.875,1474739.75,1476352.625,1453481.375,1679932.875,1598930.0,1915448.5,1750718.25,1276165.0,1242218.75,1474109.875,1412635.125,1588584.125,1480291.25,2003005.5,1835081.875,2400421.5,2246724.25,1592241.875,1592500.75,1791454.875,2014033.5,1625007.125,1712529.0,3049775.5,3020140.5,1646954.375,1599621.125,2323356.5,2423462.0,1637766.0,1759029.75,1940804.625,1827558.25,2873523.75,2487333.5,2343494.75,2593176.25,2633409.75,2970069.25,3143990.5,3183563.5,1835838.875,2221911.75
120,2051607.125,1889457.0,1939732.125,1984888.625,2074201.5,1989364.25,1782204.25,1699617.0,1831529.375,1702422.875,2339275.5,2287240.5,2235696.25,2199421.75,2280145.25,2137976.5,1751195.0,1877303.75,2194146.25,2359985.5,1935888.0,1956175.5,1929002.375,1795576.5,1889265.5,1889002.0,1677521.5,1905063.0,1881348.125,2175123.75,1708459.25,1812249.0,1584035.875,1670950.125,1574074.75,1569787.5,1633485.375,1789381.125,1717268.125,2092092.25,1959639.875,2071167.375,1549820.0,1575230.875,1373384.375,1381298.5,1536166.5,1617834.125,1568904.375,1556971.0,1577109.625,1756069.5,1687700.125,1612308.0,1671559.25,1648261.875,1793187.125,1701971.125,1539332.625,1682372.0,1664037.125,1666512.0,1862461.875,1984352.0,1706064.5,1706061.375,1655903.625,1638146.25,1407676.75,1473806.0,1958077.75,2022185.75,1930736.75,1985681.75,1615842.375,1548465.125,1861748.75,1703228.375,1774703.375,2030910.375,1296404.0,1328457.875,1449100.75,1387917.375,1421783.375,1529036.5,1778260.0,1704211.75,1493424.5,1374803.875,1580794.25,1370638.125,1497777.875,1353084.0,1600176.75,1473599.125,1490264.625,1487993.5,1523151.25,1424502.125,1156482.25,1164279.875,1681693.625,1437418.0,1779658.25,1806345.625,1654697.875,1567286.5,1679449.75,1707200.5,1699028.375,1658156.0,2057211.75,1834712.75,1556018.375,1514943.0,1608849.875,1436678.75,2141559.0,1956943.5,1928432.625,1737243.0,2010962.375,1760193.375,1743166.75,1620581.875,1878348.5,1809090.25,1975928.625,1897437.0,1783830.375,1615503.875,2150852.5,1929112.625,1662793.0,1605050.625,1941846.0,1709246.5,1971657.75,1896372.25,1676245.75,1641625.25,1842413.375,1720039.625,1794101.625,1663007.125,1959240.75,1809720.375,1925082.0,1763506.5,1965213.5,1966085.25,1893242.875,1891372.5,1773420.5,1740136.75,1585563.5,1666587.875,1978234.25,1694753.75,1813603.75,1595389.375,1795126.125,1840911.125,1780854.625,1834777.0,1692747.0,1906186.125,1970834.625,1963492.875,1825466.0,1896220.5,1688284.125,1798643.125,1918952.875,1901686.125,1844752.625,2025397.625,2025548.625,1926556.875,1889395.875,1798258.875,1959040.25,1899603.5,1885184.625,1852489.0,2174881.0,2103462.0,1867541.75,1710123.375,2058059.875,2034200.125,1697419.75,1829719.375,2027974.75,1928342.0,2171289.0,2198903.5,1713164.125,1546301.5,1660733.125,1529523.375,1361836.875,1473038.0,1477251.875,1454430.5,1676718.625,1598496.125,1914636.0,1749474.75,1275619.25,1243514.25,1470860.25,1411246.125,1585909.125,1480593.0,1998533.125,1833499.125,2396911.5,2248454.0,1591855.5,1592257.625,1789189.25,2014076.5,1625072.875,1714692.5,3045922.0,3018557.5,1645421.625,1599173.5,2324569.75,2425288.25,1637699.0,1754541.125,1939011.625,1829359.875,2873341.0,2488747.25,2343870.25,2597135.0,2635201.0,2972651.5,3144509.5,3183656.75,1834454.75,2223914.5
121,2048751.875,1890648.875,1938107.875,1982470.625,2076512.375,1990446.0,1781637.0,1700497.875,1829189.5,1702588.5,2339916.75,2287741.5,2240033.25,2200086.5,2281787.75,2135473.0,1748658.25,1876570.375,2192417.5,2354918.75,1933216.25,1951738.125,1928603.625,1792343.25,1886068.5,1890016.375,1679343.875,1903978.25,1881045.75,2178046.0,1706433.125,1808276.875,1579294.0,1667693.5,1573248.375,1566050.625,1633985.125,1787473.25,1713221.75,2088655.75,1964211.0,2073619.75,1553157.375,1580456.875,1374831.875,1384803.0,1546013.25,1623587.0,1572651.25,1559498.25,1578206.5,1755390.875,1687303.25,1611386.625,1670904.0,1648852.125,1792536.75,1703965.875,1541986.0,1682790.75,1663456.75,1664320.375,1863535.125,1983071.375,1707145.125,1706654.625,1653267.625,1635630.25,1407132.25,1471401.75,1952623.5,2019377.375,1928674.375,1980724.125,1611731.625,1542935.5,1856783.25,1699066.0,1769494.25,2023939.5,1296064.75,1325703.875,1449144.5,1385745.125,1420177.125,1525382.625,1776214.5,1700232.5,1491763.25,1373290.0,1579840.375,1368581.625,1497417.625,1357170.875,1597994.875,1472605.375,1489577.0,1487564.375,1522407.625,1423080.125,1155829.75,1163241.25,1682304.375,1438502.25,1777235.75,1802746.625,1654036.625,1566516.125,1678156.75,1710052.625,1698137.75,1660003.25,2054771.75,1836760.875,1553275.625,1515099.5,1606845.25,1428094.25,2141406.25,1958599.125,1924699.125,1734366.375,2006142.375,1755076.0,1744127.125,1621314.375,1878201.0,1811913.75,1974383.75,1897522.625,1785049.625,1616088.375,2149691.75,1932870.375,1660122.125,1606482.25,1945849.625,1713661.75,1973537.75,1895307.0,1680023.25,1642402.625,1845372.75,1720651.875,1792732.875,1661703.375,1962293.875,1811891.0,1925054.5,1764210.875,1966160.875,1967388.5,1899597.5,1897213.5,1773618.0,1739963.25,1587202.0,1664120.125,1976286.625,1694887.5,1813850.625,1595841.75,1795985.0,1838089.375,1783095.375,1836427.0,1692051.625,1902924.125,1966779.375,1963208.0,1821852.0,1894588.625,1685995.5,1796631.0,1921316.0,1905261.625,1847114.75,2024354.125,2030644.875,1928096.0,1891834.0,1800740.25,1960813.375,1902152.5,1888445.25,1855024.0,2177224.75,2107268.0,1866874.125,1711370.75,2059018.375,2035922.125,1703977.5,1831575.5,2029088.375,1928438.625,2172927.0,2198555.0,1709723.625,1542917.25,1657884.125,1527570.125,1363740.0,1474064.25,1477505.625,1452494.625,1671601.375,1595783.25,1911707.75,1748809.875,1276869.125,1245141.125,1466369.875,1410862.0,1585225.625,1481969.625,1995832.375,1834063.625,2397843.0,2251467.0,1592713.25,1594928.75,1790162.625,2016375.0,1628691.25,1718169.875,3043904.5,3017423.25,1644720.125,1600715.875,2331699.25,2431549.5,1639118.5,1757202.875,1940324.875,1834747.5,2873911.0,2492045.25,2345329.5,2599005.25,2637417.0,2973894.0,3141787.0,3181785.75,1838210.375,2229286.25
122,2047304.375,1892755.5,1933576.875,1981839.875,2070660.5,1991339.375,1781451.25,1700849.0,1826965.125,1702031.25,2337919.5,2289561.5,2240058.75,2201227.5,2281032.5,2135594.25,1747011.125,1876470.625,2184029.75,2351537.25,1931956.5,1950019.0,1926581.375,1792044.125,1884035.625,1891698.125,1676108.625,1904443.875,1882127.125,2181100.25,1705096.75,1810714.625,1577530.75,1671515.125,1573462.75,1565389.125,1634456.25,1790550.5,1710946.375,2088922.125,1962185.5,2074230.75,1552727.875,1582566.5,1374428.75,1383770.75,1547251.875,1624496.875,1574569.0,1561173.125,1576149.375,1755185.5,1688382.0,1609806.5,1672860.75,1649576.5,1790420.125,1703423.125,1540245.125,1681342.875,1665279.125,1661339.375,1867973.75,1982991.375,1706168.0,1707751.25,1649366.75,1632221.875,1403896.875,1469119.0,1948494.75,2018258.625,1925489.0,1974781.25,1609508.0,1535800.25,1844230.625,1692024.625,1762945.375,2019332.125,1296148.75,1324979.875,1449771.25,1385106.75,1420341.5,1526562.875,1773194.625,1695742.25,1490614.125,1371202.625,1578344.875,1368403.125,1501544.875,1364802.125,1599057.75,1472120.375,1491920.875,1487270.75,1523965.0,1422432.5,1155684.125,1162973.25,1682695.5,1441021.125,1772728.375,1803011.0,1653638.875,1565465.625,1678000.25,1712000.25,1697339.75,1661918.0,2053202.5,1836038.5,1554511.5,1513872.375,1607903.625,1421709.375,2142460.25,1958674.0,1918700.125,1732384.0,2000587.625,1752551.375,1748280.125,1622601.5,1881614.25,1814159.0,1976650.75,1895083.75,1786607.125,1617243.625,2150310.5,1933097.375,1657591.75,1605896.25,1948693.25,1716192.0,1975757.75,1894239.125,1682143.375,1644239.875,1845647.125,1721490.625,1793102.125,1661437.875,1967617.625,1816950.75,1923976.875,1765567.0,1965247.125,1969290.125,1898766.625,1900128.875,1773030.375,1737602.75,1588686.625,1664573.25,1974584.0,1693013.75,1814082.625,1596436.875,1795550.125,1834673.25,1780912.375,1836467.0,1691433.75,1902945.5,1967609.75,1960035.375,1822548.625,1893873.75,1688808.375,1795362.125,1920621.625,1906157.25,1847941.625,2026207.75,2031882.375,1930572.625,1894793.5,1802227.25,1961333.25,1905734.5,1887081.25,1856886.125,2178583.75,2109618.0,1867853.75,1710572.5,2061328.75,2039025.0,1710317.25,1833796.625,2027340.125,1930514.0,2175972.75,2200852.75,1705411.75,1537974.5,1655520.875,1524648.875,1360693.75,1471251.375,1474976.625,1446536.625,1666372.75,1592457.5,1910140.25,1748771.375,1277952.625,1246686.25,1466826.125,1411515.75,1588648.125,1482891.0,1998508.25,1835341.5,2406857.25,2254466.25,1593588.25,1596732.25,1795574.0,2017471.75,1632047.75,1719379.5,3046813.75,3020610.5,1645667.0,1601445.625,2336536.75,2437519.0,1641154.0,1765998.25,1945303.625,1837829.375,2876029.5,2496954.5,2349861.5,2599862.25,2642282.0,2975455.75,3143240.0,3183418.0,1844042.375,2233817.75
123,2044663.625,1889611.625,1930839.125,1981890.75,2066745.0,1989913.875,1775781.25,1696510.875,1823276.375,1702069.375,2339190.25,2291384.75,2239814.75,2205075.0,2277431.75,2133060.5,1747822.875,1878208.625,2179854.75,2351835.25,1933704.375,1953091.125,1926334.125,1792417.125,1884825.625,1887869.625,1671159.0,1904392.375,1882727.125,2181415.75,1707243.5,1813043.875,1581748.625,1674145.625,1573932.5,1567186.875,1635609.125,1793477.875,1714121.5,2087914.5,1960033.125,2073845.5,1546928.25,1577869.0,1370079.0,1376733.625,1542398.125,1623476.5,1570490.375,1556939.0,1572286.625,1755979.125,1687167.375,1608943.375,1672795.375,1647708.625,1786141.75,1700625.25,1536222.5,1679183.5,1667342.25,1662160.5,1867934.625,1983358.875,1705296.125,1707982.125,1650228.75,1632879.5,1402771.75,1473406.625,1950665.125,2021441.125,1928476.625,1975515.125,1611084.125,1533847.5,1842099.75,1693267.0,1763084.0,2020543.125,1295478.875,1327715.25,1450620.75,1388469.75,1420127.25,1530480.25,1771844.875,1695252.375,1491294.75,1370917.625,1580100.125,1369521.75,1506750.25,1368274.75,1600710.125,1472021.125,1493664.375,1486586.375,1525622.75,1423484.375,1155568.5,1162490.375,1683903.0,1441842.25,1771883.125,1806903.375,1654067.125,1565485.375,1680475.375,1709378.25,1698586.625,1662587.625,2057367.75,1836064.875,1561324.5,1511897.0,1612942.75,1422959.25,2144941.0,1959852.875,1917447.375,1733044.25,2000850.25,1756394.0,1747686.75,1621970.5,1879579.25,1811125.875,1978260.875,1891113.75,1784671.625,1614031.25,2151141.5,1930578.625,1660589.5,1605654.5,1950159.25,1715862.5,1974657.5,1892415.875,1682093.375,1645907.25,1846322.625,1722996.375,1793262.25,1661567.0,1968169.375,1817392.375,1923309.25,1765271.125,1965637.875,1969821.75,1896058.375,1899755.5,1770504.625,1736026.875,1588909.25,1667133.5,1973130.75,1690843.0,1810428.0,1594261.5,1796438.75,1836877.125,1777519.375,1834482.75,1692070.25,1905152.75,1972942.0,1957975.75,1828959.125,1895856.375,1692795.125,1795222.25,1920419.75,1905934.125,1847199.875,2026084.875,2030676.125,1931422.125,1895748.375,1802281.375,1961949.0,1907546.625,1884448.625,1856525.75,2177311.25,2109776.25,1871267.5,1712102.125,2063037.875,2041602.875,1707393.375,1835010.0,2027028.25,1932530.25,2176296.25,2202694.75,1706241.875,1537914.25,1656269.625,1524751.25,1358059.875,1468521.625,1474908.625,1446067.125,1669929.625,1593109.875,1911426.0,1749179.75,1278376.75,1247166.75,1472898.125,1414016.5,1592719.25,1482782.25,2002638.625,1835699.25,2407827.5,2251605.0,1594190.375,1596401.25,1795881.75,2014576.0,1631440.125,1718276.625,3044547.5,3020450.5,1647372.5,1601079.125,2332083.75,2433693.75,1644844.875,1769510.375,1946521.875,1834359.875,2874605.0,2496202.5,2349516.0,2596918.75,2641895.0,2974289.0,3144359.75,3184784.5,1846178.5,2230556.5
124,2047695.0,1891397.625,1934855.0,1983539.0,2073122.625,1991712.5,1772537.0,1691626.625,1819694.625,1701842.25,2342258.5,2292741.25,2241455.0,2208053.75,2274992.0,2132514.5,1750401.125,1880215.75,2187883.75,2358833.0,1938374.25,1958240.0,1927604.25,1792067.375,1885059.0,1884058.25,1669565.375,1902110.125,1886340.0,2181327.25,1712503.5,1812081.25,1588758.5,1674351.25,1575953.625,1568193.0,1635583.875,1792842.125,1717437.75,2089926.375,1958359.375,2073630.375,1539267.125,1571064.75,1367179.25,1372069.375,1532607.625,1617645.75,1564181.0,1552366.75,1568299.125,1757269.375,1687230.125,1610368.625,1670600.375,1644714.5,1784716.125,1697315.125,1529252.125,1674577.5,1666308.625,1664725.5,1866912.75,1984302.25,1704754.75,1707738.125,1652946.625,1633489.0,1403798.0,1479420.625,1951887.5,2024597.125,1931680.125,1980763.625,1610010.0,1538285.25,1849387.75,1700836.75,1766654.375,2027344.625,1295803.625,1330158.375,1450057.875,1390176.375,1419898.125,1532320.0,1772663.375,1698964.625,1489653.75,1372878.25,1581747.125,1370400.375,1503315.75,1367138.875,1601150.0,1473489.75,1493683.25,1487063.125,1526883.875,1425617.375,1153703.75,1162101.625,1680425.5,1437267.125,1774190.0,1809390.375,1653647.25,1567133.625,1678048.125,1703174.0,1699642.5,1660588.0,2062661.75,1838376.5,1561924.5,1504201.5,1614522.0,1422268.0,2144699.5,1961847.375,1919382.0,1736629.625,2003974.125,1760643.0,1739343.25,1614811.375,1874837.25,1807615.625,1977174.25,1889105.25,1777405.5,1607645.25,2151421.75,1927582.375,1663266.5,1606516.375,1949819.625,1711305.5,1973193.5,1891867.25,1680403.5,1642779.125,1844832.875,1723863.875,1792627.0,1660440.875,1966793.25,1817134.125,1922589.5,1763028.125,1967374.0,1968945.125,1895496.625,1896951.625,1769393.25,1736344.375,1587654.125,1669163.5,1971767.875,1690779.375,1804893.375,1589383.25,1795697.0,1840545.0,1774022.375,1834923.75,1692776.375,1906820.75,1975120.875,1960627.75,1831103.5,1897125.75,1692208.0,1796006.875,1919865.625,1903626.5,1845083.5,2022951.625,2031756.75,1930754.5,1894731.0,1801494.75,1961525.25,1905237.625,1883880.875,1856487.25,2175632.75,2108347.5,1873171.625,1717488.375,2063042.5,2041932.625,1706618.875,1836997.875,2027388.0,1932085.125,2175163.25,2202126.25,1710511.875,1541881.75,1657446.75,1526378.875,1363603.875,1473823.875,1479551.375,1452956.125,1676792.75,1596458.75,1911715.375,1749873.5,1277743.125,1244578.125,1474034.5,1415780.875,1589906.25,1480752.0,2002698.875,1835433.375,2399065.25,2245800.5,1594915.75,1595678.5,1789642.5,2011135.0,1628161.75,1716235.5,3041886.0,3017688.75,1647053.25,1601744.875,2327921.75,2427122.0,1645749.5,1767100.125,1943907.125,1831346.625,2873788.25,2494319.5,2345019.5,2591526.75,2636820.5,2972318.5,3144931.75,3184784.0,1844224.375,2224921.75
125,2054785.125,1898132.125,1940497.25,1984384.5,2082857.0,1999025.5,1776629.0,1690615.75,1821327.125,1700630.625,2342749.5,2294610.75,2243699.0,2208151.5,2275750.0,2137007.0,1751541.375,1878456.75,2195102.75,2365380.0,1938352.25,1960341.625,1927766.0,1790997.0,1883441.125,1884893.5,1671107.75,1899100.375,1889559.5,2183085.25,1711797.5,1814565.375,1587425.5,1676889.25,1578329.625,1567790.625,1633250.75,1793530.0,1715174.375,2096946.75,1957200.0,2074776.625,1538318.875,1569391.125,1368692.625,1373644.875,1526220.625,1611000.125,1563839.625,1553719.5,1566415.625,1757774.625,1690331.375,1613155.75,1670304.125,1644505.375,1787448.125,1695538.875,1524404.75,1671415.5,1666002.875,1665990.5,1868920.5,1984730.25,1703505.5,1707793.375,1652900.125,1631205.125,1402154.75,1477281.5,1948155.25,2023875.875,1929836.5,1982601.0,1604552.75,1541415.625,1849077.5,1700436.875,1765244.375,2030865.625,1296601.25,1330259.375,1449054.375,1386789.25,1420695.25,1532283.875,1771803.125,1700854.375,1485555.375,1374270.25,1579516.5,1371165.875,1496299.75,1366221.5,1601468.25,1474758.625,1492030.25,1488240.375,1526732.5,1427688.375,1150224.375,1163640.25,1675104.75,1432931.5,1775456.625,1809203.875,1653031.875,1569532.25,1673498.25,1699970.5,1698973.75,1660987.5,2062308.625,1838556.375,1554064.5,1499451.375,1609715.5,1415484.75,2141041.5,1960177.125,1918145.875,1737673.625,2004050.375,1759710.25,1732574.125,1606471.5,1872202.5,1805760.625,1974825.125,1889857.25,1772296.625,1605052.125,2148648.25,1924526.5,1659596.75,1607157.875,1945306.875,1705796.125,1973643.75,1893192.625,1677998.75,1637593.5,1839313.75,1723508.375,1791980.0,1659939.25,1961996.0,1814619.75,1921219.125,1761681.875,1965593.625,1967060.875,1894071.625,1893736.375,1772558.5,1736142.625,1586759.0,1670643.0,1970517.625,1691213.75,1804651.75,1587036.375,1794863.375,1840736.5,1769964.0,1838488.75,1691818.75,1909408.75,1970419.75,1965129.75,1826263.375,1898969.25,1689613.25,1797568.5,1918490.75,1901346.875,1843720.75,2021692.5,2034604.375,1931715.875,1893994.625,1800366.875,1959389.0,1900474.625,1883374.875,1856066.25,2176629.25,2108437.75,1872231.875,1719342.375,2061740.25,2039886.625,1715628.25,1838701.25,2027015.625,1931375.875,2173062.75,2200376.0,1713364.25,1545579.125,1657001.25,1526806.5,1372011.125,1483098.75,1482494.125,1457716.875,1674887.25,1597451.125,1910706.5,1750060.5,1277371.75,1241700.125,1467627.5,1414465.75,1583953.5,1479762.125,2000272.25,1834959.75,2395765.25,2243577.25,1594477.375,1594419.25,1785016.375,2010966.875,1626163.875,1712988.0,3044342.5,3018958.25,1645120.875,1602781.0,2331496.0,2429001.5,1642283.75,1765233.125,1942451.625,1832491.25,2877553.5,2497495.5,2343485.25,2591381.75,2634449.5,2972833.0,3145061.0,3186024.5,1842935.625,2226491.5
126,2053169.5,1896107.625,1939071.625,1982313.625,2085094.625,2002816.5,1778371.625,1690633.125,1823564.75,1699035.875,2345148.0,2298529.75,2245335.0,2209714.5,2277463.25,2138678.25,1749660.125,1875816.25,2189459.25,2361238.75,1932514.375,1958943.0,1925386.5,1789001.0,1880644.5,1886238.5,1671387.0,1897567.625,1883545.625,2184365.75,1705567.625,1820260.25,1578173.0,1677343.875,1577937.25,1569084.375,1631596.625,1797254.75,1712484.75,2098651.0,1962586.0,2078733.25,1544155.0,1574620.875,1370115.375,1374845.75,1534670.25,1616295.875,1568800.875,1556527.375,1568347.0,1758655.875,1690475.25,1613806.625,1671046.0,1645233.25,1787695.125,1696365.25,1524431.625,1672061.75,1669369.25,1667987.375,1868117.75,1983322.125,1704232.375,1708442.25,1650737.0,1628720.25,1401110.375,1474319.75,1947289.625,2023580.375,1929443.75,1981165.875,1602906.125,1539836.5,1844814.75,1694204.0,1762461.625,2025131.875,1296480.375,1330846.75,1450201.0,1385812.25,1418986.875,1532852.75,1770444.625,1699105.125,1484017.5,1372456.625,1575597.625,1371213.375,1496938.125,1368621.125,1600195.75,1474877.625,1487325.625,1487235.875,1523079.125,1428030.5,1146671.75,1164713.0,1678146.0,1435122.625,1776216.125,1805342.375,1653693.5,1569949.5,1677289.875,1703990.375,1698734.5,1665036.375,2060626.625,1836542.75,1552031.5,1507679.875,1608135.375,1412512.75,2142097.5,1959757.75,1918109.75,1735111.375,2002583.0,1757064.375,1733913.25,1607427.25,1869534.875,1803817.75,1972118.75,1889716.125,1775989.75,1607087.5,2143827.75,1924345.75,1657289.125,1607800.25,1939994.375,1706360.875,1972514.875,1891861.75,1678074.375,1637951.0,1836738.25,1724092.375,1790286.25,1661127.0,1952385.625,1806275.25,1921719.375,1761994.625,1962376.875,1965525.5,1892714.5,1893857.375,1774084.0,1734730.0,1587525.25,1669836.125,1968084.75,1690039.875,1807336.625,1589757.25,1798975.75,1841961.125,1769820.75,1841196.75,1689738.375,1911701.625,1967670.0,1966972.5,1823517.75,1901972.875,1690496.25,1799365.5,1919528.375,1904167.625,1847275.5,2023128.25,2036859.375,1935054.375,1894862.625,1800376.75,1959808.25,1898977.75,1883807.25,1854856.5,2179818.25,2113071.25,1871030.25,1715427.25,2060854.125,2038592.25,1721070.75,1838010.5,2028233.375,1931593.75,2170174.75,2199402.25,1713198.25,1547429.5,1656339.75,1525990.875,1372261.625,1484257.5,1478982.0,1454663.5,1670180.75,1595397.375,1912423.125,1749417.5,1278517.75,1243784.875,1465009.125,1414092.625,1585999.75,1482724.75,2000160.0,1834888.75,2398862.75,2244712.0,1593759.5,1592857.0,1785581.25,2011878.625,1627303.375,1711591.875,3042802.75,3021171.25,1644865.375,1602875.625,2334289.25,2432115.25,1640230.25,1764045.125,1941186.375,1832160.5,2878791.25,2497993.0,2343196.0,2595864.25,2635261.0,2974592.0,3141200.25,3186353.25,1842915.625,2231188.75
127,2048523.625,1892017.5,1935137.5,1982619.625,2079714.125,1998421.5,1775598.625,1691657.5,1822982.125,1699480.75,2349318.5,2302070.25,2243716.25,2211945.75,2275847.0,2136296.5,1747925.0,1877357.125,2182127.75,2355388.5,1929614.25,1958658.375,1923127.5,1788471.875,1878639.125,1886845.625,1669341.75,1898437.125,1877655.875,2183837.75,1704675.5,1822127.75,1574289.5,1673787.125,1575533.25,1572773.375,1633553.5,1799147.625,1712379.5,2095724.25,1969294.625,2082543.625,1547434.25,1579779.25,1370352.875,1375511.5,1547102.125,1626488.125,1572341.25,1557721.5,1571748.25,1760580.25,1687922.0,1612299.375,1670033.625,1644502.875,1785040.375,1698595.75,1526797.875,1674355.125,1669864.125,1671158.125,1865100.125,1982353.875,1707271.875,1709489.0,1650255.75,1629155.375,1405027.875,1477291.125,1950987.25,2026231.375,1932353.75,1982455.125,1608838.25,1541968.375,1847339.25,1694427.625,1766132.25,2022048.375,1296371.625,1330286.25,1452037.625,1389682.875,1415974.875,1533445.25,1773717.875,1698006.0,1484815.375,1370091.0,1573542.375,1369258.25,1499606.625,1370693.125,1598048.375,1475388.625,1483701.75,1485082.5,1518817.125,1424953.0,1145639.75,1162540.125,1683967.25,1437738.25,1777438.75,1799464.125,1654366.0,1567025.625,1684798.5,1708327.375,1698877.0,1665672.125,2060535.75,1836146.875,1556988.125,1514210.875,1612448.75,1414687.375,2144261.0,1963559.125,1921748.875,1735194.375,2002918.375,1758932.625,1738430.375,1614721.75,1868232.125,1803868.125,1971966.375,1887779.625,1781772.75,1610299.5,2142334.25,1928129.75,1658285.5,1607746.375,1938527.25,1711875.625,1970857.625,1888512.75,1679072.375,1641287.5,1838946.375,1725765.25,1787582.625,1661760.125,1949032.875,1801702.75,1923718.5,1763307.375,1963249.75,1965644.125,1893171.875,1895353.5,1771794.25,1734402.25,1588214.875,1669168.5,1967243.0,1689606.75,1807865.375,1592778.625,1802172.375,1844992.875,1775145.625,1841687.375,1690022.875,1911450.5,1967506.75,1965943.75,1823595.875,1902022.25,1689614.625,1801882.0,1921217.0,1907582.25,1851894.25,2025160.75,2036830.625,1937834.125,1895348.375,1801494.25,1963795.25,1903010.375,1885950.375,1855565.375,2180975.5,2117204.75,1871156.625,1712113.875,2059924.0,2038481.375,1717655.625,1835305.0,2029427.75,1930293.5,2169605.0,2198825.75,1709758.25,1546148.25,1654985.25,1525351.25,1365251.625,1476444.625,1474305.5,1449578.625,1670015.625,1592812.625,1914026.875,1748215.5,1279825.5,1247929.0,1469365.375,1416885.875,1592290.25,1485998.25,2000514.0,1835693.5,2399346.5,2248030.0,1594781.75,1592971.75,1791211.25,2013572.25,1631437.0,1714843.625,3037427.25,3018711.25,1646188.875,1603326.375,2331131.0,2428041.5,1640806.75,1764126.875,1939779.0,1832412.125,2874289.5,2492165.75,2341450.25,2596745.75,2635966.5,2973941.5,3136232.25,3183080.75,1842242.375,2231053.25
128,2046325.375,1890528.125,1932040.5,1983496.125,2074349.625,1993725.375,1770303.375,1691318.5,1821234.125,1700334.0,2348535.0,2300053.5,2241037.75,2213241.5,2271874.5,2134921.25,1747383.625,1879916.0,2182578.75,2357380.25,1930731.125,1960184.875,1922651.75,1790642.25,1876904.5,1887181.0,1668496.375,1902297.5,1879967.625,2184776.25,1709153.125,1820840.0,1578219.125,1672089.25,1574541.625,1573526.625,1636680.875,1796819.0,1710961.0,2094433.5,1970344.75,2082112.625,1545430.75,1578444.75,1370151.5,1377175.625,1549486.25,1628523.75,1572134.0,1558770.25,1573039.125,1761101.375,1686668.0,1610936.75,1667020.125,1643403.0,1783029.25,1700376.25,1528587.125,1676425.5,1664745.5,1671692.75,1863953.875,1983795.375,1707821.25,1710640.75,1652390.75,1632371.0,1408307.875,1480804.625,1952129.375,2028940.25,1932887.0,1985024.875,1614057.125,1549283.25,1848580.75,1697189.5,1770842.5,2028161.875,1297983.375,1328114.75,1452132.375,1391744.375,1417402.75,1533615.75,1778796.5,1699131.75,1487715.5,1373085.125,1574684.125,1367218.125,1499620.25,1369868.875,1599425.125,1475851.625,1485042.375,1484373.5,1518924.875,1422753.0,1148874.125,1161494.25,1684437.625,1438007.75,1777814.375,1800030.25,1654498.625,1564551.75,1687914.25,1709664.75,1700175.75,1665585.875,2059881.75,1838166.0,1561765.25,1510968.5,1616467.25,1419119.75,2141660.0,1966045.125,1923539.25,1737272.25,2004465.625,1763953.5,1737974.125,1618330.375,1868303.625,1805060.125,1974439.875,1888124.125,1782050.25,1611511.125,2143794.25,1931559.0,1657322.0,1608531.25,1938735.75,1715273.25,1971035.5,1888671.0,1675775.5,1642645.125,1839773.875,1726606.375,1786309.5,1661433.875,1954679.375,1805943.125,1923939.625,1764875.125,1965186.0,1965628.875,1893467.875,1894774.5,1770678.5,1735538.25,1586905.125,1670344.5,1969992.875,1691506.625,1807064.375,1592599.75,1799215.625,1845035.5,1777898.0,1840950.0,1692032.625,1909493.875,1961819.75,1964637.375,1820189.125,1900509.0,1683790.25,1803247.875,1920148.0,1906690.875,1850833.875,2025936.375,2033242.0,1936527.625,1894893.375,1802802.875,1964677.0,1906172.875,1886435.875,1857230.75,2179781.75,2116097.25,1873957.375,1714684.125,2059334.25,2038404.0,1715149.25,1834940.375,2028271.375,1928989.75,2171441.5,2198707.25,1707817.25,1543746.25,1654601.75,1526639.375,1361764.875,1471885.875,1475858.0,1450296.875,1672059.625,1592909.5,1912041.375,1746708.875,1280836.75,1249359.75,1473592.25,1419694.625,1592839.75,1486991.0,1999093.75,1836305.75,2398149.75,2250309.75,1595978.375,1594379.75,1795998.875,2016022.875,1634989.25,1717683.875,3036176.0,3014953.5,1647215.125,1604510.375,2327543.0,2424441.5,1641289.125,1767076.875,1941605.125,1835375.125,2870247.0,2488895.75,2341380.5,2593410.75,2635913.0,2971401.5,3135032.75,3178612.75,1842846.5,2226900.75
129,2044209.5,1887641.5,1930139.0,1981789.25,2071629.625,1993671.375,1767447.75,1690591.25,1820701.75,1699926.25,2343209.5,2295117.0,2242681.75,2214804.75,2271309.25,2133819.5,1746957.75,1878657.0,2186022.75,2361781.0,1932314.875,1960394.375,1922095.5,1792392.375,1874535.875,1887450.875,1671544.5,1907722.625,1880623.625,2184413.75,1710511.0,1818198.375,1581628.25,1672775.875,1575705.375,1570276.0,1636845.5,1793244.875,1710908.875,2092053.25,1968350.625,2078918.375,1542826.125,1574701.125,1368426.0,1376260.0,1547163.875,1626732.5,1570497.5,1558506.75,1572918.875,1758542.625,1686226.875,1609870.375,1666869.0,1644019.25,1784622.75,1701688.5,1531000.0,1678992.25,1662048.5,1667281.0,1862635.75,1984246.125,1705742.375,1711149.125,1654306.625,1635859.5,1407398.875,1481631.625,1950840.75,2029063.875,1931009.25,1982973.625,1612031.375,1550735.125,1845719.875,1695829.5,1769198.375,2031614.625,1300099.25,1329577.25,1451714.125,1389125.5,1419860.0,1533538.375,1779267.25,1699792.75,1491860.75,1377547.25,1577332.625,1367471.375,1501941.875,1369833.5,1602933.375,1474551.125,1487738.0,1483976.25,1521807.25,1426027.875,1151845.875,1163534.125,1682941.0,1439059.625,1777385.75,1804175.875,1654876.75,1565882.875,1686401.75,1710172.25,1702346.5,1668437.875,2058746.5,1839155.875,1565439.625,1508463.0,1616180.375,1420957.125,2141036.5,1965402.5,1921824.0,1736272.25,2004862.75,1764981.0,1734990.75,1619136.375,1867850.875,1804364.875,1975109.75,1891725.125,1781034.0,1611478.0,2144400.5,1931798.25,1654963.0,1609948.75,1936391.125,1714132.875,1970369.125,1891975.875,1671709.25,1642486.625,1836943.25,1725595.125,1788139.625,1661400.125,1957476.875,1809222.5,1923412.625,1765849.625,1963210.25,1963361.875,1892910.5,1893678.0,1771769.375,1736455.375,1585861.75,1668220.5,1973368.125,1693586.5,1807807.375,1593397.25,1797405.875,1842243.125,1773685.25,1837985.125,1690787.125,1906248.0,1956370.875,1963366.25,1817375.5,1899074.625,1681623.25,1799722.375,1918951.25,1904663.625,1844096.625,2023203.125,2029724.875,1933094.5,1895052.125,1802898.125,1959739.25,1902616.0,1884310.75,1856593.0,2179179.75,2112756.25,1875985.125,1719578.375,2061306.25,2039436.875,1715016.125,1838925.25,2027221.375,1929627.625,2171083.5,2198293.25,1710646.125,1544280.75,1657295.625,1528499.5,1364132.375,1474030.875,1480731.0,1453271.25,1673665.625,1595906.875,1910513.5,1745145.25,1281452.5,1248683.875,1474026.375,1420401.875,1589917.125,1486005.375,1998217.25,1835101.5,2400058.25,2248008.5,1597069.75,1594964.0,1793837.875,2015987.5,1633491.875,1715648.375,3038769.75,3014247.25,1647268.125,1604191.375,2327998.0,2427747.5,1642229.0,1769705.375,1944707.0,1834538.75,2870026.5,2492510.5,2343836.5,2590224.0,2635914.25,2969248.0,3136844.25,3176526.75,1845194.375,2223867.25
130,2050676.5,1893690.375,1936967.125,1985593.25,2073528.375,1998194.5,1777558.375,1697145.0,1825830.875,1701467.0,2339072.0,2295283.0,2246039.5,2213603.5,2274625.5,2133122.75,1747666.25,1875072.625,2188212.0,2363647.25,1934420.875,1959036.5,1921725.875,1790981.75,1875559.0,1888897.25,1674387.625,1909458.0,1876867.0,2176168.75,1708017.125,1813435.5,1578983.25,1671005.625,1576198.25,1568594.0,1633695.125,1791577.25,1713173.0,2087195.375,1966727.375,2077453.0,1542472.125,1576078.25,1367709.75,1375281.375,1549476.0,1628370.0,1570933.0,1558176.25,1571831.875,1755442.875,1686289.75,1609498.375,1672638.75,1646783.5,1791579.5,1703180.375,1537937.125,1683182.875,1665182.25,1662884.625,1861307.375,1979944.75,1704113.5,1709180.0,1655630.5,1638670.875,1406662.5,1482318.75,1951103.625,2027230.375,1930773.375,1978637.875,1606723.0,1544444.875,1847390.75,1695898.0,1766020.5,2027404.5,1299754.625,1333066.875,1453271.625,1386568.25,1417844.5,1531879.0,1777392.0,1699945.375,1491875.375,1376006.375,1577582.125,1368921.25,1504236.875,1372663.75,1601706.0,1473565.25,1486086.875,1484148.375,1521237.875,1430946.625,1149165.25,1165051.375,1683048.25,1439141.5,1778808.5,1800768.25,1654851.5,1568834.0,1683258.25,1708189.5,1701599.375,1667414.5,2059214.25,1840252.75,1564309.25,1506285.375,1613436.625,1412131.75,2145204.75,1965328.0,1920303.625,1734080.75,2002502.125,1760651.625,1735776.5,1621191.875,1867765.75,1802933.625,1973111.0,1893327.25,1782806.125,1613841.875,2143718.5,1930035.5,1653658.375,1607229.5,1931429.875,1710533.0,1967856.875,1892507.5,1671796.0,1640708.0,1832832.5,1723121.625,1790891.75,1661636.875,1953169.125,1806306.75,1922490.25,1764711.625,1959765.0,1960039.375,1892262.0,1892560.125,1773091.0,1736275.375,1587616.375,1664774.875,1974511.25,1693532.625,1811672.625,1597080.25,1800634.5,1840962.0,1769850.625,1833788.25,1687135.625,1903810.75,1960664.75,1962564.25,1821584.75,1897369.875,1687190.25,1795620.5,1919741.875,1903682.125,1838730.25,2020295.0,2031087.875,1932793.0,1895010.875,1801025.75,1957338.0,1898346.75,1881789.75,1854335.625,2180117.75,2110671.0,1873044.5,1718461.0,2063294.875,2040953.125,1710405.625,1840068.625,2029606.0,1930023.625,2167539.25,2195917.5,1712957.75,1547168.75,1659406.125,1529256.0,1365311.625,1475048.875,1480761.375,1451773.875,1673719.125,1597196.0,1912099.125,1744111.0,1279125.625,1248008.875,1470585.375,1419054.625,1588117.0,1483554.625,1999059.5,1833962.0,2404538.0,2247726.75,1597980.875,1594430.5,1790495.5,2015676.25,1630830.0,1713873.625,3041416.5,3015970.5,1646448.25,1602467.75,2332252.25,2432182.75,1642895.125,1768669.125,1943439.125,1831763.875,2873953.0,2498418.5,2344256.5,2589412.25,2635571.0,2968219.0,3138120.75,3177995.75,1845546.5,2224476.0
131,2059589.0,1903306.375,1944357.625,1991670.125,2077920.0,2002658.875,1790118.0,1703090.125,1831284.0,1703912.625,2338446.0,2299243.75,2244769.75,2209722.75,2275071.0,2133976.0,1747823.0,1873333.875,2186851.0,2362865.5,1935371.75,1958032.0,1921958.0,1787536.0,1879373.5,1888262.0,1671305.5,1904894.5,1876425.375,2168361.25,1706864.5,1812227.75,1573448.875,1668562.875,1574808.5,1569520.125,1630204.875,1792560.125,1710486.25,2085025.0,1966756.375,2078576.0,1544544.375,1580078.0,1369082.375,1376817.125,1553664.125,1631499.5,1573385.375,1560464.25,1570476.125,1755615.5,1685949.875,1610483.25,1676818.5,1647617.5,1795454.125,1702684.25,1543193.125,1684640.125,1667934.25,1663956.0,1861356.625,1975550.625,1702960.875,1706265.25,1657738.875,1639934.25,1409786.25,1485258.0,1952418.0,2026381.375,1932406.5,1978718.125,1605883.875,1541410.75,1852885.875,1699885.75,1767361.25,2025225.625,1298891.125,1332242.0,1454972.375,1388870.375,1416549.375,1530558.5,1778289.75,1701123.25,1488264.375,1372179.25,1575686.5,1369838.625,1502332.25,1376149.5,1597973.375,1475321.75,1481810.875,1485841.625,1517981.5,1431062.625,1145243.0,1164737.75,1683896.875,1438211.25,1780723.0,1797252.875,1655276.25,1569322.375,1681915.25,1705520.625,1698829.875,1664417.875,2061555.5,1843661.625,1559550.125,1501735.875,1613102.125,1401854.75,2148306.25,1966247.75,1921217.375,1734811.75,2000463.375,1758359.0,1737309.25,1621733.625,1869264.0,1803046.625,1971408.25,1890511.375,1783002.0,1616015.25,2143602.25,1928596.5,1655256.75,1603628.125,1929779.0,1708052.375,1965594.5,1889288.875,1672587.5,1638500.75,1831400.25,1721952.25,1790641.625,1661645.25,1950087.625,1803721.625,1919932.375,1761528.375,1959902.25,1959866.25,1892393.5,1892685.5,1772623.125,1735040.0,1588581.0,1666700.25,1971251.125,1691617.0,1813852.75,1598076.5,1802844.875,1841982.0,1770561.5,1833588.125,1686021.5,1906170.75,1968738.25,1964798.25,1827552.75,1899125.5,1693259.125,1798151.0,1920665.0,1905145.0,1840460.75,2021627.375,2033091.875,1933424.375,1894133.5,1799706.875,1959453.0,1898287.5,1880671.25,1853674.125,2181667.75,2110753.5,1870036.75,1712335.75,2062084.125,2040729.5,1703333.25,1835214.0,2033149.25,1930844.5,2166633.25,2194923.5,1711379.25,1547815.5,1658543.0,1529657.25,1362357.75,1471914.75,1476898.875,1448945.375,1673593.125,1596096.375,1914476.875,1744659.25,1275091.125,1247396.375,1465729.75,1416477.25,1586478.625,1482428.125,2001181.375,1835869.875,2407573.75,2252960.5,1595657.125,1593594.625,1791741.75,2017448.375,1632364.375,1715412.875,3042834.0,3018524.75,1646246.25,1602032.25,2336253.0,2432667.5,1642196.375,1765585.375,1941380.25,1831797.375,2880853.5,2501967.25,2343307.75,2592693.75,2635902.25,2971535.25,3140592.25,3183650.0,1844446.875,2226698.75
132,2057713.125,1901737.0,1940066.75,1990096.5,2075688.625,2000036.125,1789415.25,1700380.375,1828881.875,1704503.0,2337850.25,2299150.5,2239456.75,2207575.5,2270788.0,2134583.25,1747212.125,1874591.625,2184218.0,2362904.0,1934309.75,1958556.5,1922116.625,1786307.5,1880689.125,1885768.75,1666759.5,1899679.875,1880970.125,2171234.0,1708344.0,1816165.375,1573505.625,1670529.875,1573950.375,1570477.875,1629620.625,1793611.125,1706086.0,2087715.625,1965373.25,2078393.0,1545959.5,1580534.0,1369877.625,1377915.625,1552574.625,1630908.125,1574672.25,1563020.25,1571183.875,1757736.125,1685988.25,1611731.375,1675577.125,1645466.625,1792567.875,1700527.5,1540417.5,1681187.75,1667216.125,1666253.25,1862900.625,1977241.875,1703056.875,1706868.75,1659115.875,1638369.375,1413203.0,1486814.125,1953242.625,2026094.875,1932490.125,1980968.125,1610559.375,1543968.75,1854843.25,1700147.375,1770190.625,2027001.5,1300017.125,1328333.125,1454151.375,1391909.5,1419010.625,1530565.5,1780095.125,1701007.75,1486905.75,1371948.375,1575443.5,1369164.625,1498744.75,1376302.5,1598672.0,1476928.25,1482450.0,1485598.5,1517979.375,1426819.5,1146143.5,1163103.75,1684142.25,1437591.5,1780299.375,1799761.625,1657372.5,1566478.375,1682037.5,1706492.375,1698783.75,1666147.625,2062010.625,1842611.125,1559382.875,1501091.0,1613573.25,1403201.75,2146810.0,1964893.375,1922916.25,1736852.375,2001084.0,1761041.625,1738493.0,1620948.625,1874990.5,1805939.75,1972258.375,1888229.625,1779624.0,1615043.875,2148484.75,1928925.0,1658431.625,1604687.25,1934519.25,1708398.125,1966011.375,1888829.0,1671989.0,1638744.75,1833751.75,1723075.125,1789046.0,1661088.875,1954589.0,1806392.75,1920152.625,1761104.375,1963118.375,1963116.375,1893821.0,1895754.0,1771358.0,1734661.0,1587010.375,1670657.875,1967596.875,1691338.25,1812343.0,1596119.125,1801946.75,1841595.875,1771566.375,1836576.0,1687050.875,1909242.125,1969970.125,1966604.625,1828611.875,1902152.5,1692647.375,1802069.0,1920710.875,1907938.625,1843343.5,2023854.5,2029932.0,1931456.625,1893642.0,1799934.75,1958121.125,1898263.5,1880821.875,1856035.875,2181135.5,2111246.0,1871010.375,1709667.5,2060086.875,2038820.5,1703180.25,1832267.25,2033747.25,1932193.75,2169688.25,2196600.5,1708646.125,1544662.5,1658462.875,1529261.25,1358659.75,1468495.75,1475333.75,1448751.125,1673185.125,1596151.75,1915750.25,1745749.875,1274496.75,1246134.875,1464021.5,1414812.875,1585718.375,1483758.75,2001298.5,1837042.375,2407203.0,2254204.5,1592817.25,1592841.125,1793103.25,2017014.875,1634657.375,1714944.0,3043298.5,3018927.25,1647377.625,1602589.625,2336980.25,2431848.75,1642837.625,1764520.875,1944073.625,1831787.75,2883444.5,2502098.75,2346141.0,2597519.75,2638243.0,2977249.5,3145231.0,3188644.0,1845756.875,2228438.25
133,2054486.625,1897406.625,1935647.125,1987522.75,2070818.0,1996378.25,1785105.25,1698476.75,1824690.0,1704313.125,2336027.75,2296230.0,2235155.75,2206386.25,2269118.75,2136204.5,1749044.125,1876535.5,2184854.5,2365825.0,1932985.375,1959445.375,1923787.875,1788715.375,1880380.125,1888336.25,1667049.625,1898924.375,1885352.5,2177084.75,1708677.75,1817555.125,1575738.625,1673288.75,1574023.5,1570304.0,1630195.5,1792578.75,1707295.75,2088703.75,1961470.125,2075492.25,1544648.625,1580685.625,1370214.125,1378888.5,1551460.0,1629032.375,1574959.125,1564074.75,1570995.75,1757340.875,1688099.5,1612822.0,1675726.75,1645675.75,1792007.25,1701596.75,1538772.25,1679691.75,1666645.75,1665849.25,1866385.375,1980653.125,1705314.5,1709006.625,1657927.25,1636179.0,1410675.125,1485091.125,1951096.75,2023122.625,1929749.5,1979423.125,1611545.0,1543558.875,1852674.25,1695240.5,1770506.375,2025074.625,1300165.5,1325975.25,1453617.625,1390142.375,1419820.0,1528145.0,1779651.125,1699532.5,1488442.5,1373956.75,1576118.875,1367136.875,1496541.5,1372528.625,1599289.125,1476050.25,1486847.25,1483603.375,1519796.5,1424594.0,1148604.75,1161751.75,1685130.125,1437149.5,1780609.25,1796376.875,1658118.875,1563945.375,1683022.25,1711337.875,1702067.375,1668658.125,2060198.625,1837142.25,1562623.25,1504724.375,1611835.75,1411879.75,2144103.75,1963128.0,1923235.875,1735972.0,1999585.125,1761284.5,1742794.75,1623010.875,1881209.25,1810476.25,1974932.5,1888963.5,1778094.125,1614882.25,2156542.75,1929844.375,1658721.125,1606006.125,1939173.25,1709109.25,1969642.0,1892305.5,1672378.75,1641109.125,1835809.375,1723721.5,1789664.625,1659628.75,1961398.625,1810851.25,1924391.5,1764838.5,1964198.375,1963575.125,1894562.625,1896944.875,1773092.5,1736599.75,1586525.25,1671239.125,1970336.5,1693694.0,1813528.0,1597180.125,1801852.625,1840129.625,1771999.0,1837239.0,1686330.25,1907649.75,1966015.25,1963888.0,1826346.5,1901352.25,1688060.5,1800091.75,1919737.375,1906535.0,1841987.625,2024810.0,2025139.375,1930507.875,1893152.375,1799551.25,1954705.25,1897578.75,1881145.0,1858916.5,2178577.0,2110055.75,1873109.125,1712323.25,2060254.875,2037445.75,1710985.125,1834575.25,2032772.625,1930145.5,2170439.25,2195981.5,1707618.125,1542778.75,1660785.875,1527786.75,1358413.125,1469439.125,1476062.25,1449835.25,1670330.125,1595817.25,1914984.625,1745390.25,1276220.625,1247989.25,1463806.5,1415772.875,1585389.875,1485796.625,1996581.125,1833715.0,2405913.0,2249169.5,1594070.75,1592771.125,1791109.875,2014089.125,1634357.0,1712399.125,3041882.5,3016936.0,1647302.25,1602768.125,2338260.25,2433942.75,1645233.375,1767359.875,1946153.375,1833513.125,2879826.75,2502614.5,2349887.25,2599105.5,2639447.0,2977126.5,3144703.25,3185441.5,1848941.5,2230980.0
134,2054463.0,1896558.5,1937044.875,1987867.75,2071429.5,1996740.5,1783547.75,1698994.125,1824146.25,1703563.625,2337040.5,2295193.0,2235317.75,2205259.0,2272474.5,2138111.5,1750683.0,1877293.5,2186466.25,2365710.75,1932398.375,1958817.5,1925818.5,1791330.5,1880734.5,1891825.875,1669488.875,1900555.125,1885089.0,2178743.5,1707661.875,1815819.75,1576057.25,1673302.75,1574346.375,1569361.5,1630671.75,1791971.875,1710508.0,2087724.25,1959641.0,2073551.625,1543388.75,1580975.125,1370454.125,1379131.375,1550569.25,1627312.125,1573931.125,1562718.25,1569252.125,1755755.5,1689440.875,1613047.0,1676525.75,1647565.5,1793051.375,1703339.625,1539618.75,1680564.125,1667088.0,1665347.625,1868320.875,1981646.875,1706916.75,1708995.0,1655206.5,1635171.375,1404928.625,1481678.125,1948735.375,2021127.375,1927863.5,1977675.5,1608291.625,1540615.75,1849534.875,1693214.875,1768849.0,2022596.125,1298430.625,1326829.875,1453721.75,1387622.875,1418915.875,1526524.25,1777500.125,1699452.125,1489574.0,1374588.875,1576444.125,1366932.375,1497437.75,1368786.5,1597700.875,1474600.0,1489050.625,1484103.625,1520754.25,1425689.375,1149492.875,1162389.125,1685437.625,1437584.625,1780817.25,1793405.75,1656209.875,1564653.625,1683322.5,1713584.5,1703531.0,1667457.125,2059189.125,1835642.25,1562528.0,1507573.5,1610918.125,1418378.5,2143512.25,1962710.625,1922013.75,1734438.0,1997727.0,1758710.25,1745167.25,1623750.625,1880647.625,1811760.375,1976375.5,1890396.875,1779939.125,1615275.875,2157152.0,1929575.5,1657775.625,1605257.625,1940431.25,1709253.625,1972616.625,1893983.875,1674382.875,1642724.125,1836812.25,1723049.5,1791177.875,1659230.5,1963145.5,1812815.375,1926263.875,1766974.375,1963078.75,1962412.25,1893696.875,1894905.0,1774852.125,1737937.75,1587173.625,1669691.5,1974417.0,1694487.875,1815057.375,1598427.5,1801457.625,1840240.125,1773249.375,1836135.0,1686167.5,1905570.5,1964987.125,1961328.25,1824867.375,1899102.75,1686875.375,1796977.375,1918563.625,1902897.375,1841496.0,2025347.125,2025202.25,1931664.0,1892861.0,1799244.125,1955681.75,1899093.125,1882023.375,1858814.625,2177068.0,2108774.5,1873522.25,1715116.0,2061349.625,2037871.375,1715498.375,1836661.125,2031080.25,1927820.125,2169718.0,2195175.25,1708688.625,1543782.875,1661176.375,1526806.625,1360969.25,1473061.625,1476802.875,1451108.125,1668906.5,1594453.25,1913225.5,1745633.375,1276989.375,1250367.75,1464513.125,1416846.75,1585471.0,1485932.5,1994200.25,1831614.75,2404461.75,2246172.75,1595992.125,1593728.25,1789347.25,2013015.25,1632595.5,1712541.875,3040745.0,3016536.75,1646111.75,1602873.875,2338563.75,2435389.0,1645564.125,1769515.875,1944482.0,1836121.0,2876784.25,2502252.5,2349250.0,2597325.5,2637937.25,2972998.25,3140675.25,3180774.5,1849064.5,2232082.25
135,2049119.5,1893129.125,1934884.625,1984583.875,2074089.875,1995012.0,1777019.75,1694890.125,1823470.5,1701848.75,2341813.75,2294414.5,2240208.25,2206632.75,2276293.5,2136346.0,1748635.75,1877413.375,2186623.0,2359186.75,1933065.875,1957083.25,1925282.5,1792519.25,1880788.75,1887497.375,1670980.25,1902238.75,1880609.75,2179946.25,1709163.375,1816096.25,1581835.375,1673668.875,1576087.0,1569325.375,1634264.125,1793588.875,1713022.875,2091769.5,1960957.875,2074503.625,1543611.625,1575583.5,1369387.375,1375616.25,1539623.25,1620646.875,1568946.75,1556858.25,1570474.875,1756883.75,1688581.75,1611087.25,1671761.25,1646254.75,1788530.75,1699714.75,1532857.625,1677480.625,1666016.625,1665515.375,1865728.875,1983612.25,1705789.875,1708778.625,1652663.25,1633913.125,1402473.625,1475250.875,1952043.0,2025207.375,1929241.375,1980783.5,1609929.875,1541261.875,1845500.75,1696372.875,1766078.75,2026552.875,1297245.125,1330716.375,1451040.125,1389105.25,1420126.5,1531663.375,1774513.25,1699989.625,1489256.0,1373254.125,1578256.125,1370350.375,1501547.375,1366708.25,1600266.375,1474003.125,1489809.875,1486690.375,1523188.25,1426323.0,1151041.25,1164347.5,1681511.875,1438433.0,1776380.5,1806679.25,1654378.375,1567442.5,1679895.25,1707674.25,1699757.875,1663850.5,2058398.0,1837565.5,1558791.625,1508619.625,1612336.375,1419990.75,2143187.0,1960237.75,1920047.375,1736696.375,2002458.25,1760424.75,1740291.5,1617182.125,1875046.375,1807204.625,1975504.0,1891710.0,1780976.75,1611731.625,2147715.25,1928375.5,1660009.125,1606227.25,1942074.875,1710683.125,1972156.125,1892587.0,1677317.125,1642092.25,1839785.5,1722470.75,1791894.0,1662070.0,1960744.5,1812488.75,1923628.75,1764773.875,1963875.125,1966264.875,1893180.0,1894569.5,1771927.75,1736350.25,1586798.25,1668004.875,1972475.25,1691782.375,1809671.75,1593509.5,1797049.5,1840663.75,1773905.75,1835859.0,1690998.5,1906538.375,1968359.875,1962504.875,1825387.125,1897743.75,1690198.0,1797683.25,1919037.875,1903261.5,1844788.0,2023865.375,2030761.125,1931811.625,1894292.5,1800925.375,1960102.0,1902552.25,1883857.0,1855631.875,2176803.0,2109059.0,1871696.375,1714926.125,2061343.5,2039328.625,1709712.25,1835541.375,2027022.5,1931077.5,2173099.0,2199984.5,1710960.75,1543876.875,1657630.625,1526976.125,1363178.125,1474746.0,1478002.25,1452591.0,1673191.75,1595734.75,1912902.25,1748882.625,1278068.625,1244768.0,1470781.5,1415071.25,1589313.0,1482543.25,2000445.125,1835264.875,2401058.75,2247345.0,1594746.0,1594940.375,1790566.75,2013906.5,1629815.0,1714582.0,3043538.75,3018358.5,1646699.875,1602476.125,2330592.5,2430078.5,1641976.875,1765481.625,1942993.875,1832433.625,2875609.5,2494238.0,2344806.5,2593704.25,2635952.75,2971573.25,3141474.25,3184210.0,1843078.875,2227523.75
