time,ROI_001,ROI_002,ROI_003,ROI_004,ROI_005,ROI_006,ROI_007,ROI_008,ROI_009,ROI_010,ROI_011,ROI_012,ROI_013,ROI_014,ROI_015,ROI_016,ROI_017,ROI_018,ROI_019,ROI_020,ROI_021,ROI_022,ROI_023,ROI_024,ROI_025,ROI_026,ROI_027,ROI_028,ROI_029,ROI_030,ROI_031,ROI_032,ROI_033,ROI_034,ROI_035,ROI_036,ROI_037,ROI_038,ROI_039,ROI_040,ROI_041,ROI_042,ROI_043,ROI_044,ROI_045,ROI_046,ROI_047,ROI_048,ROI_049,ROI_050,ROI_051,ROI_052,ROI_053,ROI_054,ROI_055,ROI_056,ROI_057,ROI_058,ROI_059,ROI_060,ROI_061,ROI_062,ROI_063,ROI_064,ROI_065,ROI_066,ROI_067,ROI_068,ROI_069,ROI_070,ROI_071,ROI_072,ROI_073,ROI_074,ROI_075,ROI_076,ROI_077,ROI_078,ROI_079,ROI_080,ROI_081,ROI_082,ROI_083,ROI_084,ROI_085,ROI_086,ROI_087,ROI_088,ROI_089,ROI_090,ROI_091,ROI_092,ROI_093,ROI_094,ROI_095,ROI_096,ROI_097,ROI_098,ROI_099,ROI_100,ROI_101,ROI_102,ROI_103,ROI_104,ROI_105,ROI_106,ROI_107,ROI_108,ROI_109,ROI_110,ROI_111,ROI_112,ROI_113,ROI_114,ROI_115,ROI_116,ROI_117,ROI_118,ROI_119,ROI_120,ROI_121,ROI_122,ROI_123,ROI_124,ROI_125,ROI_126,ROI_127,ROI_128,ROI_129,ROI_130,ROI_131,ROI_132,ROI_133,ROI_134,ROI_135,ROI_136,ROI_137,ROI_138,ROI_139,ROI_140,ROI_141,ROI_142,ROI_143,ROI_144,ROI_145,ROI_146,ROI_147,ROI_148,ROI_149,ROI_150,ROI_151,ROI_152,ROI_153,ROI_154,ROI_155,ROI_156,ROI_157,ROI_158,ROI_159,ROI_160,ROI_161,ROI_162,ROI_163,ROI_164,ROI_165,ROI_166,ROI_167,ROI_168,ROI_169,ROI_170,ROI_171,ROI_172,ROI_173,ROI_174,ROI_175,ROI_176,ROI_177,ROI_178,ROI_179,ROI_180,ROI_181,ROI_182,ROI_183,ROI_184,ROI_185,ROI_186,ROI_187,ROI_188,ROI_189,ROI_190,ROI_191,ROI_192,ROI_193,ROI_194,ROI_195,ROI_196,ROI_197,ROI_198,ROI_199,ROI_200,ROI_201,ROI_202,ROI_203,ROI_204,ROI_205,ROI_206,ROI_207,ROI_208,ROI_209,ROI_210,ROI_211,ROI_212,ROI_213,ROI_214,ROI_215,ROI_216,ROI_217,ROI_218,ROI_219,ROI_220,ROI_221,ROI_222,ROI_223,ROI_224,ROI_225,ROI_226,ROI_227,ROI_228,ROI_229,ROI_230,ROI_231,ROI_232,ROI_233,ROI_234,ROI_235,ROI_236,ROI_237,ROI_238,ROI_239,ROI_240,ROI_241,ROI_242,ROI_243,ROI_244,ROI_245,ROI_246
1,1889214.625,1900665.375,1825033.0,1883165.25,1912357.375,1814561.625,1907143.625,1762227.25,1872421.0,1821592.5,2114747.75,2133172.0,2037818.375,2021445.25,1875578.25,1898128.625,1927160.375,1822192.625,1866393.0,1803234.0,1686045.0,1667546.625,1879031.875,1605638.375,1980792.5,1888403.25,1353136.875,1351773.0,2018663.625,1914457.875,1703101.75,1584890.0,1574758.5,1516209.125,1603872.875,1408674.625,1604347.625,1564210.875,1854263.0,1807120.0,1668508.25,1742786.25,1392373.5,1368101.875,1177885.125,1172131.375,1317443.5,1274867.625,1391281.25,1282507.375,1487716.375,1494034.75,1638151.125,1588743.0,1975635.25,1846810.0,2071861.75,2068520.375,1650041.875,2081346.75,1527276.375,1445882.5,1888351.625,1736663.375,1704826.0,1977472.5,1836184.75,1693537.75,1378491.625,1506064.25,1730850.5,1749445.625,1726616.25,1686578.375,1404581.875,1297311.875,1767459.125,1586527.0,1707041.0,1696422.625,1122613.25,1248301.25,1410207.0,1373164.125,1375104.0,1490433.5,1660421.875,1469626.125,1381943.125,1332427.75,1554365.375,1386465.875,1335224.875,1235839.75,1421946.25,1332628.125,1516273.75,1578550.5,1420823.625,1302567.125,1043528.3125,1097247.0,1391708.75,1256630.0,1580644.25,1630000.375,1454797.25,1476021.625,1509907.75,1512241.5,1478405.0,1389637.5,1607956.75,1563214.5,1420265.875,1437247.5,1488980.375,1404090.125,1752254.25,1816706.875,1745291.75,1698871.25,1743746.25,1792206.125,1839125.0,2163998.0,2060136.0,1983679.0,2145650.5,1995753.125,2104168.0,2040132.0,2185886.75,2088285.125,1703266.625,1634786.5,2065302.25,1872947.75,1939046.25,2022546.125,1559415.5,1639048.125,1728594.125,1774603.625,1654634.75,1656321.5,2013318.625,1938596.5,2034390.0,2082685.875,1809353.625,1929356.625,1961869.875,2030496.125,1809657.75,1789582.5,1467079.25,1499873.25,1896501.75,1842761.5,2071267.25,2035944.375,1574532.375,1578483.5,1617967.875,1557199.375,1528444.125,1441694.75,1867825.75,1805924.0,1560100.75,1549480.625,1510338.75,1452358.625,1996672.875,2035001.375,2109548.75,1962440.75,2113451.5,2211356.5,1612105.625,1688096.125,2204107.75,2289303.25,1910214.75,1909540.0,1963312.0,2166640.5,1707890.0,1706839.125,1849957.25,1876817.125,1739564.375,1833733.375,1746255.625,1702630.125,1832103.75,1880733.75,1720990.375,1525930.625,1671376.125,1588159.875,1385907.125,1401086.125,1531969.875,1504473.375,1821107.5,1863877.25,2025259.5,1972428.0,1248163.0,1200716.375,1290469.875,1244203.75,1396333.5,1307891.375,1669895.0,1630916.75,1863315.375,1640563.75,1448060.0,1416567.125,1523184.0,1593860.875,1361703.375,1354458.625,1757891.375,1697064.125,1361979.125,1356048.25,2361456.0,2372591.5,1602818.5,1771761.875,1942325.0,1887885.125,2250056.0,2076712.0,2398738.5,2407493.5,2422346.75,2626345.0,2649914.0,2415355.75,1909967.625,2425951.75
2,1884759.5,1906593.375,1821985.25,1892455.875,1912462.25,1824671.5,1902593.0,1767693.0,1875061.625,1825661.0,2118605.25,2133574.0,2036549.5,2022805.75,1874136.75,1904890.5,1928413.375,1833282.875,1860527.0,1809374.5,1684793.625,1673595.75,1881186.875,1614601.125,1975353.125,1895465.625,1339174.875,1352107.0,2021330.25,1921490.875,1703692.75,1591463.75,1570388.625,1521206.125,1605356.0,1413542.875,1600192.625,1561750.375,1848001.25,1801107.375,1664426.625,1739709.125,1388810.875,1364390.5,1170155.625,1167629.75,1308647.125,1269037.75,1389236.25,1276274.375,1486437.625,1494460.5,1638494.875,1598507.0,1970740.625,1848062.625,2064445.625,2068673.375,1628789.375,2076262.5,1524221.375,1446029.75,1890338.875,1742742.25,1708011.5,1980617.875,1831429.625,1690315.25,1374288.625,1510255.75,1735268.75,1753427.875,1726378.5,1689798.25,1410629.0,1298901.375,1765940.0,1586066.25,1707196.75,1691247.875,1128662.125,1242381.875,1418092.5,1365609.375,1386424.625,1488847.125,1667207.375,1464368.25,1389771.0,1331138.125,1560079.875,1386688.625,1340994.5,1236139.5,1433321.125,1329009.0,1530983.25,1579151.25,1420059.875,1297260.625,1043603.375,1090393.375,1393688.625,1252498.5,1578446.0,1627072.25,1453894.125,1475098.25,1501624.75,1511549.5,1479361.75,1389971.5,1608891.125,1560872.25,1420053.625,1444643.0,1494891.25,1403039.5,1754195.75,1820495.5,1753734.125,1701756.375,1750333.625,1794341.875,1845344.875,2162648.25,2062550.5,1993325.0,2149190.5,1997377.125,2095285.0,2033316.625,2192372.25,2091275.0,1704811.75,1634606.875,2071918.0,1880737.875,1943288.5,2034131.125,1565876.5,1650483.375,1727387.5,1775219.625,1657697.75,1662257.5,2020518.0,1951245.0,2038642.375,2086639.0,1811211.25,1931452.375,1966065.5,2037331.875,1806512.375,1792542.5,1466018.875,1497089.25,1894468.125,1847218.125,2057686.25,2033534.625,1577651.375,1580636.625,1617960.5,1561037.0,1523549.875,1438418.125,1872553.25,1815500.5,1560963.375,1552003.125,1508995.125,1455499.75,1999686.25,2041640.375,2111376.25,1959874.5,2113043.0,2215840.25,1613883.125,1695142.25,2205654.75,2292867.25,1916196.75,1917217.75,1959760.625,2164137.25,1703117.375,1711278.375,1847086.5,1873605.0,1738075.875,1818341.5,1747114.625,1703951.125,1829903.875,1880781.75,1718816.375,1520277.125,1676098.0,1582207.875,1393670.25,1402391.25,1538499.625,1502053.0,1817113.25,1845637.25,2024177.75,1977764.75,1249889.375,1197854.375,1291476.75,1244944.75,1398483.5,1315330.0,1671534.625,1629204.25,1861569.625,1634893.75,1450646.0,1413958.5,1522108.125,1590286.75,1360185.75,1353858.875,1748566.625,1691451.125,1363191.75,1353435.875,2363755.75,2369724.75,1602142.375,1770656.0,1948410.0,1886470.75,2237623.0,2067425.125,2399467.75,2403691.75,2423988.5,2622496.5,2634077.5,2402593.25,1912193.125,2423424.75
3,1885452.625,1908344.0,1819496.125,1888738.0,1908310.0,1824495.625,1905035.75,1775816.75,1878131.5,1827627.875,2117204.0,2130439.0,2034963.625,2019176.25,1874710.125,1902262.0,1928872.125,1836980.0,1857377.875,1808108.875,1686951.25,1673185.125,1877400.75,1615529.625,1975117.25,1901154.75,1342374.375,1351642.375,2017051.5,1921668.375,1702885.25,1591923.75,1565765.25,1520020.0,1603992.375,1414673.625,1599945.5,1561244.25,1846655.125,1804893.5,1666698.375,1740160.375,1390961.625,1364623.625,1170305.25,1168532.625,1311767.75,1271018.625,1388098.625,1275481.25,1489172.875,1498219.375,1641894.625,1599379.125,1973254.375,1853998.75,2067818.0,2074807.0,1638560.0,2080999.75,1526436.5,1448416.625,1891142.5,1746800.625,1707880.5,1980916.5,1834218.0,1690869.5,1376069.75,1509067.625,1736213.625,1754511.25,1724832.125,1688978.125,1412322.0,1298173.25,1771948.75,1590197.5,1708769.0,1692004.125,1130510.25,1242435.875,1420051.875,1366173.875,1389107.5,1489291.25,1670592.5,1463858.25,1390981.375,1328174.375,1559277.625,1384178.25,1340276.125,1234552.75,1434753.0,1326208.75,1531999.875,1577089.375,1422388.375,1296156.875,1047495.4375,1088706.0,1393021.25,1250854.375,1577171.0,1625422.25,1453430.25,1474237.0,1504771.5,1511642.5,1477998.25,1388282.125,1605795.5,1557764.5,1417601.5,1437564.125,1491760.25,1404476.125,1749211.375,1816328.5,1753490.0,1702100.625,1749401.0,1798305.5,1842506.375,2166697.0,2062958.25,1994970.375,2149260.5,2001762.875,2096886.875,2042608.0,2190969.0,2092087.125,1700913.375,1630752.0,2067457.5,1874606.875,1941727.0,2034901.25,1565651.5,1650795.0,1725551.5,1774064.625,1658762.375,1663481.5,2018264.125,1947195.0,2039589.25,2087104.125,1808394.125,1928704.0,1962339.5,2031262.625,1806891.875,1793512.125,1468448.0,1498482.125,1892280.0,1848542.25,2061246.625,2039880.125,1575732.75,1581007.125,1618797.5,1563900.125,1524251.875,1440229.0,1871545.5,1814174.0,1562211.75,1552186.25,1508405.625,1454973.0,1996815.625,2038409.5,2114983.75,1959918.0,2112153.0,2214881.0,1610256.0,1688214.75,2210246.25,2297255.0,1916123.625,1917612.875,1960759.875,2161039.75,1704699.5,1708488.125,1846987.625,1871925.5,1737667.125,1819995.625,1746736.0,1703765.875,1828667.125,1879246.5,1723759.875,1520681.125,1675945.75,1581781.375,1393906.75,1404206.75,1540373.5,1502515.25,1818321.375,1847246.625,2023154.5,1974441.0,1246201.0,1196606.875,1289580.5,1244713.375,1394467.75,1311274.125,1668613.375,1627252.5,1862199.0,1635535.625,1448258.25,1413252.875,1521057.25,1588751.75,1360092.75,1354354.875,1751241.375,1692719.875,1362493.125,1353259.5,2361516.75,2369122.25,1602206.0,1766766.875,1948784.125,1882912.375,2240676.5,2068924.0,2401318.0,2403203.75,2424050.0,2626243.75,2641965.75,2409830.75,1910598.125,2420875.5
4,1888466.125,1907144.75,1819013.75,1883460.375,1901370.875,1821454.125,1907318.375,1777210.875,1879903.875,1827217.75,2112740.25,2125327.25,2032133.25,2013126.875,1875721.0,1899416.375,1928086.875,1834888.25,1855578.75,1805584.625,1687702.625,1673039.375,1874512.75,1615678.875,1975644.125,1901857.875,1345153.5,1348872.625,2017512.0,1921220.5,1702569.5,1591474.625,1563817.5,1521670.375,1605779.0,1415624.625,1601274.75,1563202.125,1847518.5,1809387.625,1667578.75,1738715.25,1391505.25,1365035.625,1171978.375,1170055.75,1311108.875,1269477.375,1387794.75,1277679.5,1490831.0,1499841.625,1643562.0,1598600.125,1973653.75,1856162.5,2068463.125,2077457.375,1647645.875,2084064.125,1528730.125,1448194.5,1891928.5,1746605.0,1706409.875,1979927.875,1835775.75,1690608.75,1375902.875,1506614.5,1735295.75,1754138.5,1725202.0,1687517.375,1413303.0,1298384.375,1774986.5,1592515.625,1707882.125,1692210.0,1129757.125,1239871.75,1419583.5,1364491.125,1385317.625,1489905.625,1669275.5,1463315.75,1393223.75,1324634.375,1556999.75,1383142.625,1338230.375,1232057.75,1433641.875,1321699.125,1528399.25,1573200.375,1421570.125,1294785.125,1049215.875,1088272.25,1393317.375,1251257.5,1577416.875,1623876.0,1454704.125,1474910.875,1507399.25,1512284.125,1476557.0,1385900.125,1604086.75,1554054.625,1417465.625,1432963.625,1485274.375,1401652.25,1744548.375,1812599.125,1748615.375,1701057.625,1743645.25,1801643.0,1837285.875,2168710.75,2060058.875,1992408.375,2148303.5,2004246.25,2097538.5,2050344.625,2187564.75,2093375.125,1700402.375,1629007.625,2062493.0,1868214.625,1940912.75,2035517.75,1564117.0,1649009.5,1722746.375,1774660.5,1659363.75,1663772.125,2014930.875,1936977.0,2036608.625,2085340.875,1805217.25,1925788.375,1957136.875,2023897.375,1808181.75,1793650.25,1470978.0,1499944.375,1889481.625,1848827.75,2063757.0,2043149.125,1573037.875,1579788.0,1618720.75,1564595.25,1526037.375,1441961.0,1871798.125,1811872.625,1561299.375,1551676.875,1508377.25,1455262.25,1991182.125,2032250.375,2117366.25,1961923.375,2111920.5,2215060.75,1605745.5,1678843.25,2214138.5,2298891.75,1912670.0,1914165.375,1962231.875,2159147.75,1708784.75,1707262.375,1848652.0,1870151.25,1740443.875,1827870.875,1744332.0,1700411.875,1827211.75,1875510.75,1731784.875,1524060.125,1674256.0,1581559.875,1394365.875,1405760.25,1542726.0,1503538.125,1823855.625,1861045.25,2023927.375,1971490.375,1241759.375,1196767.25,1287194.875,1243363.25,1391465.5,1307583.375,1666359.0,1625537.75,1863144.0,1636794.875,1446590.25,1413161.5,1521378.25,1589341.0,1360787.75,1353399.25,1756136.5,1695697.25,1361531.875,1353137.5,2359079.0,2369756.25,1603916.75,1764679.875,1949558.625,1881603.75,2243247.5,2071385.125,2403144.5,2403789.75,2423571.25,2628397.5,2647371.0,2417406.0,1909638.0,2419695.0
5,1888093.625,1904726.875,1820503.125,1885689.875,1897374.375,1821692.875,1905067.0,1772906.125,1875428.75,1821990.25,2112036.25,2125690.75,2028731.625,2012782.625,1876830.0,1901880.0,1928756.25,1831818.125,1855585.75,1808206.0,1685899.125,1674788.0,1875978.0,1617439.875,1976304.0,1898541.5,1339487.875,1347268.25,2023067.25,1921621.625,1702325.75,1591130.625,1566863.25,1524131.125,1608119.625,1414763.0,1602564.125,1564537.125,1848007.75,1805287.125,1664779.875,1738904.5,1390337.75,1365150.25,1172677.625,1170044.375,1305935.25,1266296.875,1388839.125,1279549.375,1489456.0,1497553.875,1640388.75,1598168.75,1971466.0,1851214.625,2064424.125,2072669.5,1641597.0,2080524.75,1527191.25,1445235.375,1891382.125,1742461.375,1706121.875,1977976.875,1833904.25,1688534.875,1375046.25,1507446.375,1735253.875,1752597.375,1726908.875,1686625.375,1414665.875,1299545.5,1772973.375,1591122.5,1707863.75,1690994.5,1130007.25,1239142.5,1420478.875,1362189.5,1382093.25,1489989.625,1668704.25,1463547.0,1395292.75,1326088.75,1557042.75,1385209.75,1338653.5,1230901.25,1433752.625,1321599.125,1527474.5,1573231.0,1420532.25,1296290.0,1047388.875,1089324.75,1395312.875,1252648.0,1579342.875,1624642.875,1455847.375,1476215.5,1505907.25,1513976.375,1478737.75,1387262.75,1606885.375,1554813.125,1419756.375,1438889.5,1486968.5,1402417.625,1746536.25,1813011.375,1749306.0,1702263.25,1742931.875,1801781.375,1838283.0,2167381.25,2056609.75,1988146.25,2147458.75,2000608.5,2096605.25,2046844.25,2186847.75,2094729.375,1703084.125,1631380.875,2063806.125,1874401.0,1941557.25,2036170.75,1563755.875,1650371.0,1722506.375,1777277.875,1659118.75,1663330.875,2014984.125,1935154.0,2032737.0,2083012.0,1807291.875,1927452.375,1957197.0,2026735.0,1808126.75,1793237.875,1470349.625,1498874.125,1890012.75,1848717.875,2061994.75,2040862.875,1573540.375,1578258.375,1619566.375,1562829.0,1526454.875,1440424.625,1873225.25,1812861.75,1558813.5,1551796.375,1508741.125,1456646.5,1991027.875,2034226.25,2115960.0,1962284.5,2111946.5,2216464.25,1606745.0,1680898.875,2211359.5,2293937.25,1911313.875,1911757.25,1962937.125,2162342.5,1710772.0,1707927.75,1851078.875,1870468.625,1740582.25,1828942.5,1744426.625,1698816.0,1829270.875,1875707.75,1730622.25,1524131.75,1674786.75,1581083.375,1393131.125,1403789.0,1542547.875,1502541.875,1824135.75,1860687.75,2024228.875,1972891.5,1244492.0,1196833.375,1289802.125,1242523.625,1394470.125,1308775.625,1668668.0,1624887.5,1862543.875,1635692.375,1449784.5,1414574.875,1522767.875,1589627.125,1361063.25,1353091.875,1754514.75,1693761.875,1362212.5,1352665.75,2361466.5,2369952.25,1605582.25,1768437.25,1951337.25,1884473.375,2241782.5,2070845.5,2403530.75,2403783.5,2424007.75,2625426.5,2642369.5,2412661.5,1911353.25,2421574.75
6,1888694.875,1903800.5,1822820.625,1887123.25,1904083.875,1821483.5,1905986.625,1771535.25,1872947.5,1819459.5,2116106.75,2130595.25,2030235.375,2017813.625,1878815.25,1902700.375,1931408.0,1828461.25,1859025.375,1810870.125,1686659.375,1673906.125,1877969.5,1614873.125,1978323.0,1894199.0,1340449.875,1349370.0,2021910.625,1916901.5,1701957.75,1588055.0,1570985.875,1517621.875,1608279.5,1411006.125,1602984.375,1562653.25,1849569.25,1800500.625,1666819.0,1743655.875,1392229.25,1366277.75,1175233.625,1171208.125,1309484.0,1270264.375,1390557.75,1281128.625,1490326.375,1495467.125,1638571.5,1594737.5,1975189.875,1848491.25,2065619.5,2069580.25,1643586.125,2080877.5,1524387.5,1444465.5,1888919.0,1740252.375,1705884.125,1976246.125,1835287.875,1690103.875,1376835.875,1507314.375,1737016.0,1749741.375,1726745.25,1687115.5,1415126.0,1300248.375,1774638.625,1591206.0,1710916.625,1693808.375,1129060.25,1245565.75,1418472.125,1365408.875,1380952.875,1491512.75,1668783.125,1467014.375,1390369.375,1328763.875,1555208.5,1384555.875,1337356.5,1231332.125,1430104.625,1326225.0,1524588.5,1576283.875,1422583.625,1301205.25,1045957.0,1092629.0,1393893.5,1253368.25,1579822.625,1627324.25,1453377.75,1475357.875,1505643.75,1513671.0,1479834.75,1388263.5,1607557.5,1557823.125,1417098.0,1436704.875,1487022.125,1403989.375,1748921.625,1811884.375,1753878.0,1703706.75,1748884.75,1799230.5,1835255.625,2165265.75,2053887.375,1980589.625,2144837.0,1996300.125,2100626.5,2042963.5,2183828.25,2091126.5,1701042.625,1632369.125,2062243.25,1879169.125,1937367.0,2027885.875,1562643.25,1647115.375,1727055.0,1778909.25,1657777.125,1659057.75,2015053.375,1941224.625,2031667.25,2081744.125,1811024.75,1930583.625,1961058.375,2032557.5,1808097.625,1791146.875,1468822.5,1498390.875,1893171.5,1846039.125,2066549.375,2040854.875,1574716.25,1577948.875,1620293.5,1560241.0,1525661.75,1438956.375,1870048.0,1812392.375,1556567.375,1551056.875,1508163.375,1455988.875,1997662.625,2040800.5,2114035.0,1962186.875,2113482.5,2213942.75,1611185.0,1688292.125,2208173.0,2289794.75,1913020.0,1912423.75,1965740.625,2166421.5,1710007.75,1705083.75,1854577.5,1878612.125,1738284.875,1831321.75,1748083.5,1702765.875,1835095.625,1882834.25,1720052.75,1521916.25,1674369.375,1582578.125,1387536.375,1398864.625,1535669.625,1500212.625,1818966.75,1854236.5,2021119.5,1970996.5,1246515.75,1195805.25,1293131.5,1242235.0,1395275.75,1306058.0,1669156.0,1625271.375,1862402.875,1637008.625,1452972.25,1416543.125,1522748.125,1588856.25,1360789.625,1355520.875,1754491.125,1693117.0,1362866.625,1353428.375,2361661.75,2368078.0,1604665.25,1770197.125,1950071.625,1885993.25,2245388.75,2070541.375,2402383.75,2403730.5,2423304.0,2623565.25,2645777.25,2411378.0,1910274.375,2423799.5
7,1893515.375,1906652.5,1824081.5,1887179.0,1912671.0,1819865.0,1912016.75,1773302.5,1880528.625,1827510.875,2118676.0,2133314.75,2035968.875,2021209.5,1877565.375,1901439.375,1927662.375,1826685.125,1860907.875,1809078.5,1689287.875,1672803.875,1878133.75,1612146.75,1976190.5,1893700.5,1346925.125,1351292.5,2017896.375,1915055.0,1703817.875,1589709.5,1571376.0,1514399.5,1607554.125,1410930.625,1600696.625,1561586.875,1850050.125,1806970.75,1670124.5,1744137.75,1393448.125,1366179.875,1176987.0,1173236.0,1314901.75,1273471.5,1391716.875,1281774.375,1491895.875,1495020.5,1641778.0,1595251.25,1980138.5,1852248.0,2070294.375,2075514.875,1651205.5,2088833.5,1523451.875,1447672.375,1887578.375,1743819.0,1705821.5,1978609.5,1839185.5,1694982.5,1377774.75,1506042.75,1737034.25,1749410.0,1725098.625,1691986.75,1412993.375,1301525.0,1776744.875,1591796.375,1711443.5,1695980.0,1125122.75,1247149.875,1415505.5,1367499.5,1377284.875,1490778.375,1665693.125,1467807.625,1385995.625,1329273.5,1553141.0,1381505.0,1335940.5,1233180.25,1426142.0,1327869.375,1519894.75,1577041.875,1421010.25,1301101.25,1045370.1875,1093877.125,1390891.75,1253114.25,1578289.125,1627541.25,1450990.875,1472787.0,1505764.25,1511147.125,1476829.5,1385061.375,1603395.0,1557965.875,1416961.375,1434185.375,1485725.25,1400926.5,1749200.25,1812009.0,1753657.875,1702136.0,1749570.5,1796245.875,1825669.0,2163258.5,2050358.875,1972132.375,2143684.5,1999135.25,2104134.25,2044436.875,2180886.75,2087505.75,1695558.625,1628319.625,2059612.125,1875212.0,1934791.625,2024662.0,1563425.375,1643340.5,1727475.25,1777338.75,1657279.625,1656556.625,2012103.375,1939376.25,2033211.125,2081880.625,1808709.0,1929122.875,1963022.125,2031710.625,1809475.875,1792110.375,1467023.875,1500737.5,1894871.875,1845137.125,2071554.625,2044054.25,1574925.0,1579683.5,1618365.5,1559887.125,1523463.625,1440126.125,1864657.375,1814173.625,1553150.875,1549811.875,1503936.875,1454934.375,2000854.375,2041838.375,2115581.25,1964609.5,2116436.75,2213485.0,1611876.125,1688958.625,2212103.0,2295307.5,1916784.625,1917231.5,1967748.75,2166392.0,1707068.375,1703780.875,1855215.25,1885516.75,1738373.5,1834711.0,1748931.5,1705066.625,1834091.625,1884919.0,1711697.875,1519273.0,1670477.25,1582289.5,1385062.875,1394191.875,1530126.5,1498796.875,1814251.625,1856177.0,2015961.375,1965229.5,1244765.875,1198266.0,1292112.5,1243972.0,1392911.875,1305174.125,1667291.125,1626746.875,1863849.875,1640075.0,1453286.75,1416018.625,1523236.5,1591282.25,1360909.125,1359192.0,1757212.625,1696501.625,1362334.0,1355306.375,2360122.5,2369746.0,1604218.25,1769173.375,1948105.75,1884283.875,2246809.75,2070985.5,2400484.5,2403725.0,2422101.75,2624349.25,2647710.25,2414862.0,1910025.5,2425520.75
8,1892873.625,1907152.375,1824445.625,1889513.375,1910255.875,1819444.75,1912483.625,1773834.5,1883617.375,1832503.875,2116302.25,2133250.0,2036410.75,2020438.75,1873520.375,1901856.5,1920880.5,1827879.875,1858981.25,1806304.625,1689539.0,1674103.0,1880131.0,1615665.875,1972988.375,1898375.875,1348087.375,1350630.625,2021447.125,1922094.0,1706517.625,1596510.0,1570796.5,1522990.875,1605807.25,1414427.125,1599126.625,1564218.875,1848219.125,1817026.75,1666344.875,1739745.75,1392124.75,1365560.5,1176445.5,1173770.75,1313580.0,1271442.125,1391372.25,1280463.125,1489935.0,1495557.625,1644498.875,1598882.875,1978362.0,1854229.25,2073380.25,2080544.0,1648866.75,2090843.75,1524726.375,1450342.875,1889812.25,1745929.375,1705937.25,1980819.5,1839321.75,1696042.0,1377734.75,1507674.5,1733372.875,1751664.0,1723044.125,1693809.25,1408200.25,1302273.25,1772710.625,1591070.25,1708215.5,1694276.125,1123997.5,1243298.125,1416916.5,1368296.375,1373914.625,1488241.25,1664275.875,1466172.75,1387990.75,1330803.0,1555653.875,1383205.125,1338472.25,1234981.125,1427231.0,1327580.0,1519619.875,1578623.625,1418056.25,1298927.125,1044981.625,1092547.375,1391228.25,1253244.5,1578710.5,1627589.875,1452763.25,1472773.0,1506677.5,1510811.375,1475330.75,1384013.375,1600963.25,1558651.375,1423160.875,1443282.625,1493908.75,1405068.375,1749861.25,1815670.625,1749643.875,1701266.25,1742766.5,1794816.625,1826684.0,2164345.25,2049979.25,1971554.25,2145693.0,2003240.0,2103344.25,2045835.625,2183758.5,2091552.125,1694699.375,1626547.625,2062460.25,1874745.0,1940215.625,2033608.5,1565960.5,1646630.875,1721261.875,1773821.25,1657877.625,1660089.5,2008674.375,1929363.0,2033096.875,2080904.125,1804045.75,1925691.375,1960017.375,2027615.125,1810582.75,1795115.875,1464768.0,1502046.375,1894971.5,1847303.875,2071433.75,2043865.75,1573713.0,1581100.0,1616660.625,1561435.75,1522299.0,1442540.375,1863140.125,1815901.625,1551023.5,1549999.0,1500936.125,1454993.5,1996009.375,2037774.5,2115610.75,1963944.375,2114072.5,2216037.75,1608438.625,1684097.75,2214038.0,2300424.25,1917521.125,1918588.125,1963594.0,2164303.5,1706127.625,1705817.125,1851147.5,1879414.875,1739061.0,1831123.25,1746481.125,1702426.5,1827318.25,1878227.875,1713539.75,1519006.625,1669808.625,1582130.875,1388153.5,1395481.625,1532806.75,1501295.75,1812150.5,1854218.125,2015700.25,1963883.125,1247997.5,1203069.75,1292804.875,1247675.0,1393783.5,1309863.125,1667877.875,1629002.75,1864439.875,1640401.125,1452027.375,1414822.375,1524761.5,1594605.0,1362174.125,1360837.875,1756036.5,1696528.375,1361711.0,1356592.125,2364381.5,2377609.0,1606639.0,1773489.125,1947990.0,1884084.25,2244836.5,2075411.875,2400363.0,2404190.0,2423450.0,2626001.25,2642221.0,2413340.5,1914526.0,2427751.5
9,1886041.875,1900436.75,1826029.25,1885967.625,1910255.625,1818922.5,1905631.75,1766887.0,1874302.875,1823825.25,2113883.75,2132654.75,2034166.875,2019158.5,1874540.25,1899895.5,1922924.375,1824810.375,1861314.5,1804290.375,1688620.125,1673153.75,1885053.625,1615015.625,1976193.25,1895479.5,1350422.125,1350535.25,2026714.125,1922231.625,1707293.25,1593900.375,1574343.25,1524171.625,1607067.25,1414763.375,1602308.625,1565786.125,1850434.5,1813630.375,1664303.375,1740462.5,1392357.375,1367380.25,1176903.0,1172468.75,1314077.125,1272181.375,1389911.25,1279498.0,1488613.5,1495908.375,1642976.25,1593283.5,1973326.625,1847784.25,2073123.75,2071582.125,1644776.25,2079462.125,1526403.5,1447415.875,1892141.5,1739468.0,1704342.375,1977315.125,1834288.5,1692452.375,1377125.0,1508238.375,1731121.25,1749803.5,1723062.625,1686366.625,1404793.875,1300578.0,1767336.125,1590641.0,1705457.625,1695115.5,1124859.75,1245937.75,1415875.5,1372794.375,1375391.125,1490658.25,1663793.375,1468694.25,1387337.75,1331638.25,1558572.5,1387892.875,1338033.0,1234740.5,1427097.375,1329895.375,1520827.5,1581140.75,1419786.625,1302456.625,1043886.625,1093421.125,1391616.625,1254242.5,1580246.5,1629857.875,1454480.125,1475681.375,1507620.75,1512229.0,1476483.375,1387216.25,1604100.625,1560755.125,1422207.5,1443322.375,1494974.625,1408922.75,1749250.75,1815479.75,1746689.625,1701931.75,1740752.5,1793937.0,1839683.125,2164406.0,2056531.25,1981423.375,2146734.0,1997701.0,2101493.75,2039972.375,2188306.0,2094186.875,1702835.5,1634168.375,2065854.125,1876594.5,1943927.875,2032362.125,1565223.5,1646402.75,1722154.625,1773183.25,1657149.875,1660820.625,2011745.25,1932368.875,2031850.0,2080459.375,1805950.75,1927338.375,1958188.0,2027936.25,1809835.875,1790929.625,1464293.625,1499617.875,1894754.625,1844226.625,2069283.25,2035563.625,1572249.625,1578558.75,1616869.875,1559942.75,1524144.25,1442467.25,1867058.5,1809235.25,1554558.5,1549561.5,1505116.0,1454166.875,1993845.625,2035259.5,2109861.0,1959442.5,2109309.25,2213920.5,1608920.875,1683954.875,2206906.0,2292612.0,1911403.875,1910841.125,1958774.375,2163926.0,1708232.25,1707368.5,1848338.5,1872113.625,1740394.0,1831517.625,1745419.125,1701080.5,1827883.875,1876841.75,1721454.125,1524732.5,1673716.25,1586401.375,1391371.875,1404209.625,1536956.625,1506890.875,1817342.25,1854799.25,2024630.5,1969349.875,1250588.375,1202854.875,1294838.5,1247682.125,1395367.625,1309824.0,1668450.125,1629782.75,1862694.125,1639627.375,1449280.5,1415073.625,1523338.25,1593355.375,1362669.25,1357560.625,1755734.125,1694763.625,1361217.625,1355766.5,2365378.25,2378554.0,1605768.875,1776682.0,1946408.875,1887140.0,2248273.75,2079367.125,2400919.5,2405154.75,2423006.75,2626028.5,2647139.0,2413212.25,1913321.875,2427475.25
10,1884731.0,1895850.75,1826133.75,1878815.125,1919261.125,1817711.875,1903412.25,1757096.25,1869059.625,1817406.75,2114688.5,2133149.25,2038261.125,2021345.375,1876424.125,1896178.875,1925412.25,1818263.125,1867379.25,1802903.375,1687390.25,1668344.125,1883413.875,1605472.5,1978080.0,1885289.0,1355398.375,1351944.875,2023069.375,1911780.75,1705160.375,1582550.625,1576568.125,1513921.875,1609276.125,1412077.375,1604344.875,1563498.625,1853654.375,1801780.25,1670026.125,1745868.25,1394117.5,1369230.0,1178060.5,1171247.875,1319104.0,1275899.375,1390434.625,1281216.125,1489577.5,1494677.75,1639514.25,1585850.25,1971816.0,1842378.25,2071194.25,2062533.375,1649972.25,2073175.875,1526702.0,1443617.25,1888490.375,1732779.25,1702603.875,1974962.625,1832296.625,1691535.25,1377025.125,1507042.0,1731909.0,1745003.25,1726006.5,1682667.875,1405357.75,1297721.875,1765618.25,1590323.0,1706461.375,1698014.375,1122994.875,1250783.625,1411626.875,1375021.375,1376521.375,1492557.25,1660927.25,1471918.875,1384295.75,1331647.375,1558360.125,1388431.625,1333629.875,1235144.25,1424386.0,1332820.25,1519060.125,1577984.375,1422238.5,1304859.5,1043120.3125,1096662.625,1390849.75,1255285.0,1580502.0,1630470.0,1454597.625,1476787.375,1506718.5,1513191.125,1477834.625,1389140.875,1609032.0,1561759.5,1418126.875,1434309.375,1486845.75,1401004.875,1749730.25,1812349.5,1746259.75,1699862.625,1745115.375,1792175.5,1845556.5,2159634.75,2060531.375,1987215.0,2146348.5,1990290.375,2100655.0,2033553.375,2189542.25,2087663.5,1708842.375,1638400.75,2066374.0,1872236.5,1940586.875,2019256.0,1560815.75,1638383.25,1729473.75,1774730.5,1653875.0,1655200.25,2015187.625,1941581.75,2033835.625,2083113.875,1808756.75,1929560.125,1960961.125,2029980.125,1808901.25,1786076.5,1464747.375,1498620.125,1895615.875,1839553.625,2067191.0,2029701.5,1573588.75,1575497.875,1616796.125,1555850.0,1526758.75,1440077.875,1869155.75,1803230.375,1557887.5,1548080.625,1508303.0,1452962.0,1997876.25,2035007.75,2107250.5,1960425.0,2111708.5,2210905.75,1613677.125,1688380.25,2200630.75,2283704.0,1906608.625,1905498.125,1961460.75,2166712.25,1708199.5,1709715.5,1848799.5,1875143.875,1742502.625,1837012.625,1746014.875,1702501.25,1831668.375,1881781.875,1724016.75,1529163.125,1674160.5,1588588.875,1391635.5,1408686.25,1536044.625,1509473.375,1824498.625,1864910.625,2030154.25,1973023.0,1248097.75,1201650.75,1292387.875,1244472.875,1396733.75,1307483.375,1669013.375,1629061.0,1861393.875,1640595.25,1448952.125,1415921.125,1521853.625,1592269.25,1361567.375,1354818.0,1758948.5,1696661.875,1361705.75,1355261.125,2360143.5,2371332.0,1601912.5,1772737.375,1942771.125,1890079.125,2251483.0,2076756.875,2399106.5,2405601.0,2419650.5,2623209.0,2653577.0,2416670.0,1907693.625,2425330.75
11,1889266.5,1899281.0,1823506.125,1878802.75,1919160.625,1815408.125,1906904.25,1756035.25,1874855.75,1823622.125,2115569.25,2134557.0,2043043.25,2024486.5,1872359.375,1896499.5,1921215.125,1818690.5,1868628.25,1802747.125,1685134.5,1665407.125,1875596.5,1600550.875,1973408.875,1883847.0,1354490.75,1352053.0,2016139.625,1909500.375,1700351.25,1578374.25,1572573.75,1511131.125,1604934.25,1408936.375,1601227.75,1561352.0,1849845.5,1800238.75,1673452.0,1747090.25,1394382.25,1368469.75,1177274.0,1171068.625,1320651.0,1276685.875,1392764.625,1283704.75,1489459.375,1493330.625,1638104.0,1589914.125,1974625.25,1846862.125,2072875.0,2067842.875,1657846.25,2080218.625,1525895.125,1445964.375,1882180.75,1735213.375,1702469.5,1977774.5,1838076.375,1695208.5,1379860.375,1509337.625,1732175.875,1745567.5,1727196.375,1689864.125,1407120.875,1297976.875,1766015.75,1589935.25,1709378.25,1697588.125,1122210.5,1249202.75,1411714.75,1372727.375,1375699.75,1487617.125,1660406.875,1470864.875,1385692.125,1333786.5,1556316.375,1386721.75,1335315.25,1238403.5,1424088.75,1334176.25,1517884.25,1573840.375,1423043.0,1299885.375,1044127.5625,1097276.625,1391279.5,1255684.375,1581061.875,1629389.0,1455374.125,1476092.0,1506470.875,1513678.875,1477984.625,1388704.875,1610541.875,1563754.5,1422832.5,1435977.625,1491372.125,1399466.125,1753176.25,1815563.125,1747635.75,1696849.625,1748197.5,1790507.625,1841037.75,2159027.25,2055841.125,1982979.875,2146399.5,1993850.5,2101971.75,2037244.25,2187789.5,2081575.625,1701177.75,1630792.625,2065178.25,1867323.75,1937505.75,2016883.125,1556720.0,1633839.625,1729691.5,1773078.125,1650833.125,1652996.375,2009409.25,1936294.875,2036193.0,2084470.5,1805099.875,1926920.375,1961820.125,2028509.625,1810126.125,1790728.25,1464228.5,1501885.5,1896933.25,1843103.125,2066559.375,2033308.5,1575427.5,1577446.875,1615887.75,1555176.125,1527711.875,1439934.375,1864152.25,1807064.0,1555467.875,1549629.125,1505578.125,1453914.0,1998344.0,2033806.75,2111411.5,1965243.5,2116195.0,2212323.75,1615519.875,1689438.75,2202217.0,2287308.75,1909296.875,1909631.25,1965021.625,2169018.75,1707534.5,1712558.0,1849360.75,1879179.875,1743032.625,1832351.25,1747427.5,1704109.5,1829423.75,1881808.125,1719680.125,1527499.75,1670688.0,1586370.5,1391627.25,1404080.875,1534759.25,1508739.0,1821775.75,1864944.375,2022424.0,1970713.25,1250402.25,1204606.875,1290438.625,1244496.0,1400466.0,1310558.5,1672123.625,1630451.25,1863412.0,1642604.0,1451751.25,1416599.125,1524564.5,1596119.625,1361997.25,1357036.875,1758763.0,1698690.125,1362937.75,1358079.125,2362115.25,2371872.5,1602393.75,1770776.25,1941909.375,1890683.875,2249130.0,2076289.0,2397523.5,2406249.25,2420842.5,2621951.0,2645727.0,2415241.0,1909936.5,2425997.25
12,1890358.5,1900565.875,1824183.5,1880873.25,1912706.625,1810392.125,1905129.375,1758027.0,1875566.625,1826370.5,2115532.25,2134676.25,2043252.875,2025752.0,1871574.875,1897724.0,1921194.25,1819857.0,1870987.5,1803326.5,1684434.5,1665473.375,1875115.375,1600464.5,1971994.5,1884652.0,1355822.875,1352930.375,2014944.125,1914461.75,1697312.625,1581657.0,1571798.0,1514138.5,1599025.75,1403494.5,1600646.625,1561780.375,1847499.625,1806681.5,1673126.0,1745620.5,1394252.0,1367467.875,1177139.0,1171589.75,1320918.75,1277718.625,1393011.0,1284467.75,1489755.0,1492649.375,1637943.375,1592868.625,1976254.0,1850882.5,2076711.25,2073342.75,1657912.0,2084220.75,1525895.75,1449447.625,1880776.25,1737594.5,1702599.25,1978962.625,1841639.125,1697732.375,1382167.125,1510522.75,1731124.125,1749927.5,1726103.25,1692420.0,1406107.375,1300874.875,1766295.375,1587274.5,1709139.5,1696647.375,1122767.5,1247441.25,1411737.125,1372811.5,1376327.25,1483744.375,1661498.25,1470650.875,1384609.25,1335183.5,1552662.5,1386728.125,1338788.625,1239267.375,1421480.0,1334940.0,1515116.625,1574718.125,1422942.5,1295643.625,1043913.75,1096021.625,1390458.25,1256104.0,1581281.375,1629058.25,1454567.375,1476670.875,1508418.625,1512738.125,1475728.875,1387990.25,1608221.5,1565377.5,1425139.625,1438394.0,1496579.5,1408996.75,1754020.75,1821898.375,1746914.625,1697186.625,1748725.5,1789209.75,1839496.0,2165476.25,2055224.625,1982619.25,2145846.75,1999586.625,2105316.0,2043603.75,2185450.5,2081737.375,1694172.75,1626616.375,2064708.875,1867043.625,1936161.375,2021095.875,1555097.625,1633429.375,1729815.625,1769826.875,1649706.25,1655287.75,2004769.0,1930564.125,2034891.375,2081673.625,1804174.0,1926206.875,1960501.5,2027461.25,1811680.375,1794746.0,1464271.25,1504840.625,1897328.0,1847208.375,2069508.25,2036519.375,1575346.5,1579889.875,1615290.75,1556718.125,1528822.75,1441969.125,1859263.375,1808866.25,1555008.625,1552638.125,1505539.25,1454880.75,1995704.75,2031945.5,2110203.5,1965098.125,2116584.5,2212564.25,1615961.375,1688718.25,2202746.5,2288886.25,1911483.875,1911669.625,1964263.25,2169198.5,1709749.375,1711514.875,1850011.375,1878505.375,1742487.125,1827715.625,1747827.75,1703674.0,1829016.875,1878729.25,1717760.0,1528007.625,1668258.25,1588031.875,1390702.125,1401962.875,1534138.125,1509161.125,1816932.0,1859704.0,2017086.625,1969852.5,1253486.125,1205056.875,1290652.875,1246620.375,1400540.875,1311487.875,1672997.375,1632933.5,1866825.75,1644619.75,1450362.875,1417380.25,1526904.375,1600244.25,1363985.75,1357520.125,1757709.25,1698938.125,1362149.375,1360687.625,2367015.25,2375802.0,1603956.375,1772102.125,1942440.75,1889802.0,2250083.0,2081161.75,2397678.0,2407650.0,2423803.0,2625469.75,2643106.75,2412869.0,1913063.25,2426956.0
13,1887708.0,1896629.25,1827980.875,1880080.75,1915478.5,1806261.25,1899348.75,1755348.25,1866721.0,1819309.125,2115819.25,2133483.25,2043048.5,2025620.5,1876225.0,1896307.25,1928214.5,1815101.125,1878231.875,1802498.875,1685746.625,1663167.375,1880480.0,1596816.0,1976981.5,1879070.25,1364720.125,1355225.5,2016365.75,1911465.875,1698548.5,1581729.375,1577253.375,1510617.5,1599091.125,1397187.0,1603737.5,1562310.25,1852009.0,1806090.5,1675280.0,1747395.125,1394630.25,1367317.875,1179909.875,1172806.25,1324342.5,1281255.875,1392241.625,1284515.5,1490353.75,1489937.375,1635285.875,1585495.875,1974370.125,1847410.0,2075325.375,2069405.5,1651765.375,2082330.125,1526931.375,1447337.625,1883983.875,1732553.125,1703262.125,1977427.875,1837578.375,1697156.375,1379913.75,1505703.375,1728056.625,1750643.75,1727294.75,1685303.125,1402631.375,1299603.75,1764766.5,1582823.375,1705703.5,1698111.0,1120743.875,1249147.25,1407753.0,1374541.875,1375406.875,1486059.125,1658756.75,1473428.875,1377603.875,1331729.75,1550003.875,1385973.25,1334726.625,1235362.5,1414792.25,1333081.125,1508194.25,1574753.5,1420946.375,1297327.0,1041390.375,1096761.25,1388641.625,1256636.125,1580128.25,1629011.5,1452613.125,1477464.875,1510406.875,1510183.0,1474842.375,1387444.625,1607029.625,1563461.25,1417861.875,1431457.0,1484197.625,1406921.875,1751708.25,1821448.375,1742739.5,1698596.0,1747955.875,1787779.375,1840871.625,2167417.0,2064503.625,1987852.875,2144083.5,1995513.625,2106935.75,2041532.5,2184416.25,2083117.25,1702658.125,1632815.5,2067927.5,1869970.25,1933913.125,2016302.125,1556442.625,1632315.125,1738800.875,1771296.25,1649471.75,1654280.875,2010151.625,1938790.875,2032754.875,2079269.5,1811468.375,1930369.25,1962757.125,2030861.375,1809787.375,1789835.0,1466103.0,1503282.375,1897518.25,1843410.125,2073806.625,2035434.125,1576475.875,1578510.75,1614966.0,1555652.875,1528946.5,1441802.375,1861897.5,1803521.0,1560830.0,1551760.75,1510245.25,1453058.125,1997797.25,2032720.5,2102400.75,1962072.75,2116163.75,2208963.25,1617628.375,1690844.125,2197338.5,2279377.0,1908881.125,1907410.25,1965864.75,2169445.5,1709915.75,1707307.375,1850267.5,1877416.75,1740761.25,1836218.125,1744496.375,1700404.625,1834221.375,1879182.375,1720497.625,1531315.875,1667597.125,1591430.25,1384820.75,1403777.125,1529963.5,1508002.25,1820824.75,1868200.0,2025918.625,1973976.25,1246997.5,1200240.25,1288345.875,1245216.5,1395025.0,1306660.25,1669510.875,1632956.25,1866981.875,1644385.125,1446339.875,1418519.125,1524976.375,1598561.75,1364293.5,1353967.875,1760962.875,1699341.375,1360933.875,1359132.5,2361237.25,2370196.75,1602010.5,1770461.25,1941144.0,1888779.75,2254269.75,2080249.0,2397263.5,2407965.0,2420918.5,2628682.25,2654459.75,2415638.75,1908145.125,2424293.75
14,1889869.375,1898119.625,1828895.5,1882507.0,1919018.0,1806285.5,1899714.0,1752708.25,1865270.75,1817530.25,2117378.75,2135875.25,2043274.25,2026068.875,1876892.5,1895694.5,1933810.0,1815019.375,1879473.375,1798942.0,1686635.75,1659752.5,1881604.375,1595132.0,1981805.25,1877657.125,1368155.625,1355059.75,2017509.375,1909241.75,1700826.375,1579959.75,1580718.0,1508238.0,1599365.0,1396596.25,1603512.0,1562620.0,1854888.625,1805544.25,1675205.75,1748540.125,1393836.25,1369368.375,1181838.25,1173826.25,1325498.75,1281526.25,1393228.5,1284939.125,1486955.625,1487724.625,1634288.625,1581336.625,1975355.375,1844182.875,2070682.375,2065665.875,1647102.875,2081908.125,1527738.125,1445231.875,1888137.375,1730506.125,1705004.375,1977883.25,1834798.5,1696330.625,1378148.75,1503526.75,1723126.25,1748560.5,1729182.625,1683894.25,1397621.625,1294691.625,1761876.25,1583038.125,1702406.625,1698588.625,1116799.625,1249044.875,1403917.125,1376253.625,1369269.375,1487676.5,1651078.875,1473567.125,1370450.5,1330139.25,1549579.125,1385615.0,1330840.5,1235060.75,1410061.625,1332526.75,1502266.0,1573332.25,1418543.0,1301505.875,1038716.75,1099652.75,1388716.75,1257845.5,1580377.375,1629645.375,1453252.0,1477177.75,1510472.125,1509766.375,1477693.75,1390812.375,1610052.125,1563026.25,1418195.375,1434906.375,1478012.375,1398113.875,1752946.375,1817868.625,1737741.375,1696584.0,1744588.75,1785567.25,1841690.125,2163659.0,2070319.0,1986533.375,2143102.25,1990303.0,2106280.25,2034946.375,2184853.5,2084600.875,1711464.75,1637077.25,2072635.625,1874182.875,1935194.625,2012252.25,1559272.75,1632741.0,1742524.875,1775323.75,1650460.0,1652141.75,2012726.625,1940998.875,2032815.25,2080661.875,1814414.125,1930977.125,1964449.625,2032839.375,1808234.375,1785954.25,1467323.375,1499357.125,1898457.875,1839289.5,2074747.75,2033614.125,1578244.0,1577357.375,1615727.375,1553251.0,1525413.25,1439620.375,1868587.125,1801705.125,1564900.375,1547322.5,1514482.125,1449950.75,1999450.0,2034592.25,2102094.25,1961553.125,2117542.5,2209685.75,1616614.375,1692140.625,2196494.75,2278258.25,1908404.0,1906887.0,1968423.875,2170611.5,1706918.625,1705191.75,1848350.0,1874812.25,1738448.875,1838473.0,1741721.0,1699264.5,1834710.375,1879827.0,1720521.375,1530026.5,1666060.625,1589052.25,1378013.375,1400563.875,1525485.0,1504242.875,1824450.75,1874789.25,2034207.125,1976725.875,1243369.375,1198701.0,1287643.25,1241724.25,1395068.875,1306558.875,1668677.75,1632931.25,1863500.0,1641062.25,1444580.375,1417188.5,1521989.0,1594176.625,1363197.25,1351214.375,1760953.5,1697831.25,1362099.375,1356935.0,2355291.0,2366561.0,1599431.125,1769331.375,1940298.75,1889317.0,2252458.5,2073675.875,2396341.5,2407878.0,2417954.0,2627910.75,2656754.0,2415482.0,1904500.125,2423566.5
15,1896751.625,1906049.75,1829619.625,1887764.75,1915788.125,1808268.0,1905353.75,1754604.25,1873177.375,1822585.875,2120724.0,2143431.75,2043243.125,2029121.375,1874362.125,1897427.375,1936067.125,1821555.75,1873666.5,1796629.5,1684619.875,1659540.5,1882036.0,1597131.25,1987892.0,1882662.375,1362203.625,1353263.0,2020941.0,1917772.25,1702267.625,1581407.75,1581740.625,1514405.375,1597163.0,1401740.125,1603064.25,1565893.125,1855937.25,1814322.375,1669426.75,1744980.25,1394131.125,1375418.25,1180945.375,1173562.5,1321977.875,1277274.375,1393773.375,1284738.75,1483635.625,1491154.5,1637373.125,1584139.625,1980543.625,1844874.625,2070977.625,2067107.875,1646983.125,2082240.0,1527608.625,1446345.125,1891204.25,1735163.625,1705806.0,1978508.125,1836992.75,1696453.5,1380931.125,1506723.375,1721316.75,1748498.25,1726962.75,1686866.375,1392981.25,1292323.625,1759998.25,1585132.0,1699936.0,1697092.0,1114484.0,1248946.125,1401271.5,1381610.0,1364015.25,1485053.25,1645884.5,1471024.375,1367171.375,1336818.25,1548613.125,1389098.0,1333145.75,1240665.125,1408267.0,1339805.75,1499764.75,1575696.25,1418321.375,1306461.375,1037131.6875,1103530.0,1389380.875,1260921.75,1581851.125,1631299.75,1454366.0,1477542.25,1510582.0,1513515.75,1479476.625,1397747.25,1613434.125,1566803.875,1427221.75,1449593.125,1491371.875,1405839.875,1756611.625,1819305.25,1734994.5,1694342.625,1741321.25,1784211.375,1848045.25,2166338.5,2068181.375,1978331.0,2142853.5,1992593.0,2108398.75,2033548.0,2185310.75,2087758.5,1706062.25,1633091.125,2072694.5,1875315.0,1939669.375,2018171.375,1560305.25,1634868.125,1735247.875,1774531.25,1651771.875,1654226.375,2007046.625,1928886.125,2032899.875,2082420.625,1807771.125,1926163.375,1959814.875,2028981.75,1810558.25,1788167.625,1465893.25,1497690.0,1900133.375,1840625.75,2075690.375,2034185.625,1576382.5,1576443.5,1617854.875,1552051.75,1523509.0,1439451.0,1872007.5,1801276.5,1564129.75,1543367.5,1517613.125,1447809.75,1994400.125,2033428.875,2107524.75,1961446.5,2119063.75,2216515.5,1613988.0,1691120.0,2203243.5,2288982.5,1909904.75,1909497.375,1965914.25,2171936.75,1708254.25,1706296.25,1847575.375,1871944.0,1738108.25,1827178.125,1745099.375,1703022.5,1829681.5,1877808.375,1715697.75,1525139.5,1662669.5,1584604.625,1374493.625,1395873.0,1524364.5,1503621.625,1818601.125,1862550.0,2030608.25,1972994.25,1250405.875,1201601.25,1290512.5,1241072.375,1401247.5,1310937.5,1672919.75,1634473.0,1862160.125,1640041.375,1442368.875,1413354.625,1521508.375,1594704.0,1362554.75,1350042.125,1755628.625,1694931.0,1362813.25,1357281.625,2363454.75,2374408.25,1599647.25,1772644.0,1941085.625,1893541.0,2250111.0,2073960.75,2398339.25,2410446.25,2422047.25,2627209.75,2648967.75,2409212.75,1909188.75,2429321.75
16,1897522.125,1909238.25,1831104.125,1887839.625,1911771.625,1809219.875,1910023.625,1761483.25,1876080.5,1823400.125,2120208.75,2144947.5,2041414.75,2027951.25,1872774.5,1898455.75,1936873.5,1826859.375,1867632.5,1797102.5,1680991.875,1661239.75,1883823.875,1599104.125,1995292.125,1889764.5,1355943.375,1351936.375,2023191.125,1923090.5,1702877.125,1582849.875,1580499.125,1519787.875,1600891.25,1406735.625,1606110.625,1569839.125,1858798.125,1817263.625,1664468.0,1740345.375,1396442.875,1378369.875,1180012.875,1173093.625,1318124.125,1273433.125,1392344.625,1284444.125,1487116.375,1496308.125,1637844.75,1584927.25,1982103.25,1846886.125,2073991.875,2068862.0,1650976.875,2083325.375,1527924.125,1444926.125,1892838.0,1738006.5,1704812.5,1976114.625,1838759.75,1696365.0,1381295.0,1505020.875,1725285.125,1750838.25,1724715.75,1683058.75,1395276.375,1292937.625,1761991.375,1584052.125,1700141.375,1697402.0,1117694.25,1251755.875,1401763.5,1385240.375,1368268.75,1486375.5,1651611.875,1470114.5,1371786.0,1339665.75,1549244.5,1390582.75,1334481.875,1241674.875,1410900.0,1343868.125,1503515.25,1578773.875,1420727.625,1309354.375,1039145.0,1104400.75,1390369.875,1262181.875,1581416.0,1632050.75,1454262.5,1478740.625,1512987.875,1515816.75,1478107.25,1398441.625,1611455.75,1568405.75,1424029.5,1447592.125,1494845.375,1414572.25,1754458.625,1819788.0,1738238.375,1697586.25,1742741.75,1788495.5,1851877.25,2172334.0,2065934.75,1974732.375,2142069.25,1995221.0,2111120.25,2037573.625,2184539.25,2089466.25,1699720.0,1629967.0,2066455.75,1872302.625,1940579.625,2023284.0,1559570.75,1636584.375,1729482.5,1771455.375,1652806.25,1657493.875,2006272.25,1925673.875,2030831.0,2081108.125,1804299.625,1925585.75,1955894.5,2026758.75,1810460.0,1788482.0,1465529.5,1497917.125,1899653.625,1842243.625,2078459.625,2037972.625,1573143.25,1574083.0,1618798.375,1553723.0,1526922.625,1442340.5,1873081.875,1797958.25,1564768.125,1543411.875,1520178.375,1448192.625,1990575.0,2031771.875,2108594.25,1960744.625,2114955.0,2216922.5,1612202.875,1690382.625,2207879.75,2294738.25,1907949.25,1908394.125,1962021.125,2168961.5,1712363.375,1706157.0,1850134.5,1874378.25,1738762.375,1824910.5,1749096.375,1705201.375,1828917.875,1877809.5,1714602.0,1521870.5,1663051.25,1583958.75,1374399.375,1396270.25,1525464.625,1504446.625,1813305.875,1853005.625,2025742.625,1968253.75,1250644.25,1200368.875,1289770.5,1242172.625,1399522.375,1308956.375,1673343.625,1634199.125,1864587.875,1643064.75,1441570.875,1413300.5,1522768.75,1597914.375,1361976.625,1350545.125,1755168.5,1696288.5,1361857.25,1356898.375,2371673.75,2379734.0,1603382.75,1775319.75,1942472.0,1895980.25,2254547.25,2081088.0,2402651.75,2412858.25,2426105.0,2627922.0,2651445.0,2409188.25,1914522.375,2433159.5
17,1890275.0,1903678.0,1826195.875,1882169.625,1906153.5,1809823.75,1910610.625,1766568.0,1873202.125,1820974.625,2112732.25,2134496.25,2035195.625,2019092.25,1873034.875,1897392.0,1933873.625,1828604.25,1861818.25,1798892.375,1682425.625,1666323.375,1880492.375,1605231.875,1993343.125,1895106.125,1352406.25,1351727.875,2019920.0,1918551.375,1703785.0,1585070.0,1574248.125,1519509.875,1607765.875,1411022.0,1606520.375,1568430.0,1858587.375,1808847.625,1663550.625,1737872.125,1395005.75,1371743.5,1179219.0,1173229.125,1316111.25,1272564.0,1390561.625,1284114.875,1490606.375,1497231.375,1636146.75,1585831.75,1977757.5,1847667.625,2072098.375,2067354.625,1652318.625,2082455.75,1530499.625,1442990.875,1893847.5,1737421.375,1704511.875,1974858.75,1836788.75,1693584.875,1376608.875,1500460.75,1731526.625,1754115.75,1727592.75,1681823.625,1403843.125,1295410.875,1767818.875,1584919.75,1704748.375,1699091.875,1123479.5,1250905.375,1407864.375,1378784.0,1376787.25,1493922.375,1661216.25,1469210.5,1381998.75,1331478.25,1555265.25,1386592.375,1333117.5,1235791.375,1420047.25,1335477.0,1515465.125,1579903.75,1422334.0,1306720.625,1044132.125,1099206.625,1392922.125,1258577.75,1580466.125,1631428.5,1456026.375,1478014.75,1515040.25,1513140.5,1477061.625,1392409.5,1606173.5,1565295.125,1413590.75,1433568.625,1481994.375,1404553.875,1750202.75,1814495.875,1745119.625,1701628.625,1744431.875,1795588.5,1844149.0,2169786.25,2062956.625,1982609.75,2143861.25,1994747.125,2107162.25,2040269.5,2184766.25,2090021.125,1702919.75,1634433.75,2061689.75,1870308.0,1940439.625,2023907.125,1560626.375,1639368.25,1726591.25,1772757.375,1656406.875,1660060.75,2013507.375,1937891.375,2031097.625,2081114.375,1808058.5,1930385.125,1958626.0,2029967.125,1807111.5,1786380.0,1469186.25,1498900.75,1895812.75,1841529.125,2075085.0,2037714.75,1573358.375,1574470.625,1618466.875,1558433.875,1530085.5,1444605.0,1876618.0,1801664.5,1567126.375,1547654.5,1519890.0,1450741.625,1993197.0,2033220.125,2109629.0,1962333.125,2107903.5,2209824.5,1609043.625,1687389.0,2207823.0,2294400.75,1906835.125,1907632.5,1960543.75,2162839.25,1709660.5,1703984.25,1851035.125,1877203.75,1738467.0,1833824.375,1747031.75,1702322.875,1831772.375,1880243.125,1720672.0,1522201.75,1670559.375,1587326.875,1380325.5,1397686.375,1529191.0,1502377.875,1819794.75,1864146.5,2027082.25,1970758.125,1241520.5,1196759.25,1286325.125,1241899.625,1391522.5,1304808.25,1667483.375,1631725.5,1864917.5,1642641.0,1444512.0,1416544.875,1522862.125,1596520.25,1361298.25,1352134.125,1759077.625,1699871.625,1362029.125,1354247.875,2365498.5,2375759.0,1605680.25,1773186.625,1943775.375,1890091.75,2256030.75,2082717.125,2402781.5,2410417.25,2423396.5,2627036.5,2657200.5,2417598.25,1912916.75,2428398.0
18,1885073.0,1897429.0,1819421.625,1878605.625,1902574.875,1813466.5,1907026.0,1764177.875,1871975.75,1821027.125,2108674.0,2127221.0,2031120.375,2016392.25,1875279.125,1896448.125,1927460.375,1825805.875,1859351.0,1804376.875,1687502.125,1673442.25,1875259.5,1611591.0,1983386.875,1891809.25,1350654.375,1353301.125,2016148.75,1914759.5,1705519.875,1589512.0,1570444.5,1518837.875,1606949.625,1414151.5,1604463.0,1564527.0,1855402.375,1805092.875,1663990.25,1737963.875,1390288.25,1365330.25,1177165.25,1172673.125,1314523.375,1273231.5,1389727.875,1282119.375,1487439.875,1496004.125,1637598.0,1589427.0,1974152.5,1845922.625,2069724.25,2065171.875,1647951.875,2078005.75,1531515.875,1445213.125,1892510.625,1736641.75,1705818.375,1977119.25,1833934.5,1690399.0,1375542.375,1503337.625,1733958.25,1754728.125,1729228.875,1687268.375,1407307.5,1297998.5,1771239.625,1587939.625,1709182.375,1698202.625,1124857.875,1247187.125,1412606.75,1370847.625,1378031.375,1496811.25,1663834.5,1467843.625,1386642.0,1328711.375,1560400.875,1385421.0,1334030.375,1232725.125,1426275.75,1329363.0,1524476.125,1583251.25,1420870.75,1304215.625,1045763.0,1094899.75,1394107.25,1255642.125,1581559.375,1631820.125,1457799.75,1476248.25,1513602.125,1510399.125,1477785.375,1389147.625,1605071.125,1563279.0,1414712.875,1434507.375,1483811.0,1400205.375,1752004.375,1813811.625,1747684.75,1700950.0,1742241.0,1796295.375,1839475.625,2165293.5,2058340.25,1991405.375,2147767.75,1996212.375,2102488.75,2040399.75,2188030.0,2093591.125,1703822.375,1638780.5,2063970.375,1872885.25,1941923.25,2026316.125,1562044.625,1643188.125,1722726.5,1775098.375,1659067.375,1662108.5,2017377.625,1945101.5,2035300.0,2084806.125,1808916.75,1931025.75,1961277.0,2030697.25,1807480.625,1787537.625,1471007.0,1500773.625,1894530.625,1841173.875,2069204.625,2032510.5,1574897.125,1577378.625,1619332.375,1560564.5,1530619.375,1444029.25,1876389.75,1808233.375,1565805.375,1551057.0,1515835.0,1452264.25,1996105.125,2035657.75,2111303.75,1963300.5,2107679.25,2207843.0,1606954.875,1683592.0,2206576.5,2292875.5,1910304.125,1909616.625,1959831.5,2162438.25,1704940.0,1704605.75,1849536.5,1875941.75,1738164.25,1837139.5,1745164.75,1701313.75,1831615.875,1880581.125,1724699.75,1525280.0,1676683.125,1592440.25,1387679.75,1398731.875,1533686.125,1502438.5,1826577.375,1871721.0,2026648.0,1975259.0,1243117.625,1198305.25,1288518.125,1242137.625,1392113.625,1306875.25,1666683.75,1630805.125,1862163.125,1638258.25,1446667.75,1416820.25,1521991.875,1592607.75,1360963.875,1352565.375,1758594.625,1698220.5,1362611.375,1353304.25,2358273.25,2373271.25,1603063.625,1771361.375,1943213.375,1884608.375,2250207.25,2077843.25,2399042.25,2407201.75,2421415.5,2625664.5,2651524.75,2419281.75,1908931.125,2424220.25
19,1885490.375,1896123.0,1821555.375,1880387.0,1910228.0,1817970.25,1905990.625,1760694.625,1871700.625,1820878.125,2112285.25,2131158.5,2035192.625,2022936.25,1876377.5,1896926.375,1921868.25,1820704.625,1863942.625,1808675.875,1687946.75,1673634.375,1875741.875,1609198.25,1978697.625,1886030.125,1352843.0,1354296.875,2015048.75,1913777.25,1705129.875,1588126.0,1574080.375,1518197.75,1602795.25,1413384.625,1606333.5,1564161.25,1855665.25,1809036.25,1665185.25,1740378.375,1389630.0,1367847.625,1176039.75,1171365.0,1313965.0,1274454.125,1390357.0,1280618.25,1485320.25,1495508.125,1639642.5,1588332.875,1974991.25,1843905.125,2073959.25,2065457.375,1648802.625,2077106.125,1527731.625,1446706.5,1888010.25,1735875.375,1705457.125,1978079.0,1835083.5,1692311.0,1378490.75,1507743.375,1731654.875,1749791.375,1726267.375,1687333.375,1403505.25,1297586.625,1769995.625,1587893.125,1710283.75,1697283.625,1122598.0,1249652.5,1409984.5,1372822.875,1374596.0,1493034.875,1662151.375,1470122.5,1381905.25,1336961.25,1556841.0,1388604.875,1335724.125,1234865.25,1423494.125,1335128.0,1521606.875,1587081.0,1419960.25,1306405.75,1043063.375,1097560.25,1391853.75,1257320.75,1582156.125,1632252.875,1455759.5,1476611.0,1509854.25,1511184.25,1478732.0,1389236.75,1607421.625,1564869.75,1420084.125,1440998.875,1496751.375,1412234.875,1754247.625,1819196.75,1745572.75,1699226.625,1741312.375,1792185.375,1841203.625,2165046.5,2057298.125,1988260.375,2148402.75,1998633.0,2104967.5,2040862.125,2189760.25,2094068.25,1699802.5,1637808.0,2065871.5,1874925.625,1940855.5,2026930.25,1558555.625,1642122.0,1723301.5,1773763.25,1655724.375,1658925.625,2014864.75,1941535.375,2036031.625,2085214.125,1807745.25,1929079.25,1961486.5,2028715.5,1811271.375,1789443.375,1467446.0,1499987.375,1898603.875,1841812.875,2071222.0,2031952.375,1573932.375,1578670.625,1619862.0,1557542.25,1531883.375,1443034.375,1867792.0,1805200.375,1562425.25,1550461.5,1511429.375,1452149.625,1996944.0,2036300.0,2109406.0,1961646.625,2110906.25,2210054.25,1610168.375,1685495.25,2203832.0,2290761.0,1913168.625,1910122.0,1959913.625,2166418.0,1706532.125,1706892.0,1849734.5,1876285.375,1739035.5,1836650.875,1748044.5,1704442.875,1831259.75,1880766.375,1723595.25,1528175.875,1675491.25,1595010.25,1389889.875,1403877.125,1534162.25,1505949.125,1822476.0,1861374.875,2023111.125,1973789.625,1254057.375,1202713.25,1293702.5,1245606.125,1398802.25,1308962.875,1671723.625,1631876.125,1861752.875,1638419.625,1446725.25,1416276.125,1522872.0,1591990.75,1360415.375,1353457.125,1757029.125,1694946.125,1361340.625,1355824.25,2359222.25,2373756.75,1600388.75,1773245.75,1938870.75,1885916.125,2248232.25,2076100.25,2396722.25,2407467.0,2423643.0,2626049.75,2647649.75,2414849.25,1908168.75,2425959.25
20,1886914.625,1897135.25,1828527.625,1883628.5,1919905.5,1816769.25,1910512.75,1760049.5,1869880.125,1818109.0,2113987.5,2134740.5,2039678.75,2024248.875,1876280.75,1898263.75,1920306.625,1818352.25,1868571.125,1803128.5,1685321.5,1666911.5,1880352.125,1603461.5,1981174.375,1886923.5,1355630.0,1351418.25,2014935.625,1911294.875,1703806.5,1581522.25,1577096.875,1514593.875,1603002.75,1411564.125,1609512.375,1565476.625,1858381.0,1809813.875,1669434.25,1744203.875,1392223.75,1371070.0,1177318.75,1171078.75,1317443.125,1276372.25,1391970.25,1282598.75,1487091.75,1494048.0,1639166.625,1583684.25,1976445.0,1843190.5,2077070.875,2065632.0,1655167.875,2079834.0,1524985.5,1444773.75,1885443.75,1735542.875,1703269.875,1976077.0,1837106.5,1695405.5,1377857.75,1505030.5,1731798.625,1745113.25,1726144.75,1683715.875,1402280.75,1296661.125,1767947.25,1585441.75,1710172.375,1699065.125,1120701.75,1253589.25,1406178.75,1377716.875,1372943.75,1491701.0,1661694.875,1473470.875,1377203.25,1339247.25,1550739.625,1388373.0,1334298.5,1236673.75,1420246.875,1339463.875,1514113.125,1585039.125,1420144.375,1306692.75,1042013.9375,1101705.25,1390395.375,1259817.875,1580347.25,1630041.125,1453620.625,1477566.375,1508726.5,1514153.75,1480157.5,1389880.625,1608560.375,1566073.25,1420290.875,1434967.5,1492143.25,1412250.75,1753510.0,1820831.5,1744720.625,1698835.625,1742599.875,1791427.375,1836756.5,2161368.75,2059389.5,1979410.875,2147065.75,1996770.0,2108053.75,2041055.25,2185553.5,2085131.375,1703327.25,1636480.75,2063605.0,1871420.0,1940373.625,2021372.125,1555039.625,1635626.125,1729435.75,1773981.625,1653627.875,1651500.25,2013818.0,1940063.25,2031968.75,2081001.5,1813247.875,1932492.625,1964763.125,2031993.0,1814096.25,1788860.375,1465313.625,1497474.75,1902001.625,1842044.75,2076426.625,2037088.125,1572827.5,1579652.125,1617456.0,1554839.25,1532242.75,1441866.25,1863109.875,1801735.125,1560308.125,1549327.625,1508846.875,1452462.5,1999621.75,2036503.125,2108964.5,1962231.375,2111459.75,2209786.25,1615817.0,1692384.5,2199884.0,2289697.25,1912229.875,1909312.75,1963213.875,2167665.25,1708056.5,1705173.25,1849960.25,1878007.5,1738636.875,1837280.375,1748778.625,1704907.125,1835032.0,1884050.375,1721609.75,1527128.25,1671894.125,1591344.125,1385703.5,1405925.5,1530019.75,1505393.25,1817787.625,1857745.75,2025246.875,1971299.375,1253980.625,1204363.25,1293266.625,1248654.375,1398709.875,1306736.875,1671706.0,1632487.125,1864243.375,1642788.0,1447479.25,1418739.125,1524850.75,1593895.625,1360981.75,1355778.125,1759440.125,1696461.25,1360682.625,1358658.125,2360251.75,2371066.0,1601841.25,1773428.0,1935422.625,1888525.25,2251867.0,2077496.5,2396140.25,2410119.5,2423933.5,2627533.75,2653228.5,2416427.5,1909172.5,2427416.75
21,1888806.875,1899038.375,1829664.375,1885434.625,1919574.0,1813017.25,1913280.0,1758894.625,1869073.125,1816966.625,2113045.75,2133712.0,2040455.625,2021243.875,1877373.375,1899651.875,1922699.75,1818762.125,1867786.625,1796028.75,1685452.625,1662609.125,1881971.25,1601634.5,1982828.0,1888555.5,1352455.0,1347543.5,2017883.625,1910189.375,1704693.125,1579920.125,1576696.75,1512004.75,1603594.625,1410518.875,1609222.75,1565621.625,1859822.5,1805904.0,1674572.125,1746710.5,1391932.125,1368656.875,1178171.125,1171561.625,1321491.125,1276524.625,1392796.625,1284553.75,1486014.25,1491976.875,1637471.875,1584411.0,1975041.25,1843087.125,2071438.75,2064009.375,1654075.625,2079775.125,1526540.375,1444515.0,1887167.625,1736105.5,1702834.125,1974295.125,1834436.625,1693504.5,1376417.5,1501992.25,1733744.0,1745798.125,1728836.0,1685457.375,1404398.25,1297651.625,1765943.25,1583068.25,1708748.5,1697899.625,1120003.375,1250822.375,1406994.875,1376118.0,1372377.375,1492724.875,1661255.875,1471792.5,1379654.125,1333596.875,1551287.5,1385269.125,1333187.25,1238018.875,1422079.625,1335760.25,1511692.75,1579080.25,1418836.875,1302863.875,1044182.1875,1102069.125,1392283.375,1260032.625,1579549.0,1628276.875,1455236.625,1477000.625,1511056.25,1515778.375,1482523.0,1391541.5,1609709.25,1565440.25,1423553.125,1430396.0,1483240.75,1398529.625,1754693.75,1819884.875,1745478.125,1697860.375,1741811.0,1792535.875,1832199.0,2155674.0,2061368.0,1976183.875,2146484.0,1991416.375,2105548.75,2038853.125,2181001.75,2077418.75,1710425.375,1636158.125,2063925.75,1869206.125,1942154.5,2015903.375,1557852.5,1633125.0,1733526.0,1778127.125,1656700.875,1648763.625,2015660.875,1940667.25,2029894.375,2078898.875,1818533.375,1935234.0,1968140.375,2035910.125,1813928.75,1788252.0,1467642.75,1499328.875,1899834.125,1840936.875,2076123.375,2039500.0,1573915.125,1582418.75,1614916.0,1555474.5,1530243.375,1440209.625,1866052.25,1806329.625,1557584.0,1550510.75,1505984.25,1453158.0,2002596.125,2037449.0,2110915.0,1964169.75,2114023.25,2210526.25,1617831.375,1696686.625,2199065.5,2288504.75,1909328.625,1908302.25,1967725.0,2167675.5,1706403.75,1703729.375,1849415.0,1877575.25,1736778.5,1834436.375,1746113.125,1702837.375,1837775.0,1886057.875,1719620.625,1523766.625,1669912.125,1584993.5,1379857.625,1400100.5,1527231.0,1502060.5,1820141.875,1867304.0,2029468.25,1972580.25,1246108.0,1203395.75,1288845.125,1247032.375,1394861.375,1306770.125,1668866.625,1633057.0,1865036.25,1643834.5,1450053.875,1421073.25,1525161.75,1595041.0,1363602.875,1357200.125,1759707.5,1698088.875,1362526.5,1359767.875,2361384.5,2369546.25,1604793.625,1771067.25,1937896.25,1890921.125,2251799.25,2076656.875,2396780.5,2413569.0,2422839.0,2629359.5,2653190.25,2418197.75,1910946.375,2428185.0
22,1891928.0,1902757.125,1825178.375,1886342.625,1914231.875,1813379.25,1912482.375,1760646.875,1870640.625,1818723.875,2115086.0,2132758.5,2041369.625,2021611.875,1878106.0,1899372.25,1926270.875,1820946.125,1866808.75,1799203.125,1686872.625,1663943.75,1878689.75,1602605.25,1981319.5,1888843.125,1347415.875,1348011.875,2023524.125,1913377.125,1704104.5,1583112.25,1577607.5,1515722.75,1602921.875,1407784.875,1607095.125,1565246.875,1859562.5,1804103.75,1673489.0,1745220.625,1390697.875,1365870.0,1177096.375,1171208.625,1319803.875,1273593.375,1391711.875,1282425.75,1484426.25,1491997.0,1636663.375,1588407.125,1973270.0,1844753.875,2067398.75,2064730.875,1650384.25,2079121.125,1527212.625,1446675.375,1888739.375,1736612.625,1704221.25,1974294.75,1832609.625,1690775.0,1379880.375,1504938.25,1730367.5,1746759.0,1727202.375,1687313.75,1403507.625,1296734.375,1764455.5,1580501.125,1706069.625,1691187.5,1120957.5,1247714.75,1410926.375,1371914.5,1375547.25,1490757.25,1660906.625,1466545.0,1384784.5,1332711.625,1556341.25,1384269.875,1337106.875,1239503.25,1425127.625,1332745.375,1517180.625,1576210.125,1419730.625,1301023.0,1046258.6875,1099764.25,1394211.875,1258259.75,1580668.75,1628669.5,1457575.625,1475785.75,1512156.5,1513813.625,1483348.625,1391448.125,1610186.5,1564850.5,1428951.125,1437649.0,1492284.75,1398819.625,1754883.25,1819169.125,1744778.875,1694954.75,1741572.625,1791699.875,1838517.625,2159000.75,2062238.875,1980720.25,2145696.25,1989909.5,2102654.5,2038472.75,2183615.5,2081103.625,1707830.25,1633847.875,2066592.0,1873256.5,1940720.0,2018059.375,1560165.25,1637631.875,1731193.75,1777134.5,1657077.5,1652244.375,2017449.5,1938895.375,2032927.75,2081451.0,1815136.375,1930322.0,1966480.375,2032647.5,1811027.375,1789263.125,1468280.0,1502173.125,1895622.625,1840872.5,2072118.625,2037951.25,1574253.5,1583537.25,1615564.875,1557259.375,1529641.625,1441131.875,1864013.25,1808396.625,1555405.625,1551065.25,1503840.875,1453312.25,1999640.25,2035013.75,2110967.25,1961962.875,2117779.75,2213013.25,1614209.125,1691549.375,2202672.5,2287715.5,1906773.25,1906144.5,1967463.25,2167768.75,1708479.875,1708556.5,1851366.875,1878583.125,1738020.625,1830754.75,1745915.125,1703208.125,1835418.625,1883254.375,1718731.375,1523210.625,1670718.625,1582277.5,1381103.25,1398873.0,1529897.875,1502523.0,1822683.625,1866858.75,2026013.75,1973948.625,1247898.5,1202976.625,1287518.75,1245290.75,1396325.5,1310549.125,1670400.25,1633340.5,1863751.25,1641408.375,1452217.5,1421086.25,1524074.75,1594787.375,1364262.5,1357256.625,1755952.875,1696187.125,1363476.375,1360029.25,2366325.0,2373424.25,1605542.25,1772466.875,1941918.125,1892125.75,2249438.5,2077012.25,2398803.5,2413247.25,2423645.75,2630007.25,2646635.75,2414936.0,1913956.0,2429684.75
23,1892426.375,1905148.125,1824306.75,1887787.75,1912317.875,1817533.625,1911621.625,1766953.875,1870376.75,1819418.875,2116492.5,2132859.0,2040720.375,2022501.875,1877826.5,1899240.75,1928166.0,1823342.125,1868735.75,1806759.5,1685559.375,1667064.25,1878386.375,1607116.5,1981410.125,1891479.625,1348550.125,1351662.625,2024561.625,1915926.625,1701563.5,1584912.125,1577777.625,1520222.5,1604001.75,1405617.625,1606003.5,1563982.375,1856105.25,1805982.75,1667986.25,1743335.875,1392020.25,1365806.75,1176747.75,1170885.25,1316319.75,1272482.375,1389505.875,1279281.75,1486570.75,1493589.625,1636858.5,1589577.25,1974328.125,1847707.0,2072323.375,2069397.125,1654662.875,2083205.875,1525433.25,1446477.5,1887081.125,1736535.25,1705583.625,1976485.875,1836666.125,1692249.625,1380839.0,1506996.625,1727651.5,1744894.875,1722843.875,1683985.625,1403390.5,1295403.875,1764858.625,1578937.0,1705463.25,1688997.5,1123421.625,1249722.75,1414014.375,1369953.75,1381267.5,1489309.5,1663611.875,1465052.875,1386355.125,1334789.375,1558550.75,1385537.625,1339566.875,1236775.875,1426227.125,1332666.25,1523655.5,1578849.125,1423919.0,1302480.125,1046742.625,1097438.375,1393533.5,1255798.25,1580051.0,1628076.125,1456811.625,1474368.5,1511664.0,1511303.375,1481305.75,1388570.375,1606440.125,1563322.75,1425554.75,1440839.0,1497580.625,1407737.625,1750973.625,1815869.625,1745033.0,1692545.625,1743895.625,1791544.0,1844024.75,2167672.0,2060278.625,1985509.25,2145201.0,1994343.625,2103430.75,2043380.0,2187774.75,2089210.0,1701844.375,1632217.25,2065292.0,1876498.5,1938027.375,2024184.75,1557009.125,1640730.875,1727573.0,1771505.125,1653602.75,1654565.0,2018406.5,1939438.875,2037931.375,2085232.375,1810260.375,1925744.0,1963970.875,2029840.875,1808670.875,1791064.5,1465809.625,1500394.375,1894878.375,1843769.625,2070734.0,2038139.125,1573505.625,1580452.375,1616631.875,1557275.125,1530512.0,1442474.25,1858414.875,1803389.125,1556296.5,1548957.375,1505145.875,1452099.625,1994094.375,2030591.25,2109130.0,1958522.125,2116156.75,2212740.25,1609493.375,1682279.125,2203560.0,2287355.25,1905756.25,1905177.5,1963331.0,2166665.5,1712282.5,1713197.375,1853586.5,1881118.5,1741337.625,1833406.125,1747582.5,1704111.875,1833064.875,1880488.5,1719721.625,1524725.75,1674754.875,1584401.875,1387028.75,1404394.125,1533153.25,1503963.25,1821410.125,1858097.0,2020343.75,1972891.625,1252279.75,1202676.375,1289338.375,1246633.625,1397596.875,1310471.875,1670943.5,1631112.375,1862889.75,1640259.625,1451192.875,1418703.75,1523479.75,1593103.25,1360754.625,1356236.375,1755468.0,1696031.0,1361863.125,1358449.0,2366158.25,2374947.0,1603994.25,1774110.75,1943502.25,1889125.375,2250732.25,2078941.625,2400523.5,2407742.0,2423775.5,2628204.75,2648119.75,2416147.75,1913982.0,2427404.5
24,1889327.625,1902901.375,1828346.125,1888269.75,1917544.875,1822909.25,1909052.25,1767260.625,1867510.875,1819423.875,2116061.75,2134927.5,2039808.625,2022869.0,1878003.5,1901775.625,1925650.75,1820744.75,1869936.0,1807899.375,1681774.625,1666663.25,1883033.5,1611778.5,1982100.25,1889584.25,1352421.25,1352365.625,2018521.625,1911672.75,1701488.625,1582275.75,1574419.0,1515915.375,1604630.125,1405922.0,1606849.75,1561463.0,1852601.25,1804962.375,1669349.125,1745130.0,1392634.375,1365111.0,1178333.125,1171652.75,1317862.125,1275990.0,1388428.875,1279937.375,1487367.625,1493379.75,1635420.875,1589505.5,1975019.875,1847894.875,2073821.0,2073298.875,1655975.0,2089227.75,1524904.125,1444315.375,1884031.0,1734929.125,1706318.5,1979879.875,1839504.875,1694622.0,1375757.0,1504121.5,1730865.125,1744219.125,1721812.375,1682189.75,1406406.0,1297051.375,1765450.125,1579727.625,1706291.0,1695542.375,1125735.875,1251071.875,1413964.0,1369414.5,1381669.125,1490748.0,1665272.0,1469123.5,1384853.25,1332408.25,1554827.5,1386673.375,1335597.625,1233298.75,1426441.375,1332260.75,1521453.5,1580571.375,1424660.875,1302938.0,1045855.5625,1096482.0,1391878.125,1254636.5,1578416.25,1626968.5,1454279.75,1472978.375,1511477.875,1512398.5,1479697.875,1387238.0,1604083.375,1560797.75,1418878.625,1433869.875,1485245.75,1402400.0,1750144.0,1813890.75,1747535.0,1694375.375,1744900.75,1792321.5,1833694.375,2165481.25,2056413.5,1979440.375,2143726.5,1996720.0,2102919.0,2045595.375,2182700.5,2088471.75,1705167.875,1636403.5,2060576.5,1873869.125,1936355.375,2022004.75,1553271.5,1636929.375,1729712.375,1774675.25,1652172.125,1651867.125,2016561.375,1939394.75,2038821.75,2085068.0,1810909.125,1929099.125,1965602.375,2035066.75,1808396.375,1792399.5,1465890.25,1498269.375,1895674.75,1845398.0,2071143.0,2038305.0,1574411.875,1578311.375,1615683.875,1555151.125,1530600.25,1440825.125,1859576.0,1800798.0,1557120.875,1548316.125,1507521.375,1450498.25,1997145.25,2033762.75,2106859.0,1959759.25,2114342.0,2210148.75,1610709.625,1684901.5,2198938.25,2284489.75,1906521.875,1907660.75,1963065.375,2167461.5,1709556.75,1711155.875,1852415.625,1881145.0,1741651.25,1838265.25,1748279.625,1703865.875,1835083.5,1883033.125,1720074.375,1525115.125,1677572.75,1587414.75,1389277.25,1405056.25,1533178.25,1503171.875,1820477.625,1861704.625,2021498.0,1971687.625,1247112.75,1200840.625,1290251.375,1245825.5,1394390.625,1306386.0,1667767.75,1628690.375,1861996.625,1640613.75,1449165.75,1415072.5,1523211.375,1590787.625,1358230.5,1353982.875,1759037.5,1699430.375,1360870.375,1354633.75,2358449.5,2370601.5,1602718.75,1769840.75,1944290.375,1885477.375,2251305.0,2076148.375,2401210.0,2404606.25,2422937.0,2626321.75,2654569.75,2421755.5,1909920.75,2423195.5
25,1887480.375,1900456.625,1828304.75,1884073.625,1922542.5,1822450.875,1905856.0,1761277.0,1869411.625,1822335.0,2117214.0,2136317.75,2041042.25,2021064.25,1877215.625,1901047.25,1922300.375,1816278.25,1867214.875,1803467.875,1680324.875,1662639.875,1883197.0,1608076.0,1980196.0,1883257.875,1351731.875,1348540.125,2013791.25,1906305.125,1702393.75,1578384.875,1571721.5,1508052.125,1603919.625,1405979.125,1606507.375,1560784.125,1853704.875,1800855.375,1674602.75,1745375.0,1392309.625,1363412.125,1179672.5,1172037.625,1320379.875,1277981.25,1390607.5,1283652.5,1485867.0,1490839.25,1635200.875,1590854.125,1974022.75,1845949.625,2068621.25,2071930.625,1647461.0,2087916.5,1526600.125,1444568.5,1883988.375,1733936.0,1706450.125,1981137.0,1837566.0,1694009.25,1377274.625,1504098.625,1732126.75,1745784.5,1724489.625,1685167.0,1405199.875,1296279.125,1764604.625,1579179.875,1705795.625,1697227.625,1125944.125,1247719.25,1413578.25,1370369.75,1377540.0,1489316.5,1661662.625,1470726.125,1383353.25,1330181.25,1550737.625,1385553.875,1335265.375,1235936.75,1426022.875,1332024.75,1515279.125,1575786.5,1421353.0,1299945.375,1044412.0,1095294.75,1392585.75,1255709.75,1580033.375,1628659.625,1454106.25,1473129.375,1511183.5,1516298.5,1481193.75,1389742.75,1610043.25,1561655.5,1422480.75,1435517.375,1485438.125,1399461.25,1755935.375,1818024.25,1746895.0,1697598.25,1743912.75,1792219.125,1823601.625,2155489.25,2056701.875,1970845.0,2141587.5,1994308.125,2100841.0,2040195.0,2175541.5,2079751.625,1709952.0,1641142.375,2057903.375,1869549.5,1934278.125,2014138.75,1552655.5,1631952.75,1732150.5,1780986.125,1653484.875,1650072.25,2013908.0,1936080.375,2036869.75,2081900.375,1813157.75,1933704.0,1967869.625,2039018.625,1809293.5,1792205.75,1468708.75,1497999.875,1894629.875,1843531.875,2070013.375,2034958.5,1575718.75,1580121.25,1617382.5,1554416.125,1530254.75,1440461.25,1864513.125,1804643.625,1556986.875,1550315.0,1508863.625,1451515.75,2003937.375,2040380.25,2107436.25,1963726.875,2115513.0,2207833.75,1616256.5,1696957.875,2200377.25,2286396.0,1909992.0,1911246.375,1965593.0,2168726.0,1705085.0,1706503.125,1849371.875,1879043.0,1738947.875,1834166.375,1749535.625,1704787.0,1837380.75,1886437.125,1719251.0,1524616.25,1675189.0,1587457.375,1386991.625,1400224.875,1532811.5,1503850.25,1821233.625,1868016.0,2025983.375,1971469.25,1246618.625,1200962.625,1292137.0,1243299.625,1396353.375,1307509.375,1669850.625,1629337.625,1862082.25,1640698.5,1449173.75,1415074.625,1523453.375,1591975.625,1360775.125,1353151.875,1759808.5,1699774.625,1362375.125,1353312.125,2358847.5,2371480.5,1603476.0,1769410.125,1944735.625,1886467.25,2249488.75,2074207.75,2401743.0,2407437.75,2425139.25,2626791.25,2652342.5,2420422.75,1910081.125,2424826.0
26,1888005.5,1901489.625,1822499.875,1878201.625,1913731.375,1814769.375,1905443.625,1761436.375,1876174.5,1825782.875,2115197.25,2131821.25,2037779.375,2016401.25,1874739.125,1895565.75,1925038.25,1820018.25,1861821.75,1801231.375,1683310.875,1663901.5,1877935.25,1602801.75,1980412.0,1885067.25,1348646.0,1347479.375,2014796.875,1908892.5,1701780.75,1580766.0,1570709.0,1509284.375,1604410.375,1406785.625,1603568.375,1562860.0,1854553.875,1802037.625,1668243.625,1738719.25,1392076.75,1363623.25,1178516.25,1171120.5,1316312.25,1273357.125,1393131.25,1284983.25,1486653.625,1490918.25,1639763.5,1593290.75,1975806.25,1847455.625,2069874.375,2069151.75,1644287.0,2080681.875,1528827.5,1446061.625,1887652.875,1737778.5,1706284.375,1979349.25,1836568.5,1693212.375,1383155.0,1508308.375,1729553.625,1748907.0,1727160.25,1688193.0,1402077.75,1293772.625,1766243.5,1580898.875,1707538.875,1692262.625,1124425.625,1243529.5,1413695.5,1370649.875,1374741.625,1486538.0,1659823.75,1467406.5,1383704.5,1332703.25,1553038.875,1384952.0,1339907.25,1237412.125,1424535.0,1331399.625,1516992.375,1573200.25,1419643.25,1297021.625,1043430.0625,1093418.25,1394544.0,1257028.375,1583592.25,1632963.875,1456398.125,1475962.875,1511135.5,1516372.25,1481384.5,1392105.5,1614076.625,1564266.5,1428389.375,1446360.125,1500616.875,1411595.125,1758848.375,1822362.875,1743024.625,1699187.0,1741886.75,1792468.375,1831412.0,2156730.75,2062056.5,1979707.75,2143359.5,1994871.5,2102167.25,2037405.0,2179735.5,2080726.25,1704209.0,1638509.5,2059219.0,1867726.25,1935189.0,2016810.375,1554984.875,1634057.875,1724917.875,1773773.25,1655324.625,1655696.375,2013284.25,1936973.5,2037812.375,2081831.625,1809607.25,1930844.25,1963137.0,2031748.875,1810652.375,1791596.75,1469863.125,1497443.5,1893551.875,1842792.5,2069769.0,2034048.75,1574615.625,1580323.375,1621776.25,1557424.75,1530234.375,1443047.25,1868276.125,1808290.375,1559517.125,1550832.25,1511456.875,1453087.125,1998875.625,2036769.25,2110326.0,1965319.625,2110838.75,2205854.25,1615175.625,1695077.875,2209273.5,2295705.25,1912841.875,1911829.25,1963018.25,2164863.5,1706879.375,1705911.25,1847671.0,1877201.375,1738796.75,1828747.25,1750221.125,1705554.0,1833491.125,1882699.625,1723823.75,1526903.125,1672083.875,1589063.125,1387102.375,1400079.125,1534904.5,1506656.375,1824484.125,1863568.25,2027129.5,1971410.25,1254860.875,1203521.125,1294470.25,1244516.125,1402468.125,1312247.875,1675405.5,1630654.75,1864389.25,1640232.0,1448316.0,1417533.25,1525023.0,1595849.5,1364013.375,1354711.0,1756589.375,1695383.25,1363520.625,1355327.375,2366705.0,2377795.0,1603581.625,1774797.75,1942741.25,1887825.0,2249294.75,2078840.125,2400252.0,2408357.5,2426554.25,2627641.5,2645674.25,2413774.25,1912747.625,2427230.5
27,1887098.0,1900946.5,1818168.875,1878004.0,1898945.5,1811454.625,1904380.0,1766887.25,1876816.875,1823953.75,2109283.5,2126427.25,2031038.875,2014274.375,1872906.875,1894216.625,1930316.625,1828493.5,1858304.0,1802788.375,1685995.125,1671912.625,1874069.375,1606817.75,1981783.625,1893358.25,1347921.125,1351559.125,2016032.0,1914580.875,1701556.125,1587232.625,1569446.125,1516990.75,1605406.375,1409427.125,1603279.875,1563880.625,1853768.875,1806010.5,1657369.0,1732965.125,1390921.25,1364862.125,1175692.25,1170691.75,1310741.875,1268281.0,1391379.75,1282315.75,1489161.875,1495156.25,1641127.5,1593608.75,1976930.0,1851472.0,2074581.375,2071426.0,1649646.375,2079447.5,1531039.0,1444866.375,1890802.625,1741153.75,1705189.875,1976909.625,1835974.5,1693329.5,1379697.625,1508279.5,1729779.125,1754773.5,1728029.5,1688179.0,1406652.875,1296171.875,1773942.125,1590996.5,1713105.25,1694585.5,1125825.125,1243056.0,1413356.0,1367938.625,1376724.875,1490186.75,1664366.5,1466626.375,1386841.25,1330647.375,1558983.875,1386335.375,1338741.0,1232272.25,1425468.0,1327937.0,1525126.0,1577877.125,1421879.0,1297907.625,1044465.1875,1091983.375,1394231.5,1255347.875,1584038.75,1635129.25,1457802.75,1478612.875,1511549.75,1509699.75,1477167.5,1389942.125,1607647.875,1562525.375,1419872.375,1441763.625,1495070.375,1409933.5,1752683.0,1819477.75,1743711.625,1701597.0,1741687.5,1793572.5,1838228.125,2167771.75,2062782.75,1996486.125,2146809.0,2000408.5,2102986.75,2044519.625,2187190.25,2094743.625,1697164.5,1633433.875,2062092.875,1868686.75,1939049.25,2027818.75,1559734.5,1642228.75,1718302.25,1764804.5,1656923.75,1663715.75,2011952.25,1940166.75,2036981.375,2083331.5,1802665.75,1925399.125,1954572.875,2021676.625,1809921.5,1791881.75,1470067.125,1498104.25,1893591.875,1845229.875,2069541.625,2038790.25,1571665.625,1577109.875,1621991.75,1561678.25,1530394.375,1444204.625,1872764.25,1806797.75,1563525.0,1550039.125,1516546.25,1451458.625,1988344.125,2028628.25,2110811.0,1963412.25,2105088.5,2205850.75,1607184.625,1679687.125,2210449.75,2296345.0,1910620.375,1908962.25,1959102.125,2160575.25,1708905.625,1707957.5,1849017.375,1876138.875,1742163.375,1836047.875,1746775.375,1703134.375,1827044.125,1875683.875,1732528.25,1531447.875,1673913.625,1593625.5,1391745.875,1405049.875,1538028.75,1506483.0,1829350.875,1862963.75,2025115.375,1971944.125,1251041.625,1201724.0,1291160.75,1246027.75,1399396.375,1310289.0,1672147.0,1630203.5,1865824.375,1638852.75,1445164.125,1416451.5,1524869.25,1594472.5,1363147.0,1353951.625,1756253.625,1694621.0,1362207.5,1355493.875,2363407.25,2375121.5,1602477.75,1772728.375,1940570.625,1883778.875,2249559.75,2080669.375,2397356.75,2404118.5,2421445.75,2627209.5,2648144.5,2414750.0,1909291.125,2421864.5
28,1885198.0,1896841.75,1818369.375,1880888.25,1896336.5,1812869.375,1901730.0,1766300.0,1871279.125,1819068.125,2108644.75,2128152.75,2029989.5,2016332.375,1872304.625,1896501.25,1931445.25,1829197.25,1860062.0,1804868.875,1687402.0,1675154.125,1872074.125,1610317.125,1979657.125,1894472.125,1350521.375,1353988.25,2017277.375,1916621.75,1704218.25,1589694.0,1572468.125,1521002.0,1604997.625,1411141.0,1605507.875,1564332.75,1856539.375,1806452.625,1660740.625,1738420.375,1392000.5,1367356.375,1175692.0,1172539.125,1313367.125,1271332.25,1389475.0,1281450.25,1489970.75,1498094.0,1637650.75,1589045.625,1974262.0,1850326.875,2071877.625,2071818.25,1647926.5,2079942.875,1532684.25,1443060.125,1892655.625,1737279.625,1703812.5,1975711.625,1832177.25,1690492.875,1376217.5,1505575.375,1733191.5,1758595.25,1729291.125,1686012.875,1412564.5,1298283.625,1778837.625,1596631.125,1714094.375,1700208.375,1128080.0,1245713.0,1413206.75,1369024.0,1378942.125,1495525.625,1666180.125,1469199.875,1387778.875,1323311.0,1560661.625,1385820.25,1334119.5,1230623.5,1425808.625,1324941.25,1524918.75,1580132.625,1424718.75,1301827.375,1046867.4375,1092234.25,1392764.25,1252965.0,1581328.375,1632949.375,1456717.125,1476866.5,1511830.125,1505610.125,1474580.125,1387324.75,1603497.5,1561200.5,1407875.5,1428344.875,1477243.75,1395069.625,1748009.25,1813376.875,1748602.25,1703698.625,1745649.0,1794291.0,1835500.0,2172256.0,2057918.5,1998131.625,2148133.75,2002177.25,2102527.0,2049465.25,2188320.25,2102290.75,1699584.875,1633244.0,2067609.625,1874097.5,1941984.25,2031129.0,1565687.75,1648070.5,1725464.375,1772080.5,1657078.625,1664702.5,2009527.375,1939206.5,2031900.0,2082242.0,1802389.75,1926029.75,1953676.375,2021687.25,1807728.75,1790049.375,1470250.25,1499290.875,1895513.75,1845592.5,2068480.75,2040200.875,1571743.625,1575371.25,1619939.875,1562313.0,1529084.0,1442773.125,1877394.125,1804275.375,1565572.75,1549302.625,1518860.25,1449698.75,1989347.125,2030704.375,2111260.0,1961743.75,2109992.25,2211053.25,1605315.625,1676760.75,2205664.5,2288403.25,1909682.5,1907966.75,1960942.25,2163711.0,1706342.375,1705354.75,1850403.625,1874278.125,1740708.125,1841200.375,1742563.25,1699757.25,1826898.25,1875244.125,1729898.75,1530135.5,1675192.25,1592827.5,1387772.0,1400903.375,1535378.0,1502673.875,1827051.5,1869596.5,2025137.125,1973758.25,1239051.375,1196721.375,1286823.125,1243047.0,1391125.125,1304585.75,1665973.125,1630447.625,1864435.375,1637671.625,1444156.375,1414363.125,1522041.875,1590316.625,1360855.25,1350931.875,1759076.5,1698294.75,1361325.625,1353953.125,2355364.25,2368645.0,1603142.125,1768436.875,1943173.375,1881950.875,2249387.5,2076619.125,2398341.75,2404077.0,2418552.75,2626932.0,2654643.5,2419507.25,1906738.5,2419242.0
29,1886985.125,1895114.625,1822335.625,1880751.25,1902583.0,1809445.0,1902358.625,1758126.5,1870573.5,1818857.125,2114758.25,2134596.75,2033324.875,2021018.125,1873779.125,1896490.125,1931058.625,1823371.625,1865253.75,1807509.625,1690361.75,1670825.75,1874060.125,1604927.375,1980372.5,1886606.875,1355214.25,1354247.125,2022965.375,1918762.5,1708070.75,1588550.25,1580177.125,1520214.75,1602108.875,1412248.125,1605512.0,1566390.25,1858548.875,1807321.5,1669315.0,1747022.0,1393858.625,1372227.625,1178903.875,1174428.75,1318529.625,1277669.375,1392078.625,1283814.75,1487300.125,1497109.375,1639276.5,1584111.25,1975489.75,1842888.125,2069241.25,2063413.375,1641183.5,2072247.125,1530477.375,1444425.125,1894249.5,1733116.75,1705093.625,1976447.25,1830988.75,1688142.125,1381524.875,1508197.875,1733943.125,1753946.875,1729927.0,1685741.25,1406634.375,1295980.75,1771327.875,1589649.375,1706229.5,1698269.125,1121996.5,1248221.0,1409216.0,1377298.875,1371874.625,1492439.375,1658088.25,1470043.0,1380357.75,1327634.25,1555673.625,1386042.625,1333518.375,1236594.125,1416797.875,1329608.125,1512157.0,1579571.0,1422083.625,1307321.25,1044825.8125,1097695.75,1391686.375,1256140.125,1579979.0,1630800.0,1454250.25,1474296.375,1510690.625,1510351.125,1476724.625,1390889.375,1608785.375,1566043.375,1412656.25,1433953.375,1482037.5,1400783.25,1752501.0,1813350.25,1747390.0,1701850.375,1746755.25,1793130.25,1845696.75,2170501.75,2060195.0,1991788.0,2149330.0,1997984.625,2107812.25,2042080.25,2190929.25,2097238.0,1703990.75,1636126.0,2076078.5,1881488.0,1944194.625,2026978.75,1568292.875,1646662.25,1732947.625,1782028.0,1655187.5,1659790.625,2011329.0,1941597.0,2031696.625,2083640.0,1808905.375,1930486.375,1959924.0,2029556.375,1809189.5,1785435.0,1467114.125,1499510.875,1900222.625,1841189.25,2072033.375,2033908.25,1576263.125,1575803.875,1619989.125,1557724.375,1527286.125,1440646.875,1875949.5,1805371.125,1564558.375,1547461.125,1513706.625,1450978.0,1996918.125,2038423.75,2111851.0,1962606.5,2116531.5,2216859.75,1612167.625,1689341.5,2206210.5,2288324.25,1913304.625,1910363.875,1962753.125,2169315.25,1705810.875,1700919.75,1848837.25,1872606.25,1734737.625,1830392.5,1743548.875,1700388.75,1830979.875,1879669.5,1716388.625,1523304.25,1668981.375,1588379.75,1374309.75,1388844.375,1526385.25,1500549.5,1818540.0,1867653.5,2028868.0,1976361.875,1241699.125,1196806.875,1289067.0,1239624.875,1391629.25,1304880.25,1669482.5,1632539.5,1861409.875,1638510.5,1445309.125,1414504.75,1520656.75,1592967.375,1360521.75,1351324.0,1756669.5,1696740.125,1361852.125,1354281.5,2359374.25,2372385.5,1602081.125,1773011.75,1945486.625,1888444.625,2248075.0,2073697.125,2400220.75,2409929.5,2424314.75,2625634.75,2648920.75,2411852.0,1909918.875,2427483.0
30,1891761.125,1900061.5,1828449.625,1882536.5,1910690.25,1810396.25,1905274.625,1756335.25,1873660.875,1821434.625,2120839.0,2139005.0,2037223.625,2026177.625,1877808.0,1898123.875,1932203.125,1821753.125,1869429.75,1810412.0,1691200.625,1667926.625,1882125.875,1602839.5,1984813.625,1883260.625,1358307.125,1355124.0,2028200.5,1921387.625,1707129.125,1587299.75,1582590.125,1519813.5,1600891.5,1413005.625,1604738.125,1567216.25,1855232.375,1809256.875,1669236.0,1745940.375,1392796.0,1374110.0,1179590.375,1173389.125,1318177.875,1277785.125,1393413.625,1282845.125,1485413.25,1495611.625,1641838.5,1584602.625,1978744.875,1838716.25,2072190.125,2059051.75,1643439.5,2069897.5,1524613.875,1446095.5,1891919.5,1735602.625,1707192.75,1977618.125,1835477.375,1691695.625,1383977.125,1511609.375,1730269.125,1747160.5,1725769.875,1685952.75,1397696.375,1296779.75,1760346.75,1583105.125,1699198.75,1694003.5,1116191.375,1250099.5,1405528.375,1381035.875,1366067.75,1486042.0,1652116.0,1469310.875,1374341.75,1337725.375,1551054.75,1388804.875,1335727.375,1240384.0,1410538.375,1336159.0,1506307.25,1580862.75,1418569.875,1309975.375,1040301.0625,1103185.75,1390101.625,1260192.25,1580680.875,1629957.0,1452945.5,1475900.25,1507527.375,1515061.5,1478610.875,1395147.0,1611506.25,1567650.25,1422477.25,1446798.5,1498281.375,1416440.75,1754481.0,1817079.25,1742094.375,1699130.25,1743890.875,1791434.5,1858493.625,2169894.25,2065703.0,1990273.375,2147833.0,1995663.625,2111448.5,2033945.25,2193290.5,2092134.5,1704071.875,1637435.875,2076506.875,1882265.25,1942982.875,2026368.25,1564525.875,1642442.0,1729869.625,1778510.875,1653237.875,1656937.375,2015844.5,1947144.25,2035702.375,2087281.375,1812364.625,1931893.125,1963149.125,2034295.75,1810741.875,1784049.375,1461421.375,1499898.5,1901226.125,1839182.25,2076050.0,2031380.625,1577962.5,1576016.5,1619554.625,1553940.75,1527759.25,1439357.25,1867690.125,1805786.5,1559797.0,1546879.75,1507128.875,1452775.875,1997719.25,2038756.625,2107920.75,1961436.25,2115352.25,2215737.0,1616293.375,1695672.375,2206008.75,2290263.0,1912461.875,1909816.0,1960501.125,2169317.5,1708394.0,1704001.625,1847941.375,1874424.25,1735573.25,1825120.375,1746846.0,1703165.125,1832368.0,1881623.875,1713274.125,1522039.25,1665254.25,1587396.25,1375625.125,1392648.25,1524976.375,1503284.875,1816113.625,1858379.875,2029779.375,1976843.125,1252812.0,1199477.0,1293532.5,1240521.125,1397035.0,1307768.875,1673939.25,1632085.0,1860411.5,1640731.625,1446315.375,1414547.25,1521326.875,1596992.875,1361174.5,1354389.875,1752736.875,1692908.875,1361093.625,1355502.125,2365879.25,2377331.75,1598792.625,1775941.625,1942829.875,1893231.25,2245881.5,2072778.25,2398658.0,2411082.5,2427544.75,2623475.5,2640291.75,2402527.75,1910478.75,2432581.25
31,1894612.375,1906468.25,1832027.5,1888847.5,1921974.125,1821337.0,1909165.375,1767940.75,1873124.5,1820403.25,2122465.5,2137593.75,2041738.25,2025730.5,1880587.375,1901149.125,1932936.875,1822758.625,1871503.375,1808545.5,1689168.625,1667753.125,1887576.625,1606992.0,1983912.125,1890182.0,1358422.25,1353398.75,2026239.625,1917921.125,1703190.25,1585796.875,1578739.375,1520498.25,1606444.375,1409660.625,1604695.875,1566389.5,1853830.75,1809240.875,1669028.0,1741920.25,1393373.0,1371538.0,1178485.0,1172193.875,1317748.25,1274871.875,1390460.0,1279502.0,1489965.75,1496541.125,1637290.625,1585598.25,1976706.0,1843875.0,2071661.625,2066778.875,1649564.625,2082546.5,1522168.25,1444390.5,1886756.25,1737655.0,1705198.875,1977131.625,1838401.125,1695017.625,1379088.125,1506820.5,1727158.0,1745609.25,1721135.375,1681002.75,1400261.875,1299727.625,1759819.75,1582612.5,1700055.125,1691888.625,1121527.875,1252395.5,1408821.0,1375124.5,1374201.25,1486897.75,1656616.25,1469161.75,1377889.875,1334003.25,1551514.5,1388303.0,1335412.125,1236626.125,1417977.25,1333886.0,1514462.625,1578672.0,1421895.875,1307359.75,1041406.8125,1100550.75,1388524.75,1257242.375,1579425.875,1627979.5,1452185.125,1477145.0,1505114.5,1512741.375,1477358.75,1390708.375,1606923.0,1560954.75,1417709.5,1438788.125,1492213.5,1409980.875,1747795.625,1814615.5,1743472.625,1699481.75,1745180.625,1791984.5,1844429.0,2166146.75,2061486.0,1987375.125,2142518.25,1994264.375,2105508.0,2035411.25,2186474.5,2089437.875,1704496.0,1636544.75,2066196.625,1876968.875,1935713.375,2025831.25,1559207.125,1639781.0,1729208.25,1773059.875,1652193.0,1655590.5,2015894.875,1946317.25,2034993.125,2084818.625,1810842.0,1930167.625,1962574.375,2033121.5,1806160.875,1786695.625,1459093.75,1498735.125,1895097.25,1842576.5,2073393.625,2038311.875,1574287.875,1576582.75,1618239.875,1555408.75,1528539.25,1440490.25,1861711.875,1802241.375,1555163.75,1548388.875,1506231.625,1452834.375,1995114.75,2033744.0,2104582.5,1958487.625,2114557.5,2211961.0,1613615.0,1690303.625,2201848.75,2284296.5,1906678.875,1906050.375,1961151.125,2167095.25,1707783.625,1709044.25,1850209.75,1878501.875,1742310.125,1836443.25,1745886.0,1702114.0,1832857.375,1881877.5,1721900.75,1526991.0,1671041.5,1587833.125,1391683.5,1409408.25,1532726.125,1507812.75,1820032.0,1858873.125,2026290.5,1974341.375,1251293.75,1198433.75,1293165.25,1244011.0,1395622.75,1304711.25,1670103.875,1628660.75,1863999.75,1642880.0,1449386.625,1415037.5,1522658.25,1594686.5,1361712.75,1356170.125,1757247.625,1696578.375,1360504.0,1356156.375,2363639.25,2373250.0,1601101.125,1771524.375,1941296.75,1891283.625,2249281.5,2074214.625,2397968.5,2407296.75,2422776.5,2625046.75,2648611.25,2411715.75,1908867.5,2428343.25
32,1894133.5,1904634.875,1830188.375,1888815.5,1925628.25,1820706.5,1914178.0,1773229.0,1873232.875,1820832.0,2118612.75,2132084.0,2041261.5,2018517.375,1878392.25,1897139.125,1930055.625,1819598.375,1870934.125,1800377.625,1688600.875,1665589.0,1883888.0,1604762.875,1977954.5,1892572.0,1356557.25,1349355.625,2021483.0,1912270.125,1705236.625,1584847.0,1578561.25,1517271.5,1610758.125,1405360.875,1605358.5,1565941.125,1858114.125,1810369.25,1671256.125,1743249.875,1395326.25,1370304.625,1180044.0,1173162.0,1319239.25,1274265.125,1389891.5,1281564.25,1493909.375,1497076.875,1636325.5,1584308.875,1975752.0,1851287.875,2069318.875,2073676.875,1652096.25,2090484.5,1525610.0,1444405.625,1886913.25,1735171.75,1702255.125,1976898.25,1837826.625,1693941.0,1375975.125,1499205.625,1729923.5,1745473.25,1724092.625,1680619.625,1405338.375,1297188.375,1768682.5,1584193.125,1704604.5,1692930.5,1123076.25,1251700.375,1408376.5,1371687.25,1378616.25,1490191.5,1657911.25,1470052.625,1378463.125,1329610.75,1553007.5,1386306.125,1330881.125,1232590.5,1420494.875,1330856.625,1516607.5,1575258.375,1423225.875,1304464.75,1043389.375,1097523.5,1388499.625,1254777.125,1577634.0,1627288.75,1451253.375,1474718.5,1506762.0,1509970.625,1476356.25,1383961.25,1606131.25,1559190.5,1412881.875,1423913.625,1474322.75,1393825.5,1746815.25,1810053.5,1746595.75,1698633.75,1746287.5,1791521.625,1830117.25,2160553.5,2058005.125,1981268.25,2142305.75,1991601.875,2102160.5,2039705.0,2182708.5,2084444.25,1705636.625,1634402.125,2062917.875,1872505.375,1933333.25,2019415.0,1558690.5,1636061.375,1733834.625,1775415.25,1653288.75,1651907.75,2013912.625,1941764.125,2033156.0,2080632.625,1810815.75,1928528.125,1963225.5,2031169.75,1805425.875,1789993.25,1463793.625,1498468.125,1892925.625,1844069.25,2070165.25,2041096.375,1573385.125,1578576.875,1618196.875,1556475.5,1528870.625,1442253.5,1862189.75,1803278.5,1556373.375,1548983.5,1508747.25,1452927.875,1995745.0,2031519.5,2106983.25,1960966.875,2116231.5,2212122.25,1612075.5,1687053.125,2202789.5,2283153.25,1905533.5,1907230.875,1965356.375,2166929.25,1705077.0,1705577.125,1851130.125,1879365.875,1742545.0,1839250.375,1742812.625,1699320.5,1834191.625,1881649.5,1721171.125,1526888.75,1672722.0,1587618.75,1391598.25,1407833.25,1532032.875,1507395.5,1820249.5,1867905.5,2025700.5,1972060.5,1242763.875,1198284.875,1288921.5,1245500.25,1392327.5,1301428.25,1668036.5,1629178.125,1866262.875,1643357.0,1452376.5,1416812.875,1524019.625,1593525.125,1362244.5,1356594.5,1762283.25,1700369.625,1362464.125,1357010.625,2360494.75,2369251.25,1606317.875,1770642.75,1941761.625,1889587.75,2254587.75,2078617.125,2397603.25,2407314.25,2419602.5,2628083.75,2657902.75,2422374.0,1910976.0,2426236.5
33,1889277.625,1896878.0,1825460.25,1880432.375,1912518.75,1805558.625,1913168.75,1761824.625,1876560.125,1826616.5,2111945.0,2128991.0,2033800.25,2013531.75,1872472.5,1890020.125,1923166.0,1818445.125,1865557.125,1794503.25,1686560.875,1663284.0,1876372.375,1598706.375,1975243.125,1885486.125,1352473.875,1347323.625,2019681.25,1914236.75,1708735.625,1585388.625,1580774.5,1512749.125,1606971.625,1407216.125,1605857.375,1565007.375,1860007.625,1811476.875,1666776.25,1743054.375,1393683.125,1370171.25,1180772.375,1172973.75,1316848.25,1272604.0,1393388.0,1286217.0,1489847.375,1493687.875,1642888.75,1588688.5,1978471.625,1853203.25,2074339.5,2073946.25,1657605.75,2084907.125,1528719.375,1449493.25,1890237.125,1735431.25,1703965.25,1978684.125,1839078.0,1694348.75,1379744.625,1501282.375,1735653.0,1746344.5,1730525.75,1692200.375,1404123.5,1294366.375,1773982.625,1588383.75,1709208.75,1699627.625,1116293.875,1246600.125,1402682.125,1374797.25,1369510.5,1487909.25,1655014.625,1471704.5,1374525.25,1337149.75,1555274.875,1387671.875,1330690.375,1235077.5,1413483.875,1333903.25,1510833.625,1578343.25,1417981.0,1302596.375,1041419.6875,1100283.25,1391011.5,1258641.0,1580281.125,1629443.875,1453887.75,1473971.25,1511683.375,1511911.125,1479079.75,1385689.0,1612601.0,1566902.0,1424910.75,1431063.5,1483797.75,1397515.5,1755485.75,1814018.625,1744460.875,1694761.75,1741527.625,1787692.125,1848896.75,2164271.5,2064078.125,1978740.25,2148663.5,1996462.875,2107034.75,2042447.125,2191888.0,2083315.125,1702072.0,1629949.5,2071002.75,1869378.375,1942537.0,2019208.0,1561708.5,1633873.0,1729539.25,1774370.5,1657537.0,1651937.125,2014951.875,1935778.125,2036339.5,2083107.5,1811148.0,1926316.125,1962097.125,2028873.0,1814541.5,1794604.5,1470953.875,1503292.75,1898855.25,1843391.375,2071644.0,2035533.625,1577383.0,1580240.5,1619352.75,1554696.375,1529509.0,1441681.625,1864924.5,1810881.5,1560868.625,1549728.75,1509693.625,1454126.125,1994629.625,2030868.5,2108648.75,1965043.375,2112806.25,2211096.75,1613577.0,1687969.75,2205297.5,2290969.75,1909142.25,1912351.625,1965204.75,2166075.25,1706586.625,1701518.375,1849121.5,1876195.0,1736111.75,1827685.875,1744027.75,1700794.625,1832127.5,1878473.125,1711744.0,1521118.875,1666320.0,1587015.25,1376160.0,1391579.75,1524186.0,1502303.0,1815229.375,1865950.5,2026712.5,1969713.75,1247494.125,1202055.25,1288524.125,1244209.5,1397133.625,1306598.75,1673034.375,1633663.75,1862935.75,1641323.625,1451210.875,1418061.75,1524086.0,1596691.375,1362550.25,1356842.125,1758640.125,1696294.625,1363772.625,1357604.25,2362977.25,2373333.5,1606199.0,1774854.875,1942222.125,1889569.125,2252631.0,2081657.125,2396104.0,2409601.5,2422253.75,2626531.75,2648700.25,2415327.75,1914252.75,2428920.25
34,1882381.375,1894348.375,1821636.75,1877813.0,1897223.375,1801005.125,1907107.0,1754604.75,1875151.375,1827723.0,2107551.75,2129831.0,2028105.75,2015551.0,1869778.875,1891584.125,1920854.375,1823702.625,1859850.125,1796424.625,1681989.625,1664174.875,1873631.75,1599994.875,1980098.125,1884572.0,1348823.375,1347834.5,2016423.625,1920211.625,1702661.125,1586084.75,1576497.25,1514873.125,1602121.375,1411079.375,1602328.875,1564373.5,1854716.375,1809991.125,1660295.5,1739578.375,1391365.5,1369650.875,1178170.0,1171619.25,1312778.625,1270526.75,1393977.875,1285275.375,1484868.0,1491670.25,1642667.5,1593019.0,1978578.5,1850906.125,2080377.875,2073960.25,1663241.625,2082714.625,1527787.5,1451252.75,1888255.875,1738434.5,1706702.875,1979800.125,1841153.25,1696372.625,1381945.625,1508976.25,1735395.25,1750471.25,1731013.25,1696727.5,1403582.25,1296952.75,1769053.5,1593408.375,1711613.75,1704856.5,1116934.125,1246306.375,1402270.5,1377242.75,1365441.125,1488079.5,1659674.125,1473320.375,1376244.875,1339089.0,1557272.25,1390381.75,1334534.25,1237830.875,1412940.0,1335639.75,1511692.125,1584139.125,1416254.625,1302227.75,1040327.6875,1102388.75,1392913.625,1260512.125,1583389.125,1631708.625,1456584.5,1477129.0,1513396.25,1512780.25,1480310.125,1390956.875,1614375.75,1570183.375,1431064.5,1444628.5,1504233.0,1412770.5,1757832.75,1820753.625,1743388.75,1695959.75,1738808.0,1787608.875,1864953.625,2172385.5,2066262.5,1982339.875,2151517.75,2004018.0,2110203.5,2045377.125,2196775.75,2090360.125,1696503.75,1628691.625,2072147.875,1868392.625,1947828.875,2027717.75,1561390.875,1638359.25,1718602.875,1769333.75,1658844.875,1658164.0,2016473.125,1933806.875,2038899.25,2086896.875,1808420.625,1925719.875,1957470.875,2026655.75,1818123.25,1795913.0,1472161.25,1505736.0,1901682.25,1844175.375,2074963.0,2034934.375,1577250.5,1578168.25,1620090.125,1556125.0,1527587.5,1442151.375,1868658.125,1811154.5,1563614.0,1550521.0,1510328.0,1453631.5,1990942.875,2030935.625,2107093.25,1963186.75,2106860.75,2207617.0,1611604.375,1684758.875,2201567.25,2292407.25,1910729.5,1912166.875,1960513.875,2165174.25,1711954.625,1705148.375,1849073.125,1875009.875,1735358.625,1826659.125,1747686.625,1705053.625,1829062.375,1876862.5,1712949.0,1521693.125,1664501.875,1588108.0,1374208.75,1391608.625,1525583.875,1501494.375,1814360.875,1856544.0,2024372.625,1968261.125,1256566.625,1202093.625,1292302.125,1242984.375,1401337.75,1310245.375,1674576.75,1634415.25,1860365.25,1639563.375,1447651.25,1418230.125,1523072.75,1596028.375,1361214.125,1355952.625,1756264.0,1693824.375,1362134.375,1357098.375,2364947.25,2377350.0,1602925.625,1775152.875,1942981.75,1889069.125,2251302.5,2082208.25,2397500.75,2408524.5,2423635.25,2624121.5,2643047.0,2409460.25,1912914.875,2429397.0
35,1884485.125,1899389.25,1821622.5,1882972.375,1896516.5,1809114.125,1906907.375,1758905.75,1872071.75,1823241.875,2109333.0,2132319.25,2029668.625,2020443.75,1872924.25,1898436.125,1927782.0,1826445.5,1860858.375,1799704.0,1682185.5,1667848.0,1876707.625,1603668.375,1987412.0,1890078.5,1349372.125,1350340.25,2011288.375,1922093.0,1695569.0,1587744.125,1570787.5,1519702.625,1599834.125,1410536.375,1598603.125,1565450.625,1850332.0,1812521.0,1662191.75,1740541.0,1390547.125,1371719.375,1176375.375,1172468.875,1313733.125,1273288.625,1390546.75,1281984.125,1484195.875,1495312.75,1636881.5,1587894.5,1978693.5,1848101.625,2078584.125,2071626.0,1657680.25,2085800.875,1527408.0,1447401.0,1885608.25,1738889.125,1706230.125,1979299.75,1839712.5,1695273.5,1376001.0,1508500.375,1729913.25,1753876.75,1729334.0,1688996.75,1404165.75,1299116.0,1764273.25,1595972.5,1710894.625,1704326.875,1121823.125,1252366.0,1403260.75,1378503.125,1369960.375,1495345.0,1663026.5,1475362.625,1377192.375,1333099.0,1552389.375,1391556.25,1330778.25,1235175.875,1416811.0,1337314.25,1512080.125,1585130.875,1417879.25,1305490.125,1039493.1875,1101964.875,1390253.25,1257951.25,1581874.5,1632790.5,1453826.625,1479113.875,1509551.375,1510501.75,1475723.75,1391239.125,1607065.75,1564004.625,1417694.125,1440026.0,1494147.75,1411321.375,1751267.375,1819373.375,1745148.125,1702745.75,1741713.125,1793366.5,1845332.375,2170188.0,2060588.75,1984504.625,2148956.5,2000209.125,2109366.75,2043403.875,2188085.25,2095903.125,1696417.875,1634434.125,2064291.375,1871362.5,1941628.0,2027876.625,1558229.125,1643453.0,1718189.25,1772881.5,1654344.75,1661785.375,2011629.625,1937479.5,2034554.0,2084595.0,1805551.125,1928561.625,1955051.125,2026804.25,1812137.75,1789976.625,1469230.0,1502255.75,1899536.75,1842472.625,2077764.625,2038667.75,1572609.0,1575054.25,1619075.0,1560128.625,1524779.5,1444944.75,1874387.375,1805585.75,1565002.25,1548941.0,1514227.375,1451035.0,1991873.125,2034983.0,2110512.5,1962202.875,2108174.75,2210707.75,1607328.375,1681010.25,2202386.25,2289674.25,1911824.75,1909833.25,1959477.375,2167264.0,1714000.25,1707572.875,1850469.25,1875194.625,1740075.5,1835037.375,1746622.75,1704761.875,1829291.75,1878664.875,1721759.75,1528704.875,1666335.0,1592548.5,1383362.0,1402031.625,1531719.5,1505639.25,1820090.25,1859851.75,2023554.25,1970613.25,1250209.375,1198354.25,1291737.25,1242770.0,1396823.625,1305931.5,1668950.625,1630633.25,1861593.125,1640086.875,1443956.75,1416991.875,1521404.125,1592098.375,1359133.125,1352898.125,1760056.125,1696901.625,1361141.125,1356313.125,2360106.5,2373202.25,1599906.125,1770198.125,1940285.25,1889480.0,2253566.5,2078619.0,2398797.5,2406013.0,2420167.75,2625082.0,2653273.25,2415336.5,1906576.0,2427231.75
36,1895551.5,1905934.375,1825202.125,1885493.375,1908257.125,1815191.875,1909584.0,1760506.25,1875554.75,1823905.0,2116421.5,2136209.75,2036796.25,2025599.0,1876543.125,1901725.25,1933316.75,1823435.875,1866395.0,1801721.5,1687054.5,1671000.5,1879984.75,1604287.0,1987929.625,1889573.5,1352947.25,1353144.25,2012818.625,1919079.25,1698686.375,1589191.625,1571150.0,1518637.0,1598994.375,1407740.0,1600091.875,1565062.125,1850920.875,1815851.375,1668366.125,1743257.5,1390280.375,1372219.75,1176808.5,1173594.375,1317886.125,1277080.125,1389167.125,1281847.875,1485360.5,1496467.25,1636889.875,1585743.0,1980035.875,1846217.5,2072566.5,2065891.75,1645590.5,2083863.5,1529186.375,1446110.5,1887674.875,1738810.875,1705014.375,1978315.625,1836889.875,1693403.0,1373358.25,1505092.75,1727491.5,1754047.25,1730011.375,1687787.875,1403074.75,1297739.625,1766436.625,1594367.25,1709327.375,1700696.5,1122363.75,1252154.875,1405616.0,1377960.125,1372372.75,1496246.75,1659068.125,1474657.5,1378400.625,1334541.75,1546484.0,1389732.625,1328826.125,1235003.875,1421021.875,1340204.625,1507271.875,1580023.625,1418511.25,1305646.25,1039616.875,1099938.75,1388559.5,1257056.25,1580594.625,1632496.25,1452569.5,1478240.5,1507697.875,1510786.5,1474202.625,1389465.125,1602440.125,1558425.875,1413804.5,1436169.0,1480230.75,1399622.375,1749545.625,1814939.25,1744710.125,1703422.25,1745207.0,1795187.375,1824667.25,2162219.75,2056227.625,1976962.25,2145811.0,1992283.625,2106715.5,2036017.125,2181328.5,2092904.0,1699326.375,1635356.75,2061695.875,1874671.375,1936038.625,2020183.375,1558922.375,1643621.375,1727972.125,1779159.5,1650928.375,1659592.25,2002197.375,1930877.875,2028178.375,2078801.375,1804247.25,1929070.875,1956704.875,2026716.625,1809064.375,1785714.75,1468141.25,1500738.75,1898729.625,1839700.75,2076511.625,2036088.0,1572013.375,1577013.625,1616665.25,1560366.0,1524931.0,1444524.75,1876707.125,1807583.75,1563597.5,1548438.5,1516153.125,1450636.375,1997162.625,2039904.625,2116610.0,1965122.875,2116282.75,2216892.0,1608298.5,1684028.5,2210673.5,2292844.75,1915008.5,1912011.25,1963261.625,2168725.25,1711127.0,1706518.25,1849966.75,1872653.75,1740395.0,1831728.125,1743699.875,1700685.125,1829411.125,1877917.375,1722868.75,1530351.875,1665452.625,1592424.875,1386099.625,1400487.875,1533067.125,1507083.75,1821593.125,1866400.75,2023687.375,1970934.75,1243177.0,1199954.375,1288662.0,1243488.125,1395439.375,1306780.25,1666176.875,1627886.75,1862712.875,1640137.5,1443599.125,1414663.5,1520237.125,1591832.0,1360634.875,1351327.375,1758565.875,1696285.375,1362861.875,1355963.375,2356862.25,2369877.0,1599305.25,1767404.875,1938000.625,1889865.875,2248863.75,2071289.875,2397162.5,2405128.25,2418831.5,2625053.5,2653125.5,2414567.75,1904075.125,2426418.75
37,1898077.375,1906185.75,1828227.75,1885684.625,1920172.875,1817754.375,1907198.75,1758854.125,1875323.25,1824284.5,2120318.75,2137597.5,2044339.625,2029238.375,1878154.875,1903180.875,1930755.375,1820048.625,1870357.75,1804676.5,1687913.375,1669227.75,1882721.75,1607838.375,1983527.0,1886739.375,1356208.375,1354580.875,2017251.25,1913280.0,1703702.25,1586247.25,1572345.875,1514484.5,1600912.0,1406460.375,1602004.375,1562709.375,1849950.125,1810905.5,1671990.625,1743116.375,1392533.0,1367756.5,1177964.25,1172945.0,1320485.75,1278076.125,1390422.625,1281765.25,1486970.625,1492272.125,1637419.25,1589606.375,1977008.75,1844643.375,2068761.625,2063750.125,1640832.625,2079744.125,1527646.0,1446819.5,1888867.375,1737351.625,1704019.875,1976311.25,1835173.375,1693663.625,1379353.75,1507886.5,1728703.375,1751255.625,1726240.375,1689202.75,1403464.125,1296234.125,1767854.625,1586978.625,1705991.125,1692752.5,1123231.625,1247778.75,1412828.625,1374788.25,1375325.625,1489171.875,1657820.125,1468169.875,1386487.75,1338607.375,1549338.375,1387222.25,1337143.5,1238672.125,1427037.75,1338124.75,1510556.25,1575900.75,1421256.0,1302076.375,1044066.0625,1096430.25,1392025.875,1258256.625,1582322.25,1631150.75,1455627.125,1477890.125,1510620.25,1513661.0,1479148.0,1391581.125,1606357.875,1560929.0,1425966.125,1445908.0,1491225.75,1403807.25,1753976.25,1817314.0,1744154.0,1697830.75,1746531.625,1791516.625,1830267.125,2160047.25,2055180.75,1970586.25,2141980.25,1990309.625,2101790.75,2032498.375,2181991.75,2086232.5,1700922.125,1631746.25,2062308.5,1875216.125,1935006.375,2017680.375,1560665.25,1640896.625,1733806.5,1778078.0,1651534.375,1656334.75,2003858.875,1924104.75,2028078.625,2076511.125,1805661.875,1927798.875,1960767.375,2028653.375,1808455.5,1786976.75,1466738.625,1501059.25,1897252.5,1840350.75,2070383.25,2030939.375,1573566.375,1579815.25,1614680.875,1557077.25,1525917.5,1441311.625,1870655.25,1807744.25,1559394.125,1550314.25,1512286.0,1452759.375,2000967.25,2040792.25,2112841.0,1963082.5,2120190.25,2215362.25,1613144.375,1689781.125,2208861.0,2291074.5,1913922.0,1911823.75,1965549.25,2167024.75,1709189.25,1707674.125,1849657.125,1873242.5,1738810.625,1825403.0,1747152.375,1701862.625,1829956.125,1878519.375,1718690.375,1526168.75,1668159.375,1586873.125,1386926.75,1397217.625,1534176.0,1506353.25,1817200.625,1860376.0,2020455.125,1967950.875,1250229.25,1204142.0,1290252.5,1245102.375,1400384.625,1312859.75,1669542.0,1629449.875,1863333.0,1639696.0,1447975.5,1414107.125,1521365.5,1593391.0,1363817.875,1353645.125,1753453.625,1693670.125,1363626.375,1355667.25,2361985.75,2374135.75,1602686.875,1770704.875,1941000.875,1888450.5,2244930.5,2071818.375,2397407.75,2406140.25,2422256.25,2624594.25,2643248.25,2409405.25,1908870.0,2427054.25
38,1889251.125,1898619.875,1829132.625,1886331.25,1922655.0,1816539.25,1904506.625,1759229.75,1867105.0,1817708.5,2116316.5,2134115.0,2045237.75,2027912.625,1877653.625,1902170.375,1926980.75,1818428.25,1869947.0,1804096.0,1685175.625,1664964.75,1886002.0,1611859.375,1982735.125,1887660.625,1357363.375,1356057.125,2018121.75,1910341.5,1706003.25,1583947.875,1573371.125,1515185.75,1604318.625,1408430.375,1603008.125,1563706.875,1849419.375,1807067.625,1673668.125,1743902.75,1395044.875,1366316.375,1179359.125,1172747.375,1320659.5,1278503.5,1391270.125,1281738.625,1487659.0,1491617.625,1635468.5,1586881.5,1973078.875,1843380.625,2068646.0,2065070.0,1645267.5,2077624.875,1524270.5,1445065.125,1889385.375,1733314.625,1702850.5,1975191.0,1833547.75,1694225.0,1380754.625,1507748.125,1729945.875,1747710.125,1720826.75,1682926.75,1403683.875,1297418.0,1764989.25,1580933.625,1701159.75,1688677.375,1123309.5,1249467.625,1413783.25,1374207.25,1377405.0,1489408.25,1658477.75,1464984.125,1387609.625,1334640.75,1554691.875,1387192.125,1338371.125,1237297.875,1426203.75,1334013.625,1518048.375,1578595.125,1422410.125,1303668.875,1045672.0,1095801.125,1393396.5,1258055.375,1581891.0,1629536.75,1455543.125,1477634.625,1511980.125,1514333.5,1480300.0,1394212.25,1609638.5,1565382.75,1426643.5,1446822.125,1495151.375,1410349.375,1753869.375,1820009.125,1745121.25,1697475.375,1744489.75,1790865.5,1840208.875,2161292.75,2058117.75,1978218.375,2140308.5,1990650.375,2100126.5,2034319.25,2182152.5,2083937.25,1704747.375,1637061.75,2060171.375,1874395.75,1936050.875,2019728.625,1560135.375,1637660.0,1732967.875,1775886.75,1653925.25,1654892.125,2017216.25,1938633.875,2032909.125,2080488.875,1809061.625,1929721.625,1964491.5,2034374.125,1805624.875,1787157.375,1464336.25,1499184.0,1894191.875,1841014.875,2067569.625,2031274.625,1573000.125,1577325.375,1615336.875,1554683.125,1525820.0,1440316.625,1864951.125,1800190.5,1558059.375,1549732.5,1510012.625,1453425.75,2000683.75,2038019.375,2104685.5,1959281.375,2117133.75,2211012.25,1613801.5,1691589.875,2199213.5,2283303.5,1907934.25,1906921.75,1965566.875,2166148.75,1708732.625,1707726.625,1850232.125,1878178.5,1739921.25,1833941.875,1750369.625,1705250.75,1833089.625,1883548.25,1718057.625,1523873.25,1673994.625,1586456.75,1387948.75,1402571.25,1533993.125,1506050.75,1817825.625,1859153.5,2022233.75,1970715.5,1252410.125,1202877.75,1291602.0,1244257.0,1399399.0,1311313.25,1670723.875,1632323.5,1864076.625,1641785.375,1450076.125,1416086.0,1522937.75,1593596.25,1363114.375,1355389.875,1757382.0,1697337.0,1361425.625,1354955.5,2363307.75,2374760.5,1603608.75,1773737.0,1942351.125,1887849.0,2251267.5,2078703.5,2399293.5,2407465.75,2422681.75,2626723.5,2648852.25,2415292.25,1910318.125,2426526.75
39,1884923.5,1893895.25,1827534.625,1883036.875,1915564.125,1811395.5,1903752.25,1758069.5,1866756.75,1815795.125,2111757.5,2131004.75,2040219.375,2024047.75,1875189.875,1896912.125,1926871.375,1819868.875,1866353.5,1801155.875,1685993.5,1665607.125,1884252.125,1608335.5,1983234.5,1887017.375,1356607.75,1356803.625,2020676.375,1912249.875,1709128.625,1587427.75,1575088.75,1518886.0,1606596.875,1410653.625,1604495.625,1566691.875,1852233.25,1808437.625,1671471.375,1742907.375,1394001.5,1369108.625,1179000.875,1172287.0,1317389.25,1275362.25,1391490.25,1283549.0,1487399.125,1494334.25,1636735.25,1584495.125,1972677.0,1843532.25,2069302.875,2065295.125,1648236.75,2075896.75,1525583.75,1443810.375,1892324.625,1733289.125,1703691.125,1976952.75,1832819.875,1694075.875,1374872.875,1502985.0,1730552.75,1749206.75,1723668.75,1681808.0,1402969.375,1300198.75,1762266.0,1584650.75,1700819.625,1695578.625,1121556.0,1249239.0,1408640.125,1373349.5,1372664.875,1494082.0,1657736.0,1469703.625,1381566.125,1329039.0,1556147.5,1386186.75,1331721.375,1233773.5,1420189.125,1331936.625,1517538.0,1580429.75,1417806.5,1304914.625,1041616.75,1096583.125,1391346.75,1255753.5,1578715.0,1628941.75,1452979.25,1475913.875,1509884.75,1512296.25,1476378.625,1391504.875,1607520.25,1562451.625,1415635.5,1435811.875,1483442.0,1399164.0,1749838.0,1816784.5,1743642.0,1701078.75,1740690.75,1792702.25,1842586.125,2162374.0,2064085.125,1989614.75,2144740.0,1993512.0,2103473.5,2036086.25,2184378.25,2088907.75,1709163.125,1642091.5,2062687.125,1873773.625,1940292.125,2022490.25,1561989.625,1637531.0,1730705.0,1775172.625,1656461.875,1656928.375,2022460.125,1951195.125,2036139.75,2086167.125,1809613.75,1931785.75,1964203.875,2035100.625,1805251.375,1786650.25,1465267.625,1498582.125,1893669.875,1841137.25,2069391.25,2033795.375,1574273.125,1575026.75,1618052.375,1555422.625,1525597.25,1441106.5,1869940.75,1801434.25,1560157.875,1547173.75,1512244.5,1452304.625,1998607.25,2035009.75,2106823.75,1962170.125,2114743.0,2211596.75,1610952.125,1689485.5,2199735.25,2284731.5,1907185.875,1906339.625,1964383.375,2167012.25,1706509.125,1707078.625,1850369.75,1879021.75,1740739.375,1843466.625,1745611.375,1702953.0,1833527.25,1883782.75,1721584.875,1524962.625,1674722.375,1588317.75,1385316.625,1405066.875,1530169.875,1503919.125,1825418.125,1871716.625,2030504.875,1977217.125,1242699.375,1199314.25,1288525.5,1240586.5,1394209.875,1307205.125,1668117.25,1631499.0,1863211.5,1642137.875,1446655.125,1415874.0,1523057.0,1594313.875,1360721.625,1352468.125,1762752.0,1701191.5,1359624.875,1353648.0,2357623.25,2368802.0,1600673.875,1770896.0,1942399.625,1889249.25,2252829.5,2076308.0,2399470.0,2407419.5,2419547.75,2626471.0,2656103.75,2418753.25,1906873.25,2424189.75
40,1888461.5,1898500.0,1823033.25,1878290.75,1908542.0,1808929.0,1900558.0,1755981.125,1874284.25,1822102.125,2113661.0,2133779.5,2038625.125,2023782.375,1871999.75,1894641.0,1927961.25,1821836.625,1864292.375,1801638.75,1685991.125,1667338.625,1875687.625,1598863.625,1980816.0,1882666.625,1355457.875,1353680.5,2022215.125,1912640.375,1705746.75,1586750.375,1573094.0,1516949.25,1604161.875,1406836.5,1603128.0,1565492.75,1853191.625,1804963.375,1667049.5,1741213.625,1393000.375,1369016.125,1176793.75,1170727.625,1315615.375,1271895.375,1392417.0,1284202.875,1487582.375,1493335.375,1637834.75,1590828.625,1973340.5,1844838.625,2069293.0,2065938.625,1645141.875,2075922.0,1530050.375,1444965.75,1891615.125,1736640.75,1706012.0,1978936.125,1833775.75,1693732.0,1375800.625,1505745.0,1729391.875,1755348.75,1730122.875,1688893.25,1403030.25,1299006.0,1763980.875,1590139.5,1706018.0,1701402.375,1122015.625,1244065.0,1409854.5,1370985.75,1370077.125,1489290.75,1658588.75,1472052.5,1381153.625,1329820.125,1556032.625,1382405.75,1334640.5,1235827.5,1418805.375,1331312.75,1513959.5,1574919.0,1415704.375,1299599.625,1040260.0,1094882.125,1392019.75,1254980.625,1578384.25,1630475.0,1454358.75,1475046.875,1510578.625,1511820.5,1476426.625,1390009.5,1607653.5,1560982.5,1415247.875,1436338.875,1487094.25,1397985.625,1751992.0,1818209.125,1741298.875,1700712.375,1741341.0,1792145.125,1844450.125,2165311.25,2065790.5,1990930.75,2148460.5,1997956.5,2105907.75,2037369.0,2187477.25,2092565.875,1706062.625,1634726.125,2068557.25,1872789.0,1942509.125,2023031.875,1561925.625,1638621.25,1730035.5,1772303.375,1655700.125,1660720.25,2013874.375,1940406.375,2035242.75,2086208.125,1808256.25,1931461.375,1961423.125,2029785.5,1808604.125,1789257.0,1468392.25,1500474.75,1896356.125,1843453.75,2070073.625,2034465.875,1577598.25,1577679.625,1619058.0,1557375.875,1526118.25,1441537.625,1877206.75,1809267.875,1563942.125,1547780.375,1514378.875,1451472.375,1997824.125,2034891.75,2112652.75,1965521.375,2114782.25,2212597.25,1612835.625,1689625.375,2205940.5,2291788.75,1912630.5,1911126.125,1963088.375,2168403.75,1703965.25,1708535.75,1849606.125,1875391.25,1740109.125,1836317.0,1742548.875,1700433.0,1830281.875,1879023.75,1723424.0,1525956.0,1671082.5,1585325.25,1383937.75,1401028.25,1528912.875,1502087.5,1828680.875,1873174.0,2031694.625,1977349.125,1242703.375,1199690.25,1288477.875,1240590.0,1395717.0,1310047.75,1668818.125,1630790.375,1863017.75,1639019.375,1443682.125,1413396.875,1523761.75,1596246.375,1361345.125,1348586.25,1759140.375,1698762.375,1360877.25,1353959.625,2359969.75,2370997.5,1601605.75,1770433.75,1946272.875,1890736.875,2246861.75,2071813.0,2400644.75,2409265.0,2421431.0,2624702.75,2648875.0,2411431.25,1909483.625,2424463.5
41,1891333.875,1905257.875,1822648.75,1880875.375,1911884.875,1813555.25,1900987.625,1759672.375,1875295.0,1825765.0,2119525.0,2141270.25,2043276.0,2026392.375,1869444.375,1898407.375,1928402.5,1820605.125,1867219.25,1802691.875,1680467.375,1662472.0,1871096.5,1593661.125,1980187.25,1882773.5,1354793.75,1349336.375,2018851.0,1910878.75,1695896.5,1577666.375,1573333.375,1511601.5,1598887.25,1399889.625,1602197.5,1562146.75,1854295.625,1800423.625,1669231.25,1745831.5,1394345.25,1367334.5,1176416.5,1170969.5,1321385.375,1276984.5,1394805.25,1284471.75,1488435.0,1490787.75,1635997.875,1594598.0,1975703.5,1847921.125,2071211.125,2070540.25,1646841.0,2082152.75,1531255.75,1446316.0,1886319.125,1736660.375,1706075.5,1978944.75,1836535.625,1695102.5,1384042.5,1512926.125,1726708.625,1755042.0,1730392.75,1689335.875,1402354.625,1294495.125,1767055.125,1586509.5,1709175.875,1698520.125,1122754.25,1245243.25,1415213.875,1373821.375,1376085.5,1481902.75,1660305.375,1468628.625,1380939.625,1332010.25,1553771.125,1381186.375,1343128.0,1240371.875,1420574.75,1332325.25,1512696.375,1570205.5,1421642.5,1296840.75,1043927.375,1095313.25,1393584.75,1257202.875,1581028.375,1630884.0,1457322.875,1475291.125,1514524.25,1515008.0,1480383.875,1393592.25,1611364.5,1567850.5,1425445.125,1446771.0,1500585.125,1417087.875,1757033.75,1823065.5,1742774.375,1698161.75,1746702.25,1790462.875,1840140.125,2167756.5,2061227.5,1982551.75,2145424.5,1997631.5,2106574.75,2040608.875,2182627.5,2086164.25,1698625.5,1626220.75,2065975.0,1871130.625,1938233.25,2019280.875,1554222.125,1635277.5,1732470.0,1770052.25,1651501.75,1658659.0,2004106.0,1925891.625,2032005.375,2080463.0,1808486.625,1929466.0,1959795.5,2027188.75,1810811.0,1792530.375,1468003.0,1500262.75,1899264.75,1845767.625,2071695.75,2037319.75,1578129.0,1580539.625,1616678.625,1556885.125,1527453.125,1441042.25,1871789.375,1806346.875,1566664.0,1550760.75,1512757.625,1451357.875,1996769.25,2035025.0,2109829.0,1964060.25,2115289.25,2211615.75,1617937.625,1694792.875,2206005.75,2292757.5,1913368.625,1913618.25,1965989.375,2170734.0,1704209.75,1708151.125,1848248.75,1874173.375,1738504.875,1827033.375,1746750.375,1701787.625,1829952.5,1878519.625,1719373.25,1524450.5,1668024.75,1582950.5,1384438.75,1398243.625,1531434.875,1503682.5,1819573.375,1857647.0,2023168.25,1970959.375,1254771.25,1203028.25,1293290.0,1245626.375,1400697.75,1313069.375,1672608.5,1633652.875,1865930.75,1640255.75,1445081.625,1415648.0,1526335.625,1597661.5,1364226.0,1350630.875,1756804.875,1697635.5,1363366.625,1357422.375,2369141.25,2379840.0,1605485.0,1776150.875,1947441.125,1890072.375,2251035.5,2079207.75,2404063.0,2412000.25,2427516.0,2627802.0,2648853.0,2412993.5,1915746.0,2428145.0
42,1891376.875,1907004.875,1828895.875,1886833.5,1922244.5,1820525.0,1910365.75,1768246.125,1872191.5,1823863.625,2121140.25,2143326.0,2045780.875,2026555.25,1871981.875,1902327.875,1927527.625,1820809.5,1871794.375,1803132.75,1679702.0,1659028.0,1877981.5,1600545.75,1981492.875,1890019.875,1355319.625,1349348.125,2017165.375,1910965.0,1694888.75,1573395.5,1577864.875,1510075.625,1600648.75,1400184.5,1604950.25,1561444.0,1855631.375,1801364.375,1676264.0,1749722.125,1395270.5,1367305.625,1178729.375,1172820.625,1326697.375,1282647.875,1395249.5,1284957.125,1489736.0,1491404.5,1636262.75,1590909.0,1978262.875,1850628.875,2074658.25,2075276.5,1658457.875,2090881.25,1527512.125,1446351.375,1884052.25,1735957.5,1704031.25,1977876.5,1840503.125,1698483.125,1384710.75,1510495.5,1726958.125,1745407.625,1725076.125,1681743.25,1403531.0,1294548.375,1765108.125,1579030.875,1706113.25,1693137.5,1122617.5,1250530.625,1416317.5,1375800.875,1381316.875,1484845.625,1662143.375,1465922.875,1380057.875,1328465.125,1551923.5,1383874.75,1342138.5,1240075.625,1422387.25,1331594.375,1513634.875,1572488.375,1426871.75,1299636.0,1046954.25,1098347.75,1392646.75,1257298.125,1581234.5,1627710.375,1456195.75,1474342.0,1513543.75,1517664.375,1480718.875,1392472.125,1610975.75,1568387.125,1427225.25,1442537.625,1493204.75,1417211.75,1753948.625,1817758.125,1746831.0,1697502.375,1748681.25,1791130.25,1832437.875,2165869.0,2056764.125,1973330.75,2141429.25,1994562.25,2106155.75,2045027.5,2178182.75,2077402.0,1699501.375,1627997.625,2058942.5,1869793.25,1934115.0,2016112.125,1550133.25,1632040.25,1735300.5,1772005.375,1650330.875,1650743.375,2005484.375,1925832.625,2032405.25,2077677.875,1809514.0,1927700.0,1961533.875,2029740.75,1810286.75,1792218.375,1464640.375,1497627.5,1898206.125,1845010.625,2073977.25,2041815.375,1575266.375,1579628.125,1614536.75,1554740.75,1528491.625,1439297.75,1859210.5,1798701.0,1561427.125,1550523.0,1507108.375,1451231.625,1996328.625,2033281.0,2106287.25,1962836.625,2116413.75,2212894.0,1616915.125,1696095.875,2203025.5,2288979.0,1908652.25,1911395.375,1969846.625,2171235.25,1707574.0,1706627.25,1848983.0,1877992.625,1737645.25,1831967.625,1750040.75,1703011.5,1834045.5,1883171.125,1716103.25,1522800.5,1669216.0,1584771.5,1385195.625,1400053.875,1533268.75,1505324.625,1811582.0,1852929.75,2018043.125,1966062.125,1255221.0,1203873.25,1294425.625,1248762.625,1399073.125,1309353.25,1672660.25,1633291.0,1866640.75,1643982.25,1449813.75,1419558.75,1527720.625,1596013.5,1365047.125,1356068.625,1760748.125,1700757.75,1364095.375,1358416.375,2368789.0,2377178.25,1606487.125,1776138.125,1944124.375,1885831.75,2259320.25,2085248.875,2404526.5,2408261.5,2427652.5,2630525.75,2659973.5,2423133.25,1915253.875,2427349.5
43,1890446.0,1902969.125,1831098.75,1885443.625,1926117.0,1820345.125,1914726.25,1770787.25,1872838.625,1821900.75,2117016.75,2135852.75,2043586.125,2024297.625,1877904.0,1902939.75,1923636.125,1822701.125,1872227.625,1804984.0,1686613.625,1664741.0,1886217.5,1609394.375,1977988.5,1892821.5,1355799.0,1351627.875,2018341.875,1912199.0,1702637.5,1579205.375,1576301.75,1511468.875,1606149.625,1407525.875,1605708.5,1563097.625,1851173.625,1803006.75,1677487.25,1748757.25,1394586.75,1366517.125,1180804.75,1173689.25,1324206.5,1280163.5,1391576.625,1282953.625,1489321.875,1493300.625,1638802.625,1588528.125,1976022.75,1848887.875,2075204.25,2073884.5,1664414.375,2091201.875,1523361.0,1446015.875,1884528.5,1737656.0,1703716.375,1977137.375,1840689.875,1698062.75,1378408.625,1502229.25,1730805.5,1739708.875,1721790.75,1680012.375,1408056.875,1298863.5,1762382.875,1578924.25,1702654.375,1690935.0,1124076.625,1250362.875,1413834.75,1371416.125,1380328.5,1492093.625,1662907.5,1466608.375,1385526.125,1324941.875,1556126.875,1385451.625,1334584.125,1235810.875,1424824.625,1328497.125,1518843.5,1575700.875,1425527.75,1301453.625,1046844.75,1097487.25,1391498.125,1254411.125,1578919.5,1625081.125,1453816.375,1472518.25,1507990.125,1516367.375,1477670.875,1386379.125,1606981.375,1559321.75,1418737.125,1427680.5,1475770.25,1395402.625,1746936.25,1808462.875,1749983.0,1699185.0,1746021.875,1794848.625,1834860.5,2162068.5,2057548.125,1974997.25,2142146.25,1994517.0,2102998.25,2045785.0,2183955.5,2078907.875,1708065.375,1636277.625,2060771.875,1871795.875,1935642.375,2016985.0,1557325.125,1634874.25,1735264.125,1778237.25,1653196.375,1647521.625,2016512.25,1938304.0,2037947.625,2082497.5,1811301.375,1929899.875,1968057.375,2035633.875,1809537.875,1788684.375,1463079.5,1497495.25,1894320.875,1842616.875,2071605.75,2041059.875,1572879.375,1578191.125,1615512.125,1553894.625,1528500.5,1437824.5,1855644.5,1801361.375,1551130.0,1548192.875,1501871.375,1451500.25,2000625.0,2035104.625,2109849.75,1962980.25,2116400.5,2213223.0,1611951.125,1690791.25,2201127.75,2285404.0,1908198.125,1909184.25,1968596.5,2168188.75,1710325.5,1706868.625,1850833.25,1882205.625,1739430.375,1838610.0,1747893.625,1702460.75,1836571.875,1886607.0,1718312.0,1523552.75,1673355.75,1585954.25,1386791.875,1401908.75,1531934.5,1503896.75,1818260.0,1864782.0,2022615.5,1968941.125,1242392.0,1200460.375,1289732.5,1246293.625,1393387.0,1304864.875,1668871.0,1627797.25,1861729.75,1641575.375,1454263.125,1416608.625,1524575.25,1592041.625,1361630.75,1357395.875,1761183.25,1699942.25,1361719.5,1353828.375,2359133.25,2365804.25,1604178.0,1769337.0,1942759.25,1882009.25,2253335.25,2077522.25,2399003.5,2401046.75,2420413.0,2625094.0,2656785.0,2420598.75,1909916.875,2421289.5
44,1890850.0,1899128.625,1826460.875,1880617.75,1922304.5,1815106.5,1907709.25,1764256.0,1874586.375,1821804.5,2115771.0,2130962.75,2044653.75,2023084.5,1878697.0,1901179.125,1920318.875,1820604.625,1870128.75,1805424.5,1688910.125,1670485.0,1884631.625,1608193.5,1973551.625,1887500.75,1353876.625,1351617.5,2019751.5,1912500.375,1704863.0,1585318.75,1570743.125,1514546.125,1604505.25,1411175.0,1603406.25,1563916.0,1846052.875,1803078.5,1672417.5,1748175.875,1392980.875,1365175.0,1180271.125,1173333.375,1320593.25,1276888.75,1389120.875,1281170.125,1487094.5,1493597.625,1639444.125,1590795.0,1973253.5,1846275.5,2073485.625,2070300.25,1657245.875,2084942.625,1522350.0,1446464.75,1883483.625,1737586.625,1705187.5,1977267.0,1836897.625,1693127.625,1377459.25,1502914.5,1734112.25,1743471.875,1723283.5,1687257.375,1411332.625,1300323.125,1763353.25,1585115.625,1704372.625,1692996.625,1127247.125,1246317.5,1413344.5,1368748.75,1379437.25,1492377.125,1663137.875,1468515.875,1391343.25,1329583.25,1560369.125,1384324.875,1335411.375,1235362.0,1428334.625,1328496.0,1524493.0,1575965.75,1424497.5,1300234.125,1047341.375,1093657.875,1391868.625,1253682.625,1578878.0,1627183.125,1454179.25,1472071.5,1505742.75,1512802.5,1476819.0,1384699.0,1605046.125,1555648.25,1417120.5,1427905.5,1480318.625,1393183.5,1746394.375,1808846.375,1750538.875,1699957.375,1744842.25,1795677.375,1843188.875,2161779.75,2061157.75,1985828.625,2144651.5,1996983.5,2099593.75,2042515.25,2190573.5,2088430.875,1709526.5,1638995.25,2067760.5,1876781.625,1938067.375,2020513.125,1563513.0,1639867.625,1733835.0,1780991.0,1654150.875,1651624.125,2021259.25,1948200.375,2041325.25,2087345.375,1811666.0,1932308.0,1972174.875,2038612.125,1809821.875,1787058.5,1463286.5,1499485.625,1893648.0,1841973.875,2067810.625,2036526.75,1573625.75,1579777.875,1616889.25,1554479.25,1527465.125,1438429.125,1860940.25,1808475.0,1547634.0,1549090.125,1500899.625,1452580.125,2003622.875,2038278.25,2112342.5,1962123.875,2116375.75,2209138.25,1611382.625,1688737.625,2201400.0,2284865.0,1911952.75,1909384.875,1965851.25,2166282.0,1710287.125,1707437.125,1850542.25,1881731.375,1740806.125,1834543.625,1745126.75,1701959.875,1834092.375,1884659.875,1719867.0,1525455.25,1674483.25,1584743.875,1387350.875,1400831.875,1530725.75,1502441.75,1824537.125,1868931.5,2025941.75,1974582.0,1240367.75,1197764.5,1286606.5,1243149.125,1392843.25,1305845.0,1666836.875,1624934.125,1857887.25,1636896.375,1453717.5,1412326.25,1520235.75,1591340.375,1357667.75,1355829.375,1755507.125,1693961.375,1358058.75,1350850.125,2355255.0,2363994.0,1601044.75,1767913.875,1942227.75,1882962.5,2242080.25,2070220.125,2393084.5,2399353.0,2415590.5,2618800.75,2640344.25,2408984.75,1907411.625,2418827.25
45,1892180.0,1900966.375,1823000.125,1881317.0,1917322.125,1813882.5,1904320.625,1760953.375,1874025.375,1821140.875,2117850.25,2132732.75,2045382.5,2020183.0,1875571.5,1898663.625,1923579.0,1819727.375,1868030.0,1803035.875,1684766.25,1669012.125,1877805.125,1605904.625,1977149.625,1887115.5,1351517.875,1350455.875,2019490.75,1912210.5,1701015.625,1586026.625,1569929.125,1517509.625,1601626.375,1408544.375,1602576.125,1562682.25,1848873.5,1803862.125,1669305.625,1745422.375,1392815.75,1365998.875,1178390.0,1172575.625,1320576.0,1276369.25,1390849.625,1282220.375,1487697.0,1493400.25,1637872.75,1592000.625,1974804.75,1847330.375,2073039.125,2070639.625,1651654.5,2082891.25,1524338.75,1445989.75,1884452.75,1735953.375,1704719.5,1977023.0,1835707.5,1691601.875,1380892.375,1509276.375,1734298.875,1748683.75,1724657.0,1689796.375,1410010.25,1297343.875,1765361.125,1587476.125,1708123.125,1695834.5,1128955.125,1244874.25,1414165.875,1370435.625,1380569.375,1489260.75,1665786.625,1469081.0,1389911.375,1333986.625,1557213.625,1383563.875,1342129.5,1237117.375,1428866.75,1331119.875,1523415.5,1577282.25,1425703.25,1298816.75,1048760.5,1092773.0,1392883.0,1254997.125,1581419.5,1631857.0,1455048.75,1474312.625,1508352.625,1509614.625,1477909.5,1387270.125,1605791.5,1561474.5,1422505.125,1438415.375,1495503.125,1411076.875,1750541.625,1815838.375,1748155.875,1697903.375,1745237.625,1791889.375,1843890.125,2164299.75,2061502.875,1988125.0,2144465.0,1998023.375,2099645.0,2042498.125,2188489.25,2091487.875,1701748.625,1633078.0,2066977.875,1875673.25,1937009.875,2023580.75,1559826.125,1641224.875,1730970.875,1773777.625,1652993.125,1656041.75,2014095.25,1941928.0,2038441.0,2083948.625,1808575.25,1929569.875,1965622.625,2032077.125,1809580.375,1789095.625,1464820.5,1499407.125,1895503.125,1843170.625,2068417.0,2036521.5,1574685.75,1580855.375,1617534.375,1557194.75,1526701.875,1441147.625,1866061.25,1807755.0,1553942.0,1550908.375,1505349.125,1452521.0,1998083.875,2034557.5,2110645.0,1961690.875,2117286.25,2207598.5,1612438.625,1688667.875,2205216.5,2288321.0,1912968.75,1909789.25,1965462.375,2167899.75,1710395.75,1707867.75,1850789.625,1879262.625,1740335.375,1830608.375,1746662.25,1703844.625,1831156.5,1880636.0,1720085.0,1527321.375,1672711.375,1585417.375,1387543.5,1401581.875,1533478.375,1503949.5,1819753.25,1861529.125,2022077.375,1973262.625,1250856.125,1199770.0,1288996.75,1244931.625,1395450.625,1308491.375,1668255.75,1629070.375,1861586.75,1638333.5,1449374.125,1415542.0,1521532.5,1595103.375,1358470.875,1356838.375,1751724.125,1691694.125,1358280.75,1354269.25,2361954.0,2372672.25,1601631.375,1772733.875,1940977.875,1886115.0,2243645.0,2076475.875,2394528.5,2404134.25,2418352.5,2623405.25,2637810.25,2408349.75,1910026.5,2422965.25
46,1890108.125,1903089.625,1821267.0,1884383.125,1909241.5,1814955.0,1907213.0,1765013.125,1873098.25,1820150.25,2114215.75,2130891.25,2036610.875,2015017.5,1874719.25,1897387.625,1928937.75,1824950.625,1863666.625,1800759.125,1684098.75,1667178.875,1874525.875,1609820.5,1981853.625,1893212.625,1349991.125,1350147.375,2015385.75,1913790.625,1700764.75,1585485.5,1570982.375,1517378.875,1604099.625,1407756.5,1603766.375,1562418.75,1856340.875,1806920.25,1669433.5,1740989.0,1393506.875,1367953.0,1177265.75,1171878.75,1318373.5,1273831.875,1392659.0,1283665.75,1490597.375,1494763.625,1637233.5,1590387.0,1975954.125,1849359.125,2071781.75,2071712.875,1651722.25,2084284.875,1529124.5,1445029.125,1889423.0,1737579.375,1702601.875,1975682.875,1836247.0,1693497.25,1380168.625,1508261.625,1733033.875,1752958.875,1725988.625,1685617.0,1406480.75,1295659.125,1771055.75,1587403.125,1711101.75,1698830.125,1126936.5,1247720.25,1411562.125,1372521.625,1378144.25,1491574.75,1667315.875,1469799.875,1384455.5,1330470.5,1552682.125,1384782.125,1339266.125,1234816.125,1423382.25,1331507.25,1517982.25,1579753.5,1422785.625,1300180.75,1046527.8125,1094978.875,1392740.25,1255585.875,1582233.875,1633066.125,1455212.875,1477274.0,1511747.25,1508852.125,1477968.25,1388594.625,1606710.375,1566207.625,1421328.375,1438593.375,1493314.5,1412384.5,1752442.25,1819891.125,1745440.375,1698258.0,1744407.5,1792285.0,1834675.125,2164022.75,2057465.875,1979744.875,2143906.75,1997358.875,2102042.25,2046237.875,2182682.5,2085242.0,1697387.125,1630023.5,2061553.75,1868244.75,1937723.875,2024780.5,1556106.625,1639973.5,1725611.875,1768790.125,1654536.125,1658693.875,2006622.625,1929256.75,2032435.25,2077277.375,1806291.0,1926728.0,1957284.0,2024951.75,1809203.0,1791440.875,1469740.5,1499413.375,1896199.0,1844726.25,2071464.375,2040125.0,1573696.375,1578159.125,1619408.5,1561191.5,1528422.5,1443867.375,1870508.5,1804778.5,1561747.5,1550295.875,1512417.5,1451187.375,1991621.375,2030715.0,2111437.5,1962624.625,2113911.0,2210605.75,1609846.125,1684117.75,2208172.25,2293162.25,1911396.875,1910449.125,1964826.5,2167564.75,1710327.625,1707654.625,1852796.25,1878047.0,1740321.5,1835321.75,1747864.75,1705319.125,1831093.875,1879434.875,1722775.125,1527680.5,1671587.25,1588261.875,1387406.75,1403809.625,1535963.125,1505612.0,1817203.375,1861234.5,2020787.75,1968752.75,1253103.375,1202563.625,1291918.125,1247762.875,1395067.625,1308329.5,1670096.75,1634623.125,1867973.0,1643234.125,1447043.25,1420972.75,1526225.0,1597239.0,1363140.0,1358913.375,1754682.75,1696233.875,1362955.125,1359152.875,2366498.0,2376117.5,1605251.625,1773876.125,1942176.0,1887723.0,2252333.0,2083420.75,2400868.25,2409377.0,2423200.25,2631988.5,2651522.25,2417454.0,1912663.875,2427131.75
47,1887741.875,1902660.375,1819510.75,1883817.875,1900235.625,1814003.125,1906805.25,1765382.5,1874678.0,1821954.625,2108659.75,2127621.25,2030084.375,2017982.75,1876047.375,1897656.75,1930087.875,1828194.125,1860266.25,1801110.25,1688108.875,1670718.625,1875067.0,1610641.75,1979991.0,1891884.125,1348683.375,1351036.625,2012898.75,1916407.375,1704845.75,1588425.5,1570047.5,1516717.125,1605079.0,1411660.5,1604445.125,1564042.75,1858825.5,1810238.5,1668291.375,1740865.0,1391399.75,1369204.875,1176769.875,1171757.375,1312800.0,1270596.875,1392374.0,1284027.0,1489682.875,1496516.5,1639070.75,1590408.5,1975409.75,1848360.0,2069494.875,2069625.625,1647864.5,2082990.5,1532882.0,1446780.75,1892898.125,1740609.75,1703384.5,1975419.75,1835159.0,1693339.375,1377288.375,1504366.25,1733521.5,1757016.125,1729974.0,1687605.625,1405275.0,1298129.625,1778706.75,1592500.5,1713449.75,1702640.5,1123633.125,1249540.75,1408943.375,1374498.125,1372309.625,1494803.375,1664120.875,1471820.5,1381628.25,1330427.25,1552259.125,1386369.0,1332228.75,1234487.875,1419086.25,1331985.125,1514022.875,1579568.25,1417298.0,1303276.25,1042240.3125,1097427.75,1392075.5,1257074.25,1580046.875,1629713.875,1455217.125,1477922.875,1512937.25,1511217.5,1478003.75,1388783.75,1606444.125,1563457.0,1418732.0,1436124.625,1488054.75,1400303.25,1752505.625,1819985.125,1744801.0,1700955.0,1742530.375,1796193.5,1829579.25,2163637.75,2053630.375,1975044.125,2146187.0,1997567.375,2105624.75,2046117.125,2182793.25,2084128.125,1697666.875,1630312.125,2063250.625,1867530.625,1942620.75,2027130.875,1560631.0,1641997.0,1722139.375,1773689.375,1658352.0,1662185.5,2004089.75,1923859.75,2028768.0,2077263.5,1805745.625,1926443.125,1957228.375,2025940.25,1811213.0,1792257.375,1474104.125,1501967.5,1897363.5,1845713.0,2074021.625,2039931.625,1573383.375,1576256.125,1621180.125,1561992.75,1531025.375,1444297.5,1875496.5,1808588.875,1564228.25,1549783.75,1516079.0,1451212.25,1992594.0,2035378.625,2114715.75,1963690.5,2109649.0,2212971.25,1607745.125,1682131.875,2208331.25,2296142.25,1911730.25,1912083.0,1962923.25,2164291.75,1708032.25,1706508.75,1852761.0,1876208.0,1739695.0,1836271.625,1745353.0,1703216.5,1829738.375,1879153.5,1721467.0,1524072.875,1669387.5,1587386.5,1383987.25,1400010.0,1533510.875,1504521.375,1819555.0,1866855.625,2022779.5,1968175.5,1247777.25,1202033.25,1291124.875,1245754.75,1394532.375,1308728.875,1670398.75,1634793.625,1868481.875,1643810.875,1447103.125,1419794.875,1526391.0,1596307.625,1366021.75,1356822.625,1757946.5,1698849.375,1365566.25,1360297.0,2363815.75,2372407.75,1605679.875,1770472.125,1944956.75,1889236.375,2252564.5,2078087.5,2403513.25,2410634.0,2425622.5,2630232.25,2655456.75,2417303.75,1911884.125,2427706.5
48,1889654.375,1903949.125,1821940.75,1882023.0,1900344.75,1813355.875,1904783.75,1760659.25,1875283.625,1824104.5,2111145.5,2132555.25,2035813.875,2027972.25,1877807.625,1897984.375,1930611.125,1825936.625,1863236.875,1804462.375,1689939.125,1673951.875,1877578.5,1606451.625,1979951.625,1884960.25,1350835.75,1352796.5,2017905.375,1918393.875,1706810.375,1591803.875,1572188.125,1517920.625,1603315.0,1414256.125,1604699.625,1566055.75,1856703.75,1811358.5,1666816.75,1742923.375,1389927.0,1370483.375,1177136.0,1172329.25,1312598.5,1271431.375,1391494.375,1282884.875,1486148.75,1496929.0,1639636.625,1590783.25,1975463.625,1845222.0,2070438.875,2066983.375,1643546.125,2078828.25,1531088.0,1448941.5,1892450.125,1740135.375,1706535.125,1976599.875,1835399.875,1692639.375,1379474.25,1506926.25,1733459.625,1756008.0,1730732.875,1692641.25,1404159.875,1299315.25,1778880.5,1595598.875,1711602.0,1702002.5,1121334.75,1249192.375,1409530.875,1376868.5,1371071.75,1491905.5,1659566.75,1472248.5,1381100.875,1338591.25,1551852.625,1386756.0,1333895.25,1239289.875,1420587.25,1336736.0,1512334.0,1578893.0,1417198.875,1305861.0,1041040.125,1099278.5,1392640.625,1259746.125,1578297.125,1626990.5,1454024.875,1477008.75,1512611.375,1513687.375,1479110.25,1390179.875,1607072.875,1561701.125,1423165.25,1442342.0,1498388.75,1403811.625,1754155.0,1819673.25,1744638.75,1700762.25,1741449.875,1794655.0,1837129.875,2167194.0,2054077.0,1975639.0,2147655.0,1997328.375,2109213.5,2040943.25,2186798.25,2091636.375,1696783.0,1626516.0,2068574.5,1872979.25,1944213.5,2029771.375,1565768.0,1646133.625,1724236.0,1776123.375,1658971.625,1663892.75,2003864.125,1923854.875,2029720.125,2081045.625,1805948.625,1925602.875,1959849.5,2027930.625,1812556.0,1791792.25,1471831.125,1502427.125,1898848.875,1845031.875,2075291.0,2036223.875,1574384.625,1578535.625,1620792.25,1559688.375,1531768.875,1444266.5,1875710.875,1811427.125,1563948.625,1550092.25,1516160.625,1452879.625,1997071.625,2040055.75,2113391.25,1963410.0,2112336.5,2215406.75,1610541.875,1686738.5,2208369.25,2294806.5,1912905.125,1911758.375,1961097.375,2164043.75,1706160.0,1706224.75,1850460.25,1873847.0,1737624.125,1827329.625,1745442.25,1701566.375,1827332.0,1877436.5,1713282.625,1519208.5,1666820.5,1583829.75,1380270.875,1394145.5,1528995.0,1502700.625,1815935.375,1860195.75,2021206.0,1967205.0,1249528.125,1201192.125,1289850.125,1243375.875,1396920.25,1311012.375,1670581.375,1632815.375,1865900.125,1642367.0,1446046.875,1416455.375,1523891.625,1596980.0,1364702.5,1353650.5,1756361.75,1696333.375,1363603.625,1359500.25,2365498.75,2376423.75,1604383.125,1772016.25,1945318.125,1892865.875,2249253.75,2075018.375,2401639.75,2411317.0,2426093.0,2624741.25,2646248.25,2409478.5,1912606.875,2430073.75
49,1891344.125,1904055.5,1827506.75,1883427.0,1909228.0,1814840.125,1905504.625,1760157.0,1872060.875,1821817.375,2116422.5,2138628.0,2038740.875,2027490.75,1879133.875,1897891.25,1932736.5,1825226.375,1868598.875,1807690.125,1688356.25,1672188.5,1881726.125,1606066.125,1984653.5,1886759.5,1355883.75,1353567.5,2025823.0,1921632.375,1706370.875,1589462.125,1580131.125,1520223.75,1605988.0,1413373.375,1607348.125,1568260.25,1859197.875,1812342.375,1667067.125,1742289.375,1392314.0,1371466.875,1177842.25,1172573.25,1317470.125,1274386.875,1390146.5,1280684.125,1486513.5,1496503.625,1638481.375,1588137.0,1975032.875,1845151.75,2073077.75,2066250.5,1646185.875,2074848.875,1527871.375,1447259.25,1892237.0,1738154.625,1706806.0,1976998.625,1836716.25,1692966.375,1380454.5,1507748.625,1730368.125,1749658.5,1726693.25,1689137.75,1401597.875,1297737.25,1772814.375,1589400.625,1707000.5,1698152.5,1120482.5,1250532.25,1409222.75,1377708.375,1377252.5,1489353.5,1658145.25,1471696.125,1379301.0,1339830.25,1551335.5,1386607.375,1336097.5,1238928.875,1422791.25,1339003.875,1514190.75,1580854.75,1421941.0,1306484.0,1042202.625,1099083.875,1391797.125,1259185.375,1578973.25,1627531.5,1452723.125,1476738.25,1510076.25,1512374.25,1478909.0,1390168.875,1608366.5,1564226.0,1422763.125,1442826.375,1500092.875,1410071.5,1754005.0,1817984.625,1744208.625,1699921.375,1743433.25,1791255.375,1843510.75,2167788.5,2058546.0,1978193.0,2147021.5,1995243.25,2107606.25,2036237.0,2188001.25,2095139.625,1701296.0,1628010.5,2068957.5,1873495.625,1941737.625,2028049.75,1564609.75,1643910.75,1728733.75,1772426.5,1655910.375,1659548.0,2007863.875,1929372.5,2031985.5,2081220.125,1809773.875,1927103.5,1960132.875,2027537.125,1810268.625,1790456.125,1466751.75,1499198.5,1897377.75,1843179.375,2072937.75,2033093.625,1574391.0,1580109.25,1618820.75,1557692.875,1530797.125,1444243.625,1869915.125,1806284.875,1563759.0,1549050.25,1514707.125,1453644.375,1997816.75,2035970.125,2107409.0,1961314.125,2113710.75,2216653.0,1613382.375,1688322.5,2207823.0,2291330.25,1910491.75,1909130.5,1958762.875,2165052.25,1706196.0,1706476.5,1849714.5,1874298.625,1737236.375,1826542.875,1747945.5,1702607.375,1830562.625,1877836.375,1714469.25,1521204.25,1670417.625,1586121.875,1382927.75,1397612.125,1528458.0,1503039.375,1812919.125,1850200.375,2023518.5,1966451.125,1251045.25,1200998.125,1290162.125,1244875.5,1397368.875,1309074.375,1670492.25,1632074.875,1865571.375,1643133.375,1444605.375,1417706.5,1523970.75,1596638.875,1361386.75,1354681.125,1756200.125,1696359.875,1361265.75,1358720.0,2367414.5,2381619.25,1604376.25,1775359.125,1942612.75,1893226.75,2252069.5,2080174.25,2399264.75,2411613.25,2423920.0,2626573.5,2647015.75,2412918.25,1913254.875,2431629.75
50,1890680.5,1901103.375,1829078.375,1885703.5,1913481.5,1814918.375,1907751.0,1763641.0,1870520.125,1818518.75,2116513.5,2135679.5,2031955.75,2016907.25,1877628.875,1896545.25,1931728.625,1827438.75,1868294.125,1805674.625,1687042.375,1669266.5,1881850.875,1608002.5,1984832.25,1894269.5,1356112.0,1351782.5,2028853.375,1922903.5,1706899.625,1584438.75,1585651.125,1522216.25,1610343.875,1412116.0,1610510.375,1568697.625,1864149.625,1812813.5,1664883.625,1738031.0,1393416.25,1370281.625,1177499.375,1171827.125,1316063.625,1273052.75,1388861.625,1280133.125,1489890.75,1495247.75,1640184.625,1586331.375,1975480.75,1848328.25,2072319.25,2066144.0,1649165.125,2075719.375,1527201.25,1444066.5,1893373.75,1738614.625,1703920.75,1976894.875,1835025.875,1692538.375,1373699.625,1501745.875,1726871.5,1744864.125,1724622.625,1683330.375,1401396.375,1298013.625,1767113.5,1582202.0,1705467.375,1695989.5,1120192.375,1248679.875,1407525.0,1373841.375,1379824.75,1490792.5,1658489.375,1470726.125,1377896.25,1330598.5,1554432.125,1386758.625,1331533.375,1232360.5,1421264.0,1332305.75,1518179.75,1581164.125,1422363.75,1303022.875,1042296.875,1096939.75,1388828.875,1255223.125,1580616.375,1629284.0,1453854.625,1477068.625,1505182.75,1508688.0,1477276.125,1387701.5,1607240.5,1562528.125,1414116.25,1431249.125,1481216.75,1399120.0,1749780.375,1814982.875,1743925.75,1699300.75,1744471.625,1791282.75,1839698.125,2163107.0,2063189.875,1985621.125,2147029.75,1994460.25,2102101.0,2036078.375,2187915.0,2091329.0,1711363.375,1637572.125,2068443.0,1871636.0,1940428.5,2024131.375,1561561.75,1636918.5,1729685.125,1770586.125,1653477.875,1653797.875,2015110.875,1941319.75,2032312.5,2080641.125,1813710.875,1931236.0,1958768.5,2027736.625,1808465.875,1788897.625,1464884.875,1497722.375,1893759.875,1842081.5,2068928.25,2032863.375,1573588.25,1577996.25,1617551.375,1556638.25,1529753.75,1442243.5,1864384.875,1802628.5,1560904.5,1547541.75,1510718.875,1452291.625,1993427.875,2029125.125,2105172.0,1959990.5,2109060.25,2212663.25,1612362.5,1684360.0,2207712.75,2291228.5,1906732.25,1907760.875,1957658.625,2162982.75,1707597.625,1706425.125,1851961.375,1878012.125,1740132.875,1837652.625,1747384.75,1704130.5,1835948.0,1881109.5,1729376.625,1529579.75,1676296.875,1592295.375,1389025.5,1404873.25,1532524.625,1504879.875,1823094.75,1859586.875,2033183.5,1973354.25,1243089.5,1199276.625,1289101.375,1245430.125,1394037.0,1303390.875,1668774.875,1629499.25,1864399.25,1641833.375,1447056.375,1418844.25,1524167.125,1592348.625,1360298.0,1356649.375,1759915.5,1699091.875,1361788.875,1356871.625,2360555.75,2373635.0,1603317.625,1771626.625,1941587.625,1887982.375,2253496.5,2078149.25,2398528.5,2408324.5,2421847.75,2629431.0,2655839.0,2421968.75,1909182.875,2426617.75
51,1890167.0,1900551.125,1825836.75,1884322.375,1909000.25,1812593.0,1908545.375,1764617.125,1871317.75,1819086.125,2115663.0,2130911.0,2030256.75,2014226.875,1874980.875,1895217.0,1926619.125,1826525.25,1863571.125,1802072.375,1686529.125,1668098.875,1876061.875,1606702.375,1979079.625,1894324.5,1350648.75,1349386.375,2024636.375,1918132.875,1705568.625,1583770.75,1581838.375,1520229.875,1606925.625,1409543.375,1609468.75,1566074.125,1861317.875,1809779.0,1661865.125,1735931.375,1392576.0,1368507.75,1177082.125,1170983.0,1311027.125,1269570.125,1390250.0,1281874.625,1490430.75,1493638.625,1641237.5,1587888.625,1976729.375,1847941.375,2069477.0,2065727.75,1646608.125,2080526.75,1526005.75,1443571.625,1890557.75,1738765.875,1702547.125,1977119.5,1832561.25,1692371.625,1371857.75,1501534.625,1726156.25,1745515.125,1725185.0,1684867.125,1401963.75,1299070.875,1763960.75,1581685.125,1705106.875,1693278.0,1119331.75,1243502.875,1408252.75,1368862.75,1372323.5,1489059.25,1657475.75,1467896.5,1379290.125,1328107.75,1557651.625,1386909.375,1330910.375,1232229.25,1418984.625,1327278.125,1517869.75,1578180.0,1418833.5,1299834.25,1042224.1875,1096749.0,1389020.625,1254436.375,1581872.125,1630677.75,1456308.875,1476849.375,1504790.625,1508850.375,1478096.0,1388814.625,1606608.0,1561208.0,1415796.0,1429061.125,1476511.0,1397323.75,1749969.0,1816676.5,1743560.0,1697345.375,1741243.0,1791276.625,1837472.0,2160919.0,2064595.75,1991477.75,2146692.25,1995098.875,2101319.0,2038017.125,2187547.75,2088167.5,1710090.5,1638402.5,2069834.625,1873013.625,1938787.875,2022695.875,1560481.25,1635079.25,1726358.0,1770864.625,1652723.125,1653680.5,2017641.125,1947612.25,2031880.5,2082922.375,1812092.625,1931121.375,1957595.5,2027777.75,1809276.875,1788087.625,1464501.25,1499636.125,1893038.25,1841932.625,2069000.25,2035277.375,1573869.625,1577814.25,1618574.5,1557060.375,1530691.5,1441448.125,1862458.125,1806198.5,1556296.625,1547880.0,1506959.75,1451318.875,1991104.0,2029353.375,2108574.25,1961681.375,2110488.25,2210566.5,1612984.875,1685658.5,2206628.0,2291746.25,1906397.75,1907468.25,1961342.125,2163798.0,1709980.75,1706472.875,1852422.125,1878080.875,1741983.0,1836432.75,1746290.875,1704254.75,1834177.25,1881162.0,1733494.75,1531668.0,1673003.5,1591484.125,1387929.125,1402411.375,1534832.125,1505396.375,1831030.375,1870675.125,2034828.5,1979748.875,1242015.125,1199202.375,1288283.875,1243563.75,1393801.625,1303908.25,1669051.125,1628463.625,1862231.75,1638792.0,1451177.625,1417159.875,1523290.5,1591622.25,1362251.375,1356064.625,1760517.875,1698177.25,1363300.125,1356202.5,2360278.25,2368964.75,1602366.5,1769552.0,1944549.75,1886682.625,2250443.75,2073971.5,2399637.75,2408535.5,2424240.75,2628719.5,2652227.75,2419634.5,1908374.5,2425325.5
52,1888519.5,1900919.125,1822926.625,1881742.0,1909131.125,1813845.875,1906186.625,1763949.875,1869399.875,1820226.375,2116838.5,2132072.75,2037487.5,2019556.375,1875663.625,1896936.5,1923172.875,1822386.25,1863234.625,1804056.125,1684809.625,1667573.875,1873963.0,1606087.875,1975667.25,1889468.375,1349198.25,1350222.5,2017397.0,1913956.875,1699431.625,1583819.25,1573349.375,1515439.875,1599656.125,1405794.625,1605682.75,1563628.125,1852665.625,1806464.25,1666341.875,1740722.375,1393129.625,1368116.625,1177004.625,1171048.625,1314328.5,1272366.75,1392323.25,1282462.625,1488222.5,1492867.0,1637076.75,1588928.75,1974972.5,1845044.375,2070276.125,2066644.5,1645930.75,2082262.75,1524164.25,1444909.5,1884522.5,1736144.625,1704481.125,1976776.125,1833859.25,1693388.875,1379249.75,1507986.75,1728529.0,1748453.5,1724731.625,1686567.875,1401277.875,1296954.125,1763303.125,1583686.0,1703224.5,1690831.0,1120750.375,1245219.875,1411610.25,1370384.5,1369386.5,1484980.5,1658477.125,1466241.75,1381654.0,1334773.25,1556967.25,1387431.0,1337908.75,1238280.875,1421844.375,1331662.25,1515671.625,1578044.875,1420472.875,1301921.625,1044362.625,1098325.75,1392205.375,1257636.875,1582439.0,1631676.875,1457044.25,1476729.875,1510140.5,1513461.75,1480793.25,1393871.125,1608896.5,1565944.625,1426002.875,1441264.0,1494110.25,1415118.875,1756098.375,1820970.75,1744362.25,1697046.375,1741493.875,1790954.0,1844219.25,2164596.5,2063762.625,1990907.625,2144982.25,1994554.25,2104316.25,2039178.375,2186146.25,2088328.375,1699410.875,1632019.875,2067248.0,1873712.0,1936251.625,2023279.5,1558176.875,1637038.125,1725506.625,1770088.375,1653318.0,1656491.25,2015745.875,1944041.125,2033792.75,2085736.625,1808497.5,1927966.75,1960323.0,2028796.125,1809866.625,1788816.625,1464441.0,1500498.75,1896149.75,1841697.0,2071967.75,2036721.0,1574360.75,1580148.625,1618632.0,1557781.375,1531224.375,1442825.0,1863388.0,1807641.375,1555961.875,1548859.375,1508213.125,1452985.25,1995339.125,2034578.75,2109695.25,1962326.875,2115697.0,2212370.5,1615962.625,1691799.25,2201762.25,2288152.25,1907722.0,1905996.375,1965463.25,2169092.75,1711618.0,1707150.125,1849140.875,1872940.5,1739896.625,1825385.75,1747901.125,1703075.125,1830103.25,1878207.625,1723518.25,1526777.0,1667578.25,1586758.0,1383212.5,1398902.75,1534063.625,1505420.125,1823734.875,1862320.25,2025518.25,1976753.625,1252758.875,1201069.875,1291142.875,1243283.75,1397717.125,1309869.0,1671978.125,1631811.875,1862209.125,1638158.875,1450142.5,1416768.5,1522955.25,1593682.625,1362843.125,1353787.5,1757044.75,1695377.75,1362624.625,1357621.375,2368361.0,2375940.0,1602794.75,1774135.125,1946066.75,1890118.125,2249692.25,2078116.5,2400765.5,2412292.75,2426461.5,2627966.0,2644698.75,2414110.5,1912925.875,2429837.0
53,1884972.125,1897857.875,1823321.5,1882850.0,1914527.625,1816427.0,1904611.75,1763175.25,1867117.0,1818826.25,2115777.25,2133640.25,2039616.375,2019833.625,1875071.0,1897780.75,1924435.375,1820307.125,1867110.25,1804576.75,1682499.25,1666192.0,1878117.125,1605469.875,1979253.5,1888846.875,1354417.0,1353227.75,2015640.125,1916160.625,1695503.25,1580420.625,1571395.5,1515571.25,1599435.875,1406523.375,1604564.25,1565026.5,1849277.25,1808117.625,1670986.125,1742945.75,1392303.625,1367712.625,1176599.75,1171545.5,1318742.0,1276362.25,1390747.875,1281289.375,1487161.375,1492921.5,1634407.75,1586971.5,1972533.0,1845903.125,2073103.5,2068570.0,1649823.125,2079958.125,1525235.625,1445393.0,1884543.125,1734449.0,1705918.5,1975975.5,1836186.375,1693578.25,1380362.25,1505855.125,1729485.375,1748649.125,1723982.375,1682345.625,1401131.375,1295062.375,1762627.5,1583154.625,1702362.75,1692500.625,1122330.5,1249878.375,1411320.125,1374182.5,1376289.625,1486371.75,1660699.875,1467149.125,1380608.25,1335654.0,1554738.5,1389541.25,1338740.5,1237111.625,1423952.25,1334556.625,1516841.375,1581438.25,1421868.75,1304341.375,1044593.8125,1098330.25,1391849.875,1258377.875,1582748.125,1632510.125,1456062.125,1478487.125,1511676.75,1514852.75,1479593.875,1394034.625,1608940.625,1566291.75,1422751.875,1442384.5,1495994.0,1414799.625,1756366.0,1818065.875,1744642.0,1697330.625,1746181.875,1790785.375,1846497.875,2168291.5,2063926.625,1992550.125,2143047.5,1993977.625,2103770.5,2040911.5,2184910.75,2088540.75,1700653.125,1636473.375,2062227.875,1872151.75,1936681.5,2023339.875,1554338.625,1634970.875,1728503.625,1770458.75,1655218.5,1656121.5,2017335.125,1945051.625,2035211.75,2085940.875,1807959.75,1928372.875,1962457.125,2030531.875,1808679.75,1789397.875,1466346.75,1499141.375,1897095.5,1841457.625,2073162.625,2036506.875,1573312.625,1578477.5,1615689.375,1555734.375,1529039.75,1442070.25,1864841.375,1803524.5,1560226.5,1548390.875,1512211.875,1454968.875,1996243.625,2034028.625,2105329.25,1958888.25,2111283.75,2208104.25,1613806.375,1689894.875,2198714.5,2284382.75,1906609.75,1904152.125,1962681.0,2168797.25,1712097.625,1710182.5,1848735.875,1873578.5,1740381.0,1832480.875,1748753.75,1703181.5,1832613.875,1878884.625,1724515.25,1529696.75,1672024.625,1590257.5,1387014.375,1407685.125,1534259.125,1507801.25,1821742.0,1861263.375,2023350.625,1975611.125,1253508.75,1199976.375,1293241.875,1244112.375,1398180.375,1309313.75,1671084.375,1632220.625,1863014.75,1639233.5,1446951.125,1417231.75,1521958.75,1591488.625,1362274.25,1351959.125,1757344.25,1696201.375,1361374.375,1357205.375,2364993.5,2375521.0,1602328.625,1774442.875,1943280.75,1889667.375,2251896.75,2080159.625,2400954.0,2409716.5,2423999.5,2627236.5,2651684.5,2417270.25,1911640.125,2428281.0
54,1883835.125,1896410.875,1825149.625,1884930.25,1910037.5,1812532.375,1908354.375,1760895.0,1868812.875,1817824.5,2112198.5,2131697.75,2032824.625,2017056.25,1871437.75,1894455.375,1928058.625,1821218.75,1868448.25,1799620.125,1683872.625,1665118.25,1880728.75,1602472.0,1986756.5,1890400.875,1357484.875,1353831.5,2022450.375,1918416.375,1701415.0,1581007.5,1578783.625,1519931.0,1605186.125,1410413.875,1606531.125,1567327.625,1853934.125,1811190.375,1664821.5,1737972.25,1390276.25,1367539.75,1176836.125,1171274.875,1313861.25,1272583.75,1388052.875,1281147.75,1487130.875,1493297.75,1637845.75,1584550.75,1974467.0,1846830.0,2071112.75,2066956.125,1648491.5,2076989.875,1527992.75,1444761.125,1891567.125,1734609.375,1704797.125,1975829.75,1835359.0,1691470.75,1373674.25,1497259.0,1727709.25,1747490.5,1725310.625,1680785.625,1401241.0,1296155.875,1761434.875,1581744.75,1702912.0,1695511.625,1119499.375,1247624.875,1406232.0,1372778.5,1376690.625,1490799.0,1658540.875,1468168.125,1377624.875,1331973.875,1554832.375,1391398.625,1330664.25,1230737.875,1418866.625,1331749.75,1517470.25,1582824.25,1416454.125,1303493.75,1040549.8125,1097384.625,1389376.75,1256404.375,1582985.0,1632951.625,1455903.75,1480626.75,1508022.0,1511871.875,1475903.5,1389237.125,1605995.875,1560397.625,1412285.25,1430873.625,1480201.75,1393235.375,1750621.375,1812112.5,1741552.0,1695397.625,1744822.375,1789493.25,1841080.75,2166347.75,2066869.875,1997227.125,2143621.25,1994290.0,2101875.5,2040793.25,2185770.5,2088272.875,1711321.5,1645581.0,2063996.375,1871248.5,1940232.625,2022552.125,1555525.625,1632762.5,1728356.25,1774203.375,1657261.75,1654909.875,2022249.5,1951659.25,2032652.5,2083572.625,1810426.5,1930750.625,1960180.0,2030428.875,1807762.0,1787945.25,1468303.375,1498873.75,1894901.875,1841462.25,2072497.0,2035863.25,1572871.75,1575148.625,1614615.625,1553758.125,1527703.5,1440242.375,1867118.875,1802734.375,1563079.5,1547530.375,1513218.875,1454201.375,1990686.875,2029100.875,2104268.5,1957373.625,2104898.5,2203935.75,1607647.0,1682201.125,2200892.25,2286321.0,1905417.125,1904506.75,1956926.25,2163665.0,1711162.375,1713298.0,1851118.0,1879128.125,1744966.875,1845948.75,1745922.875,1703489.625,1835645.125,1880614.625,1733950.375,1537427.875,1677860.5,1595982.625,1392676.5,1415082.75,1534427.125,1508946.625,1832607.25,1877707.375,2032274.625,1980494.125,1242359.75,1197656.875,1289935.875,1243316.875,1394563.375,1304015.375,1666850.0,1628665.125,1862376.5,1640265.875,1445938.125,1415424.25,1520283.625,1590340.625,1362694.5,1351564.25,1759342.75,1697477.75,1361185.625,1355168.0,2355724.75,2367720.5,1600989.875,1768389.125,1940393.25,1887087.125,2250893.25,2074567.875,2399429.0,2405482.25,2420701.75,2626376.75,2656896.75,2417743.5,1905605.875,2423383.25
55,1886597.375,1899355.375,1825835.5,1883467.75,1901447.375,1807546.625,1913112.25,1760194.125,1871848.75,1819028.125,2110081.5,2129284.25,2029805.75,2019396.25,1873424.75,1893838.875,1930019.625,1821661.75,1866980.875,1799448.375,1688369.625,1666727.75,1880737.875,1603920.75,1990465.875,1889625.125,1354825.25,1351912.75,2026615.0,1915156.25,1708750.875,1586662.375,1582928.75,1520760.5,1607703.25,1410216.125,1606040.125,1565016.25,1857666.75,1809901.5,1658426.875,1736355.625,1391513.0,1368243.0,1177512.5,1170754.125,1309597.25,1268320.875,1387960.375,1280888.125,1486520.375,1493253.5,1640643.375,1584452.5,1978339.5,1843992.125,2067043.875,2062950.0,1642052.75,2075243.75,1528106.0,1444247.0,1894420.375,1734387.25,1704840.0,1976989.25,1833709.5,1689045.25,1373178.625,1498269.625,1727709.25,1749423.375,1726392.5,1683570.75,1400821.75,1295783.125,1761951.625,1581095.125,1702571.5,1694421.125,1118681.0,1245079.875,1405413.25,1371306.25,1370248.625,1490908.125,1654887.125,1467959.375,1379152.625,1333711.75,1557477.25,1390644.25,1328757.625,1230954.875,1416016.25,1332516.375,1517001.625,1582553.0,1415953.625,1303313.75,1039272.0,1097389.5,1390747.625,1256572.625,1582369.5,1632226.75,1456533.75,1480099.25,1507537.125,1512159.75,1476735.125,1389177.625,1606337.375,1560013.0,1414725.125,1432280.0,1482054.75,1392815.75,1749487.0,1814813.75,1738775.375,1694843.25,1738124.625,1789275.5,1847910.25,2165804.0,2070107.75,1998433.25,2147982.0,1996254.125,2105221.75,2039085.625,2191124.75,2090543.0,1712312.75,1643445.0,2070718.875,1872352.125,1942128.375,2023181.75,1560233.25,1636605.75,1725069.875,1776606.0,1657738.875,1657442.75,2025910.5,1952398.375,2034167.75,2084858.0,1813035.875,1931488.875,1960866.875,2031004.625,1807824.75,1786794.125,1467293.625,1500030.375,1894806.625,1841590.375,2071575.375,2034835.375,1574351.0,1575533.125,1617251.0,1555705.625,1527615.625,1440513.25,1870096.625,1805688.5,1562157.125,1547566.125,1511348.5,1452235.875,1991470.625,2031182.125,2109833.5,1960395.75,2108312.75,2209232.75,1606561.0,1681761.25,2203134.25,2291433.75,1908365.625,1907195.5,1956986.625,2165198.25,1708738.375,1710640.375,1850166.875,1878073.625,1745091.5,1838239.25,1744051.375,1701765.375,1833107.0,1879171.0,1731218.125,1533752.25,1677007.875,1592467.25,1390003.5,1408334.875,1532905.25,1505709.25,1835999.0,1878373.5,2036664.25,1980568.25,1240831.625,1198354.0,1286951.125,1242143.125,1394005.0,1304802.375,1667227.625,1628800.875,1860827.375,1639160.75,1444314.125,1413212.25,1519662.375,1592691.875,1360864.125,1350984.125,1755528.75,1694759.25,1360703.375,1354647.125,2358390.5,2369355.75,1600945.5,1766991.125,1940598.125,1887450.875,2245538.0,2070696.125,2396934.75,2407526.0,2421216.0,2626325.0,2645465.5,2409538.0,1906688.5,2423760.5
56,1888912.375,1900940.375,1827060.125,1881321.875,1905801.875,1810169.25,1912419.375,1760933.75,1872170.75,1821038.875,2111338.0,2129876.75,2034745.0,2023856.5,1878578.25,1898750.5,1927544.5,1819164.875,1864582.875,1803857.875,1688687.875,1667620.0,1881375.125,1606418.875,1986554.5,1885887.75,1351629.5,1350327.375,2019263.25,1911040.75,1706313.75,1588191.625,1576720.375,1516228.25,1602871.875,1406647.875,1601783.625,1560921.375,1853938.75,1807124.875,1663353.125,1741917.0,1392810.625,1368623.375,1177632.625,1171545.875,1314157.25,1272254.25,1389317.75,1279788.125,1485395.75,1493723.5,1638914.5,1585903.375,1979308.625,1842481.625,2069606.875,2063569.25,1645541.625,2077271.125,1525444.5,1444880.125,1888269.125,1734944.0,1706951.125,1979183.0,1836008.625,1691364.0,1379999.125,1507083.125,1729883.0,1751050.875,1724984.875,1683585.625,1401017.625,1295601.375,1764763.75,1582295.375,1703354.125,1692324.5,1121573.5,1250000.625,1408722.25,1375218.875,1369254.125,1488992.25,1654700.875,1468018.25,1381078.875,1337275.75,1557339.125,1389585.75,1334216.625,1235346.875,1417845.25,1336936.625,1516871.25,1583187.25,1421305.5,1306106.375,1041642.25,1100018.625,1392719.25,1258784.375,1580927.875,1630522.5,1455286.125,1477047.875,1511098.125,1516532.75,1480024.125,1393552.125,1609500.5,1565938.625,1422501.5,1443355.375,1496504.25,1413703.625,1752892.625,1821145.5,1740886.625,1697196.0,1737177.25,1789867.0,1857393.75,2170105.0,2065910.375,1992737.0,2149789.5,1998593.75,2110650.5,2039449.0,2192876.25,2093353.875,1703040.0,1636767.0,2070357.125,1875140.375,1939695.375,2024190.875,1559814.75,1640922.25,1725213.125,1775032.875,1654521.125,1658826.75,2024120.375,1950439.75,2040497.125,2089670.625,1812957.875,1931821.75,1963493.625,2033132.875,1808227.0,1788024.5,1464295.625,1500842.25,1897723.625,1841854.5,2072583.375,2034887.25,1575567.625,1577210.625,1618511.375,1557132.625,1526835.75,1441033.0,1867820.875,1804924.875,1559928.25,1548375.75,1509151.875,1451802.875,1998482.875,2037855.0,2111291.5,1962259.5,2114063.0,2213590.25,1611751.5,1688366.625,2201308.0,2289688.75,1911304.75,1908792.25,1962294.125,2170506.0,1707053.0,1704914.25,1848300.25,1874964.25,1740275.5,1827853.0,1746920.375,1701304.875,1831814.875,1879799.5,1718591.875,1523720.75,1673380.875,1587560.5,1384210.375,1400004.75,1529898.375,1503882.875,1826458.875,1861287.75,2029413.5,1974988.875,1250460.25,1200319.375,1290593.125,1242844.375,1397093.625,1308205.625,1672176.0,1632440.625,1861703.0,1638039.25,1444906.375,1413821.625,1520651.875,1592750.125,1358396.5,1350941.625,1755280.5,1694824.375,1360854.625,1355117.375,2363742.75,2375452.0,1601833.0,1773157.75,1941256.875,1890500.375,2246049.0,2073407.625,2397354.5,2411080.5,2424584.5,2626802.75,2643156.25,2410087.5,1911095.875,2427473.25
57,1889066.0,1898912.5,1830273.875,1883011.875,1917455.0,1816953.875,1909793.0,1759132.375,1870437.75,1822097.0,2114378.75,2133845.75,2038838.875,2025223.25,1878119.375,1901371.125,1925298.25,1815353.125,1864079.25,1804374.0,1685300.625,1664472.25,1883207.0,1602018.25,1983719.875,1881739.25,1352435.875,1350966.0,2011988.375,1909951.875,1702401.25,1586008.25,1571285.25,1510585.875,1598295.0,1405083.125,1600237.125,1560830.125,1850170.75,1805632.375,1671948.0,1746638.625,1391024.0,1369646.375,1178315.875,1173027.5,1320505.625,1279064.375,1391035.125,1281293.875,1484157.625,1494743.75,1637430.625,1585713.875,1978505.625,1844082.75,2076032.125,2067270.625,1658678.75,2082769.25,1524472.875,1445596.75,1883952.5,1734805.75,1707161.625,1980307.25,1840025.125,1696945.625,1383289.125,1509589.625,1731521.0,1748460.125,1725759.625,1683282.125,1402887.375,1297713.625,1767214.5,1585218.25,1706651.5,1695914.5,1120084.125,1255617.625,1407944.625,1379616.75,1370567.75,1490044.25,1657081.25,1471005.25,1377213.875,1336430.5,1551422.0,1389099.125,1334566.625,1237252.75,1415863.0,1337928.25,1512010.25,1581342.125,1419713.875,1308842.875,1040937.375,1104223.375,1391685.0,1260044.25,1579206.25,1628531.375,1453102.0,1474078.25,1513976.25,1518258.375,1480425.375,1394562.25,1610681.75,1567602.0,1422159.125,1443067.125,1493046.875,1416039.625,1755329.0,1820392.375,1745058.625,1698424.25,1743374.375,1789564.375,1843348.5,2167094.75,2056601.625,1980136.625,2145936.0,1995062.75,2110611.0,2037080.375,2183738.25,2089946.875,1698707.75,1635760.125,2063382.875,1877322.375,1937827.5,2021043.375,1557581.5,1640733.875,1730077.125,1776171.5,1650841.375,1654566.25,2016357.25,1949072.75,2038419.875,2087529.375,1812494.25,1932093.625,1962738.875,2034559.375,1811024.25,1789266.875,1463899.75,1500478.75,1901443.625,1841565.25,2076204.625,2035458.875,1576031.375,1578124.375,1617013.375,1554767.375,1526854.375,1440398.25,1865228.75,1802360.125,1560332.125,1549662.125,1509026.375,1452323.375,2000672.875,2039478.375,2106514.5,1961902.625,2114587.5,2211354.5,1616037.375,1693383.25,2197413.75,2282595.25,1910422.625,1908805.125,1966115.625,2169082.0,1705031.25,1702769.875,1847872.125,1876474.875,1735938.875,1834519.5,1748289.125,1702343.875,1834903.625,1883623.125,1709267.125,1519606.75,1668601.375,1587394.625,1378854.75,1397662.375,1525146.875,1505010.125,1816864.625,1856640.75,2021737.5,1970440.125,1252773.5,1200863.125,1294028.875,1243486.375,1398273.5,1307540.375,1673641.375,1633103.125,1863611.75,1641125.875,1448782.875,1415910.125,1521760.375,1591952.625,1359699.375,1352654.875,1762660.0,1699575.25,1362343.875,1355550.25,2359172.5,2372949.25,1601750.125,1776337.75,1939529.75,1894149.75,2253114.0,2076263.125,2399039.25,2411342.0,2425051.5,2627176.5,2657998.25,2419848.75,1909106.75,2429876.75
58,1890010.125,1897075.125,1832065.5,1886599.0,1921359.625,1817992.625,1910501.375,1758067.625,1871544.875,1822722.875,2116566.5,2136908.25,2039464.5,2023046.75,1875365.625,1898873.875,1928132.375,1814315.0,1867342.25,1801354.375,1684335.0,1661708.875,1885483.5,1599014.25,1987935.125,1883159.25,1355536.5,1352551.875,2015598.125,1910978.625,1704920.5,1585231.5,1573794.0,1510811.375,1600954.125,1406151.375,1603971.0,1564026.625,1853528.0,1805421.25,1673959.25,1744997.625,1390786.75,1370631.625,1179597.5,1173490.0,1322170.625,1280051.125,1393372.25,1284884.125,1483953.625,1492915.125,1638874.0,1585102.375,1979259.0,1845614.875,2076918.875,2068858.875,1662011.25,2085838.0,1526992.75,1445624.375,1888126.25,1732768.0,1706045.5,1979749.25,1840103.75,1697685.0,1380595.25,1506416.875,1732463.625,1746945.625,1729659.375,1686515.125,1404421.0,1296810.5,1766760.375,1585761.875,1708154.875,1700222.625,1117887.75,1253724.125,1406254.75,1378810.0,1369412.375,1490359.5,1659181.375,1473564.375,1375865.5,1334218.25,1546786.0,1386905.375,1332412.5,1238056.75,1414745.125,1335994.375,1505568.5,1576449.125,1416299.25,1307434.0,1039695.8125,1103933.75,1392406.875,1259572.875,1578627.75,1627589.0,1453279.5,1473558.375,1515060.25,1515547.5,1480627.75,1392582.625,1611866.25,1564582.5,1422434.0,1438843.125,1483831.75,1400784.25,1756213.625,1817048.625,1746320.0,1698088.0,1747637.625,1790573.875,1830100.75,2159036.75,2055928.125,1970826.625,2144386.75,1990846.0,2107721.25,2033966.125,2178928.5,2083823.75,1704914.375,1636418.375,2063267.0,1877075.5,1940662.625,2017449.0,1560453.875,1638966.625,1734017.375,1779755.875,1652681.625,1651754.0,2010216.625,1940386.0,2033284.25,2081277.625,1813080.875,1931285.5,1963579.5,2035603.625,1814501.0,1789623.0,1467546.5,1499148.5,1902709.75,1841660.875,2077725.0,2035547.875,1576863.75,1578928.75,1617148.375,1553701.625,1527723.875,1440358.875,1871433.875,1803860.75,1563782.125,1550280.125,1512272.0,1452798.0,2000255.0,2038223.0,2106048.5,1963104.375,2114239.5,2209890.75,1616906.5,1694723.75,2199101.75,2283747.25,1911001.75,1910980.75,1965619.375,2165425.0,1701272.375,1701783.25,1846363.375,1875305.125,1732764.875,1835215.5,1744750.25,1701743.5,1835513.125,1884622.375,1707905.625,1518070.625,1665458.25,1585398.25,1374838.625,1393338.375,1522659.75,1503076.875,1813092.375,1861291.125,2023906.25,1969506.25,1248062.0,1201646.875,1291613.5,1242345.625,1398600.0,1307908.375,1671459.875,1631120.75,1861559.25,1643578.875,1449011.875,1416638.375,1521894.0,1594244.5,1361649.25,1353441.125,1761612.0,1698019.25,1363173.875,1355767.0,2357994.5,2371204.75,1602301.0,1773360.875,1939017.125,1894014.625,2253798.5,2076759.0,2398025.25,2408938.25,2422934.75,2625915.5,2658231.0,2417387.25,1908139.125,2430106.5
59,1891053.125,1898498.5,1829303.75,1887207.125,1916281.0,1813360.0,1910200.75,1762257.5,1876637.5,1824803.125,2117512.0,2137046.75,2039887.625,2019708.625,1874431.25,1897388.75,1928575.0,1818308.625,1868218.625,1799780.5,1683711.0,1662544.875,1884262.125,1604007.375,1987042.5,1889645.875,1356037.875,1351505.875,2020763.5,1913525.5,1704873.75,1583845.625,1575655.5,1516654.875,1605141.375,1408018.0,1606383.0,1565811.125,1855645.625,1806815.75,1672154.0,1742876.0,1394205.5,1368484.625,1179787.0,1173139.625,1321482.625,1277568.875,1394913.375,1285535.125,1486043.75,1490002.625,1640499.875,1589058.125,1980210.5,1848566.625,2074768.875,2072211.125,1654988.0,2085617.125,1528146.875,1446067.25,1890251.625,1734410.875,1706742.875,1979756.875,1839481.0,1694681.875,1378833.25,1506872.0,1732621.25,1748247.625,1728675.375,1688531.25,1405087.0,1295628.625,1765730.375,1584402.25,1707949.625,1698164.5,1123381.625,1248383.875,1410442.375,1374723.875,1371442.125,1487344.125,1662171.125,1470668.25,1383221.125,1333591.375,1550589.875,1384286.0,1336098.25,1237921.0,1421187.125,1333727.75,1509485.125,1574414.375,1421606.5,1302649.125,1044493.3125,1098294.375,1395136.625,1257694.75,1580523.625,1629027.5,1454739.625,1475504.25,1514049.375,1512758.375,1481899.75,1390987.25,1612711.25,1563257.125,1427817.875,1442889.125,1492058.5,1400224.5,1755275.25,1816980.25,1746703.125,1699311.25,1746434.375,1792370.75,1841014.625,2161624.0,2061708.875,1972936.0,2147032.25,1996848.375,2107511.5,2041131.375,2185538.25,2083876.625,1709278.375,1635099.25,2068322.375,1874115.5,1942542.5,2021011.25,1562550.625,1637627.5,1731537.5,1777276.875,1655136.75,1654080.25,2007711.75,1927946.125,2037368.25,2081432.125,1809983.875,1930513.125,1965751.0,2035240.5,1813542.75,1791938.5,1469290.5,1498745.75,1899470.625,1845132.375,2074815.0,2038405.25,1577089.625,1578763.25,1618503.5,1556029.125,1527552.25,1440748.625,1873802.5,1806696.5,1562705.125,1549809.875,1511813.125,1452853.625,2000938.0,2037691.75,2110516.0,1964054.25,2115008.5,2211127.5,1617085.125,1694787.375,2206087.0,2290983.5,1914012.125,1914523.25,1963682.75,2166863.0,1701014.375,1700751.25,1846526.25,1872704.0,1732744.25,1824232.875,1744562.125,1702637.125,1831880.125,1883447.5,1712382.625,1517309.25,1669310.0,1583259.375,1378295.25,1389451.75,1526457.875,1500048.875,1813074.375,1856619.875,2027891.375,1970624.125,1250073.875,1203699.125,1290484.875,1243191.875,1399636.625,1310203.25,1671560.5,1630682.875,1860326.125,1641171.25,1447162.375,1414928.0,1523584.25,1596519.625,1361475.5,1353492.375,1753070.375,1691720.125,1362539.5,1355578.375,2367251.25,2377663.25,1604412.125,1772007.625,1942685.375,1889255.25,2249209.25,2079446.25,2397871.25,2405538.5,2423442.75,2624354.75,2644315.25,2408139.75,1913448.875,2428947.5
60,1887512.875,1900799.375,1824315.875,1884331.0,1910160.375,1813292.5,1905514.0,1766945.75,1877188.75,1825079.5,2116562.5,2135942.5,2039401.75,2019360.5,1873226.375,1898101.375,1924122.5,1823922.875,1864885.25,1802370.5,1682545.875,1665225.375,1879310.625,1608007.25,1977485.875,1891890.75,1354666.875,1350547.375,2017960.875,1914684.75,1701557.5,1582287.0,1572884.5,1518018.0,1606788.0,1409951.125,1603623.875,1564428.625,1852667.0,1805985.875,1670871.0,1744595.25,1397466.125,1367262.875,1179119.375,1173040.375,1320739.125,1277552.5,1393677.0,1283044.5,1489827.25,1492775.25,1639206.5,1592548.5,1978104.875,1852306.375,2074025.25,2076713.875,1651374.125,2085975.5,1527089.5,1445536.625,1886201.5,1738273.5,1706162.875,1979013.0,1839406.5,1693474.375,1378952.625,1507703.75,1731824.75,1748489.25,1724100.875,1686309.75,1407919.375,1298104.75,1765869.625,1585586.125,1708597.625,1695291.375,1129292.375,1247956.375,1413494.375,1372338.0,1377761.25,1488255.125,1665603.875,1467375.0,1388678.75,1331050.75,1557302.0,1384397.375,1338004.875,1235378.0,1425442.0,1330909.375,1519740.75,1576557.875,1427380.75,1300417.0,1049646.625,1094822.875,1393857.875,1255415.875,1581952.125,1631119.25,1454484.25,1477436.125,1511115.25,1511003.125,1479716.0,1389217.125,1608494.375,1562110.875,1424207.625,1441843.0,1495899.0,1407417.75,1752400.0,1816503.625,1748560.0,1701106.25,1744809.125,1792026.375,1844170.125,2168248.25,2060977.375,1981478.625,2146378.25,2002631.875,2106012.5,2048918.75,2185708.75,2087146.5,1704151.5,1634342.0,2064322.125,1869383.25,1938245.25,2025209.0,1558834.375,1637511.0,1726372.125,1773289.5,1652297.75,1655569.875,2005865.5,1928147.5,2038658.5,2082531.5,1804246.25,1929581.0,1962696.625,2031156.5,1809094.5,1793778.5,1466894.375,1499119.25,1895876.0,1848126.875,2071281.25,2041948.875,1575117.875,1576459.5,1618011.5,1557914.0,1526625.5,1440965.25,1866572.5,1805754.5,1557959.0,1549191.0,1507595.0,1451677.5,1997385.875,2034948.0,2110794.0,1961737.5,2113522.5,2210936.25,1614712.625,1692267.25,2205890.0,2290714.75,1912490.875,1913469.625,1962895.125,2168162.75,1706517.5,1704862.375,1850647.875,1877833.125,1738891.75,1829971.875,1749092.0,1705933.25,1829549.875,1883514.0,1719775.25,1522160.25,1674852.375,1587170.875,1387073.125,1396166.5,1532540.625,1502014.625,1817300.5,1857117.125,2024609.375,1970322.25,1250545.125,1202202.125,1291820.875,1245281.125,1396549.25,1307532.75,1671486.375,1630904.25,1865123.125,1640033.375,1447804.125,1412695.375,1526416.375,1595434.375,1361405.25,1354909.5,1754909.25,1694504.125,1361703.375,1355294.0,2367723.5,2376428.75,1604510.5,1771839.625,1945514.875,1885835.5,2249757.5,2080813.25,2400061.75,2403717.75,2423588.25,2624959.5,2646331.75,2412379.75,1913855.25,2425290.75
61,1884079.5,1901245.875,1820508.5,1881365.5,1908171.625,1816856.5,1901135.0,1764650.625,1871430.0,1821503.875,2114138.25,2134638.75,2038684.125,2022749.5,1872784.75,1897903.25,1926915.625,1826366.5,1864458.375,1806272.625,1685172.5,1669016.25,1876583.75,1606136.0,1975350.625,1887495.0,1354321.25,1353971.25,2013097.625,1913647.875,1702701.75,1584686.5,1571365.75,1514128.125,1606660.125,1410298.625,1601182.375,1563564.875,1853473.625,1803009.875,1669285.375,1745243.625,1396031.125,1370434.25,1178470.0,1172987.375,1318220.125,1277286.0,1391536.25,1282672.5,1491252.25,1498373.375,1635732.125,1588748.75,1973725.5,1850184.875,2069367.625,2072531.5,1646185.75,2082905.375,1529397.875,1443463.0,1886553.875,1737334.875,1702946.875,1975688.0,1834078.0,1692092.25,1378209.5,1504828.375,1731580.125,1750508.375,1726371.625,1684801.875,1409977.375,1297274.75,1767653.375,1589310.5,1708675.25,1696729.625,1126389.0,1250083.875,1409321.75,1372240.375,1380855.75,1494572.25,1663424.125,1469528.5,1384731.375,1327336.875,1557286.125,1385906.875,1334137.625,1234551.25,1422715.875,1330205.0,1520824.75,1577862.125,1423927.5,1302297.25,1046303.25,1095146.5,1390610.625,1255024.875,1580698.25,1631813.375,1453884.75,1477202.125,1508494.125,1508072.125,1475539.75,1388170.625,1604700.75,1561108.625,1412532.5,1431883.5,1481273.625,1399445.5,1751379.0,1815517.875,1747661.75,1699970.625,1746025.75,1791682.0,1827534.25,2164171.5,2055808.0,1986531.625,2143136.25,1996435.0,2100611.75,2041642.375,2178172.75,2087809.5,1698102.75,1633845.0,2057262.125,1867872.25,1934640.625,2021862.75,1557122.875,1641044.0,1726768.875,1776844.75,1652328.375,1656581.75,2008080.0,1938188.25,2030589.875,2079229.0,1802621.125,1927428.875,1958352.0,2026762.25,1806537.5,1790036.0,1467910.625,1498950.0,1895345.25,1844152.875,2067930.0,2038187.625,1572813.625,1574404.25,1618395.375,1559092.75,1526537.625,1442500.75,1868710.25,1804126.75,1560732.875,1548687.375,1512837.625,1449956.125,1993044.75,2033283.125,2107968.5,1961306.125,2112447.25,2211399.25,1608991.5,1686462.75,2201478.75,2287557.5,1908125.5,1908291.25,1963908.75,2166941.5,1710025.625,1709209.375,1852926.375,1882283.5,1744892.25,1845284.0,1747822.5,1704891.5,1829255.0,1881576.625,1724749.0,1527976.375,1673095.25,1591240.25,1389854.875,1405724.25,1534740.625,1504762.5,1822266.875,1869793.125,2020132.25,1969288.5,1241545.125,1198091.75,1289170.75,1243037.375,1392121.75,1304592.125,1668513.625,1630817.625,1867626.5,1641341.0,1446141.75,1413679.375,1525106.75,1593735.75,1362081.5,1354116.75,1761772.125,1701789.25,1361234.875,1354814.125,2355226.25,2365138.25,1601571.25,1768309.625,1942448.25,1885788.0,2250435.5,2075315.0,2398934.25,2405206.25,2420315.25,2625850.0,2655055.75,2419819.25,1907137.5,2420666.0
62,1888631.5,1901924.25,1819246.375,1881496.125,1910175.25,1815771.625,1899721.0,1758651.25,1869196.875,1819338.625,2113650.0,2134749.75,2041120.375,2026074.25,1875235.875,1898603.0,1934933.5,1825567.375,1866976.5,1806726.875,1687943.125,1672158.5,1877778.875,1605760.125,1982008.375,1883882.25,1353109.375,1356628.0,2014002.375,1914387.125,1704903.375,1589047.75,1572518.0,1514166.375,1604547.125,1409232.625,1602612.375,1565191.875,1856788.875,1803301.25,1669500.0,1745131.125,1391565.25,1371691.25,1177987.75,1172543.25,1316267.625,1275289.75,1391946.0,1284993.0,1488108.375,1497802.5,1633060.875,1584868.75,1970324.625,1843428.125,2063567.125,2063865.25,1636548.0,2076240.125,1531698.25,1442965.75,1891398.0,1734282.5,1702754.375,1974154.625,1829231.5,1689971.875,1379890.0,1507303.375,1731090.25,1754346.0,1731240.375,1686430.625,1405991.375,1291788.25,1770649.5,1591023.75,1707743.0,1697325.625,1121579.25,1248371.25,1408268.75,1373298.75,1377862.125,1495826.125,1658348.625,1471906.625,1380256.25,1327918.375,1553503.0,1386082.875,1336049.75,1238156.125,1422794.375,1333643.375,1514895.875,1576494.75,1418878.125,1303502.75,1041002.375,1094814.125,1391696.125,1256692.875,1579563.5,1631160.125,1454992.0,1475576.375,1508499.125,1507026.125,1475766.0,1390333.0,1608065.625,1564067.625,1413380.875,1433529.625,1477492.0,1396031.625,1754460.375,1817923.25,1743416.25,1697168.75,1747440.375,1792799.5,1825216.75,2159661.25,2054355.5,1983082.625,2143487.25,1990365.0,2098408.75,2032244.125,2179465.75,2089044.75,1698359.0,1632089.875,2061694.625,1873612.0,1938384.75,2020405.375,1562233.75,1647041.875,1731369.25,1781202.625,1658406.875,1660195.375,2013030.625,1939214.25,2028119.375,2078731.0,1805796.0,1926223.875,1959904.5,2027986.75,1807121.0,1785928.25,1471866.875,1498571.875,1895887.5,1839172.375,2065168.625,2030943.0,1573182.75,1576324.125,1619899.125,1560047.0,1526313.25,1443674.5,1878559.125,1804997.625,1566333.25,1548612.375,1521679.75,1449284.75,1996199.25,2037347.875,2108725.75,1964174.25,2115122.5,2215243.25,1607273.5,1684421.375,2205058.5,2290239.25,1908523.25,1906871.0,1966363.25,2167203.75,1707854.625,1705857.0,1849612.375,1875970.25,1740639.25,1838644.625,1741525.125,1700226.0,1828665.375,1877026.25,1720906.375,1526645.25,1667810.25,1587038.5,1383973.875,1402990.5,1532678.0,1502857.25,1819848.5,1870113.0,2020502.625,1970630.125,1241156.625,1199873.125,1286395.375,1240376.75,1394361.25,1309594.125,1668247.5,1632115.125,1863533.375,1639433.375,1441858.375,1416786.75,1521794.25,1593708.0,1361931.75,1350623.875,1758126.25,1699577.75,1361142.5,1355710.25,2351890.25,2364860.25,1600100.625,1767213.125,1938923.125,1885811.375,2245285.75,2070573.625,2396199.25,2408666.5,2419497.0,2625764.0,2647911.25,2414403.25,1905753.5,2421415.5
63,1893424.5,1902710.25,1822066.0,1883128.5,1913722.125,1812924.125,1900290.375,1757645.75,1871522.125,1820772.375,2114060.5,2135140.25,2042922.25,2025061.25,1877666.5,1899487.5,1935369.25,1823048.5,1867599.25,1803174.625,1686059.875,1670169.625,1880109.625,1605599.625,1985006.125,1884030.75,1350903.375,1353250.875,2018565.75,1914854.375,1703831.375,1589135.75,1575070.125,1516312.625,1604090.125,1408689.625,1603941.75,1566489.625,1856804.875,1806425.5,1669744.875,1745017.0,1391266.75,1369415.75,1178575.625,1172368.5,1318163.125,1274670.75,1393115.375,1285323.0,1485933.125,1493532.0,1633432.75,1586621.25,1971025.375,1842087.5,2067436.875,2064395.25,1638973.25,2076630.75,1530030.75,1444596.75,1892274.5,1734183.0,1705195.125,1976636.125,1833229.0,1690886.75,1383587.75,1513489.5,1730617.875,1754670.375,1730099.375,1686907.625,1401364.0,1289802.875,1769245.75,1587769.0,1707405.625,1696055.875,1122284.75,1246579.5,1412118.125,1375586.5,1374392.75,1491248.125,1658859.5,1470771.75,1380885.625,1331132.75,1554244.375,1386358.875,1341861.75,1240287.125,1425212.0,1336581.75,1513340.125,1576571.125,1420557.0,1303430.375,1042224.0,1095553.875,1394522.75,1258109.375,1579942.75,1629981.125,1455607.75,1474836.625,1511908.5,1510308.5,1479334.625,1393576.5,1612562.5,1568036.375,1424990.125,1445359.125,1492528.25,1410336.75,1756429.0,1820410.5,1742040.625,1697660.625,1745839.875,1792900.5,1840831.875,2165466.0,2056533.125,1977774.375,2145665.5,1993683.75,2103196.75,2036790.5,2186638.75,2091554.75,1701727.25,1631351.625,2068985.375,1879841.75,1942789.125,2024368.0,1565189.875,1648086.5,1732685.125,1777474.0,1660175.125,1661557.25,2012940.375,1931366.5,2033384.125,2081879.0,1808629.75,1926056.875,1962742.0,2031022.25,1808972.0,1788014.625,1471041.125,1498195.75,1896956.0,1840845.25,2068415.625,2032358.75,1574897.125,1579211.625,1618580.875,1558383.0,1524677.125,1442619.0,1878108.125,1804000.0,1566057.75,1549570.875,1519790.625,1449429.5,1999761.0,2039636.125,2109907.0,1963766.5,2115778.0,2214138.25,1611305.625,1688035.25,2208601.75,2291560.75,1911678.75,1910829.0,1966239.75,2166115.25,1707164.5,1702661.125,1846124.375,1870436.75,1731999.875,1822713.0,1741634.0,1699869.875,1829132.125,1875665.75,1713761.75,1522281.875,1665990.875,1581072.25,1378392.0,1394918.125,1529897.625,1501123.25,1813810.625,1857449.0,2023104.5,1971758.25,1252951.375,1204021.75,1289097.875,1242235.625,1399133.125,1314328.75,1671468.25,1633649.875,1861779.875,1637821.875,1441939.125,1418206.625,1522694.875,1593805.875,1361635.75,1350627.375,1752189.375,1694113.75,1362684.125,1358011.75,2361188.75,2376275.75,1602225.625,1772053.25,1941037.25,1886088.0,2244575.5,2074808.375,2398018.75,2409950.5,2422272.0,2625685.5,2641567.0,2408230.25,1911072.5,2426502.25
64,1892176.5,1902616.125,1825645.75,1882425.875,1915918.5,1812626.875,1903058.75,1761450.125,1873148.375,1823054.25,2113918.0,2133620.75,2039795.125,2020206.25,1877601.125,1897511.75,1933205.375,1821618.125,1868146.25,1799037.25,1684235.875,1663884.75,1879944.125,1600301.625,1983070.25,1886759.875,1351495.75,1347768.75,2020450.125,1912024.125,1700708.125,1583099.125,1577686.75,1513034.25,1604732.375,1406354.875,1603877.375,1565182.5,1857809.875,1808198.75,1667419.5,1742515.0,1394437.75,1367733.625,1179630.375,1172549.75,1321341.0,1274661.75,1392087.5,1283880.75,1488723.125,1493168.25,1637126.625,1588978.25,1975331.0,1848637.375,2076649.875,2071247.375,1653594.375,2083834.125,1530959.875,1445977.25,1890551.375,1736585.75,1704674.5,1978689.0,1839086.75,1694301.875,1382765.5,1509465.875,1733814.5,1753147.0,1729465.875,1686896.5,1403974.375,1293477.875,1767336.875,1585742.25,1710534.625,1699022.625,1123515.5,1248497.0,1410640.0,1376044.875,1375201.75,1490848.875,1662723.375,1470746.0,1380668.625,1331045.25,1555716.5,1386668.375,1338157.0,1236517.5,1422866.125,1333894.125,1513865.25,1578036.375,1423555.25,1302924.625,1044424.875,1098071.125,1393076.625,1257788.625,1580046.0,1629074.875,1454380.0,1474779.25,1514177.75,1512010.25,1479762.125,1391575.5,1611680.125,1568012.875,1423787.75,1441224.0,1495892.75,1411556.125,1752434.75,1816294.0,1746157.125,1701295.75,1744940.75,1793247.5,1842428.5,2168071.0,2059323.25,1976747.75,2145419.0,1996948.5,2107593.25,2045601.375,2187147.75,2088450.0,1701986.5,1632153.0,2066056.75,1875368.75,1940630.0,2021006.125,1559935.875,1640534.875,1730832.125,1771334.0,1656205.625,1657957.625,2009414.25,1927662.125,2034303.0,2081638.625,1808917.75,1925517.5,1961475.5,2028851.375,1811608.875,1791534.375,1469789.75,1498561.0,1898187.875,1843807.0,2074583.25,2039591.375,1574938.5,1578771.0,1616738.625,1556989.75,1525240.0,1442220.0,1872292.0,1801310.75,1565367.125,1550233.25,1515203.375,1449459.625,1996063.0,2034154.125,2109849.5,1962810.375,2114335.0,2208987.5,1613628.625,1688775.5,2206194.5,2289614.5,1911482.125,1912922.875,1964059.125,2163168.0,1710798.5,1706599.75,1848984.5,1876627.375,1733728.25,1827085.25,1746899.375,1702364.5,1831860.875,1878860.375,1714356.75,1523647.75,1666192.625,1584138.125,1379498.625,1396312.875,1529088.0,1503122.0,1814564.5,1856518.875,2023837.5,1968253.75,1254269.875,1202192.625,1291252.25,1245074.375,1397683.25,1309980.625,1671998.0,1633383.625,1864801.625,1641439.625,1446061.75,1418906.625,1524817.25,1593914.125,1362347.125,1354093.625,1755996.5,1697131.875,1364381.75,1357465.125,2363392.25,2378139.25,1603634.5,1774765.875,1942707.25,1886780.375,2252011.25,2080642.625,2399960.5,2407143.75,2422128.5,2626239.75,2651767.25,2415311.25,1911975.125,2427219.0
65,1893372.625,1904194.0,1825915.5,1881798.75,1915499.0,1812631.5,1906485.25,1763715.375,1873563.25,1823672.625,2117135.5,2133377.25,2037396.0,2018608.625,1876672.75,1896452.375,1934062.875,1823173.375,1870047.875,1798936.0,1685860.125,1661465.0,1876752.25,1598187.0,1980639.625,1889983.125,1353602.75,1346348.5,2019656.125,1912010.875,1698916.625,1578452.375,1577933.75,1510289.125,1602412.5,1403255.125,1605017.5,1563237.25,1860167.0,1807882.375,1668109.25,1742629.875,1394191.625,1366964.375,1179052.5,1172191.5,1321299.375,1273772.75,1391018.625,1284279.5,1491327.875,1495471.25,1639631.375,1588746.125,1977471.625,1852139.375,2076267.5,2072035.875,1657053.5,2085548.125,1532460.125,1446804.375,1889078.0,1738930.5,1702705.5,1977575.75,1837881.875,1695526.125,1378643.25,1501934.875,1735023.5,1751405.0,1731255.875,1689055.5,1407788.75,1297733.875,1773020.375,1590008.875,1713511.125,1701861.125,1121344.375,1248891.75,1407150.125,1373236.375,1377052.25,1493135.5,1662023.75,1472032.75,1378122.25,1328939.25,1551372.875,1385001.0,1330713.875,1232725.25,1419570.875,1329065.375,1511678.625,1575681.875,1422520.75,1300251.875,1043074.5,1097951.5,1389115.375,1256030.125,1578860.25,1628227.0,1453066.75,1473668.625,1510923.25,1510500.125,1476935.625,1385706.0,1608470.625,1564613.375,1413742.0,1425816.5,1482023.25,1395912.25,1747924.375,1809645.5,1748560.25,1702323.75,1747165.125,1794555.75,1830602.625,2162644.5,2062358.875,1979161.625,2144564.0,1993980.125,2106350.75,2044705.125,2184680.25,2083213.375,1699830.5,1632769.625,2062162.75,1867164.25,1936765.375,2013730.375,1555551.0,1633757.125,1730634.625,1772459.875,1653534.0,1654033.25,2009619.625,1931763.5,2031146.375,2079286.125,1810161.25,1927453.625,1960697.125,2026648.375,1812417.875,1790913.125,1471204.25,1500495.375,1897055.875,1842241.25,2074387.25,2039476.25,1573623.625,1578019.25,1618333.0,1559021.375,1529804.125,1443091.0,1869290.25,1803059.25,1563880.0,1548723.375,1513526.0,1450321.75,1993437.75,2029906.5,2111939.0,1966367.625,2117760.5,2211802.0,1613077.375,1686768.125,2206051.75,2289685.25,1907811.0,1909467.5,1965702.875,2165390.75,1712927.375,1709692.75,1853718.625,1883304.875,1742105.375,1839202.625,1747280.0,1701529.0,1834406.625,1881505.5,1720113.125,1528271.5,1665314.0,1589993.375,1383041.375,1400894.0,1530311.375,1504779.5,1819860.75,1867147.75,2023654.625,1966131.375,1244168.375,1198978.0,1289290.5,1246077.5,1394020.875,1304199.125,1669953.0,1631556.25,1865714.875,1645137.5,1449942.75,1420189.0,1524204.25,1595542.0,1362705.25,1356892.75,1761608.875,1702150.375,1363074.625,1355279.875,2358759.25,2370490.5,1603146.125,1773097.375,1941282.125,1886922.625,2256281.0,2079987.25,2398395.0,2405495.75,2420305.5,2627320.0,2659136.5,2423731.5,1908601.625,2424856.25
66,1897798.5,1906205.875,1826366.5,1884076.125,1913856.0,1813117.25,1908090.75,1762474.625,1874399.625,1823127.375,2121632.5,2135961.0,2038470.125,2022101.5,1876236.5,1898582.5,1931855.875,1824820.625,1869146.625,1803321.875,1687143.5,1665639.75,1875964.125,1602885.875,1979970.75,1889081.875,1351806.625,1349265.375,2019882.125,1916093.125,1700482.875,1581339.5,1576270.5,1514178.375,1599364.875,1403982.125,1605500.5,1563154.875,1856967.0,1806861.625,1669181.5,1744859.375,1391021.25,1367878.5,1177143.125,1171180.625,1316354.75,1272255.0,1391269.875,1284579.5,1489531.25,1496132.875,1638489.125,1588447.0,1976835.875,1847215.0,2069474.25,2066920.625,1648159.125,2080648.0,1527374.375,1448460.75,1885718.5,1739204.625,1702736.375,1975498.875,1833938.125,1694320.125,1378452.375,1506160.75,1728939.5,1749047.625,1728406.125,1690702.375,1404177.875,1298491.625,1776240.75,1593533.125,1709638.5,1697596.0,1120058.875,1247539.25,1408765.0,1372928.0,1375886.5,1490532.5,1657574.875,1471349.25,1377864.625,1331744.25,1546833.25,1384140.875,1333082.5,1235065.25,1419722.75,1330615.125,1510890.25,1572974.5,1421253.75,1299755.125,1042096.3125,1096893.375,1388618.375,1255302.875,1578247.125,1628738.25,1452625.875,1472930.875,1507359.75,1511784.25,1476459.25,1385464.5,1607590.75,1562553.625,1418214.5,1428971.0,1481510.75,1399066.875,1749392.375,1812256.125,1744448.875,1699797.625,1747100.125,1793721.5,1833366.25,2162625.25,2065073.75,1984410.0,2145514.0,1992332.25,2104337.25,2037839.125,2187269.75,2087387.125,1698973.375,1632141.5,2066460.875,1871943.0,1936553.25,2016540.375,1557991.25,1636382.5,1731176.375,1777709.75,1652210.875,1653340.125,2011697.375,1938400.125,2031613.875,2080495.375,1811948.5,1931222.875,1962040.125,2029568.875,1810754.875,1788678.0,1468503.375,1502622.5,1895611.5,1839878.5,2070817.375,2033796.625,1572822.625,1580103.5,1620594.25,1560018.375,1532554.875,1443036.75,1866043.25,1807511.5,1558126.625,1547455.375,1508825.375,1451732.25,1995977.125,2033427.375,2112398.25,1967790.5,2120262.75,2216588.0,1613080.125,1688339.375,2208198.5,2291105.5,1906298.5,1906506.25,1966737.75,2169736.25,1711312.75,1707291.375,1852245.75,1879268.75,1743175.25,1833790.125,1744645.125,1700410.0,1833501.5,1880432.25,1721190.0,1528103.0,1664321.0,1588672.25,1383898.75,1398467.625,1532183.75,1504786.5,1819551.625,1866882.375,2024857.125,1972166.5,1244868.75,1200325.125,1289613.0,1245861.875,1397077.5,1306577.25,1670497.25,1630474.5,1863612.125,1644147.0,1451426.625,1419982.25,1523429.25,1597682.125,1362309.125,1358164.625,1759228.5,1698985.875,1361115.125,1356068.25,2363554.5,2371625.0,1604214.125,1773589.25,1942964.0,1889218.25,2253183.75,2078496.25,2398708.25,2408431.0,2422463.0,2627068.5,2650410.5,2417050.75,1910524.875,2427247.0
67,1896657.625,1904492.75,1827992.375,1885745.25,1913179.75,1815165.25,1908614.25,1761696.375,1875544.375,1823880.75,2120926.75,2136090.75,2037847.75,2023089.875,1877360.875,1900037.875,1928174.375,1824294.5,1866464.25,1806909.625,1686497.125,1668992.5,1879541.125,1606905.875,1980642.75,1886694.875,1349066.0,1351730.5,2021276.5,1917171.875,1701407.0,1585293.0,1574549.25,1517756.5,1598998.125,1405653.0,1603797.375,1563649.75,1850785.875,1806692.0,1664127.375,1740946.25,1389721.25,1369042.75,1175860.625,1170346.125,1311133.125,1270253.25,1390366.5,1281464.875,1487345.0,1494423.75,1638019.5,1590123.5,1977693.5,1844378.125,2071585.5,2065637.75,1649138.125,2079854.125,1522175.125,1449306.125,1883446.625,1738415.375,1704119.125,1975891.125,1835553.0,1694851.625,1381250.25,1512912.625,1726721.625,1748764.25,1724037.375,1690169.25,1400657.5,1297755.25,1770064.75,1592095.75,1705289.5,1695355.125,1122897.5,1249609.375,1411140.375,1375750.125,1375399.625,1487163.125,1658092.625,1471135.375,1379836.875,1337922.0,1547569.25,1386584.875,1339521.125,1239110.625,1420891.25,1336666.75,1513608.75,1576766.0,1422485.25,1303658.125,1043023.5625,1098550.0,1390985.75,1256654.0,1580033.125,1631080.5,1452852.125,1474991.875,1507969.125,1513922.375,1477535.625,1389549.75,1608036.875,1563133.375,1426802.125,1444283.125,1498612.0,1418679.625,1752234.375,1820876.875,1742717.5,1699258.0,1744673.75,1792539.875,1847703.875,2167880.5,2064424.125,1988583.875,2145841.75,1996676.75,2104695.25,2037562.625,2190373.0,2094679.5,1698321.375,1629667.625,2068640.125,1880471.375,1936915.5,2023740.875,1559718.125,1641174.25,1729222.25,1775593.25,1651045.25,1654750.875,2012246.25,1941457.5,2035154.75,2083924.125,1810539.0,1931161.75,1960842.5,2030692.5,1809996.875,1788585.375,1463410.125,1501963.875,1896540.375,1841154.5,2070965.75,2033913.875,1572924.5,1581683.75,1620371.875,1558455.25,1530427.75,1443209.875,1864113.875,1807400.5,1555777.0,1549077.375,1505082.5,1452107.125,1995305.375,2035364.0,2109046.5,1963128.0,2116456.25,2214310.0,1611968.375,1689055.125,2207904.75,2292382.5,1910041.75,1908557.375,1961588.25,2168170.5,1710118.875,1706015.625,1849793.5,1874189.875,1739575.0,1823989.0,1746960.125,1703127.75,1831593.75,1878787.5,1718627.25,1525861.75,1666474.125,1586938.125,1385351.625,1398584.375,1533932.0,1506041.375,1815595.875,1855356.625,2024778.625,1977187.5,1254842.875,1202119.125,1293302.625,1246196.25,1401721.875,1311350.5,1672489.25,1631261.375,1862514.375,1640989.875,1449583.75,1418248.125,1523536.25,1597147.375,1362038.25,1357364.625,1754428.875,1693221.75,1361691.875,1357300.25,2371106.5,2380051.25,1605383.25,1776233.75,1945118.375,1892530.5,2250306.0,2080651.625,2400997.25,2410557.75,2425236.5,2626409.0,2643047.0,2407588.75,1915030.75,2431360.75
68,1889741.125,1900283.5,1826602.625,1883957.125,1912740.25,1815125.75,1909630.375,1762884.0,1873919.5,1824037.375,2116030.0,2132329.5,2035960.0,2020957.0,1878675.0,1898902.625,1929334.875,1821986.5,1866655.5,1804776.625,1686413.0,1668710.125,1882868.875,1607478.25,1982999.5,1888344.375,1351579.625,1352172.75,2022783.0,1916999.875,1702153.25,1585927.25,1574370.625,1519326.75,1603799.5,1408587.5,1603216.25,1565751.0,1851750.75,1810801.25,1661511.0,1735603.625,1391036.125,1368776.5,1176613.625,1171054.375,1312235.875,1270353.25,1388944.0,1279036.5,1487725.0,1493351.875,1639406.25,1590306.25,1978163.875,1847684.5,2076691.875,2068449.875,1657051.75,2083808.0,1523995.5,1447122.5,1888712.75,1738145.375,1705700.0,1978312.5,1839084.25,1695540.75,1380248.0,1507204.0,1732783.625,1749933.0,1724327.5,1686667.875,1403995.125,1299197.75,1764758.5,1589670.0,1705496.25,1699687.625,1124302.0,1251647.875,1407923.375,1375536.75,1376322.625,1490275.75,1662130.125,1471948.875,1380624.5,1338677.5,1550967.25,1389399.25,1337032.875,1237967.875,1419611.375,1337435.125,1515855.125,1583092.875,1421393.0,1305407.625,1042345.3125,1100667.25,1391527.75,1257826.25,1581552.875,1631128.25,1453244.375,1477815.0,1509401.5,1511407.0,1476053.875,1389605.0,1607446.0,1562161.5,1418123.125,1441261.5,1501252.0,1418107.125,1750452.375,1819509.5,1746148.5,1701623.25,1742956.375,1794150.0,1851403.0,2168352.5,2060957.875,1987350.375,2145239.5,1998899.25,2105584.25,2043583.25,2189170.5,2091701.375,1699422.25,1629542.5,2064554.375,1874735.625,1938269.125,2025479.375,1558540.625,1640020.375,1725759.5,1768422.0,1653681.125,1657652.75,2013899.0,1940188.125,2036661.625,2085464.625,1807497.375,1927774.25,1957655.5,2027326.875,1809718.75,1788945.125,1463689.0,1499644.75,1897089.875,1843371.0,2073617.75,2037859.375,1573489.875,1578549.75,1619465.25,1557359.375,1527381.5,1443856.375,1867741.375,1803762.75,1560960.5,1550031.5,1508936.0,1452714.625,1991962.25,2031856.75,2107544.75,1959175.625,2112724.75,2211372.5,1609187.625,1684817.125,2205327.25,2291499.5,1912731.25,1910790.125,1958244.75,2165508.5,1710724.875,1708689.625,1851814.25,1876009.0,1741234.25,1830385.25,1749138.625,1704551.375,1831573.25,1879369.375,1720933.75,1527995.75,1671444.5,1591050.875,1389647.125,1407336.25,1534151.75,1507966.75,1818752.375,1855515.125,2024166.5,1974196.75,1253741.25,1198968.0,1293908.375,1245608.0,1397825.75,1307283.25,1670560.875,1630452.375,1862394.625,1639997.875,1447301.0,1416374.875,1522638.0,1594228.5,1361689.375,1354713.25,1755380.25,1694296.5,1362575.125,1355501.875,2367257.5,2380001.5,1603787.25,1775807.125,1942465.125,1892709.25,2252001.75,2081584.5,2400012.0,2408401.0,2423292.0,2626979.25,2648646.0,2412657.75,1912563.875,2430827.25
69,1884411.5,1898285.5,1823251.625,1880097.625,1911415.875,1812244.0,1911107.625,1762393.125,1871830.875,1822140.25,2110863.5,2130550.75,2036826.125,2022395.875,1875616.125,1896559.125,1929801.125,1820307.75,1865919.25,1799638.125,1686771.5,1669860.875,1881694.125,1606468.75,1985494.875,1889595.5,1354679.625,1353968.625,2019950.125,1918865.625,1706298.75,1587552.0,1574928.125,1520946.125,1609667.5,1416016.5,1604888.5,1569258.75,1857555.125,1816355.375,1666925.875,1739318.25,1392072.625,1370876.125,1178723.375,1173140.5,1318043.625,1274849.75,1390097.625,1281592.0,1488100.25,1495975.375,1640135.75,1586799.0,1976599.5,1848049.0,2073208.0,2068111.375,1655643.875,2084026.125,1528615.0,1445414.75,1895442.25,1737542.625,1705861.25,1978979.875,1838031.625,1694442.0,1375847.0,1498944.75,1735714.75,1750228.375,1727169.75,1683623.0,1405891.875,1300396.25,1765944.75,1588345.375,1704851.875,1700713.875,1119383.25,1249656.125,1402669.25,1373811.25,1373563.25,1495908.5,1659671.75,1471065.5,1379139.5,1334753.875,1555259.75,1389342.375,1330074.25,1234957.875,1416955.375,1334515.125,1515456.375,1585621.625,1416100.75,1304724.625,1039354.5,1100404.875,1390395.0,1258116.75,1580833.25,1629120.25,1453867.25,1477583.75,1509488.25,1509742.125,1475147.75,1388062.375,1606840.0,1560855.0,1409889.125,1428562.0,1484934.5,1399882.25,1748514.25,1811714.375,1745660.5,1701457.0,1740096.125,1795364.0,1846072.0,2164547.75,2057843.375,1982368.875,2146973.75,1995771.75,2105981.5,2044046.125,2188938.25,2085630.375,1702751.75,1634797.0,2064154.375,1865201.75,1943331.0,2024597.25,1559651.5,1637044.125,1723431.0,1769643.0,1659762.75,1660814.5,2015378.625,1936325.125,2035472.25,2085270.625,1804865.625,1926366.5,1958102.5,2026860.75,1809453.0,1787473.375,1468158.375,1500507.125,1896351.625,1841902.875,2074171.375,2037169.375,1574320.375,1574641.375,1618782.875,1556457.625,1527401.625,1442627.625,1872505.75,1804768.25,1565201.625,1548798.625,1514686.75,1453534.75,1994583.625,2033402.25,2110650.0,1961425.75,2110022.25,2210572.25,1608141.875,1682683.375,2203470.75,2289180.75,1911404.75,1910716.5,1961875.0,2166825.0,1709805.375,1709374.75,1851812.0,1877031.5,1744380.0,1839413.0,1744577.5,1701846.875,1829671.625,1879780.125,1725382.125,1529406.25,1673717.0,1593672.25,1390500.375,1409491.0,1531714.75,1507057.5,1824710.125,1866848.375,2024961.5,1970668.5,1244948.25,1197189.375,1290377.75,1242970.25,1392267.25,1301776.25,1666685.0,1628351.375,1861119.125,1640720.75,1446520.625,1414900.875,1520862.875,1592725.5,1360959.25,1352319.875,1758857.5,1697910.75,1361298.875,1353137.75,2358863.0,2370884.0,1601049.875,1771967.75,1938576.375,1889740.25,2252945.0,2077985.75,2395951.25,2405153.75,2418838.25,2625379.5,2653709.25,2419110.0,1906096.375,2427065.25
70,1885065.125,1898803.125,1823420.25,1879218.625,1911942.5,1813450.25,1911389.75,1761385.0,1873094.375,1820905.875,2109232.5,2131986.25,2038645.375,2024572.0,1871539.25,1896118.125,1921444.625,1821278.125,1862350.625,1799751.625,1685666.375,1671751.0,1876922.625,1606924.375,1980667.75,1888230.125,1353230.0,1355061.875,2013689.75,1917228.75,1708562.875,1589604.375,1573937.875,1519464.125,1607193.875,1417475.875,1605814.25,1567682.875,1856616.0,1814357.5,1671715.75,1747397.0,1391543.875,1372281.125,1179369.125,1173991.5,1320737.125,1278966.375,1392491.125,1284084.375,1487123.0,1497360.75,1639246.125,1587268.5,1974411.875,1845329.5,2070432.0,2068262.625,1651379.75,2082824.875,1528996.625,1447147.5,1891387.75,1736127.75,1704662.375,1978095.625,1836344.125,1694591.625,1374072.625,1503238.75,1731647.5,1749564.5,1727019.375,1687027.125,1403580.375,1299105.375,1767107.5,1587468.375,1704303.375,1696982.375,1117774.875,1246437.125,1405920.625,1373242.125,1370898.0,1493862.625,1656349.375,1469878.0,1380350.125,1332592.875,1559466.125,1386995.25,1331205.75,1236260.0,1419758.875,1333291.625,1516565.75,1583234.375,1414959.5,1304123.625,1040374.375,1097386.625,1390553.875,1257761.25,1580947.25,1629540.375,1455928.25,1475353.5,1509158.5,1513900.625,1477652.25,1388835.875,1606836.375,1562782.375,1421549.875,1433897.125,1481667.0,1394782.0,1751625.375,1814164.375,1743269.125,1698011.375,1737438.375,1792405.0,1842004.75,2162470.25,2056412.25,1978264.0,2148438.0,1995653.5,2103933.5,2039179.875,2190095.25,2088311.125,1703244.625,1637265.625,2067828.0,1867441.75,1944941.75,2025510.5,1561839.0,1637697.625,1724295.75,1775880.0,1660970.0,1659850.125,2013056.75,1931840.75,2035084.875,2084602.375,1804150.75,1927310.75,1962040.125,2029828.75,1809704.375,1788047.75,1468529.75,1502636.125,1895698.75,1841036.25,2071132.75,2034546.5,1574769.0,1577338.5,1617215.75,1555225.0,1529756.5,1440777.25,1868537.5,1810607.5,1559796.625,1550254.5,1511422.625,1453664.0,1999595.75,2038836.5,2112824.25,1964764.875,2110316.75,2210843.25,1609626.125,1686379.375,2203785.5,2287987.0,1911572.75,1910801.75,1966103.25,2169063.5,1707129.875,1706691.875,1848345.375,1874179.0,1740637.5,1835251.5,1742346.875,1700809.75,1827078.625,1878888.25,1723471.25,1525144.25,1673172.5,1589950.75,1385954.5,1399230.5,1530278.5,1503855.25,1822024.75,1868849.75,2023598.5,1970244.25,1246020.25,1202797.75,1287828.75,1243812.125,1395573.75,1307689.75,1667650.625,1630047.75,1860452.0,1639302.625,1448274.0,1414909.25,1521374.25,1592979.375,1360918.25,1352944.0,1759072.5,1696717.75,1359864.875,1353782.125,2358427.75,2366451.0,1601005.0,1768623.875,1939401.25,1885085.125,2249467.0,2073715.0,2395051.5,2404419.0,2418686.0,2623161.25,2648854.25,2413633.0,1906870.75,2423798.25
71,1889305.625,1899938.25,1827107.75,1885636.25,1912775.875,1819314.25,1909223.625,1765237.125,1873980.5,1820473.25,2113362.0,2133586.75,2038789.25,2022585.75,1873022.375,1900968.75,1913887.875,1823702.25,1862764.5,1805075.25,1684107.5,1670158.875,1875107.125,1611636.625,1974232.5,1891574.625,1351801.5,1351439.875,2015039.625,1914691.75,1705591.25,1589000.25,1572342.125,1519590.125,1600035.875,1408362.0,1603577.75,1562680.625,1848850.5,1807470.125,1672370.875,1749117.875,1392297.0,1367823.875,1178062.75,1173372.25,1319062.75,1278557.875,1393228.75,1282476.625,1485505.25,1492735.5,1637121.25,1594991.375,1972655.625,1847116.5,2073545.625,2074099.75,1650540.375,2085461.25,1524833.0,1448509.5,1883025.25,1736208.625,1704412.875,1977559.625,1836900.5,1694325.125,1375983.0,1511191.625,1726615.75,1748092.125,1722862.25,1689734.625,1404082.0,1297570.875,1761800.25,1583111.75,1705315.25,1692639.625,1126393.125,1243800.375,1416723.0,1370936.5,1374141.875,1484345.125,1662743.75,1467520.75,1389186.0,1331952.75,1560830.125,1384462.875,1338558.375,1238105.375,1428838.875,1330755.875,1521371.25,1577496.0,1421307.875,1300477.75,1047704.0,1093539.375,1393257.25,1256177.875,1582620.625,1630443.375,1458388.75,1475480.375,1509914.5,1517852.625,1480781.625,1389853.875,1606397.375,1564071.0,1433923.875,1448656.125,1497019.25,1406412.75,1754948.75,1822213.5,1745193.875,1696238.0,1737976.75,1788421.75,1838979.25,2164391.5,2058654.375,1976773.125,2145762.5,1999948.375,2100976.5,2038603.375,2186103.75,2092350.625,1703252.0,1632353.25,2067669.125,1875306.875,1939354.125,2029055.75,1561338.375,1641367.75,1728255.5,1774645.75,1654020.625,1656249.5,2009577.375,1930010.625,2035697.125,2081168.125,1807936.125,1928815.0,1963731.0,2031150.625,1808549.75,1792685.625,1463494.25,1500592.75,1895085.0,1846435.75,2068665.25,2036091.625,1575453.875,1582517.875,1616087.125,1554786.875,1529747.375,1440227.0,1859689.5,1811830.875,1551129.875,1553404.125,1502930.375,1455151.5,1999790.25,2037975.375,2109573.0,1962187.875,2116158.5,2213938.75,1612452.625,1690791.625,2203576.25,2286873.0,1913463.75,1910561.125,1966157.875,2171045.5,1705807.625,1705240.75,1847471.125,1872892.0,1733168.75,1826497.125,1748753.125,1703422.75,1830065.375,1879703.875,1719064.125,1520329.5,1675431.75,1583156.0,1383098.125,1391702.375,1532806.5,1502191.625,1815576.75,1860971.375,2022350.5,1969996.875,1253282.375,1204831.25,1289073.125,1246881.125,1399969.625,1314957.0,1671669.625,1633151.25,1863716.5,1637186.125,1453729.25,1415731.0,1525707.5,1593650.75,1362517.0,1356380.875,1757389.25,1694420.375,1361436.875,1356515.875,2366424.5,2372816.75,1605156.625,1768543.0,1946644.375,1882624.875,2247178.5,2075032.875,2401228.5,2407584.5,2424917.75,2626622.5,2643068.0,2408636.75,1914957.125,2423434.75
72,1891411.5,1901385.875,1827567.5,1890233.25,1910477.875,1818015.125,1906964.0,1768562.875,1872985.75,1819470.625,2116533.25,2134706.25,2038298.75,2020924.5,1876255.5,1905664.375,1919618.75,1825956.625,1866663.0,1806237.5,1684416.75,1666806.25,1877258.375,1614605.75,1978295.875,1896688.25,1354343.75,1348914.75,2019619.5,1915934.75,1701876.375,1586198.0,1570802.0,1520728.875,1597784.5,1403191.5,1601591.75,1561563.75,1845191.75,1804255.375,1671790.5,1744634.25,1394696.125,1364774.25,1177240.125,1172999.625,1318234.875,1276970.25,1392354.875,1281203.5,1485319.375,1489126.75,1636999.25,1597109.75,1975333.5,1849720.5,2074452.875,2074860.75,1650189.0,2085047.875,1522794.75,1446836.125,1884308.375,1738486.625,1704766.0,1976763.25,1837186.5,1693586.0,1377513.125,1508682.875,1725403.375,1747181.625,1720990.125,1684578.125,1405865.25,1297566.75,1758665.5,1576961.875,1704300.375,1689772.375,1130606.0,1244189.375,1420507.25,1370366.75,1376980.5,1480916.5,1667052.0,1463511.125,1393106.125,1330990.25,1558167.75,1383394.375,1339992.25,1235523.75,1429711.625,1328242.625,1522164.75,1574532.375,1425054.0,1297957.75,1051027.125,1093154.875,1395186.625,1255128.75,1582615.0,1629901.875,1457752.5,1477812.0,1511073.75,1517409.875,1481027.5,1391617.25,1606439.125,1563152.75,1427926.875,1449781.875,1500541.5,1415596.875,1753684.0,1822804.75,1746585.0,1697461.375,1741085.75,1788682.75,1839045.875,2167845.25,2062947.625,1980325.0,2143192.5,2001252.5,2103196.5,2041515.125,2181431.5,2089395.125,1706400.75,1631479.625,2064800.125,1877543.75,1935261.875,2029969.125,1558666.875,1641563.5,1731866.125,1770626.875,1648460.625,1655404.625,2011216.25,1936546.875,2035232.625,2078874.0,1813620.0,1932482.5,1964490.0,2033361.125,1807557.875,1793654.5,1461632.875,1497275.25,1895987.0,1849639.625,2070453.75,2038373.0,1576935.375,1580314.25,1616819.5,1554936.875,1528386.25,1439789.5,1860644.625,1805623.5,1552602.75,1551164.375,1504035.875,1455784.75,1999340.875,2035289.0,2107570.25,1959306.375,2116701.0,2214852.75,1615299.5,1692956.25,2203133.25,2287390.25,1913861.25,1910186.875,1963846.875,2169901.25,1706222.375,1705099.375,1849921.125,1875884.625,1731726.125,1826883.5,1754106.5,1706105.625,1836077.5,1883439.875,1718902.875,1520247.625,1677706.125,1580849.75,1382448.375,1393431.0,1533626.375,1502700.375,1817036.0,1857712.75,2026252.875,1971570.75,1251698.625,1198066.875,1291152.5,1245066.875,1396535.625,1310906.375,1672196.25,1632514.625,1867427.875,1638835.0,1454640.875,1415967.75,1528013.625,1594958.875,1363370.875,1357538.75,1757372.0,1696240.75,1363997.75,1357759.25,2369337.75,2377382.5,1607205.5,1770728.25,1950750.375,1885399.25,2249765.75,2078714.875,2405716.0,2411141.0,2428003.0,2630835.0,2646686.5,2413724.75,1916167.875,2425048.25
73,1888637.375,1900387.75,1823023.875,1882476.125,1908504.25,1808407.75,1906337.75,1762517.375,1871675.0,1818363.625,2113876.0,2133538.75,2037463.75,2020297.875,1875120.875,1899811.375,1928912.5,1824614.625,1866709.875,1801025.25,1685552.0,1664314.375,1876566.875,1606125.25,1984411.75,1891701.375,1356864.375,1350943.375,2016761.0,1913867.5,1700094.25,1581541.625,1570173.75,1513539.875,1600178.75,1406810.875,1604404.25,1562654.5,1850514.375,1803971.125,1669186.75,1740369.75,1395158.75,1366671.625,1177666.0,1172442.625,1318663.625,1275890.625,1390976.25,1282580.875,1487629.0,1490949.375,1639290.5,1587947.875,1979474.875,1847060.625,2072023.5,2066271.125,1651525.0,2078826.625,1525607.25,1444252.625,1890548.0,1738403.0,1705196.75,1976711.0,1836324.75,1695013.0,1377451.0,1501072.875,1728253.625,1748445.0,1724655.0,1681427.625,1404254.875,1299147.25,1766934.375,1579129.375,1704669.625,1693030.375,1122904.375,1247364.5,1413004.375,1374271.75,1374947.75,1488142.5,1659657.25,1464277.125,1382934.125,1329708.25,1555461.75,1385144.25,1333803.875,1233149.625,1418123.0,1329702.125,1517687.25,1577370.625,1421863.625,1301219.25,1045553.1875,1096784.625,1392814.125,1256236.25,1580946.625,1630613.5,1455375.875,1478896.875,1510979.25,1515063.125,1478669.875,1393751.625,1607668.875,1562449.5,1415056.875,1438079.875,1485047.875,1406957.75,1751953.375,1818741.375,1745283.875,1698875.75,1745104.75,1791936.875,1842237.875,2167777.25,2064852.5,1991524.875,2143916.5,1996795.125,2107636.75,2042505.5,2183337.25,2085763.875,1707610.0,1638820.625,2065246.25,1872482.25,1936776.875,2022396.0,1557422.125,1634914.125,1732195.25,1772935.75,1650852.5,1655989.625,2018287.75,1950694.75,2034595.125,2084129.375,1816327.875,1936446.75,1966202.5,2035864.625,1809138.25,1788211.375,1465689.0,1497898.625,1897745.375,1843790.5,2073517.625,2037407.75,1575870.625,1574758.75,1618029.125,1555761.625,1530018.375,1439599.875,1869260.75,1802028.0,1560568.5,1545622.375,1512404.25,1452200.375,1999270.0,2035206.25,2110483.25,1961620.5,2110077.75,2209823.25,1615800.125,1693342.875,2203145.25,2289967.0,1912069.625,1909793.625,1962798.5,2164926.0,1706750.25,1705967.0,1852544.375,1881280.125,1738137.875,1837660.75,1750877.875,1706557.5,1838436.875,1886319.625,1722497.75,1525651.125,1674742.75,1587610.625,1380918.875,1398579.25,1529602.875,1503484.5,1827337.875,1867281.0,2030920.25,1975624.5,1242596.375,1194822.125,1289757.25,1241309.625,1392101.0,1304023.125,1669711.75,1630235.25,1865715.375,1641607.75,1446440.5,1415470.25,1523797.75,1594459.75,1361852.5,1353706.75,1758986.5,1699262.625,1363199.75,1356787.25,2360162.75,2371128.25,1602744.25,1771768.0,1944496.75,1889603.625,2251674.5,2076147.75,2400892.0,2410526.5,2423109.0,2628501.25,2654958.75,2419929.0,1907962.125,2425504.75
74,1886142.5,1898211.125,1821800.875,1873750.375,1908721.125,1804669.0,1905903.75,1754872.0,1870264.125,1819400.0,2113400.75,2131281.5,2036831.625,2019507.75,1872267.125,1889456.25,1929698.5,1819158.875,1864543.75,1797551.625,1685662.25,1662987.125,1874862.0,1593949.875,1982752.25,1881719.0,1355746.0,1352545.25,2016514.25,1909985.75,1701075.5,1578067.875,1575273.125,1507558.75,1603914.125,1408866.0,1608567.75,1563080.25,1857632.0,1804328.25,1666657.125,1740304.75,1394060.875,1367701.0,1178074.125,1171628.0,1317759.375,1274091.875,1390878.5,1283834.375,1488891.375,1492467.5,1639881.75,1581338.75,1977567.25,1843831.625,2069569.625,2062062.75,1649857.875,2075878.625,1528123.75,1443254.25,1891106.5,1735142.5,1706299.5,1977555.5,1834119.125,1694335.5,1378029.875,1499793.625,1729927.875,1749671.0,1728154.75,1685595.125,1401486.0,1299533.25,1773908.625,1586365.375,1707457.25,1698630.5,1117275.0,1248225.0,1405972.0,1376363.125,1372648.75,1493286.625,1653808.0,1469771.875,1375802.25,1330575.125,1555552.875,1388346.125,1330429.75,1235875.125,1412991.375,1333307.0,1515620.5,1580290.25,1419525.375,1303537.125,1041121.5,1099871.625,1390128.125,1258142.75,1580717.875,1631735.375,1455737.25,1478563.5,1511328.625,1512181.625,1478807.625,1393436.875,1608484.0,1562325.0,1413856.375,1431168.5,1478025.125,1390513.125,1754130.0,1817437.5,1744297.375,1698460.75,1746738.25,1793308.625,1842100.125,2163115.0,2063916.5,1996356.75,2144883.75,1990924.5,2106322.75,2039853.25,2186565.75,2085517.375,1705628.875,1640934.625,2068964.5,1867280.625,1939433.5,2014601.875,1559417.125,1630734.375,1730135.0,1777286.375,1654287.25,1654967.125,2019869.375,1952374.875,2033374.625,2087423.5,1814475.25,1933821.375,1962952.625,2031434.0,1810891.625,1785308.5,1468563.875,1500378.875,1897210.25,1838182.375,2073795.25,2035387.0,1573254.375,1575369.875,1618220.125,1556999.375,1531076.25,1440714.125,1870925.5,1806272.375,1563013.875,1544488.25,1514204.625,1449196.375,1995460.75,2032895.75,2110100.25,1962533.625,2109266.5,2206198.25,1614441.625,1691563.25,2201562.5,2290672.25,1908538.375,1907826.625,1963759.375,2163600.0,1707668.0,1709724.375,1852528.0,1881632.5,1743487.375,1842235.0,1744580.25,1704014.625,1835657.125,1883679.5,1725350.375,1530921.125,1670559.875,1593938.0,1381906.875,1402623.125,1528297.125,1504423.375,1832945.0,1877433.5,2030499.125,1976093.125,1240009.375,1199723.125,1286578.875,1240698.75,1394103.375,1305153.25,1668171.375,1630274.0,1861798.5,1641307.375,1441860.875,1414320.875,1520118.75,1592605.625,1360752.875,1350644.0,1759231.375,1698563.125,1361064.25,1356025.875,2355284.5,2367216.25,1599293.5,1771553.625,1939437.875,1891886.5,2249278.25,2072010.375,2396451.5,2408795.75,2420756.5,2625206.75,2654295.25,2417428.25,1905858.125,2426348.5
75,1890337.875,1901478.75,1827475.375,1876250.125,1912588.0,1809699.125,1906315.625,1757149.125,1872418.25,1824049.25,2119515.0,2132897.0,2040232.25,2022502.625,1874034.625,1889100.875,1928483.375,1817302.5,1867356.875,1799398.875,1686192.375,1662538.375,1878476.375,1593337.5,1980162.5,1879724.125,1354889.0,1351578.0,2024743.0,1911887.875,1703570.375,1578317.875,1583639.25,1511945.875,1606961.75,1406033.375,1609429.875,1563080.75,1859470.5,1805271.625,1667938.0,1742210.375,1394768.0,1367744.0,1177551.75,1170607.125,1316693.5,1271991.25,1392384.125,1283351.875,1488193.375,1492100.5,1639706.125,1585262.0,1974796.625,1844266.375,2069796.875,2065173.125,1645127.875,2078497.25,1527465.625,1444291.25,1888112.75,1734919.0,1706816.0,1977689.625,1833693.125,1692527.0,1379373.5,1505075.5,1727162.875,1748809.75,1726487.875,1687906.25,1398634.625,1296641.25,1769277.5,1586407.5,1705778.0,1697587.5,1119322.0,1248253.375,1407110.125,1375571.25,1372848.0,1489940.625,1655463.875,1472105.125,1380127.5,1335348.125,1555319.0,1389132.75,1334956.75,1239422.625,1420013.375,1336638.375,1516086.25,1580071.25,1421943.25,1302242.125,1042570.625,1099769.25,1390890.5,1258930.625,1582515.75,1632187.375,1457210.125,1478368.5,1511660.625,1509620.125,1481531.5,1391914.625,1609099.375,1564134.875,1423097.125,1436763.5,1490019.875,1394713.125,1756923.25,1819463.75,1742551.125,1696832.75,1745437.75,1791553.125,1842679.625,2160249.0,2062674.75,1984016.25,2145364.0,1990353.875,2103506.75,2036017.625,2187867.25,2085661.25,1705291.25,1634675.25,2071349.375,1868126.875,1940239.875,2016193.75,1560900.375,1633978.5,1730103.625,1776415.0,1653560.25,1654658.0,2011620.25,1932727.625,2031985.0,2082076.5,1809570.0,1926221.875,1958595.875,2025200.625,1811335.875,1788003.375,1466908.5,1500908.0,1896164.125,1839361.25,2072295.25,2033965.0,1573888.125,1578878.375,1617465.25,1556458.125,1529171.0,1441376.125,1865565.75,1808937.125,1560336.0,1547503.875,1510405.125,1450010.25,1993446.0,2030905.375,2106586.75,1960190.25,2114951.0,2208045.5,1614164.625,1688734.0,2202395.5,2290465.0,1907877.875,1907571.125,1964730.875,2165431.0,1709452.0,1711569.25,1848937.375,1874023.75,1741601.5,1829733.875,1744021.875,1701834.625,1831034.5,1877767.0,1722834.375,1529316.0,1670281.875,1591154.25,1384828.625,1401891.75,1532553.25,1506198.25,1824820.375,1868123.75,2027741.5,1971621.125,1247725.125,1204312.75,1287819.0,1242861.875,1398856.125,1310380.375,1669112.25,1632559.875,1862069.625,1640505.875,1446159.75,1414218.0,1522640.5,1594555.375,1361964.875,1353102.75,1756237.625,1694327.5,1361603.375,1357159.625,2363115.25,2374008.75,1601448.125,1772462.375,1941421.375,1892138.875,2247094.5,2074633.0,2397773.5,2409732.0,2424244.5,2625698.75,2644819.75,2409173.5,1912122.125,2428810.25
76,1894092.125,1906354.875,1829776.0,1882309.75,1918425.875,1814135.125,1907983.375,1764272.625,1876240.0,1826351.0,2121414.5,2136236.75,2044423.625,2025049.125,1877662.875,1896328.75,1930071.0,1821766.625,1871786.125,1800584.125,1686406.0,1662716.0,1881950.625,1600773.5,1980763.125,1884604.125,1355774.0,1348757.0,2026549.25,1914510.75,1702269.75,1579320.125,1582285.625,1515429.75,1606417.0,1404608.375,1608042.625,1562130.25,1857535.375,1805135.125,1669813.5,1742596.0,1395728.75,1368426.375,1176945.25,1169632.75,1317978.375,1272549.625,1392171.5,1281582.375,1488444.75,1493125.0,1640433.375,1590848.375,1976527.125,1846699.875,2074126.875,2067847.125,1648322.125,2081433.25,1526259.5,1444849.25,1887152.875,1737605.375,1706213.875,1977376.25,1837070.25,1694138.25,1380531.125,1508705.25,1726028.875,1748893.5,1723004.625,1684584.0,1398512.375,1294681.25,1764258.375,1581947.625,1703548.75,1693705.125,1122553.875,1250978.75,1411841.25,1375620.25,1376741.875,1487516.875,1659025.375,1469933.5,1383246.875,1336350.25,1555515.625,1386822.25,1340575.5,1238346.5,1424351.625,1336333.75,1518602.5,1579776.125,1425200.375,1302002.625,1045245.0625,1097699.0,1391872.125,1257746.125,1582984.5,1632566.875,1456329.75,1478293.25,1510373.375,1510229.625,1480991.125,1390228.5,1608815.875,1566256.5,1426046.375,1440895.375,1497854.625,1414744.375,1754647.0,1820187.625,1742313.25,1696863.0,1745632.125,1789898.5,1847217.0,2163169.75,2063833.875,1974658.875,2146364.5,1995970.375,2106086.5,2039168.875,2188736.5,2085769.625,1705325.375,1632024.75,2068082.375,1870865.625,1938880.625,2021099.875,1558226.375,1636737.5,1732637.125,1773168.25,1652712.375,1656473.125,2007881.75,1922178.5,2034087.5,2079038.625,1807529.125,1924583.625,1962243.5,2027719.625,1811584.125,1790930.375,1465063.375,1499909.875,1897714.625,1843443.25,2072428.75,2035688.0,1574292.25,1579585.75,1616676.875,1555884.75,1529172.125,1440869.125,1862867.25,1804901.25,1557269.25,1550448.875,1508951.75,1451050.25,1996129.25,2032499.0,2107450.25,1959044.875,2115509.25,2210012.25,1614035.5,1687778.125,2205276.0,2291068.5,1910701.625,1909890.25,1963953.125,2164651.5,1709709.5,1706908.375,1846759.0,1870313.5,1738214.5,1822795.25,1747821.75,1703040.125,1830427.75,1877256.375,1719786.125,1525491.5,1673582.5,1587223.375,1386031.375,1400490.125,1534712.0,1506918.875,1817322.5,1852227.75,2026394.875,1968765.25,1252916.625,1203029.625,1292656.75,1246119.375,1398705.375,1310279.625,1670575.125,1633717.0,1865498.375,1641630.5,1448756.75,1416635.75,1525182.75,1596556.25,1363595.5,1356019.875,1754146.625,1692169.25,1362743.0,1358767.0,2367228.5,2377679.25,1603446.625,1773370.625,1941050.25,1889864.625,2249090.5,2079205.75,2397756.25,2410271.75,2424760.0,2627444.5,2643548.75,2408454.0,1913473.875,2428360.5
77,1889428.5,1904423.0,1824202.25,1884782.125,1914657.125,1814446.625,1908353.375,1765118.625,1873228.375,1820982.25,2113905.25,2136390.25,2039709.0,2022091.5,1875642.5,1899867.625,1928472.0,1825700.625,1869513.75,1799416.875,1685263.125,1665553.625,1879865.25,1604795.25,1979847.875,1889375.375,1355745.0,1348329.0,2017496.875,1915807.625,1699068.625,1581916.5,1573562.0,1515196.5,1602385.0,1407904.125,1606760.5,1563558.25,1856457.5,1806839.625,1669590.5,1744855.875,1393354.5,1369695.5,1178050.375,1171107.625,1320742.125,1277779.625,1389757.25,1280675.125,1488661.125,1496047.25,1639905.25,1588834.125,1977987.5,1848260.5,2076246.375,2068468.75,1654809.75,2081590.75,1527256.125,1444708.375,1887895.25,1736966.125,1704619.125,1976217.625,1838477.875,1694996.5,1380918.5,1505768.125,1730737.125,1750092.75,1724994.5,1682504.75,1403745.0,1297259.25,1767626.375,1583152.0,1707779.625,1695114.0,1122004.5,1252978.125,1410346.25,1375879.75,1378786.625,1491452.375,1660793.875,1468550.5,1377589.25,1331775.5,1555725.25,1385543.625,1336768.0,1234841.625,1419183.375,1333345.375,1518727.875,1580992.0,1423356.625,1304216.125,1043547.875,1097119.75,1389268.5,1256052.0,1579861.25,1630710.25,1453744.75,1476847.875,1508927.75,1512595.625,1476721.25,1387667.125,1605145.25,1564561.625,1418561.25,1433235.0,1487054.0,1414041.625,1749127.625,1817095.5,1745131.875,1698571.25,1745908.625,1790428.0,1841802.625,2165623.5,2063901.25,1982198.625,2146725.5,1999027.5,2108616.75,2045159.875,2185715.25,2086928.375,1702280.125,1636327.75,2062282.25,1871983.625,1937699.125,2022599.25,1555471.0,1637303.25,1731466.875,1774751.0,1653673.125,1656457.0,2013517.375,1939474.5,2035536.625,2082020.375,1809987.875,1929772.625,1966408.625,2033725.5,1811279.375,1790580.375,1466047.625,1499401.25,1899702.25,1844578.125,2074005.625,2038276.75,1572829.25,1579412.5,1617443.375,1557474.125,1532003.75,1441522.25,1864265.875,1801625.625,1557489.5,1550603.25,1510512.25,1451230.625,1996787.125,2034446.125,2109290.75,1959453.5,2110164.75,2211379.5,1611828.875,1688011.25,2203617.5,2289384.0,1909590.125,1908711.25,1961704.75,2165259.0,1706941.625,1702141.625,1849617.625,1876748.875,1740614.75,1837122.75,1746580.5,1703381.625,1833633.625,1882464.875,1721854.625,1526616.875,1673788.125,1589701.125,1386879.875,1405016.125,1530943.75,1505202.75,1820966.875,1856038.0,2025225.75,1971141.625,1247869.625,1199735.25,1293624.0,1247036.625,1394203.5,1305018.375,1669202.625,1631958.875,1866788.0,1643234.625,1446906.75,1419194.75,1522959.75,1593454.75,1363002.0,1355548.125,1758831.25,1696260.0,1361924.125,1358892.75,2360536.25,2370357.5,1601809.5,1772689.875,1937548.625,1888121.125,2254055.0,2079352.875,2396500.75,2408363.5,2420591.5,2629244.5,2657412.5,2419024.75,1907656.5,2425308.5
78,1886134.0,1899639.375,1821791.75,1886940.375,1905321.75,1814593.875,1907388.375,1760631.625,1867736.875,1815672.0,2109735.25,2134768.25,2031397.25,2019414.875,1872110.625,1898505.0,1924015.125,1825639.875,1864945.5,1803251.75,1686556.375,1670975.25,1877685.125,1605455.25,1976901.75,1890626.125,1355408.375,1354379.75,2014229.875,1919215.875,1702975.625,1588566.0,1574645.625,1517879.875,1601524.125,1410924.125,1606142.5,1567682.375,1858152.875,1811809.25,1668638.125,1747778.5,1390595.875,1372055.625,1179629.125,1173839.625,1320033.25,1280047.0,1389734.25,1282566.25,1487550.875,1498404.125,1638254.125,1583495.0,1976818.125,1847091.625,2071685.25,2067422.625,1651670.75,2079169.875,1529823.25,1446246.5,1888607.875,1734944.0,1702198.875,1975044.375,1835853.0,1693263.375,1379455.625,1502404.25,1734240.75,1748321.875,1730510.25,1685389.0,1406997.875,1298701.0,1772014.625,1588572.75,1711585.875,1698340.875,1118865.125,1250992.125,1404352.75,1374187.75,1372651.5,1493150.375,1658787.5,1470328.375,1371783.625,1332318.125,1552076.5,1386517.75,1328065.625,1232843.375,1414334.375,1333213.0,1510233.125,1578893.625,1417864.375,1306115.875,1038978.8125,1098410.125,1386732.875,1255505.875,1577392.25,1628030.0,1452206.5,1474030.625,1507443.875,1511639.5,1474673.5,1386709.375,1603019.875,1561811.5,1414848.5,1427246.875,1476150.0,1393990.0,1748280.375,1814542.5,1744157.375,1698273.25,1742876.625,1790999.5,1826315.25,2163840.0,2059143.125,1989417.125,2145921.0,1995715.75,2105633.75,2041489.875,2181099.75,2089270.5,1701261.875,1638892.875,2062947.0,1875149.5,1939086.625,2023473.5,1559224.625,1641059.125,1727143.25,1777595.875,1655188.0,1653906.75,2013263.25,1951590.5,2031165.5,2082492.375,1808926.875,1930392.5,1962070.625,2031851.625,1810311.875,1788511.25,1468079.25,1499649.25,1898956.125,1841470.25,2073575.375,2035821.25,1574311.75,1579247.625,1619008.125,1557818.25,1532085.0,1442415.875,1866426.875,1804005.875,1561586.125,1547961.875,1511347.375,1452091.375,1994887.75,2035931.375,2109196.75,1962274.125,2110397.5,2215420.75,1609938.0,1686315.25,2202318.25,2287542.5,1905911.375,1905732.0,1961197.25,2168545.5,1704947.625,1703151.0,1852231.75,1881615.375,1744915.25,1846569.625,1741949.875,1701117.5,1832764.875,1882750.625,1723000.25,1528190.375,1667949.125,1591230.625,1388179.125,1407419.5,1527561.5,1503281.5,1824950.875,1869455.375,2025021.75,1975397.375,1243033.0,1200668.375,1290302.75,1245208.375,1393467.25,1303515.375,1667559.625,1629888.0,1865023.0,1643756.75,1446753.625,1418081.125,1521632.375,1592077.5,1361505.125,1354267.0,1764777.0,1701257.625,1361551.375,1357589.25,2356365.75,2365006.5,1600309.375,1771164.25,1937996.0,1887868.875,2255335.5,2076142.75,2397716.0,2406213.75,2418778.25,2628380.5,2664907.75,2424038.25,1905115.5,2424537.0
79,1890154.125,1899396.25,1825869.375,1888317.75,1908247.375,1816811.125,1907080.625,1758469.75,1870011.375,1818547.0,2114428.0,2135145.25,2033535.125,2021810.625,1874273.75,1898066.0,1921971.125,1823144.75,1865444.125,1811479.125,1688927.875,1674440.5,1878853.25,1606554.125,1976710.625,1887753.375,1354172.125,1359901.5,2020061.0,1918468.75,1710173.0,1593555.75,1580986.0,1519457.125,1605191.25,1409988.625,1604564.875,1567694.625,1858346.125,1812091.375,1667421.625,1745236.5,1391104.875,1372884.375,1178897.625,1174030.5,1316060.875,1275155.5,1392877.125,1285175.5,1487269.625,1497429.25,1637038.5,1585067.75,1975230.0,1844780.25,2068760.5,2066703.375,1646504.75,2078181.375,1529887.5,1447982.375,1887879.25,1736277.5,1701943.5,1976472.0,1834994.75,1692722.0,1378358.75,1506194.875,1732625.375,1746447.5,1730408.5,1689459.875,1404918.0,1295255.625,1771109.625,1590124.25,1710253.75,1698216.625,1120179.25,1247744.125,1406522.875,1371402.625,1367853.375,1488278.375,1659108.125,1472289.25,1376988.375,1337896.5,1550136.625,1386994.625,1330723.0,1233555.375,1419575.625,1335170.25,1505303.5,1573204.5,1417878.5,1305030.875,1040203.5625,1098368.625,1389977.625,1256037.5,1579395.125,1628647.25,1453641.375,1473199.75,1506676.125,1509452.25,1477523.0,1388811.125,1606914.875,1563605.5,1420778.875,1436218.125,1483667.875,1394397.25,1752861.375,1816489.125,1741105.375,1696069.75,1742078.75,1789886.0,1825427.125,2163938.75,2055639.875,1984670.0,2145185.0,1993975.875,2102283.75,2035444.875,2182710.75,2092070.125,1702770.25,1634324.125,2068675.375,1878541.75,1940601.375,2025029.625,1565105.375,1645123.75,1725730.625,1774093.0,1656828.25,1653778.125,2005277.125,1934738.0,2028801.125,2079685.375,1803351.125,1924909.125,1956114.875,2024745.5,1810673.25,1789324.75,1468626.625,1500054.25,1897264.875,1840117.0,2071640.0,2033819.75,1576666.375,1578284.875,1618759.0,1556559.75,1527966.625,1441400.375,1867574.25,1807609.5,1562556.75,1547716.25,1508914.875,1453050.75,1994356.625,2036027.625,2110757.75,1966091.75,2116034.75,2218002.25,1610938.625,1684483.375,2205649.5,2289845.0,1907079.25,1907184.625,1962698.5,2169067.75,1706489.25,1705825.375,1851042.125,1878697.5,1743117.0,1835756.875,1743541.125,1700738.125,1827637.375,1876899.875,1719411.125,1525449.5,1664805.875,1586128.875,1388545.375,1401757.5,1529773.625,1503201.625,1821736.875,1868375.75,2024687.75,1974936.375,1247871.0,1204423.25,1289344.0,1244605.625,1397901.0,1308413.25,1670283.625,1630659.625,1863373.625,1642625.75,1448160.875,1415484.625,1524720.75,1595945.25,1361930.875,1353796.75,1761550.25,1699613.875,1362709.25,1356705.875,2361526.25,2371560.25,1602388.5,1771823.375,1942383.875,1886717.0,2249393.75,2074448.75,2398914.75,2406079.0,2422513.0,2624402.0,2650673.5,2415029.5,1910627.625,2426479.0
80,1891066.375,1901519.375,1827908.625,1887028.625,1917920.625,1817874.625,1907669.625,1761319.0,1874712.25,1824002.625,2116988.25,2137432.0,2041020.125,2025357.25,1877193.625,1900078.5,1921547.875,1819588.0,1867001.5,1812487.375,1686766.0,1672643.25,1881080.375,1606745.5,1979837.625,1886743.0,1351731.0,1356254.0,2020861.75,1913349.0,1709241.875,1591411.0,1578912.0,1517173.0,1604705.375,1408428.875,1603232.375,1564927.375,1854386.125,1808914.75,1668184.0,1742612.375,1392954.75,1371095.25,1177684.25,1173027.5,1316655.75,1273723.25,1394172.25,1284754.75,1487699.25,1494678.125,1638230.625,1590145.75,1976106.25,1844716.875,2074122.625,2068371.125,1651687.0,2080355.5,1527544.0,1449154.375,1885703.375,1737477.75,1703917.5,1978237.125,1837694.5,1693666.375,1379858.125,1511438.625,1732213.25,1748321.375,1726057.625,1691342.375,1403565.875,1295182.125,1767352.125,1587716.875,1708691.875,1697965.625,1124501.875,1247746.875,1412902.375,1372015.375,1370320.0,1486534.375,1663887.875,1472320.5,1384072.25,1339594.125,1552425.5,1387238.625,1338464.25,1236724.25,1425162.875,1336670.625,1510823.25,1574033.625,1422002.625,1303242.25,1044665.375,1098349.5,1393714.875,1257433.125,1581655.875,1630725.75,1455061.25,1474489.125,1508642.625,1511822.5,1480398.75,1390475.5,1611151.0,1567646.25,1426978.875,1447281.875,1498212.75,1416096.5,1754515.625,1819002.5,1745537.375,1697033.25,1744858.125,1789805.875,1839028.75,2166156.5,2055271.625,1977065.25,2144907.5,1995473.25,2103428.75,2037179.625,2185807.75,2091215.875,1700058.125,1630553.375,2067144.375,1876718.375,1939381.875,2023852.625,1562637.125,1642035.0,1726064.875,1769614.125,1656155.0,1655476.875,2002942.375,1918891.125,2032098.5,2079121.0,1802410.125,1924270.625,1956142.5,2023556.25,1812451.625,1791764.5,1467168.625,1501120.0,1897240.375,1841849.75,2072346.625,2036548.0,1576563.5,1579094.375,1617360.75,1556001.875,1526038.875,1441045.625,1864962.25,1806340.25,1559214.625,1551887.0,1505619.75,1453351.5,1995015.875,2033897.0,2111137.25,1965594.0,2116525.5,2214239.75,1613229.5,1686323.5,2206359.5,2290698.75,1909625.5,1909560.75,1963176.75,2168477.0,1708242.125,1705679.625,1849037.0,1876137.625,1737357.625,1826963.875,1747916.875,1702850.75,1826965.875,1876599.0,1715680.75,1523377.125,1666586.75,1584094.125,1386783.125,1398172.5,1532587.5,1505058.875,1815111.25,1856834.0,2021074.25,1970111.375,1255932.0,1205200.875,1293116.375,1245858.0,1400699.0,1311690.5,1673926.375,1633170.25,1862835.25,1641530.125,1448146.625,1417404.5,1526425.875,1597951.875,1363129.375,1355652.875,1755223.25,1695851.25,1362937.625,1358209.25,2367659.75,2381040.5,1605670.5,1776443.75,1945120.125,1887529.125,2247759.75,2079238.125,2399245.75,2407039.75,2425830.5,2623995.5,2640362.0,2410121.75,1916046.875,2429063.5
81,1885725.875,1899991.25,1827756.375,1887896.25,1919774.5,1818235.125,1907109.75,1765423.0,1870694.125,1822109.75,2113967.0,2137777.0,2042039.5,2024544.625,1875359.25,1901113.625,1921698.25,1816743.875,1868230.75,1805344.125,1682624.625,1666472.875,1883813.25,1606154.125,1982033.75,1890955.125,1351688.5,1349415.625,2018274.625,1912587.625,1703770.875,1584557.875,1576360.5,1515401.875,1601761.625,1408187.0,1605587.5,1564956.625,1853110.125,1808341.5,1671689.0,1744239.0,1393960.625,1367956.75,1178470.875,1173039.125,1321516.875,1278270.875,1391700.25,1281978.875,1486293.0,1492549.625,1639129.875,1589378.375,1977426.5,1846842.25,2077487.625,2071050.25,1658069.0,2082934.875,1527423.375,1449215.375,1885038.25,1735116.0,1703275.125,1976722.125,1837464.25,1692728.875,1380410.5,1508265.0,1733789.375,1748274.875,1725026.0,1688954.375,1405096.25,1299932.5,1761667.5,1583893.875,1707585.25,1698578.875,1125710.875,1250491.875,1412466.25,1374904.875,1374357.875,1491550.0,1665568.125,1471490.25,1383597.25,1335420.375,1553716.25,1387026.375,1335992.0,1238425.125,1423080.25,1336772.0,1515677.375,1579221.5,1422626.375,1303491.375,1045145.1875,1099584.375,1392989.375,1258009.375,1580940.5,1630515.875,1454483.75,1474195.875,1512603.5,1515953.5,1481105.25,1390533.625,1611989.0,1566750.5,1426379.0,1443087.625,1497852.75,1418523.75,1751623.0,1815630.125,1752225.875,1700864.375,1744793.5,1792640.75,1838345.25,2164167.75,2054692.25,1974838.25,2143255.5,1994355.625,2105111.25,2040816.5,2180597.5,2084216.5,1701652.75,1635824.0,2058040.5,1873746.0,1937217.0,2019137.25,1555319.375,1635077.25,1729080.75,1773280.75,1653158.375,1653363.5,2007881.5,1928650.625,2032707.25,2079120.875,1807729.625,1929795.875,1960415.875,2030187.0,1811724.25,1791441.625,1466498.375,1501488.75,1896747.125,1842669.25,2074469.75,2038738.5,1575888.75,1581176.375,1615987.625,1554830.0,1527511.25,1442087.875,1860152.875,1801591.875,1557471.5,1553699.625,1505069.5,1453069.875,1996702.25,2033392.375,2107183.75,1961356.5,2112897.5,2206636.25,1614800.0,1690823.5,2200921.25,2285005.5,1907475.625,1908751.25,1963366.125,2169004.25,1708617.875,1705652.5,1848266.25,1878051.5,1734874.75,1833555.875,1747563.0,1703682.125,1832223.125,1883656.75,1716011.625,1525012.875,1669288.625,1588945.375,1383694.25,1401475.5,1531889.25,1506838.375,1812981.75,1856074.0,2021093.5,1969823.125,1254616.25,1202337.375,1295372.5,1246567.0,1397944.75,1309200.625,1673136.875,1632887.125,1862680.75,1641414.125,1448586.5,1420651.875,1524074.0,1594247.125,1363306.875,1358288.625,1756902.75,1698187.0,1362315.5,1359415.25,2366490.5,2380162.75,1606207.375,1777452.375,1943828.625,1889013.75,2255130.5,2084784.125,2400865.75,2406039.5,2424296.5,2628371.5,2653164.75,2419472.75,1913732.0,2428341.0
82,1884763.375,1897538.125,1829514.5,1888107.375,1920698.375,1820053.625,1904954.25,1763645.5,1865268.5,1817620.375,2114598.5,2136589.0,2042225.375,2023604.0,1873222.5,1899514.125,1926184.875,1815824.625,1873550.125,1800054.5,1682630.625,1661181.875,1886351.25,1605354.25,1982953.125,1890713.875,1354993.875,1349288.875,2021299.875,1912428.125,1702838.125,1578520.875,1579395.75,1513481.125,1605014.75,1407507.875,1607237.375,1564086.25,1856377.25,1805528.25,1673781.75,1744890.5,1393159.0,1364435.25,1179176.125,1172455.625,1323045.125,1279243.0,1389743.625,1281447.375,1485284.0,1490362.5,1635973.75,1586970.75,1974799.5,1847651.5,2071007.125,2072435.875,1654267.5,2084378.5,1528647.0,1445600.125,1887146.25,1732769.875,1701661.25,1975363.875,1833236.125,1690710.625,1379233.0,1501897.5,1731890.5,1745585.625,1727045.125,1683997.875,1405966.375,1298868.75,1758697.375,1579651.75,1705503.75,1697482.0,1124258.5,1251213.125,1410537.5,1374524.5,1378256.625,1492812.375,1662212.5,1470667.0,1383416.625,1329413.5,1554728.5,1385100.625,1333328.0,1237701.375,1423759.75,1334246.125,1516521.375,1576491.375,1422091.875,1303087.25,1044864.4375,1098790.5,1392837.625,1256723.875,1579779.375,1627964.125,1454922.5,1472505.625,1514853.875,1515888.5,1481805.0,1391649.75,1611511.0,1561676.5,1421846.125,1433410.875,1484886.0,1398701.5,1751443.375,1809451.5,1750175.125,1700829.75,1744144.125,1793615.75,1828306.75,2159038.25,2057561.625,1976139.25,2141056.0,1991730.25,2103129.5,2040243.0,2175981.5,2077079.0,1711911.25,1639516.75,2056934.25,1873431.625,1937218.625,2014192.5,1554538.375,1632494.875,1736623.875,1779629.0,1652189.125,1650144.5,2013598.625,1942913.875,2031449.25,2077994.125,1812113.875,1931457.125,1965081.375,2036289.375,1808592.875,1790370.5,1467661.625,1499515.875,1895304.5,1843157.75,2072786.375,2037850.875,1575352.875,1580318.25,1615608.375,1553725.875,1526603.75,1441086.875,1863125.875,1800219.5,1558146.0,1549483.0,1508415.0,1451103.25,1999017.125,2034949.375,2104519.0,1960018.875,2113433.5,2203856.0,1615867.5,1694152.875,2197345.5,2282339.25,1905178.25,1908576.875,1964821.5,2168504.25,1708600.875,1708338.875,1847906.875,1878749.5,1736304.875,1839301.75,1745491.375,1701255.125,1835903.25,1886303.625,1718716.125,1526001.5,1672792.625,1589547.25,1382506.25,1403231.875,1531271.25,1506255.125,1818326.875,1866691.875,2027568.625,1973421.25,1245736.0,1200114.375,1291206.5,1245091.875,1393847.125,1307329.75,1669926.75,1629644.375,1861973.125,1640886.625,1449207.5,1418485.0,1521756.875,1591079.25,1362471.125,1356508.625,1759611.0,1702030.75,1362058.0,1356598.125,2360225.25,2371432.0,1603080.25,1770754.25,1941191.875,1887500.75,2255261.0,2079831.75,2400915.5,2404875.25,2421482.5,2629478.5,2661246.0,2425023.0,1908009.25,2424224.5
83,1891139.0,1900661.25,1828561.5,1882493.75,1921994.625,1818116.25,1906068.25,1760100.625,1872390.875,1822915.0,2119021.25,2135378.5,2043438.375,2024855.5,1873904.75,1897478.875,1931572.125,1819163.25,1873563.625,1799047.5,1685749.0,1661967.375,1883632.625,1604808.5,1982715.75,1886062.875,1356120.875,1351506.0,2022917.75,1910144.5,1704157.0,1578570.125,1577222.0,1512374.625,1608825.75,1407832.5,1603478.125,1561362.5,1856097.0,1803184.0,1672416.375,1743403.0,1391238.875,1363803.375,1178462.875,1171042.25,1320041.125,1275127.75,1391335.625,1283686.25,1487518.375,1490460.625,1635746.5,1590425.375,1972958.25,1847561.875,2067389.75,2072003.25,1648835.0,2085437.25,1528370.375,1443039.5,1889839.875,1734873.125,1704489.875,1978590.125,1834812.125,1692792.375,1380330.5,1504247.625,1729505.625,1748417.875,1728047.0,1685239.625,1404454.875,1293762.75,1764542.125,1581691.125,1705766.25,1696155.0,1121849.375,1247487.875,1412573.25,1372628.375,1378216.875,1487295.0,1658836.875,1469618.875,1385522.25,1327769.25,1556536.25,1383871.125,1339317.875,1238547.5,1427746.375,1331174.25,1517600.125,1572386.125,1421927.625,1299801.875,1044905.75,1096015.75,1394197.875,1255930.625,1580121.625,1626669.875,1456421.625,1472096.875,1513082.625,1513589.75,1480956.5,1391955.5,1610678.75,1560923.5,1420864.375,1434902.0,1483220.375,1395061.25,1754986.625,1810951.875,1744477.375,1698296.625,1745962.75,1791727.5,1836499.625,2157402.5,2062752.875,1976747.0,2143067.5,1993615.625,2101935.25,2038625.125,2184553.75,2077882.25,1711178.0,1632517.875,2065467.5,1870911.875,1939953.625,2016097.125,1559022.375,1634713.125,1736437.0,1776621.625,1654378.375,1653825.125,2015907.625,1939972.625,2036177.5,2080795.5,1810981.875,1928286.625,1966253.625,2035381.625,1808558.75,1791677.625,1466999.75,1498849.875,1896007.0,1844425.75,2069106.375,2035965.625,1575158.125,1578981.375,1618523.25,1555434.25,1525520.125,1439499.375,1872351.5,1804674.875,1558946.5,1546548.25,1512544.25,1448934.75,1998873.25,2034876.25,2109238.5,1964624.25,2117601.5,2210619.75,1615267.375,1692490.875,2204772.75,2291058.75,1909466.0,1912269.625,1965831.0,2167761.0,1706870.75,1709007.375,1847182.0,1875338.875,1737919.375,1831341.625,1745755.0,1699213.25,1833512.25,1881509.625,1719094.625,1524340.375,1673069.25,1585242.625,1384089.125,1398554.875,1532238.75,1504389.625,1822003.375,1867530.5,2029061.75,1971771.625,1245673.375,1201416.75,1288377.375,1243055.25,1395443.125,1309893.25,1669645.625,1628721.875,1861066.375,1640550.125,1448757.375,1415310.625,1522270.5,1594327.375,1361398.0,1353599.625,1756239.75,1699406.75,1361628.625,1353376.625,2358564.75,2369520.75,1600040.25,1767988.875,1941432.0,1887107.375,2245903.5,2071294.875,2398133.25,2406552.25,2421688.5,2625213.5,2647083.0,2416115.25,1907719.875,2423826.5
84,1894867.625,1904194.375,1822938.0,1879936.125,1910204.875,1812046.5,1909756.25,1763309.5,1881673.125,1830716.375,2117085.25,2131083.75,2036488.0,2021185.375,1875061.0,1898048.75,1929741.5,1827184.875,1860735.75,1800667.375,1686728.125,1667304.125,1876121.0,1608394.75,1978874.0,1888278.875,1350950.5,1350236.875,2017775.0,1914107.125,1702953.625,1584667.25,1568532.875,1516857.875,1605437.875,1411089.125,1599882.75,1562565.75,1851184.0,1806777.0,1668391.25,1740619.5,1390108.0,1365515.375,1177549.125,1170791.5,1315286.5,1271525.25,1392645.875,1283442.25,1488529.5,1494596.125,1639956.25,1595416.5,1974990.75,1848312.75,2073119.125,2071704.875,1648513.25,2085227.875,1527226.25,1445387.625,1890467.875,1740014.25,1708637.625,1982466.875,1841395.125,1696564.25,1381451.25,1510897.5,1731262.625,1753636.875,1726436.125,1690898.625,1403887.625,1295407.875,1770039.875,1589504.0,1707661.375,1695142.375,1121506.0,1243753.375,1413733.25,1371700.0,1373395.375,1485887.625,1659803.5,1467937.0,1385330.75,1330788.375,1556585.125,1385320.0,1341586.875,1237825.25,1425179.25,1329731.0,1519726.0,1578918.75,1419147.5,1297989.0,1042970.9375,1094408.875,1393423.5,1256263.625,1581762.75,1629614.875,1456277.875,1474656.375,1509765.375,1512902.375,1476872.0,1389279.75,1608896.5,1565155.5,1422195.0,1442808.0,1497451.125,1413225.25,1756207.0,1819771.125,1743817.625,1699659.375,1743891.875,1792827.125,1851677.875,2163460.75,2062384.375,1980099.25,2148536.25,2000128.75,2104678.75,2041503.125,2194974.75,2088574.375,1697177.75,1627981.0,2068648.25,1868790.0,1942529.0,2027613.5,1561350.75,1640099.5,1722940.0,1768711.75,1656476.125,1661257.625,2015423.25,1933929.75,2042589.5,2087630.0,1806863.625,1927557.5,1962006.5,2030190.375,1809962.0,1793187.625,1464731.0,1500630.5,1896854.25,1845791.0,2068599.25,2036032.75,1575040.625,1579648.75,1621230.625,1559064.25,1528631.75,1441946.875,1872052.75,1809061.5,1559232.375,1549831.75,1512305.625,1451222.25,1996054.0,2034612.875,2115418.75,1967307.75,2117055.5,2216188.25,1610687.5,1686260.5,2213976.75,2298184.0,1915357.375,1915143.875,1963213.875,2165946.25,1706108.625,1707382.875,1847998.25,1873628.125,1739310.75,1824082.75,1747988.875,1702477.25,1829271.5,1877845.375,1719014.0,1523885.5,1671310.125,1586294.25,1387534.5,1396268.125,1533303.125,1503824.875,1820404.375,1857789.875,2023182.625,1968815.375,1254459.75,1203838.875,1292838.375,1244291.125,1400299.25,1312140.75,1672063.75,1630958.0,1862875.25,1640296.75,1450535.25,1415624.625,1524652.75,1597445.125,1360935.125,1354695.375,1755084.0,1694403.125,1361552.5,1353566.375,2364529.75,2376825.75,1602251.125,1774225.875,1944995.625,1888915.25,2244536.75,2074238.125,2398971.75,2408958.5,2424805.75,2623813.5,2637217.25,2408510.0,1912891.625,2428102.25
85,1893098.875,1901749.25,1821164.25,1883706.5,1898502.0,1809832.375,1908870.0,1765655.25,1878466.625,1827900.375,2113372.5,2128734.75,2030492.75,2018186.375,1875638.75,1899605.25,1927805.0,1831122.25,1854005.0,1803342.125,1686212.375,1669152.75,1874276.875,1610709.625,1976860.625,1891900.375,1347989.75,1350772.0,2015493.75,1921420.75,1700759.0,1587405.25,1568527.125,1520505.125,1601163.875,1410849.875,1601248.5,1566305.125,1850706.375,1809538.5,1665392.5,1738246.25,1391067.5,1366532.875,1177457.875,1172267.125,1313640.25,1272585.5,1390545.25,1280601.5,1487941.25,1497163.25,1640882.625,1593851.0,1976359.625,1848599.75,2076424.875,2071721.25,1648471.625,2082265.5,1526365.625,1446544.5,1889385.625,1742865.875,1708107.625,1981546.5,1841651.25,1696442.125,1379651.875,1508685.625,1732798.5,1750465.0,1725477.125,1688496.125,1405876.5,1300005.25,1769195.5,1591361.0,1707401.5,1693716.5,1122585.875,1246502.0,1410266.75,1371763.625,1372960.125,1491204.125,1661016.25,1467560.0,1380852.75,1332384.875,1552754.0,1387853.375,1335379.25,1233138.5,1417872.375,1330061.0,1517542.25,1585765.875,1417782.625,1301783.125,1041009.0625,1095883.875,1390564.875,1256001.875,1582239.0,1632586.125,1453584.5,1477925.25,1507574.625,1512621.75,1472760.25,1387311.375,1606652.0,1565857.5,1417941.875,1442607.875,1501052.5,1419640.625,1752207.25,1821278.875,1745565.75,1702097.0,1740730.5,1795042.25,1848285.75,2170159.5,2057409.25,1986200.25,2149859.75,2001598.25,2106527.25,2044524.0,2192344.25,2098213.75,1692355.875,1632301.125,2065043.625,1873176.875,1940368.25,2033553.125,1561128.375,1644592.5,1716742.25,1769585.875,1654587.75,1660576.75,2014635.75,1939143.5,2040945.0,2089711.125,1805356.125,1929173.0,1956742.5,2026825.0,1809145.375,1791579.25,1464494.25,1500251.5,1895376.375,1845535.625,2070211.0,2037117.125,1573896.375,1577536.0,1619366.625,1560646.375,1530611.5,1445102.25,1865102.75,1806920.5,1560742.875,1551445.0,1510394.25,1455067.625,1994099.25,2035541.375,2113341.0,1962361.375,2112211.0,2212242.25,1606459.0,1682272.75,2210289.25,2293495.5,1914997.75,1912528.5,1959569.25,2163370.0,1709702.625,1708290.625,1850846.0,1876761.75,1741731.375,1831414.375,1749133.875,1706179.5,1828878.125,1878036.125,1720438.375,1526304.0,1670829.125,1590788.625,1389206.25,1402282.125,1532226.75,1505056.25,1819908.125,1857791.0,2020367.5,1971447.25,1254558.25,1203049.125,1295440.75,1246826.125,1399686.125,1309070.875,1671776.5,1631109.5,1866247.625,1639526.875,1452180.375,1415010.25,1525383.75,1594363.25,1361180.5,1355499.5,1759622.25,1695066.125,1361902.0,1354531.75,2368338.25,2379246.25,1606330.25,1777027.875,1945897.375,1889309.75,2253552.25,2083100.5,2402646.25,2409771.75,2425453.0,2627848.75,2648936.0,2414186.25,1914614.5,2429484.0
86,1890958.625,1899185.0,1825045.625,1884358.375,1906375.875,1812167.25,1905803.75,1762037.375,1871586.5,1821676.25,2116441.25,2132808.25,2036235.125,2022791.25,1874780.0,1897247.0,1931252.75,1825165.875,1862689.625,1802260.375,1687061.25,1665684.5,1878284.5,1604115.25,1980640.0,1888794.5,1353010.5,1353208.5,2019187.625,1921295.375,1701173.0,1584253.625,1577600.75,1517095.125,1603581.375,1406411.375,1604403.25,1567732.25,1855929.5,1809382.5,1666655.375,1739733.875,1393936.75,1369667.5,1178263.5,1173796.0,1316292.875,1275050.875,1388960.875,1280680.75,1490924.375,1495589.375,1639341.125,1587573.5,1976252.25,1848717.0,2073436.5,2070210.0,1650008.5,2080443.75,1527095.375,1444766.125,1889390.75,1740853.875,1704662.125,1978000.0,1837094.375,1694738.25,1379198.0,1502395.625,1732149.75,1744648.125,1728297.0,1682869.875,1407832.875,1299605.25,1771882.625,1589251.625,1707906.25,1695263.5,1121429.125,1251826.5,1406699.5,1373964.375,1376945.375,1494070.625,1658850.75,1469984.0,1376080.375,1331774.0,1548234.0,1387745.375,1331834.25,1232891.875,1414877.0,1331664.375,1510270.375,1580624.5,1421205.25,1305825.125,1041384.3125,1098776.0,1388846.125,1255868.25,1580168.0,1630834.875,1451274.25,1477506.375,1508112.75,1512134.25,1473370.625,1387169.125,1605757.5,1561203.0,1414267.75,1432836.375,1485916.25,1403924.875,1747115.625,1812892.75,1746166.375,1701129.0,1744890.125,1793813.5,1836131.875,2167663.5,2055241.875,1984671.125,2146642.75,1995987.125,2106140.0,2042829.25,2184947.0,2094496.5,1699739.25,1634050.75,2064823.625,1876896.625,1936077.625,2025047.5,1561428.375,1643199.0,1727762.25,1776585.25,1651150.25,1653597.125,2010769.875,1940599.125,2033372.375,2083976.125,1807127.5,1929419.125,1955832.625,2026381.75,1809022.25,1788541.25,1466414.25,1498754.625,1895241.25,1843421.75,2072253.375,2037726.75,1573527.0,1574336.875,1616691.25,1558317.75,1527648.0,1443616.5,1867512.875,1804176.5,1562997.5,1547868.0,1511578.375,1454788.375,1994311.625,2035104.75,2109022.0,1959051.75,2111100.0,2208409.25,1608386.5,1684100.5,2202290.5,2288697.5,1912121.625,1909857.75,1961777.875,2164445.75,1711714.125,1707792.0,1851904.875,1878542.25,1742226.0,1840240.75,1745850.0,1703265.25,1830985.75,1878978.0,1720982.0,1527599.0,1667324.125,1590141.875,1384779.375,1404613.875,1528489.75,1505355.5,1820368.25,1867066.5,2023308.0,1972927.5,1245461.5,1200044.375,1290050.375,1245454.625,1395022.875,1303815.875,1668378.625,1628655.125,1864979.125,1639522.25,1448849.0,1413376.25,1522471.25,1590780.125,1361096.75,1353787.625,1761751.125,1698458.375,1361571.125,1354872.375,2362699.25,2371590.0,1604901.0,1771031.0,1942466.75,1888527.0,2257215.0,2081369.375,2401373.0,2408332.25,2421282.5,2629214.25,2661495.75,2421680.25,1909482.375,2426164.25
87,1887691.875,1899493.125,1825437.625,1879786.625,1915099.0,1812637.75,1905839.375,1759221.875,1870476.75,1820566.0,2116182.25,2132691.75,2038761.625,2022725.75,1873167.25,1893917.125,1929350.25,1817453.875,1866249.25,1799563.375,1686471.25,1666402.5,1877728.125,1598806.25,1982264.5,1884890.5,1354346.125,1351580.5,2018898.75,1914912.625,1704224.0,1585595.625,1576920.875,1514941.0,1607289.0,1409039.875,1604506.875,1566978.5,1855855.375,1810062.125,1666741.0,1742263.875,1394180.0,1373775.25,1178652.75,1173481.875,1315712.25,1272814.75,1390706.5,1283276.875,1492185.375,1494516.75,1638342.125,1584946.625,1975276.25,1847784.25,2069869.25,2067385.375,1652955.625,2081928.5,1527968.5,1445085.75,1890643.375,1736086.875,1704257.875,1976583.625,1835467.875,1694275.375,1379673.125,1505133.375,1732606.375,1749222.25,1730013.625,1686507.125,1407921.5,1298661.0,1775905.5,1593342.5,1709645.375,1699995.0,1120567.125,1250302.75,1408111.875,1375267.25,1375902.0,1492658.125,1658949.125,1471692.0,1379572.875,1332918.625,1550201.75,1385512.25,1334152.5,1238090.75,1418635.125,1332276.25,1509296.5,1574591.625,1422250.5,1304266.875,1043181.1875,1099090.875,1390611.5,1257194.375,1578374.5,1627570.75,1452553.625,1476080.25,1510486.625,1513131.5,1476768.375,1387077.875,1605984.0,1558185.875,1420052.875,1429215.375,1480030.25,1390964.75,1747129.25,1810984.5,1745653.375,1699222.75,1747434.75,1792710.75,1837266.25,2163659.5,2058249.5,1980494.25,2146186.75,1994905.75,2106083.5,2041707.875,2185896.5,2087622.0,1703702.25,1630589.875,2068653.625,1874150.875,1937911.375,2019717.25,1562894.25,1640152.5,1734127.25,1777934.5,1653606.875,1654279.125,2008526.625,1935043.125,2030257.75,2080937.125,1809200.25,1929225.625,1958608.0,2027589.75,1808978.875,1787391.875,1468658.125,1500147.75,1896605.875,1842771.0,2074001.625,2038338.875,1574687.5,1575981.5,1616888.875,1556439.0,1524762.875,1441214.25,1875338.125,1809452.5,1562131.75,1547374.25,1512237.875,1454120.625,1995862.125,2035262.125,2110603.5,1962716.875,2111904.75,2211044.25,1612575.875,1688016.5,2202874.0,2289657.25,1911978.0,1910983.875,1966194.75,2166943.0,1708544.375,1704852.0,1850803.375,1875880.25,1739896.125,1837513.0,1741892.0,1699130.125,1831656.5,1879588.625,1721554.125,1526000.5,1664977.125,1586033.875,1380100.625,1398185.875,1527927.75,1503272.75,1820119.25,1869487.75,2025638.625,1970886.0,1242433.75,1199673.375,1285206.875,1242261.125,1394211.625,1304916.25,1667282.625,1628783.0,1859662.25,1639489.5,1445336.625,1414840.375,1519304.375,1591396.625,1360141.0,1352902.375,1758382.125,1697371.625,1361231.0,1355850.75,2355319.75,2365635.5,1601012.875,1766852.375,1941505.75,1889107.125,2249339.25,2070972.5,2397306.25,2406762.25,2418871.0,2625018.75,2654593.75,2417270.0,1905374.5,2425173.75
88,1884565.875,1898647.25,1821842.0,1876834.25,1907691.75,1809344.125,1907829.25,1758796.25,1872424.25,1820774.625,2109938.5,2127385.5,2031640.125,2015160.0,1874291.375,1896008.375,1924003.375,1817185.5,1859840.75,1801360.875,1684554.5,1671607.125,1875235.75,1603969.0,1981356.625,1885210.5,1349077.375,1349603.875,2014488.875,1911240.125,1706071.875,1590587.125,1567949.75,1517040.25,1604229.875,1415100.375,1601545.0,1564925.125,1850126.125,1809814.5,1665006.75,1743911.25,1391282.125,1372039.75,1178376.25,1172277.375,1312604.75,1271032.0,1393643.5,1285080.625,1487178.375,1494430.625,1638035.25,1586841.875,1975326.875,1844950.5,2068201.125,2065264.625,1651733.25,2081510.5,1526603.75,1447468.5,1890800.5,1733470.5,1706615.125,1976727.75,1835778.125,1693563.375,1377139.0,1511432.5,1732705.375,1756063.25,1727195.375,1692380.0,1404750.5,1299367.0,1771556.625,1596585.625,1707173.25,1700678.875,1120473.875,1244888.125,1410791.5,1374495.625,1369806.375,1491266.625,1660832.5,1470458.0,1386251.625,1335534.75,1555741.625,1386365.125,1335232.25,1239157.5,1421611.625,1332116.875,1515431.625,1578609.125,1417199.5,1301371.875,1043421.9375,1098001.625,1393631.75,1258950.625,1578984.125,1627157.25,1455019.125,1477293.625,1510797.75,1514906.25,1478254.0,1389506.125,1607399.25,1560987.375,1426601.5,1440556.875,1491798.75,1398726.25,1752228.75,1818719.5,1743725.375,1698620.75,1741441.75,1794081.375,1849123.25,2167297.5,2061637.125,1986237.625,2147880.75,1997973.125,2106105.25,2042113.625,2190532.75,2089149.125,1700607.75,1629306.125,2069693.25,1870232.375,1943655.375,2024473.875,1562940.5,1638813.0,1725719.25,1773617.875,1659209.75,1660978.5,2016299.0,1939718.375,2033895.375,2085817.125,1810688.75,1930179.75,1961254.625,2030175.25,1808296.875,1787404.125,1469053.0,1502026.375,1896520.75,1842829.0,2073961.625,2037697.0,1574889.0,1578282.0,1618670.625,1558125.875,1525700.25,1441375.0,1875715.125,1814429.5,1559807.875,1549539.375,1509931.375,1454803.375,1997906.625,2038197.625,2111969.25,1966027.75,2111053.75,2213184.0,1613551.0,1690045.375,2206400.5,2289328.25,1912416.75,1910695.125,1966112.625,2167878.0,1707847.0,1706231.75,1851399.25,1874227.75,1739273.375,1829885.625,1743938.625,1701139.75,1830989.75,1879716.375,1720316.875,1523706.75,1668731.75,1584221.5,1379333.625,1393921.75,1531287.625,1501775.375,1819567.25,1863374.0,2024850.25,1971862.0,1248414.875,1201870.0,1288283.75,1242207.0,1397257.625,1311029.125,1670188.625,1631488.75,1858746.25,1640085.0,1446061.625,1417776.625,1521023.25,1595763.875,1361192.0,1354150.875,1754179.375,1693706.125,1361802.625,1356703.0,2359650.0,2370524.75,1602166.125,1771024.625,1945055.0,1891242.375,2243920.25,2069803.0,2397277.5,2408010.75,2422383.25,2621550.75,2639128.75,2406973.25,1909331.875,2429192.75
89,1887372.125,1898781.75,1823201.125,1880732.875,1902582.625,1808226.0,1911395.375,1760767.625,1874112.125,1820584.625,2110516.5,2129592.25,2032006.5,2015475.75,1878067.5,1900601.25,1926725.75,1822072.5,1861132.0,1804259.875,1685695.125,1670600.125,1879927.125,1611017.25,1984871.25,1888997.5,1349334.75,1351139.625,2016781.25,1913579.875,1704050.5,1589081.125,1568203.125,1517561.125,1599669.625,1412259.875,1599891.125,1562743.25,1848905.625,1807679.75,1668529.0,1745806.875,1391408.75,1366717.25,1177966.625,1172021.0,1315223.625,1274372.5,1394407.375,1284600.0,1484145.125,1492771.875,1638976.625,1588585.375,1978596.625,1843992.5,2070076.25,2065708.875,1650607.5,2079491.25,1524473.25,1448088.125,1888737.375,1735492.75,1706875.125,1976222.625,1835545.0,1692516.375,1375331.125,1509984.0,1729478.375,1750929.625,1722787.75,1688834.625,1399604.0,1297511.875,1763706.625,1589435.625,1701623.125,1694176.375,1119508.75,1245613.375,1410800.5,1375097.5,1368473.375,1489762.25,1658935.375,1468308.0,1385422.375,1336455.5,1557094.875,1389508.875,1334590.875,1235431.875,1419923.0,1333780.75,1519048.75,1584068.625,1414819.125,1302175.375,1042140.625,1098819.0,1394203.5,1259162.75,1581188.625,1629383.875,1455718.375,1478634.25,1510032.0,1514174.125,1479500.625,1393647.5,1609780.625,1565038.5,1426398.0,1450891.0,1500536.5,1415120.375,1755835.25,1822260.25,1741971.5,1697829.625,1738541.5,1794277.5,1854601.75,2170507.25,2061583.625,1991755.125,2146910.5,1995882.25,2106311.75,2041445.125,2189369.75,2089999.75,1698360.75,1632841.875,2065392.0,1869599.875,1943747.375,2025723.0,1559132.0,1637466.75,1719928.375,1771608.375,1658556.875,1661302.25,2023798.625,1949103.125,2037100.0,2089235.375,1811078.875,1931447.25,1963329.125,2033399.375,1809719.25,1787565.25,1466031.5,1501926.25,1896970.375,1841003.0,2073793.625,2037194.375,1573202.875,1577027.0,1617903.375,1558400.375,1526922.125,1441323.25,1866776.5,1809346.25,1557908.75,1548278.25,1506726.75,1453098.25,1999247.25,2039963.375,2108820.75,1964068.875,2111983.25,2212017.5,1612903.625,1689715.0,2205246.25,2286862.25,1911215.375,1908449.25,1964536.75,2169457.0,1711617.25,1709952.75,1853020.375,1876624.125,1740598.5,1826002.375,1749552.625,1706167.875,1831435.0,1881034.25,1716703.625,1522015.75,1672787.375,1585233.125,1379719.25,1396343.875,1532490.875,1503315.25,1817656.875,1856386.75,2023774.875,1973735.25,1253661.75,1202037.375,1293357.875,1244007.5,1398583.125,1311541.0,1672615.25,1632141.5,1863126.375,1642534.25,1447975.0,1418491.75,1525199.25,1599685.25,1363361.125,1356636.625,1752479.25,1692495.875,1362027.875,1356750.0,2371558.5,2380198.25,1605741.125,1776914.25,1947017.375,1892872.5,2248722.0,2079752.25,2399854.0,2409496.75,2426460.0,2622159.5,2635264.75,2404382.75,1915678.0,2432216.25
90,1892519.125,1901685.625,1829372.375,1887814.25,1912121.875,1812914.75,1913618.75,1764644.25,1873572.25,1820943.375,2116304.25,2135956.25,2041608.25,2024200.625,1880915.625,1903011.375,1931525.5,1824950.5,1870618.25,1803732.5,1688432.625,1665271.375,1887686.875,1612228.5,1987153.125,1892824.5,1355752.0,1351652.875,2024549.25,1916587.75,1700660.375,1584272.875,1574456.375,1517468.625,1602576.375,1406612.375,1600833.25,1562282.5,1850269.25,1806609.875,1672645.25,1744131.625,1393506.375,1365018.375,1177026.625,1172190.625,1320095.5,1276452.125,1391407.125,1281104.125,1486994.75,1492060.625,1639866.5,1589730.125,1980269.5,1846450.0,2074208.5,2068696.375,1653130.125,2080522.5,1522851.0,1446262.5,1886091.375,1738870.875,1704780.75,1977408.375,1836267.625,1693338.375,1375238.5,1503811.25,1725915.75,1742198.75,1719640.875,1680740.5,1399392.75,1296781.0,1757960.0,1579385.375,1698579.0,1688710.5,1120540.75,1251353.875,1409591.375,1375556.0,1375394.125,1489026.375,1656396.625,1467130.125,1380121.0,1333445.5,1554958.375,1389832.625,1334406.625,1232672.5,1418741.875,1334456.625,1519639.125,1583621.625,1419556.25,1304333.125,1041599.6875,1098910.5,1390793.625,1256891.0,1581870.125,1631129.5,1454117.5,1478553.75,1508785.125,1510436.75,1479450.125,1392477.75,1608338.375,1563361.0,1421528.375,1444092.375,1496870.25,1417671.75,1752815.625,1818148.375,1743109.75,1697326.0,1743079.625,1791991.25,1846553.375,2167555.25,2060913.375,1986194.125,2145198.75,1993626.25,2106318.0,2041407.5,2184698.5,2086680.5,1701646.875,1637985.0,2059766.25,1872061.75,1937708.125,2022427.25,1554333.5,1637390.625,1725626.5,1774492.875,1652343.375,1656227.375,2021781.75,1948944.125,2036129.0,2087218.875,1811445.0,1932243.375,1966708.875,2036231.25,1810183.75,1788704.875,1461519.5,1501259.375,1897836.875,1841037.0,2072932.75,2037823.875,1571634.375,1576046.625,1613711.0,1555160.125,1525385.75,1440323.5,1856783.125,1802026.0,1553989.875,1547625.875,1503131.75,1451859.625,2000087.625,2038368.0,2106281.25,1958738.375,2113939.25,2210838.5,1612981.0,1688310.0,2202707.5,2286727.25,1909695.25,1908958.0,1962681.375,2168294.5,1711532.625,1710110.375,1852690.0,1880564.0,1740881.25,1830542.875,1751042.75,1707523.5,1834748.25,1884688.0,1717460.625,1523217.0,1674608.0,1587381.875,1385914.75,1403472.0,1532304.5,1506565.125,1818221.875,1856377.375,2024630.25,1971476.875,1251622.625,1199283.125,1292892.0,1244469.625,1396101.25,1305832.375,1670818.125,1630058.875,1865518.125,1643269.875,1449284.25,1417296.0,1524885.25,1597149.25,1361387.875,1358017.75,1755322.875,1694644.125,1360619.75,1356429.375,2369678.25,2379902.25,1604203.0,1775733.375,1944020.75,1892047.5,2252291.25,2082919.125,2400165.0,2408631.75,2424843.0,2625359.25,2645501.0,2412646.0,1913249.125,2429285.5
91,1892240.625,1902494.125,1831593.875,1889194.25,1919480.125,1817123.375,1910232.375,1764809.375,1871357.5,1819581.625,2116654.5,2134607.25,2043627.75,2026526.875,1881587.25,1903441.875,1930906.5,1824787.125,1874341.25,1803214.0,1689126.0,1664953.875,1888892.25,1610401.25,1984459.75,1893401.125,1358950.5,1351235.5,2025911.625,1915300.75,1700226.875,1583863.0,1575469.0,1518070.875,1607815.0,1406941.125,1601740.5,1562698.625,1849326.375,1805881.625,1671523.375,1740420.625,1393399.125,1366563.75,1176640.375,1171838.75,1319401.75,1275414.625,1388294.375,1278674.0,1490260.5,1493552.75,1639085.375,1590092.375,1977090.0,1847687.5,2073948.875,2070787.75,1651589.375,2081419.125,1522801.0,1443810.875,1886524.0,1739423.625,1703490.125,1979446.75,1836998.75,1694084.375,1373601.25,1500892.75,1727104.75,1743225.0,1721602.0,1678907.625,1405844.5,1298828.625,1757036.625,1578134.25,1700642.375,1691170.125,1123770.625,1252805.75,1408837.5,1373197.125,1380847.75,1491161.125,1658465.5,1467982.25,1379054.25,1328065.75,1552622.0,1387518.25,1332819.25,1232029.75,1421048.875,1331639.375,1518529.375,1579695.0,1423196.5,1304266.25,1042752.3125,1096586.875,1387562.25,1254348.75,1579505.625,1630002.0,1451712.125,1477409.25,1505821.75,1508789.625,1476358.125,1387703.25,1604032.625,1558129.5,1414407.125,1431321.875,1485417.125,1404773.875,1748077.625,1813374.625,1746213.375,1699006.625,1746633.875,1791121.0,1834115.125,2163363.75,2061996.75,1980415.25,2144130.75,1995853.5,2103454.5,2040525.25,2182383.75,2086643.125,1708504.5,1640773.375,2059023.125,1875009.625,1933395.75,2022058.625,1555321.0,1639401.5,1732992.125,1778464.25,1649322.75,1653729.375,2019290.75,1945479.125,2033655.375,2084026.375,1813719.5,1932862.0,1968856.125,2037509.125,1807850.625,1789646.0,1462181.75,1499365.125,1895739.25,1843780.25,2069595.625,2037154.25,1572301.75,1576273.0,1612940.625,1554883.25,1523679.25,1440380.125,1859490.125,1802038.25,1553901.25,1549227.875,1503280.25,1453453.875,2000730.0,2036593.125,2107922.0,1956284.25,2114231.75,2209793.75,1612608.0,1686777.625,2203048.75,2289075.5,1909625.5,1910651.5,1960308.75,2163138.25,1707598.125,1707125.875,1851713.75,1882209.875,1740509.375,1839981.0,1747904.625,1704671.875,1838219.0,1886387.125,1722030.875,1526932.125,1674315.625,1588082.0,1393503.625,1409070.875,1532777.125,1506478.0,1823487.75,1865865.375,2027377.5,1969744.5,1243841.25,1196580.375,1288625.0,1243563.625,1392402.75,1302694.375,1666899.25,1627811.25,1863940.625,1640490.5,1449192.75,1416335.5,1521283.5,1590613.75,1358412.625,1356485.125,1759664.75,1697358.75,1359429.25,1355079.875,2354023.75,2368206.0,1599699.25,1767961.25,1940576.0,1886808.25,2247933.75,2073699.875,2398363.5,2405559.0,2419746.25,2627188.5,2655131.5,2420072.5,1904730.75,2421910.25
92,1889345.625,1900195.375,1827577.875,1883962.875,1914913.625,1816003.25,1904320.25,1760476.375,1870490.0,1818182.0,2114174.5,2130115.5,2037341.625,2020460.25,1880520.75,1900564.25,1930673.0,1822359.5,1870648.5,1805072.0,1687413.375,1667353.375,1882969.125,1606132.375,1984694.125,1889425.75,1355516.125,1352069.5,2020147.625,1911784.75,1701536.375,1585257.25,1574429.0,1516924.75,1605720.75,1407869.625,1602064.0,1562874.875,1850476.25,1803538.75,1669671.25,1740662.625,1392876.125,1367961.625,1178009.625,1171644.25,1316268.375,1274725.25,1389594.5,1281149.125,1489387.625,1493519.375,1636089.375,1588377.375,1973630.0,1845678.5,2069043.5,2068838.375,1643710.5,2079121.125,1525709.75,1442701.125,1889741.75,1736120.375,1704926.375,1977873.0,1835355.875,1691623.125,1375818.0,1504306.25,1730783.625,1750119.25,1727394.875,1683548.375,1408004.5,1296208.25,1762727.75,1584290.875,1705100.75,1695513.375,1125202.375,1248246.5,1409262.75,1371704.75,1377716.125,1491108.0,1660917.25,1469337.125,1382412.5,1327785.75,1551010.75,1386466.0,1333562.875,1234072.75,1424278.125,1330820.625,1514710.625,1575337.5,1420705.875,1303182.625,1044350.625,1096289.5,1390939.625,1255543.25,1578815.875,1628741.75,1452070.625,1476447.75,1507166.0,1511817.5,1477737.625,1389578.125,1606196.125,1558762.625,1415265.875,1434239.5,1482550.75,1396381.625,1750818.0,1813633.5,1746133.375,1699185.75,1745102.25,1791911.0,1833380.5,2161263.75,2063926.5,1983488.125,2143180.0,1995171.875,2100409.25,2036132.375,2183431.5,2088837.5,1711740.125,1640214.625,2063858.375,1876374.875,1935238.75,2022768.0,1560218.75,1641729.0,1732931.125,1779005.25,1652384.625,1654929.625,2020053.5,1944928.25,2033148.75,2081195.375,1815092.75,1932452.375,1965488.625,2035733.0,1806992.25,1789182.0,1469025.25,1496321.5,1894029.0,1844123.625,2068212.25,2034687.25,1574255.875,1576513.5,1617563.25,1557927.0,1524110.875,1440981.0,1873154.25,1805647.25,1562402.375,1548864.625,1511699.875,1453192.5,1998671.75,2035956.0,2109415.25,1959886.25,2114340.5,2210080.25,1611971.875,1687684.25,2204125.5,2289939.75,1910531.375,1910047.375,1961324.625,2162493.75,1706914.375,1704986.875,1851013.75,1878749.375,1739400.875,1838940.75,1746533.125,1702828.0,1837397.625,1883169.875,1722935.25,1527201.625,1670876.125,1585915.5,1389665.625,1405259.375,1531802.625,1502054.875,1826170.25,1871620.625,2029475.125,1973237.0,1241603.0,1196601.375,1286604.125,1241614.0,1392830.75,1305658.0,1666519.5,1628174.375,1862208.125,1637562.125,1446015.125,1415058.375,1520257.0,1588667.0,1359438.125,1352454.875,1757992.125,1697044.75,1360621.625,1353484.25,2350772.25,2363898.0,1599470.0,1763912.875,1941218.625,1882345.75,2243525.0,2067058.875,2397685.25,2403111.25,2419330.25,2624598.0,2651177.0,2414064.25,1903890.5,2418893.25
93,1888866.5,1899132.875,1822586.25,1879886.0,1908101.875,1812423.75,1901376.75,1759100.0,1872107.75,1820645.75,2113931.25,2130793.25,2033842.125,2015158.875,1877311.875,1895376.125,1932034.5,1819925.375,1866426.625,1805880.0,1684322.625,1666371.0,1876057.25,1601072.125,1986262.375,1884470.875,1349765.625,1350647.25,2016471.25,1910568.5,1701489.625,1584064.25,1575651.125,1515435.875,1600061.75,1405712.5,1603955.875,1563468.625,1854727.75,1802656.625,1666750.0,1741187.0,1392695.25,1368256.5,1179530.75,1172479.0,1316240.25,1273573.625,1393183.0,1284762.125,1485619.625,1491914.125,1634126.0,1587434.125,1973832.5,1845769.875,2069379.875,2066756.125,1640687.0,2078646.625,1528788.375,1443901.125,1890528.0,1732478.25,1707453.125,1975851.125,1834201.75,1690083.5,1382450.0,1509519.75,1731500.875,1754224.0,1728806.125,1687241.75,1402021.75,1290885.25,1767086.75,1585035.625,1706450.25,1695502.5,1123599.125,1244920.75,1410856.125,1374116.75,1373578.125,1485539.875,1659206.0,1468334.5,1383190.125,1333011.75,1551923.375,1386973.75,1339262.875,1237946.75,1424115.875,1333224.125,1513026.875,1574933.125,1418716.125,1303503.375,1044560.3125,1098528.75,1396840.25,1259297.5,1582021.875,1630269.875,1455069.5,1476934.25,1514094.5,1514049.5,1484218.875,1396299.5,1613739.5,1566136.75,1427066.25,1448174.125,1495205.0,1404344.125,1758191.625,1819784.0,1742813.125,1695886.25,1741869.875,1790438.125,1845933.25,2164431.75,2065956.5,1988786.375,2145010.0,1994095.5,2104178.0,2035142.75,2186233.75,2088579.25,1707505.875,1637342.0,2067686.5,1874851.875,1940042.25,2022547.625,1559855.625,1641294.125,1727058.125,1774548.375,1656207.625,1656603.125,2018821.75,1943505.5,2036091.125,2081446.5,1813502.125,1930940.5,1960939.0,2032042.25,1808785.125,1789900.625,1471639.125,1496001.375,1897095.5,1843368.875,2071357.625,2033234.25,1575255.25,1578629.75,1620273.25,1557765.5,1527044.0,1441094.25,1877835.25,1805284.5,1568327.375,1548889.375,1520382.375,1450308.25,1994251.75,2033848.125,2107919.0,1964002.375,2113031.0,2212640.25,1613171.375,1691237.375,2204403.0,2289619.75,1911492.875,1909400.125,1962506.25,2166234.25,1709317.0,1706119.5,1849640.75,1873647.25,1735989.125,1826418.75,1749110.125,1703950.0,1834622.875,1879892.0,1720022.625,1523164.25,1669026.75,1583699.75,1380948.5,1396669.875,1530187.75,1499678.0,1822652.25,1863415.0,2028704.875,1976654.5,1249752.25,1199266.25,1288644.125,1240410.375,1397889.875,1310479.375,1671570.0,1632224.625,1863476.125,1638152.0,1443633.75,1414111.125,1523051.25,1593811.875,1361326.25,1349045.375,1753637.5,1695624.125,1362478.0,1354423.875,2364676.5,2374686.5,1602773.125,1770316.75,1944662.375,1886977.0,2247246.5,2073780.875,2399886.25,2407557.5,2425403.0,2623838.75,2644340.25,2406387.0,1912514.0,2425473.0
94,1888526.625,1901733.375,1820839.125,1882035.125,1905247.25,1813126.875,1902180.0,1764899.75,1873976.25,1823238.625,2113444.5,2134143.5,2034306.625,2016482.25,1874311.5,1895353.5,1929905.5,1822771.125,1863865.75,1805312.625,1682848.875,1665698.375,1873804.625,1603173.875,1982271.125,1885790.75,1348720.125,1349007.75,2016202.125,1913531.75,1700814.875,1583377.125,1574389.375,1515853.75,1598386.75,1405567.875,1605945.5,1564126.125,1855614.375,1804627.75,1662857.375,1740800.5,1392478.0,1368402.0,1179398.875,1173435.875,1316583.25,1272926.75,1393306.125,1284185.625,1484677.0,1493836.875,1635936.875,1589057.875,1975496.75,1848758.5,2075221.625,2068574.625,1648797.375,2082618.125,1529139.625,1445313.125,1887495.0,1733896.25,1706810.125,1976323.875,1835841.25,1692665.5,1383253.875,1508912.625,1731026.375,1753686.25,1725845.875,1686161.875,1401133.125,1292997.875,1767509.25,1581048.25,1707172.625,1695226.125,1122811.25,1247140.375,1412572.125,1376086.75,1376661.375,1483848.875,1660193.375,1466703.25,1382176.75,1334083.25,1557348.375,1386129.75,1340667.875,1238569.75,1421549.125,1333035.25,1518509.125,1579415.75,1422387.0,1304277.875,1045111.4375,1098226.875,1396316.375,1259520.5,1583337.5,1631444.875,1457592.75,1476901.875,1516656.25,1512583.125,1484394.75,1395757.375,1613499.25,1569673.0,1429360.0,1448448.5,1498144.125,1413156.0,1758866.75,1823978.125,1744291.125,1696027.75,1742947.0,1788858.625,1850841.25,2171062.25,2063475.875,1989085.0,2147477.75,1998973.625,2109769.25,2042092.0,2186941.25,2088088.0,1701147.875,1633697.875,2067102.875,1871891.625,1941614.375,2023460.625,1557257.75,1639101.0,1723622.75,1770170.75,1656930.25,1657424.875,2013934.375,1940230.875,2038254.25,2084399.5,1810590.125,1929967.5,1960745.375,2029662.125,1810059.375,1791757.375,1467031.0,1498008.875,1899659.5,1844482.125,2073604.75,2035068.125,1574875.625,1580235.0,1618256.0,1556780.25,1530714.25,1442104.75,1870717.25,1802063.625,1564118.625,1550666.625,1518747.5,1449273.75,1992739.875,2032222.125,2108890.25,1964206.875,2110325.0,2215273.25,1613367.375,1690984.875,2204571.25,2289771.75,1911473.5,1909363.25,1961093.75,2166990.25,1710425.125,1707827.875,1849225.125,1874048.5,1734051.25,1824379.625,1750190.5,1704614.75,1833255.0,1880566.375,1719085.125,1521454.375,1673001.625,1584284.25,1380222.375,1394873.0,1530423.875,1501477.625,1819525.125,1853594.125,2025639.375,1974077.375,1252976.625,1200053.375,1290772.5,1242347.75,1399111.875,1310275.5,1674986.625,1635325.125,1866553.625,1641065.0,1445871.5,1415473.0,1526037.875,1597807.875,1361763.875,1349806.125,1755494.0,1696665.875,1362878.5,1356734.875,2369982.5,2381373.5,1604349.5,1777394.125,1945849.25,1892311.125,2254246.25,2083072.5,2401929.5,2413510.0,2428428.5,2628891.25,2650159.25,2413836.0,1916393.125,2430163.0
95,1888676.375,1904487.5,1823439.125,1884779.625,1911120.625,1820427.875,1903307.25,1767577.125,1872777.875,1821840.625,2115254.5,2138467.0,2039314.75,2025441.75,1874495.25,1899363.125,1926939.75,1823812.125,1865133.125,1805962.375,1684874.5,1668628.5,1877082.5,1605588.625,1978579.375,1888244.75,1354021.875,1352197.5,2016465.375,1916056.625,1700901.0,1584895.25,1572628.25,1516155.0,1600258.625,1407950.0,1605320.25,1564286.125,1853729.0,1805993.0,1667030.5,1745839.75,1393447.0,1370785.0,1178616.25,1173338.25,1317261.375,1276954.5,1390462.25,1281720.625,1487925.25,1498429.375,1636880.25,1589493.0,1974997.75,1848650.5,2073953.5,2069090.625,1654587.625,2084018.875,1528523.125,1444581.5,1885133.125,1737025.5,1703714.875,1976091.75,1836609.5,1695343.375,1379545.25,1504706.375,1731173.125,1750639.5,1726421.125,1683079.25,1407837.0,1299713.25,1769492.875,1584811.625,1709688.875,1697231.375,1124121.25,1249699.0,1411583.875,1374156.875,1381451.5,1489830.25,1663283.125,1468091.125,1383308.125,1329011.375,1560297.125,1383995.75,1334465.875,1236366.25,1421102.25,1330789.875,1521866.5,1580069.0,1425993.5,1303434.625,1045850.8125,1095514.0,1390973.5,1255801.25,1580238.75,1629787.625,1457170.75,1475400.625,1511394.625,1511579.75,1477409.25,1389199.0,1605877.25,1564654.375,1415449.5,1433283.5,1481961.875,1404988.75,1752736.75,1820648.0,1749245.5,1699941.375,1747555.875,1790515.5,1836453.75,2168372.75,2056762.5,1985212.875,2144819.75,1998703.25,2105383.75,2042523.125,2183947.25,2088400.25,1699849.0,1631196.75,2065826.5,1871744.125,1937473.75,2022565.5,1560412.5,1639224.0,1729606.75,1772752.875,1654546.375,1656790.625,2006463.25,1935639.625,2034628.625,2082592.625,1807810.75,1928239.125,1961162.0,2028252.125,1808774.875,1790142.875,1464515.875,1498160.875,1897293.25,1843543.625,2070478.0,2035231.0,1574764.0,1578950.5,1616457.25,1558663.375,1531178.375,1443070.25,1867994.5,1801501.5,1559853.125,1549952.625,1513139.75,1450702.5,1995247.875,2033398.25,2111294.0,1962290.375,2113683.25,2217074.0,1611564.125,1687673.25,2203271.75,2287443.75,1908521.75,1907381.625,1964497.5,2167447.75,1708374.375,1707156.875,1850245.625,1878416.0,1738477.625,1838070.75,1746335.625,1702565.625,1831814.375,1881293.125,1720954.125,1524768.125,1675896.625,1586188.125,1386018.0,1401403.25,1532070.25,1504394.5,1820403.75,1858240.25,2022899.75,1968938.75,1245095.625,1197744.875,1291014.125,1244426.875,1394660.375,1305765.0,1671270.375,1632881.125,1866775.625,1641607.625,1448289.5,1416196.875,1524962.25,1594550.5,1362279.625,1351965.125,1761221.125,1699093.25,1362541.25,1356597.875,2357959.5,2371614.25,1602761.875,1773777.25,1941920.25,1888667.625,2253800.75,2079474.375,2399685.5,2410328.5,2423080.75,2630697.75,2658269.75,2422972.5,1909117.5,2424623.0
96,1890967.125,1903428.625,1827643.25,1881760.125,1922170.5,1823034.375,1904752.75,1761765.0,1870705.875,1820946.25,2120890.5,2141622.25,2046201.0,2030019.5,1874775.5,1897369.875,1927354.75,1817355.875,1870014.0,1805123.125,1686397.0,1668917.625,1879278.625,1599071.0,1980536.75,1885562.0,1357680.125,1353894.625,2020113.375,1913821.375,1702652.625,1583597.5,1577759.875,1515907.625,1604122.375,1408443.0,1606358.125,1565092.25,1857543.625,1807425.25,1674015.625,1749508.375,1394285.5,1372616.0,1178316.5,1172124.125,1320218.875,1280008.875,1390479.0,1282554.875,1490511.25,1497508.5,1635996.25,1587752.5,1973645.875,1846549.375,2066834.625,2066088.625,1648509.5,2080697.375,1528852.25,1444388.75,1887085.375,1735946.625,1703038.5,1975855.875,1835367.875,1695538.25,1378997.875,1504297.625,1728258.0,1748667.875,1729859.375,1683349.0,1408011.625,1299369.25,1770401.625,1589640.125,1708337.875,1697133.0,1124255.625,1246826.375,1408794.375,1371532.25,1380137.125,1491423.125,1659781.5,1470225.75,1383337.5,1325751.25,1554647.125,1382620.25,1332674.375,1237620.875,1422748.625,1330410.125,1515137.75,1573302.5,1425167.25,1300121.25,1044981.0625,1094762.0,1389063.625,1253880.25,1578349.875,1628670.875,1454887.25,1474599.0,1507483.5,1512169.25,1474933.375,1387152.875,1604404.5,1559138.75,1408306.125,1424901.0,1474798.625,1392912.0,1750541.625,1816301.5,1747428.75,1699346.625,1747897.5,1791899.5,1824325.875,2157805.75,2058604.5,1982511.0,2140929.75,1990716.5,2097073.125,2033116.0,2182605.25,2085839.5,1704538.125,1630642.5,2067212.125,1871791.5,1933903.625,2018320.5,1563234.75,1638383.0,1738537.25,1776738.0,1652259.5,1655051.0,2002365.0,1929253.875,2030404.25,2076865.5,1807004.375,1925380.375,1960389.125,2026042.25,1807875.375,1786915.25,1467489.375,1498278.625,1894979.25,1840637.5,2066768.375,2032577.875,1575884.875,1578934.125,1618642.0,1558844.375,1530537.5,1442698.125,1871788.25,1804424.75,1561783.375,1548412.125,1513988.25,1452157.875,1996418.125,2031639.875,2109923.25,1961376.0,2120734.75,2215446.25,1612653.0,1688866.0,2202641.0,2286121.5,1905088.375,1905452.125,1969886.125,2169276.25,1705612.25,1706159.0,1849952.125,1878639.25,1742806.625,1842263.375,1741958.75,1699357.875,1829989.25,1878528.625,1723469.375,1528429.125,1672487.875,1587478.875,1388718.125,1404722.75,1533542.5,1506493.625,1822253.875,1870337.375,2024670.625,1969073.0,1241347.875,1198040.25,1290564.5,1244449.375,1393824.75,1305569.25,1667116.25,1628921.0,1864008.625,1639805.875,1448051.875,1415787.5,1522011.125,1591478.0,1363260.25,1352411.75,1761900.375,1699831.5,1362771.5,1355387.625,2351984.5,2363020.0,1601788.875,1767668.125,1938725.375,1884890.125,2248370.75,2071840.5,2396881.75,2405031.0,2418639.0,2627385.25,2654058.75,2418069.25,1904647.125,2420553.5
97,1890966.0,1902284.125,1826603.0,1878922.875,1919496.375,1815518.0,1908635.0,1762328.625,1872273.0,1823336.625,2120326.75,2137154.0,2043131.0,2020419.75,1872441.125,1892548.375,1928171.875,1818850.5,1868941.75,1800876.875,1684271.875,1665734.25,1875262.125,1598073.0,1980945.875,1888337.75,1353836.0,1349177.625,2023270.125,1914543.25,1703589.875,1580729.875,1580176.5,1517470.875,1607284.125,1407846.125,1609390.625,1566260.125,1862492.25,1811986.375,1668424.5,1742763.375,1394111.5,1369757.875,1177398.125,1170254.0,1318535.125,1273785.0,1392700.875,1283576.125,1490075.75,1492848.375,1638696.875,1588159.375,1975037.375,1848094.75,2067404.25,2066492.5,1643041.125,2080421.875,1529511.75,1446916.625,1890766.75,1736534.5,1704307.625,1977481.25,1835720.375,1694055.375,1379018.625,1507615.625,1725673.75,1750135.625,1729001.375,1687092.375,1402186.0,1294178.5,1768933.125,1586629.25,1706463.625,1694910.0,1124134.5,1244197.0,1409594.75,1371258.125,1376139.75,1487578.875,1658755.75,1469214.375,1383052.5,1329579.25,1552022.25,1383554.75,1338897.75,1239745.875,1424882.75,1332089.25,1512289.125,1571452.875,1423746.375,1297615.75,1045710.1875,1096132.75,1391699.0,1255544.375,1580694.375,1630568.625,1455666.5,1475687.625,1509671.375,1511886.625,1477994.25,1388829.625,1608232.5,1561507.0,1416336.5,1431486.5,1486629.25,1398666.75,1753660.625,1816677.625,1742475.75,1696810.75,1744013.75,1791647.625,1832557.625,2157997.75,2066093.5,1983455.25,2143267.5,1991828.875,2099371.5,2034773.375,2185922.75,2084961.0,1704958.0,1630886.75,2067824.25,1868547.625,1937587.875,2019673.25,1559116.5,1636106.625,1734613.5,1772667.75,1654710.5,1656993.5,2005244.125,1924710.875,2031676.875,2076564.625,1806323.0,1924788.0,1960467.125,2024370.375,1810164.75,1788344.75,1470809.375,1501558.625,1895469.875,1841559.375,2068264.75,2034733.5,1576177.625,1579707.0,1622000.875,1557869.75,1532854.875,1443462.5,1872834.0,1807272.5,1563032.875,1550107.25,1516588.5,1452952.5,1993149.25,2027387.125,2109442.75,1963086.5,2117805.0,2210624.75,1613187.375,1689484.75,2204925.25,2291018.75,1906348.25,1906653.5,1966697.625,2167427.75,1705540.0,1706606.625,1848097.125,1874508.625,1740544.125,1830517.0,1742431.0,1698760.125,1827726.5,1875575.25,1725951.25,1528679.75,1671083.5,1589738.625,1385826.0,1399976.25,1535054.125,1507179.5,1822409.125,1869748.25,2027425.75,1973154.5,1247910.5,1202000.125,1290689.25,1245972.75,1397651.0,1309857.25,1669031.75,1629865.75,1864000.625,1639676.625,1448619.0,1417780.0,1523442.0,1593236.625,1364474.125,1354277.375,1757395.375,1698397.0,1364162.25,1357042.125,2363208.75,2371407.5,1605104.375,1770841.75,1940928.125,1886875.375,2249042.75,2077740.0,2398422.25,2407677.25,2421475.5,2628654.75,2647534.25,2413049.75,1911654.125,2425886.0
98,1887136.875,1902507.875,1821162.375,1882177.875,1903788.625,1810847.0,1910675.375,1770421.875,1873675.875,1823359.25,2112266.75,2130054.75,2032978.75,2013123.25,1871081.375,1894658.375,1926840.0,1829847.125,1861408.25,1798597.5,1682231.625,1666668.25,1872202.75,1608736.125,1978225.5,1897146.5,1350014.25,1347662.125,2019188.75,1921263.25,1702278.125,1582381.75,1572661.375,1519320.875,1606568.0,1408829.5,1608149.5,1566377.75,1858528.375,1814521.5,1660674.75,1737870.375,1394611.125,1366995.125,1176464.375,1170016.5,1313829.0,1268702.5,1391929.375,1281326.625,1488510.875,1493892.625,1642498.625,1590489.0,1977955.375,1851036.125,2073543.625,2071499.125,1647103.625,2083602.125,1529819.75,1447675.375,1891920.5,1741152.75,1704101.625,1978460.125,1836919.75,1692253.375,1377062.375,1507160.625,1731240.75,1753960.75,1726139.875,1688235.5,1404819.75,1295664.5,1769576.25,1584793.625,1711236.875,1696161.375,1126193.5,1247817.875,1412311.5,1371775.875,1375659.375,1490355.75,1667619.875,1468502.75,1385902.375,1334442.75,1558011.5,1385886.375,1339764.0,1235591.875,1426482.125,1333482.375,1520388.25,1578677.25,1422662.875,1300404.625,1047470.6875,1096995.75,1393161.5,1256743.0,1582445.75,1631390.0,1458238.75,1476863.125,1512212.875,1511313.75,1478082.875,1388216.875,1607794.875,1566253.125,1419391.125,1436464.125,1491549.75,1407239.25,1753141.625,1816312.25,1744765.125,1699222.625,1743574.125,1792880.375,1840351.5,2167176.75,2061630.875,1984492.625,2148226.0,2002003.0,2107153.75,2047413.625,2186583.75,2090919.125,1698526.0,1631741.875,2064223.875,1868155.0,1943905.25,2028611.5,1556053.125,1639056.125,1724434.625,1768791.125,1658757.875,1661574.25,2008698.25,1928678.0,2033187.625,2080626.625,1804794.0,1927036.5,1960292.875,2025953.375,1812345.625,1792258.0,1471283.625,1503556.75,1896242.625,1846120.125,2071816.25,2040354.125,1574270.875,1577577.625,1621590.5,1560173.0,1533707.5,1443921.5,1871396.125,1807577.875,1561337.5,1551936.0,1513883.5,1452963.5,1990763.375,2029464.75,2111546.25,1964780.875,2109642.25,2210420.25,1609082.375,1684436.25,2205175.25,2293916.25,1910842.375,1909668.0,1961732.875,2166048.75,1706756.0,1706512.625,1848018.125,1873399.0,1738213.25,1828719.875,1746588.0,1701550.25,1827188.125,1876927.0,1724735.75,1526085.125,1675321.875,1591045.25,1383941.875,1397701.5,1534682.125,1505977.125,1820728.75,1861515.875,2024923.375,1973156.0,1249507.375,1202806.125,1290808.5,1247451.625,1396668.0,1309173.375,1671423.25,1632906.875,1866783.875,1640699.75,1449899.75,1418302.25,1527289.625,1593632.875,1365097.0,1355792.75,1756437.25,1697643.0,1365032.125,1358823.875,2370076.5,2379860.75,1608158.125,1775373.375,1943487.875,1888473.25,2254291.75,2086017.5,2401157.0,2411341.0,2424621.0,2632777.25,2652508.75,2419293.0,1916610.875,2429722.25
99,1885257.625,1899477.125,1821940.75,1887186.25,1899892.0,1814075.875,1907340.25,1768617.75,1870592.125,1819958.0,2110401.0,2131053.0,2030821.5,2019662.125,1873413.0,1900031.125,1925247.0,1829711.375,1861102.25,1800913.125,1682929.0,1669789.625,1876992.375,1613603.625,1979448.375,1896260.5,1352577.75,1353487.875,2015026.375,1921239.0,1703103.5,1585869.125,1569975.875,1518567.125,1604617.0,1409718.875,1605474.625,1565987.0,1853988.0,1810556.25,1666407.25,1743187.75,1393737.75,1367790.875,1176997.75,1172020.875,1316151.625,1274726.125,1389447.75,1280521.5,1486883.0,1496568.875,1640404.0,1589634.75,1976762.25,1849665.125,2073729.875,2073117.75,1652154.25,2084453.875,1529124.5,1445011.875,1890413.5,1739878.125,1703352.375,1977598.5,1835955.125,1692871.875,1375562.5,1501363.375,1737080.875,1755494.25,1727038.875,1686500.125,1410824.0,1300837.5,1770165.875,1587578.5,1714480.625,1700147.375,1126747.125,1250096.375,1411248.0,1371447.125,1375336.25,1495454.75,1670329.875,1471223.0,1386173.0,1333533.0,1559838.5,1386304.125,1332089.75,1230683.25,1425830.25,1332564.125,1522627.875,1581011.375,1419386.25,1304097.625,1044914.9375,1096627.5,1391929.125,1255676.375,1581188.25,1629388.625,1457552.625,1476699.25,1511759.25,1511587.375,1476369.125,1387448.125,1605738.0,1563316.625,1413133.25,1430992.125,1481945.625,1397861.5,1749654.0,1812696.625,1748516.875,1701667.25,1744449.875,1793350.375,1831786.25,2168279.75,2053657.0,1984718.0,2148605.0,2003546.875,2106668.5,2048470.75,2182031.25,2094931.25,1700044.625,1634984.75,2063080.5,1873193.125,1944709.5,2030719.5,1559836.625,1642282.125,1727033.625,1774159.75,1658099.875,1660750.0,2009771.0,1939250.0,2031442.125,2082232.375,1807901.125,1929903.0,1960764.625,2030541.75,1811649.25,1791986.75,1470184.0,1501599.0,1896697.875,1847159.0,2072713.25,2041209.375,1572303.75,1576746.75,1618412.625,1561030.375,1530039.125,1441659.5,1870257.375,1806840.5,1560232.375,1550178.125,1509273.75,1451617.375,1994725.375,2036206.375,2109831.0,1962442.875,2111342.25,2214001.25,1608649.125,1684726.25,2201937.25,2288313.75,1911486.875,1909976.5,1963018.0,2169376.75,1706359.25,1705809.25,1849887.875,1876464.875,1739586.75,1840238.75,1748669.75,1703575.0,1831802.25,1881185.0,1721292.625,1524561.125,1676242.375,1588456.75,1384271.625,1400664.25,1530963.25,1503391.75,1820349.25,1864264.0,2024094.5,1972356.875,1240944.625,1199019.0,1288333.5,1243764.125,1392053.0,1303985.25,1668874.25,1631546.75,1865211.625,1639634.25,1448355.5,1414602.875,1525667.625,1591425.375,1363223.75,1352401.625,1759293.625,1697420.75,1363024.625,1356617.0,2360873.25,2372211.25,1604884.375,1770928.875,1943163.125,1887300.25,2252832.25,2078347.0,2400592.25,2408312.5,2422651.0,2629868.75,2657691.75,2422393.25,1910961.125,2425666.0
100,1888271.375,1897190.25,1828974.625,1890092.75,1914609.125,1816798.375,1902589.75,1759164.25,1867761.875,1819058.875,2117556.75,2137178.0,2039243.125,2028288.625,1876748.625,1901691.125,1924823.5,1820273.875,1869944.625,1803254.625,1684489.375,1667750.625,1883415.125,1607782.75,1981594.625,1886390.0,1356250.125,1356884.875,2017135.0,1913068.375,1705597.875,1586993.125,1577062.5,1515591.5,1603796.125,1407364.0,1606238.875,1565348.125,1857211.625,1805392.375,1673156.875,1746224.0,1390491.625,1367845.125,1177116.5,1172720.875,1321101.875,1279777.375,1389924.375,1282747.625,1485393.125,1492594.25,1635136.0,1586770.75,1972424.0,1845339.875,2069332.625,2068396.875,1649456.0,2082655.125,1527573.75,1444102.125,1887959.0,1732783.625,1704222.0,1976525.75,1834423.375,1695268.0,1375728.625,1501322.125,1731070.0,1751460.125,1727839.25,1686406.625,1404136.75,1297968.625,1765257.875,1585941.5,1707437.75,1699474.5,1122911.5,1246039.375,1409180.0,1371066.25,1369990.0,1491062.375,1660350.75,1472185.5,1380995.125,1332755.625,1555031.75,1386208.125,1331253.5,1233395.125,1423581.25,1331721.0,1512633.625,1576517.0,1417281.25,1302520.625,1040977.0,1095717.0,1391391.25,1256088.5,1580435.375,1629743.875,1455748.5,1477351.0,1510174.625,1511864.0,1477996.875,1390571.5,1608013.5,1561231.125,1418478.5,1432831.625,1482472.5,1393534.375,1750942.0,1815490.0,1743469.375,1698823.0,1740757.875,1789432.375,1830891.125,2163766.0,2058778.0,1984453.375,2145936.75,1994283.875,2101632.5,2037497.5,2181870.75,2091857.125,1707775.875,1636814.0,2068098.625,1877413.625,1940566.75,2022375.5,1562457.625,1639197.0,1735007.125,1778202.0,1655169.5,1656267.125,2010815.0,1940856.375,2031439.0,2081790.875,1812198.875,1930044.125,1962750.0,2032722.25,1809975.5,1788356.125,1468886.25,1500223.5,1897153.25,1841843.75,2071495.0,2036860.0,1573317.125,1579938.375,1616344.0,1556340.75,1526905.625,1440436.75,1867325.25,1805392.0,1559818.625,1547274.625,1508756.5,1450224.875,2000222.75,2038803.375,2104142.5,1958592.375,2117594.25,2212648.75,1614967.125,1693771.0,2199430.25,2282691.25,1907411.625,1906006.375,1964135.0,2170562.0,1705484.75,1706253.125,1849582.375,1876505.0,1739214.25,1838587.75,1746531.75,1702496.125,1834441.625,1882002.375,1720482.125,1526038.75,1670921.25,1586185.25,1382891.5,1399781.125,1529759.5,1502840.625,1820081.0,1867917.875,2027666.625,1975769.25,1242284.625,1198960.875,1286903.625,1240111.25,1394989.5,1306352.25,1667790.625,1630688.25,1860768.625,1638572.375,1445775.375,1414187.5,1521154.625,1592411.0,1360778.25,1350062.25,1758115.375,1695346.75,1360911.125,1355222.125,2356769.0,2366835.0,1600772.875,1766895.875,1942778.625,1886785.75,2246423.0,2069301.75,2398006.0,2406448.5,2420654.25,2623858.0,2648507.5,2413842.5,1907513.125,2424304.5
101,1889914.875,1900896.875,1831224.125,1890507.625,1926054.25,1816008.875,1902201.625,1757831.625,1868366.0,1820014.875,2120303.5,2138941.5,2046518.625,2030550.5,1876977.375,1900588.125,1925888.0,1819271.5,1875636.125,1804175.75,1685833.125,1664607.125,1884635.625,1604097.875,1982010.0,1883639.625,1357124.625,1355081.0,2020623.25,1910547.125,1706137.625,1588008.25,1581577.5,1514342.5,1602873.25,1403758.875,1606917.5,1564818.125,1859132.0,1804411.375,1670604.625,1742389.125,1390950.875,1367209.625,1176821.625,1172071.375,1321244.75,1276627.875,1392263.25,1283617.5,1485281.125,1488208.0,1634471.375,1586445.0,1972914.125,1843458.375,2069408.375,2065343.625,1644887.625,2081171.875,1527011.875,1445883.625,1887605.5,1731193.375,1705455.25,1975985.375,1834442.75,1695262.0,1378017.5,1507097.125,1721824.125,1746091.5,1724795.625,1685047.25,1393735.0,1290935.25,1757561.25,1577850.875,1698597.25,1693844.625,1120110.75,1244215.0,1410635.375,1371542.75,1367109.875,1484693.875,1654523.5,1469150.5,1379196.875,1335186.25,1553225.625,1389003.25,1339187.25,1238042.5,1421646.125,1332887.0,1507339.375,1576839.5,1421007.25,1300551.625,1042383.25,1096151.875,1392705.0,1258394.375,1581138.5,1632557.5,1455554.5,1478790.875,1510604.5,1511923.875,1480703.0,1393937.125,1610993.125,1566994.625,1431836.5,1445293.5,1495318.625,1408904.875,1753654.375,1822091.875,1737212.875,1695608.75,1738848.625,1785826.5,1846531.5,2164869.5,2067563.0,1982615.625,2143931.25,1988821.0,2102589.5,2033859.25,2186793.5,2089634.875,1708228.25,1633559.75,2070837.125,1878709.125,1937790.0,2018426.625,1559994.875,1637606.0,1734684.75,1773401.25,1653634.5,1655065.125,2010733.375,1930973.375,2033763.5,2080343.0,1807970.75,1926276.125,1962297.5,2029926.25,1809580.625,1787206.625,1467075.25,1500062.875,1897327.5,1838316.375,2071760.25,2034519.875,1575536.625,1580557.5,1615724.375,1552220.625,1526662.25,1440849.625,1863927.125,1801304.625,1559512.625,1546643.875,1511224.5,1450169.125,1999873.0,2035765.375,2100949.75,1958244.875,2117445.0,2209168.0,1617985.5,1696106.875,2198687.75,2283960.0,1905293.0,1903718.125,1963423.375,2168705.0,1707545.25,1707007.625,1847764.5,1873471.875,1737201.875,1824437.375,1744818.0,1701621.625,1829413.875,1878648.125,1719856.25,1526888.375,1667273.375,1587282.75,1381123.125,1396278.25,1532183.375,1504828.75,1816448.625,1860599.625,2027956.25,1976834.75,1254536.25,1202603.625,1290125.0,1242483.125,1401118.0,1313498.0,1671830.0,1634827.625,1861129.5,1640080.375,1445507.125,1417783.125,1521775.5,1596582.375,1361585.875,1353441.625,1754449.625,1694020.375,1361533.0,1357260.625,2367028.75,2376351.0,1602350.25,1771562.25,1943530.875,1887997.5,2246568.75,2075923.5,2397816.5,2410116.75,2422808.0,2624190.75,2639008.25,2407345.25,1912748.5,2428444.75
102,1887787.875,1903663.625,1826560.125,1886800.125,1920104.875,1813854.0,1906271.0,1762889.375,1869409.125,1818909.375,2114216.25,2134906.0,2043178.5,2026176.75,1874333.625,1898928.75,1929092.25,1823360.875,1872425.375,1804537.625,1686414.0,1666090.625,1881455.75,1605923.625,1985884.625,1889566.125,1356581.625,1353957.875,2020054.25,1914076.875,1705151.5,1588727.125,1579303.5,1517117.0,1602501.0,1404803.875,1605121.75,1565316.75,1855594.5,1807591.625,1668426.375,1741005.125,1395101.875,1369718.75,1178682.25,1172963.375,1319706.875,1274175.75,1392101.875,1283122.375,1487322.0,1491688.125,1636399.875,1585877.5,1977018.125,1844925.75,2072689.125,2067935.0,1647254.125,2081614.75,1527880.25,1446527.25,1889779.0,1735015.625,1704780.125,1976184.25,1835790.5,1693767.75,1380341.875,1505468.75,1722621.625,1746211.875,1723094.75,1681730.75,1396224.625,1291816.125,1757614.75,1577174.5,1699386.375,1692789.125,1121811.25,1248996.125,1410794.125,1374383.375,1372817.0,1488352.25,1658144.875,1468434.0,1380828.875,1333867.625,1554146.25,1390985.375,1338672.875,1236925.875,1418791.75,1333793.25,1513131.5,1580510.0,1425280.5,1302984.875,1045233.375,1098361.5,1392737.625,1258146.75,1581602.75,1632844.25,1454846.75,1477723.5,1512472.125,1511806.0,1480423.25,1392185.0,1610245.375,1567684.375,1427577.625,1444803.625,1494659.5,1414906.125,1751670.25,1818414.25,1740272.875,1697716.375,1742940.375,1789165.5,1850587.875,2167828.25,2068508.125,1984032.25,2142804.25,1992490.25,2106720.0,2040663.375,2187080.25,2090205.875,1705866.875,1633435.625,2066594.0,1877249.875,1937535.375,2021749.25,1557699.125,1639743.0,1730969.25,1770086.75,1652332.0,1655709.375,2012342.625,1931578.625,2034474.25,2079728.875,1802588.625,1925359.625,1958988.625,2027880.25,1809505.25,1788553.0,1465939.625,1498377.375,1896323.0,1841424.875,2074117.25,2037020.25,1574988.875,1576164.625,1616587.875,1553234.875,1526848.0,1440394.5,1864222.125,1798320.5,1561345.125,1546859.625,1512138.625,1450184.875,1995559.875,2032536.125,2104302.0,1961377.125,2113454.75,2209906.75,1613356.375,1687054.75,2200252.5,2287837.5,1906871.0,1907323.25,1963988.0,2168731.0,1710584.875,1706954.375,1848384.0,1875038.125,1739004.375,1825486.125,1745628.875,1702835.5,1826642.375,1878063.25,1721273.0,1527483.75,1668710.375,1590286.125,1383064.125,1399589.25,1531911.75,1505718.125,1817284.125,1860032.0,2027229.375,1974415.375,1253884.125,1201115.875,1291336.875,1244919.25,1398155.0,1310750.5,1672870.875,1635144.75,1863754.0,1641559.25,1445899.25,1418013.625,1523830.375,1597258.375,1362740.0,1355967.25,1756135.0,1697114.125,1361948.5,1356711.625,2369162.75,2380783.0,1603829.0,1774824.125,1943526.0,1888680.25,2252490.25,2083385.375,2399903.25,2409618.25,2423708.25,2626555.75,2646439.0,2412283.25,1913488.75,2428316.75
103,1888610.0,1900783.375,1822074.0,1881152.0,1909571.25,1811406.625,1909024.75,1763029.875,1871813.0,1819320.125,2110548.75,2130261.75,2035846.75,2019329.125,1873153.625,1897320.25,1931322.75,1822765.5,1865304.125,1802779.125,1686060.625,1668383.125,1877277.25,1606507.625,1987269.375,1891071.75,1354234.75,1353114.5,2016402.375,1914446.125,1703893.75,1586631.375,1574260.25,1518812.875,1603411.125,1409228.625,1602720.375,1565191.5,1853124.625,1809938.375,1670440.75,1743194.25,1394968.25,1371498.75,1180100.0,1173688.0,1318068.0,1274412.75,1390591.0,1283936.625,1489040.75,1496617.375,1635741.875,1584575.0,1977245.0,1846432.125,2071689.5,2069575.625,1651421.375,2082682.0,1528806.375,1446106.75,1890379.625,1736311.0,1703168.375,1977086.625,1836595.25,1693102.375,1379345.0,1501326.5,1729253.375,1750955.75,1726383.625,1684754.125,1403980.75,1297759.25,1767612.625,1588593.375,1706939.75,1698329.875,1122794.375,1251767.0,1407553.75,1377110.0,1376076.25,1494313.625,1660110.75,1471372.375,1380094.875,1330612.125,1552917.125,1388078.375,1330958.5,1234856.75,1416145.375,1333516.875,1516363.75,1580292.0,1422535.5,1304567.75,1043564.5625,1098437.125,1391057.75,1256258.625,1581493.125,1630731.5,1453884.375,1475173.0,1510870.25,1512277.625,1478306.625,1388554.125,1608461.5,1561572.375,1413698.375,1433082.875,1481602.75,1403108.625,1749698.375,1812148.875,1745135.75,1700917.25,1745157.75,1795616.875,1839131.625,2166398.0,2064167.375,1987854.75,2143568.75,1996804.125,2107329.5,2045503.125,2184142.0,2088365.875,1704437.875,1637652.75,2063517.375,1873585.0,1937733.0,2022470.75,1558961.75,1639661.875,1728900.625,1774743.5,1652610.875,1655713.5,2017820.625,1944796.5,2033316.625,2082875.875,1807621.75,1930107.875,1958750.625,2030080.875,1808469.875,1788896.25,1466863.625,1497551.25,1894685.375,1844142.0,2074992.625,2039116.75,1574615.0,1574518.375,1619017.625,1556077.875,1526774.625,1440806.25,1868404.0,1802818.0,1564330.125,1547082.625,1511866.875,1450814.75,1994831.0,2034742.125,2111777.5,1964670.625,2111646.75,2211286.75,1609458.125,1683025.125,2205217.25,2291225.25,1910510.125,1912674.375,1963475.0,2168243.0,1709982.875,1706489.5,1850501.625,1878952.75,1740896.5,1836573.0,1745552.75,1703179.625,1831684.875,1881307.125,1724004.375,1528538.375,1669904.5,1591522.125,1384992.625,1403469.25,1529902.625,1504512.0,1824501.125,1870254.0,2027906.875,1974028.0,1243072.375,1198432.125,1287734.0,1244165.0,1392463.125,1304422.25,1669289.5,1630370.125,1863852.375,1641720.75,1446768.5,1416256.75,1522468.5,1594248.875,1361557.75,1354867.25,1760627.625,1700333.25,1361437.625,1354504.0,2359540.75,2372472.25,1601852.875,1772013.0,1943901.0,1888731.5,2253400.5,2078125.875,2401081.75,2405094.25,2422243.25,2624476.75,2655546.75,2417264.5,1907834.875,2425534.0
104,1892514.125,1899229.625,1821782.875,1879806.125,1907368.375,1810377.125,1908394.625,1759362.125,1876854.125,1823459.0,2113830.5,2129613.75,2033080.875,2017748.125,1875026.0,1896105.25,1929768.875,1821800.75,1861805.625,1802378.5,1687213.0,1669467.375,1876199.5,1604994.875,1981520.625,1885756.75,1350882.0,1350815.0,2017272.75,1915284.25,1704883.5,1585689.5,1572761.125,1517762.625,1603856.75,1410727.0,1601682.75,1564796.25,1852804.625,1809119.375,1668614.25,1741075.375,1391188.875,1369267.875,1177773.5,1171930.75,1314236.0,1271985.625,1391107.0,1284067.625,1487523.0,1495311.625,1636672.125,1587366.625,1975739.875,1845237.625,2069728.375,2066852.875,1651279.25,2080842.5,1528715.0,1446636.75,1889961.375,1736638.625,1703148.75,1977086.75,1834915.125,1691283.375,1377490.125,1505868.25,1732838.25,1752386.25,1729013.875,1691741.875,1405034.0,1299455.625,1774130.875,1594209.0,1710361.125,1700174.875,1120665.125,1248163.5,1407102.75,1374915.125,1372042.625,1492339.875,1658521.125,1471319.25,1380657.5,1333034.75,1553291.0,1385859.375,1332265.75,1236868.875,1417415.125,1333572.0,1514639.5,1580550.125,1417880.5,1304195.875,1040839.6875,1096779.375,1390887.125,1256873.25,1580904.875,1629805.125,1454385.625,1474559.25,1507172.5,1513528.875,1477484.125,1388925.125,1608134.5,1561068.0,1414910.75,1434039.125,1483203.0,1402136.875,1751950.25,1816378.875,1743769.875,1699205.375,1743517.0,1796026.75,1840348.5,2165488.0,2058741.75,1986766.875,2145916.75,1996744.5,2105652.0,2043115.875,2187730.75,2087382.0,1699788.625,1635924.75,2068821.625,1874057.125,1940096.875,2022407.75,1563665.375,1640508.75,1727244.5,1777667.875,1655666.75,1657699.125,2019337.5,1948305.125,2032986.375,2085843.5,1812749.125,1931747.875,1961090.625,2031261.25,1808520.125,1788618.625,1467444.375,1499909.75,1895633.625,1842124.375,2073701.0,2036710.75,1576502.875,1577517.375,1620622.375,1557033.375,1527308.5,1442224.0,1872050.25,1809641.25,1563036.75,1549228.625,1511604.25,1452757.875,1997060.125,2038670.375,2114200.0,1963754.125,2111729.25,2210125.0,1610580.875,1688503.5,2209635.0,2294175.0,1914739.875,1913747.625,1960302.5,2164985.75,1708518.625,1706100.875,1851562.125,1877946.625,1738091.875,1833014.25,1745181.25,1702711.375,1834337.125,1881833.125,1719570.75,1526293.25,1668778.5,1589016.125,1382399.5,1399467.75,1530714.875,1504148.375,1824925.625,1868949.125,2025056.875,1974072.5,1244467.625,1201206.375,1287744.5,1244698.25,1394945.0,1307632.375,1669214.625,1630260.125,1862975.375,1641629.5,1448530.75,1416455.875,1522132.875,1594116.875,1361583.375,1354537.75,1758861.75,1697010.25,1362175.5,1355933.875,2360488.0,2370713.25,1602068.875,1772591.125,1945539.875,1890674.875,2248217.25,2072506.25,2401138.25,2406816.25,2424669.75,2623137.25,2648464.75,2412113.5,1909397.5,2427696.0
105,1893672.0,1903318.625,1822873.375,1881390.875,1908344.625,1812798.0,1908051.75,1760746.625,1879153.5,1825566.75,2115776.75,2132852.75,2032679.0,2021221.625,1875948.375,1895747.125,1929342.5,1825106.875,1862887.25,1806637.0,1689854.625,1672208.875,1878162.125,1605488.625,1977828.0,1884853.125,1350593.625,1351059.875,2021796.5,1920922.375,1705680.0,1588584.875,1576443.0,1517617.375,1603159.125,1410453.5,1602611.625,1565708.5,1852997.875,1809115.125,1661461.375,1736148.125,1390159.875,1369631.25,1175584.625,1170378.0,1311150.375,1269471.875,1391474.0,1282076.5,1486685.625,1494961.75,1641201.5,1590639.25,1977320.0,1844109.625,2073240.75,2064822.0,1652481.75,2077310.75,1528514.0,1447028.0,1890632.25,1739853.375,1704299.875,1976558.875,1834447.375,1690291.875,1377607.875,1509571.625,1734599.75,1749366.0,1727945.375,1691338.375,1404832.5,1298984.375,1772152.5,1590368.625,1709591.5,1698246.875,1120084.625,1248058.125,1409106.375,1372620.875,1372361.125,1491527.625,1659754.75,1469561.25,1380789.25,1336743.25,1557358.75,1388279.875,1337238.375,1237254.75,1419808.75,1335333.125,1517173.375,1584395.125,1419213.875,1307107.75,1040266.0625,1098110.0,1390676.875,1258186.625,1580403.75,1630528.25,1454639.25,1475578.0,1506623.25,1512596.5,1475580.5,1390297.875,1606943.75,1565499.375,1420353.125,1442646.5,1495147.0,1413814.875,1753001.0,1820235.25,1744353.625,1698531.75,1745081.625,1793268.75,1851693.25,2168578.5,2054297.875,1984478.75,2147117.25,1996230.25,2105124.75,2038548.875,2194221.5,2092546.125,1694838.875,1631747.625,2072706.5,1876864.125,1942394.5,2026830.5,1565178.625,1644655.625,1724684.875,1774618.125,1657392.875,1661559.125,2013997.875,1941202.125,2034157.875,2085650.125,1807804.875,1927604.0,1959409.5,2027149.25,1810563.625,1788927.875,1466998.375,1501449.5,1898512.375,1840139.0,2072060.0,2032281.75,1575614.75,1577777.0,1619638.125,1557692.75,1528106.375,1443189.5,1871558.125,1809535.5,1559494.75,1550566.125,1511369.5,1453637.75,1993981.25,2035522.875,2109917.0,1960819.875,2109270.25,2210026.5,1609840.0,1687935.625,2209822.25,2295063.75,1914739.5,1911133.375,1957702.875,2162105.0,1708545.875,1705302.5,1850968.125,1873871.375,1737081.375,1827423.625,1745674.375,1702421.25,1830049.5,1878044.375,1715258.625,1523621.0,1668606.5,1588552.625,1383104.125,1398439.125,1532844.375,1506098.25,1818154.25,1857128.625,2020218.25,1971031.625,1253737.625,1203452.0,1293163.125,1246085.5,1398840.375,1311705.875,1671653.625,1633433.75,1861659.625,1641226.875,1447356.0,1416921.0,1523433.0,1595622.0,1362385.75,1355587.125,1754265.5,1692689.875,1362717.875,1357597.0,2367243.25,2377178.5,1603606.25,1776214.875,1943340.625,1892167.125,2247163.75,2076485.75,2399687.0,2411086.0,2426079.5,2626062.75,2642644.5,2408717.25,1913515.625,2429764.75
106,1892387.875,1906092.875,1822555.125,1879203.25,1905963.375,1816031.625,1908907.375,1765641.125,1877228.25,1824179.0,2113673.5,2134175.5,2033765.625,2021529.75,1873856.625,1896980.75,1931481.5,1828142.5,1862240.0,1807729.875,1689823.75,1674145.375,1879224.25,1606937.625,1977797.75,1890208.25,1352435.5,1352862.0,2020958.375,1920926.75,1702147.5,1588414.0,1576251.0,1514506.375,1604427.0,1412165.125,1604414.5,1564063.25,1854204.375,1808227.625,1659271.625,1737515.5,1391670.5,1372274.375,1177205.5,1171796.75,1312678.75,1271465.375,1389505.25,1281036.375,1489790.875,1499226.25,1642993.125,1590627.0,1978511.625,1847888.375,2078536.875,2069116.75,1658342.0,2079486.875,1529039.125,1446171.25,1889362.25,1741998.625,1704453.25,1978169.75,1838111.125,1693583.5,1377702.75,1505631.75,1738049.25,1749401.875,1728097.625,1687144.75,1410080.125,1300706.125,1773409.625,1592463.25,1713090.25,1701847.0,1122917.5,1254402.0,1409901.125,1375025.25,1377604.25,1497514.125,1664872.625,1472592.0,1378396.25,1333828.375,1559029.25,1389240.125,1333634.625,1233506.25,1419989.75,1336921.0,1521803.5,1584801.875,1422391.0,1309638.875,1040830.0625,1099607.625,1389378.0,1256989.375,1580307.625,1630587.375,1454021.25,1476070.25,1508502.5,1509943.875,1472910.25,1387531.875,1604554.875,1565044.25,1412953.875,1438138.0,1489574.125,1409551.75,1749670.25,1813581.75,1751359.375,1703286.375,1748861.75,1795322.125,1844134.625,2170928.0,2050864.125,1983193.625,2146528.5,1999626.375,2106436.75,2040966.75,2189975.0,2096752.875,1693436.875,1633117.5,2065108.5,1872210.75,1940110.25,2028373.875,1560989.0,1645053.0,1721997.875,1775283.75,1655798.25,1661720.75,2009183.0,1936511.125,2033353.875,2085315.625,1803331.5,1925633.75,1956203.0,2023208.75,1812313.125,1790345.5,1466983.25,1499488.25,1899304.75,1842419.875,2071616.25,2033500.625,1572220.25,1575368.875,1617808.125,1559925.75,1528781.25,1443628.5,1869391.125,1806793.5,1558991.75,1548839.125,1512198.875,1453398.25,1988941.125,2030263.5,2110465.0,1962820.125,2107128.5,2210343.25,1605682.375,1679734.25,2209307.5,2294819.0,1912053.625,1910800.5,1959202.75,2161188.25,1707274.375,1703777.875,1850289.5,1873065.5,1740014.375,1837544.875,1744877.375,1700643.625,1827959.625,1876028.625,1719385.625,1524850.375,1670307.875,1592062.125,1388822.125,1403482.0,1532592.875,1506273.0,1816284.25,1856892.625,2017697.5,1966152.125,1249921.5,1201744.375,1293845.625,1245639.125,1394715.75,1307329.625,1669465.5,1631596.0,1860743.375,1640851.625,1445174.375,1416555.0,1522526.5,1593248.5,1361439.125,1355530.0,1756401.0,1695805.75,1361790.75,1356438.5,2361503.25,2373912.0,1602219.75,1773013.75,1938160.125,1888306.875,2251687.25,2079556.375,2396761.5,2408342.25,2420665.25,2627714.75,2652650.25,2416123.25,1908701.5,2425542.25
107,1892642.375,1902439.375,1824237.875,1875263.5,1906801.125,1814102.25,1908101.375,1762394.875,1874843.25,1822604.875,2113820.0,2131773.0,2038952.875,2018368.125,1873789.875,1897366.75,1931309.25,1824921.125,1861441.0,1800028.0,1688248.625,1669719.375,1879547.375,1603218.375,1977912.375,1889150.125,1353560.25,1350741.625,2020529.625,1912163.25,1703006.5,1581945.5,1574736.375,1508740.875,1610197.0,1413244.125,1607251.625,1561020.375,1857786.5,1804231.0,1666579.375,1742397.375,1393077.75,1369181.25,1179452.125,1173546.375,1316787.75,1274644.75,1388468.875,1282358.0,1492164.375,1498653.0,1640317.75,1590289.5,1976883.25,1850910.0,2077840.875,2074068.125,1657856.875,2084099.25,1528636.5,1445428.625,1888053.75,1739159.75,1703920.375,1980011.875,1838603.0,1695879.625,1379482.5,1504255.0,1739566.625,1751449.25,1729926.5,1687784.75,1413561.625,1300327.5,1779060.625,1596509.0,1715152.625,1704113.125,1124060.625,1254821.0,1410269.125,1376756.125,1377792.625,1497761.25,1664563.375,1474935.125,1378518.125,1329914.625,1555564.125,1386252.375,1329046.25,1232716.25,1419601.375,1335002.75,1520509.0,1578661.5,1422132.25,1306100.75,1042124.3125,1097923.0,1389884.125,1255478.5,1579884.625,1629762.5,1453807.375,1475126.0,1509962.625,1509744.875,1476291.625,1384773.75,1605599.625,1560648.625,1410235.125,1428186.0,1477675.25,1392297.625,1748516.625,1807863.125,1753270.375,1704213.25,1748775.375,1797364.25,1827361.375,2165857.75,2050897.25,1975746.0,2145288.75,2000293.375,2105957.25,2045875.0,2180612.75,2089579.5,1698369.625,1635296.125,2059350.875,1865074.375,1937479.125,2020808.375,1561977.75,1638505.0,1724849.375,1779658.875,1654686.875,1655744.625,2009764.25,1934434.75,2030781.25,2084274.0,1806816.375,1927884.5,1958148.125,2025838.875,1811574.75,1791540.375,1465972.375,1498177.625,1897527.125,1844572.375,2072120.25,2038803.375,1572117.875,1576359.5,1618603.375,1559355.5,1530040.125,1442172.125,1868982.875,1807770.375,1559066.0,1548005.5,1512385.125,1452904.375,1993336.75,2033016.25,2115827.0,1966060.125,2112284.5,2207781.75,1606616.0,1679476.5,2209165.5,2292850.25,1911917.0,1912417.375,1963351.25,2161763.25,1705515.75,1703412.625,1850037.25,1875993.375,1740822.875,1845385.75,1743856.0,1699540.625,1831737.875,1878865.0,1721629.875,1526974.625,1670636.75,1592373.375,1388789.625,1403843.75,1529695.625,1503068.75,1820416.0,1867044.125,2020041.125,1963730.625,1239188.625,1200139.125,1288724.5,1243730.0,1390660.125,1302685.5,1665944.875,1627171.125,1861845.5,1641496.375,1446259.375,1415599.375,1520917.0,1590482.25,1361057.125,1354924.625,1761191.375,1700440.375,1360762.125,1355494.875,2352835.5,2363251.0,1599912.875,1765554.125,1937378.375,1883012.75,2252389.75,2073828.375,2395109.25,2403067.5,2417021.25,2625647.5,2659147.25,2421040.75,1902593.625,2420469.25
108,1892962.0,1898589.375,1828598.5,1876614.75,1914650.5,1809115.875,1906779.375,1753153.375,1873510.625,1821413.75,2115343.75,2131252.75,2043284.875,2019571.375,1877419.125,1895763.25,1928714.75,1819127.875,1866335.125,1793528.75,1688665.625,1662733.5,1880110.25,1597644.375,1980030.75,1881765.75,1355510.375,1348113.5,2024559.5,1908249.25,1709795.875,1577579.125,1578520.875,1509799.875,1612269.625,1411096.0,1608576.625,1562160.875,1860531.125,1802231.75,1672476.875,1743242.875,1393668.875,1364583.25,1179159.5,1172670.25,1320104.25,1275811.875,1390759.625,1283820.375,1490982.75,1492662.25,1638213.125,1589335.375,1976160.0,1846774.125,2072098.25,2070590.75,1649332.5,2081158.625,1526828.625,1445402.375,1889896.75,1734459.75,1705066.5,1978301.125,1834496.125,1693502.875,1384015.625,1508567.125,1735791.875,1749784.125,1729205.25,1689116.75,1408535.75,1295800.5,1777426.5,1590990.25,1708009.5,1697085.375,1121881.625,1247654.25,1411094.5,1375864.875,1374936.375,1490081.625,1655871.875,1471156.625,1380931.375,1333013.25,1551396.5,1383893.625,1333375.5,1237115.125,1421499.875,1332491.0,1515018.5,1572822.375,1421567.0,1300811.375,1044019.375,1096742.5,1391934.0,1256275.0,1579712.125,1629832.25,1453950.625,1474220.75,1511059.125,1511701.125,1482564.875,1387522.125,1610450.5,1561815.25,1424225.75,1432693.5,1487488.25,1393051.5,1753614.375,1814835.5,1746152.0,1698983.625,1746348.0,1794116.625,1833981.375,2156172.0,2058587.5,1969039.75,2145251.5,1993238.25,2102616.5,2040143.125,2183954.25,2079139.625,1707907.625,1634546.5,2067183.5,1866834.875,1938842.125,2014358.625,1568227.5,1633114.5,1731924.5,1778387.25,1655487.75,1650483.0,2012706.375,1930689.75,2032567.5,2080172.625,1811905.25,1929685.375,1962275.625,2030547.5,1809800.625,1789941.0,1465114.875,1499037.625,1896171.625,1842240.875,2071373.75,2037365.0,1574778.25,1579863.0,1620519.375,1555231.125,1529784.25,1440170.25,1869357.25,1809538.75,1558043.5,1549768.375,1510257.625,1451900.625,2001989.875,2038437.625,2114997.5,1964637.5,2118037.75,2207873.75,1613852.875,1688494.375,2206189.5,2288848.75,1912149.25,1911601.875,1965272.5,2164522.25,1706116.625,1705318.625,1849097.875,1876721.375,1739511.0,1836710.25,1745378.625,1702094.0,1835048.125,1881751.875,1718581.125,1526293.0,1667935.875,1587562.625,1384368.375,1399753.625,1528231.875,1501292.875,1823990.5,1869247.25,2027578.625,1967016.625,1243276.375,1200367.125,1288507.0,1242173.5,1396619.125,1305659.0,1668057.375,1628063.375,1863004.75,1642444.375,1446693.625,1414294.625,1521317.875,1592206.75,1361799.75,1355520.875,1758978.5,1698522.625,1360648.125,1355792.25,2355751.5,2363189.5,1599974.0,1765266.75,1940165.625,1884429.5,2247752.75,2069391.0,2395698.5,2403858.75,2419577.0,2623615.0,2649955.0,2414257.5,1904712.125,2421351.5
109,1889958.875,1899504.125,1829919.5,1883280.125,1918684.875,1809775.5,1908185.75,1754000.0,1872601.375,1820776.125,2114054.5,2133688.75,2040948.5,2024080.125,1878252.625,1897863.0,1925918.25,1818837.625,1870066.375,1797654.875,1686976.25,1661700.75,1880228.125,1599943.625,1981989.5,1882162.5,1355577.25,1350022.625,2021681.375,1912440.75,1706754.125,1580377.625,1575502.875,1515339.5,1603089.875,1407500.0,1604118.25,1563239.0,1854553.875,1802551.375,1671260.375,1744160.625,1392812.0,1365111.0,1177851.5,1171502.25,1322096.75,1277119.75,1393714.75,1283553.25,1487499.0,1489411.0,1637741.5,1587961.0,1976122.875,1842773.75,2070716.25,2065682.625,1648248.5,2076893.75,1524154.25,1444978.5,1889028.375,1733086.625,1706964.375,1975746.625,1834385.125,1691839.25,1384235.75,1511233.0,1730170.0,1747081.875,1725102.375,1686130.375,1401898.625,1292941.25,1766370.0,1582633.75,1700849.625,1690765.125,1121539.75,1244740.75,1412036.5,1375527.125,1375019.0,1485181.25,1653212.0,1467709.75,1383863.875,1336272.25,1549966.5,1384758.75,1340602.375,1240176.75,1424593.125,1333362.375,1512280.875,1573190.375,1422129.5,1298919.875,1045296.125,1097328.0,1393864.375,1257662.0,1580427.625,1630837.75,1454047.25,1475387.625,1512118.125,1513650.125,1482818.25,1392400.5,1613027.75,1567468.625,1434048.75,1445204.0,1503841.5,1412187.125,1757907.0,1825461.5,1741619.125,1696826.75,1744469.625,1790408.625,1853482.625,2156344.0,2067023.875,1975452.75,2146090.5,1990216.5,2102802.5,2033138.125,2192750.0,2080798.25,1710550.5,1634076.0,2072343.5,1874418.125,1939893.5,2018378.375,1564571.0,1635514.125,1732783.875,1772865.125,1654065.75,1652332.375,2013515.75,1929494.875,2037466.25,2077896.875,1812742.625,1930882.0,1963372.5,2032782.0,1809409.0,1788505.5,1465794.625,1498924.125,1897113.25,1840993.125,2070888.0,2032512.875,1575508.625,1581488.75,1618659.125,1553918.25,1526881.25,1440195.0,1866690.5,1807826.375,1557272.25,1551311.5,1507224.375,1452145.0,2002788.875,2039407.875,2109879.25,1962388.875,2115993.75,2212405.25,1618364.375,1694457.75,2202469.75,2286400.0,1910716.125,1909736.75,1963813.125,2168977.25,1709063.0,1707853.375,1849679.625,1875649.625,1739741.5,1825475.0,1749245.875,1706035.0,1835191.0,1882936.75,1717980.75,1524308.875,1667351.125,1583326.875,1385580.125,1398496.25,1530980.75,1503480.75,1823948.625,1860652.25,2031330.0,1972834.0,1256671.25,1202111.125,1294057.875,1243963.25,1403612.875,1311549.375,1672398.25,1632360.25,1863816.125,1642534.25,1446738.375,1414625.625,1523027.75,1595201.5,1361586.0,1356380.375,1753198.75,1694986.625,1361426.875,1356504.875,2366398.75,2374704.25,1603506.0,1773732.75,1941871.875,1891105.125,2246436.25,2075433.0,2398041.75,2408008.5,2422611.75,2624317.5,2641720.0,2406687.5,1912769.875,2426949.5
110,1886707.0,1900447.5,1827787.5,1888870.25,1914977.625,1815116.25,1909735.375,1762425.75,1870719.0,1820526.75,2113962.25,2135717.5,2038171.25,2026347.0,1873826.125,1902572.875,1921831.875,1821660.625,1867697.625,1804333.375,1681796.625,1664186.125,1879810.0,1604853.5,1980265.0,1887753.625,1352905.875,1353211.125,2013624.5,1914312.5,1696530.125,1584217.125,1567078.5,1516421.875,1596033.875,1405008.0,1599585.375,1561802.75,1846607.0,1803419.0,1672024.25,1748761.0,1391915.125,1366986.0,1178044.25,1172822.625,1323726.75,1280267.25,1394730.5,1282784.125,1484488.625,1490086.0,1636440.125,1588583.375,1974737.125,1844405.375,2074241.875,2067879.125,1654272.0,2080935.375,1521897.5,1445178.375,1884519.25,1734893.375,1706678.5,1977007.875,1837749.0,1694265.75,1379695.0,1508497.0,1727040.0,1745687.5,1721489.875,1681645.75,1400482.875,1294803.0,1756694.75,1578430.25,1700527.25,1690837.5,1122769.125,1248746.625,1411583.375,1375984.125,1376078.375,1484322.875,1659483.125,1467641.875,1383684.625,1332565.25,1549900.5,1386645.25,1340419.0,1238190.375,1422093.25,1334467.875,1511945.25,1576516.875,1421510.5,1300146.625,1044655.6875,1098356.25,1393392.0,1257377.125,1580685.875,1630797.125,1453376.125,1476627.375,1512096.25,1515989.375,1479252.5,1393289.875,1610860.5,1567701.125,1427807.125,1446667.375,1500286.375,1420789.375,1754950.625,1823849.375,1743647.75,1698579.75,1742584.375,1788987.75,1851932.375,2165713.0,2065697.625,1983462.0,2145209.75,1995411.0,2106822.5,2037587.75,2189346.75,2087536.25,1705121.25,1634776.25,2062445.625,1878009.375,1937528.125,2023742.625,1552471.25,1639745.625,1728326.5,1770449.5,1650059.25,1655688.375,2012786.125,1936252.625,2038613.0,2081316.125,1810685.375,1932540.875,1963127.875,2035219.5,1808712.625,1790209.0,1464461.625,1499078.625,1898379.0,1843952.125,2073218.625,2035244.25,1574574.5,1580316.75,1614561.125,1555295.625,1525914.875,1440318.875,1860102.0,1802712.375,1557450.0,1551185.75,1504910.5,1453770.625,1999082.875,2038739.25,2108045.0,1962604.25,2112680.75,2214200.25,1616370.375,1693661.875,2200773.5,2285465.75,1910135.875,1909963.75,1964096.625,2171353.5,1711466.625,1709038.375,1851483.0,1878690.625,1740713.125,1827185.5,1750959.875,1706728.875,1835084.0,1885018.25,1718608.25,1524210.625,1670784.375,1583751.25,1389578.5,1402328.75,1532997.875,1506438.75,1820746.125,1854632.625,2026519.5,1974352.625,1258605.0,1203494.125,1295982.75,1247440.5,1401212.625,1311607.0,1672676.125,1632418.625,1865933.5,1642769.125,1451187.0,1417300.0,1524455.375,1595885.875,1361152.375,1356717.875,1755790.75,1697129.0,1362523.0,1357699.0,2371144.75,2381242.5,1606828.25,1779670.125,1942791.75,1893705.625,2253147.25,2084311.25,2401562.0,2408923.5,2423540.5,2628205.25,2650300.25,2412067.75,1916974.875,2430166.25
111,1885836.375,1898466.75,1825852.25,1888675.875,1910761.375,1815374.0,1907855.75,1762607.0,1869001.25,1821172.5,2114082.0,2134609.5,2037949.875,2025715.0,1869352.25,1900643.875,1917248.375,1822550.0,1866279.5,1803628.25,1680656.625,1664845.625,1877523.625,1603906.875,1976220.125,1888094.25,1353877.125,1354778.375,2013000.125,1912966.375,1698632.5,1584582.0,1570247.5,1516181.125,1602740.375,1406339.5,1601059.75,1563389.25,1848400.375,1806268.25,1674419.25,1748473.125,1392551.0,1368256.0,1179355.625,1174979.25,1323335.75,1281810.625,1393205.875,1282658.125,1484661.125,1492334.875,1635570.0,1589408.125,1973675.875,1847258.25,2075241.875,2071509.125,1656924.625,2087120.25,1523434.75,1446773.75,1884027.25,1736362.625,1705050.5,1979646.75,1839757.375,1697870.125,1377637.875,1503713.75,1728008.75,1746464.75,1722990.625,1682097.75,1402506.625,1298567.125,1758550.875,1580626.875,1704737.875,1694981.375,1122303.375,1251962.5,1410691.5,1375820.625,1374586.875,1486071.5,1663010.625,1469405.5,1380086.0,1329087.75,1550816.25,1385864.25,1334196.0,1235161.75,1416564.75,1333489.625,1511480.875,1577227.375,1420001.625,1301731.625,1043511.875,1099781.125,1390267.875,1256151.625,1580230.75,1629685.375,1452563.375,1475838.75,1511110.625,1517068.0,1477724.625,1390348.875,1606784.0,1562448.625,1418213.375,1437128.625,1484123.75,1408960.125,1750311.25,1814662.0,1746119.125,1700537.625,1740783.875,1789802.875,1836081.0,2168113.0,2059682.75,1979744.375,2144312.5,1998480.75,2108271.5,2043933.625,2181039.5,2087311.0,1703836.0,1633829.25,2054951.75,1875470.625,1936932.25,2022394.75,1550918.125,1639413.5,1728009.5,1771721.125,1649536.75,1654354.0,2011136.75,1940395.625,2036031.0,2083389.375,1808632.875,1931401.125,1961733.375,2033970.25,1807494.75,1791724.375,1462633.75,1501235.875,1898282.125,1845820.25,2075739.25,2040954.375,1574456.375,1579089.625,1613445.125,1556054.0,1527115.25,1439989.25,1857805.75,1801421.5,1558287.375,1550668.625,1504908.625,1453651.0,1996378.25,2035481.375,2108584.75,1962327.75,2112336.75,2213832.25,1612682.0,1689783.875,2199658.0,2284737.5,1910081.875,1910665.5,1965758.25,2168886.5,1711377.25,1708481.625,1850771.625,1881683.875,1740728.75,1837086.0,1747687.375,1703892.75,1834217.0,1884740.375,1718517.0,1525797.0,1671973.0,1587287.5,1388644.5,1406420.625,1530861.875,1506771.75,1819392.625,1859584.25,2023985.375,1971361.625,1247191.5,1201944.875,1291575.125,1246989.625,1395267.75,1306102.875,1670062.0,1629527.625,1866804.125,1642755.375,1455094.0,1418554.0,1524271.625,1594777.125,1361896.375,1355989.25,1764763.875,1701210.25,1363032.0,1357608.625,2364621.5,2376208.25,1605818.625,1776388.875,1944041.625,1890654.125,2259243.0,2085048.875,2403030.25,2407541.5,2423098.25,2632503.5,2664045.0,2424364.25,1912638.125,2428105.75
112,1886186.875,1897653.375,1826029.25,1885975.5,1910457.75,1809901.0,1905714.75,1757073.75,1868126.5,1821326.125,2111762.0,2132364.0,2036606.875,2023177.875,1871478.0,1895862.625,1921343.0,1821036.875,1869817.5,1800841.125,1684066.25,1664844.0,1878123.0,1601230.875,1978926.125,1886622.875,1355047.375,1354585.5,2019683.5,1913724.875,1707641.0,1583722.875,1578644.625,1518531.875,1608325.25,1408013.625,1603205.0,1567111.0,1852990.375,1808975.375,1670554.75,1741503.625,1393832.75,1371236.25,1179599.875,1174512.0,1318378.0,1277555.25,1390323.5,1282500.625,1485676.625,1494263.875,1636310.875,1586742.375,1974269.375,1847427.625,2072462.0,2069653.125,1655080.375,2086586.25,1527146.75,1446139.375,1888576.0,1735554.5,1704056.375,1977545.0,1838933.75,1697405.375,1378926.0,1503358.5,1729812.75,1750201.875,1727028.375,1686230.25,1403625.25,1299266.125,1765632.5,1588459.125,1707591.75,1701331.625,1121466.625,1250940.375,1409967.25,1375374.5,1370746.75,1490602.625,1661953.75,1473064.75,1380438.375,1333018.25,1552286.0,1384679.375,1331547.375,1236034.375,1417026.625,1334726.25,1509854.75,1576198.375,1418120.125,1301698.625,1042712.3125,1101416.25,1390110.5,1257154.625,1580017.375,1629154.25,1453598.25,1475649.0,1511426.125,1515001.5,1478670.375,1390524.125,1604881.375,1560601.625,1416880.75,1432714.125,1478940.375,1397253.375,1750725.25,1812419.25,1745906.875,1701882.0,1740255.0,1792149.5,1836217.875,2164396.5,2060584.375,1975393.625,2145779.25,1994785.25,2107619.0,2042820.375,2181721.5,2084785.625,1707219.5,1632062.0,2062443.75,1871874.25,1940978.625,2018307.625,1559957.25,1636194.375,1731912.125,1772855.125,1653461.875,1653043.625,2008808.625,1933802.875,2032180.875,2079351.625,1807282.0,1928467.375,1958538.875,2028148.375,1808119.625,1789514.125,1465164.625,1501525.0,1898080.75,1843287.5,2076316.25,2040258.25,1574183.75,1579217.5,1615943.25,1557015.625,1525607.125,1441221.5,1865594.5,1804580.0,1559168.75,1549471.125,1508027.375,1451092.875,1993723.875,2030175.875,2107799.75,1959875.75,2113744.5,2214870.5,1612097.125,1687200.5,2198789.75,2284962.5,1907226.375,1908054.375,1964147.25,2166077.25,1710024.25,1707232.625,1848538.25,1878020.125,1739749.75,1838246.375,1743805.125,1701396.375,1830921.875,1880565.5,1720438.75,1527142.125,1669727.125,1588698.125,1382985.5,1403801.625,1528338.125,1504892.25,1821784.5,1865527.25,2028290.5,1970249.375,1239330.0,1199580.0,1286694.75,1243199.0,1393842.125,1304715.375,1668139.125,1629669.875,1863733.75,1640930.125,1451525.75,1417615.5,1522110.875,1593732.0,1361536.625,1352721.375,1764968.25,1699667.625,1361563.5,1355094.25,2359357.25,2371467.25,1602865.0,1772357.375,1944710.875,1890216.625,2256491.5,2080076.25,2400662.0,2407963.25,2422234.0,2631897.0,2662546.5,2425109.75,1908512.125,2427426.25
113,1888316.0,1899300.375,1828880.375,1885255.125,1915862.125,1807265.5,1909475.0,1757923.25,1869226.25,1819567.875,2114405.0,2135136.25,2038800.375,2022890.125,1879899.625,1897272.0,1933511.875,1817408.25,1874419.875,1801358.0,1685690.375,1664216.0,1886479.25,1601290.375,1992132.5,1888604.375,1352026.375,1352343.125,2022630.75,1915128.625,1705317.0,1583746.875,1578366.125,1517894.875,1601425.875,1404623.875,1602388.25,1568027.375,1852419.75,1813417.25,1668856.75,1741383.625,1394552.75,1373518.5,1178728.5,1171370.125,1314993.125,1273025.125,1390087.0,1282999.5,1485756.25,1494058.75,1639524.625,1582162.625,1978598.25,1845664.375,2068897.125,2063485.75,1648660.875,2080890.875,1527693.25,1444757.75,1892046.25,1734947.0,1704545.625,1973414.375,1835348.875,1693069.125,1380227.75,1506158.0,1727438.875,1751290.625,1727537.375,1685231.5,1399218.75,1297149.0,1764302.5,1590250.875,1702631.75,1702041.375,1119162.125,1249613.875,1404306.875,1377593.875,1367635.25,1492357.25,1656528.125,1474145.0,1379437.25,1339599.125,1549894.375,1387205.125,1332996.875,1238987.125,1417797.0,1339288.75,1505250.125,1577802.875,1414771.125,1302050.5,1039422.5,1103052.0,1392017.625,1260752.0,1579657.25,1629419.875,1454439.875,1476880.25,1511506.625,1513527.25,1478853.125,1395543.5,1606003.75,1563038.375,1422388.875,1438867.625,1489613.5,1401885.75,1751997.0,1816510.25,1742103.75,1699207.375,1740922.875,1792064.625,1847793.625,2163421.5,2067650.125,1981558.0,2147917.25,1989419.625,2108158.25,2037732.0,2187260.75,2084384.625,1706508.125,1634750.25,2068919.875,1869371.625,1943107.5,2015617.5,1559792.625,1632350.625,1732732.5,1773839.375,1655737.875,1654862.0,2011157.25,1932308.375,2030135.125,2078071.125,1809123.625,1929881.125,1960744.0,2030172.0,1810131.375,1784928.75,1468542.5,1499955.875,1898163.0,1838769.5,2077088.375,2036610.5,1573728.75,1578133.5,1619105.75,1556637.375,1523540.375,1442335.5,1873001.875,1802666.5,1561631.875,1546359.875,1511580.875,1449530.25,1995559.75,2032111.0,2108382.75,1960315.375,2117877.0,2215150.75,1613813.125,1688729.75,2203255.25,2289593.75,1906279.625,1905892.0,1964544.625,2168308.25,1708745.625,1705774.625,1848188.75,1873336.625,1738299.0,1829226.5,1743518.0,1701324.75,1830283.625,1879254.0,1721257.125,1527993.5,1668080.375,1588240.125,1378272.375,1397484.5,1527217.875,1503542.25,1821499.25,1862991.25,2031077.375,1973330.5,1245576.625,1199177.75,1286870.75,1241100.25,1395882.0,1308569.25,1667569.0,1631305.125,1860014.125,1639923.25,1443909.625,1417591.5,1519915.0,1595142.0,1359237.125,1350818.75,1756742.625,1694207.625,1359047.75,1353311.875,2361123.25,2372701.5,1599870.125,1773138.0,1942244.0,1893146.125,2250759.75,2075455.75,2396885.75,2408844.25,2421108.0,2625715.5,2651068.25,2414355.0,1908374.75,2430826.75
114,1891033.875,1901152.25,1828117.25,1882256.375,1919399.875,1810292.375,1913945.0,1762953.0,1875590.375,1822591.5,2120021.0,2137528.5,2042738.5,2024463.5,1882928.0,1899270.25,1933738.75,1816806.625,1871824.25,1801860.625,1686157.5,1665438.5,1889025.125,1604619.375,1994228.0,1890219.5,1351375.125,1350067.625,2017137.625,1916389.375,1697895.0,1585622.0,1573845.375,1515108.5,1595856.125,1405546.5,1602193.25,1565910.25,1849992.875,1819878.75,1673684.375,1748277.0,1392370.5,1370429.375,1177891.875,1169350.625,1317574.75,1274411.5,1392156.625,1283168.75,1486464.375,1493476.5,1645117.25,1585649.875,1982619.375,1845587.25,2067875.5,2061213.75,1641831.25,2076065.125,1526312.875,1448441.75,1889976.625,1739242.625,1706883.625,1976046.5,1834692.375,1692729.125,1378043.875,1506033.625,1725347.875,1748647.875,1725825.25,1685126.25,1394796.375,1300296.75,1759778.75,1586133.625,1698166.625,1695566.375,1115640.25,1247657.625,1397343.25,1377742.25,1368433.125,1489954.25,1648960.875,1469109.0,1373135.625,1340124.0,1547820.625,1389952.25,1331372.875,1238223.75,1415428.125,1338743.375,1506237.375,1582245.625,1412008.125,1303288.375,1035657.9375,1100590.5,1389420.625,1260563.875,1579383.375,1630291.5,1453019.125,1476905.5,1506763.75,1513368.375,1475208.375,1394964.625,1605765.125,1561417.875,1425146.375,1442050.625,1498233.5,1408201.625,1750222.375,1819415.375,1738658.25,1694451.25,1740383.625,1790349.375,1845999.125,2161529.75,2069862.5,1991421.75,2148953.0,1991557.625,2106366.75,2034240.75,2189564.0,2085851.875,1701686.375,1639443.5,2064661.125,1867216.5,1939947.625,2019309.0,1551241.125,1631294.75,1727179.0,1776029.5,1654914.125,1656664.25,2018545.0,1943879.25,2034939.375,2086238.875,1812706.625,1933325.375,1968863.875,2038202.0,1812229.875,1784588.875,1468979.125,1502649.5,1896969.625,1837813.25,2074440.25,2033061.25,1574381.25,1577250.125,1620356.125,1555493.75,1526826.375,1441905.0,1870402.5,1802725.625,1562504.0,1545652.625,1510762.625,1451621.25,2001811.0,2039403.5,2112919.75,1964581.875,2119221.75,2214007.75,1613195.375,1690373.375,2212519.5,2298155.75,1912577.25,1910067.625,1967645.25,2170772.0,1708537.25,1706975.25,1850892.0,1875391.125,1740515.5,1826302.125,1745756.75,1703442.0,1833475.5,1881905.75,1720900.0,1528776.0,1668657.875,1590570.625,1383403.875,1398315.5,1529719.75,1505308.0,1820200.25,1862490.0,2028147.375,1976822.0,1254370.75,1199928.875,1291395.125,1242202.5,1398018.0,1309309.5,1667539.375,1629950.875,1860294.375,1640435.0,1442111.125,1416275.375,1520768.375,1597150.125,1359349.75,1353952.0,1754147.625,1691754.25,1358833.75,1354233.0,2359354.5,2372119.0,1596934.625,1772890.25,1937453.125,1891421.375,2246245.0,2070390.875,2393602.5,2405990.75,2418705.25,2618740.5,2642181.75,2406754.0,1906398.375,2430080.5
115,1890091.625,1902194.375,1820757.625,1876687.5,1912982.0,1815625.25,1907283.625,1763156.75,1878890.5,1828335.625,2118776.75,2133384.75,2040964.375,2022129.875,1876478.375,1897740.0,1921603.125,1819203.75,1862742.125,1803391.375,1685728.75,1669765.875,1877435.375,1607316.0,1977914.625,1886266.625,1352333.5,1349199.5,2011287.625,1916024.625,1695291.5,1586792.875,1571239.875,1516335.75,1597987.125,1412336.375,1603153.125,1562974.0,1848888.625,1815554.75,1671790.875,1747591.0,1388719.75,1364568.375,1177099.875,1169882.625,1318166.0,1275690.875,1392814.375,1281842.0,1486717.875,1494074.625,1644284.75,1596742.375,1977581.125,1847297.875,2070583.5,2067112.0,1641865.0,2076198.25,1527020.5,1451260.125,1884005.75,1742125.125,1708462.375,1981944.75,1837577.125,1695600.875,1375048.625,1507195.875,1729333.375,1749030.625,1726196.75,1693191.125,1401018.875,1304557.125,1764116.75,1587529.375,1705147.75,1691158.0,1118062.625,1243289.75,1402937.75,1370042.625,1374632.25,1488469.625,1652693.5,1463571.625,1376856.375,1334945.75,1554350.625,1388929.125,1333035.75,1235569.125,1421554.875,1331159.125,1519184.125,1583957.25,1415828.75,1302564.75,1039486.625,1093600.75,1388365.125,1255749.75,1581219.375,1630471.875,1453537.75,1476165.875,1504114.75,1510866.25,1473670.125,1387876.0,1605740.25,1558864.875,1425770.125,1440834.0,1500171.875,1407477.375,1752017.75,1820695.625,1742224.375,1693703.625,1739766.875,1790361.375,1833861.25,2158529.0,2061362.625,1994334.125,2147056.75,1998617.125,2099654.75,2034785.375,2187198.25,2089086.0,1696945.75,1637294.0,2061164.625,1869043.875,1936192.0,2026854.25,1551146.75,1636397.625,1721822.5,1776145.125,1653725.5,1657900.0,2020992.75,1951495.0,2041873.125,2093195.5,1810941.0,1931043.5,1970170.0,2036742.75,1813017.125,1790330.625,1468989.125,1506051.125,1894917.25,1841616.125,2065098.75,2028602.5,1575242.875,1579431.625,1618708.875,1557517.25,1532020.75,1441922.25,1866207.875,1811289.375,1559957.125,1550320.75,1508302.625,1453954.25,2001348.25,2039663.75,2112736.0,1964597.125,2114449.25,2211071.25,1610987.125,1689358.625,2211627.5,2297543.0,1916156.0,1913662.625,1965539.0,2168591.75,1709450.375,1711588.0,1853443.0,1881032.625,1745630.75,1832983.0,1748697.375,1705634.125,1832910.5,1882339.625,1721993.875,1526859.5,1671305.875,1590493.375,1393023.75,1404699.875,1535992.625,1507226.75,1822265.875,1866863.375,2020498.625,1976570.875,1256171.875,1201964.875,1294585.0,1244659.0,1399935.0,1309621.125,1669750.125,1628902.0,1864003.25,1638773.125,1447003.25,1413966.125,1525012.625,1596365.875,1361409.0,1355647.125,1756694.375,1693718.125,1361086.5,1355705.5,2357920.5,2371381.5,1598734.875,1770963.75,1938340.125,1885492.5,2243708.75,2070694.25,2394707.75,2403674.25,2420296.5,2618400.5,2637404.5,2408022.75,1906976.375,2424552.5
116,1886269.375,1901458.75,1818303.0,1878868.0,1906796.5,1819694.75,1899082.25,1762001.875,1872219.375,1824782.625,2114296.5,2132424.75,2037933.25,2018081.75,1872081.5,1899833.5,1920880.375,1818798.375,1860421.625,1804949.5,1681853.625,1667170.625,1871058.125,1606166.875,1973038.5,1883466.875,1350652.625,1348226.75,2011247.5,1910300.125,1693701.625,1582313.125,1569938.75,1516677.125,1597985.25,1408335.0,1603411.0,1562039.125,1850872.375,1801091.625,1665596.125,1742810.625,1390247.125,1362946.0,1176850.375,1170715.25,1316469.375,1274755.25,1393001.75,1282149.625,1486495.0,1493506.25,1635824.25,1597566.625,1971151.625,1847984.25,2073790.75,2073448.0,1648033.625,2080979.25,1528786.625,1446073.25,1881821.875,1735660.75,1705883.25,1980403.0,1837225.125,1693226.375,1378649.625,1511925.625,1733106.75,1751275.625,1727459.5,1694364.375,1410028.875,1297665.0,1770785.375,1587791.0,1713968.25,1691487.625,1125622.875,1244473.0,1416660.375,1366434.25,1382249.75,1489071.0,1666411.25,1464150.0,1388749.5,1330363.125,1560170.875,1386494.0,1342244.75,1236437.0,1431324.625,1327980.25,1527969.125,1580423.625,1424498.75,1301243.0,1048139.0,1091729.5,1394387.75,1255067.5,1583946.875,1630226.5,1456587.75,1476489.625,1511220.75,1510215.5,1479526.625,1387266.75,1610967.75,1565120.125,1427641.875,1444041.0,1501691.25,1414806.625,1757919.75,1821742.375,1748579.75,1695744.375,1743452.375,1790243.5,1825938.625,2160211.0,2051012.875,1986744.875,2142721.5,1998367.25,2096444.625,2039783.875,2178842.5,2088240.375,1695234.625,1633006.0,2058847.875,1872945.625,1934660.25,2024354.75,1554638.25,1640792.125,1723857.0,1774697.125,1652513.75,1657506.375,2015570.875,1946194.75,2039446.5,2087170.375,1806022.5,1926916.375,1963714.625,2030484.875,1811561.5,1793880.375,1469311.25,1501585.375,1894845.25,1845019.125,2061409.375,2030778.875,1575499.0,1580088.375,1615865.375,1559658.375,1532069.75,1442796.5,1867914.875,1811087.375,1560916.125,1554110.625,1511148.25,1452670.75,1995158.75,2034397.625,2105257.25,1960475.125,2110257.25,2206768.75,1612000.625,1689748.125,2199536.5,2285149.75,1911196.125,1909916.0,1962469.75,2166824.5,1710631.875,1711878.25,1853074.75,1883147.75,1745404.75,1837185.125,1751661.375,1706698.5,1830322.375,1881697.75,1720485.625,1523113.75,1674523.5,1585368.75,1390886.625,1405629.25,1537770.625,1505500.75,1820031.75,1862897.125,2013728.5,1971474.375,1256075.625,1204187.25,1293950.875,1246446.125,1400250.375,1312366.75,1674895.875,1632556.25,1866916.25,1637746.5,1449010.5,1416395.125,1528582.0,1594999.875,1362056.125,1352980.625,1756585.625,1697387.0,1363216.625,1356813.125,2365220.75,2376276.75,1605325.25,1772029.625,1944919.375,1883624.5,2248580.25,2081490.625,2401450.5,2408253.25,2427689.0,2627244.0,2643193.0,2415501.75,1913711.625,2423827.25
117,1886435.0,1900530.125,1825424.75,1887475.125,1910727.0,1819810.75,1904748.375,1765174.5,1868175.625,1817739.5,2113888.25,2136559.75,2037312.25,2017143.75,1874756.125,1904430.25,1932415.0,1819725.125,1865562.0,1801318.625,1680931.0,1657998.5,1879749.875,1605831.5,1985274.625,1889182.25,1350048.5,1347059.0,2015925.625,1906550.875,1697542.5,1577333.0,1571467.5,1512505.875,1598143.5,1399744.0,1604306.875,1563297.875,1855228.875,1795420.0,1669972.625,1746562.125,1394703.875,1365426.75,1177695.75,1171155.125,1319802.75,1277694.875,1393250.5,1284157.625,1487594.875,1492454.75,1634181.25,1587515.625,1974781.875,1847773.25,2074384.375,2072612.125,1653991.25,2083319.125,1528853.25,1441100.375,1887036.5,1731122.625,1701834.125,1974444.125,1835341.25,1690291.875,1382942.875,1510425.125,1732493.5,1749418.5,1727185.75,1684098.625,1410138.75,1290527.625,1771384.5,1582949.5,1713366.25,1693699.375,1128276.75,1251817.875,1419474.125,1373408.125,1382703.5,1490191.625,1670517.75,1469485.25,1389408.125,1327422.25,1555464.625,1385180.125,1342205.75,1237149.25,1427804.125,1330904.875,1521613.0,1576364.25,1426658.5,1301065.875,1049443.375,1095782.875,1396714.875,1257988.375,1582805.375,1631179.5,1456434.375,1476393.125,1515682.5,1514894.625,1483301.25,1392105.5,1614226.125,1569975.875,1421371.875,1440821.125,1493346.0,1417403.5,1756131.375,1819995.25,1750131.5,1698297.75,1748581.125,1791020.375,1821733.375,2161497.75,2050420.125,1975316.625,2140746.25,1991801.375,2101994.5,2044254.125,2170181.0,2081129.875,1699215.375,1636340.375,2052927.75,1872236.875,1935276.875,2013908.75,1552639.75,1637657.75,1729878.5,1777373.625,1652489.125,1654193.125,2012310.875,1939810.125,2030627.5,2076816.625,1807307.625,1929468.125,1962562.875,2032957.5,1810277.875,1791012.375,1468285.0,1495852.625,1896448.375,1844654.75,2069500.75,2039225.375,1574731.625,1577546.625,1615493.625,1557901.0,1529632.0,1442448.5,1868320.875,1801338.375,1562373.25,1552283.5,1513231.625,1451142.0,1996585.625,2034785.0,2104011.25,1960563.75,2112199.75,2207350.25,1614719.0,1692703.875,2196295.5,2278211.75,1907116.0,1905719.75,1965466.25,2168751.25,1710819.875,1707114.375,1852463.875,1881811.125,1740541.25,1836656.875,1751714.625,1707283.25,1833628.0,1884799.5,1718269.75,1523537.25,1676133.875,1585048.875,1382046.875,1401413.375,1533043.875,1503812.375,1814590.0,1855960.625,2016540.0,1966257.375,1252207.875,1202485.75,1291877.0,1245821.75,1396708.375,1309154.875,1675989.75,1634541.0,1866179.625,1641194.875,1447494.0,1420110.25,1527392.625,1594075.125,1362890.125,1353166.625,1756990.0,1699905.0,1363627.625,1357320.375,2367074.5,2377050.0,1607064.25,1773000.75,1945829.625,1886919.375,2254586.5,2086066.375,2404054.5,2411802.75,2428249.0,2633467.25,2655997.25,2421219.0,1914667.875,2426845.0
118,1891144.5,1901171.0,1830795.25,1889334.25,1919244.875,1817663.5,1911455.625,1765159.75,1870919.375,1818011.125,2117340.5,2137348.75,2039438.375,2020477.875,1878802.125,1902442.25,1936378.625,1822720.375,1868034.75,1799904.625,1686849.125,1658672.625,1886061.875,1605934.375,1988749.5,1892764.375,1351241.375,1347886.0,2021659.0,1911070.0,1707102.875,1581167.125,1576333.625,1511412.5,1602664.75,1403606.5,1606253.375,1563430.25,1857278.375,1801604.25,1677878.75,1751487.0,1394273.25,1367527.125,1177750.25,1171747.25,1323172.75,1280308.75,1391859.0,1283723.5,1487632.375,1493369.125,1639722.625,1583671.25,1978660.125,1846080.875,2072324.125,2066900.75,1653692.125,2079291.5,1526948.5,1443335.5,1891337.0,1735269.375,1702270.75,1973919.875,1836799.875,1693835.0,1380067.75,1505321.875,1731103.625,1745485.625,1726009.875,1679413.25,1404690.625,1295226.875,1769241.875,1583075.75,1707818.75,1695642.875,1124145.875,1253019.125,1412490.375,1377396.75,1375709.375,1489829.0,1662709.125,1472496.75,1381020.125,1327274.75,1549550.125,1385501.125,1332478.875,1235702.375,1418652.625,1331491.125,1512387.75,1575840.375,1421412.5,1301037.0,1043441.0625,1097602.0,1391364.5,1257229.375,1578895.125,1630884.375,1453595.625,1475108.625,1510065.5,1516687.0,1480279.0,1393012.875,1610700.0,1564664.25,1415140.5,1433220.125,1482850.125,1400125.625,1749053.25,1816887.25,1747145.625,1700554.25,1747962.125,1793995.375,1826075.25,2158819.75,2056483.625,1974450.25,2142684.5,1989355.125,2107018.5,2041716.125,2174372.5,2079489.625,1704680.25,1639137.875,2056659.0,1872691.0,1937978.125,2013519.25,1554681.75,1635105.5,1733841.25,1780248.25,1653894.0,1652106.25,2014718.75,1941220.125,2029155.875,2077228.125,1813489.5,1933653.125,1966993.0,2037813.125,1810329.125,1787165.625,1465707.875,1496977.125,1897209.625,1842223.5,2075189.625,2040879.25,1573271.25,1577107.0,1618003.125,1554978.375,1529812.75,1440220.625,1864374.875,1799386.5,1558146.875,1548227.875,1508913.875,1451399.375,2003163.125,2039280.125,2108868.75,1963034.5,2118643.5,2213694.75,1616621.375,1695666.625,2202310.75,2281168.5,1907179.5,1906171.0,1968157.875,2170345.75,1708388.0,1706316.125,1851662.5,1880496.625,1737520.625,1833683.125,1747676.625,1706004.5,1837023.125,1887014.375,1718636.875,1525578.75,1673506.25,1588357.375,1378884.0,1397485.875,1529330.0,1504080.875,1815237.375,1857497.75,2025430.875,1967729.75,1246371.75,1199198.25,1290712.5,1243382.5,1394646.375,1304639.375,1671240.5,1630837.25,1863189.25,1643719.0,1448124.0,1418587.5,1522805.625,1592865.375,1362437.625,1356430.0,1758974.75,1698532.875,1362701.25,1356601.75,2360504.75,2371702.0,1602490.0,1771969.625,1940843.875,1890485.625,2251939.75,2076495.0,2398956.0,2408419.0,2421330.0,2628648.25,2656345.75,2417385.25,1908946.875,2427709.25
119,1891837.0,1900414.5,1828843.75,1884780.75,1921650.75,1816231.0,1906267.625,1760307.0,1870192.5,1819952.0,2118726.25,2135541.25,2043205.25,2024602.625,1878338.5,1895732.0,1929819.625,1822650.125,1868224.5,1805489.375,1689613.75,1668329.875,1881942.25,1603683.375,1981382.625,1888965.125,1352613.625,1350485.375,2022651.0,1915378.625,1707996.75,1587931.125,1580442.625,1515162.5,1604838.375,1410204.625,1607858.75,1563144.5,1857452.375,1806911.375,1674353.875,1745466.125,1392098.75,1368061.5,1176830.75,1172438.0,1320665.125,1276212.5,1390178.875,1281066.75,1485657.625,1493133.375,1640186.625,1586224.5,1974859.875,1843971.875,2070577.25,2064265.625,1648277.625,2075934.0,1526019.0,1446115.625,1889517.75,1736939.625,1705655.125,1977724.0,1838266.5,1695935.0,1378113.5,1506695.875,1728875.875,1744633.875,1725061.875,1681979.875,1399670.0,1297884.5,1765696.125,1582554.0,1704168.125,1694498.0,1120451.625,1248375.25,1409727.625,1374120.0,1372155.5,1487607.5,1657605.875,1469782.375,1377029.875,1331874.5,1550745.25,1388018.375,1332882.375,1236230.25,1419075.25,1331524.375,1511282.875,1578368.875,1420147.125,1302751.75,1040406.625,1098197.0,1389156.25,1255322.75,1578275.625,1628937.25,1453190.125,1475101.75,1507792.5,1512282.375,1479045.75,1392156.75,1609431.25,1562583.25,1423039.625,1439580.875,1489675.375,1393867.75,1750236.0,1816634.375,1742891.125,1700062.0,1744147.25,1793575.625,1841629.375,2161676.25,2060391.625,1985591.875,2145510.25,1994195.5,2106110.5,2038307.5,2187666.75,2088867.125,1707053.875,1634770.0,2070639.5,1878309.25,1941167.375,2024127.5,1561326.875,1639749.875,1734420.25,1775226.0,1654191.75,1653750.125,2014859.5,1943990.125,2035414.5,2084453.875,1814887.25,1931369.625,1965755.5,2034257.75,1809670.5,1787668.5,1464340.375,1497899.75,1897499.0,1842325.375,2072262.625,2035845.125,1573417.25,1578132.625,1619079.375,1554298.5,1530798.25,1439147.875,1863933.125,1801153.5,1557927.0,1546661.25,1509315.375,1450838.375,2001091.0,2037592.875,2106530.5,1960976.375,2118400.5,2214702.5,1618155.125,1695312.375,2202660.5,2284868.5,1908108.0,1908260.625,1963775.125,2167023.75,1705998.75,1709512.875,1848748.375,1878900.5,1736738.25,1827320.25,1745392.5,1703434.125,1833674.625,1883156.75,1718256.125,1524571.75,1669208.125,1587280.875,1379421.875,1396303.0,1529650.5,1504803.0,1818525.875,1860074.125,2030004.875,1974328.25,1249827.125,1200072.125,1291168.0,1243023.25,1398185.875,1308710.5,1669986.0,1629590.875,1862795.5,1642083.25,1448862.75,1415650.75,1520791.625,1593274.5,1359686.0,1355848.125,1757603.25,1695108.875,1362409.625,1356629.25,2362169.5,2373546.5,1601610.75,1774024.125,1939347.625,1891321.5,2248853.25,2073576.25,2395901.5,2406731.0,2421149.0,2623712.25,2646815.0,2411833.25,1909928.75,2427909.25
120,1887177.5,1898169.75,1825026.125,1882826.125,1912464.125,1814428.75,1901611.375,1760441.5,1867041.875,1817958.875,2112494.25,2132399.75,2038956.375,2020768.875,1874005.125,1893195.375,1926507.75,1823680.25,1868144.625,1808066.25,1685951.25,1672179.5,1878420.25,1604466.75,1978809.875,1888748.125,1354685.5,1352760.75,2019669.625,1915053.625,1702523.0,1586693.25,1580619.5,1515919.625,1605094.75,1409508.0,1608793.875,1564870.875,1859419.625,1805702.125,1664140.0,1735773.875,1393435.75,1367797.5,1178179.125,1173316.0,1316130.625,1270873.375,1390295.375,1280720.75,1486287.625,1491629.375,1637058.5,1585801.5,1973106.125,1844941.375,2071272.75,2067309.375,1647463.125,2078527.75,1528772.25,1443999.5,1888229.75,1734554.125,1706251.125,1978498.5,1835791.125,1691705.0,1380035.625,1506652.0,1728308.875,1746394.25,1725618.25,1681681.375,1400971.25,1293222.0,1763463.875,1577648.25,1705348.25,1694164.625,1122406.5,1247473.625,1411414.25,1371725.75,1375612.75,1488651.125,1660304.125,1467029.875,1380044.875,1333708.25,1556886.125,1390328.75,1338287.375,1235645.5,1423087.25,1332531.25,1516838.0,1580015.375,1425351.625,1305437.625,1043638.625,1099148.5,1392651.875,1256111.0,1580521.5,1628330.625,1455835.125,1476785.5,1511572.5,1509951.25,1479831.5,1391359.625,1610858.875,1566191.0,1425132.375,1444513.125,1493392.75,1403749.625,1754668.25,1815875.75,1742853.375,1698165.0,1746115.875,1790414.625,1848543.125,2169757.25,2060688.875,1993831.125,2146681.75,1998764.125,2104046.5,2041650.375,2192584.25,2095560.25,1708555.375,1632749.75,2075711.75,1879265.0,1942236.75,2029905.0,1564022.875,1644311.875,1731640.625,1768172.0,1654380.125,1655649.25,2012148.25,1943763.0,2038135.75,2086285.625,1809588.875,1926332.125,1958089.0,2026735.875,1808691.625,1790214.5,1466571.375,1494487.25,1897459.125,1844662.875,2069898.25,2035285.375,1575388.875,1575491.5,1617118.375,1555782.375,1530414.75,1441149.625,1867945.125,1798396.0,1563255.75,1546961.625,1516367.375,1450619.0,1992171.625,2030833.625,2101764.5,1958045.125,2107580.0,2207605.25,1615589.125,1688910.0,2199827.5,2287736.25,1907956.875,1908468.0,1958135.625,2160853.75,1706292.125,1709777.875,1846782.0,1876953.375,1736707.375,1828266.5,1746551.375,1702174.0,1830114.375,1878245.0,1719566.25,1524301.125,1670823.375,1585951.125,1379982.625,1399168.0,1530743.375,1505684.5,1820558.375,1861372.5,2029914.0,1976746.125,1251845.75,1201926.75,1290128.375,1244780.5,1398224.0,1311739.625,1672386.125,1632495.375,1865551.625,1640951.0,1447623.125,1416368.25,1522969.5,1594095.0,1359733.625,1353094.0,1756283.25,1696274.25,1363184.125,1357838.0,2366280.25,2377959.75,1605332.75,1775546.625,1941626.375,1889043.5,2252342.0,2081637.25,2398588.75,2408900.0,2425419.25,2626147.75,2648128.25,2416987.0,1913932.875,2427272.25
121,1885434.125,1899141.875,1823560.125,1882877.25,1903226.375,1813161.125,1905141.75,1763997.125,1867857.0,1816879.5,2107287.25,2129451.75,2030459.375,2013534.25,1874550.5,1895802.125,1930675.375,1826098.25,1866742.875,1806348.25,1685415.75,1671194.25,1879964.25,1608610.25,1982162.125,1891714.5,1355085.0,1353859.5,2020071.5,1915266.375,1703612.0,1582802.0,1577802.0,1514001.625,1606437.875,1408639.0,1607753.625,1565790.0,1859431.625,1802817.5,1659718.75,1734096.75,1393996.125,1368158.25,1180120.75,1173553.875,1313077.625,1269321.0,1390908.625,1283395.5,1489437.625,1493103.0,1636059.25,1584219.375,1975495.875,1846556.625,2071225.5,2069599.75,1651399.125,2082904.75,1531176.625,1441460.0,1890025.875,1734538.5,1704702.875,1976058.125,1832394.125,1689197.625,1377970.0,1500588.125,1731841.25,1748447.625,1727229.75,1681256.375,1407163.0,1292763.875,1766576.25,1580644.125,1708199.25,1697984.625,1126374.125,1247532.125,1411920.125,1371424.375,1376790.875,1492134.375,1663419.125,1468634.25,1385641.125,1329301.375,1561908.25,1389534.375,1334987.25,1232938.75,1422895.625,1329722.25,1520811.25,1578270.375,1427928.5,1304803.375,1047010.375,1096734.625,1394680.125,1257040.5,1581439.5,1629185.25,1458147.25,1478007.375,1510949.25,1511594.0,1477207.25,1389122.0,1608244.25,1564662.0,1412968.875,1433636.375,1479675.0,1398682.125,1753636.375,1813809.875,1746567.375,1696950.625,1750055.375,1789921.25,1840761.0,2171356.25,2059139.875,1994014.0,2145346.0,1996982.625,2102053.25,2044548.125,2188326.25,2092961.75,1707722.75,1633837.375,2072135.75,1873832.625,1940776.0,2026937.875,1565990.875,1643133.125,1728276.875,1768644.5,1656219.625,1656392.125,2012762.0,1944500.125,2034753.125,2084145.875,1805296.375,1924411.875,1954486.0,2024295.625,1808571.125,1789257.25,1468633.25,1493658.5,1895865.75,1843777.125,2071242.25,2039200.875,1575903.625,1572528.5,1616101.625,1557251.375,1528943.0,1442753.875,1870367.875,1799635.125,1561646.625,1546076.25,1516840.875,1451768.0,1989075.25,2028796.25,2105163.75,1959988.875,2103737.25,2205563.5,1609532.875,1682729.125,2201188.75,2290005.5,1906090.125,1906006.875,1959101.25,2160554.0,1706881.0,1706975.625,1847784.25,1875805.5,1737564.0,1836565.75,1745963.125,1701276.125,1829894.875,1876527.125,1722419.875,1525939.25,1674748.5,1586408.0,1380836.25,1401097.75,1530939.75,1504735.125,1822377.125,1866257.375,2028457.75,1973376.125,1241291.75,1200436.875,1285937.125,1244776.0,1392130.375,1307804.125,1671183.0,1633235.375,1865887.5,1641384.0,1445809.25,1418142.875,1523998.125,1593841.625,1362179.25,1353923.375,1757234.875,1700208.875,1363136.5,1358170.75,2362135.25,2374583.5,1606281.375,1771212.0,1944211.0,1887834.0,2252590.0,2081904.25,2401616.25,2409733.75,2424705.5,2628194.0,2653543.75,2422030.0,1912233.25,2425966.25
122,1887007.0,1901127.5,1824975.125,1883878.375,1906618.125,1814013.25,1908085.25,1764753.75,1871105.0,1820211.625,2111590.75,2131198.0,2032280.875,2016010.5,1879087.0,1898683.75,1931705.5,1824709.0,1867001.75,1806569.5,1687360.0,1670787.5,1881599.5,1610845.75,1986132.5,1891650.5,1353585.625,1354112.125,2021909.375,1916151.25,1706271.0,1585238.0,1575512.875,1516735.0,1605351.5,1409451.375,1604502.875,1563617.75,1854940.625,1804484.0,1662566.375,1737301.375,1390259.0,1368351.75,1178691.875,1172633.5,1313167.625,1270424.5,1390749.5,1284673.5,1488924.25,1493798.125,1635525.75,1586479.875,1975673.75,1847002.125,2069246.75,2069352.875,1649773.0,2084461.375,1529040.75,1442892.0,1890751.25,1735492.0,1704709.625,1975717.625,1833019.875,1691262.0,1374222.875,1500242.625,1731601.75,1750741.625,1726666.125,1684799.125,1406187.0,1294546.375,1767214.25,1585674.0,1705041.0,1698424.625,1125111.375,1244229.25,1411189.25,1371852.0,1373939.25,1489897.625,1661536.0,1469615.75,1386600.125,1329680.625,1559222.0,1387791.375,1333660.5,1234321.125,1422966.0,1328303.875,1517353.375,1577078.25,1423154.375,1302360.5,1045859.5625,1094261.0,1394363.875,1257545.375,1581837.75,1630759.5,1457254.25,1478047.25,1509320.875,1512042.875,1476509.875,1390272.875,1607353.125,1562371.125,1413369.25,1431383.375,1479187.375,1395967.875,1753464.0,1815576.5,1745357.5,1695593.25,1745093.75,1789043.5,1841665.0,2169157.75,2061167.875,1991323.375,2143487.0,1994761.125,2100916.0,2042093.875,2187147.75,2090406.5,1704449.875,1632016.0,2070498.375,1871649.875,1939063.875,2024855.0,1565829.5,1639068.625,1727721.125,1771796.5,1657226.75,1657544.875,2015477.0,1942922.5,2033139.25,2083826.375,1807313.25,1926250.875,1959188.125,2028271.5,1807974.0,1787686.875,1468095.625,1497664.75,1894162.625,1841499.0,2071763.625,2039036.625,1574259.375,1576104.75,1616501.0,1557269.5,1526293.125,1441625.0,1870373.875,1806218.0,1558080.625,1546725.875,1511884.25,1451682.875,1993336.75,2032720.5,2110724.25,1963334.625,2111211.5,2209813.25,1608835.5,1684847.125,2205437.5,2292005.75,1907204.0,1905642.125,1962450.5,2165703.5,1708523.25,1705875.625,1850240.5,1874777.75,1738462.375,1834487.5,1745679.25,1700960.875,1830845.5,1876685.25,1721173.875,1526373.75,1672730.25,1585469.375,1383004.125,1399040.75,1532016.375,1503031.625,1821905.625,1868053.25,2027504.625,1973440.625,1239389.75,1199224.875,1284715.5,1243897.0,1391389.25,1306582.25,1669698.0,1632671.875,1862888.75,1639604.25,1443560.5,1417700.875,1522502.5,1594609.125,1362087.125,1354992.625,1754662.0,1697829.875,1361421.75,1357611.625,2361818.75,2373050.0,1604907.125,1768587.75,1946952.125,1888375.75,2246545.75,2075695.75,2401955.25,2409519.5,2423540.75,2626727.0,2646089.0,2413489.25,1911970.125,2426072.0
123,1886198.0,1898594.25,1827643.25,1888869.875,1911518.375,1814417.875,1908117.625,1767400.75,1871445.125,1821442.25,2115456.75,2132677.25,2036273.875,2021149.125,1877247.125,1899010.25,1927786.5,1822719.375,1867879.375,1806690.375,1685349.5,1667885.0,1880938.125,1611666.875,1988850.375,1893369.375,1353505.25,1353846.5,2020055.25,1915207.25,1705501.5,1589602.0,1576162.375,1521113.125,1604171.5,1407442.875,1602998.25,1561862.625,1853787.125,1809646.75,1666503.375,1738612.25,1387729.625,1366472.125,1176453.25,1171314.5,1315717.375,1273027.75,1390825.75,1282758.5,1486441.25,1491224.0,1634537.375,1588939.375,1974831.5,1848378.75,2069405.625,2071096.625,1647141.875,2085131.75,1526882.25,1445784.625,1891000.75,1735222.875,1705509.125,1977035.25,1836743.75,1692984.625,1374858.5,1504826.125,1726748.875,1750862.75,1724944.75,1686761.75,1401346.125,1293326.0,1762587.75,1582148.0,1701995.5,1695248.5,1121992.375,1244273.375,1410412.0,1373106.125,1374743.125,1485543.25,1661201.75,1468183.75,1383225.75,1334653.125,1553956.5,1386499.0,1338525.625,1236484.75,1424001.75,1331843.125,1513457.625,1577805.375,1418899.5,1302098.875,1044688.4375,1096433.5,1394759.375,1258092.625,1582934.25,1631579.125,1455452.375,1477169.625,1512900.25,1511585.125,1481415.25,1393829.25,1611150.625,1564554.5,1424198.0,1441664.125,1492479.25,1413720.875,1755470.75,1817905.125,1741397.375,1695317.0,1738166.375,1786632.875,1851786.25,2170166.25,2067662.0,1986895.375,2143438.75,1995571.625,2103455.0,2040413.5,2188923.25,2089116.5,1705208.5,1631262.125,2068047.875,1874867.0,1938864.25,2025999.625,1560391.125,1636978.875,1728422.875,1770256.5,1656212.75,1657637.125,2016752.75,1938773.625,2034769.875,2082158.0,1811759.125,1929752.25,1962763.5,2032171.875,1807623.5,1790372.375,1469072.625,1501466.25,1894594.125,1842947.875,2071626.75,2036941.125,1573209.75,1580077.0,1616017.75,1557208.125,1525272.875,1441359.0,1869739.125,1807032.5,1562990.625,1550424.25,1511791.0,1451286.375,1995971.125,2034676.5,2110591.75,1964035.125,2113634.75,2210426.0,1612880.0,1689527.25,2207861.75,2292831.75,1909845.0,1908787.25,1962043.25,2167409.75,1712240.5,1707106.375,1853246.375,1876710.375,1738276.5,1830793.25,1749493.375,1703345.75,1833718.625,1879106.875,1719256.125,1525029.625,1670641.625,1585739.25,1383554.5,1397794.125,1532749.75,1502705.875,1820899.75,1863389.5,2028589.375,1977541.75,1250018.625,1199957.875,1287802.875,1244237.625,1395177.875,1307694.75,1671070.0,1632083.5,1861865.25,1637572.375,1442361.25,1416362.5,1522548.375,1594907.75,1360616.625,1352683.875,1753269.125,1694577.625,1360068.625,1356963.5,2365363.75,2375086.5,1604426.375,1770707.375,1947472.875,1885976.0,2246426.0,2075404.125,2402041.0,2408474.75,2425825.75,2626898.0,2643275.0,2408604.75,1913701.875,2425067.5
124,1886522.0,1896475.625,1829229.375,1890656.125,1909218.0,1813832.375,1909609.25,1769923.625,1869232.375,1817808.0,2114669.25,2131075.5,2033662.5,2019708.875,1872742.875,1897106.875,1928258.0,1822410.625,1866756.0,1804355.125,1684711.75,1665475.25,1878866.875,1610173.625,1987605.75,1895295.375,1355143.5,1352450.125,2021942.125,1916059.25,1707447.25,1590693.375,1579294.0,1522416.375,1608019.125,1405722.5,1605146.125,1564908.25,1859380.0,1813805.5,1668722.375,1739364.625,1391670.625,1366558.75,1177017.0,1170961.5,1317219.125,1275220.25,1391258.125,1281069.875,1488706.25,1491820.0,1635396.25,1588120.125,1975419.375,1849068.625,2071421.375,2072717.75,1651055.625,2086355.75,1528171.0,1447007.625,1892932.75,1734865.5,1705119.875,1977559.125,1838810.875,1694157.625,1376385.0,1503007.125,1726234.25,1748759.875,1726461.5,1684525.375,1403321.75,1294632.0,1761272.5,1579743.75,1706078.0,1695176.625,1123071.0,1248641.0,1409151.0,1372690.375,1375338.125,1486515.125,1664446.0,1469037.875,1381993.5,1331512.75,1553925.0,1384435.625,1337117.0,1233968.125,1421365.25,1332148.375,1513079.25,1576260.0,1420697.875,1303116.0,1046342.1875,1099384.125,1394099.0,1256712.875,1581862.625,1629884.625,1455031.375,1475682.125,1514887.25,1511863.625,1483400.0,1391499.625,1610956.75,1563749.375,1420726.25,1439533.5,1487542.25,1415762.75,1754054.75,1815797.125,1741719.75,1697264.375,1740700.625,1787865.625,1848652.125,2169586.0,2069468.75,1982778.625,2144623.5,1995963.625,2106816.0,2040160.0,2186864.75,2086831.0,1708972.25,1633092.625,2065066.625,1876215.625,1939972.875,2026701.0,1559508.625,1639017.25,1728995.125,1768718.125,1655129.625,1656543.5,2015983.25,1937801.25,2033500.5,2078405.875,1812840.625,1931264.375,1959345.5,2030248.125,1809726.875,1793034.25,1471463.625,1502878.5,1896651.0,1845732.875,2073570.25,2039558.5,1574054.875,1577371.75,1617477.375,1558051.25,1527072.875,1443189.5,1870439.125,1803958.5,1567187.125,1551124.0,1513956.25,1453280.875,1993924.25,2031423.5,2108856.75,1963492.625,2113303.75,2211871.75,1613382.875,1688055.875,2205074.5,2289135.25,1908198.5,1910046.0,1962172.0,2167108.25,1711551.625,1705848.75,1853772.0,1879208.125,1737896.25,1838142.0,1749835.0,1703910.0,1835223.0,1881564.75,1720480.0,1523209.75,1671439.5,1587227.375,1381509.875,1398451.875,1530042.25,1501713.0,1822641.375,1862008.25,2029646.5,1977298.25,1248419.25,1199002.375,1289212.875,1243689.5,1394363.125,1304771.625,1670303.875,1629443.0,1864036.0,1639710.5,1445237.125,1415735.375,1524023.125,1592765.0,1361920.875,1351606.125,1759462.5,1699159.125,1361053.25,1355916.75,2360866.0,2370537.25,1603692.5,1770600.875,1945327.625,1884854.875,2252258.75,2075998.875,2403370.25,2406561.0,2426220.75,2627896.5,2656199.75,2417405.5,1910244.875,2423331.0
125,1891717.875,1900204.375,1828808.375,1883513.625,1910120.25,1811907.875,1910495.75,1763401.5,1871427.125,1819223.0,2116300.5,2132720.75,2035217.625,2020582.5,1872913.75,1895241.25,1930161.0,1821765.625,1867460.5,1801394.0,1687405.625,1667831.5,1877174.5,1603966.125,1982141.5,1890223.125,1357715.25,1351672.25,2027536.5,1920015.5,1708005.25,1588932.875,1580798.5,1523651.25,1609953.875,1408643.375,1605976.25,1569836.0,1860803.375,1815301.0,1669610.625,1741543.375,1396645.0,1371485.0,1179570.25,1172701.0,1317841.875,1275725.0,1392277.25,1282170.0,1491649.0,1495274.375,1638459.875,1588716.375,1976706.5,1847677.5,2072063.625,2070074.0,1651611.375,2083797.125,1528560.0,1447615.375,1892685.75,1736234.5,1705108.0,1978935.0,1837589.625,1695662.375,1377460.125,1501312.375,1728303.0,1749216.625,1728744.5,1684132.375,1403474.625,1298316.625,1762636.125,1584311.125,1705856.0,1694805.625,1121588.0,1250122.625,1406557.75,1372918.75,1369609.5,1488277.375,1659258.625,1471052.375,1378665.5,1328110.875,1552740.875,1384411.875,1332365.625,1233762.25,1416850.75,1331904.625,1509142.875,1575230.375,1420199.625,1303997.375,1044405.625,1100244.875,1390798.5,1255347.0,1578951.625,1628376.125,1453770.5,1475203.5,1512234.625,1511402.875,1478963.375,1386938.875,1606904.75,1560607.5,1417033.5,1433770.625,1480778.625,1399224.25,1752408.375,1814580.5,1742186.25,1698996.25,1744408.5,1791495.125,1842680.75,2166658.0,2067009.75,1982006.375,2146692.25,1997251.75,2108258.25,2037303.25,2186648.5,2089004.5,1707993.625,1634181.75,2066862.75,1873580.5,1940475.625,2026179.75,1562388.5,1640537.625,1728901.0,1771950.0,1654146.125,1656725.875,2013274.0,1934001.75,2031907.25,2079878.0,1810442.0,1930378.875,1957440.875,2027242.125,1811045.25,1791930.75,1469821.625,1503185.5,1897787.25,1845074.625,2075062.75,2039353.5,1575543.0,1576455.125,1620483.25,1557833.625,1526981.0,1443166.375,1871566.25,1807192.75,1564094.0,1548365.625,1512167.125,1455411.75,1993038.0,2030389.625,2109969.5,1963047.75,2116108.25,2216400.25,1610763.625,1684170.625,2203047.0,2287887.5,1908651.0,1910337.25,1963892.0,2168406.25,1705533.0,1702437.125,1849822.75,1873532.75,1738818.5,1838120.625,1743142.75,1699840.25,1832095.625,1879816.125,1722468.375,1524063.625,1667395.0,1587820.625,1384656.625,1400101.625,1527665.125,1502162.5,1824222.625,1866580.125,2029477.375,1974899.875,1242479.375,1198624.375,1289986.5,1242584.75,1395216.5,1304128.75,1667987.75,1628264.375,1864538.625,1642309.875,1450505.625,1415333.25,1523594.25,1592064.625,1364291.5,1353111.875,1762647.875,1700859.875,1362572.375,1354595.0,2358421.25,2368343.25,1603122.0,1769876.25,1944059.25,1888667.5,2252213.0,2073729.875,2401982.75,2406410.5,2423244.5,2626096.75,2658628.25,2418657.25,1907945.625,2425481.5
126,1895216.625,1904807.125,1825046.125,1879703.5,1913251.375,1810695.125,1908241.25,1758251.25,1876493.75,1826348.875,2118110.0,2136284.75,2039273.75,2025336.25,1873468.25,1896088.0,1927027.625,1823722.125,1867221.75,1800414.75,1686772.875,1670516.75,1876688.5,1602271.25,1976414.25,1885779.0,1357620.75,1352773.0,2023031.125,1921377.875,1703008.75,1585737.5,1576488.375,1523169.75,1604828.0,1412053.125,1603157.0,1569587.25,1854239.625,1812503.625,1667588.625,1743133.625,1395834.875,1374011.0,1180476.0,1174108.25,1317319.5,1275079.5,1392870.25,1283059.875,1489489.5,1496212.5,1639224.125,1591010.25,1976720.375,1846678.5,2071211.0,2066602.625,1645055.75,2078904.0,1526521.0,1447830.5,1888213.125,1739285.75,1705120.875,1979104.375,1834949.625,1694147.25,1379812.625,1507311.375,1729053.0,1751101.0,1727288.375,1687836.875,1399748.0,1298799.75,1765659.5,1589750.625,1702705.375,1693198.875,1117990.125,1249912.375,1406852.5,1375693.75,1369602.625,1489591.375,1652244.0,1470626.25,1374163.75,1334539.875,1550241.25,1386411.375,1333979.875,1237992.5,1418351.0,1337211.125,1508763.75,1579429.75,1417047.5,1304546.0,1040344.4375,1099494.875,1388574.5,1256289.5,1579098.75,1630108.125,1453293.5,1476045.125,1510005.375,1510459.5,1476071.5,1387546.0,1605639.875,1562103.125,1425417.125,1440770.625,1493214.0,1400126.5,1753644.0,1818061.625,1742256.875,1699357.375,1742232.5,1793842.0,1846145.0,2165632.75,2063789.375,1982680.875,2148349.0,1999301.625,2107885.5,2035761.875,2190227.25,2092202.625,1701836.25,1635390.0,2067538.625,1872738.75,1938926.0,2024369.5,1559555.0,1639612.375,1726071.0,1776218.75,1653907.25,1657210.0,2011674.0,1929213.75,2033761.375,2084381.625,1808269.75,1930410.875,1961198.0,2029265.625,1807628.5,1790193.375,1465650.25,1501715.75,1896353.75,1842242.75,2072560.375,2031872.125,1575708.875,1580384.625,1620528.625,1557511.625,1526294.375,1442237.0,1869709.25,1811577.875,1561091.125,1548399.25,1509215.25,1454114.0,1995274.75,2035345.625,2110532.25,1962081.5,2113386.5,2215867.0,1609022.5,1684795.375,2206499.75,2292935.0,1912670.75,1912304.375,1961659.5,2167850.75,1703916.25,1703155.0,1847403.875,1868869.875,1740692.625,1829355.375,1741444.25,1699746.0,1829905.5,1878393.5,1724740.875,1527124.125,1665199.375,1589780.125,1392282.375,1403015.875,1531256.25,1505471.125,1823749.125,1868020.125,2027704.5,1974332.0,1249839.125,1202337.25,1292744.0,1244168.125,1400225.125,1308887.625,1668236.25,1630541.25,1861986.5,1640556.375,1452304.375,1414652.0,1522227.625,1593123.625,1363495.375,1353459.375,1757951.25,1695089.75,1362893.75,1354603.0,2364412.75,2375421.5,1603711.625,1772802.0,1943714.75,1889865.625,2248760.25,2075074.625,2398112.75,2408125.5,2421659.25,2625267.0,2646931.75,2411258.0,1911692.0,2428693.25
127,1892780.0,1905656.875,1819251.0,1884119.375,1910060.625,1816300.5,1905764.25,1764572.625,1877114.5,1827531.25,2117121.25,2136602.5,2038004.5,2026681.875,1872878.0,1898735.75,1923782.25,1827586.5,1860664.125,1802732.0,1684520.5,1670904.625,1875607.875,1609382.125,1972743.0,1888505.625,1352165.375,1353394.25,2012995.125,1918169.125,1701723.0,1584299.75,1570445.0,1517648.625,1603569.75,1413011.875,1602527.875,1565356.25,1852699.375,1808029.25,1664931.0,1743663.375,1393109.875,1370774.5,1178058.0,1172956.125,1314454.875,1273840.0,1390992.25,1281635.875,1487776.25,1497106.875,1636635.5,1590741.25,1974648.0,1848482.625,2069265.125,2067591.0,1641196.5,2079203.125,1526852.25,1446910.875,1885489.75,1740960.25,1703086.125,1977096.25,1833045.375,1690594.375,1379291.125,1509784.75,1732852.5,1751975.375,1725906.0,1690275.0,1405175.75,1297877.25,1772413.5,1591849.0,1709458.25,1695447.875,1122784.25,1250493.25,1412288.625,1374170.375,1379614.5,1494425.0,1659634.25,1469249.875,1380833.25,1336805.25,1554866.375,1384490.875,1337127.25,1237929.125,1426248.875,1337727.125,1520109.5,1582275.5,1420141.75,1303691.625,1043212.125,1096124.0,1390136.375,1256210.5,1581360.25,1631106.625,1455846.375,1475391.25,1509224.625,1510809.625,1477666.0,1388448.0,1605819.5,1563219.875,1423773.875,1441848.875,1495547.75,1408203.625,1752780.625,1819093.375,1747058.875,1700842.75,1741957.625,1796790.625,1839757.625,2164817.0,2056571.25,1982621.375,2147260.0,2000041.125,2105280.0,2040377.5,2187645.75,2090549.25,1697841.0,1636851.25,2062043.0,1873652.75,1937165.375,2023783.25,1556939.125,1642433.125,1724516.625,1779584.375,1656330.25,1657536.375,2011797.5,1932033.625,2034170.75,2083495.875,1808148.0,1930420.125,1963453.875,2030440.75,1804813.0,1791114.625,1465070.0,1499329.5,1894942.125,1842848.125,2069318.25,2031320.0,1574973.875,1581908.75,1619664.125,1559468.25,1529490.5,1443337.625,1867885.125,1809567.5,1560151.125,1550912.5,1509060.25,1451463.75,1997265.625,2039142.75,2111565.5,1962061.25,2111401.5,2213380.25,1608607.0,1687953.125,2208975.5,2295456.25,1912946.125,1913568.75,1960132.25,2166785.25,1706320.25,1705087.75,1848125.125,1872954.375,1739128.25,1831071.625,1746218.875,1702838.375,1830929.125,1880232.875,1725941.75,1526162.75,1672702.5,1590890.125,1392803.625,1402104.875,1536137.375,1504922.75,1822594.75,1865609.125,2023145.375,1970874.75,1252915.0,1204108.25,1293744.25,1246461.875,1398670.75,1310590.375,1669102.625,1631309.125,1861262.75,1638422.125,1451129.625,1414168.125,1523335.875,1592344.375,1362834.375,1353444.625,1756555.25,1694340.375,1363553.5,1355807.375,2363466.5,2375590.25,1603047.375,1772867.75,1942376.875,1886332.375,2249267.0,2076396.0,2397277.25,2409004.25,2422361.0,2628094.0,2645960.5,2414454.25,1912156.875,2426393.5
128,1890042.0,1904434.875,1816921.5,1883024.375,1906872.375,1820753.375,1906419.25,1767289.75,1878067.75,1825140.875,2116165.75,2134133.0,2037806.125,2025952.25,1873699.125,1898153.75,1921742.0,1826477.5,1856830.5,1803948.5,1685653.0,1670398.125,1871980.5,1609660.75,1970349.875,1888771.875,1348767.75,1353621.75,2012623.25,1915570.625,1704171.25,1584587.375,1569555.375,1512557.625,1608972.125,1414284.375,1604842.75,1563530.875,1857376.875,1808822.5,1665504.75,1744479.0,1393545.0,1369334.5,1176453.0,1172038.5,1313759.75,1273075.5,1389654.0,1281486.625,1490121.0,1499492.0,1638142.875,1591274.375,1974670.25,1851701.75,2070914.0,2072060.125,1646492.5,2083762.25,1529027.875,1447793.75,1887037.0,1740867.0,1702239.875,1977922.25,1834689.25,1691717.375,1377436.625,1506218.75,1738022.0,1754389.0,1727996.875,1692420.375,1412537.625,1299354.0,1776752.625,1593076.0,1715769.875,1698975.0,1126613.25,1248111.625,1413770.75,1369920.375,1380935.0,1496198.25,1666254.625,1468784.25,1390120.5,1333255.375,1559676.5,1381390.375,1336123.5,1235000.5,1428264.625,1331923.375,1526646.75,1578749.0,1422745.0,1302304.625,1046951.875,1093940.25,1391783.625,1255024.125,1580943.125,1627643.375,1456941.125,1473894.0,1508468.5,1512178.875,1478271.25,1385644.75,1605260.25,1560426.875,1415778.875,1432265.375,1484384.75,1400994.375,1748966.25,1814555.5,1750735.0,1703092.375,1744232.0,1799236.375,1830278.25,2163950.75,2053053.0,1981041.875,2147272.75,2002357.0,2104673.75,2045982.875,2184551.25,2090294.0,1697057.875,1634320.5,2061461.375,1871184.625,1938943.0,2025560.125,1560592.0,1645781.75,1726808.25,1780687.75,1659014.375,1659740.5,2008478.625,1930370.125,2033594.75,2081794.375,1807145.125,1926830.25,1961021.375,2024927.25,1809864.875,1793827.375,1466434.625,1500938.375,1897511.125,1846348.625,2070410.375,2040226.5,1574695.0,1582289.375,1620226.625,1560598.75,1531468.875,1443314.875,1868000.75,1809509.875,1557154.0,1552086.625,1509037.875,1452157.5,1997451.875,2037957.0,2117107.25,1965168.25,2117186.75,2215115.0,1609821.375,1687533.5,2209200.5,2295738.5,1914078.75,1914535.875,1964404.875,2168133.5,1705704.75,1704180.0,1846893.875,1873201.625,1734517.5,1835043.125,1745140.625,1699082.125,1829396.875,1878655.125,1722687.75,1521781.0,1675206.125,1587279.125,1386457.875,1396944.0,1534587.0,1501217.0,1819589.125,1864395.125,2019031.375,1965704.5,1245546.875,1201212.25,1292076.0,1245372.75,1394992.25,1308437.875,1669329.125,1630150.875,1863205.75,1640413.75,1451547.75,1414423.125,1526009.25,1593412.5,1365418.875,1355634.625,1758958.75,1697326.625,1364155.625,1356336.75,2357766.5,2367881.0,1601061.875,1769027.375,1940908.25,1885263.5,2249781.25,2073111.125,2397775.25,2408053.5,2422385.25,2628759.25,2650555.25,2418731.25,1908149.125,2422987.75
129,1892053.125,1904450.125,1818949.5,1876589.625,1906640.625,1814613.875,1909176.375,1761818.625,1883357.375,1828361.0,2115211.0,2131278.5,2038120.75,2024578.25,1874524.125,1895493.5,1919458.5,1824418.875,1859584.625,1801267.25,1687305.75,1670316.25,1868948.5,1602039.875,1970051.0,1884707.625,1350481.625,1353386.5,2017748.5,1917971.125,1704183.5,1585369.125,1571827.875,1513687.125,1609492.125,1415889.0,1604777.0,1565055.0,1856537.5,1812443.125,1664309.375,1743800.125,1394464.0,1371720.75,1177783.375,1172990.5,1315402.75,1272783.125,1390894.5,1283038.625,1490901.25,1500162.125,1644091.375,1594693.375,1978327.625,1852021.875,2079470.75,2074295.625,1658712.375,2086408.25,1527879.5,1450463.5,1887858.625,1742176.375,1704863.5,1980517.375,1840481.0,1697079.125,1380268.75,1506990.875,1739028.875,1756336.125,1729043.125,1696808.0,1409033.0,1301581.75,1777400.5,1596193.125,1712527.375,1700521.375,1120358.125,1245303.875,1408806.125,1371800.75,1371397.25,1492037.5,1660045.75,1469707.125,1385663.625,1337192.875,1557371.625,1383986.625,1333986.375,1235931.75,1420929.375,1332815.0,1521408.125,1578177.25,1419325.375,1302784.375,1043151.4375,1097134.875,1390309.25,1256629.375,1579615.125,1625688.625,1455417.5,1475129.625,1507931.5,1512701.75,1476782.875,1384259.25,1605787.5,1561861.5,1419778.75,1431163.5,1487995.125,1399390.125,1748348.75,1813336.5,1748258.625,1703095.25,1742682.125,1797868.375,1840004.75,2167618.25,2057110.125,1977567.625,2151237.75,2005704.0,2108905.5,2047225.75,2190523.75,2093799.875,1693928.125,1628266.625,2069743.75,1867729.375,1943661.875,2027305.5,1564322.25,1642944.625,1724791.25,1775873.5,1659437.625,1662702.375,2002554.25,1920331.0,2034936.125,2084292.125,1804466.875,1923665.75,1956919.375,2019490.25,1817118.125,1794487.0,1465492.125,1504939.375,1901257.375,1846592.125,2073605.0,2041579.5,1574217.25,1583110.75,1620462.5,1559422.0,1529786.75,1441742.875,1866720.125,1815400.25,1554655.375,1552068.375,1507314.625,1454633.125,1994668.75,2034526.5,2118991.75,1967249.125,2117117.75,2215856.0,1610783.125,1683606.25,2210040.75,2297452.5,1918137.125,1915134.75,1966168.75,2168335.75,1706287.0,1704936.125,1846487.875,1870328.75,1734379.125,1828896.375,1742295.125,1695944.375,1826071.25,1874762.0,1717571.375,1521192.125,1667960.125,1584924.875,1382916.0,1395046.75,1530000.5,1501990.75,1815032.875,1861947.875,2018502.25,1965090.375,1246214.5,1199916.875,1291270.5,1243269.625,1398109.375,1307871.875,1670955.125,1631725.375,1863462.375,1642484.0,1451816.875,1415052.25,1526961.25,1597789.5,1366006.625,1357507.125,1757135.375,1695092.75,1362994.375,1356230.25,2361949.5,2369743.0,1600832.75,1770550.125,1940551.375,1888217.625,2248247.75,2073644.875,2396123.0,2408418.0,2422046.75,2626156.0,2644945.0,2412044.0,1908850.125,2425888.5
130,1895315.875,1905862.25,1822568.25,1877021.625,1906791.75,1809838.0,1909944.375,1761373.5,1882885.5,1829672.125,2115986.0,2132055.0,2035328.375,2023088.5,1875690.75,1896234.375,1922062.5,1825862.25,1860537.375,1799894.25,1687114.875,1671018.125,1873021.625,1601175.375,1974205.625,1883630.125,1352098.25,1351474.875,2019424.0,1921278.125,1704350.25,1587308.5,1572696.0,1516394.375,1603900.75,1416112.625,1604286.625,1567389.75,1852815.0,1812759.125,1661062.875,1741813.625,1393523.5,1374432.0,1178713.75,1173970.125,1314793.125,1272786.625,1391467.25,1283216.5,1489018.375,1501250.25,1644322.0,1593070.0,1980296.0,1847956.125,2083174.0,2070038.0,1665034.75,2085501.125,1524643.0,1450289.0,1886165.625,1743219.625,1706439.125,1980023.0,1842997.875,1699281.0,1383394.25,1510277.25,1735989.0,1752336.0,1726670.75,1695429.875,1403566.0,1302774.75,1777364.625,1598344.875,1708995.625,1701834.5,1116414.875,1248859.875,1405733.5,1377533.625,1369332.5,1492311.875,1655265.875,1472370.0,1374610.625,1341910.25,1554721.875,1388546.75,1332573.875,1237666.5,1413434.625,1339074.0,1519013.0,1585403.0,1418504.5,1306609.75,1038506.5,1102169.25,1387803.875,1259467.875,1580144.875,1628822.875,1454720.375,1477212.5,1507298.5,1512457.5,1475739.625,1386220.875,1606211.75,1566199.5,1421245.5,1435004.875,1495088.5,1412703.5,1750530.75,1816336.5,1746252.125,1702137.75,1740506.5,1795825.25,1850742.25,2172137.5,2058034.875,1977009.875,2151521.0,2002390.75,2111233.5,2044678.5,2194152.25,2094715.75,1691351.25,1628352.875,2073603.25,1868447.375,1943570.875,2026898.875,1564194.75,1640234.75,1719886.75,1772473.375,1657845.5,1662343.625,2002755.125,1922343.125,2034102.5,2086027.5,1804615.75,1925619.625,1955485.625,2020935.75,1815658.5,1790093.125,1463383.625,1504713.5,1900057.0,1841410.0,2075127.375,2035179.25,1573766.0,1579763.5,1620432.25,1558324.0,1530393.75,1442884.625,1865960.625,1814971.75,1556698.125,1550139.0,1507698.0,1454513.25,1991552.625,2031456.0,2112207.25,1964069.875,2109751.5,2211008.75,1608365.5,1681187.0,2207078.5,2294733.5,1915879.625,1912193.25,1962724.25,2165992.75,1708455.5,1705731.25,1849193.5,1873692.5,1737749.5,1828598.125,1745000.375,1700319.0,1827541.625,1875551.25,1716677.0,1525385.75,1666435.375,1590442.75,1383658.25,1398936.375,1528424.0,1505553.375,1814285.375,1860173.5,2020163.375,1967989.625,1251035.25,1200746.625,1291698.0,1243817.25,1398887.0,1306328.875,1671487.25,1633773.625,1861869.875,1641167.625,1450640.125,1415988.25,1524889.875,1598096.375,1362903.125,1356597.125,1756476.375,1693067.25,1361832.125,1355695.625,2365853.25,2376169.0,1601217.875,1775473.25,1939663.375,1890261.25,2250325.0,2079247.875,2394756.5,2410968.75,2421199.5,2625781.0,2643640.25,2410427.25,1910210.5,2430315.5
131,1898299.375,1906976.625,1827865.375,1878606.0,1913955.125,1813146.5,1908157.625,1761819.75,1876134.0,1824084.125,2120992.25,2136804.25,2036933.0,2023636.625,1879823.75,1896758.5,1930293.25,1821990.875,1863401.875,1800596.125,1688863.0,1668986.875,1881869.625,1599555.25,1981205.5,1881144.5,1355743.875,1351069.625,2020751.5,1919004.75,1704463.375,1586904.875,1575429.0,1514246.875,1601040.0,1414144.125,1606503.75,1567927.625,1855542.375,1812383.375,1665623.125,1743422.125,1393415.875,1377552.25,1178699.75,1174146.375,1315127.625,1273777.375,1390363.75,1283254.25,1490154.0,1503398.125,1639116.875,1583852.25,1979141.75,1843556.75,2074734.0,2062941.125,1657667.875,2082433.25,1523874.875,1447646.125,1886060.0,1740118.625,1704105.875,1977967.5,1838359.5,1698050.375,1381632.0,1507940.0,1731117.25,1745648.0,1725956.0,1688061.375,1403302.25,1302759.375,1776244.125,1598180.125,1707625.875,1702782.625,1116944.5,1254693.5,1404014.75,1380666.875,1374943.625,1497322.5,1653815.25,1474348.5,1369204.375,1337936.125,1553524.75,1389007.625,1329704.75,1236509.25,1408896.125,1340288.875,1519050.0,1588046.5,1419621.625,1311043.0,1037204.75,1105002.5,1385940.375,1259518.25,1579972.75,1630102.75,1453869.25,1476962.875,1506609.125,1512090.25,1473958.625,1386660.875,1604192.875,1563304.0,1412178.875,1430161.125,1485010.75,1411810.5,1750255.0,1814457.875,1746272.25,1701170.75,1743394.5,1795889.5,1842092.875,2166314.5,2055774.25,1979039.75,2145077.5,1991046.875,2107844.75,2038096.875,2188325.75,2089762.875,1695553.875,1634632.625,2070909.375,1869576.375,1937242.625,2019935.5,1563304.5,1639186.5,1725861.5,1778718.25,1653962.0,1656817.875,2009445.75,1936297.25,2030374.0,2084231.0,1808408.125,1927757.375,1959678.625,2025772.125,1809586.125,1783594.75,1462753.625,1502076.625,1896023.25,1835082.75,2075846.625,2033301.25,1574617.75,1574504.875,1619938.875,1556530.75,1531693.875,1444667.625,1869720.625,1806693.5,1559967.375,1545857.75,1511113.0,1452196.875,1994063.375,2031354.75,2108547.75,1961146.375,2112210.25,2208539.75,1605687.5,1681302.75,2202433.0,2289037.5,1908751.0,1907629.875,1963183.75,2165450.5,1705691.75,1702903.25,1849932.375,1877199.0,1739930.375,1840492.5,1744514.125,1701587.5,1832068.375,1878695.375,1718776.0,1528883.625,1669649.5,1596186.5,1385840.0,1404980.125,1527958.0,1506256.375,1819166.875,1866632.625,2022866.625,1968775.375,1245339.75,1199194.375,1290652.5,1243563.0,1393653.5,1301561.625,1668075.0,1631644.25,1860546.0,1640337.375,1450236.5,1417086.625,1520906.625,1594196.625,1360911.25,1354981.625,1760645.0,1695497.75,1362339.875,1354986.75,2359560.5,2372038.0,1600181.875,1774226.0,1936963.0,1891106.0,2254644.5,2079323.875,2394138.25,2411602.5,2417720.0,2626072.25,2652967.0,2415803.25,1905555.875,2430366.25
132,1903965.875,1908252.375,1831750.0,1875424.375,1924198.25,1813518.25,1906568.25,1756529.75,1877186.75,1823235.75,2126005.0,2140088.5,2042975.75,2024339.375,1883198.25,1894005.5,1935577.75,1816252.875,1870675.125,1797604.625,1691561.625,1663292.5,1884618.375,1590950.875,1984676.0,1876396.0,1360696.375,1352349.875,2025201.0,1915922.5,1703263.5,1582804.5,1581166.5,1512037.75,1604132.875,1410699.875,1608043.375,1566043.875,1861644.0,1813565.875,1672971.25,1746329.625,1395580.125,1378379.5,1178817.375,1173519.0,1317746.0,1273824.75,1389140.625,1284682.625,1493812.0,1501540.5,1638511.375,1579613.0,1979080.375,1844187.5,2067549.0,2062217.25,1647877.0,2080221.25,1525966.625,1446187.0,1888799.0,1737990.125,1702018.5,1977993.125,1835968.25,1698154.25,1379258.625,1503049.25,1728734.125,1745483.5,1729499.75,1688003.5,1403825.625,1301004.375,1776405.875,1596631.125,1706393.375,1702000.125,1114247.25,1253334.375,1401742.875,1379550.125,1376218.5,1496558.625,1649231.125,1472622.625,1370089.375,1332759.25,1550788.0,1385357.875,1328032.875,1235702.5,1408232.625,1336488.25,1513597.0,1579534.375,1418320.375,1308731.875,1036832.4375,1104264.125,1384918.75,1257436.625,1578299.0,1627490.25,1452584.125,1475932.375,1505705.125,1510806.875,1472868.625,1385013.875,1602522.25,1558284.625,1411106.125,1425515.5,1474180.75,1393698.375,1749715.375,1811205.625,1744895.0,1698975.75,1747933.75,1796264.25,1830723.5,2155672.5,2059020.875,1974039.0,2142170.75,1986363.5,2105809.0,2033254.0,2184341.25,2083253.75,1703172.0,1635338.375,2072306.5,1867361.0,1934828.875,2011306.5,1564514.75,1634815.0,1738824.375,1785296.875,1651514.875,1651988.375,2011044.25,1935606.375,2029039.0,2080967.875,1812302.875,1927292.0,1965858.875,2028497.875,1809770.125,1783177.0,1464142.625,1501758.5,1895289.25,1835567.125,2075529.0,2034416.625,1576163.125,1575305.625,1618743.5,1554267.75,1528914.625,1442482.5,1874619.25,1806335.625,1559957.375,1544100.875,1512804.75,1450297.25,1999456.625,2034232.625,2112624.5,1963369.5,2122569.75,2213077.75,1608729.625,1682957.125,2205137.25,2291049.5,1907714.125,1907681.125,1967451.5,2167020.25,1700055.0,1699544.125,1846121.875,1874023.75,1739338.5,1842228.375,1738585.0,1696787.125,1833023.875,1879249.375,1718077.0,1527274.625,1666485.375,1592114.75,1386238.0,1404388.125,1526677.875,1503272.25,1822432.625,1874740.875,2026933.5,1967031.75,1238506.875,1197977.625,1288395.125,1239936.0,1392758.875,1300842.75,1665317.125,1629232.375,1858392.75,1641128.375,1449815.5,1417118.5,1518821.0,1593471.875,1362632.5,1354705.875,1759956.875,1696434.25,1363676.25,1355588.25,2355205.75,2364533.5,1599370.125,1768407.375,1935939.25,1891631.75,2252580.75,2072531.625,2393028.25,2410843.5,2415681.0,2624101.0,2653070.5,2412052.75,1902796.5,2428089.5
133,1907682.5,1909266.25,1830288.375,1876050.75,1924220.875,1807574.625,1906833.25,1753989.125,1886252.75,1829524.5,2126996.25,2140796.75,2044589.0,2024509.875,1879855.25,1893085.625,1932563.125,1820207.125,1870338.375,1791500.625,1689352.125,1659814.625,1880814.875,1589251.375,1982192.375,1877997.5,1360607.25,1350718.0,2029306.25,1919838.875,1702822.75,1580782.625,1582617.5,1515359.75,1606937.875,1409513.125,1607270.75,1565082.5,1861548.375,1816575.625,1668852.25,1743611.875,1397117.75,1375771.625,1178366.875,1172316.0,1317075.875,1271682.875,1389081.0,1285820.5,1494340.0,1497783.125,1643561.125,1586457.75,1981911.125,1847788.25,2070965.625,2066675.875,1646607.375,2079851.25,1527209.75,1446881.25,1890028.5,1741762.5,1703755.875,1979977.375,1840145.75,1699681.5,1380297.75,1504619.25,1730261.25,1751927.5,1732020.125,1696759.5,1401955.125,1300868.5,1778030.25,1594569.25,1706397.125,1700888.5,1110119.625,1247483.0,1402314.75,1377652.0,1372296.0,1490185.25,1643960.5,1469775.875,1369769.25,1334575.875,1548659.875,1382418.75,1330881.625,1239015.875,1409567.75,1335188.375,1507811.875,1573001.0,1418544.875,1302335.625,1036114.0625,1102068.25,1383856.375,1257008.75,1577658.625,1626620.25,1452246.375,1475627.0,1502438.25,1510692.0,1474623.75,1386425.125,1603591.875,1561304.25,1421592.125,1432810.375,1480201.25,1392536.5,1751118.25,1814341.75,1743436.5,1697598.75,1747593.75,1795531.375,1838152.125,2156864.5,2067445.75,1968230.25,2147248.25,1995895.0,2109634.5,2035942.75,2190662.5,2083953.625,1706783.0,1631924.0,2079173.625,1867136.375,1938853.5,2014024.625,1566323.625,1631815.375,1741001.25,1783869.875,1653848.625,1655066.75,2005843.125,1921120.375,2032106.75,2080915.375,1814483.5,1927751.875,1967505.125,2028236.125,1813965.375,1788782.5,1463884.0,1503394.125,1897326.375,1842001.0,2073405.75,2032586.625,1576975.0,1581023.375,1618840.625,1554031.125,1527284.875,1439472.75,1873693.75,1816278.5,1557587.0,1546516.75,1511346.125,1450994.5,2000073.625,2035904.25,2113730.5,1966175.0,2121142.75,2213595.75,1615225.875,1686623.25,2211961.75,2300623.25,1912949.625,1912561.375,1965673.875,2166161.5,1695990.125,1696731.5,1840020.625,1866600.125,1733906.375,1827140.75,1735164.75,1693072.0,1830240.375,1876523.125,1714959.25,1523647.75,1660412.75,1585635.5,1381650.75,1394289.875,1525450.0,1500551.25,1819615.375,1873365.125,2031826.0,1968973.5,1243363.75,1201073.125,1288401.5,1238261.375,1397112.75,1307603.0,1666687.375,1630849.125,1856062.5,1640704.25,1449314.625,1416086.875,1520567.0,1597186.5,1366198.5,1355964.0,1754954.125,1693660.5,1365022.0,1356965.0,2358930.5,2366792.75,1598954.375,1766239.75,1938644.0,1889917.625,2247113.0,2068569.125,2392817.25,2412220.0,2418811.5,2622867.0,2643316.5,2404166.0,1905907.25,2426890.0
134,1902729.125,1907267.125,1827037.0,1880741.875,1917508.625,1805738.25,1907982.375,1757245.875,1887219.125,1830848.375,2123742.0,2139593.75,2041525.125,2024645.875,1874944.25,1895422.125,1927673.0,1825386.125,1864688.125,1791516.875,1685493.875,1661803.125,1878675.5,1596681.625,1979815.25,1883791.125,1357082.5,1348786.75,2027535.625,1922926.125,1702903.875,1582846.0,1578595.125,1518720.0,1605432.75,1410200.5,1605704.625,1565555.125,1856245.25,1817409.875,1662538.5,1740252.75,1395718.25,1372879.875,1177792.25,1171696.5,1315264.5,1271379.875,1390289.875,1285168.25,1491376.5,1496283.125,1645193.75,1592223.625,1982573.5,1848615.125,2075396.25,2068568.875,1649488.5,2080093.375,1526477.0,1447772.125,1888855.75,1743571.25,1705872.375,1980503.5,1841952.25,1699026.25,1381267.0,1508978.75,1731352.375,1755040.75,1730162.0,1699103.5,1400373.75,1301798.375,1775816.875,1592320.25,1706414.625,1699726.5,1111221.625,1245822.375,1405159.5,1377110.125,1370223.875,1487004.0,1645323.5,1469331.75,1369773.375,1337710.25,1549381.875,1383569.625,1334154.375,1241445.875,1411703.875,1336445.75,1508025.625,1575404.75,1419985.625,1300853.625,1036827.125,1100654.125,1384556.125,1258003.125,1578705.0,1628386.5,1452497.625,1475635.625,1501580.75,1512394.875,1476637.25,1389755.875,1605643.75,1565749.75,1427023.25,1440961.125,1490278.125,1406450.5,1751930.0,1818290.125,1743320.0,1698156.25,1743996.125,1793863.375,1849547.875,2164481.25,2070385.375,1972923.75,2150422.0,2002785.75,2111562.25,2039558.75,2195630.0,2088959.0,1705091.625,1632231.625,2079237.875,1870350.75,1941143.0,2022046.375,1564809.75,1634041.75,1733491.75,1779320.25,1656084.875,1659711.5,2005422.75,1919919.25,2034988.0,2083465.0,1813690.5,1929103.0,1964885.875,2028060.5,1814238.25,1791642.875,1462755.875,1503990.5,1898143.5,1844867.375,2071861.75,2031332.0,1576318.5,1582979.0,1619503.5,1555400.5,1528821.375,1439736.625,1869194.5,1819246.25,1557043.25,1548829.625,1509999.0,1452831.375,1997490.125,2035392.25,2110498.75,1965505.0,2112713.0,2209760.5,1616975.0,1689432.0,2212470.25,2302842.25,1915040.75,1914604.75,1961125.375,2164923.0,1697739.75,1697476.0,1839704.25,1865102.625,1731297.75,1819627.0,1737932.625,1694678.125,1829040.125,1875285.875,1715000.875,1523377.25,1660857.375,1585757.5,1379042.625,1389727.75,1526270.5,1501495.0,1817296.0,1867169.375,2032417.125,1973104.25,1250489.75,1203452.875,1290318.5,1240867.5,1398898.0,1312079.25,1668922.625,1632616.0,1857402.0,1639937.375,1449221.875,1415515.375,1522848.5,1598943.625,1366653.375,1356607.75,1754606.0,1692525.875,1364795.5,1357096.0,2362782.5,2372958.0,1599318.375,1768861.125,1941555.125,1888099.75,2246749.0,2071184.5,2394786.25,2412504.0,2422213.25,2623938.75,2641316.0,2405135.0,1908992.0,2427074.75
135,1890550.0,1901731.375,1825605.0,1883307.375,1913154.25,1814141.0,1907786.75,1762149.125,1873831.75,1822838.125,2116634.75,2134580.5,2038956.25,2023215.125,1875859.875,1898490.875,1927270.375,1821828.75,1866211.25,1802378.875,1686039.375,1666867.375,1879002.375,1604862.875,1981474.5,1887730.125,1353245.25,1351625.125,2019289.25,1915342.875,1703447.375,1585529.5,1574532.125,1517177.875,1603614.25,1408754.875,1603675.625,1564429.25,1853681.0,1808859.0,1669376.375,1743948.25,1392462.125,1369137.875,1177702.875,1172045.5,1317838.375,1275430.25,1391402.375,1282709.375,1487833.75,1494596.125,1638330.875,1589397.5,1976103.25,1847104.0,2072037.375,2068683.875,1649899.375,2081868.0,1526684.125,1446657.625,1888547.75,1737184.0,1704756.875,1977621.5,1836845.125,1694464.5,1378491.125,1506553.25,1730509.125,1750244.375,1726510.625,1687620.125,1403788.75,1297858.75,1767583.375,1587842.625,1706338.25,1696370.125,1121664.875,1248282.5,1409500.375,1374177.375,1374089.875,1489754.0,1659475.125,1469972.5,1381105.0,1333322.25,1553164.0,1385894.25,1335197.875,1236644.875,1420955.25,1333609.75,1514654.25,1578433.0,1419546.375,1302551.625,1042849.9375,1097595.0,1391236.5,1256966.625,1580637.125,1630255.875,1454348.25,1475970.375,1510040.125,1512478.625,1478387.75,1389997.625,1607848.5,1563021.625,1421270.5,1437835.5,1490155.625,1405671.375,1752332.75,1817423.875,1744596.875,1698962.25,1742511.375,1792267.625,1840456.0,2164145.5,2060999.0,1981435.625,2145471.75,1995832.0,2105165.5,2039606.25,2185641.5,2087785.0,1701815.25,1633916.75,2064828.125,1872362.625,1938825.375,2022135.625,1559149.625,1638286.5,1728620.5,1775394.875,1654574.25,1656847.75,2012749.625,1935914.875,2033687.375,2082216.875,1809551.875,1929708.375,1962450.125,2030734.375,1809891.75,1789649.5,1466767.625,1501278.75,1896745.875,1842580.125,2072179.0,2036084.125,1574239.5,1579304.125,1618371.75,1557185.0,1527805.5,1441645.5,1868171.375,1807395.25,1559858.0,1549655.75,1509638.125,1452318.25,1997295.375,2035685.75,2110805.5,1963049.125,2115587.0,2212996.75,1612135.5,1688642.875,2205280.75,2289973.75,1910965.0,1910097.75,1964174.25,2168208.75,1708374.0,1706152.125,1850390.125,1876180.75,1739557.875,1832620.375,1746240.125,1702536.5,1832048.0,1880661.5,1720124.75,1525524.375,1669964.125,1587885.5,1385772.0,1400267.75,1531549.625,1504063.125,1820391.25,1863274.5,2024716.0,1971887.5,1248610.375,1200635.75,1290820.75,1243977.625,1396792.875,1307736.625,1669769.625,1630845.875,1862794.5,1640441.375,1447900.625,1416047.75,1523103.375,1594323.375,1362033.5,1354357.875,1757524.25,1696276.875,1361750.375,1355872.25,2362198.75,2372586.25,1602435.125,1771780.875,1942785.75,1888606.125,2249416.75,2075688.0,2398918.25,2407814.0,2422394.5,2626230.25,2648758.75,2413078.25,1910128.125,2426498.0
