time,ROI_001,ROI_002,ROI_003,ROI_004,ROI_005,ROI_006,ROI_007,ROI_008,ROI_009,ROI_010,ROI_011,ROI_012,ROI_013,ROI_014,ROI_015,ROI_016,ROI_017,ROI_018,ROI_019,ROI_020,ROI_021,ROI_022,ROI_023,ROI_024,ROI_025,ROI_026,ROI_027,ROI_028,ROI_029,ROI_030,ROI_031,ROI_032,ROI_033,ROI_034,ROI_035,ROI_036,ROI_037,ROI_038,ROI_039,ROI_040,ROI_041,ROI_042,ROI_043,ROI_044,ROI_045,ROI_046,ROI_047,ROI_048,ROI_049,ROI_050,ROI_051,ROI_052,ROI_053,ROI_054,ROI_055,ROI_056,ROI_057,ROI_058,ROI_059,ROI_060,ROI_061,ROI_062,ROI_063,ROI_064,ROI_065,ROI_066,ROI_067,ROI_068,ROI_069,ROI_070,ROI_071,ROI_072,ROI_073,ROI_074,ROI_075,ROI_076,ROI_077,ROI_078,ROI_079,ROI_080,ROI_081,ROI_082,ROI_083,ROI_084,ROI_085,ROI_086,ROI_087,ROI_088,ROI_089,ROI_090,ROI_091,ROI_092,ROI_093,ROI_094,ROI_095,ROI_096,ROI_097,ROI_098,ROI_099,ROI_100,ROI_101,ROI_102,ROI_103,ROI_104,ROI_105,ROI_106,ROI_107,ROI_108,ROI_109,ROI_110,ROI_111,ROI_112,ROI_113,ROI_114,ROI_115,ROI_116,ROI_117,ROI_118,ROI_119,ROI_120,ROI_121,ROI_122,ROI_123,ROI_124,ROI_125,ROI_126,ROI_127,ROI_128,ROI_129,ROI_130,ROI_131,ROI_132,ROI_133,ROI_134,ROI_135,ROI_136,ROI_137,ROI_138,ROI_139,ROI_140,ROI_141,ROI_142,ROI_143,ROI_144,ROI_145,ROI_146,ROI_147,ROI_148,ROI_149,ROI_150,ROI_151,ROI_152,ROI_153,ROI_154,ROI_155,ROI_156,ROI_157,ROI_158,ROI_159,ROI_160,ROI_161,ROI_162,ROI_163,ROI_164,ROI_165,ROI_166,ROI_167,ROI_168,ROI_169,ROI_170,ROI_171,ROI_172,ROI_173,ROI_174,ROI_175,ROI_176,ROI_177,ROI_178,ROI_179,ROI_180,ROI_181,ROI_182,ROI_183,ROI_184,ROI_185,ROI_186,ROI_187,ROI_188,ROI_189,ROI_190,ROI_191,ROI_192,ROI_193,ROI_194,ROI_195,ROI_196,ROI_197,ROI_198,ROI_199,ROI_200,ROI_201,ROI_202,ROI_203,ROI_204,ROI_205,ROI_206,ROI_207,ROI_208,ROI_209,ROI_210,ROI_211,ROI_212,ROI_213,ROI_214,ROI_215,ROI_216,ROI_217,ROI_218,ROI_219,ROI_220,ROI_221,ROI_222,ROI_223,ROI_224,ROI_225,ROI_226,ROI_227,ROI_228,ROI_229,ROI_230,ROI_231,ROI_232,ROI_233,ROI_234,ROI_235,ROI_236,ROI_237,ROI_238,ROI_239,ROI_240,ROI_241,ROI_242,ROI_243,ROI_244,ROI_245,ROI_246
1,2129703.5,1925644.625,1870408.875,1789661.75,1719839.875,1714982.875,1822407.75,1725180.75,2002508.5,2001958.125,2489222.25,2352389.75,2242647.75,2328347.25,2058216.75,1950714.125,1965865.5,1840896.375,2024188.375,1735157.375,1803015.75,1660364.75,2032817.875,1760901.5,2021555.875,1872332.75,1850344.625,1496881.125,1921317.375,1960371.125,1882435.625,1724150.125,1776094.5,1836133.625,1685197.375,1572045.625,1889183.5,1838339.875,1985375.125,1852473.625,2161822.25,2350984.25,1700989.25,1525182.0,1442221.0,1352754.875,1562052.625,1764985.125,1641608.5,1566778.75,1690660.375,1661001.5,1634478.0,1579081.0,1855167.625,1888116.75,1952303.25,2244378.75,1730488.75,2053107.375,1603637.625,1648875.875,1886970.75,2035594.625,2170497.5,2144953.25,1908622.25,1865663.625,1612052.375,1626061.875,1981159.5,2190732.75,1873839.625,2192648.5,1590775.125,1252328.5,2234738.75,1892228.0,1834123.75,2021930.375,1327060.75,1404553.125,1491722.875,1525726.625,1564350.5,1626230.75,1869370.25,1716457.125,1451251.375,1371209.25,1685168.75,1595073.0,1467721.375,1382122.875,1483344.625,1477975.0,1589526.75,1754890.875,1688703.0,1618000.0,1133550.0,1160581.75,1586852.25,1464706.75,1749876.5,2026949.375,1623259.875,1811946.875,1722701.5,1639536.875,1463450.125,1354994.625,1798699.75,1821866.25,1582007.5,1509300.0,1827842.375,1505803.75,2134994.5,2227618.5,2036422.625,2100877.0,2122423.75,2366351.0,1837149.75,1938128.375,1917375.625,2256526.75,1997560.625,2316935.0,1956548.125,1970294.25,2026022.0,2482701.0,1672684.375,1684119.625,2113403.75,2121518.5,2149986.75,2303340.5,1721866.5,1696743.5,1878613.875,1974215.75,1790531.375,2000569.375,2138057.0,2053242.625,2244562.25,2299066.0,2387083.0,2239290.75,2106876.75,2174359.75,1874368.375,1871133.25,1610241.5,1609989.0,2006780.375,1989509.75,1860419.75,1887091.875,1856441.25,2099970.5,2075968.25,1947968.875,2056835.375,2084036.625,2195153.75,2118390.0,1897461.625,1979559.875,1854210.125,1976746.75,2167818.75,2164625.75,2091147.25,2160048.25,2150076.75,2325293.5,1817479.5,1911262.625,2216865.75,2321835.0,2103338.25,2176970.75,2085831.0,2303663.5,1771042.25,1986668.375,2086825.125,2286544.5,1900915.75,2209892.5,1942023.25,2149909.5,2199857.75,2511660.5,1767929.0,1857537.5,1734684.0,1773780.0,1319659.125,1419041.25,1479400.25,1756020.625,1896202.625,1899535.0,1960798.0,2116429.25,1666276.625,1769355.0,1550007.5,1566804.25,1720014.75,1760140.75,1821996.75,1823970.75,2172167.25,2046851.625,1537182.0,1549119.75,1667704.0,1922525.125,1513723.0,1546763.5,2717160.25,2699308.75,1547812.25,1551937.125,2008842.625,2072349.75,1596677.25,1889900.375,1847258.0,1790851.625,2473353.0,2152817.0,2158242.25,2353555.5,2270877.0,2638592.75,2997747.25,3036646.0,1860296.125,2014394.5
2,2122557.25,1912706.375,1863719.25,1792058.625,1727627.0,1730290.25,1813068.0,1719258.875,1994626.25,1992045.5,2482505.5,2348614.75,2253147.25,2339727.0,2054151.875,1956121.0,1956669.5,1842177.625,2027153.0,1747580.875,1802298.375,1669603.875,2025080.625,1774682.875,2000861.5,1865084.125,1866555.75,1523965.0,1921260.5,1968101.625,1878547.875,1733315.5,1773886.125,1850475.875,1688288.0,1581120.0,1884359.5,1845942.25,1984066.125,1863095.375,2174986.25,2377494.0,1698425.25,1525611.25,1440486.625,1352352.0,1572425.0,1793766.75,1642806.625,1569675.5,1693971.25,1666599.625,1630681.875,1585860.5,1846681.75,1884577.875,1943407.5,2250276.0,1711426.125,2053276.625,1603154.0,1657547.0,1884348.625,2045883.625,2169423.5,2146213.0,1905050.375,1861952.875,1587780.875,1608849.125,1971274.25,2188514.0,1868161.875,2206265.75,1586672.625,1252975.25,2226913.75,1893932.625,1812198.875,2029041.625,1332586.375,1408032.75,1501697.125,1519205.25,1572888.25,1627690.375,1864620.25,1717683.875,1458846.375,1366847.625,1698207.5,1606989.125,1472431.75,1382230.625,1497795.25,1490653.125,1593340.5,1757087.5,1694805.75,1621093.375,1133044.5,1157116.625,1585545.0,1462109.625,1749726.25,2026847.0,1625696.75,1814651.375,1720841.75,1642949.125,1473089.875,1360561.5,1794310.875,1804996.0,1573395.25,1503582.625,1814548.25,1481170.625,2117226.5,2217403.0,2036188.25,2108525.75,2120583.5,2372012.0,1830936.125,1919999.125,1910124.125,2253874.25,1992945.625,2316639.75,1950239.125,1970977.375,2022510.125,2485613.25,1678326.625,1680418.875,2103992.25,2128176.0,2139587.25,2306707.0,1711158.625,1699789.625,1879591.75,1976859.875,1785939.0,2006418.5,2123831.0,2041358.875,2239434.75,2292568.75,2382856.75,2234391.75,2103679.0,2172919.75,1868897.5,1881553.625,1608131.625,1617081.75,1994090.25,1999035.75,1854418.375,1889309.25,1848679.0,2104035.5,2073717.75,1952329.5,2053182.25,2103335.75,2186408.75,2116736.5,1896748.375,1986324.875,1853010.75,1978433.625,2166451.75,2162887.75,2094960.5,2168937.0,2150142.0,2327320.0,1804398.125,1901773.375,2213108.75,2318911.25,2102266.25,2179143.5,2098162.25,2333125.75,1775102.5,1991659.5,2079148.75,2276171.5,1893597.75,2204207.5,1941475.5,2143888.5,2198471.0,2509131.75,1777431.0,1862184.375,1746915.75,1772222.25,1326008.375,1435623.875,1488916.75,1760895.625,1904171.0,1905722.875,1966534.0,2117918.0,1664296.75,1770731.625,1544508.0,1561682.0,1709915.125,1760183.125,1810966.625,1815397.75,2183094.75,2057355.0,1535554.0,1545173.5,1675903.0,1934006.625,1512045.75,1543475.0,2719023.25,2718948.25,1544806.0,1547920.625,2004178.375,2058088.625,1587414.0,1885041.25,1844803.75,1784517.125,2477338.75,2145178.25,2155395.75,2342644.25,2257973.0,2631482.5,3003169.75,3039590.0,1852606.125,1999332.5
3,2120491.75,1908992.0,1866701.25,1797394.375,1727471.25,1728641.875,1815561.375,1723500.75,1993627.0,1993603.875,2483720.0,2347971.25,2253903.75,2342571.75,2053825.875,1956631.75,1961501.5,1847690.625,2024409.0,1744923.5,1799026.125,1663056.25,2019406.875,1777118.375,2004296.75,1867860.0,1854376.875,1517698.375,1922622.75,1968824.0,1876394.25,1731499.125,1776854.0,1851619.875,1692640.0,1582516.875,1882156.125,1849669.0,1986663.0,1866513.0,2171441.75,2375435.5,1704115.75,1532410.125,1443751.375,1354206.0,1576819.625,1794870.875,1647167.625,1575098.125,1700111.625,1669958.25,1629090.0,1585610.375,1848157.875,1886186.375,1943082.625,2252478.25,1725061.5,2055653.75,1603580.25,1657346.25,1883502.625,2052265.0,2171267.0,2143294.5,1905243.375,1862868.625,1585381.0,1618880.375,1969241.5,2181346.0,1868061.125,2205889.75,1581704.0,1249130.75,2227416.75,1896037.5,1813415.75,2026857.625,1332653.25,1407690.0,1500173.5,1522765.125,1570514.375,1627278.125,1861011.25,1715202.5,1456165.0,1365977.875,1697454.75,1609671.375,1475770.125,1384748.875,1496719.75,1493123.375,1591076.125,1754779.125,1695422.75,1623792.5,1133705.0,1160340.0,1588138.625,1463770.625,1746631.0,2028273.5,1624320.125,1814732.375,1725920.5,1646823.125,1476000.0,1365162.25,1796580.125,1804990.375,1578787.25,1510996.375,1817136.25,1499764.5,2121720.25,2211389.75,2034859.75,2108081.75,2117450.0,2366436.0,1839352.375,1924140.5,1914712.125,2252678.25,1990877.875,2314402.5,1959409.625,1975450.0,2020270.375,2486449.25,1672603.25,1679323.375,2104174.25,2128893.75,2135661.0,2305529.25,1713309.75,1701427.0,1882486.0,1975373.25,1785772.25,2006458.0,2124758.25,2041035.75,2239068.5,2293253.75,2380418.5,2233785.25,2103676.25,2172153.5,1867310.125,1881649.0,1608082.875,1616917.25,1989353.25,1999146.625,1857285.625,1890207.75,1849188.875,2107477.25,2075631.5,1951395.875,2052446.25,2105568.5,2187021.5,2120023.0,1897091.375,1986894.125,1851506.5,1978271.375,2166353.0,2163000.0,2092985.875,2169499.25,2146208.25,2327955.75,1805042.0,1902443.25,2212339.25,2316163.5,2100734.5,2175765.75,2098552.75,2327454.5,1772780.25,1988792.875,2073760.75,2270293.25,1889153.375,2196905.0,1940088.375,2140376.25,2193566.75,2505740.75,1772352.625,1858884.875,1743180.75,1768299.875,1323092.625,1429832.25,1486675.625,1759062.0,1892691.375,1900131.75,1962155.5,2116031.25,1664738.875,1769361.75,1544645.125,1561987.75,1709640.125,1758302.25,1813598.375,1816330.0,2185313.25,2060299.25,1536006.375,1547344.875,1676349.875,1936548.25,1511489.25,1543098.125,2716153.75,2721081.5,1544328.5,1548316.125,2005647.0,2062470.5,1587653.625,1885230.125,1846508.625,1785826.375,2481150.25,2146350.75,2161036.0,2346511.75,2265041.25,2638854.0,3012241.25,3048018.25,1850572.5,2002999.375
4,2122195.75,1916768.625,1868171.5,1800647.875,1722964.375,1721130.25,1814562.0,1727267.75,1992559.5,1994899.625,2487156.75,2348825.0,2250566.75,2340763.75,2056666.25,1954854.125,1971923.625,1848951.25,2022563.625,1739772.25,1800235.5,1660206.875,2023593.75,1773198.5,2013827.625,1874011.5,1846403.75,1510138.375,1923171.625,1964448.5,1879044.125,1727966.125,1776499.875,1840576.125,1696025.375,1580498.375,1884697.125,1847345.875,1985524.375,1856409.5,2164787.5,2359223.25,1706085.125,1537435.5,1444855.0,1355654.75,1574160.25,1784616.5,1646110.625,1573286.5,1702373.0,1668888.25,1626942.5,1580885.75,1846399.5,1886825.125,1941324.625,2247393.75,1730832.125,2050621.375,1602628.625,1652509.25,1882135.25,2045746.125,2168348.0,2140826.75,1903040.75,1861427.375,1595879.625,1627548.5,1972328.375,2181796.5,1869298.0,2196870.0,1581825.625,1246415.0,2228071.25,1893999.625,1826584.875,2022225.625,1332033.625,1405037.625,1490614.25,1522923.875,1567806.5,1627838.0,1863391.5,1713584.375,1455307.5,1366515.75,1691598.875,1604273.375,1471824.25,1380714.625,1489855.625,1485532.25,1590876.75,1757522.25,1695870.5,1621990.5,1135152.875,1158982.75,1589730.25,1464884.375,1748428.375,2031573.25,1624050.75,1814211.625,1729485.75,1647530.0,1471894.625,1363725.875,1802429.25,1818887.875,1586286.125,1515627.0,1826046.25,1515030.375,2134544.75,2217191.0,2035143.375,2104197.0,2117846.25,2360104.5,1835246.125,1927937.0,1919384.625,2251125.0,1987079.625,2309119.5,1958191.5,1972074.875,2016932.625,2480409.75,1672170.5,1685041.625,2108878.5,2125176.75,2132043.5,2298601.5,1718538.875,1699675.5,1887420.875,1975291.75,1787161.125,2001632.25,2136538.75,2047832.25,2240026.75,2295408.25,2382257.25,2236153.0,2106645.25,2172890.5,1864385.0,1874839.25,1607269.625,1612979.5,1985278.375,1991332.125,1854708.0,1884997.0,1853731.125,2105097.75,2074612.75,1948656.0,2052412.25,2097118.375,2187385.0,2117921.75,1896144.875,1982855.625,1851181.625,1977587.75,2167784.75,2163816.75,2090001.5,2164957.75,2146684.5,2327117.75,1816579.375,1911738.625,2212880.0,2317822.25,2098516.75,2173764.5,2092369.75,2310617.25,1772027.5,1988300.0,2076214.25,2275504.25,1895460.875,2201060.5,1942578.875,2146443.0,2192781.0,2507849.0,1768816.75,1858556.75,1737316.25,1771230.0,1323599.875,1423177.5,1483265.0,1757464.375,1885428.75,1896837.625,1958055.125,2115952.5,1665607.75,1769380.75,1550711.875,1566844.375,1716287.5,1758800.25,1821120.875,1823197.625,2178249.0,2052642.125,1539279.375,1550854.5,1671984.875,1929641.125,1513459.25,1544864.0,2714138.25,2709096.25,1546357.25,1551718.875,2011514.125,2072827.0,1595178.25,1889125.75,1847322.75,1790740.625,2479237.25,2152236.5,2164324.0,2354892.25,2274418.25,2646402.0,3010057.0,3045054.25,1856050.125,2013584.375
5,2123893.25,1923090.125,1863572.25,1799299.0,1722908.75,1725824.25,1807439.0,1723907.75,1988355.5,1990167.5,2486790.5,2349918.5,2249572.75,2339157.5,2059909.5,1955438.375,1972030.75,1844228.125,2024914.875,1742556.625,1805978.5,1672444.125,2033864.75,1776146.75,2011372.0,1876442.0,1863534.5,1517398.5,1920106.375,1960676.125,1882366.875,1730313.875,1768342.75,1837441.625,1697298.75,1580898.625,1887163.0,1842198.5,1978833.5,1844497.0,2165745.5,2350018.5,1703061.875,1534037.125,1439917.125,1354522.375,1569521.875,1782722.625,1640313.625,1565489.5,1699944.75,1666693.5,1623280.0,1580140.625,1837261.5,1885614.75,1934281.875,2243342.25,1706385.0,2044648.5,1601924.125,1650696.0,1879739.375,2034024.625,2159645.25,2141987.75,1898763.875,1858583.375,1590087.125,1616781.5,1971084.25,2193419.25,1870109.75,2193397.25,1584474.5,1248938.25,2223044.25,1886869.125,1836750.375,2019614.375,1334668.75,1402355.25,1485682.25,1515282.5,1573596.125,1629470.125,1870763.75,1714574.375,1462426.5,1362772.75,1690703.625,1593052.875,1468073.0,1369567.5,1491613.25,1473330.375,1597011.75,1760350.0,1699069.25,1614248.0,1138694.625,1150742.875,1589004.375,1463512.5,1754315.0,2033646.375,1627802.125,1812300.625,1725377.875,1644868.5,1464743.125,1356369.25,1803848.375,1829388.5,1582470.875,1509719.625,1824767.0,1506211.75,2136943.75,2228430.25,2034265.625,2099811.5,2120389.75,2360067.0,1816728.75,1919472.875,1917256.125,2253480.5,1984917.625,2306515.5,1940613.5,1962006.5,2016405.25,2472974.75,1686717.25,1693467.875,2111163.75,2122508.5,2128529.75,2295834.5,1713963.125,1696409.0,1888750.25,1977198.5,1785344.25,1999799.5,2144941.25,2053901.625,2239443.75,2291676.25,2384598.25,2238893.75,2108284.5,2173002.25,1858669.375,1873565.625,1604923.5,1611706.5,1979597.375,1987833.625,1844485.0,1880423.75,1855581.0,2100942.75,2068189.75,1950332.25,2050948.5,2091926.25,2183419.75,2111697.0,1893120.875,1980691.375,1851215.25,1978450.375,2169425.5,2163709.75,2088205.75,2162183.0,2149734.75,2326077.75,1823805.375,1917494.375,2211592.5,2321808.5,2097832.0,2177900.75,2088102.625,2304047.75,1772831.875,1992482.375,2078375.375,2283731.75,1905814.375,2211825.25,1944917.125,2153967.5,2192105.75,2512743.75,1776954.25,1866302.5,1745259.5,1781674.125,1336265.625,1430898.875,1488866.75,1762602.375,1892944.75,1905407.375,1963185.5,2121504.75,1661271.75,1762985.25,1552876.375,1569009.25,1721063.0,1758156.25,1821693.125,1825241.0,2171701.25,2043964.0,1541306.875,1550633.5,1670207.625,1923011.875,1515395.625,1548136.0,2718905.25,2700873.75,1548230.75,1553585.0,2013291.75,2075118.125,1599927.0,1890221.25,1845821.375,1792339.375,2473098.0,2156037.5,2161101.25,2356263.0,2274169.5,2643993.5,2999545.75,3035117.25,1862754.375,2015401.0
6,2123214.5,1919160.25,1862371.5,1799112.875,1726556.875,1734350.5,1806306.625,1720770.125,1985835.75,1988052.5,2484001.0,2348653.25,2248434.25,2339163.0,2060938.125,1957200.375,1964248.5,1842817.875,2026448.75,1747418.0,1805913.625,1678473.5,2033459.75,1782013.75,2005734.875,1874912.875,1872488.875,1520322.0,1916919.875,1958285.75,1879150.875,1731612.75,1762091.875,1842056.75,1696239.0,1581913.125,1885928.875,1838376.25,1976960.25,1841604.25,2168536.5,2348857.5,1701318.875,1529187.25,1437298.375,1353758.375,1571919.5,1787507.75,1639782.125,1565120.75,1696190.375,1666882.375,1620684.0,1582502.75,1834397.375,1884585.375,1929309.375,2243428.5,1697117.875,2046087.75,1601860.875,1650094.375,1877651.0,2030231.75,2157997.75,2142943.0,1897749.625,1859505.0,1585168.625,1615859.375,1966563.625,2194226.25,1871750.75,2199155.0,1582970.625,1248169.25,2224619.0,1888875.625,1842067.0,2019776.625,1336277.875,1400058.25,1491499.0,1514296.0,1578141.25,1628047.25,1875400.25,1714813.625,1466426.625,1360666.0,1694005.375,1589487.25,1473537.875,1368343.125,1497257.625,1470637.75,1602340.125,1756479.125,1698853.0,1611080.0,1139353.0,1149464.75,1589321.5,1463243.375,1755021.125,2029665.125,1630480.0,1810259.375,1721818.125,1644158.5,1463973.75,1355460.75,1798866.5,1825316.5,1579223.5,1508806.875,1826400.375,1506884.125,2136246.5,2230592.75,2034880.0,2095672.625,2120198.25,2357605.0,1814823.125,1920412.0,1917326.125,2258779.0,1989082.5,2311095.0,1936882.5,1961025.875,2018787.0,2476359.5,1692264.125,1692575.875,2110299.0,2123362.5,2128889.75,2301453.5,1706873.875,1695438.75,1883797.875,1975460.25,1782632.875,2001637.0,2141853.0,2054867.375,2237310.75,2288543.25,2384339.0,2240903.25,2106735.5,2172442.75,1854459.0,1875362.875,1604004.75,1613249.625,1979705.75,1991777.75,1840997.0,1881117.75,1855112.625,2101222.75,2066055.125,1952875.25,2049483.125,2090519.375,2184277.75,2111635.0,1891518.625,1981392.25,1849886.875,1978864.375,2170460.75,2165769.5,2084912.75,2160612.5,2146168.5,2322736.75,1820592.0,1916832.875,2206755.75,2318951.25,2096785.125,2178035.5,2085780.875,2302053.0,1771032.25,1995583.0,2074085.875,2282379.0,1910661.75,2217033.75,1942273.25,2149545.5,2189032.25,2511582.75,1783519.875,1868105.0,1754870.75,1783717.125,1346471.5,1443166.25,1495125.75,1768061.875,1900903.75,1911306.375,1967881.5,2124718.25,1660833.5,1764357.375,1548958.875,1569625.125,1719431.375,1756101.875,1818709.375,1822080.875,2172125.0,2042729.375,1541013.75,1550772.0,1670182.0,1921187.375,1515815.125,1549668.0,2719409.0,2702426.25,1548693.625,1553838.125,2012363.75,2076835.25,1598395.25,1887108.625,1844742.625,1790353.25,2474439.75,2159555.0,2157957.25,2352828.75,2271785.75,2640413.0,2996599.5,3037577.75,1862072.375,2012613.5
7,2122453.75,1915694.5,1866699.25,1803165.25,1733187.375,1737007.5,1808036.0,1720457.75,1985665.125,1988675.5,2479894.5,2344883.5,2250411.0,2345409.0,2062883.875,1957763.0,1962297.0,1844095.625,2029637.375,1752158.75,1804210.375,1673151.5,2026145.0,1783157.25,2006081.5,1871587.25,1869177.5,1527361.75,1918587.875,1956065.875,1875209.75,1730371.5,1765136.75,1836156.875,1691929.0,1580684.5,1884993.0,1835893.625,1982653.25,1841140.625,2171936.5,2349417.5,1694724.625,1528140.5,1438962.75,1353958.625,1584056.625,1796699.0,1641240.375,1567822.375,1689605.625,1666132.0,1622463.75,1581752.375,1839575.625,1881491.75,1928850.75,2240024.0,1713156.25,2044152.875,1599835.0,1647749.75,1877642.75,2030130.25,2163600.25,2142121.5,1899098.875,1860243.375,1598291.0,1622334.875,1965582.375,2181192.25,1870828.0,2201538.25,1580136.875,1242945.75,2231299.0,1898553.375,1836205.625,2022284.125,1334294.75,1399385.0,1496986.75,1516342.875,1576835.875,1627585.125,1872063.5,1714107.5,1463598.75,1367878.625,1699949.375,1601545.625,1475720.25,1374056.25,1498356.125,1479903.25,1603942.75,1756259.75,1695048.5,1616119.5,1132942.75,1152530.125,1587759.875,1462263.0,1751676.875,2023828.625,1629170.0,1810710.875,1720402.75,1643580.125,1472623.75,1361720.875,1794710.5,1814939.375,1582512.875,1509746.5,1832179.625,1505282.625,2136546.0,2224096.5,2039727.375,2098154.5,2119805.25,2354891.75,1822716.5,1929130.25,1915997.0,2255699.5,1992731.25,2314318.75,1945937.125,1963292.5,2016338.625,2483309.25,1680826.25,1688490.875,2108542.75,2125209.25,2130505.75,2304413.0,1707365.25,1694970.5,1880247.25,1973348.875,1783185.25,2000572.875,2131762.25,2048729.125,2232855.25,2289608.25,2384769.25,2241067.75,2105665.25,2174030.0,1855373.875,1871158.625,1605467.625,1614632.875,1985189.75,1992955.625,1841867.625,1878116.875,1852807.0,2101387.75,2068917.75,1949405.375,2048163.25,2087661.125,2186877.0,2113114.5,1892279.75,1980153.25,1848457.5,1974596.625,2172093.75,2170561.25,2084209.0,2158762.0,2142677.25,2317539.25,1818643.875,1918864.375,2204120.0,2312384.75,2095452.5,2173613.0,2085378.375,2305966.0,1771927.375,1999397.625,2074493.0,2279830.0,1914614.5,2221837.5,1940886.25,2141617.25,2192979.25,2509790.5,1784147.875,1862123.25,1754409.125,1778085.875,1348842.75,1457053.5,1496545.0,1769890.375,1908150.875,1911064.375,1965357.125,2121917.75,1668141.75,1779948.125,1549064.0,1573221.375,1715028.125,1757863.25,1817291.25,1819933.875,2172098.75,2043236.375,1541278.25,1552379.5,1668053.75,1919925.5,1516527.875,1545796.875,2710574.0,2702388.25,1548782.375,1553944.875,2015601.375,2080364.5,1594769.25,1884627.625,1844109.375,1787541.875,2481468.75,2163195.25,2156172.75,2348753.75,2269371.0,2638712.75,2997912.0,3041125.5,1856557.5,2011853.75
8,2124596.25,1919193.25,1869517.25,1804703.125,1737605.375,1738378.0,1809330.75,1718933.125,1989264.375,1990482.375,2477460.0,2345669.5,2253934.25,2349682.75,2064554.125,1956672.375,1962227.625,1841926.875,2034128.625,1753222.375,1805874.125,1670747.0,2027221.875,1780529.75,2007858.75,1868550.625,1873633.625,1535171.5,1920461.25,1956982.625,1877509.75,1729264.0,1771359.875,1828893.625,1687790.75,1577028.125,1887850.625,1835589.625,1987409.5,1842416.875,2173802.25,2349727.25,1689742.5,1527035.375,1439482.0,1352908.75,1587611.125,1798358.625,1640499.125,1565920.5,1684867.75,1662913.125,1628363.5,1580960.625,1843418.5,1879036.75,1933116.625,2237478.5,1717385.75,2041670.875,1600055.75,1647915.375,1880678.5,2028543.0,2164690.25,2141557.5,1901206.375,1860076.375,1602640.0,1616624.5,1968777.125,2182440.75,1869409.25,2196945.5,1581081.375,1245898.25,2230938.5,1898510.25,1828664.875,2022618.625,1331412.0,1401260.75,1494692.625,1514461.625,1572712.75,1628597.0,1867201.75,1715926.25,1458915.25,1372412.625,1699685.75,1603186.25,1469911.875,1373338.25,1495296.875,1480646.125,1599321.75,1757471.75,1693556.5,1616588.875,1130155.625,1150652.25,1585743.25,1460377.625,1750895.75,2024822.875,1625632.375,1809499.5,1717165.875,1640440.875,1474704.125,1358429.25,1796740.375,1815161.75,1581578.75,1502299.0,1821863.75,1491031.625,2131874.25,2221876.25,2040678.375,2103558.5,2121205.0,2360430.5,1823737.75,1925039.75,1908538.5,2250489.5,1992795.75,2308606.0,1946192.0,1960405.125,2016860.875,2478496.75,1677176.0,1691064.625,2106574.0,2123899.0,2134476.75,2300415.25,1708217.75,1691641.875,1879215.625,1973403.5,1784496.25,1998685.125,2127761.75,2045158.0,2232446.0,2289681.75,2388338.25,2241647.5,2106210.25,2175330.75,1862677.0,1869143.375,1608644.0,1615212.75,1990520.875,1989563.625,1843028.75,1875616.25,1851292.25,2101642.0,2070842.75,1945828.5,2049372.875,2086854.5,2186483.0,2113748.5,1893641.0,1980083.0,1850662.25,1971931.625,2171216.75,2169193.25,2089219.25,2160763.5,2147771.25,2319182.25,1820971.875,1921367.125,2209623.25,2314285.75,2099039.75,2175920.75,2087726.25,2312565.75,1773774.125,1998577.875,2083558.25,2288115.75,1915046.375,2224970.75,1944065.5,2147467.5,2200584.5,2516549.0,1782720.25,1859877.5,1749448.625,1777615.5,1346807.5,1456126.0,1492763.75,1766882.0,1913305.125,1912858.0,1964988.875,2118888.0,1666998.5,1780726.125,1550233.25,1572865.0,1715318.75,1760062.125,1817365.125,1821164.375,2169641.5,2043556.0,1540723.625,1550345.625,1666612.0,1921220.25,1516651.25,1541911.375,2713191.75,2701403.25,1548815.0,1552873.25,2014423.375,2075876.75,1591729.5,1884338.125,1843631.375,1785712.75,2480144.25,2158690.0,2156233.5,2349044.25,2269383.0,2637891.0,3000201.0,3037351.25,1855104.125,2011217.0
9,2127178.25,1922125.5,1868118.5,1799049.375,1728393.375,1732531.75,1813557.375,1720444.25,1996223.375,1997827.0,2477878.5,2348006.75,2247230.25,2338595.75,2059039.25,1952841.5,1954962.5,1839412.75,2028246.25,1746329.75,1800424.875,1667197.625,2027590.875,1772012.625,2007848.375,1867784.375,1866883.125,1519036.625,1917933.375,1960886.625,1877968.125,1726065.875,1772598.75,1833208.875,1685783.875,1572746.375,1889905.0,1838741.75,1986568.375,1849063.375,2167669.5,2350629.75,1694322.5,1523329.0,1439829.375,1351367.375,1573208.625,1781589.5,1641271.625,1565471.875,1684975.625,1660794.375,1634049.75,1584233.875,1846598.75,1882030.75,1942517.25,2242846.5,1713996.625,2048504.5,1604292.375,1651359.875,1883396.0,2030007.25,2165261.25,2142421.5,1904991.125,1862505.625,1600407.0,1614767.25,1975201.0,2195587.5,1872155.625,2195474.5,1586228.0,1254994.0,2230725.5,1893048.625,1834060.375,2019938.5,1330008.5,1402878.625,1494145.125,1518294.875,1569226.5,1624004.625,1870009.75,1718536.25,1455918.125,1368251.25,1690520.5,1586607.75,1469999.5,1374861.875,1491293.125,1472902.75,1593082.25,1752437.625,1693169.375,1611678.125,1134374.0,1151540.625,1587684.375,1461458.75,1754461.0,2028828.625,1623536.875,1806695.125,1717671.75,1639800.5,1468001.75,1348896.5,1800011.375,1821774.375,1579073.25,1498525.875,1811255.75,1490602.625,2129703.25,2226465.5,2039338.5,2102328.5,2122651.5,2366142.75,1831282.375,1920479.5,1909005.125,2255902.75,1995129.25,2305340.5,1947209.875,1963233.125,2027264.75,2473269.75,1683783.125,1687916.625,2103936.25,2120702.0,2142419.25,2299097.25,1706110.25,1692160.25,1875856.125,1971317.5,1786553.5,2001938.25,2133389.75,2050651.5,2240390.5,2293446.75,2392960.75,2243453.25,2106234.0,2175049.0,1872458.625,1875719.5,1612669.125,1616608.375,1996512.75,1989582.75,1850532.75,1883132.125,1853545.875,2104455.0,2071690.0,1947450.375,2054103.25,2089802.125,2188025.5,2119151.25,1895071.625,1984040.625,1854373.625,1976764.0,2166451.75,2162328.25,2091942.25,2163189.5,2149529.5,2323417.75,1817410.5,1917026.5,2214394.25,2320195.25,2103498.5,2179499.5,2087499.5,2310740.25,1773238.125,1991215.625,2092262.25,2297725.25,1907623.75,2220713.5,1949486.875,2161295.75,2206525.25,2523904.0,1779821.75,1861085.5,1745750.125,1776951.375,1337423.25,1433418.875,1484309.125,1757711.625,1913593.625,1912143.75,1970324.625,2117210.75,1660774.875,1769770.125,1545687.5,1566884.75,1718674.5,1760106.75,1818592.875,1823228.0,2170469.25,2046183.0,1538132.875,1546010.75,1667611.875,1924126.25,1514552.125,1543553.625,2722510.0,2703918.0,1548552.75,1550435.625,2005211.0,2066350.375,1591041.875,1885284.375,1844918.25,1786383.0,2471868.5,2146228.25,2158404.5,2352125.5,2271349.0,2637679.0,3003831.25,3036371.5,1858005.5,2010003.125
10,2127725.75,1921301.25,1865349.5,1791488.375,1715016.125,1719452.875,1816136.375,1726393.375,1999924.5,2004405.5,2478350.0,2346003.25,2237669.0,2325234.5,2052852.5,1948681.375,1950472.0,1840012.5,2018508.75,1739879.625,1793211.375,1661388.625,2022185.5,1762118.375,2008773.75,1869988.875,1852801.625,1497913.625,1916877.375,1962888.75,1876042.125,1724248.0,1771501.75,1837629.875,1683779.875,1572499.375,1888160.0,1841343.125,1983810.75,1852113.0,2160460.0,2351277.75,1697662.875,1520523.125,1441383.125,1350916.75,1561723.75,1765855.25,1642201.875,1567261.875,1685033.5,1660703.375,1636677.375,1586837.75,1851303.25,1888054.0,1950029.75,2249795.75,1719190.625,2053487.75,1606593.75,1653328.0,1884647.75,2033325.0,2169415.25,2144488.75,1907776.125,1864767.375,1608536.875,1619793.0,1980474.0,2198464.75,1875594.25,2197038.75,1591483.25,1258063.125,2236165.5,1893737.25,1840602.5,2017043.5,1330327.625,1402044.25,1494658.375,1524382.625,1569655.0,1619637.625,1874808.625,1717564.625,1455602.0,1366665.875,1684592.875,1579864.875,1472271.5,1378646.25,1488113.125,1471232.0,1595386.125,1749007.375,1691410.125,1611361.5,1135482.375,1156671.375,1588843.5,1462562.875,1757063.75,2028149.25,1625076.375,1807410.0,1721810.0,1641318.0,1465305.75,1347314.25,1800310.375,1823465.875,1580070.875,1502021.0,1816630.0,1496720.875,2134702.0,2230626.0,2041152.875,2097884.5,2122262.5,2364612.25,1840456.0,1928753.5,1916844.5,2260582.25,1998725.375,2313177.0,1955091.875,1969470.875,2032873.25,2479637.5,1683022.125,1678598.875,2103994.25,2119370.25,2148829.0,2304337.75,1708394.5,1697916.5,1873922.25,1968745.25,1791173.75,2006439.5,2137753.0,2054144.75,2246496.0,2300917.75,2392536.25,2241731.5,2105179.25,2174408.75,1878365.375,1881198.5,1615161.625,1617636.375,2003492.5,1994272.0,1856754.0,1889090.625,1856111.125,2105401.75,2072998.625,1949640.625,2055324.5,2091243.25,2192195.75,2125476.5,1896523.25,1985876.25,1853622.25,1982312.375,2164069.0,2160596.75,2089990.25,2161336.5,2143937.25,2320901.5,1812697.125,1910858.875,2212922.0,2321806.75,2103590.0,2177513.25,2084204.125,2304068.5,1773543.125,1987744.625,2093561.5,2295259.5,1900867.25,2213908.75,1952124.5,2164132.75,2208992.25,2520517.25,1778136.625,1860353.75,1744764.125,1771384.625,1328560.75,1420715.625,1479666.875,1751422.0,1909806.375,1905109.5,1971120.5,2115706.25,1663879.625,1770369.75,1546100.375,1566582.375,1721279.0,1762234.875,1821339.875,1824419.0,2172987.75,2047874.875,1537464.5,1546680.375,1669430.0,1923532.625,1513271.5,1546217.375,2719726.0,2703706.25,1548813.75,1549600.75,2003535.625,2063850.875,1594264.25,1889685.375,1848103.875,1789518.75,2469845.5,2141603.25,2160117.75,2353480.25,2271428.5,2636715.25,3003794.5,3036605.5,1861798.75,2011234.5
11,2126974.25,1920188.125,1862854.75,1789258.625,1712700.875,1716522.375,1814381.625,1728655.625,1999330.625,2002545.625,2482039.25,2349022.25,2239562.0,2326683.75,2054141.75,1949649.0,1955119.625,1842421.375,2019773.125,1738738.625,1797601.5,1664089.75,2024924.875,1762773.875,2009751.0,1873044.5,1859508.875,1496554.25,1922524.875,1964010.0,1881360.125,1728065.375,1773962.375,1838379.625,1683693.625,1576439.0,1888487.0,1841142.125,1985721.0,1849503.125,2161264.25,2349704.5,1699496.375,1522634.875,1441317.0,1351501.75,1561554.5,1764607.875,1640705.125,1565602.125,1687606.75,1660838.75,1635772.875,1585367.75,1851935.125,1893145.0,1950387.375,2253570.75,1718034.625,2052055.25,1605781.25,1653175.875,1887714.125,2035150.5,2169152.75,2146492.0,1906883.75,1864271.125,1610514.625,1619604.375,1980234.5,2201027.5,1876392.375,2195603.5,1592459.5,1258373.125,2237796.0,1894203.625,1840934.875,2017561.0,1331376.25,1402216.875,1490352.625,1522922.25,1568080.25,1620807.25,1873116.75,1716331.75,1455039.625,1367033.75,1684387.875,1584767.75,1467576.875,1374926.5,1485363.125,1469693.125,1597733.0,1750531.0,1691672.375,1613219.125,1134631.625,1156234.625,1588424.625,1461514.625,1753406.5,2025251.375,1626254.5,1809741.0,1721829.75,1639964.875,1461150.25,1346683.875,1799488.0,1823626.5,1577551.625,1502696.375,1817709.25,1494092.625,2135618.5,2228235.25,2038947.125,2096743.75,2118763.5,2362926.0,1834555.125,1933728.25,1917969.5,2256266.5,2000032.375,2322148.75,1954410.75,1969143.25,2030115.25,2485300.0,1679290.25,1678849.375,2108166.75,2120417.0,2151924.25,2310439.0,1712113.25,1698379.125,1875141.375,1969461.75,1793703.125,2007333.0,2137149.25,2052885.375,2245463.0,2300769.25,2387039.25,2237590.25,2103199.25,2171352.5,1877591.875,1881292.0,1614456.625,1614778.75,2007229.0,1999606.75,1853952.25,1886521.5,1856568.375,2105474.25,2074474.0,1951797.375,2052170.875,2091857.625,2193890.75,2125900.5,1897633.125,1984819.875,1850810.375,1984102.5,2165241.25,2162459.5,2091182.125,2160725.75,2144989.5,2321283.25,1813805.875,1907124.625,2214102.25,2324049.0,2104094.75,2178562.5,2084105.375,2300513.0,1772478.375,1986728.875,2088429.25,2286468.5,1897484.875,2206843.5,1947648.75,2156095.5,2203144.75,2512672.5,1777143.125,1858738.625,1744586.25,1770094.0,1327700.75,1424877.0,1481331.0,1752630.25,1899766.875,1898322.875,1967927.375,2115383.5,1665797.0,1771496.0,1551969.125,1571315.0,1722300.875,1762814.75,1824073.375,1825572.5,2175118.75,2046758.5,1539484.75,1551491.25,1671143.625,1922583.0,1515090.75,1544602.375,2721061.75,2703626.5,1549316.625,1551726.375,2009068.75,2066078.125,1597815.5,1894871.125,1849382.625,1791619.75,2472076.5,2146297.75,2160076.5,2355067.75,2271576.25,2635580.5,3001312.0,3034968.75,1864822.5,2014117.5
12,2127670.75,1922492.375,1864038.125,1791581.25,1717178.5,1721880.875,1814719.625,1727700.0,1998473.25,1998886.875,2489320.0,2356483.0,2245536.75,2334627.5,2058927.625,1953514.25,1963814.75,1845075.5,2023578.0,1739165.375,1805446.5,1667953.0,2033158.875,1768805.875,2013477.375,1876035.625,1864803.25,1503004.5,1930295.0,1965741.0,1888572.75,1732031.625,1779165.625,1840522.75,1686405.25,1578034.5,1890965.75,1840423.875,1990628.25,1850259.0,2163874.0,2347008.75,1703657.875,1526490.25,1440294.25,1352286.875,1564513.75,1767461.375,1638030.25,1561686.375,1694350.125,1660574.625,1632427.5,1582062.125,1850417.375,1894125.25,1949034.25,2252961.75,1714147.25,2051226.75,1602170.0,1650581.25,1890500.625,2038392.25,2167777.75,2146338.5,1905898.375,1862961.0,1604936.125,1619859.25,1980549.0,2201713.25,1875339.875,2191268.0,1591735.375,1256850.0,2235093.25,1891528.875,1837554.0,2022010.375,1331747.625,1403578.625,1489331.0,1520371.375,1565067.75,1622342.5,1869252.875,1716200.75,1453778.875,1366570.75,1688152.375,1592902.125,1464181.125,1374427.75,1483547.875,1470614.375,1595011.75,1755721.375,1693125.375,1615605.125,1133947.75,1154242.0,1588708.875,1462231.625,1747104.0,2021772.25,1624174.375,1811421.25,1719669.25,1636102.875,1458237.75,1346611.125,1796803.125,1818124.375,1574608.375,1504167.625,1817662.625,1495355.375,2130590.75,2219503.0,2034802.0,2099850.75,2117841.0,2364360.0,1827975.875,1934505.25,1916793.0,2252149.5,1999622.75,2324500.0,1949909.0,1967612.0,2026384.25,2486354.5,1677681.625,1684673.5,2114288.25,2124094.75,2154019.0,2311721.0,1716919.0,1696837.75,1878715.75,1973186.5,1794273.625,2005483.875,2138516.0,2053597.0,2243479.75,2296652.75,2385675.25,2237671.0,2104110.0,2171148.5,1872170.75,1877262.125,1610939.0,1609469.5,2007965.875,1998575.0,1851984.625,1884230.5,1856108.0,2105657.25,2075100.75,1953623.0,2053229.875,2091604.625,2190445.5,2122328.0,1897517.5,1981753.25,1850234.375,1980449.25,2169543.0,2166250.0,2094442.75,2161412.75,2149350.0,2326618.25,1815794.125,1907401.125,2218044.25,2325636.5,2105329.0,2181441.0,2084979.0,2301167.0,1769209.375,1984229.875,2083688.25,2280413.25,1897597.375,2202671.0,1941738.875,2146174.0,2198837.5,2509103.75,1774332.25,1857457.5,1741591.125,1772992.125,1328675.25,1428854.375,1482789.75,1754982.125,1893227.25,1895778.875,1965041.125,2116524.0,1663324.375,1766806.0,1550400.0,1572239.75,1717841.125,1757306.625,1822035.125,1823473.25,2176207.75,2044330.5,1539468.0,1550779.75,1670893.875,1921848.625,1516333.5,1542490.125,2725189.25,2703312.25,1549176.5,1552710.25,2010518.25,2067638.125,1598917.0,1893138.375,1847749.625,1789600.75,2470312.25,2147573.0,2158130.75,2353427.0,2269381.25,2634276.0,2996494.75,3033906.75,1863744.875,2015509.375
13,2131848.75,1927603.625,1870630.5,1792540.125,1719843.75,1718227.25,1819511.625,1725363.375,1998504.125,1997051.25,2495089.25,2357359.75,2245832.25,2337334.5,2062572.25,1953628.25,1975689.125,1845377.875,2022604.375,1738842.0,1807230.875,1662754.5,2037168.25,1766468.375,2025021.5,1877900.0,1850497.75,1502477.0,1931058.125,1964008.0,1888736.125,1730784.375,1782083.375,1838018.0,1689124.0,1575384.5,1890689.25,1838105.25,1990207.75,1851433.25,2163439.5,2350848.0,1704476.0,1527792.125,1442900.25,1354238.75,1569108.625,1771116.125,1638931.125,1563965.375,1697902.0,1660575.625,1628631.125,1576902.75,1852434.125,1887812.5,1948954.375,2245106.25,1727859.125,2050672.25,1596910.0,1645334.5,1888970.25,2039988.375,2172135.25,2142975.5,1905953.625,1862195.75,1611945.75,1626120.5,1983324.875,2184235.5,1872993.875,2188948.75,1591635.625,1246931.875,2235245.75,1893641.625,1829089.25,2024926.125,1330098.875,1401691.375,1492757.5,1522502.5,1565434.25,1623370.375,1868402.625,1713798.125,1454346.5,1370432.875,1694318.5,1607856.125,1465707.125,1383992.125,1483689.0,1480650.75,1592058.125,1761287.375,1691869.875,1621969.5,1130967.375,1160512.0,1586926.25,1464290.0,1742651.875,2018315.5,1622542.25,1813846.625,1721880.25,1634786.625,1469437.375,1357792.5,1795301.5,1809683.25,1581330.125,1512366.5,1835349.75,1505984.375,2130218.5,2217196.75,2036528.0,2104197.25,2123239.25,2364044.5,1835918.625,1943242.625,1919603.0,2251911.5,1995955.75,2320090.75,1955211.0,1969158.5,2020361.0,2488313.5,1668345.375,1685654.875,2122530.75,2128180.5,2152300.5,2305447.5,1729052.0,1700728.625,1885364.5,1976983.5,1794939.625,2000441.5,2142418.25,2052572.125,2242598.5,2297006.0,2388518.25,2241072.75,2110819.25,2177456.75,1866189.75,1867583.0,1605791.125,1605014.125,2006644.0,1987513.25,1858093.0,1884814.5,1855975.625,2102192.0,2077890.25,1951557.125,2059604.5,2085524.0,2189486.75,2119803.0,1896430.75,1976124.75,1851991.75,1972899.5,2177187.75,2173502.75,2095221.625,2161883.75,2150477.0,2327833.25,1819506.5,1912653.0,2218349.0,2322288.25,2103370.75,2178276.5,2085769.875,2307504.25,1765352.625,1983014.125,2079728.5,2275650.25,1900895.75,2204463.25,1936563.125,2135465.25,2199110.5,2505803.75,1767150.75,1854259.5,1733281.625,1770771.5,1322714.375,1428495.25,1479487.25,1755845.25,1891875.75,1893039.625,1955388.0,2117700.5,1667967.25,1768410.75,1547738.375,1571020.625,1714611.0,1755260.5,1818752.375,1819855.625,2175477.75,2045542.875,1538112.875,1546726.375,1669851.875,1921877.25,1515391.125,1545807.125,2714922.75,2697880.5,1550211.375,1551653.125,2014903.875,2075657.0,1600247.125,1886659.625,1846911.125,1786548.875,2473992.25,2152992.75,2157861.75,2349752.0,2268243.0,2637694.0,2993338.5,3035905.0,1859873.5,2016491.125
14,2135248.5,1930096.625,1875928.5,1793048.625,1719524.375,1710226.0,1824637.0,1722314.125,2001177.125,1997214.0,2498808.75,2356072.75,2243242.75,2333886.0,2062876.5,1952023.25,1983632.875,1842615.5,2023620.75,1733924.75,1806716.625,1656486.125,2040346.625,1760766.375,2034902.875,1876637.0,1842392.5,1493950.25,1924864.5,1959827.875,1885492.375,1726581.75,1778996.625,1831609.625,1689801.875,1571691.375,1890024.875,1834887.125,1985811.125,1848609.25,2162360.0,2356957.25,1703798.25,1527927.375,1446878.5,1356075.125,1566591.125,1769062.875,1643315.375,1570481.625,1694858.5,1661300.5,1628734.125,1571673.875,1855596.5,1882721.5,1950548.625,2237824.5,1744788.75,2052966.75,1597781.875,1643722.125,1886528.75,2035711.375,2175171.0,2141319.25,1906724.75,1864048.625,1622114.125,1634215.375,1981937.875,2175668.5,1871349.125,2191066.0,1590226.625,1242132.125,2234824.5,1893692.625,1827595.375,2024028.125,1326845.75,1400492.0,1490956.125,1523684.25,1562611.375,1624657.5,1870107.5,1712906.75,1454222.125,1374267.625,1691313.625,1610222.0,1465146.125,1387428.25,1483147.25,1482138.875,1584235.875,1757690.25,1689969.0,1624402.625,1132241.25,1166688.5,1585153.25,1464252.125,1742666.5,2022792.875,1622856.5,1814442.875,1726095.75,1639657.5,1476679.0,1366582.5,1801562.5,1819471.75,1588896.875,1515735.0,1847694.75,1515288.75,2137288.75,2226461.0,2036302.125,2103846.5,2126526.0,2362981.0,1844427.25,1947180.625,1920203.125,2252902.5,1992879.5,2311892.0,1961061.5,1970238.875,2017948.125,2484530.75,1659282.0,1684323.0,2126350.5,2125883.75,2148497.25,2298108.25,1736707.375,1701244.0,1887316.25,1976890.375,1792196.25,1995511.125,2144721.0,2050752.875,2243070.5,2298094.5,2387422.0,2240377.25,2114984.5,2178950.5,1866226.0,1860770.0,1604296.0,1603532.5,2004646.375,1980050.625,1865514.75,1887374.125,1857119.375,2098060.25,2082615.75,1947398.75,2062816.0,2078116.625,2196814.75,2119572.75,1895979.875,1975169.25,1855303.625,1971326.75,2177767.25,2172976.5,2094605.875,2163054.75,2154377.5,2328480.25,1824966.875,1915021.5,2217870.75,2320833.0,2101288.75,2175107.0,2088670.875,2310832.25,1762302.875,1981387.5,2077607.0,2277782.75,1899907.5,2207313.0,1931898.125,2134299.75,2194438.75,2503637.0,1757612.625,1851314.25,1723868.5,1768161.25,1311239.625,1417687.75,1472934.625,1755889.5,1886000.625,1890593.75,1946207.5,2117011.75,1669371.75,1768251.0,1552804.125,1569173.625,1720694.625,1759550.125,1823536.625,1823361.125,2172906.5,2048973.125,1538845.625,1550264.875,1669176.875,1924550.25,1514237.375,1549237.0,2706617.0,2693457.0,1551324.5,1552521.125,2021067.875,2085002.5,1601813.5,1885305.375,1848086.375,1788167.5,2483380.5,2166286.5,2161109.75,2352775.75,2275428.5,2645118.75,2998047.75,3039200.25,1859827.125,2017732.5
15,2135165.5,1930718.75,1876085.625,1793898.625,1717587.875,1708831.75,1828909.0,1727042.625,2008798.125,2005707.5,2498781.25,2357016.25,2240332.75,2323904.0,2059541.0,1951550.375,1979695.0,1840646.5,2024628.75,1726742.75,1805942.125,1654700.875,2042109.625,1757561.5,2033073.125,1874937.0,1844931.875,1485024.75,1921011.5,1959482.0,1883741.5,1722325.125,1775642.0,1832299.25,1687317.75,1569300.625,1890573.125,1835435.0,1984913.5,1849946.5,2159361.25,2352327.25,1705124.0,1526940.5,1445964.125,1353822.25,1553368.75,1752578.625,1643260.125,1569216.0,1689203.625,1662495.75,1636006.125,1573637.75,1858819.75,1888630.375,1956445.375,2241482.75,1743791.875,2059593.5,1605262.5,1647416.5,1888257.375,2034392.0,2172587.0,2145358.5,1911665.125,1869449.0,1620783.625,1637860.0,1980130.25,2193691.25,1873150.0,2192009.5,1591705.5,1253171.5,2232022.75,1887462.0,1838857.125,2022677.0,1325473.125,1404778.625,1487340.125,1524436.25,1560136.25,1627326.75,1873761.375,1716661.375,1450874.875,1372273.75,1678043.0,1592241.875,1463164.0,1380696.0,1479946.125,1472270.0,1577543.25,1749482.625,1688620.625,1619217.0,1138159.375,1163943.75,1586728.875,1463764.25,1746902.5,2031452.375,1622550.125,1811529.875,1726890.75,1644198.75,1464636.625,1357744.875,1808839.875,1838557.75,1586068.375,1507961.0,1835566.75,1513963.625,2143458.5,2233744.25,2032098.625,2101478.0,2126439.5,2366373.0,1841169.625,1938189.0,1913954.125,2252096.5,1996279.125,2309700.5,1958394.75,1971863.25,2022734.125,2477482.75,1662319.75,1683390.125,2118985.75,2118968.25,2150995.5,2300662.0,1730473.375,1696367.625,1881466.125,1974958.125,1789263.0,1997654.5,2142823.5,2052314.75,2246868.75,2299598.75,2384017.5,2234975.25,2109993.0,2172331.0,1876572.25,1866557.25,1610778.25,1608080.375,2008778.625,1986343.625,1867396.75,1893057.125,1858995.75,2097903.0,2081382.875,1945989.875,2059136.875,2077867.25,2203147.0,2120453.0,1896855.875,1980160.25,1856511.75,1976662.125,2168795.25,2162769.5,2092249.625,2159897.25,2156788.75,2329663.75,1823405.875,1910108.5,2220070.75,2324907.75,2102909.75,2177020.75,2088108.625,2301701.5,1763428.375,1980224.625,2083663.625,2288612.5,1893507.0,2207393.0,1933871.0,2146965.25,2192806.0,2507017.5,1754051.375,1851528.125,1721468.125,1772503.375,1305364.375,1400923.25,1469579.375,1754592.5,1882037.375,1891060.875,1948757.5,2113085.25,1659954.875,1760798.125,1555310.75,1565640.125,1726338.75,1761163.75,1830676.75,1830679.0,2169618.25,2046984.625,1538604.5,1554888.25,1666868.25,1923524.125,1512916.25,1547239.0,2713048.0,2693068.0,1548348.625,1554000.125,2014917.375,2080171.625,1600977.375,1890438.125,1849479.125,1793959.25,2480911.0,2166087.0,2161819.5,2358324.25,2280181.25,2645399.0,3001980.25,3039373.25,1863458.375,2017682.5
16,2134274.0,1931663.25,1874966.0,1787172.625,1717723.375,1707434.0,1834889.75,1734667.625,2016406.75,2015467.875,2494214.0,2355575.75,2239300.25,2312426.75,2056129.125,1948629.875,1971128.375,1839871.75,2024299.625,1724856.75,1805240.75,1655811.125,2039475.5,1751068.75,2028828.125,1873876.0,1846901.5,1480955.125,1921161.625,1961894.875,1885119.25,1719386.0,1781013.75,1840978.125,1682812.875,1569438.875,1891342.625,1838871.75,1988572.0,1858610.5,2156310.0,2345978.25,1706827.5,1523673.625,1442657.625,1350147.125,1543979.625,1739773.5,1640523.375,1563013.625,1687481.25,1663358.25,1644916.875,1580550.0,1864428.5,1896617.25,1963593.625,2249793.5,1737765.0,2062429.125,1610769.625,1650708.75,1892435.875,2040621.0,2170227.25,2148752.5,1916283.125,1872904.875,1617386.5,1632081.125,1983832.25,2207000.75,1876810.0,2188818.0,1597970.25,1264485.625,2232546.5,1886551.0,1844982.5,2021808.875,1325528.625,1409934.75,1490455.875,1531868.5,1563159.875,1633288.5,1874589.25,1720572.875,1444745.375,1371000.5,1666306.75,1581279.25,1465733.75,1381231.375,1477158.625,1472395.875,1579151.625,1747769.0,1685286.875,1616436.875,1140340.375,1162755.375,1588533.0,1465105.25,1748524.25,2032915.125,1621210.75,1809612.5,1725031.5,1642352.375,1452069.75,1346235.5,1807736.875,1839525.375,1579688.375,1501887.375,1818799.625,1504012.0,2138531.5,2233971.0,2031079.75,2103734.5,2128927.75,2373975.25,1836034.125,1935906.125,1906494.5,2250757.25,2002074.25,2318350.5,1955139.625,1975639.375,2026353.875,2480639.75,1666086.375,1683809.875,2111735.5,2117170.5,2160243.5,2310350.25,1723913.25,1694815.625,1876302.625,1974110.875,1791122.25,2003995.625,2135611.25,2051091.5,2249458.0,2301429.5,2383089.0,2231991.0,2102969.75,2167863.5,1889277.0,1876105.75,1618139.0,1613352.125,2019826.625,1994339.25,1867581.0,1896603.0,1859545.25,2098195.5,2075952.5,1948045.375,2055589.0,2081646.125,2202758.25,2120988.0,1898595.375,1982296.75,1856079.75,1981019.125,2161782.25,2155893.5,2090728.375,2155749.25,2155245.0,2327614.5,1814302.125,1902485.75,2222874.5,2328902.25,2106935.0,2178847.5,2084885.125,2295021.5,1765237.125,1980878.0,2090244.875,2292767.5,1885577.125,2203691.5,1937324.875,2154544.25,2197330.0,2508199.25,1754357.375,1851924.125,1723777.375,1777017.125,1304225.125,1395182.0,1470152.5,1753087.375,1883405.0,1888908.25,1953053.75,2108836.25,1655693.0,1756761.0,1550500.375,1560628.375,1725779.5,1760948.125,1828368.625,1831221.375,2171219.25,2045145.875,1535146.375,1550532.5,1664820.75,1919683.875,1511150.0,1545884.0,2725240.75,2696810.0,1543434.75,1551976.375,2001463.625,2069192.125,1597360.25,1893905.75,1849209.125,1797264.25,2469987.5,2151143.5,2158200.0,2359448.0,2274589.75,2640241.75,3000447.75,3041445.5,1863213.125,2016297.875
17,2131024.25,1929361.875,1874491.875,1774679.875,1725265.125,1703745.625,1840244.375,1732032.75,2017173.0,2014568.375,2488668.5,2351409.25,2243094.25,2309979.5,2057442.75,1944691.125,1963976.875,1836109.75,2029714.25,1727029.375,1808583.125,1660439.75,2037546.875,1745098.375,2031451.75,1869395.875,1854097.5,1482545.25,1919686.75,1959925.0,1888488.375,1719412.25,1787210.0,1845172.75,1678069.625,1569091.875,1892546.0,1839900.625,1990560.625,1863799.375,2157555.75,2347178.5,1704770.625,1519610.75,1440724.25,1348811.125,1546896.75,1749277.125,1640328.625,1560741.75,1690123.875,1661528.75,1650497.25,1581852.875,1872264.875,1897077.0,1969931.75,2250840.5,1736794.875,2057240.25,1611859.0,1652675.25,1892683.125,2042315.0,2170503.0,2147628.5,1914847.25,1870538.375,1612488.0,1619723.125,1989101.5,2203566.5,1879261.0,2186927.75,1601129.875,1266713.5,2234450.25,1888694.75,1838652.5,2021777.875,1321596.75,1411811.125,1492387.25,1537977.375,1561649.5,1638099.5,1868882.625,1721360.875,1437946.875,1377715.5,1662687.5,1587062.125,1467873.875,1388398.25,1475999.0,1482432.75,1580882.875,1750528.375,1680440.5,1617988.125,1137160.0,1166961.5,1586445.25,1466092.25,1747190.125,2031260.125,1619142.125,1809941.25,1721459.125,1640546.25,1448680.0,1348619.0,1801403.0,1828608.125,1574457.125,1502046.0,1809543.625,1494966.75,2128341.75,2233623.25,2030733.5,2105857.25,2128220.5,2379873.25,1834738.375,1944709.125,1908262.875,2252607.75,2006798.625,2328621.25,1957114.0,1975711.125,2027836.75,2488422.25,1665344.75,1686623.5,2112932.25,2118039.25,2169897.5,2314942.5,1723808.625,1695011.0,1873540.625,1972233.875,1794373.875,2006758.875,2129568.5,2048930.125,2246860.75,2299400.25,2384574.25,2233317.0,2100410.25,2168548.0,1896473.125,1876853.125,1619782.75,1611981.0,2033416.125,1995061.0,1869850.625,1891891.75,1858780.0,2096154.375,2075944.25,1948520.25,2057786.625,2081357.0,2202675.5,2121206.75,1900589.125,1980702.875,1857831.625,1981935.5,2158543.25,2154638.5,2091460.625,2156730.0,2153759.0,2324568.75,1807971.875,1897274.125,2222745.25,2327858.5,2108380.25,2177089.25,2084263.5,2298971.25,1767381.375,1983122.875,2091865.0,2290318.25,1885305.625,2203254.0,1939690.5,2154232.25,2202553.5,2506371.0,1755339.875,1853885.5,1725610.75,1779917.375,1304216.75,1405258.375,1471604.875,1755522.5,1890400.75,1889807.625,1956400.5,2108872.75,1660463.75,1755010.0,1546660.0,1554157.875,1723869.0,1761299.5,1820236.25,1825741.625,2173947.75,2047828.375,1531194.625,1544442.625,1664417.125,1919719.625,1509432.0,1546935.0,2729435.25,2700611.75,1541445.25,1547776.125,1991161.625,2063866.375,1591975.75,1893043.375,1846442.125,1795087.375,2461345.5,2138920.75,2153372.25,2356528.25,2266103.75,2635047.75,2995157.75,3041431.5,1857401.875,2013175.625
18,2126097.0,1926042.375,1873165.0,1772610.375,1730595.125,1704294.125,1835831.375,1725603.0,2012875.75,2009058.875,2484482.25,2347539.25,2245131.75,2315303.0,2061345.625,1944800.125,1958824.875,1832024.75,2033148.0,1729770.125,1811017.0,1662608.75,2036820.0,1746570.375,2031559.625,1864800.625,1855755.125,1489733.625,1917100.125,1954773.375,1886451.375,1720684.75,1781938.25,1835785.25,1675878.125,1565662.625,1889855.125,1836584.25,1986000.0,1858360.375,2159790.75,2347351.0,1697354.875,1518611.125,1439547.5,1349006.875,1557823.25,1765520.875,1639013.5,1560781.75,1689338.625,1657127.375,1650698.625,1578183.875,1875634.25,1893682.25,1974483.875,2245939.75,1734512.375,2050067.75,1609827.125,1653043.625,1888092.875,2035529.5,2172584.25,2147315.0,1912957.0,1866906.125,1607105.5,1614477.625,1991182.25,2196857.75,1879315.625,2188748.75,1598412.0,1263140.25,2234274.75,1889146.75,1831579.375,2025043.0,1318612.125,1409889.625,1490601.125,1533196.875,1559166.875,1635477.625,1865115.5,1719145.25,1439435.75,1383205.0,1671554.75,1596811.625,1465455.875,1387817.5,1477094.375,1487925.25,1584863.5,1754615.0,1679082.5,1619056.5,1132134.5,1166876.875,1582070.375,1465364.375,1749815.75,2029560.125,1618000.625,1809955.5,1718170.625,1639827.25,1452288.875,1358479.375,1795342.125,1820453.75,1572048.125,1504337.0,1810899.25,1494746.375,2126596.0,2230052.0,2032347.875,2103997.75,2123832.25,2377983.0,1834378.125,1948620.625,1917395.875,2254076.5,2009119.25,2330889.5,1961755.375,1971995.375,2028366.125,2490032.0,1667842.5,1686045.125,2113744.5,2117242.75,2172666.25,2312928.75,1725296.0,1696107.625,1873102.125,1972022.25,1796126.75,2005281.875,2131869.0,2051917.25,2244725.5,2298171.25,2389623.5,2236430.0,2102107.25,2172223.75,1897539.125,1871520.125,1618322.0,1610218.375,2041578.25,1993809.75,1870687.25,1885536.25,1858244.625,2095923.25,2076748.75,1945139.625,2060008.0,2077939.25,2201357.75,2118830.0,1901601.25,1979249.0,1856874.125,1978293.5,2157617.75,2157230.75,2089831.625,2157009.0,2149172.25,2321496.25,1810737.375,1900000.5,2219607.25,2323605.0,2105245.75,2173784.5,2083672.375,2299020.75,1774701.75,1988925.625,2097207.5,2293312.5,1899042.875,2212416.0,1949398.75,2157496.0,2213407.25,2512381.5,1762756.0,1857226.25,1728549.25,1781063.5,1311526.5,1418740.25,1474644.25,1758943.5,1907656.125,1901086.0,1965736.5,2111391.75,1663547.375,1755776.0,1546823.5,1554151.625,1719214.75,1758544.625,1816267.875,1820764.75,2169614.75,2046360.0,1530308.125,1543126.375,1664116.375,1919752.0,1510417.5,1546619.625,2718299.75,2695807.25,1543373.875,1546784.75,1988015.125,2059798.5,1589661.5,1891899.625,1844149.375,1792196.5,2454859.0,2132583.0,2149301.0,2350178.75,2259753.75,2627611.5,2986229.75,3029644.0,1853434.0,2009546.625
19,2125090.75,1924909.375,1870670.75,1783403.375,1722020.625,1707946.25,1823566.625,1723510.625,2006403.625,2004344.5,2485885.5,2347945.25,2242194.25,2321492.75,2061214.875,1948433.75,1960973.25,1834691.125,2026300.125,1733819.875,1805575.5,1658914.625,2034383.75,1752080.5,2022706.75,1866300.0,1844615.875,1496211.375,1918451.0,1954743.0,1879214.75,1721313.25,1773990.0,1825544.5,1679141.75,1565075.125,1884181.125,1834009.125,1980240.25,1851919.375,2160188.5,2346539.75,1694474.75,1523582.0,1439951.375,1351009.875,1565944.5,1768038.875,1637516.125,1562415.875,1685401.625,1655942.5,1641681.75,1576969.0,1866635.25,1889503.5,1969128.375,2242622.75,1732946.5,2048597.125,1605195.125,1650366.75,1885652.875,2032887.375,2175712.0,2148651.5,1913713.125,1866930.75,1612646.375,1623933.125,1987487.125,2189175.0,1876392.875,2191142.5,1592839.375,1254947.5,2234560.25,1893265.75,1830310.625,2027292.625,1324361.125,1405860.875,1494021.625,1527155.875,1565211.375,1627089.125,1867905.75,1715787.5,1448783.75,1376223.125,1687024.375,1603609.25,1466783.0,1384195.125,1481914.25,1486927.75,1593787.375,1757681.125,1684320.25,1620620.375,1129791.125,1163197.125,1581884.5,1464680.0,1755472.5,2026462.25,1620585.5,1811422.375,1719458.25,1635752.25,1463353.125,1362507.125,1793493.25,1814037.25,1577178.5,1509252.875,1826709.375,1505360.125,2130584.75,2220339.0,2037836.5,2101916.0,2123228.0,2369541.0,1837996.875,1948020.875,1920440.375,2253116.75,2004378.625,2326406.5,1964102.625,1971709.875,2025442.25,2488767.0,1672150.75,1681894.0,2111756.25,2120912.75,2164183.5,2309824.75,1728171.625,1700864.375,1878971.0,1975969.5,1795117.875,2002419.5,2137939.25,2055117.5,2246032.0,2300868.25,2393890.25,2240794.75,2107111.75,2177262.75,1888637.875,1867865.375,1614131.75,1612034.875,2031611.125,1992419.625,1868439.375,1885304.75,1857742.375,2097840.5,2071859.0,1942918.0,2056452.5,2077517.25,2193616.75,2113089.0,1900547.375,1978198.625,1851392.625,1972569.875,2163204.0,2163460.75,2087308.0,2154551.75,2145961.25,2320781.75,1818462.875,1909092.625,2217198.5,2321096.25,2102416.0,2172763.75,2083041.5,2295092.25,1779278.0,1992046.75,2098896.5,2294265.0,1909383.5,2216884.5,1956044.75,2157025.75,2217812.75,2520117.0,1771029.0,1856755.25,1732720.875,1774302.125,1319305.75,1419089.875,1479020.75,1756516.375,1915571.0,1906975.625,1969723.5,2114131.75,1665105.875,1765814.75,1549206.125,1565384.875,1713628.25,1755577.0,1818046.0,1818149.75,2167254.25,2042911.0,1533923.0,1544551.0,1664635.375,1918070.0,1514166.75,1546747.375,2709733.75,2691696.5,1547165.0,1550974.375,1995737.0,2060353.625,1593104.25,1889282.125,1844219.75,1791101.875,2458699.75,2135572.75,2149234.5,2345852.5,2258836.0,2626020.25,2985253.0,3024203.0,1854297.625,2008997.5
20,2126647.75,1924280.0,1868485.25,1790958.75,1711948.875,1711367.125,1819086.0,1723423.625,2000742.25,2001625.875,2491429.0,2352396.5,2240834.75,2327278.5,2057989.75,1951050.5,1967940.625,1841936.875,2020209.5,1736068.875,1799722.0,1657257.75,2032937.125,1756373.75,2016813.0,1869998.125,1841743.0,1496625.875,1923072.125,1960107.0,1878256.75,1721847.125,1773645.375,1829229.25,1684382.125,1569358.375,1884496.875,1836691.875,1979407.375,1852347.375,2159841.75,2349170.0,1701683.75,1528416.25,1441564.875,1352832.75,1564184.625,1762199.625,1639082.5,1565607.875,1687105.375,1658957.625,1631444.625,1578879.25,1854146.625,1886622.375,1956010.375,2241512.0,1734661.0,2052750.5,1602393.625,1648271.25,1887775.125,2037849.125,2175800.25,2147685.5,1914318.125,1869411.75,1621137.75,1634513.125,1981800.0,2185570.25,1873899.25,2191275.5,1588002.875,1249254.5,2236299.75,1896278.25,1834414.375,2022677.125,1330390.5,1403217.625,1495164.75,1526388.375,1567537.125,1620962.0,1869338.75,1714328.5,1451829.25,1364548.75,1694152.0,1603826.375,1470982.125,1383118.5,1484671.125,1479006.75,1595047.625,1754494.25,1690618.125,1621131.5,1131915.75,1161332.25,1586259.375,1464434.625,1758523.0,2027592.75,1624482.125,1814658.375,1721418.75,1634491.5,1466604.25,1356995.75,1797514.0,1814320.125,1581948.5,1511534.875,1836328.75,1517073.25,2134797.25,2217142.5,2038977.875,2100910.5,2121092.75,2364198.25,1842173.875,1950671.5,1916597.5,2254514.5,1995967.875,2322053.25,1962221.25,1974225.375,2024059.875,2486987.75,1675314.875,1682328.75,2113185.5,2126401.0,2151410.25,2305957.75,1727721.0,1701977.125,1884273.875,1976858.75,1790983.0,1999883.25,2139505.75,2054666.5,2247145.0,2303164.75,2390708.5,2243049.75,2110697.75,2178435.25,1874728.875,1867694.875,1609730.25,1611647.125,2010524.75,1988817.5,1865123.0,1887153.875,1857626.375,2097586.5,2070247.375,1943687.375,2052365.875,2080488.0,2189680.0,2111770.0,1899223.375,1978163.0,1850717.5,1971433.75,2171085.5,2166594.75,2087536.75,2154290.25,2148548.5,2323601.75,1822869.375,1914600.875,2215532.75,2320370.75,2102386.25,2174515.0,2083897.0,2297324.75,1776535.625,1988005.125,2089852.75,2289055.25,1905882.625,2210667.25,1948744.375,2151459.5,2204587.0,2517143.75,1772081.875,1857436.375,1736562.5,1767932.875,1319570.625,1410697.0,1484676.5,1754322.25,1902186.625,1900946.125,1962900.0,2119072.5,1668083.375,1775526.125,1550742.375,1574089.125,1715509.125,1756724.25,1822179.125,1819710.25,2170994.75,2043788.75,1537776.75,1546471.75,1665136.25,1918423.25,1514067.0,1546906.5,2715831.5,2696507.75,1548664.625,1554234.625,2003857.125,2068402.875,1595819.75,1884823.75,1843481.75,1789196.875,2469345.0,2146715.5,2152032.0,2349250.25,2263963.25,2633792.75,2992974.5,3034490.0,1855687.25,2011115.25
21,2129023.25,1928432.625,1869155.25,1790118.375,1716181.5,1715451.875,1825870.0,1728253.0,2004648.375,2007969.625,2490699.75,2353586.75,2241382.5,2329205.75,2056876.0,1950242.375,1968400.875,1843802.0,2021636.875,1734472.625,1801350.625,1659684.25,2033858.375,1757353.5,2021470.5,1872311.25,1849491.25,1496954.125,1924499.125,1962488.0,1882523.5,1721872.0,1774256.875,1837862.375,1685433.875,1571030.5,1887647.0,1839713.125,1981254.75,1854308.875,2158587.0,2348796.75,1706245.5,1526838.25,1442852.625,1351571.25,1560382.5,1759228.125,1639321.875,1564289.75,1690753.0,1660238.875,1632377.375,1580693.75,1853112.375,1888795.625,1951455.625,2241254.25,1736396.75,2056417.25,1603998.625,1648324.375,1889345.25,2040179.375,2172567.0,2146331.5,1915283.75,1870951.75,1617643.625,1629242.25,1982842.875,2189647.0,1874597.375,2187679.0,1588966.5,1252035.625,2235783.75,1890077.125,1837737.75,2016951.625,1328472.5,1402981.625,1487685.125,1524148.25,1561167.375,1622552.0,1867411.5,1714307.875,1449169.875,1362954.125,1693424.375,1599672.75,1467060.0,1378950.5,1481939.375,1470344.75,1590724.5,1751222.0,1690117.5,1618475.125,1132845.875,1160207.125,1586674.125,1463230.375,1758108.5,2031276.625,1625250.875,1815809.75,1719060.0,1637781.875,1458283.0,1351204.25,1800066.125,1820790.375,1579097.125,1506972.875,1823473.625,1511619.75,2136275.75,2226583.25,2036410.875,2101353.0,2116247.75,2368694.75,1838738.25,1951568.625,1917112.875,2258952.25,1993627.375,2320761.5,1959651.625,1973780.0,2028115.25,2483701.75,1679305.125,1685778.0,2115485.75,2124335.75,2146776.25,2301400.75,1720874.25,1696799.0,1880121.25,1973640.5,1790072.375,1998424.75,2136236.0,2053905.125,2248177.75,2304996.75,2384930.5,2240594.5,2108179.25,2175597.0,1870731.125,1869557.75,1611545.75,1610297.5,2001931.625,1985178.125,1862324.75,1886966.25,1856607.0,2095025.5,2073436.625,1943884.125,2052680.625,2082662.125,2193795.0,2114631.0,1898249.625,1976743.375,1855204.25,1973069.125,2171020.25,2164383.5,2088054.875,2155701.25,2148841.5,2324639.75,1821561.875,1914576.75,2214633.0,2319559.25,2103854.75,2177040.25,2082806.125,2300170.75,1777621.25,1987862.25,2086737.5,2290587.75,1904582.625,2210253.0,1942172.625,2153738.25,2195215.75,2512335.5,1772503.75,1863085.5,1739261.5,1773009.875,1321657.625,1413443.0,1490498.25,1758223.875,1893985.125,1900855.375,1960652.5,2123850.75,1666802.125,1769510.75,1547943.5,1568409.875,1720378.25,1757287.0,1823463.0,1823661.625,2168915.0,2043114.875,1537192.125,1547124.875,1664580.375,1918687.625,1510215.0,1544860.5,2716554.0,2696204.75,1546585.375,1551595.5,2002664.875,2072094.75,1594388.375,1884282.75,1842503.875,1787739.5,2469296.25,2150940.75,2153346.0,2353757.75,2266796.25,2636698.25,2991616.0,3035292.25,1856104.875,2012630.125
22,2132798.5,1934754.875,1872985.375,1789461.5,1727629.125,1717270.625,1831439.375,1734801.375,2012420.125,2015654.125,2483896.25,2348704.25,2240964.0,2325940.75,2058629.75,1948777.25,1961522.625,1839158.875,2024903.625,1733419.125,1805755.25,1659435.75,2033967.0,1756213.0,2028973.25,1875597.5,1848245.25,1499238.375,1920347.625,1958229.5,1880661.125,1720586.375,1772422.0,1837962.0,1681219.5,1569568.125,1884830.5,1838782.625,1981729.625,1853754.125,2156703.75,2345212.75,1698796.25,1523815.0,1443417.875,1350811.5,1562347.75,1760542.75,1638172.0,1561346.0,1687662.125,1658849.25,1638329.875,1580080.5,1859477.0,1890882.5,1956744.875,2242254.25,1739139.625,2056079.875,1605055.5,1647940.375,1887884.5,2035505.5,2172713.0,2147431.0,1915066.5,1870024.625,1606156.75,1618192.375,1987914.75,2187494.5,1874646.75,2185419.5,1591241.25,1253453.25,2230569.25,1882814.125,1832309.125,2016700.5,1323742.625,1404393.5,1483194.375,1522018.875,1558967.625,1628562.75,1865364.75,1712962.375,1448169.25,1372050.875,1692139.125,1601479.625,1459517.875,1378496.5,1478848.125,1477235.25,1592229.0,1757004.625,1684621.5,1619135.375,1128614.125,1162190.0,1582477.625,1463173.125,1755190.375,2031292.125,1623158.75,1815694.25,1717754.625,1638888.25,1458536.75,1357217.5,1796174.375,1819204.75,1578513.875,1505276.875,1814621.375,1498066.25,2130933.75,2230044.75,2038057.875,2101755.5,2117271.75,2373826.25,1836737.875,1947650.0,1924799.125,2263129.75,1997572.625,2319899.25,1961242.75,1971032.625,2032201.0,2481410.75,1680511.25,1686480.375,2112803.0,2118168.5,2150423.5,2297128.5,1718313.75,1694916.25,1872522.5,1975364.125,1794100.625,1997754.625,2135154.75,2058050.125,2249027.25,2307174.0,2382606.5,2238785.25,2104022.0,2175828.5,1874996.625,1869919.875,1614028.375,1611585.375,2007769.0,1983184.0,1863186.75,1886378.125,1854139.375,2093545.625,2072513.125,1943014.0,2054388.125,2082798.5,2196821.0,2114716.25,1896787.125,1973571.0,1855746.375,1972904.25,2165080.25,2163235.25,2087037.125,2156700.75,2145100.5,2322803.0,1816601.375,1914519.25,2216765.75,2318089.75,2106056.25,2179059.75,2079896.75,2297830.0,1783332.0,1994115.25,2092284.75,2295163.75,1910091.125,2216406.5,1944847.5,2159204.5,2199446.5,2514304.0,1774956.125,1866023.25,1738897.125,1780532.5,1325801.5,1425938.75,1489602.125,1761838.5,1899784.875,1908705.375,1964220.0,2123944.75,1663929.875,1759886.125,1545124.5,1559029.0,1717419.875,1754750.5,1819550.375,1822258.5,2163638.5,2042422.875,1534495.125,1546945.375,1665301.125,1919111.0,1509935.75,1544695.0,2706219.75,2691544.75,1544850.25,1548362.375,2001834.375,2068420.375,1592730.25,1887949.25,1844550.75,1788834.625,2465261.0,2147581.75,2154607.5,2352824.25,2265761.0,2634586.5,2987354.0,3026890.0,1856548.5,2013199.75
23,2132016.75,1931049.625,1874309.0,1788887.875,1725689.875,1710718.625,1828198.375,1730908.75,2007787.5,2009648.0,2482044.25,2345130.25,2238574.25,2321884.75,2059130.0,1948657.5,1956371.375,1837496.125,2024267.875,1732063.375,1805395.0,1654464.5,2031573.75,1755674.5,2031429.75,1878303.625,1835286.375,1492980.25,1915863.125,1954658.875,1875604.5,1717850.0,1771559.5,1831882.0,1676927.25,1569347.125,1882236.25,1837663.875,1979922.5,1851761.25,2155295.0,2347177.75,1690560.75,1522761.75,1442605.375,1352546.25,1562483.625,1761748.125,1640824.75,1566072.5,1683939.125,1658121.625,1637549.75,1577586.25,1860747.25,1887164.875,1957145.625,2242035.75,1742699.125,2052502.875,1603498.375,1647382.875,1885271.875,2030390.5,2175931.25,2147707.25,1910553.5,1866563.625,1606782.5,1622349.875,1987769.875,2178291.25,1872969.875,2190658.0,1588885.125,1247654.0,2228362.25,1888194.625,1826066.0,2019627.0,1321311.75,1406150.25,1485668.75,1526981.625,1561266.625,1631625.125,1863062.0,1712599.625,1446582.125,1377188.25,1688015.875,1604861.125,1461058.375,1387550.5,1476721.75,1489122.125,1591866.875,1762839.625,1682840.375,1623479.375,1126885.125,1167126.875,1584119.875,1467175.375,1751230.75,2029228.625,1621623.375,1816103.625,1723215.375,1639517.375,1466861.625,1365799.125,1794598.25,1815238.625,1585161.625,1512606.0,1828437.0,1502464.375,2129490.75,2224547.25,2041137.875,2099994.75,2121367.25,2370351.75,1846214.125,1943849.75,1931685.75,2267432.0,2000610.5,2317110.0,1966158.125,1971911.625,2033433.25,2480994.75,1675693.5,1685069.0,2109371.0,2117337.75,2151608.0,2294135.0,1724201.25,1699549.75,1871026.875,1981337.375,1795212.375,1997591.875,2140261.25,2064063.0,2247607.75,2307178.25,2383801.75,2241328.75,2104631.25,2178992.75,1875090.0,1867719.375,1610904.875,1612275.5,2009880.375,1982774.75,1867248.375,1887295.625,1855273.875,2095611.625,2071474.0,1943378.75,2056729.375,2083041.625,2198219.75,2115106.0,1897958.5,1975389.0,1853331.5,1973693.125,2164633.25,2166129.75,2087989.5,2158634.75,2143363.25,2321749.75,1811455.875,1915020.75,2218082.0,2316440.25,2107070.5,2179415.25,2080185.625,2298508.25,1781159.625,1992462.625,2093593.75,2290658.0,1909312.125,2215735.25,1945979.625,2156254.75,2202263.5,2515777.5,1771666.125,1862887.625,1735099.75,1779822.875,1320448.875,1425712.0,1480342.5,1759627.5,1901053.375,1908843.125,1963659.375,2121595.75,1667244.25,1768602.875,1547631.25,1559365.75,1714143.0,1758122.5,1818355.75,1819530.0,2166146.75,2047112.625,1534126.375,1546738.75,1666500.125,1921995.5,1512850.375,1546768.375,2706100.0,2696932.5,1546731.75,1549783.25,2005747.625,2066203.0,1593439.75,1890592.75,1847384.625,1790021.125,2469666.5,2147977.5,2157411.75,2350694.25,2268429.0,2636983.5,2994658.0,3030808.5,1858120.0,2012962.5
24,2128860.25,1924845.25,1871431.875,1785931.25,1712371.75,1703899.25,1822849.375,1722024.625,1999710.125,1999519.625,2490016.75,2350545.75,2238112.5,2321502.75,2057588.0,1950471.25,1960248.0,1841547.0,2021458.375,1729693.25,1802353.75,1652585.0,2031438.25,1758065.875,2030512.875,1879405.0,1830863.375,1483794.5,1917183.25,1959223.25,1878845.75,1717425.375,1773088.75,1831932.0,1679738.375,1569796.625,1888595.25,1838259.125,1979928.0,1852156.25,2158113.5,2351655.0,1695037.875,1522308.75,1441664.625,1352991.5,1554941.625,1756899.5,1643899.75,1570016.0,1688113.25,1659704.375,1633236.875,1576782.625,1855493.875,1884935.875,1951595.5,2240405.0,1737392.125,2049908.5,1603189.25,1647041.125,1884733.0,2032880.0,2174309.25,2145792.75,1906043.5,1863856.0,1618008.875,1628662.375,1983012.375,2180397.25,1872004.75,2193716.25,1588323.0,1246216.125,2233179.25,1896107.875,1827090.625,2021229.125,1322021.25,1406893.875,1488521.75,1532395.125,1563297.5,1631366.0,1862800.625,1715444.75,1446382.25,1373951.625,1682278.125,1597966.625,1467774.25,1391464.0,1475287.875,1483851.875,1588506.0,1760704.5,1687228.625,1622436.5,1132365.0,1166350.5,1589876.375,1470019.625,1747522.5,2026710.25,1621929.875,1813715.0,1728516.25,1640431.5,1465356.625,1359643.625,1797538.75,1820772.5,1586826.875,1516664.375,1836020.0,1508102.0,2134952.5,2227608.75,2038102.0,2099075.5,2124392.25,2366722.75,1851184.5,1941010.75,1930836.25,2271887.75,2000125.25,2314172.75,1964601.875,1974631.875,2033323.875,2480691.5,1672839.375,1685581.375,2113035.0,2121024.5,2148855.0,2296047.0,1729424.875,1702744.5,1876595.5,1983776.75,1791859.75,1998118.875,2148009.0,2064189.25,2247989.5,2304932.0,2387559.0,2244100.25,2109270.0,2179604.0,1872373.75,1867332.25,1608704.875,1609995.125,2003477.375,1984078.25,1866543.625,1888901.75,1856881.875,2098644.0,2075396.75,1945342.5,2059879.25,2083022.875,2198848.75,2116284.0,1900044.0,1979507.375,1854052.25,1975686.5,2169991.5,2169446.75,2093593.75,2161813.0,2148097.0,2325289.75,1814205.5,1915548.25,2219179.5,2319597.5,2106919.25,2179784.25,2084784.25,2305097.75,1770290.875,1981738.375,2090206.375,2284192.5,1898267.5,2207010.75,1939533.625,2148047.5,2197520.75,2513053.25,1762901.625,1858042.625,1731049.25,1775588.875,1308855.125,1410138.75,1471449.0,1753373.0,1893037.0,1901266.375,1961860.0,2121835.25,1668469.5,1775758.625,1551464.125,1564451.125,1719992.25,1764513.125,1823041.875,1822974.5,2171840.5,2049974.625,1536019.25,1547605.375,1666827.5,1924146.0,1514906.5,1547200.875,2717794.5,2703463.75,1550263.75,1552860.25,2009154.125,2069696.125,1596948.875,1891748.75,1848909.75,1790919.125,2473723.5,2152472.25,2159614.75,2350672.5,2273044.75,2637165.5,2998728.5,3035762.0,1862075.125,2013318.75
25,2132425.25,1928426.875,1871206.375,1787425.875,1708034.25,1707195.625,1824012.375,1722814.625,2002387.0,1999880.0,2499663.5,2358606.75,2240979.25,2325469.25,2055936.75,1953028.625,1970897.5,1845368.5,2019248.75,1730756.375,1798906.375,1654124.0,2032458.75,1761921.5,2030563.625,1880405.375,1836108.25,1483603.75,1921954.125,1966320.125,1886273.0,1720515.0,1777443.125,1837954.75,1687888.0,1570966.375,1896739.5,1837970.0,1985103.375,1855876.375,2163661.0,2353000.0,1705512.0,1524919.875,1443241.125,1353400.875,1550765.0,1752208.375,1644514.0,1568915.875,1696441.625,1662953.125,1629692.0,1577363.375,1850723.25,1887567.5,1948248.0,2241365.0,1731162.5,2053894.125,1602238.75,1645648.375,1886381.125,2040116.625,2170885.5,2144415.75,1905937.0,1865421.625,1618543.375,1625840.625,1980067.25,2186659.5,1871004.875,2189335.5,1590226.625,1248675.0,2237225.5,1894268.0,1828407.125,2021251.5,1325357.25,1406060.375,1492831.375,1531972.125,1564691.5,1629101.75,1866661.375,1716595.875,1449553.625,1373310.0,1683691.0,1593266.875,1470836.25,1389039.375,1477853.875,1476700.75,1590432.875,1758938.375,1692524.75,1619483.875,1135644.25,1162885.125,1589585.0,1468826.75,1743141.375,2021855.875,1622499.375,1810226.0,1726393.125,1636526.875,1460451.375,1350688.5,1794986.25,1821553.75,1584634.125,1514592.5,1831348.625,1505489.75,2135594.25,2231530.25,2033909.5,2100332.75,2126874.75,2365796.25,1845345.0,1942147.25,1927463.75,2271181.0,1997565.25,2314116.5,1959658.75,1974704.75,2030446.0,2482710.5,1672098.5,1686198.125,2119310.75,2123577.75,2145729.5,2300940.5,1730773.25,1702051.75,1882555.75,1982099.0,1788404.875,1998817.5,2152665.0,2061027.5,2251336.75,2304524.5,2391599.25,2245149.75,2113481.0,2178911.25,1869647.0,1868630.625,1606777.625,1605079.375,1997154.375,1985705.625,1862361.75,1890522.5,1853269.625,2100186.75,2078982.0,1948211.25,2060765.875,2081877.875,2196431.75,2115748.25,1897235.375,1977915.125,1856570.0,1974773.125,2174399.0,2171391.25,2096921.25,2163816.25,2155290.25,2331582.75,1822863.375,1917354.875,2223851.25,2326320.75,2105297.75,2180151.0,2088669.0,2307352.5,1762604.25,1976352.0,2084742.25,2281190.25,1889740.5,2200024.0,1933127.875,2140520.25,2191632.75,2509243.75,1756717.125,1854392.875,1727486.625,1770349.875,1302281.125,1401296.375,1468593.0,1747808.375,1883304.75,1895241.0,1959786.625,2122448.25,1666442.125,1768807.625,1550581.875,1566531.0,1723597.0,1761538.0,1824299.5,1824994.75,2174432.0,2049412.0,1537818.0,1551403.25,1668619.625,1925248.25,1515867.5,1549383.625,2720287.25,2700761.25,1551653.0,1554134.875,2015208.375,2079109.125,1601459.625,1894473.25,1851154.875,1793072.875,2475036.75,2158051.75,2163453.5,2353582.5,2276572.25,2637770.0,2996137.0,3033965.0,1866114.0,2018544.875
26,2137255.75,1933030.0,1875097.25,1791921.625,1712180.625,1711808.5,1828576.75,1728414.25,2006810.5,2005291.75,2499371.75,2359642.5,2238148.5,2327886.0,2052934.875,1950408.5,1975768.125,1844449.5,2015537.125,1730659.75,1793506.625,1650107.0,2029561.0,1759694.75,2029241.875,1877102.5,1832192.0,1480602.125,1922539.5,1966668.875,1886313.125,1719217.5,1779773.375,1836851.5,1691123.125,1572167.0,1896040.0,1836986.5,1989510.375,1857342.5,2163563.75,2355728.75,1708790.125,1527178.75,1445079.625,1355722.875,1554952.125,1756226.625,1646080.375,1572877.625,1698000.25,1663695.375,1626393.25,1575603.625,1852005.5,1888442.375,1948575.875,2244551.5,1743941.625,2061342.625,1598921.25,1644410.5,1887162.0,2041003.375,2173740.5,2144828.75,1908543.0,1868803.0,1618693.25,1635052.375,1981430.0,2182929.0,1869937.75,2187886.75,1589629.5,1246451.625,2238510.25,1893703.5,1831011.0,2021564.375,1327340.75,1404153.5,1496893.75,1532213.125,1560165.75,1624922.0,1870468.0,1715100.875,1451603.5,1377054.875,1687347.375,1597454.625,1470966.125,1392417.125,1480789.0,1481600.75,1586809.625,1758546.25,1692905.0,1620615.625,1133326.25,1165606.625,1588101.375,1469832.375,1741203.375,2020032.0,1622477.5,1810966.375,1726193.375,1634904.625,1466671.625,1354267.25,1793233.625,1819277.75,1592344.75,1519342.375,1840691.75,1521001.5,2136210.75,2230343.0,2036063.125,2100339.25,2124315.25,2363333.0,1846373.25,1947421.5,1926401.75,2264153.75,1995124.875,2316523.75,1964150.125,1975479.375,2026690.375,2487085.75,1664619.25,1681757.375,2117499.75,2123217.25,2142272.0,2302014.0,1730373.0,1700844.75,1881585.375,1977975.875,1786339.875,1998185.125,2148869.0,2057362.5,2252392.5,2306466.25,2391750.75,2243594.75,2112702.25,2177476.0,1865300.375,1867713.375,1600949.5,1600130.375,1995696.75,1986927.875,1864795.625,1893028.0,1852307.375,2101272.0,2080090.75,1950858.5,2059295.5,2080320.5,2195471.75,2117002.25,1893595.25,1975062.125,1857050.125,1973829.25,2174163.75,2170423.5,2094275.375,2162974.75,2155102.25,2332257.75,1822634.5,1916032.125,2225337.0,2328563.5,2103238.5,2178606.25,2088665.625,2306335.25,1764158.625,1979218.0,2079348.5,2278012.75,1893121.625,2202193.25,1933114.0,2138424.5,2190953.75,2506682.75,1755498.25,1853137.875,1723687.375,1765219.5,1303921.875,1405463.0,1470854.5,1746886.875,1880749.25,1893171.5,1954270.5,2117447.0,1671017.875,1770802.25,1547733.125,1567378.375,1721076.25,1758843.375,1822256.875,1824317.875,2174322.5,2050433.875,1538554.75,1554412.875,1669993.75,1926333.875,1516489.875,1553031.875,2714062.25,2697174.0,1551206.375,1554186.625,2022249.25,2088231.625,1602927.125,1894975.875,1851477.125,1793907.75,2480384.25,2165200.5,2167049.75,2359614.75,2280583.25,2647331.5,3001403.25,3039163.75,1865457.25,2024116.25
27,2136114.0,1932235.25,1875204.75,1788449.125,1716232.375,1713097.875,1828585.25,1726453.0,2006989.875,2006986.25,2492431.0,2358441.75,2236154.5,2328959.5,2053518.5,1944963.25,1969387.875,1839202.5,2017727.75,1727915.125,1795338.5,1650293.875,2031928.875,1752703.25,2023351.25,1867962.25,1839376.0,1479408.75,1919493.875,1962049.375,1884283.0,1716086.25,1776560.125,1832982.125,1687364.5,1571175.5,1892414.625,1837950.375,1987225.625,1854504.625,2162203.5,2356610.5,1705268.0,1522810.875,1441743.0,1355017.375,1557417.75,1761526.75,1645549.125,1573297.75,1690599.5,1660167.5,1630859.375,1574562.25,1856094.25,1887991.5,1952413.375,2246229.5,1748448.25,2060522.875,1600373.0,1645001.125,1887885.875,2034139.375,2174507.5,2146802.5,1910682.625,1869682.75,1623622.75,1646768.75,1982618.625,2188561.5,1871022.625,2189249.0,1590713.125,1250370.0,2237947.25,1892995.375,1839823.75,2020433.375,1326027.125,1404024.125,1489990.5,1531906.875,1556136.625,1624615.625,1871633.75,1717807.75,1451408.5,1378363.0,1680008.0,1590673.625,1466814.375,1388366.125,1478726.125,1478748.375,1578503.875,1753806.375,1687837.0,1617270.375,1133389.0,1164828.5,1590376.875,1471117.75,1745549.25,2028546.75,1622451.25,1812701.375,1731208.125,1641922.5,1467765.75,1356099.75,1801963.5,1833799.5,1596248.0,1521798.125,1849273.375,1535072.125,2142324.75,2237230.25,2037573.75,2097659.0,2120037.5,2364105.5,1844092.375,1940775.25,1918780.125,2255365.0,1994751.375,2315960.0,1962686.875,1973268.0,2027148.0,2483190.75,1662884.25,1679961.375,2109626.0,2116717.0,2143517.5,2298382.5,1724581.875,1693787.375,1876058.625,1970706.25,1785554.125,1996246.25,2137761.75,2051296.875,2250040.75,2303077.75,2383506.0,2235001.25,2105451.25,2170488.75,1869085.75,1867964.375,1602070.375,1601572.25,2000107.625,1987300.625,1866242.625,1892408.25,1857566.75,2101642.75,2079968.5,1951833.125,2059028.25,2079726.75,2197365.0,2119753.0,1895012.125,1977612.875,1856258.5,1979315.5,2165747.5,2161522.75,2093150.125,2161746.25,2153303.75,2329723.5,1814008.625,1907711.25,2222021.5,2328528.5,2105110.75,2178458.5,2087658.625,2310535.25,1769307.625,1982987.375,2079261.5,2279341.0,1900172.75,2209228.25,1935842.125,2146014.5,2192283.25,2505387.75,1760812.125,1857299.875,1727023.5,1771955.875,1315284.75,1412112.875,1476529.125,1753162.625,1886662.5,1897062.875,1952028.875,2109499.25,1674241.5,1774532.0,1551952.375,1571914.125,1724390.0,1764147.625,1825072.625,1829698.375,2171886.75,2049373.875,1538076.125,1553322.0,1667985.875,1925162.375,1516208.25,1551280.625,2718713.75,2697888.5,1550188.5,1554026.125,2020975.375,2087401.75,1600402.125,1889711.625,1846328.625,1792511.25,2484817.5,2170745.5,2162461.75,2363235.75,2279503.75,2652316.25,3005813.5,3045310.0,1861542.375,2021446.625
28,2133768.5,1929663.5,1870343.75,1782863.5,1725605.875,1718628.625,1822388.75,1717920.375,2004427.25,2000328.5,2489743.5,2358057.0,2247566.0,2335331.25,2062391.0,1945849.5,1961304.5,1836348.875,2030820.875,1733773.25,1807164.5,1663976.875,2041963.375,1752717.0,2015433.125,1860766.25,1868444.625,1500490.625,1918242.125,1957611.0,1888041.5,1722361.375,1774501.375,1837176.75,1686381.875,1572345.0,1893953.625,1841057.75,1983488.375,1850523.0,2167771.0,2351655.25,1699157.25,1521757.5,1436956.5,1351909.125,1559574.875,1765341.0,1641105.75,1564932.5,1686681.75,1659626.375,1641303.75,1577803.25,1855120.875,1886301.0,1953729.25,2243083.0,1719749.375,2048723.75,1605881.25,1647044.625,1888779.625,2028225.75,2164485.0,2146262.25,1906631.25,1864428.25,1615560.625,1635353.5,1981499.0,2205347.25,1875428.75,2192361.0,1596671.25,1260548.625,2237159.5,1888863.0,1844378.125,2022041.625,1324839.25,1407182.125,1478452.75,1526029.125,1563663.125,1629367.125,1873894.625,1723452.5,1452714.375,1374498.625,1669581.75,1579659.75,1458712.25,1372465.375,1478191.0,1468993.0,1582982.75,1752619.0,1681340.5,1611398.375,1134127.75,1154889.125,1589234.625,1467275.25,1749653.125,2035838.25,1622094.25,1811743.875,1728318.25,1643988.875,1453858.0,1349012.25,1806109.5,1843745.875,1582936.125,1509313.375,1838442.75,1519631.25,2143626.0,2241895.0,2034828.5,2096798.625,2121624.25,2366482.75,1825914.25,1917844.5,1903017.25,2245934.5,1994796.875,2307673.0,1944778.5,1962362.375,2027254.875,2469713.0,1674851.375,1686030.375,2105346.25,2108415.5,2148710.25,2294118.0,1714754.875,1682601.125,1873314.125,1965012.375,1785988.0,1995617.0,2129146.75,2046852.75,2244428.5,2292733.0,2375278.5,2227037.25,2099121.75,2164018.0,1879563.375,1870752.5,1611963.75,1608663.625,2005265.25,1985062.25,1855391.0,1884621.375,1861910.75,2103024.0,2079046.625,1951035.0,2061747.125,2083917.625,2196793.0,2120991.25,1899073.5,1982197.25,1855512.375,1986636.125,2158325.5,2153709.75,2094116.75,2163547.25,2158437.5,2330770.0,1811146.5,1901481.375,2221115.5,2329042.75,2106118.0,2179479.0,2088462.75,2314618.25,1769537.125,1987078.125,2084461.125,2286148.5,1904590.625,2215000.0,1938556.25,2154727.0,2194195.0,2505890.5,1771266.875,1863593.125,1737341.5,1785055.5,1331490.875,1421657.25,1479758.375,1761135.75,1894525.25,1902981.5,1955476.25,2105957.25,1671818.25,1772424.0,1560126.375,1578109.5,1729089.5,1766098.375,1827383.0,1834085.375,2170440.25,2044435.0,1537315.75,1550373.875,1666240.5,1922145.75,1514052.5,1545122.0,2729712.0,2701549.75,1548107.125,1553511.75,2014388.125,2078891.0,1597972.0,1887845.25,1842413.125,1791633.875,2482149.5,2167626.0,2155330.75,2359752.25,2270670.5,2644639.0,3000780.0,3043093.5,1861262.75,2015549.125
29,2132787.75,1924820.25,1870030.625,1787971.625,1738185.375,1724414.0,1815751.75,1710693.125,1996374.25,1986774.25,2490465.0,2354188.0,2258192.0,2341314.25,2070238.875,1951155.875,1962143.125,1839362.125,2040435.25,1745024.0,1814628.5,1673168.625,2045103.25,1759495.25,2011867.5,1860687.625,1877385.5,1522745.125,1921021.625,1955741.125,1890741.625,1732079.375,1779456.5,1840557.5,1691299.125,1577725.625,1892357.125,1843258.625,1985062.375,1849150.125,2172621.5,2352362.75,1693881.375,1531128.625,1438944.375,1351971.125,1567689.5,1774420.75,1639166.625,1562356.25,1690339.625,1664925.0,1642823.125,1579449.0,1851216.75,1880226.0,1948111.125,2235662.5,1701769.875,2037473.25,1605495.25,1648927.0,1887780.875,2029737.5,2157248.0,2141010.25,1897310.25,1854778.125,1605146.0,1618126.625,1982191.25,2201066.0,1878916.75,2197705.0,1600391.0,1257050.25,2238738.5,1893281.75,1834763.375,2028956.0,1324419.625,1410047.25,1478293.25,1521891.75,1571167.125,1632131.5,1874467.875,1722348.0,1454735.125,1369078.625,1672428.125,1589651.25,1455580.875,1368998.625,1482058.125,1473736.75,1593101.875,1759327.75,1677929.0,1615682.0,1130185.5,1150768.125,1584077.375,1463061.125,1746919.375,2029677.375,1620847.375,1811090.75,1719067.25,1637148.0,1450661.75,1348882.625,1798549.25,1826820.0,1573265.625,1498296.5,1824311.375,1498072.0,2136077.5,2232476.0,2033833.875,2100600.5,2123100.0,2366134.0,1821112.875,1904614.5,1897596.375,2241755.75,1994439.875,2299584.25,1938581.0,1953658.625,2022761.375,2466536.25,1678956.625,1690236.75,2109877.75,2113627.75,2150628.5,2294222.75,1713868.75,1682711.875,1876090.125,1968530.75,1788538.375,1996556.0,2130573.25,2047584.75,2237417.75,2286450.25,2382150.5,2232657.25,2102668.75,2169170.25,1878633.125,1868496.75,1613903.25,1611129.5,2005781.875,1981894.5,1846168.375,1874826.5,1860316.875,2103454.75,2078635.25,1948874.25,2061646.75,2089541.75,2191711.75,2119438.75,1900603.375,1980949.25,1852568.75,1984733.0,2165731.25,2162487.0,2093586.375,2165195.25,2158868.25,2329621.5,1816838.375,1907010.625,2221041.25,2324164.5,2101653.75,2177637.5,2090300.375,2314256.75,1765267.5,1991493.625,2088100.375,2288060.25,1906447.75,2217007.25,1940710.25,2152160.25,2201904.75,2510781.0,1774582.75,1862836.875,1740140.75,1784839.75,1337114.875,1436024.25,1476904.75,1762572.75,1902430.375,1903535.75,1959122.5,2109685.5,1672162.625,1775395.625,1558926.5,1575450.375,1725395.25,1762499.0,1823010.0,1827528.5,2171497.75,2041454.625,1537733.0,1547467.75,1668132.875,1920161.125,1512835.375,1540127.625,2727608.0,2704678.25,1546786.25,1552853.125,2011484.375,2073794.375,1598413.5,1893378.25,1846103.375,1791706.25,2476475.0,2157911.0,2155801.25,2353028.0,2264022.25,2636173.5,2996536.5,3038985.0,1864021.125,2015021.5
30,2129563.0,1919489.875,1872695.125,1796023.75,1734797.25,1720934.125,1814656.625,1713292.625,1989754.875,1982340.75,2489887.5,2350094.75,2252689.25,2337737.25,2067403.75,1954189.25,1970064.0,1842263.25,2035136.875,1745270.375,1809835.75,1667952.625,2037477.375,1766454.125,2015034.0,1865218.5,1858484.125,1518163.375,1925541.875,1958881.75,1886452.75,1734443.25,1782631.125,1834866.0,1692041.75,1578678.0,1886138.25,1840712.875,1988182.75,1850432.0,2167874.5,2358965.0,1695636.25,1536760.375,1443876.0,1354080.25,1573015.75,1782174.625,1641471.125,1567145.5,1692769.5,1666368.75,1635575.875,1577313.125,1851216.75,1877826.125,1943457.5,2233399.5,1719186.875,2038861.25,1599919.875,1650227.625,1886258.125,2035038.125,2163847.75,2138193.75,1895680.875,1852419.75,1606287.875,1619757.25,1981290.75,2180599.0,1875339.125,2198829.5,1591029.375,1242996.0,2237517.0,1899270.75,1824066.25,2029553.375,1325597.5,1407897.25,1488016.0,1522444.625,1567322.25,1629075.875,1868365.5,1716035.625,1452923.375,1367721.375,1685550.75,1605037.625,1462288.625,1379426.875,1484081.875,1483922.375,1594302.75,1761273.0,1684186.125,1623649.625,1128574.0,1157078.25,1583028.375,1462298.5,1744467.875,2021751.875,1620462.875,1811957.625,1717330.75,1637344.0,1465824.25,1359136.125,1795228.375,1812711.125,1580062.0,1502690.875,1821882.25,1494189.375,2132440.25,2224237.0,2036600.0,2104132.5,2120313.75,2366512.5,1838871.25,1918884.0,1910997.0,2248968.25,1995562.25,2304428.0,1952589.5,1958762.875,2020464.25,2480355.25,1669696.625,1686838.875,2117840.25,2127348.25,2147511.75,2298870.5,1721360.625,1692739.375,1881317.375,1975479.625,1790526.875,1997233.0,2138287.75,2051329.125,2234887.0,2289888.25,2394464.0,2241531.5,2109936.75,2177109.25,1869664.125,1863863.375,1605411.0,1608933.125,2004355.0,1983162.0,1851103.25,1872898.875,1854565.625,2100064.75,2079575.75,1947322.375,2056621.25,2088879.25,2188018.0,2117028.5,1897902.125,1977283.125,1850329.5,1977204.75,2175414.25,2174257.75,2092498.5,2161639.5,2149752.25,2323297.75,1821123.875,1915414.75,2215271.5,2315375.25,2098811.5,2174299.0,2089471.75,2308424.25,1765162.25,1991893.875,2087561.0,2285523.0,1904646.875,2215391.25,1942046.875,2145623.25,2209531.75,2515741.5,1769153.25,1856223.625,1735443.75,1774516.0,1328683.125,1442533.375,1475415.75,1759704.875,1908271.625,1901696.75,1963476.5,2115804.0,1672143.375,1776809.0,1551133.875,1567581.375,1720058.875,1759645.875,1820292.5,1820825.875,2172683.25,2044234.125,1538735.25,1549088.75,1670617.125,1921020.25,1513887.75,1542394.625,2715061.5,2702561.75,1547837.25,1553532.25,2012386.125,2074478.375,1598958.625,1894846.0,1851758.625,1792534.25,2475549.75,2153982.0,2160270.75,2350509.75,2267810.5,2636816.0,2998404.75,3036941.75,1863503.25,2016752.0
31,2127830.75,1920125.875,1871045.75,1798065.125,1717492.875,1715264.0,1817524.375,1726236.75,1994232.375,1994697.875,2491289.75,2351455.0,2241745.75,2330087.5,2059301.25,1954814.875,1973302.0,1842097.25,2023303.5,1737937.875,1799616.875,1660447.0,2030915.125,1771385.0,2018798.125,1871543.5,1847259.75,1500782.625,1925297.875,1963643.625,1880303.375,1729936.375,1777865.625,1831357.25,1687746.375,1574290.875,1888189.25,1836060.375,1989006.5,1852399.75,2159972.25,2357951.25,1704382.25,1531996.25,1444983.875,1355624.25,1569102.5,1778607.875,1644148.25,1570374.375,1693423.75,1662831.5,1630541.375,1578012.375,1853536.75,1884666.125,1945163.0,2242029.25,1737107.375,2052693.125,1598131.75,1651673.25,1885784.25,2035972.625,2172331.25,2141347.5,1904218.5,1860701.5,1612168.125,1631889.875,1975856.375,2179660.0,1869690.875,2198276.5,1578338.125,1241677.0,2234366.25,1897643.5,1830649.125,2024029.0,1330737.75,1403452.875,1498185.25,1524949.25,1563282.0,1625857.875,1865603.875,1715507.25,1451690.875,1369015.625,1689866.25,1597251.875,1473537.125,1386571.375,1486870.75,1482929.0,1587962.25,1753317.625,1695668.125,1622454.875,1134390.125,1163115.375,1588352.125,1463709.0,1747635.125,2022691.75,1621676.875,1811752.75,1722433.125,1644873.125,1475669.125,1364143.875,1799254.0,1820332.125,1588149.25,1513143.625,1827898.625,1503681.625,2136736.5,2223574.75,2041232.25,2104491.0,2122392.75,2367964.0,1848462.125,1937435.875,1921508.5,2255698.75,1996919.875,2315986.5,1961057.125,1971893.625,2022065.25,2488285.75,1664489.75,1679818.75,2116794.75,2127384.25,2142073.25,2302227.25,1722274.5,1697233.375,1882404.25,1975571.375,1788294.625,1998832.625,2141545.0,2052845.75,2238393.75,2295490.75,2392696.25,2238819.75,2109477.75,2174977.75,1868714.75,1868734.625,1601653.0,1610310.375,2002669.375,1990002.25,1860529.25,1882669.125,1852695.625,2099833.0,2080596.625,1948804.5,2056103.25,2085308.125,2191304.25,2118215.0,1895241.875,1980457.0,1853988.25,1975880.75,2169836.25,2167444.75,2092093.125,2159528.75,2146562.5,2321142.25,1816626.375,1911770.0,2209371.25,2315086.5,2101411.5,2173600.0,2086988.75,2299846.0,1768202.125,1987833.75,2086579.25,2286968.5,1900078.5,2212396.75,1943552.5,2147943.25,2206486.25,2514489.5,1765032.0,1850268.25,1733544.25,1769081.25,1319027.25,1427819.5,1477862.875,1755519.875,1905854.875,1898337.5,1966002.5,2114248.5,1664961.75,1771991.625,1548399.25,1564301.5,1718047.0,1758992.75,1822407.625,1823405.625,2175351.75,2050008.625,1539245.75,1554593.75,1670829.0,1923908.25,1514676.875,1550469.5,2712575.75,2701113.25,1549777.375,1555415.875,2010012.875,2072549.625,1596589.375,1888953.25,1850368.75,1792628.75,2477903.25,2153353.75,2161068.25,2353358.5,2275035.5,2642408.0,3003725.0,3040336.75,1859565.625,2014848.25
32,2132298.25,1924735.875,1871349.0,1800262.375,1715194.875,1719644.25,1819231.375,1734851.25,2000961.375,2004750.25,2494631.0,2355250.75,2240741.75,2329025.25,2058235.125,1954986.375,1971689.0,1842295.25,2020206.875,1738428.5,1797471.5,1660115.125,2032490.0,1770067.875,2019977.125,1878337.25,1852907.375,1495116.5,1921962.625,1963696.0,1879458.125,1724066.5,1779102.375,1839883.25,1689692.875,1573803.5,1894435.625,1836963.75,1991977.25,1857628.25,2159135.5,2350227.0,1711100.5,1526606.125,1444206.75,1354855.5,1562631.25,1767600.125,1644253.25,1568621.625,1695055.375,1663159.25,1630555.875,1581891.25,1853601.625,1891757.0,1949042.625,2250792.5,1733408.125,2060933.125,1601626.625,1651523.375,1887432.75,2036832.375,2171475.75,2143900.75,1909907.625,1867037.25,1613296.875,1630967.75,1973908.625,2194174.0,1870613.125,2197400.25,1584163.875,1253738.25,2235015.5,1894569.0,1841262.125,2022160.0,1336169.875,1404016.75,1502348.125,1527772.875,1571144.625,1629092.25,1872538.5,1719450.5,1454213.0,1369489.25,1681239.625,1580794.875,1479585.0,1385418.125,1495031.875,1479119.375,1586692.25,1748323.0,1697836.25,1616471.5,1139875.875,1162618.25,1591241.875,1464301.375,1748125.75,2025859.125,1623024.0,1810158.625,1723414.0,1645145.5,1470395.25,1356659.375,1799988.125,1824124.5,1584447.875,1512485.0,1823577.75,1506370.0,2136281.5,2220644.0,2042817.25,2103089.25,2131477.0,2367312.5,1837112.75,1934303.625,1913881.125,2251343.5,1996911.0,2318415.25,1955008.875,1975671.625,2020426.0,2480608.25,1667717.375,1678685.875,2110417.0,2118019.0,2141368.25,2304592.25,1719505.125,1695680.375,1881845.625,1974502.0,1787143.625,2001650.5,2138125.75,2049568.125,2241974.0,2294837.0,2382804.25,2233639.75,2106039.25,2171064.75,1871934.375,1877398.125,1606705.625,1612241.625,1999604.875,1995300.125,1862138.75,1891444.5,1855468.375,2103333.75,2078369.875,1951109.5,2058363.625,2084408.375,2195158.5,2120769.5,1895174.75,1983822.25,1856017.375,1977566.0,2161911.25,2155723.75,2092254.375,2163224.5,2150229.25,2325208.25,1812227.125,1903010.25,2211334.75,2323326.5,2104119.75,2176213.25,2087133.0,2297915.5,1766428.0,1984301.125,2083107.25,2285634.25,1894142.75,2204733.75,1941671.25,2150430.75,2195033.75,2508934.5,1763357.875,1847345.625,1735065.25,1771861.375,1318385.375,1408799.0,1479341.25,1753469.875,1894006.375,1891507.125,1960692.0,2108474.75,1655620.375,1763852.875,1549310.5,1561910.75,1717039.0,1759294.75,1822515.125,1825270.375,2179297.25,2053798.625,1540064.875,1552859.0,1671090.875,1926469.625,1516140.0,1551782.5,2722965.0,2705231.25,1550640.75,1555292.625,2006183.625,2068236.375,1594903.875,1887038.25,1845579.375,1790206.0,2476862.25,2149279.5,2159345.25,2355564.25,2276233.0,2642890.5,3007882.25,3047137.75,1858621.625,2012224.625
33,2134948.0,1925146.0,1874997.625,1801818.25,1726510.75,1726057.25,1820426.75,1731600.0,1999181.25,2001459.5,2493960.75,2354719.75,2245080.5,2331188.25,2062165.625,1954746.75,1975095.125,1844132.75,2024945.0,1742563.5,1803012.625,1663452.75,2034912.875,1765513.625,2021828.875,1881662.75,1856296.875,1500346.625,1923228.375,1961731.875,1882817.25,1722856.25,1788862.75,1847362.125,1696322.75,1576742.0,1893180.125,1840816.625,1996697.0,1860534.75,2161566.25,2345970.75,1710429.75,1525284.625,1444151.875,1351998.875,1560854.875,1759263.875,1642134.0,1565976.875,1696100.75,1665466.0,1631893.375,1583424.125,1851160.875,1892508.625,1949106.25,2250628.25,1723018.375,2055749.75,1604875.75,1649297.25,1890410.25,2041799.625,2167331.0,2143073.5,1909457.0,1867087.0,1610643.0,1621306.75,1976126.375,2197142.5,1873966.875,2193674.75,1596300.5,1258662.0,2236333.5,1892777.25,1837617.375,2021250.375,1337931.25,1406025.0,1501406.875,1527436.375,1580584.125,1631750.75,1876390.75,1719270.75,1454170.25,1369050.75,1679454.125,1583530.75,1478933.75,1380667.5,1500514.25,1480348.125,1595553.625,1751747.0,1693679.0,1615140.5,1139253.0,1158528.125,1586734.25,1462380.0,1744231.375,2025664.75,1624396.375,1809823.875,1719199.25,1637711.5,1461809.5,1348725.5,1796844.75,1815451.0,1576233.875,1502495.875,1815839.75,1498366.25,2132914.25,2216509.25,2039576.625,2100704.75,2134281.0,2363267.0,1823688.375,1925555.125,1905460.75,2247278.25,1995613.75,2314046.5,1948817.125,1968104.625,2016167.875,2477165.5,1671843.625,1685280.5,2111304.0,2118612.25,2145046.25,2309394.0,1722387.125,1695824.125,1885689.625,1976607.25,1790271.625,2004420.375,2134678.25,2047362.25,2241400.5,2291978.0,2379437.25,2235743.0,2107122.25,2173228.25,1870271.875,1877425.5,1611707.125,1610763.625,1997098.75,1994734.375,1856754.75,1888871.375,1856965.0,2102836.5,2073536.0,1949891.5,2054046.75,2083905.875,2193409.0,2120341.5,1895326.0,1981266.875,1851465.125,1975082.5,2166144.0,2158579.75,2089094.875,2162174.75,2147891.25,2324613.25,1815506.5,1904245.875,2212078.0,2323938.5,2102127.75,2176284.5,2086297.875,2297953.5,1763779.625,1984394.75,2077992.5,2278718.75,1890447.75,2195890.5,1935878.75,2144214.5,2187861.0,2503776.0,1763971.875,1850548.75,1738108.125,1775066.5,1323302.875,1410782.125,1481797.75,1758833.75,1881509.5,1887137.375,1953554.875,2111633.75,1654752.0,1762115.75,1548963.875,1562587.875,1716619.0,1759390.75,1820435.5,1822402.5,2180498.5,2054169.5,1541422.0,1546063.0,1671605.25,1926537.125,1518298.125,1547944.625,2725443.0,2705692.0,1549541.125,1553301.0,2008571.875,2068273.75,1596675.75,1890453.75,1846393.375,1788110.75,2473525.0,2148938.75,2159324.75,2353939.25,2273861.0,2639223.75,3005287.75,3045577.0,1861804.0,2012359.75
34,2129626.75,1921267.625,1872427.875,1792365.25,1724209.625,1720191.5,1824819.375,1725302.875,2000391.875,2002599.875,2489724.0,2351495.5,2243226.75,2324247.75,2058501.25,1952808.0,1974715.625,1843688.25,2025792.5,1736341.375,1802744.375,1661235.25,2032814.0,1762882.375,2023171.0,1877546.5,1851954.125,1498429.625,1925092.0,1962809.875,1885807.625,1724494.75,1788660.625,1841762.875,1694519.625,1575026.0,1891808.375,1838883.25,1995162.5,1851537.25,2160456.25,2349715.25,1707091.75,1524670.5,1444235.875,1351952.5,1561082.75,1759302.375,1641794.0,1567383.75,1694809.25,1664057.375,1634628.625,1582161.5,1851690.625,1891885.375,1949660.25,2250035.25,1724574.0,2058134.5,1607224.875,1647893.25,1890912.5,2039495.375,2168089.5,2143889.25,1912381.0,1869395.75,1611264.375,1617671.5,1976429.0,2196792.0,1874280.75,2189512.25,1593171.75,1257310.375,2234723.75,1891632.25,1833817.375,2020049.5,1333777.5,1403367.625,1499860.0,1528648.5,1571371.875,1626163.0,1870951.375,1717485.875,1449903.625,1366859.375,1684666.0,1591577.375,1476261.875,1379792.625,1492533.25,1476344.625,1595097.625,1750908.25,1691681.625,1615410.5,1138118.0,1158002.25,1584029.625,1461381.125,1747106.0,2027139.875,1625750.375,1810280.25,1719309.375,1635514.0,1457936.75,1346489.125,1798059.625,1818425.5,1574536.0,1501250.625,1821070.75,1492958.375,2132328.25,2221866.75,2033579.875,2099358.25,2125670.0,2360941.0,1828773.875,1933937.75,1912620.5,2256057.75,1994869.75,2316896.0,1952064.5,1967449.25,2021357.25,2484743.5,1675004.625,1688504.375,2114859.0,2124222.5,2149510.75,2313339.5,1721933.125,1695374.875,1884838.375,1973172.375,1791316.75,2007822.75,2133092.0,2049645.625,2243373.0,2296582.75,2383148.75,2239329.0,2107215.0,2173397.0,1873361.0,1876300.5,1615755.125,1611725.875,2002813.625,1995793.0,1857443.75,1887937.75,1857314.75,2098990.5,2072128.625,1946332.375,2051907.75,2081349.5,2194137.25,2118949.25,1896988.625,1981082.25,1851477.875,1973271.25,2168722.0,2163737.25,2086881.25,2157317.0,2146102.5,2320246.25,1816806.0,1908355.25,2208552.75,2318183.75,2100523.75,2174675.25,2084045.5,2296359.5,1768102.125,1985545.125,2082245.0,2283666.25,1892066.75,2198928.25,1936749.125,2145576.0,2194018.5,2507332.0,1768849.875,1859685.0,1739473.875,1772861.25,1323067.375,1418032.125,1485086.25,1762358.375,1880596.5,1890244.875,1957071.75,2120396.0,1659372.375,1764153.875,1547102.5,1566194.375,1718329.0,1759723.5,1820654.75,1823535.375,2178522.5,2051939.75,1540130.75,1546900.625,1669448.75,1924370.75,1517276.25,1548793.125,2720296.75,2701107.25,1547102.625,1551402.875,2007703.0,2066214.125,1595341.75,1889450.625,1848146.125,1788570.25,2469586.5,2147846.25,2158464.25,2353108.5,2271423.75,2636137.25,2998298.5,3037606.0,1861013.5,2011765.375
35,2122250.75,1917937.0,1863567.5,1775424.5,1711235.5,1706730.5,1827394.75,1721908.0,2011432.75,2013521.25,2483570.0,2349161.75,2239023.0,2313976.75,2050306.75,1949369.0,1959528.5,1838716.5,2023616.25,1725957.625,1800024.5,1658609.75,2028891.625,1758471.875,2020201.375,1869381.125,1854130.625,1491432.75,1921317.0,1963073.125,1885687.625,1725075.25,1776439.25,1834526.0,1681207.25,1568249.875,1892814.625,1834567.75,1985887.625,1842514.75,2158219.25,2350693.75,1701613.25,1520802.75,1442526.875,1352934.625,1557511.625,1760518.625,1642613.25,1566736.0,1688123.25,1659417.125,1641830.5,1581874.25,1857939.875,1894345.5,1958114.75,2254621.25,1726664.125,2067150.0,1611201.75,1649757.875,1888778.75,2030572.625,2171107.75,2147984.25,1919154.0,1873841.875,1605338.125,1611986.375,1978366.0,2207698.25,1876130.5,2188106.0,1587877.375,1263303.375,2231128.5,1889490.5,1838081.875,2021524.625,1324437.75,1401636.875,1494857.625,1530046.0,1553504.75,1619538.25,1867319.125,1718362.625,1444649.75,1366097.125,1683030.0,1587348.625,1469027.5,1379092.625,1478883.375,1465908.875,1584614.625,1744566.375,1687240.375,1611951.5,1138232.625,1159285.0,1585065.75,1461006.875,1756835.625,2031663.25,1625684.375,1809373.25,1722699.75,1640932.5,1454527.75,1343807.625,1803051.0,1829164.25,1573800.375,1505517.0,1818975.75,1491204.5,2129473.5,2231721.0,2027058.875,2099902.75,2117831.25,2365202.0,1841654.375,1947371.75,1924248.125,2267511.25,1999029.75,2327162.75,1957093.0,1974134.0,2035385.25,2489578.25,1680130.75,1685079.625,2113123.5,2123144.5,2158908.75,2315169.0,1713613.375,1693177.375,1874461.375,1966205.875,1790648.875,2010322.25,2133853.25,2053379.625,2250546.75,2305095.75,2389596.75,2241399.25,2103590.0,2170121.75,1887539.625,1881490.375,1621951.125,1617137.875,2018027.625,2001707.125,1864016.375,1894168.75,1857837.875,2098409.25,2074279.5,1945886.0,2056885.625,2080217.875,2201596.5,2120935.0,1901137.75,1984477.5,1857416.625,1975504.5,2161750.75,2160354.5,2090691.625,2157923.5,2150618.5,2322107.25,1815707.875,1907722.25,2213069.5,2320091.75,2104288.5,2178478.5,2084089.0,2296474.5,1777633.875,1988114.375,2094737.75,2300078.75,1899842.5,2211013.25,1949663.0,2161377.25,2208964.75,2520986.25,1775443.125,1866497.5,1737934.875,1769759.375,1320908.0,1415468.25,1484483.0,1756931.625,1893284.375,1900667.375,1969962.25,2123245.0,1659752.625,1756701.25,1544383.875,1565424.375,1722105.75,1759455.375,1822653.75,1826058.875,2173940.75,2048478.5,1534943.5,1550795.0,1665446.75,1923723.875,1511829.75,1548253.125,2721982.25,2699924.75,1543621.0,1547947.0,1997909.25,2058940.625,1590602.875,1887289.0,1846177.375,1790295.875,2464247.25,2139176.75,2155161.75,2353369.0,2267876.25,2631734.0,2993944.25,3032857.25,1856593.625,2009273.875
36,2119793.25,1917377.375,1859785.0,1770718.875,1708929.125,1702135.75,1822537.0,1722879.25,2014591.875,2015559.875,2477784.25,2345924.0,2239506.5,2317178.0,2049738.125,1947578.5,1948055.0,1835769.125,2022728.25,1726842.0,1802793.375,1662625.125,2023682.875,1754949.125,2015227.75,1864994.75,1858404.125,1494432.5,1917940.0,1959767.625,1879478.125,1725558.625,1767648.375,1834099.25,1669959.875,1565117.875,1885989.5,1835449.25,1978595.625,1846550.75,2157530.75,2343225.5,1692603.125,1515236.125,1440279.625,1350138.0,1557653.125,1758680.0,1640734.75,1563000.25,1681152.375,1653795.125,1646482.25,1583751.625,1862657.75,1895013.0,1964607.875,2255506.5,1721819.375,2060401.75,1612757.375,1653169.125,1887191.375,2031202.25,2172514.5,2150327.25,1920386.0,1873247.75,1597544.875,1613268.875,1984069.75,2210559.25,1879484.625,2193508.5,1592691.875,1265458.125,2229890.0,1888134.375,1838811.75,2023202.375,1319853.75,1403057.875,1491455.25,1522115.5,1553424.5,1618590.5,1871203.875,1717973.5,1444418.0,1370885.625,1684569.5,1590841.75,1462655.25,1376206.75,1479072.0,1467954.75,1586340.25,1747495.625,1682914.25,1611276.0,1133770.0,1157805.875,1583230.375,1459659.375,1759876.25,2030024.75,1624054.375,1809000.375,1721463.75,1642269.5,1453715.375,1346938.875,1801473.75,1822261.375,1571890.375,1505966.125,1816446.75,1498389.75,2131889.5,2228445.25,2029384.625,2100736.5,2116810.5,2367468.0,1840013.375,1948588.75,1923592.5,2263743.75,2004315.25,2331832.75,1957613.5,1975300.375,2037201.875,2488700.5,1679890.125,1680327.0,2109576.0,2121242.5,2166383.5,2315516.75,1710881.75,1696196.75,1868522.375,1966261.5,1793441.375,2009176.5,2137338.75,2056208.125,2252447.5,2307684.0,2393887.75,2243127.5,2102918.5,2171664.25,1894830.5,1883075.125,1623827.0,1620580.5,2026980.375,2003614.875,1863663.625,1895468.25,1859204.0,2101733.5,2074578.75,1947963.625,2055753.5,2082753.75,2205582.25,2126799.75,1903187.375,1984758.5,1857786.5,1977219.375,2160880.75,2160146.5,2090620.375,2158048.5,2148974.5,2323635.25,1818806.625,1910679.5,2219480.0,2323163.5,2105413.25,2180232.25,2083390.125,2296271.5,1782752.375,1992109.0,2098203.75,2301605.5,1907400.375,2216204.75,1959504.75,2166500.75,2218594.25,2526144.5,1777671.875,1863362.25,1736488.875,1768486.0,1321695.125,1417149.0,1481943.625,1752983.25,1906704.25,1908359.375,1973217.375,2118850.0,1663559.0,1762130.125,1544284.75,1566756.25,1720810.25,1758759.75,1822681.375,1823438.25,2168638.0,2045392.25,1531427.625,1548152.375,1663472.25,1923627.375,1507001.5,1543379.0,2718656.75,2699029.25,1540863.125,1545179.375,1995965.75,2058789.5,1591546.25,1890833.875,1846480.625,1791776.875,2463108.25,2136785.0,2154746.25,2350276.25,2266139.5,2630475.75,2993558.5,3030686.75,1857327.625,2008959.125
37,2121902.25,1920322.25,1864984.5,1783373.375,1714904.25,1710152.75,1817675.75,1728733.75,2005722.875,2007752.5,2478417.75,2344491.5,2239844.75,2327047.25,2053242.875,1948592.625,1955097.0,1838816.625,2019953.0,1733954.0,1803355.375,1663023.125,2019886.25,1758792.0,2013608.375,1866870.0,1851366.375,1498280.375,1919285.0,1957710.25,1871692.125,1725049.25,1767257.25,1834794.75,1672923.625,1568428.375,1877580.625,1839043.125,1980206.125,1853349.5,2159087.25,2345406.25,1691706.0,1514713.5,1441477.375,1348824.5,1566768.0,1763288.125,1639192.875,1564798.5,1683722.25,1652270.125,1640403.125,1583887.375,1861563.875,1891628.875,1961044.25,2250084.0,1729333.0,2049879.75,1608772.625,1652406.375,1887200.375,2038707.25,2173449.25,2148683.75,1915347.875,1869192.25,1610693.25,1629654.375,1985731.125,2198258.25,1877374.0,2198592.0,1597474.625,1257010.25,2234052.25,1888720.625,1838168.75,2021955.125,1324998.25,1402866.375,1497567.25,1514337.75,1564388.5,1619548.875,1874989.375,1715308.75,1452508.875,1375339.25,1691618.625,1601225.0,1467879.75,1378760.625,1488967.875,1479067.625,1592559.625,1757142.375,1686749.75,1614951.875,1129921.25,1156677.75,1583703.5,1461415.125,1754506.625,2023910.0,1624015.125,1810043.875,1721677.875,1638605.75,1462303.75,1357456.125,1797060.75,1814249.125,1578833.875,1509944.625,1836020.375,1512539.5,2142044.75,2220127.5,2041083.125,2100939.5,2118230.75,2362543.0,1830659.125,1945730.5,1913546.625,2251315.75,2003123.375,2327523.25,1958349.25,1974394.0,2024772.125,2487922.5,1669824.125,1678792.75,2110086.75,2124673.25,2163102.0,2312791.0,1717635.125,1702215.875,1873060.25,1970790.0,1796011.875,2006101.375,2137558.0,2054431.875,2247117.0,2304563.25,2392982.25,2243055.5,2106539.25,2176629.25,1885056.75,1877300.25,1618407.5,1617549.375,2021792.375,1998820.375,1860501.25,1892996.5,1860947.75,2101982.0,2073133.0,1948654.0,2049625.5,2085135.375,2201641.5,2129429.25,1901151.125,1982408.75,1854245.125,1977756.75,2169326.25,2166093.25,2086479.0,2155143.5,2142929.25,2318928.25,1820238.875,1916272.125,2215941.75,2319731.25,2101588.75,2174986.5,2082955.125,2302752.25,1777540.625,1989812.0,2088886.125,2287465.25,1903576.0,2212344.75,1951408.125,2152949.5,2213495.25,2515824.5,1771756.875,1855359.5,1735283.0,1768456.625,1316623.875,1418130.125,1481791.375,1753384.375,1906475.5,1902361.75,1960837.5,2114164.5,1672658.5,1783401.875,1547493.25,1570747.0,1715853.375,1762089.125,1821747.25,1822504.75,2168053.5,2042960.25,1533152.875,1544396.75,1665316.125,1919579.75,1508336.625,1541852.0,2708220.75,2693979.5,1542246.0,1547182.25,2006473.75,2068809.75,1596379.375,1892755.375,1850082.375,1793185.375,2470763.5,2148871.0,2160012.25,2350745.75,2271243.5,2638379.25,2997297.25,3032426.0,1861720.0,2012998.75
38,2123922.0,1924442.25,1868055.0,1792614.25,1716126.0,1717779.375,1817573.75,1731235.75,2001447.75,2003789.125,2481739.0,2347935.0,2238412.25,2329835.25,2053356.625,1950612.0,1963486.75,1841566.75,2018807.5,1736213.375,1801862.375,1660562.875,2022399.0,1765404.75,2015197.0,1871506.5,1847050.625,1496595.75,1920058.375,1958194.875,1870509.5,1725859.875,1770186.0,1837343.25,1679463.125,1571431.375,1878062.125,1840987.875,1984510.75,1854403.75,2162220.75,2353478.0,1701047.25,1519583.625,1443715.0,1351461.875,1570734.875,1769059.0,1639232.875,1566837.125,1690053.625,1656217.75,1631476.125,1580591.75,1859073.125,1890360.75,1956896.0,2245858.25,1737804.0,2051019.375,1603975.5,1648432.5,1887072.125,2040032.25,2172365.75,2146799.75,1911014.0,1866363.75,1624825.0,1631115.125,1982653.75,2192956.75,1872425.25,2193856.25,1597289.0,1254300.375,2237684.25,1885469.5,1838163.0,2019557.5,1329105.125,1401978.125,1500089.25,1515138.25,1567841.375,1620096.375,1872713.25,1715038.125,1458792.375,1374810.375,1689919.25,1594540.375,1472440.625,1379482.125,1489151.625,1476603.125,1590970.125,1759276.875,1690736.0,1613371.125,1133202.0,1155800.25,1587677.5,1463735.375,1751546.0,2024301.25,1626556.625,1809843.75,1724289.75,1636884.875,1468925.75,1357109.5,1798679.25,1823938.125,1586698.125,1512231.375,1841147.75,1506473.75,2142875.75,2227031.5,2043348.875,2100743.75,2120935.25,2362435.75,1827291.0,1946803.625,1907422.25,2249118.75,2000295.625,2322873.5,1957709.5,1974237.0,2020697.625,2487855.0,1667033.5,1685351.5,2115197.75,2129099.0,2158397.0,2310064.0,1721857.5,1702469.375,1878950.0,1974036.5,1795353.5,2003804.875,2133495.25,2049493.5,2243090.0,2301016.25,2392219.25,2242873.25,2108756.75,2178876.0,1872666.625,1872398.25,1612634.875,1611039.0,2014056.125,1993281.125,1860009.75,1892554.875,1858295.125,2098081.5,2072408.875,1951112.75,2050219.125,2086583.375,2195590.25,2123670.0,1897569.75,1979635.75,1854233.375,1979535.125,2173982.25,2169511.0,2088184.5,2155941.0,2144361.5,2319105.25,1820412.0,1917494.75,2214146.75,2319483.75,2101929.25,2174755.5,2085001.125,2312398.5,1770939.875,1982996.625,2084078.75,2283547.75,1896530.125,2210107.5,1937632.0,2144966.25,2202259.5,2510055.25,1766536.875,1853267.5,1736185.375,1773038.25,1312168.875,1412119.625,1484135.25,1752664.125,1899131.25,1895468.625,1954012.25,2116601.5,1672529.75,1779926.375,1549002.0,1568392.875,1718922.75,1766810.125,1821837.375,1825960.375,2169479.5,2039810.25,1535356.875,1544751.375,1667137.75,1915317.5,1511739.75,1542585.5,2708500.75,2690434.0,1544912.875,1550209.125,2012497.125,2075221.25,1597671.75,1889929.625,1851899.875,1794761.25,2476381.5,2158732.75,2163420.0,2356544.5,2275673.0,2643108.25,2998246.0,3034420.75,1863084.375,2017000.875
39,2125337.25,1926844.25,1866302.875,1792780.75,1717111.125,1719714.0,1817200.0,1727061.375,2002349.875,2003139.5,2482333.5,2351626.0,2239947.5,2333403.5,2054843.875,1952480.5,1962186.125,1841831.5,2022259.125,1738150.375,1805753.875,1663637.75,2028403.0,1767979.25,2017641.875,1875760.625,1853027.375,1500727.25,1919893.625,1956589.0,1874373.0,1728863.375,1772628.625,1838952.75,1677274.375,1571178.125,1880246.875,1840315.125,1984010.125,1853714.125,2163218.75,2348062.75,1703131.875,1523010.125,1443702.875,1352415.75,1566994.625,1768045.375,1638193.75,1564464.625,1689871.125,1657946.5,1628625.375,1577581.25,1858403.875,1890707.0,1955484.125,2244157.25,1733023.5,2052006.125,1601245.875,1647588.0,1885493.125,2037991.75,2170045.25,2145691.5,1908945.75,1864991.375,1615925.375,1617208.125,1981626.25,2190716.5,1871908.75,2190163.0,1594678.5,1253666.375,2237458.25,1886062.875,1830234.375,2020230.125,1325664.375,1401723.125,1492926.125,1516321.375,1566222.375,1620369.625,1867739.75,1715205.75,1457628.25,1372185.5,1687049.25,1589499.625,1465490.25,1373730.875,1482892.75,1471992.25,1591244.5,1754800.875,1686986.0,1611079.625,1135309.875,1156127.0,1587115.0,1461970.25,1752712.25,2025691.125,1627349.625,1810230.125,1720068.25,1635391.5,1467694.625,1350134.0,1798494.25,1823242.625,1583935.875,1505693.375,1821054.75,1488416.5,2135502.5,2236417.25,2034149.75,2101211.0,2121252.25,2368340.0,1831003.0,1946438.375,1910929.625,2253561.75,2001058.25,2321238.75,1955806.125,1971650.125,2026032.0,2488641.75,1674658.5,1690043.75,2118542.5,2128803.0,2156726.75,2308268.0,1722277.875,1701258.375,1880542.75,1976364.375,1794575.5,2000688.375,2131453.0,2046715.375,2240803.75,2298327.5,2392859.5,2242661.5,2107557.5,2178807.0,1867637.75,1868706.875,1608645.625,1606614.875,2011279.625,1989542.0,1857957.375,1888855.25,1853695.375,2097357.75,2074400.625,1954769.0,2054884.375,2087999.375,2192685.5,2117580.5,1895341.5,1975901.625,1853795.875,1978388.375,2172505.5,2170722.5,2091012.625,2158478.5,2147263.5,2325347.5,1823838.5,1918825.125,2218829.25,2322573.25,2105017.25,2179130.5,2085458.125,2310101.75,1773301.875,1983293.625,2089321.875,2287858.25,1902203.25,2212323.75,1938071.25,2147523.25,2199012.5,2513200.5,1770146.125,1853571.0,1737703.125,1775668.0,1318320.75,1416411.625,1484185.125,1751949.875,1900809.625,1899482.125,1960948.25,2120026.25,1668538.625,1766319.0,1548625.875,1566417.375,1723640.25,1764892.625,1820836.25,1824558.75,2166892.0,2038117.875,1534911.375,1545191.875,1666300.125,1917759.625,1511873.0,1541796.5,2711182.75,2690985.5,1544986.625,1550668.5,2011257.125,2074575.875,1597695.375,1889428.625,1850970.375,1792501.0,2473606.5,2156587.0,2159773.0,2354228.5,2270869.75,2636964.5,2991768.75,3029740.25,1861605.125,2015998.125
40,2128788.25,1929211.75,1869643.5,1800180.625,1720035.75,1721660.625,1818983.375,1728348.375,2001447.625,2002961.625,2486605.25,2353924.0,2240523.75,2338487.25,2058514.0,1953316.125,1962503.875,1843410.25,2022154.375,1740600.25,1807691.75,1664144.0,2033005.25,1766944.5,2022964.5,1880167.625,1852699.125,1501660.5,1921805.0,1953430.375,1879316.125,1727320.25,1771138.75,1831947.125,1677031.625,1569716.0,1881953.625,1837935.125,1981999.375,1852859.625,2161712.25,2345311.25,1699014.5,1524912.75,1443744.875,1351913.25,1564967.75,1765553.625,1639169.0,1566284.25,1687252.5,1657499.375,1627725.875,1577257.375,1858880.875,1887773.25,1953080.375,2243204.0,1739366.75,2052432.5,1600221.875,1649769.75,1884447.875,2038108.375,2171961.0,2143818.75,1907818.0,1865926.375,1613209.125,1624395.375,1980833.625,2178380.0,1873500.375,2195413.75,1590213.0,1243765.625,2238748.75,1898144.0,1826346.75,2021186.875,1324643.25,1400388.125,1491744.125,1518603.25,1563411.5,1617237.0,1866062.0,1711287.25,1458619.0,1364946.25,1692761.5,1601781.75,1462652.25,1376048.0,1482607.375,1478900.375,1592267.5,1750121.375,1686499.875,1617415.375,1134416.25,1161481.0,1587665.625,1461932.375,1752381.0,2021558.625,1625246.75,1813224.875,1718219.5,1636848.75,1471436.875,1355645.875,1796372.5,1809912.75,1582551.625,1506180.5,1820206.625,1497794.875,2135763.25,2232448.25,2032497.0,2101349.5,2116764.25,2366010.75,1840263.5,1947687.625,1918237.875,2253556.25,2001640.25,2321214.0,1960074.75,1972400.0,2025257.375,2490642.75,1672952.625,1679229.125,2116599.0,2123027.0,2151667.75,2304703.5,1725674.75,1705311.0,1878457.75,1975128.875,1793542.875,1996942.125,2132024.75,2043924.25,2238583.0,2296222.5,2386427.0,2238717.25,2105274.0,2175990.25,1867652.375,1865054.375,1605516.125,1607445.125,2010117.25,1987768.5,1859875.375,1885506.625,1854986.375,2100245.75,2078344.25,1951294.0,2057704.25,2087371.375,2194287.0,2117301.0,1895351.5,1975982.75,1850448.0,1974760.0,2170381.25,2170134.75,2090246.375,2159358.5,2147067.25,2327539.25,1822528.125,1920123.5,2217152.0,2321065.25,2104763.25,2177065.5,2085811.375,2306074.25,1776094.375,1986008.125,2090202.375,2282218.75,1909172.5,2211571.75,1945171.25,2144944.5,2197259.75,2508826.5,1771076.25,1847993.75,1732970.25,1766551.875,1318278.75,1422867.625,1478690.375,1749852.875,1901240.25,1898730.75,1963047.375,2113562.75,1667725.875,1775964.875,1549291.25,1569432.25,1719705.0,1758989.5,1820681.375,1819790.25,2167314.75,2043356.75,1535967.5,1546168.75,1666663.875,1924541.875,1512772.875,1543820.375,2709177.75,2695385.5,1546194.125,1551753.625,2013420.125,2078856.125,1600061.75,1890114.625,1849002.875,1786755.125,2475146.75,2157189.0,2156806.75,2347481.0,2268283.25,2635569.5,2992644.75,3030643.0,1860696.5,2014098.875
41,2132687.75,1931002.125,1875141.375,1806054.125,1721027.875,1724301.75,1824494.25,1732284.25,2002317.375,2003295.5,2493843.25,2356651.5,2240404.5,2334735.25,2059868.375,1953399.0,1967001.75,1844134.5,2020632.25,1739285.75,1805259.5,1662620.5,2036803.625,1765750.5,2028083.25,1882708.875,1850411.625,1495616.625,1923448.5,1955743.375,1885010.375,1725092.875,1770071.875,1830442.0,1683596.5,1571313.5,1889453.25,1838643.375,1984307.625,1853902.5,2161906.25,2353524.75,1702011.125,1527854.375,1443175.625,1352201.0,1561148.0,1762026.625,1641193.875,1567935.25,1688343.0,1662226.625,1627031.5,1579586.375,1856654.75,1885671.625,1951734.125,2244152.25,1745900.0,2056446.0,1601976.0,1651951.5,1886259.0,2038681.5,2173580.0,2143029.25,1907554.375,1867661.25,1623217.625,1637948.5,1978600.625,2177515.0,1873168.0,2197883.5,1588837.75,1242880.25,2238577.25,1902132.0,1835280.75,2020025.0,1329238.875,1401718.75,1495476.125,1525349.25,1562206.875,1617753.125,1868018.25,1710723.875,1460781.375,1361162.75,1693947.875,1604354.875,1469393.875,1383926.125,1485901.0,1481410.875,1588288.75,1748470.375,1693062.0,1622254.5,1136498.5,1164198.375,1592481.0,1465938.875,1749647.75,2021267.0,1622921.125,1813191.25,1724016.75,1643559.25,1473472.375,1360405.25,1800221.625,1815182.125,1584484.0,1513546.5,1827480.375,1514156.25,2135885.5,2226065.0,2037551.125,2100383.0,2118237.5,2360969.0,1842395.0,1947448.75,1919740.875,2254319.25,2000157.625,2321289.0,1961117.5,1974394.625,2022975.0,2488780.0,1667916.625,1671201.0,2113958.25,2118719.25,2146877.25,2302731.0,1726922.25,1705768.5,1877160.625,1972294.375,1791197.875,1997613.125,2133416.5,2043578.375,2239973.25,2295017.75,2376929.75,2234543.0,2104976.25,2171554.75,1870150.25,1868019.875,1606465.875,1611679.875,2006357.875,1987744.5,1864538.75,1887723.75,1857570.5,2101201.0,2077503.375,1945538.875,2058572.0,2087130.5,2195127.5,2117507.5,1896267.125,1981793.5,1850598.625,1976587.5,2169376.5,2165770.0,2092517.125,2160694.75,2150568.25,2327911.75,1814734.625,1913519.125,2214318.75,2320886.25,2104456.0,2174621.25,2087663.625,2308570.0,1768835.0,1981560.5,2081623.25,2275090.75,1900054.0,2204933.0,1943252.5,2140697.0,2189127.75,2501256.25,1764482.25,1846965.25,1728628.5,1761052.875,1310257.75,1415378.75,1473615.0,1748227.25,1890370.625,1892716.25,1957335.5,2108485.5,1660871.25,1775914.875,1550066.875,1567177.625,1716711.625,1756364.125,1822187.75,1820751.125,2173401.25,2050893.125,1538670.375,1549958.625,1668676.375,1927594.875,1514891.875,1548222.875,2717622.75,2703362.5,1549265.25,1553621.625,2013092.125,2082264.625,1601292.5,1888527.25,1846397.625,1786576.0,2479094.0,2159832.5,2157328.5,2349684.5,2271959.0,2640688.75,3001945.25,3040563.5,1860807.125,2014896.25
42,2133663.0,1931341.0,1874450.625,1795568.0,1725949.875,1724461.625,1825354.75,1730655.25,2003262.625,2001819.5,2492626.5,2354131.5,2245162.75,2330000.25,2061896.25,1952685.25,1968891.125,1842369.0,2023497.75,1740294.75,1806927.375,1666142.625,2037757.75,1765915.625,2027178.875,1880540.125,1854267.0,1502095.5,1924910.75,1961451.0,1887015.0,1729314.625,1774896.75,1839404.375,1684938.25,1574778.0,1893093.375,1839912.5,1986642.5,1854495.625,2161771.75,2348504.5,1699649.75,1526588.625,1439454.75,1350948.375,1559419.125,1763614.0,1637479.875,1561835.875,1690032.0,1664053.0,1630865.25,1582156.625,1851924.75,1889633.0,1952095.625,2246352.5,1728428.375,2052113.75,1603267.875,1651669.5,1888307.75,2038709.125,2169543.25,2144510.5,1907121.125,1865935.125,1610216.375,1623452.0,1980008.5,2189246.75,1872573.75,2192847.25,1591309.0,1254486.75,2230827.0,1891577.25,1834963.625,2021620.5,1329103.375,1405379.875,1491623.0,1527122.375,1568570.625,1628436.5,1869391.875,1715794.25,1455976.375,1375769.75,1691209.25,1599689.875,1470693.5,1384227.5,1487514.75,1482841.75,1590790.625,1756260.0,1694458.125,1620292.875,1134287.625,1159984.25,1589647.125,1467385.625,1747746.0,2024159.25,1621498.75,1810630.25,1721758.625,1642038.5,1465879.625,1355037.5,1799838.0,1821048.625,1579120.75,1508226.875,1816384.0,1500046.625,2128950.5,2222957.0,2038257.375,2101575.0,2127191.25,2364828.25,1831197.875,1938817.125,1918528.125,2258691.75,1997605.625,2319039.25,1951613.25,1967937.875,2026833.625,2482651.5,1676795.875,1681593.125,2113204.75,2121449.75,2147109.75,2304670.5,1723370.875,1699963.5,1880641.75,1975105.0,1790576.875,2001592.875,2137506.75,2052287.0,2243263.5,2296089.75,2380746.75,2236174.25,2107876.0,2173222.5,1873063.625,1874619.75,1609878.875,1613990.125,2002479.875,1989717.875,1858721.375,1886204.5,1853688.0,2100126.0,2071032.0,1945585.75,2056838.875,2087190.375,2191224.0,2116190.5,1895574.75,1982792.5,1852985.75,1977111.5,2169347.0,2165110.75,2094247.0,2159171.0,2151323.5,2327414.25,1812843.5,1908318.25,2219817.5,2323824.5,2104336.25,2178107.75,2083242.625,2299587.25,1766040.125,1983425.25,2079600.875,2279822.5,1895416.125,2204429.75,1942594.375,2145223.75,2193185.5,2505278.0,1767734.375,1859285.625,1734566.375,1773603.125,1320034.625,1419572.625,1477563.25,1755685.5,1892034.625,1902097.375,1960217.125,2117163.5,1657753.375,1758195.75,1549389.125,1562248.25,1717815.0,1755097.625,1819186.25,1821123.875,2171053.0,2048831.75,1538015.875,1550984.875,1666491.875,1922866.875,1512722.625,1548027.5,2718896.5,2701319.0,1548747.875,1551251.875,2006347.0,2072198.875,1599034.875,1889188.75,1846100.0,1791811.375,2469836.25,2150004.75,2156137.75,2350804.75,2268494.75,2635658.0,2996141.5,3034774.75,1860599.625,2014118.125
43,2134416.75,1935295.25,1872248.125,1789367.5,1729925.0,1723398.125,1822135.25,1736079.625,2001358.875,2002058.5,2487481.75,2348362.75,2246756.25,2331248.5,2065059.0,1951665.0,1969096.875,1843218.875,2022702.5,1743081.5,1806365.125,1666395.25,2035704.125,1767838.75,2023489.125,1879889.875,1849936.875,1511436.0,1924955.875,1961742.875,1883539.25,1730610.0,1775275.75,1839694.75,1685004.875,1574025.875,1886402.5,1835670.25,1983401.5,1847246.375,2157833.5,2334099.75,1688404.25,1523016.375,1435721.0,1349113.75,1563007.0,1769054.375,1631931.25,1557146.875,1688699.375,1658514.5,1635064.5,1582703.125,1850168.875,1896244.625,1950720.0,2249852.0,1713956.625,2045423.25,1600925.375,1648234.125,1885733.5,2037205.125,2166027.0,2146232.5,1905616.625,1862790.5,1588558.25,1609482.5,1981147.25,2189136.75,1871593.25,2187336.75,1589326.25,1254859.25,2221876.25,1885778.25,1827598.375,2020571.0,1326438.875,1402625.875,1484922.5,1520630.625,1575941.375,1635149.375,1869637.5,1714542.375,1454101.0,1385405.625,1694525.25,1603050.625,1465122.625,1380598.5,1485367.125,1486315.75,1601627.875,1766336.0,1691734.0,1619470.375,1127484.75,1156438.25,1582930.625,1464334.375,1749866.25,2023350.25,1622072.5,1811508.875,1715101.875,1631370.75,1464025.75,1352865.5,1793986.75,1809895.625,1576012.375,1498459.125,1813894.75,1487094.5,2129396.25,2220406.75,2037992.625,2102554.5,2129300.25,2367268.25,1824702.25,1933116.0,1921286.75,2259747.5,1995128.125,2315572.5,1946917.5,1962109.0,2028686.75,2479368.5,1687227.5,1690775.375,2112161.0,2123751.75,2145482.0,2306114.25,1720362.75,1698218.75,1883566.25,1978812.125,1791142.75,2002422.25,2143566.75,2061711.0,2244429.0,2299430.0,2392748.75,2240371.5,2109837.75,2178437.25,1874799.625,1877166.375,1609950.375,1614076.75,2001761.875,1994078.375,1848957.0,1882422.875,1848925.0,2098510.75,2066237.75,1944847.125,2051552.5,2082701.25,2185902.25,2114791.0,1891103.25,1975586.5,1850072.25,1970293.375,2169317.0,2169006.75,2088172.75,2153480.25,2146719.25,2322829.25,1819140.875,1914444.5,2222567.25,2323935.25,2101076.75,2179900.5,2074509.875,2284051.0,1777723.125,1997722.875,2093608.125,2292146.5,1912442.625,2216444.5,1949425.75,2152667.0,2210120.5,2514655.0,1781194.375,1869552.125,1743103.0,1785984.75,1342106.125,1439948.25,1487366.875,1764822.375,1908183.25,1915828.625,1968132.0,2124180.0,1663815.625,1759854.25,1547921.875,1565279.0,1715268.5,1752067.75,1815309.125,1817911.25,2160424.75,2038669.75,1536367.875,1548532.875,1661121.375,1914466.125,1509576.875,1544980.0,2697835.25,2684403.75,1545664.5,1547545.5,2005373.625,2064059.0,1597086.5,1891367.25,1849041.875,1793719.375,2456673.5,2139800.0,2155280.5,2344830.75,2262603.75,2625718.25,2978794.25,3014752.25,1860638.0,2012447.375
44,2135466.5,1936393.125,1872148.75,1797884.0,1724533.625,1722932.0,1819277.0,1740879.0,1998295.75,2000120.75,2490446.75,2350712.25,2242787.5,2330934.0,2063705.375,1952637.375,1969605.375,1845928.125,2020851.875,1738805.0,1799775.375,1662149.625,2036435.875,1769641.5,2019977.0,1880912.625,1845609.0,1506676.125,1920247.25,1959291.125,1882356.0,1725114.25,1769444.875,1835026.125,1692819.25,1574047.625,1884612.25,1834564.5,1981300.0,1841193.5,2157748.75,2337463.25,1692367.625,1526839.375,1436658.75,1350501.75,1561416.25,1766499.5,1635672.125,1561428.125,1688728.125,1661402.75,1632895.75,1582238.0,1848568.125,1896600.0,1944412.875,2250914.5,1714685.0,2049219.25,1600182.375,1646300.125,1881161.125,2033882.875,2163844.75,2144635.25,1901671.25,1860659.125,1593999.0,1622631.375,1975651.875,2187394.25,1869897.25,2186311.75,1583537.625,1245793.0,2221546.25,1887763.25,1836705.375,2012203.875,1329806.125,1398078.125,1481839.625,1517623.875,1574167.75,1631862.5,1870311.25,1709638.5,1457150.125,1367776.375,1689869.25,1594438.125,1463250.125,1376356.25,1479916.25,1474157.25,1600957.875,1761569.5,1692987.625,1618631.625,1130239.75,1154209.375,1586271.125,1461532.25,1752924.75,2027253.625,1624219.375,1812174.75,1721037.375,1633018.25,1465926.25,1350380.25,1799571.625,1816453.375,1582216.0,1501214.375,1827084.0,1502711.625,2138338.5,2222761.25,2036760.375,2097952.25,2125287.0,2364013.75,1828449.75,1929600.75,1919217.125,2256006.75,1993262.125,2311239.75,1949542.375,1965066.625,2024182.375,2478200.75,1684948.5,1690593.375,2111073.0,2120355.75,2139135.75,2302599.25,1717409.25,1696848.5,1881936.375,1977183.0,1788048.25,1999678.125,2146156.75,2060823.625,2243146.25,2297887.75,2392009.0,2241252.0,2108264.75,2176728.75,1873024.125,1876436.5,1607023.0,1612987.0,1997907.125,1994052.375,1848553.375,1883275.25,1851919.75,2097546.75,2069744.25,1944621.375,2049557.625,2080862.875,2185078.5,2113188.5,1888559.375,1974138.875,1847685.25,1971290.5,2169621.5,2168081.0,2085613.5,2154290.0,2150289.25,2322822.5,1823706.875,1918950.0,2217047.25,2324568.25,2098604.0,2177460.25,2077112.75,2288523.0,1780975.125,2000714.875,2100002.25,2297873.0,1918803.375,2220788.25,1946202.5,2155391.0,2206062.5,2516689.0,1781469.375,1866022.125,1743413.875,1783221.25,1343079.75,1437439.75,1487790.75,1763026.875,1903289.625,1908671.75,1964714.0,2118389.25,1665062.875,1772584.875,1551036.125,1571432.5,1716965.0,1754451.625,1821765.75,1823510.0,2163483.5,2037973.375,1539315.875,1549902.125,1663416.0,1915324.125,1512649.5,1546251.375,2697928.0,2682781.75,1547046.25,1551368.375,2013148.0,2073594.875,1599238.625,1891689.125,1850345.375,1793681.75,2464191.0,2149043.75,2159922.5,2350000.25,2270815.5,2633324.0,2986987.5,3022110.5,1863865.25,2016155.5
45,2131222.75,1927280.0,1870538.125,1799794.375,1720888.375,1721692.875,1816850.75,1728424.375,1995296.875,1992293.0,2494606.75,2355498.25,2243934.5,2329687.25,2060030.875,1954189.5,1970235.25,1844429.75,2026987.25,1733246.75,1800645.25,1662298.875,2039709.625,1768366.125,2018275.25,1875648.375,1857341.75,1504573.75,1918189.75,1960247.375,1884920.375,1723544.0,1769382.5,1835917.25,1695305.875,1576445.625,1891561.25,1839019.5,1983776.0,1845122.375,2164571.25,2352394.75,1706177.75,1532915.75,1440598.0,1353597.75,1560256.0,1766172.625,1644239.75,1567624.5,1692850.375,1669976.625,1628277.25,1579900.75,1845096.875,1888815.625,1938716.875,2244191.25,1717179.375,2052704.625,1602718.25,1647671.375,1881356.125,2029863.0,2161719.75,2141062.5,1899113.5,1859763.75,1611486.0,1633809.125,1971423.375,2192845.25,1870378.625,2191101.5,1581354.0,1243592.125,2228907.75,1891151.75,1846348.375,2011582.125,1331842.125,1401381.75,1482557.875,1523226.125,1566497.625,1629595.875,1868438.75,1712634.5,1453063.375,1355380.875,1679902.125,1582896.375,1466518.125,1374105.375,1477744.0,1464292.875,1588069.375,1752104.0,1693961.625,1617056.625,1137471.875,1153260.875,1592392.875,1462625.75,1751562.125,2033771.25,1624651.5,1811074.5,1729515.25,1645192.5,1462038.25,1347931.875,1808513.25,1837635.5,1585974.125,1508662.0,1834826.0,1514832.0,2142732.5,2227557.25,2033080.875,2094477.25,2124596.0,2365124.0,1829652.375,1924627.875,1909921.75,2252942.5,1991857.0,2307770.0,1949294.0,1967077.125,2019261.125,2476605.5,1677075.5,1691407.25,2112482.75,2118956.0,2137163.25,2296746.75,1716379.875,1691358.0,1881477.375,1975814.25,1784345.875,1997421.25,2142559.0,2054725.375,2240525.75,2292089.75,2382836.0,2239625.75,2107853.0,2172853.75,1868053.0,1871904.25,1606300.75,1609516.5,1992858.75,1986242.25,1853443.75,1881763.5,1858374.125,2099652.25,2078417.875,1949284.5,2055813.5,2085816.125,2191289.5,2114137.75,1893098.125,1981697.125,1852636.625,1979669.0,2171686.75,2165980.5,2091966.25,2161911.0,2156707.5,2326594.75,1824048.125,1916939.0,2211632.25,2324600.5,2100026.75,2175147.25,2088414.875,2302972.25,1768472.875,1987536.625,2084017.125,2287920.75,1903364.5,2210911.5,1934188.875,2151778.75,2185920.75,2511874.5,1768727.0,1858662.75,1737363.375,1777282.875,1325015.875,1418508.5,1478747.25,1758301.625,1884698.875,1894481.75,1955606.625,2114515.75,1664894.125,1775787.625,1558135.25,1573239.0,1725741.125,1763298.625,1830034.875,1831874.5,2177508.0,2048693.875,1542931.375,1553955.0,1671725.0,1925293.5,1517798.375,1550212.5,2725335.25,2702688.25,1551448.875,1558144.125,2018885.125,2084821.875,1601009.125,1890868.75,1847845.125,1793738.375,2484563.25,2166549.5,2164240.0,2362289.75,2282343.75,2650097.5,3013052.0,3050173.75,1865733.625,2020224.625
46,2124807.75,1919958.375,1867785.125,1788287.625,1721765.125,1718212.875,1819407.25,1713285.125,1998027.375,1992267.5,2492301.25,2355589.0,2248306.75,2331771.0,2059163.125,1953557.25,1969755.375,1840008.25,2032523.25,1733238.125,1807434.125,1664890.5,2041697.5,1763834.75,2020249.625,1868135.0,1867245.5,1506794.375,1921386.75,1963522.875,1885391.5,1726253.5,1771984.5,1835870.5,1688061.375,1574173.5,1895455.125,1838426.875,1983307.75,1849360.25,2169463.25,2357655.5,1707254.125,1531699.375,1442948.5,1354969.75,1563935.25,1771179.0,1645757.625,1567567.875,1695339.75,1668481.875,1628262.625,1575975.25,1845807.625,1882401.25,1942765.0,2237108.75,1723316.0,2052755.875,1604179.375,1648599.0,1883539.75,2026146.5,2164971.0,2142680.25,1904962.75,1863951.0,1618348.875,1629355.375,1977523.75,2195281.0,1874599.125,2195752.75,1585592.5,1249082.5,2236543.75,1896617.0,1842473.5,2023262.875,1326691.25,1406061.25,1486869.125,1529640.5,1560422.25,1628139.125,1866612.0,1718881.0,1447739.5,1367051.125,1682960.875,1591381.625,1469242.125,1379080.875,1479478.0,1473362.25,1580747.75,1753332.0,1690736.375,1618354.5,1136892.25,1158145.0,1590199.375,1465750.625,1747807.625,2031271.5,1622387.625,1812312.5,1726581.75,1647243.75,1460622.375,1353796.125,1804496.375,1838021.875,1583302.375,1511295.0,1833558.75,1508142.75,2138864.25,2227612.5,2032690.875,2098309.75,2124332.25,2370279.25,1829526.375,1929275.375,1907395.125,2254056.75,1991846.625,2309281.5,1949547.625,1967252.125,2019421.875,2476004.5,1673036.625,1690969.375,2114780.0,2120701.5,2143588.25,2295189.5,1720161.75,1690694.125,1883196.875,1976898.0,1786125.625,1998584.875,2139081.75,2053872.25,2241428.25,2293696.75,2383258.75,2239380.5,2110031.5,2174486.0,1866498.625,1866336.125,1609849.375,1606398.375,1997305.625,1980418.0,1859093.375,1880857.5,1860090.75,2104451.75,2082226.0,1950905.375,2063087.125,2088084.375,2200491.25,2119480.25,1898656.75,1986022.125,1857928.625,1980201.25,2172732.25,2167117.5,2095557.125,2165309.0,2155946.5,2327731.25,1821888.375,1915165.375,2212855.0,2322744.0,2102925.25,2176652.0,2092841.875,2306730.5,1762097.625,1980061.625,2072669.25,2278092.0,1895897.625,2208350.5,1932525.875,2146664.0,2185024.75,2509234.75,1762306.25,1855838.375,1730730.625,1776556.0,1314917.625,1415152.75,1474570.25,1757564.75,1887351.75,1895869.875,1955167.75,2118836.0,1666621.0,1772061.0,1557087.625,1569778.125,1727496.875,1766026.875,1826858.25,1829194.875,2179895.25,2051530.5,1540413.875,1553285.375,1672228.0,1927206.875,1516682.0,1549958.375,2735871.0,2711156.75,1551363.5,1557280.125,2011516.875,2078175.25,1596018.5,1886794.625,1842670.0,1789380.125,2485529.75,2165008.5,2159391.5,2359896.25,2277596.5,2648399.25,3013836.75,3052108.75,1858355.125,2015078.0
47,2124698.75,1920063.625,1866821.0,1778867.5,1715941.625,1709755.0,1823041.625,1709714.875,2003797.5,2001262.25,2489703.0,2355715.25,2246100.75,2330160.75,2057515.5,1950272.25,1965119.375,1838335.0,2030154.125,1731652.25,1804910.75,1662544.125,2037922.25,1757243.375,2020675.0,1865606.125,1860029.0,1493894.375,1920069.25,1965733.625,1883696.625,1724536.0,1772516.125,1834917.25,1685862.75,1572735.5,1895421.375,1836584.25,1981815.0,1850073.875,2168550.0,2358371.75,1704500.75,1527821.0,1444057.875,1356283.625,1563063.875,1769534.25,1645345.0,1568106.625,1694172.75,1664124.25,1633008.75,1575872.25,1850075.75,1882572.125,1950728.5,2237905.75,1731110.25,2055769.5,1605582.75,1648649.5,1883521.375,2027897.5,2171811.0,2147744.0,1912259.5,1869971.0,1617726.25,1628408.5,1987319.375,2198045.25,1880633.625,2196049.25,1594242.0,1256185.25,2240889.75,1901710.625,1844054.875,2032208.875,1323277.375,1405789.25,1490724.0,1533484.125,1556131.75,1623325.625,1871844.625,1721660.375,1448562.0,1375776.375,1683769.625,1599241.875,1469517.875,1385809.75,1479425.375,1478495.0,1576345.375,1752386.25,1685701.25,1619012.0,1135408.125,1165133.125,1586894.25,1467522.625,1746124.125,2026843.25,1620951.125,1813917.25,1723019.5,1643831.5,1462519.875,1358204.25,1798843.125,1828558.5,1582478.0,1512194.0,1828958.0,1507384.875,2133302.25,2226879.0,2035075.5,2104436.25,2120631.5,2372595.0,1837450.25,1937891.25,1913841.125,2255968.25,1993112.75,2313470.25,1955560.25,1972975.75,2024274.125,2478213.75,1669763.875,1684223.5,2113441.0,2120760.75,2149505.5,2299157.0,1722028.0,1696403.875,1879616.5,1975269.25,1789534.25,2002492.875,2138431.5,2054741.375,2246385.25,2301090.75,2387049.25,2238692.5,2107969.25,2174104.0,1870729.5,1867502.875,1613707.0,1606305.0,2005145.75,1983378.75,1865142.75,1888325.375,1860168.375,2107946.75,2081622.125,1950272.5,2065861.375,2087981.25,2205208.75,2124527.75,1902111.125,1985815.375,1859353.5,1979858.75,2167405.25,2162722.25,2094524.125,2165383.0,2155648.25,2331525.75,1812685.125,1907248.75,2220014.75,2325572.25,2105382.0,2180612.0,2092423.5,2308763.25,1763327.125,1980580.625,2079259.0,2282060.5,1894760.25,2212033.0,1937848.75,2148343.75,2195794.0,2510411.25,1760970.875,1854001.125,1725793.5,1772773.25,1312980.75,1415140.625,1473827.125,1754409.5,1896887.25,1899167.25,1958472.875,2117930.25,1665435.375,1765329.25,1549024.5,1562830.5,1723578.75,1762122.125,1822233.375,1825341.625,2176693.5,2046975.0,1536264.75,1549269.875,1668185.375,1922635.75,1513839.375,1546638.375,2733333.0,2708114.75,1549128.125,1552619.625,1997960.0,2064621.5,1591494.0,1884366.25,1839031.0,1786148.0,2470573.5,2146895.75,2153325.0,2353327.0,2268653.25,2637868.0,3000747.75,3040369.5,1852261.875,2009059.75
48,2130953.75,1922912.875,1869973.625,1782102.75,1718090.875,1705912.375,1820071.75,1717179.625,2002167.625,2004934.125,2489977.5,2353741.0,2244007.0,2327627.75,2058141.5,1948041.625,1961350.0,1840307.5,2028432.0,1732835.375,1800622.375,1659185.625,2030411.625,1755445.875,2017908.875,1867535.75,1852193.75,1485111.25,1917662.375,1964001.125,1882996.5,1721443.875,1776631.125,1836074.125,1687123.25,1577040.5,1893285.375,1839455.5,1983204.375,1851891.375,2164829.75,2359595.75,1703481.125,1526005.875,1444060.5,1356716.125,1564921.75,1771692.75,1645360.875,1571416.0,1691573.0,1663022.5,1640255.5,1580934.125,1855024.5,1884714.625,1952780.25,2242453.5,1733702.75,2052859.875,1606866.75,1649848.625,1886810.25,2038217.5,2174968.25,2148393.25,1911238.0,1868900.375,1612261.375,1628321.875,1988795.625,2197068.0,1881554.5,2195247.0,1598123.125,1258392.75,2236271.25,1899810.625,1844861.625,2032734.0,1323591.5,1405144.375,1488721.75,1532214.75,1555618.75,1625074.25,1875277.375,1721407.25,1450678.25,1376644.625,1675295.875,1598422.625,1467763.375,1386360.0,1480961.0,1480383.75,1573300.5,1748340.875,1681232.5,1618897.375,1135383.5,1167583.875,1587069.75,1467023.125,1747679.375,2028580.5,1622225.5,1813525.625,1723618.125,1645301.125,1463311.125,1361580.875,1799026.375,1824892.625,1583454.75,1510487.0,1825363.0,1508326.0,2130905.75,2227422.25,2036267.75,2108152.0,2115286.25,2371871.75,1845091.625,1936435.625,1917289.75,2254143.25,1994248.75,2315800.75,1960897.125,1975871.125,2026197.375,2483917.5,1664813.0,1678817.75,2108674.0,2122254.0,2149379.75,2303931.0,1718381.5,1700079.75,1871918.75,1972626.625,1789086.875,2004092.0,2133335.0,2048698.375,2247268.5,2302753.5,2382374.75,2234432.5,2101380.75,2169331.0,1876464.125,1872348.75,1614267.0,1609288.5,2007316.0,1989946.5,1865082.625,1891389.5,1860830.375,2104033.75,2080086.125,1950600.5,2061450.875,2087255.625,2198769.5,2122423.0,1903172.875,1982843.375,1857277.625,1982335.0,2159744.0,2156231.0,2093494.5,2164068.0,2154829.75,2332055.75,1800238.875,1895806.25,2224351.5,2327288.75,2106486.5,2180514.75,2090060.625,2310439.75,1764033.625,1982865.875,2082997.875,2284522.75,1888811.0,2207405.0,1937800.75,2150574.5,2197463.0,2507806.5,1761985.625,1855686.125,1730261.75,1769860.25,1315388.0,1417315.25,1475444.75,1755929.375,1893628.0,1894980.25,1958236.0,2112151.25,1665746.625,1762454.0,1547757.875,1559254.75,1721863.125,1759160.25,1822350.125,1825406.5,2175486.5,2046763.625,1536055.0,1547364.5,1667989.625,1922545.5,1514969.5,1545385.0,2730198.0,2707795.75,1548528.125,1550405.25,1996596.625,2062667.25,1593708.0,1888995.375,1840915.0,1789382.5,2465422.0,2138944.75,2153819.5,2355038.5,2268165.0,2637495.5,2998018.25,3040364.0,1856928.0,2012166.75
49,2137043.75,1926956.75,1874578.625,1787159.75,1731687.875,1713626.125,1820493.625,1727141.5,2000365.0,2003759.5,2492517.25,2352228.25,2248319.75,2331090.25,2062705.0,1950419.5,1966737.25,1842795.625,2029966.5,1739107.5,1804584.5,1660827.375,2029919.625,1759801.0,2018465.25,1870774.375,1853866.25,1497270.125,1922286.625,1962456.0,1884908.75,1722337.875,1781221.375,1838816.75,1683846.25,1577518.875,1890241.375,1840329.0,1983269.5,1855828.875,2161872.75,2355534.0,1699022.125,1525577.0,1441878.875,1353402.75,1569531.375,1776244.5,1641408.25,1569402.375,1690453.25,1660299.5,1646828.0,1585210.375,1860284.25,1886798.625,1952533.375,2245710.25,1731392.0,2046817.75,1604727.5,1650357.875,1893783.875,2047061.75,2173589.5,2146704.75,1909288.375,1865102.125,1604882.75,1622844.125,1984054.875,2189053.75,1875389.625,2191935.75,1593606.125,1254445.5,2226672.5,1888136.125,1831280.75,2025000.5,1321414.375,1405865.0,1485225.125,1525084.875,1561093.0,1634118.875,1869320.25,1717207.25,1450695.25,1378876.75,1677289.875,1600408.75,1464693.0,1383276.75,1484236.125,1485421.875,1580798.875,1753711.0,1681430.375,1620572.0,1132146.0,1166001.125,1585879.25,1465458.5,1749706.875,2032435.5,1624308.625,1813177.875,1722289.25,1644708.5,1463139.5,1369037.875,1798260.5,1821582.75,1583005.875,1508146.5,1828792.75,1502734.75,2130259.25,2224284.75,2035425.625,2105309.25,2113257.0,2369754.25,1841172.875,1928855.25,1916833.125,2251691.0,1995296.0,2315007.0,1958963.375,1970204.0,2023077.125,2483645.0,1664858.5,1682648.625,2107750.25,2124127.5,2148168.0,2302876.0,1716659.875,1696206.125,1871439.125,1972846.75,1786700.375,2000598.625,2130355.75,2046594.25,2245625.75,2299972.75,2378166.75,2234156.0,2100260.25,2169030.25,1881513.375,1874240.875,1611730.25,1611242.875,2006778.125,1991315.25,1860453.0,1886270.375,1858947.375,2095306.875,2077255.125,1947200.25,2054637.5,2082688.375,2188612.5,2115379.75,1899475.75,1975822.25,1854492.25,1978606.875,2161189.5,2158806.5,2091296.375,2159566.5,2151921.5,2326214.25,1802742.125,1897817.375,2221410.5,2322811.0,2105420.0,2176396.0,2084579.625,2306102.0,1767359.5,1988407.125,2077555.625,2278506.25,1888204.375,2199841.25,1933900.875,2144891.75,2194074.25,2503739.5,1767645.375,1862834.25,1742162.375,1776680.625,1323010.0,1429779.0,1483290.75,1766620.75,1887366.125,1895579.125,1957536.0,2114026.75,1666974.875,1764836.75,1551524.5,1563722.375,1718857.125,1756208.625,1821165.125,1822639.625,2170395.25,2047640.75,1536628.75,1548946.625,1667449.125,1923270.875,1515317.25,1547185.5,2719172.75,2703549.5,1547920.625,1551778.0,2007119.75,2070093.875,1596821.25,1893155.25,1846218.25,1792909.0,2471268.5,2147826.0,2156401.0,2355620.0,2268941.0,2638868.75,2996355.25,3038961.0,1862856.0,2017347.25
50,2139810.0,1929517.25,1875181.5,1783905.125,1721192.125,1711374.75,1829941.0,1733221.375,2009155.625,2008237.0,2496761.5,2356014.5,2243408.5,2324965.5,2056784.375,1950510.75,1976209.75,1844169.375,2021977.5,1732810.0,1800580.5,1655070.875,2032610.5,1757119.25,2025219.625,1872732.375,1842303.625,1494072.625,1926320.375,1964955.5,1884818.5,1719020.25,1781080.125,1840520.5,1682828.875,1570052.375,1890436.25,1837224.375,1985179.0,1860323.375,2158633.0,2353592.0,1702577.25,1526762.875,1441521.25,1351894.0,1561460.375,1763459.875,1642544.0,1568996.625,1692990.25,1659619.375,1647015.375,1584458.125,1863261.5,1890754.25,1956859.375,2248457.25,1736407.875,2055197.25,1602268.625,1648106.25,1896352.125,2046424.25,2174657.0,2147368.75,1913213.75,1867291.75,1610640.5,1626587.75,1983161.0,2185159.75,1871652.75,2186955.75,1590089.75,1250193.625,2229862.75,1882097.375,1823979.5,2015243.5,1321682.75,1404955.875,1492149.75,1525582.25,1565048.625,1634084.625,1865645.75,1712941.875,1448187.375,1370306.375,1684860.625,1597414.625,1466652.25,1386851.125,1481279.0,1478677.625,1589487.5,1757467.0,1687177.25,1621178.625,1132578.0,1165853.875,1586032.375,1465591.5,1747670.625,2031035.625,1626307.75,1814723.375,1725880.75,1640000.125,1464315.75,1366410.125,1798168.125,1819396.375,1587257.125,1517625.625,1837875.75,1512428.0,2130467.75,2222268.75,2034816.625,2099817.75,2120042.0,2368385.5,1841474.625,1932350.875,1920866.75,2254954.0,1997546.375,2317228.75,1960358.375,1973510.75,2023537.25,2478149.0,1666517.0,1685061.125,2114142.5,2122567.5,2149880.25,2298319.25,1722857.125,1692384.5,1878407.375,1973156.25,1787706.25,1996780.875,2138607.25,2054908.75,2250389.25,2303106.75,2382594.0,2242048.25,2106162.75,2173776.25,1885302.0,1875372.125,1608303.625,1608546.625,2007003.0,1988961.625,1865328.0,1892046.75,1856524.875,2093273.625,2075752.625,1943416.625,2055201.25,2079355.5,2189863.25,2111907.75,1895783.375,1972648.0,1856360.75,1973054.75,2169678.0,2165041.75,2089741.75,2157341.25,2153019.0,2325934.25,1817472.5,1908661.875,2218509.0,2320165.5,2103806.5,2174133.0,2084514.5,2305626.5,1768832.0,1988709.875,2077987.0,2278370.0,1888865.5,2196747.0,1930710.125,2139545.5,2191774.75,2507708.75,1765091.375,1862009.0,1741483.5,1779025.75,1317393.625,1421953.25,1484655.375,1765967.875,1881964.625,1894488.625,1956751.75,2118189.75,1666710.875,1769070.0,1551571.625,1568943.0,1716940.625,1757630.75,1820996.5,1821165.5,2170199.0,2048718.875,1537236.375,1553118.25,1667639.875,1922841.0,1515274.5,1552042.5,2712199.5,2697604.75,1549426.25,1557210.125,2015306.125,2076395.0,1598620.125,1893813.875,1851465.125,1794825.125,2475651.0,2154398.25,2160100.0,2354379.75,2270042.0,2635995.25,2993975.0,3033882.75,1864852.75,2018764.25
51,2139994.25,1929923.875,1874000.875,1782215.375,1695571.5,1694792.75,1834383.75,1738158.5,2015659.875,2014047.25,2496722.0,2354552.0,2230107.75,2309154.5,2046228.75,1944059.875,1979807.0,1843008.25,2008739.25,1720330.875,1789378.0,1640489.0,2028459.5,1746280.75,2031996.0,1871340.625,1819916.625,1471550.125,1925024.875,1964938.25,1881861.875,1711151.375,1782287.625,1837763.25,1688002.375,1564675.875,1893043.375,1834773.0,1990257.875,1861804.25,2153539.75,2352300.75,1711549.5,1526137.25,1443755.625,1353976.5,1550551.25,1744061.375,1647871.375,1571382.0,1694793.625,1661024.625,1641304.25,1580056.0,1863334.75,1892898.375,1962238.875,2248897.25,1748908.375,2066713.125,1603029.125,1645822.5,1894050.125,2042593.0,2178638.25,2147052.25,1915034.75,1869988.875,1624310.5,1635565.125,1984710.625,2184608.75,1873731.5,2185707.25,1591152.875,1250720.625,2242739.5,1890853.625,1829592.75,2015846.375,1328230.0,1405278.875,1501566.5,1535500.625,1566872.875,1627590.0,1868173.125,1715214.5,1443754.125,1357822.375,1682373.25,1590556.0,1472559.25,1394538.625,1475869.25,1469945.75,1594497.375,1754708.375,1691663.5,1620800.125,1137065.75,1167035.75,1589066.625,1467320.125,1744562.125,2024268.5,1626728.5,1816043.0,1731831.875,1636771.25,1465441.0,1351966.0,1800012.5,1819513.75,1591030.125,1527647.875,1835803.375,1524748.0,2131228.25,2227167.0,2037046.0,2100703.75,2130950.75,2369331.0,1852601.25,1948272.25,1925840.0,2260061.5,2000655.875,2323810.0,1969372.625,1985206.0,2027813.625,2480784.25,1664440.5,1679118.25,2120444.5,2120777.25,2153801.5,2299005.0,1731357.125,1695710.0,1882763.0,1973666.5,1792235.25,1996320.625,2145838.0,2058582.125,2254797.25,2308617.5,2389188.0,2246191.5,2110005.75,2176963.0,1885253.0,1874711.5,1607487.25,1605854.5,2010736.125,1989670.25,1874186.75,1903017.625,1855868.0,2098405.75,2074909.5,1943369.5,2057297.75,2077442.5,2197980.25,2112226.75,1896614.5,1975094.625,1857406.25,1970520.5,2172433.25,2166409.75,2091333.125,2158861.0,2152024.25,2326389.75,1822684.125,1911476.75,2218717.75,2319447.25,2102910.5,2174795.75,2088250.25,2305633.75,1767888.25,1983167.75,2087886.25,2288599.25,1888939.75,2200713.5,1932838.625,2143494.5,2195976.25,2514827.75,1756290.625,1853130.25,1731359.125,1773227.5,1304308.625,1399279.125,1477064.125,1753101.75,1884422.875,1889142.625,1956778.25,2115459.75,1665985.875,1769963.25,1549057.125,1566959.0,1719707.625,1762525.375,1822547.75,1823197.25,2174662.75,2050874.5,1537844.5,1554679.25,1670797.875,1923374.25,1516532.375,1555452.5,2712674.0,2695129.5,1550792.875,1558339.25,2014615.625,2075300.625,1597868.5,1893285.625,1852304.0,1795027.375,2472595.5,2149819.25,2161909.0,2355592.25,2271645.25,2634590.0,2993336.25,3032304.75,1863356.375,2018609.0
52,2136714.25,1928838.5,1872819.5,1785371.25,1694111.625,1690387.25,1829902.75,1735137.75,2008260.0,2008730.875,2493937.0,2350102.75,2229472.0,2307941.25,2049185.875,1941071.875,1977619.25,1840307.125,2010519.0,1721265.75,1791228.5,1638675.125,2026478.875,1741779.375,2031368.375,1868091.5,1819096.125,1466313.625,1923240.5,1962177.25,1884931.25,1711485.375,1784911.25,1834038.125,1693201.25,1565798.125,1896610.0,1834918.25,1990921.0,1859536.375,2153939.75,2350270.5,1711385.25,1523782.375,1444740.25,1354537.125,1550818.25,1739700.25,1646443.875,1568276.125,1694767.0,1659394.375,1634527.875,1574366.625,1860250.875,1889406.875,1960075.125,2243729.25,1748151.875,2064537.875,1603612.875,1645399.625,1891201.875,2038870.625,2176916.25,2143896.25,1909784.25,1867647.125,1625683.0,1638635.625,1981793.5,2182969.0,1873645.25,2185744.0,1589689.875,1251330.0,2248552.75,1894572.25,1831949.625,2018864.375,1332954.5,1408357.75,1499351.625,1538882.875,1568889.875,1626211.375,1868410.125,1718705.125,1437982.75,1358021.0,1678526.0,1590932.375,1471765.875,1394447.875,1475295.75,1470762.125,1600923.25,1756279.375,1693076.625,1622267.875,1135431.875,1165654.0,1588718.0,1468104.375,1746373.0,2022057.25,1623055.5,1814360.75,1727637.375,1634650.875,1457769.375,1344361.5,1798717.125,1823137.625,1585023.25,1518811.5,1828695.0,1520980.875,2133996.5,2235142.0,2039655.125,2101339.0,2134163.75,2366385.0,1855355.875,1956054.875,1926057.625,2261890.75,2002231.625,2321892.5,1970442.5,1983192.375,2030532.25,2485623.0,1666008.375,1677810.625,2121869.25,2120138.75,2155583.0,2301260.0,1734400.375,1697392.625,1882629.125,1975741.5,1793434.625,1995668.0,2148120.75,2059390.375,2250675.25,2306442.25,2394955.75,2243535.25,2109915.25,2176381.75,1878981.75,1868148.5,1608012.375,1604187.25,2014708.375,1988846.25,1871410.25,1899440.875,1856491.375,2099992.0,2074179.375,1943756.25,2056459.125,2074694.125,2199365.5,2111727.0,1897934.875,1975988.125,1854296.625,1970362.5,2169572.25,2164729.5,2092600.5,2160745.75,2148331.0,2322575.5,1822191.625,1910599.5,2217028.0,2318598.75,2100723.5,2175124.0,2088791.625,2303384.0,1771506.375,1982216.75,2098605.75,2298997.75,1897656.375,2210450.0,1942190.75,2153779.25,2208741.5,2516536.25,1756275.375,1852025.25,1728106.125,1772309.75,1304661.5,1397022.375,1472355.0,1748150.75,1897841.0,1893965.5,1960421.5,2113192.75,1666313.125,1766349.375,1547381.625,1563642.375,1720996.875,1759766.125,1823747.875,1825626.875,2175114.75,2050791.25,1537511.25,1551594.5,1671239.875,1923494.875,1515678.5,1552902.625,2713853.25,2694912.25,1549195.375,1552511.0,2009791.125,2072237.125,1594903.0,1890608.875,1849182.625,1792415.125,2469307.75,2149098.0,2160211.5,2358470.75,2273193.0,2639261.25,2994456.5,3034633.25,1859755.875,2018346.5
53,2131959.25,1926868.0,1871015.875,1787972.75,1705948.125,1701045.0,1826523.625,1723036.625,2000238.5,1999755.5,2495811.5,2355101.5,2235862.5,2318148.25,2054985.875,1945638.875,1973927.875,1840739.75,2020298.125,1726105.25,1797482.875,1646425.75,2032369.375,1746931.5,2027128.5,1868564.875,1825058.625,1472474.0,1920838.25,1962322.625,1887846.125,1717804.875,1782103.5,1832198.125,1691923.5,1566824.875,1895452.375,1837588.125,1989154.125,1857457.625,2159419.75,2359657.5,1707347.375,1526325.25,1446389.875,1355638.0,1553386.625,1749796.125,1644677.5,1569018.0,1694918.375,1659137.0,1628304.0,1570120.625,1854990.75,1884680.5,1952249.875,2237590.75,1742492.875,2061777.375,1601660.625,1646940.5,1887518.125,2034436.0,2173023.0,2141957.5,1904707.625,1865411.0,1623765.25,1639073.875,1978858.125,2183145.0,1870277.875,2188049.75,1585012.5,1246889.625,2246208.0,1892721.875,1827634.875,2019481.125,1332042.0,1408289.0,1497463.25,1535171.125,1563000.75,1623869.0,1865350.875,1717589.75,1437858.625,1361362.25,1681880.125,1595137.25,1467269.5,1390929.5,1477754.125,1472992.375,1597695.25,1757745.25,1694076.875,1624243.125,1130779.625,1166179.75,1585723.125,1467990.0,1749762.125,2024777.75,1618578.625,1812103.125,1723648.875,1634450.5,1453799.0,1349965.125,1796718.75,1825299.0,1581605.125,1511003.625,1837094.25,1516626.125,2135378.75,2238188.25,2039321.875,2099141.5,2128917.75,2362727.0,1853167.125,1949438.25,1925849.5,2264548.75,2000911.5,2312671.75,1965655.5,1975301.625,2033364.0,2485441.25,1670266.375,1683441.25,2121362.5,2122160.25,2151375.0,2299430.25,1734785.875,1696679.0,1881723.875,1977266.0,1791085.25,1994853.25,2151414.75,2063873.25,2247288.25,2302410.0,2402035.25,2243869.75,2111559.25,2176005.75,1870161.0,1861926.875,1606637.125,1603262.875,2010492.375,1983613.5,1867532.375,1892758.25,1855765.875,2097221.0,2076066.75,1946566.0,2056833.125,2078131.875,2195480.25,2113611.5,1896825.75,1976802.25,1853747.875,1973974.875,2170999.0,2165648.75,2093502.25,2163376.0,2150187.75,2325440.25,1826302.5,1913980.5,2215308.0,2321106.75,2100804.0,2175510.75,2090950.625,2310361.5,1774530.125,1982171.5,2104804.75,2300950.25,1902534.875,2214806.0,1949746.875,2159980.25,2217208.5,2517484.75,1758231.375,1855462.375,1723445.375,1771311.25,1303913.625,1399882.5,1468381.25,1746322.75,1903145.5,1901093.125,1965408.875,2117189.75,1670957.5,1767881.875,1549440.375,1564422.25,1718745.125,1756811.5,1824968.25,1827318.0,2176701.5,2050833.375,1538561.25,1549787.0,1670218.75,1923942.625,1515751.75,1549814.0,2716553.75,2698156.5,1549405.0,1551039.875,2008773.25,2075509.25,1595964.5,1888976.375,1848866.125,1792154.125,2473364.25,2155513.75,2160751.25,2359598.5,2275716.75,2644130.75,2998072.25,3039715.0,1859307.625,2017847.0
54,2128782.25,1925267.0,1870564.5,1790026.625,1712268.0,1708537.375,1825385.625,1718190.875,2002684.375,2000735.875,2493837.0,2358703.75,2237759.25,2322447.25,2054141.75,1949105.375,1966374.75,1840943.125,2023213.625,1727442.375,1797424.5,1650792.5,2034237.0,1753318.25,2025736.5,1872300.75,1824964.625,1476175.75,1916502.375,1961520.125,1881261.25,1720771.875,1778806.0,1833790.125,1685339.25,1567768.375,1887612.875,1840573.5,1989959.375,1857362.125,2159420.75,2361006.5,1705301.75,1527681.25,1447722.625,1356153.875,1552035.75,1755717.0,1646284.75,1572322.25,1690995.0,1661275.0,1627430.875,1571463.0,1853295.625,1884246.125,1948318.0,2237313.0,1740151.625,2060941.25,1601407.375,1650173.75,1884034.625,2033219.0,2173556.25,2142705.5,1906664.375,1865573.0,1623088.375,1633691.625,1981091.125,2189952.75,1870159.25,2192527.25,1585813.875,1248250.625,2237860.75,1895601.0,1824377.125,2024468.0,1327845.25,1405717.875,1499894.25,1531022.125,1555542.75,1622021.375,1864699.375,1717798.625,1446008.625,1364922.875,1682745.25,1592148.75,1468133.75,1386676.5,1481980.75,1474822.75,1587453.375,1753276.0,1691617.375,1620583.0,1133408.75,1167644.625,1585379.25,1466709.5,1753149.875,2028898.0,1619570.875,1810293.75,1728139.875,1639483.625,1461820.875,1353663.5,1800071.0,1823059.875,1583737.625,1514759.625,1841129.25,1516448.0,2130485.25,2231691.75,2035420.875,2100604.25,2123925.25,2367417.5,1852703.875,1941792.625,1926909.375,2266897.25,1999392.625,2311131.25,1964203.25,1974423.0,2037059.75,2484838.0,1673145.25,1686637.875,2118668.5,2123869.5,2148458.75,2300315.5,1731254.625,1699111.25,1878708.5,1977340.5,1790659.0,1999228.875,2149456.5,2062144.625,2248788.0,2302073.5,2400778.25,2242587.0,2111831.0,2176332.25,1868192.625,1863320.375,1607126.625,1607384.0,2005023.0,1983477.875,1868241.25,1891442.125,1852942.375,2098375.0,2077438.625,1952262.625,2054952.125,2084438.125,2193973.5,2119427.75,1895191.875,1979871.125,1853900.875,1979130.375,2171399.5,2165718.5,2094221.125,2164052.0,2151853.75,2330378.25,1825054.5,1912968.5,2216659.25,2323320.5,2106905.0,2178429.0,2091069.875,2311784.75,1774584.0,1982961.375,2102946.75,2298791.25,1899399.75,2211873.75,1951132.0,2161012.0,2210986.0,2518732.75,1759219.625,1856405.875,1720082.875,1769747.25,1301916.75,1396784.0,1468438.375,1743663.875,1896249.875,1901484.875,1967956.0,2120605.75,1670451.625,1765402.75,1553611.5,1565854.25,1717539.0,1759518.25,1824193.25,1826472.5,2176909.5,2050943.0,1538744.5,1550159.375,1670798.375,1924988.625,1517258.625,1548874.125,2719084.5,2700992.75,1550299.5,1553556.25,2011090.625,2077643.25,1598442.75,1889332.125,1848869.0,1793535.0,2477800.0,2157243.5,2160315.5,2357044.25,2274352.75,2642530.5,2999757.25,3043251.25,1860823.875,2016161.375
55,2125906.25,1923563.625,1870067.0,1789466.625,1721635.5,1710681.875,1825207.0,1721217.5,2007861.25,2003967.0,2483859.25,2352578.0,2242969.25,2322975.75,2057568.75,1949157.375,1954630.75,1835888.875,2027084.75,1732876.625,1803008.625,1658559.125,2032968.75,1756398.75,2026052.0,1873373.625,1844190.75,1486515.25,1913830.125,1957361.125,1877932.125,1722240.875,1779885.0,1836326.75,1680244.875,1570546.875,1883625.375,1839613.125,1986605.25,1854286.125,2157688.0,2344195.75,1699701.125,1519513.25,1443239.375,1350774.375,1552858.25,1751522.25,1641753.625,1564833.375,1683701.0,1659024.25,1635375.5,1576239.875,1857616.125,1886991.625,1952363.875,2241519.5,1726550.125,2052085.125,1605077.0,1650398.375,1883746.875,2032193.875,2172661.0,2144698.0,1912053.375,1865760.875,1611258.5,1624133.25,1982871.75,2200503.75,1872724.25,2189587.75,1594195.5,1259247.0,2225455.0,1889876.5,1829350.625,2024451.375,1322793.25,1406256.0,1492133.875,1526757.75,1559025.625,1628407.5,1868351.75,1720452.25,1448884.0,1375773.875,1678230.75,1584977.75,1467871.125,1378288.125,1485123.0,1477854.125,1588402.5,1751482.0,1685161.0,1613767.375,1137735.0,1164084.5,1585220.25,1463775.875,1759075.625,2035278.0,1623479.5,1807887.5,1725758.125,1642760.5,1457454.625,1349152.875,1801817.0,1825816.875,1577665.625,1507069.125,1826614.625,1514663.25,2129697.5,2225255.0,2032491.25,2100543.5,2122676.75,2369920.5,1842388.125,1940286.25,1926561.625,2265789.5,2001035.25,2316215.0,1958664.875,1968589.875,2039248.0,2482498.25,1679378.25,1686983.25,2113204.25,2118234.25,2155684.25,2306776.25,1719254.25,1696841.25,1872926.25,1974837.75,1790680.375,2004751.75,2143087.5,2058772.5,2247612.25,2300662.75,2388830.25,2234926.75,2105082.5,2173018.75,1876430.375,1868051.375,1612119.875,1611563.125,2011936.375,1990233.75,1862327.0,1884239.125,1852809.625,2099819.25,2074124.75,1949832.125,2051890.5,2081608.75,2193789.75,2119177.25,1894892.25,1979507.75,1851191.375,1980715.5,2161033.5,2158495.25,2089620.5,2159507.0,2148655.75,2325888.75,1817225.875,1906365.375,2217314.5,2322047.0,2109419.5,2179648.0,2083244.625,2299976.75,1778836.25,1991827.625,2098935.75,2301462.5,1909205.5,2216158.25,1952580.0,2164393.25,2203625.0,2516274.0,1768677.375,1861078.75,1731428.875,1776809.875,1318092.25,1408223.875,1480326.25,1751780.375,1898806.875,1906415.75,1967138.625,2119351.25,1660677.875,1752034.125,1551771.125,1565622.0,1718025.875,1757001.25,1821991.375,1824472.125,2169263.75,2044955.25,1535154.5,1546990.0,1667010.0,1921402.75,1513846.625,1543482.375,2721015.25,2698266.75,1547848.5,1549897.875,2007920.125,2070724.5,1595595.5,1887906.75,1844322.0,1789701.5,2474320.0,2153174.25,2154295.0,2355106.0,2269781.75,2639934.0,2997551.75,3041351.75,1858628.0,2012356.5
56,2123367.75,1922633.125,1869310.5,1785989.0,1730978.75,1712648.875,1828292.75,1720635.375,2009297.375,2002651.0,2479554.75,2347616.25,2247378.0,2323996.5,2063436.375,1950082.875,1950800.625,1832716.0,2030808.375,1736691.75,1811049.25,1664341.625,2036710.875,1758510.25,2026846.875,1871155.875,1861976.5,1496070.875,1916179.125,1955312.0,1882067.875,1723718.0,1779567.125,1830428.875,1680013.375,1569582.375,1885035.75,1835610.375,1980670.75,1846849.875,2160380.5,2342459.5,1692736.75,1515020.25,1439245.0,1347287.625,1559295.625,1756968.125,1635113.25,1558151.0,1682258.375,1655706.375,1642454.25,1576867.5,1863331.25,1888139.375,1960884.625,2244868.5,1724491.0,2048146.5,1608058.625,1647417.875,1884996.25,2027196.25,2171885.75,2147281.75,1914131.25,1866479.75,1604049.125,1619454.125,1982209.0,2198272.75,1874184.75,2186175.75,1598170.125,1262166.375,2223276.25,1884849.5,1834537.875,2022372.0,1322357.5,1407694.5,1484759.625,1527382.125,1562835.5,1631540.625,1869850.5,1719355.25,1445498.0,1384132.25,1681681.5,1593076.125,1462956.125,1378603.875,1483010.75,1484743.125,1592903.875,1756758.875,1682064.125,1616716.125,1133830.25,1163307.75,1582439.875,1462478.75,1758775.75,2032085.625,1622894.75,1808609.75,1716309.125,1637788.25,1448937.375,1352337.875,1795099.125,1824303.625,1571710.0,1497924.875,1816011.25,1506070.875,2134883.0,2225267.0,2034713.875,2098819.5,2122907.25,2364865.5,1833706.375,1943331.25,1925342.0,2265136.0,2002916.625,2320406.5,1955137.625,1962113.625,2036434.375,2482343.75,1681827.0,1684632.375,2110426.0,2114638.0,2163759.25,2311709.0,1713781.125,1692103.25,1871398.375,1971450.75,1790663.125,2003799.875,2139826.25,2059235.25,2245476.75,2300334.0,2384667.25,2233431.5,2100223.0,2169909.75,1884922.25,1869880.125,1616370.0,1611415.875,2023465.75,1994965.375,1859322.25,1878351.0,1854165.5,2095880.625,2070960.625,1940830.0,2054354.375,2076241.875,2193466.5,2113194.0,1897694.25,1976359.375,1851353.0,1976212.125,2154475.75,2155419.5,2085654.375,2155077.75,2145886.5,2319560.75,1814045.875,1905853.125,2216702.5,2320339.5,2104573.25,2176666.25,2079507.375,2299925.5,1781793.0,1996431.625,2099654.75,2300045.25,1922152.0,2224181.25,1952929.625,2161203.25,2209854.5,2514620.0,1775518.625,1863661.25,1738523.5,1779426.875,1331285.5,1426629.25,1487901.875,1760771.625,1912429.625,1913138.5,1965861.125,2117891.0,1658702.25,1754354.875,1544198.125,1562721.875,1717625.5,1754575.125,1819469.375,1821212.125,2162882.0,2037426.625,1532419.875,1542063.375,1660400.125,1914852.625,1508197.5,1536986.5,2716967.25,2692865.5,1544339.875,1543782.5,1999180.375,2061252.375,1591693.625,1886947.625,1841882.375,1785186.625,2465146.5,2144795.5,2149589.75,2350939.5,2264903.25,2634627.5,2990077.75,3030864.25,1853859.125,2007538.625
57,2122742.0,1923028.5,1869154.25,1783633.125,1726313.875,1714584.75,1828948.0,1718439.375,2008056.375,2003859.75,2483070.25,2349256.75,2242718.0,2325401.25,2061405.25,1951975.625,1959498.0,1836728.75,2025736.625,1733858.375,1809008.5,1663495.5,2036167.0,1763549.875,2025163.5,1870765.0,1857868.875,1497958.875,1922085.875,1958571.875,1883229.25,1725740.125,1775606.75,1825639.5,1683420.375,1567516.875,1888558.125,1834544.625,1983886.375,1843391.75,2163101.0,2355621.25,1695513.75,1522843.0,1441340.0,1352077.5,1565009.75,1772256.0,1637698.75,1563592.0,1689010.125,1658018.125,1638652.125,1574895.0,1863271.625,1888555.125,1963282.625,2247677.0,1742339.5,2054920.75,1606978.0,1647382.25,1885376.875,2026211.625,2175260.5,2148265.0,1912934.25,1868199.375,1608852.625,1619294.25,1981394.5,2187137.75,1875212.5,2191362.5,1590312.625,1253080.125,2234960.25,1893310.5,1833855.0,2026272.625,1327702.25,1405124.0,1491774.75,1529629.5,1559442.25,1622688.375,1867151.5,1715267.375,1448258.5,1381886.125,1693595.125,1608071.625,1464947.0,1386559.375,1480596.375,1488963.875,1588792.125,1758961.625,1688024.875,1622402.375,1129514.5,1164964.625,1582819.5,1463907.0,1749027.5,2018916.5,1620508.125,1811360.5,1715930.75,1634041.875,1460022.5,1361581.375,1790515.25,1812782.75,1578329.625,1509169.0,1816126.625,1497332.375,2134740.5,2225443.5,2035827.75,2100561.75,2121482.5,2362552.75,1837996.5,1945430.25,1923940.625,2262753.25,2001211.5,2323513.5,1960457.125,1967574.25,2027760.25,2489116.75,1673334.0,1679634.0,2111777.75,2120888.25,2159746.0,2312144.25,1721740.0,1696282.75,1876856.75,1970408.125,1792645.0,2001831.5,2136786.25,2052993.125,2245264.0,2301019.25,2388723.0,2239000.5,2104636.25,2170763.0,1881974.75,1871271.375,1615412.625,1611484.25,2021451.875,1995056.125,1865354.25,1883676.5,1852968.375,2095973.25,2074109.25,1942043.125,2060841.375,2081527.0,2196957.5,2115901.0,1901726.0,1979027.75,1856859.875,1973352.25,2163620.75,2163917.25,2090689.75,2157058.75,2145946.25,2321892.5,1816425.625,1911111.125,2216561.75,2320478.75,2103440.5,2175744.75,2085066.25,2307802.25,1773428.0,1986346.125,2091478.5,2284348.25,1911420.25,2216567.25,1947676.75,2145847.0,2212418.5,2512859.75,1769342.875,1856596.875,1730375.75,1768178.125,1322276.125,1431617.75,1480911.5,1757623.25,1910373.0,1907168.375,1964962.625,2116733.5,1664726.875,1770295.875,1540581.25,1561389.0,1718126.25,1758794.625,1818388.875,1818037.5,2167440.0,2041222.25,1534853.625,1545356.375,1662116.25,1917114.75,1508821.875,1541737.125,2710145.75,2694052.0,1544410.125,1546009.0,1998645.875,2061315.0,1593957.0,1888901.875,1846021.375,1788001.75,2464119.0,2141011.0,2153337.25,2345467.5,2263433.25,2629121.25,2988483.0,3025320.0,1854489.25,2007552.375
58,2123253.25,1922716.625,1867532.125,1783628.0,1718286.75,1719206.875,1823784.0,1717832.25,2003584.875,2005101.625,2485482.0,2353457.5,2240800.75,2331518.25,2059097.75,1952867.125,1966594.75,1840214.25,2023764.375,1735824.75,1806237.375,1667617.375,2030883.875,1767230.25,2020202.0,1871225.125,1864244.125,1505028.25,1925877.375,1962293.625,1884161.125,1729313.375,1773826.375,1833062.5,1684805.0,1570436.0,1894484.875,1836349.125,1989560.875,1845932.875,2165245.25,2353880.75,1702940.125,1528224.375,1441510.375,1355263.625,1566162.375,1777841.75,1642751.0,1568098.375,1694126.5,1660530.375,1632655.25,1575648.375,1857648.5,1889788.375,1955943.125,2247725.75,1738977.25,2052810.875,1604393.75,1649078.125,1886794.25,2030920.625,2172755.75,2145377.0,1910328.875,1867985.625,1606744.125,1620643.125,1981041.125,2189422.25,1876226.875,2193533.75,1585556.625,1249853.375,2241826.5,1895362.5,1837028.625,2024451.375,1330805.0,1402666.75,1495959.625,1525422.625,1560499.0,1617739.125,1868556.625,1714527.375,1452423.875,1377889.25,1694995.375,1601638.375,1470054.625,1383119.75,1483758.75,1481041.375,1585882.125,1753380.375,1694200.5,1616025.5,1132071.0,1158744.25,1586563.375,1464785.75,1744122.875,2017879.125,1622362.5,1811063.25,1720080.625,1637911.875,1468322.25,1358364.625,1794819.625,1814874.5,1584917.625,1517206.875,1817894.375,1501562.5,2135460.25,2228454.25,2034385.0,2101863.5,2119468.5,2363594.25,1835364.75,1940962.5,1917680.25,2253087.75,1999242.125,2323347.0,1957235.25,1968515.0,2021031.625,2490465.0,1667519.25,1680660.25,2112708.0,2123542.0,2152440.25,2309597.5,1725546.25,1698903.0,1881482.5,1969920.625,1794393.5,2003618.25,2130631.25,2043136.25,2240919.75,2295106.25,2383980.0,2238237.5,2108701.75,2170737.5,1873070.75,1872109.25,1612863.75,1611419.0,2010241.0,1991030.5,1862395.75,1884406.25,1854087.625,2102459.5,2078358.375,1950896.125,2064824.25,2089106.5,2201555.0,2124674.0,1903277.75,1985050.5,1861251.5,1978382.375,2171180.5,2167433.5,2094681.875,2160947.75,2146990.25,2326281.0,1816644.125,1911569.375,2215691.75,2322461.75,2106401.0,2177346.25,2087387.25,2302355.0,1762549.125,1977815.25,2073037.625,2270646.0,1894128.625,2204790.5,1941221.125,2138972.0,2196751.25,2506378.0,1766157.75,1853760.375,1730892.5,1765064.5,1317057.25,1428579.5,1475610.375,1755494.625,1894041.5,1896211.125,1961481.75,2114067.25,1666908.375,1773643.75,1545025.125,1567785.625,1722357.625,1761261.5,1822097.25,1822056.375,2175209.0,2050352.375,1538350.25,1553353.875,1668679.75,1924565.125,1513380.0,1550696.375,2716679.25,2703148.75,1548098.0,1553644.75,2007756.625,2072275.0,1598565.0,1890316.375,1849554.0,1792391.25,2476552.0,2153055.75,2160470.75,2350460.25,2270090.0,2636650.75,3001738.75,3037725.25,1860672.875,2013783.625
59,2124411.75,1921941.25,1868860.375,1788124.125,1727717.5,1725930.5,1821656.25,1718085.125,1998711.25,2002114.25,2485115.75,2352201.75,2247877.5,2340698.25,2064873.25,1951714.875,1964002.5,1837649.625,2030367.5,1745234.0,1811038.75,1670729.625,2032467.75,1761892.375,2020244.5,1866548.75,1875725.375,1516711.5,1925053.75,1958032.75,1885565.75,1727915.75,1778596.5,1836060.125,1682645.875,1572478.875,1892443.625,1837492.0,1987996.375,1849498.5,2165755.75,2341227.5,1699252.625,1524402.25,1439152.625,1351388.875,1570698.375,1776075.25,1640733.0,1565540.875,1691640.125,1658615.5,1635908.125,1576846.875,1856612.25,1887114.375,1951983.875,2240129.5,1722799.0,2041079.125,1603791.375,1648590.5,1889839.25,2033369.75,2166308.5,2141943.0,1908374.125,1865646.125,1606002.25,1621852.0,1983007.75,2195404.5,1876212.625,2192231.25,1592951.5,1254664.25,2238584.25,1891727.375,1836741.125,2022326.5,1328512.625,1406393.25,1491019.25,1521991.375,1566815.75,1626331.75,1872572.75,1717434.0,1451465.0,1378639.75,1684531.875,1590157.25,1466617.375,1376089.5,1490145.75,1478899.875,1588967.5,1751601.25,1688137.5,1611270.125,1133229.25,1153408.75,1585550.25,1465213.25,1747240.875,2028242.75,1624407.875,1811362.75,1719643.75,1641510.75,1464367.25,1353583.875,1798762.5,1825692.25,1582264.125,1507415.375,1821415.0,1505316.5,2139397.5,2230988.25,2037854.125,2102645.0,2119316.25,2364138.5,1827063.875,1936735.875,1910111.875,2245771.25,1999997.25,2319234.5,1948894.125,1958975.75,2022601.75,2482134.75,1670254.625,1687368.375,2111908.0,2117268.0,2151889.75,2303737.5,1721079.375,1690545.25,1879761.875,1969086.5,1794640.625,2002279.875,2125846.75,2042950.75,2237292.25,2291623.75,2374688.75,2231936.0,2105325.0,2170634.5,1871433.625,1867558.0,1613161.125,1610966.5,2006816.375,1984569.75,1853107.0,1876024.75,1859042.125,2104032.75,2076754.0,1951173.375,2060142.125,2086290.5,2199763.0,2125591.0,1903141.5,1983885.5,1857345.125,1980224.625,2165805.25,2160312.75,2089027.5,2159216.5,2144043.25,2321856.0,1811429.375,1906863.875,2213554.25,2321088.5,2105175.0,2175334.25,2082230.625,2293541.5,1763563.5,1983436.125,2067230.75,2271172.5,1896070.375,2208170.0,1937963.625,2144722.25,2184853.75,2501520.75,1773089.625,1861172.125,1742980.875,1778084.0,1328949.5,1430981.875,1481045.625,1763290.875,1891523.75,1895925.5,1956671.125,2113525.5,1668444.25,1776177.75,1551148.875,1573836.375,1724104.625,1763105.0,1824135.0,1827179.125,2173995.75,2049629.5,1537345.25,1551419.75,1669112.25,1924065.0,1513994.75,1547265.375,2724582.25,2706391.5,1548615.875,1555111.875,2011269.375,2078563.25,1598148.0,1889710.0,1847344.875,1790901.5,2482901.75,2164023.75,2159780.0,2356667.75,2272868.5,2644360.5,3006677.5,3045776.75,1862011.5,2016585.625
60,2126262.5,1921530.125,1874203.875,1796742.625,1741018.5,1727415.375,1821977.375,1719661.375,1996910.5,1998816.5,2484230.5,2344943.0,2252556.5,2341145.0,2067265.125,1950737.25,1959171.125,1836012.5,2031481.75,1747446.5,1811404.875,1665143.25,2035187.25,1756006.875,2021927.625,1863127.625,1864608.0,1515884.625,1921173.375,1950789.0,1880957.125,1721421.75,1781574.375,1832972.75,1684031.625,1574024.0,1881838.125,1840776.625,1985419.625,1853407.125,2163604.75,2342407.5,1693627.875,1523793.25,1441090.625,1349463.875,1575642.625,1777052.125,1638919.875,1566148.125,1687646.375,1660891.5,1637916.875,1578411.0,1858046.625,1881050.375,1953785.25,2234489.25,1728321.25,2040905.75,1603909.75,1648043.375,1888398.375,2034649.0,2167349.25,2141857.0,1908099.0,1864120.375,1617646.75,1623121.125,1982759.75,2189380.5,1874751.5,2197389.5,1595794.25,1254126.875,2234642.75,1896288.75,1830607.625,2028265.875,1326343.625,1409699.875,1488939.375,1524123.25,1567223.5,1633294.125,1871150.0,1717890.5,1453041.125,1376739.25,1679748.125,1595687.125,1464482.875,1377690.75,1490320.875,1487978.875,1587808.375,1755244.0,1679601.125,1617181.0,1131450.625,1156387.375,1584415.375,1465710.625,1749001.5,2032232.5,1623052.125,1813564.0,1720676.875,1642529.0,1466674.625,1360139.125,1799702.5,1824749.375,1579405.25,1500439.0,1825126.25,1498146.25,2139028.5,2227235.0,2041276.5,2103789.75,2119148.5,2364445.75,1832481.0,1936667.0,1911008.875,2250097.75,1998417.5,2314265.5,1953797.0,1959667.0,2024550.375,2477123.75,1671240.875,1688834.5,2108476.75,2115168.5,2148428.25,2297164.5,1716994.25,1687783.0,1876209.0,1971298.375,1791916.75,1998444.625,2127989.5,2049262.375,2241493.25,2298197.25,2376820.5,2233459.25,2102750.75,2175119.25,1871700.875,1863869.625,1612067.125,1612836.875,2006252.125,1982837.25,1854639.625,1877324.0,1861102.375,2100147.0,2073347.0,1945673.5,2050759.75,2081918.5,2193744.5,2121819.0,1900688.75,1978254.75,1848986.125,1975179.75,2162159.0,2159190.25,2084874.375,2156973.25,2142052.5,2316765.25,1811069.875,1908519.125,2212234.5,2316460.0,2101186.0,2172666.75,2080858.625,2298314.25,1771191.625,1990873.125,2075752.5,2277548.5,1904509.25,2213736.25,1938230.125,2147866.0,2191776.5,2506861.5,1775441.125,1863607.125,1744777.625,1782966.0,1334700.25,1433219.0,1485905.625,1766651.875,1898037.875,1899745.375,1954210.0,2115220.5,1667100.75,1781288.875,1550573.25,1568480.125,1719672.25,1765693.25,1821253.75,1825297.125,2169462.0,2046067.375,1534412.375,1542954.0,1666973.0,1922667.5,1511994.5,1538166.875,2718031.75,2701535.25,1545259.375,1550080.875,2007794.25,2075129.0,1595603.0,1888942.0,1844387.25,1787461.75,2476744.0,2160399.75,2154692.25,2353122.5,2268157.75,2641691.25,2998137.0,3040588.75,1857868.375,2013810.875
61,2129435.25,1922878.625,1875206.625,1797068.75,1739116.875,1724391.75,1818725.375,1717187.625,1997843.0,1995819.25,2485879.25,2344809.0,2251207.5,2333173.0,2062726.25,1952740.625,1960014.375,1838994.5,2028619.25,1739991.25,1806427.375,1664231.25,2037175.125,1759205.125,2016768.0,1867430.125,1857541.375,1507417.375,1918535.0,1954614.375,1880517.25,1721139.5,1776173.0,1841155.5,1687370.625,1580325.0,1883135.625,1846184.0,1984705.625,1856934.125,2165589.0,2356222.0,1699424.625,1528856.75,1443431.625,1352898.25,1568165.375,1780689.375,1640873.0,1568430.625,1688757.625,1668737.0,1633151.375,1580918.5,1853211.5,1879331.625,1951920.375,2238497.5,1731511.625,2049397.875,1602953.75,1648798.125,1882911.125,2036377.5,2167603.75,2144132.0,1905908.625,1862827.75,1617661.5,1621457.875,1979993.75,2188722.5,1873692.875,2200749.75,1590703.5,1252965.625,2231789.25,1896570.125,1837027.0,2027436.5,1324602.25,1407927.5,1483127.25,1525147.125,1563790.75,1633866.0,1869834.125,1717862.375,1456866.0,1374217.25,1679831.125,1598298.75,1464853.875,1376243.875,1479824.75,1485252.625,1580582.375,1754345.5,1681325.75,1618778.125,1131681.0,1157990.0,1588322.375,1463069.75,1748307.5,2031715.375,1620988.25,1811314.0,1719485.5,1642892.25,1466308.0,1360399.5,1803500.25,1827470.125,1575558.875,1495461.0,1818781.25,1483536.875,2139682.5,2230716.5,2036179.5,2101651.0,2120859.0,2367463.75,1833743.25,1925493.25,1909515.0,2252101.75,1993476.625,2307097.0,1954839.125,1966476.25,2020153.625,2474387.0,1671803.375,1689262.75,2104619.75,2119512.5,2143710.5,2293873.5,1715306.125,1693705.375,1877313.25,1977477.25,1787320.625,1998650.625,2133064.5,2051155.25,2244288.75,2298094.25,2389177.75,2243922.75,2106964.75,2179858.25,1868902.875,1866385.375,1608031.5,1612792.5,2002295.5,1984163.25,1859321.0,1885939.75,1858865.875,2098550.0,2076455.125,1946725.75,2051837.625,2086139.625,2193986.0,2121940.0,1897126.0,1977156.875,1849993.375,1976261.75,2169067.5,2167112.5,2091847.375,2162019.0,2152131.75,2323335.5,1821887.625,1917123.875,2217193.25,2320517.5,2100763.5,2177713.25,2087024.375,2311044.75,1770213.5,1987539.875,2081821.125,2285998.5,1900019.75,2210205.25,1941359.625,2151932.5,2202581.25,2519872.0,1769871.0,1858121.625,1736880.625,1777621.75,1325678.625,1426222.75,1479926.5,1759494.625,1898077.875,1899862.25,1955966.25,2115308.25,1660212.625,1767673.75,1546889.125,1559477.625,1718081.625,1762666.875,1822002.25,1825528.375,2169702.75,2048592.625,1533439.25,1541195.25,1666622.75,1927059.5,1510821.125,1537828.5,2714973.75,2700759.75,1544926.0,1546852.125,2004665.625,2071179.375,1594616.875,1888494.75,1843734.875,1787216.125,2473323.5,2154248.75,2154446.25,2352824.75,2268734.25,2641140.5,2998504.5,3040548.0,1855877.875,2012646.0
62,2134435.75,1928735.25,1874677.25,1788492.375,1738532.875,1725149.25,1821305.375,1714671.625,2003305.875,1997911.0,2492076.25,2354222.75,2252686.75,2332835.5,2064947.125,1954655.125,1968287.875,1840148.0,2034624.625,1738240.875,1810560.375,1669399.0,2046427.125,1762999.375,2017425.875,1870858.625,1873096.0,1510473.375,1923356.0,1963587.125,1889428.5,1727163.75,1775359.25,1849383.25,1686825.0,1580366.875,1895671.5,1845879.375,1985800.25,1859373.625,2171227.25,2358006.0,1704495.125,1529200.125,1442494.375,1354011.875,1562190.625,1782123.375,1640376.875,1564954.0,1694951.625,1668709.875,1636848.5,1580063.875,1851891.0,1883742.625,1951647.5,2241895.25,1718150.25,2050034.75,1603488.75,1649786.75,1885219.0,2035257.75,2162585.75,2146838.5,1904349.0,1862891.375,1604107.125,1616599.75,1982909.0,2196930.5,1875492.125,2197088.75,1591274.0,1257968.375,2235413.75,1890321.375,1844408.875,2021764.375,1321422.375,1408316.375,1475691.25,1524205.75,1562872.25,1637235.875,1872798.0,1721644.5,1453995.75,1382106.125,1676970.25,1594974.75,1458208.125,1372690.875,1473905.75,1479356.875,1576669.5,1752517.625,1684357.625,1616486.0,1130474.0,1157213.5,1587637.125,1460084.625,1744858.0,2030730.125,1618333.5,1807042.0,1712561.5,1639393.0,1457271.375,1353535.375,1804395.0,1833232.0,1567820.875,1487268.5,1812531.375,1470952.375,2138508.75,2234541.5,2031161.25,2099831.0,2124450.5,2373110.25,1821426.375,1907453.5,1899258.625,2244378.5,1992584.125,2300213.0,1944384.5,1964360.375,2017573.125,2467750.0,1673991.75,1693623.625,2107128.0,2119839.25,2149002.0,2292305.75,1718141.75,1691905.0,1880120.75,1981122.875,1787360.625,1998742.625,2133727.25,2049808.5,2242831.75,2290569.0,2393248.25,2245736.25,2109679.25,2178254.5,1874213.75,1868335.75,1608786.5,1608912.625,2005608.75,1982276.75,1858672.375,1886501.875,1858287.375,2100298.5,2085354.5,1951521.625,2063541.875,2090644.125,2201509.25,2123067.0,1897692.0,1978938.625,1858945.0,1982044.625,2173849.5,2169796.75,2098472.25,2167311.5,2162792.25,2332652.0,1825797.875,1916320.0,2225839.5,2329947.5,2104623.75,2184634.5,2090052.5,2313746.25,1761590.875,1980119.75,2080473.875,2288745.0,1889286.875,2204430.0,1940492.0,2153299.5,2203066.0,2521284.5,1764912.625,1855178.625,1731813.5,1778938.875,1318636.75,1423111.75,1470556.875,1756406.625,1897237.5,1900092.5,1959137.75,2113970.75,1660330.125,1754524.125,1551258.125,1561017.625,1721543.875,1758876.625,1823272.375,1827744.25,2172059.0,2050762.5,1534857.75,1546870.75,1666718.375,1928277.5,1511229.875,1544600.875,2722275.0,2703460.0,1547585.375,1549262.25,2003611.875,2068677.0,1594429.75,1889416.375,1843496.25,1789696.125,2474101.25,2150675.25,2155243.25,2355998.25,2268948.0,2639088.0,3001308.25,3040868.75,1857529.875,2013350.625
63,2136424.75,1933715.5,1876198.875,1787854.875,1742603.125,1727735.75,1828101.375,1722753.375,2008378.25,2005940.375,2496015.0,2358503.5,2255578.0,2338911.0,2070089.25,1953387.5,1974621.5,1838705.875,2040602.75,1743746.0,1817041.375,1668828.5,2050795.0,1762228.125,2025773.0,1870188.125,1880654.75,1516109.75,1929639.875,1963392.75,1891498.125,1729092.75,1780942.5,1841633.875,1685170.375,1570765.0,1897446.375,1839209.75,1988204.625,1859312.25,2172008.0,2348969.75,1701295.625,1524226.0,1441984.5,1351288.625,1570535.375,1777761.75,1638856.75,1562317.375,1696775.0,1660045.0,1645321.375,1578982.5,1857490.875,1888998.5,1954807.25,2241462.5,1716415.875,2048220.0,1605698.75,1651444.75,1893134.625,2033977.75,2163058.0,2148083.25,1908288.125,1866514.5,1604786.0,1617096.125,1985775.75,2196284.0,1876834.0,2195512.75,1593135.125,1258374.75,2242708.25,1890902.625,1835916.0,2023900.375,1322709.5,1409190.375,1482873.0,1523397.75,1563456.375,1636975.125,1872427.875,1722805.5,1448887.5,1386603.0,1678203.375,1598366.875,1456536.0,1376712.125,1482580.0,1484041.625,1581115.25,1754426.5,1683877.75,1618601.875,1128816.75,1158707.875,1582560.625,1461340.5,1741050.75,2026165.75,1617120.25,1807967.625,1713546.0,1636120.5,1456864.5,1355259.25,1797919.125,1823973.875,1569656.5,1491834.0,1825305.375,1478910.0,2131479.25,2224624.25,2035492.125,2102268.25,2123600.25,2374172.0,1821424.75,1910800.5,1898532.375,2242151.5,1995612.125,2304337.25,1945708.625,1964019.75,2020195.625,2469276.0,1671213.25,1691787.875,2112007.25,2117591.0,2153574.75,2294239.25,1722046.625,1688433.375,1879517.25,1977634.0,1790926.0,1997258.0,2131554.0,2048809.125,2243771.0,2293006.25,2383745.0,2234808.5,2106017.0,2173495.0,1882737.25,1869598.25,1613817.0,1608414.625,2011492.0,1983739.625,1858879.0,1883876.0,1860487.125,2101694.5,2087613.75,1952076.0,2066888.5,2088041.125,2203469.5,2121193.25,1899334.75,1980117.75,1860130.75,1981447.0,2169166.5,2165165.75,2093813.75,2163702.0,2159007.75,2331141.0,1814734.375,1906450.0,2225004.25,2328832.25,2106897.0,2182111.0,2086927.75,2304865.5,1760753.125,1981318.5,2079019.875,2281630.75,1890865.25,2203590.5,1934181.5,2143660.0,2196808.75,2506499.75,1764601.875,1855107.125,1731743.375,1780488.625,1321980.0,1430745.875,1472808.5,1761443.5,1897318.375,1898909.125,1959545.125,2113112.75,1667759.75,1766291.25,1559592.5,1570402.75,1723037.125,1761025.625,1818906.875,1823975.625,2174663.25,2049180.0,1537907.375,1552364.75,1668426.0,1924571.375,1515029.5,1550292.0,2723825.75,2702198.75,1548856.0,1554521.25,2006799.0,2069057.25,1595564.125,1891669.25,1844217.125,1791251.0,2472762.25,2149816.5,2154215.5,2351921.5,2264417.0,2631763.5,2994171.75,3033534.25,1860587.625,2013036.875
64,2133935.0,1931924.75,1874944.75,1792681.75,1735793.75,1723425.0,1826402.375,1732481.875,2006878.5,2009740.875,2490818.75,2352023.0,2250559.5,2335610.25,2066715.625,1950446.0,1969297.625,1838439.125,2033447.625,1743379.25,1811593.75,1663674.875,2042297.5,1759722.75,2025739.125,1869825.75,1865059.0,1508379.125,1926654.625,1957869.0,1883527.625,1724875.25,1779990.75,1829637.625,1682884.5,1566458.0,1887467.875,1834640.125,1986508.875,1854236.875,2165559.25,2347044.75,1695845.75,1520359.75,1441791.0,1350058.0,1573213.25,1773480.0,1638294.75,1562673.75,1687832.875,1654503.5,1645185.375,1581407.625,1860417.25,1891072.75,1955778.25,2244525.25,1728630.125,2051972.125,1606132.5,1652109.0,1893354.0,2034975.25,2169207.75,2147763.25,1912311.625,1868978.375,1610601.125,1617006.625,1982378.125,2190000.75,1874654.0,2194832.5,1589945.625,1254356.625,2237463.0,1893706.0,1826639.0,2026590.375,1328616.5,1406007.875,1492657.875,1522469.5,1565980.375,1630605.25,1868536.0,1719173.0,1450364.375,1376970.25,1683532.125,1600046.375,1463693.125,1379986.0,1490808.25,1485878.0,1590955.5,1755929.625,1684660.625,1619907.5,1131228.375,1160800.375,1581227.375,1463131.375,1745684.875,2024587.375,1620616.375,1812516.5,1720712.625,1638434.875,1464481.625,1360168.875,1794498.25,1813947.75,1578490.0,1503293.875,1832675.625,1492783.75,2127979.5,2218740.75,2040913.875,2105785.75,2120676.25,2371898.5,1833410.25,1931702.625,1909896.5,2248885.5,1998268.25,2317928.25,1956625.375,1969726.875,2023312.25,2481938.0,1669099.0,1684236.875,2111324.0,2118961.25,2151236.25,2302544.75,1720323.25,1693893.875,1877122.75,1973528.375,1792327.0,1999506.125,2130804.25,2047335.375,2245198.75,2300403.25,2379322.0,2229499.0,2102496.25,2172129.0,1883426.875,1872913.625,1615039.25,1613539.375,2012575.875,1991121.125,1861006.25,1885356.125,1858904.375,2100146.0,2076995.25,1948850.5,2055666.5,2082139.0,2195199.5,2118253.25,1897715.125,1979659.0,1852591.75,1976355.0,2163120.25,2161742.0,2086758.125,2156877.0,2149657.5,2322669.75,1807719.875,1904216.75,2217338.5,2321798.25,2105394.25,2176489.0,2083443.875,2299028.25,1772116.375,1991009.375,2085973.875,2282394.25,1903569.25,2210138.75,1936254.5,2142280.25,2198598.0,2501607.75,1770495.625,1856469.625,1736333.625,1777244.25,1329962.375,1435599.0,1483747.625,1764418.875,1899626.875,1898464.625,1961285.5,2113307.0,1667938.625,1775486.0,1557660.375,1572451.0,1721211.625,1762547.875,1816719.125,1820364.0,2172729.25,2044931.625,1538100.375,1549605.5,1668649.125,1920604.5,1516612.5,1548761.0,2716881.0,2696819.75,1547001.25,1554155.5,2007870.875,2069506.375,1594921.25,1890783.375,1845062.125,1790021.75,2468531.75,2149990.25,2153902.75,2347061.5,2264100.0,2629421.0,2988071.25,3028598.0,1860336.0,2011354.625
65,2133106.75,1929862.75,1873684.375,1793520.375,1725756.25,1715208.375,1822236.625,1734869.5,2004318.125,2008770.875,2485617.0,2346024.0,2240756.25,2326732.5,2060568.375,1947997.25,1963122.0,1840660.625,2021126.5,1737843.875,1802091.25,1658304.0,2034217.125,1757109.5,2021273.875,1871281.5,1840772.125,1495802.5,1920896.5,1955206.25,1877595.25,1720731.125,1776850.0,1826272.75,1681906.75,1570026.0,1878945.25,1836703.0,1984090.75,1849900.0,2156184.5,2343720.0,1691536.5,1521561.875,1440811.875,1350703.5,1563213.875,1765495.125,1637129.75,1561198.0,1680858.25,1656651.5,1642079.25,1583185.0,1860358.375,1890661.25,1957182.875,2248758.0,1735837.75,2055048.625,1605068.625,1650404.75,1888294.0,2037684.75,2173138.25,2146983.5,1910770.375,1867237.875,1608617.625,1616742.375,1981486.875,2188844.75,1874186.0,2193871.75,1589817.25,1254868.25,2229233.25,1895118.25,1828236.375,2026139.5,1331805.875,1404188.0,1492249.125,1523386.75,1568896.25,1627617.5,1869997.75,1715408.0,1456395.375,1368505.5,1685378.375,1599306.625,1466743.375,1380390.625,1489881.25,1484720.875,1597749.75,1757753.625,1685203.875,1620223.875,1133471.625,1162680.25,1583633.5,1464108.75,1753051.25,2027326.375,1624138.5,1815750.25,1723782.625,1640776.5,1471188.375,1361717.5,1798352.125,1813051.5,1582208.875,1508645.625,1821020.75,1497872.0,2128962.75,2222455.5,2040578.625,2106714.0,2120713.5,2370483.25,1839348.125,1942138.75,1917529.25,2253089.25,1999282.375,2323743.25,1960393.125,1972248.625,2025071.0,2488136.75,1671970.125,1680302.0,2108531.25,2120229.0,2150408.5,2307800.25,1718535.625,1700505.625,1875876.625,1973710.875,1792978.25,2003575.5,2134147.0,2049383.5,2245544.75,2302102.75,2386141.5,2234579.75,2103183.75,2173665.0,1882602.625,1875046.125,1613812.75,1619320.125,2013301.875,1995117.375,1861920.75,1889238.75,1855779.0,2100652.0,2066278.0,1946150.625,2045122.25,2080421.0,2187488.5,2119764.5,1895888.0,1977797.625,1845241.0,1973752.5,2163103.0,2162876.5,2085682.375,2155115.25,2145031.5,2319704.75,1812029.5,1909305.25,2216741.0,2320855.5,2103129.25,2176213.0,2080510.25,2296551.25,1780259.25,1996402.875,2095734.125,2290723.5,1909502.25,2214342.25,1947770.5,2152300.5,2208677.75,2510688.5,1775392.125,1858253.75,1738962.25,1774941.75,1332741.875,1429640.125,1485571.75,1759786.125,1902656.375,1899775.25,1962910.0,2112896.75,1662385.375,1768238.375,1549406.75,1566309.5,1717920.375,1760028.5,1819259.75,1820166.375,2166460.0,2040815.625,1535966.375,1542142.625,1665624.5,1917444.125,1512275.25,1542451.0,2709989.25,2692270.75,1543923.75,1548264.0,2004307.75,2067219.875,1594109.0,1888945.875,1845676.0,1789258.375,2464252.75,2145587.75,2154924.25,2347341.0,2265941.0,2631477.25,2989282.25,3029752.25,1858185.875,2011683.75
66,2134043.25,1932390.25,1872690.5,1796305.875,1717010.375,1713222.375,1821170.625,1738084.25,2004629.625,2008931.875,2488481.25,2349610.0,2234996.0,2324908.75,2056680.25,1948201.0,1966220.25,1845940.125,2014579.125,1736504.875,1798602.0,1656290.25,2030109.375,1759625.75,2020556.375,1879094.625,1828914.5,1489758.625,1922357.375,1957840.0,1876858.5,1722896.625,1776344.75,1832438.875,1684947.5,1572802.0,1879112.125,1841276.75,1986093.875,1852422.375,2152960.75,2336110.0,1694866.875,1525780.625,1440956.75,1350742.5,1555650.875,1750624.5,1637579.25,1561309.75,1684785.0,1662019.5,1638097.75,1584715.5,1857255.875,1892794.25,1955927.125,2250177.75,1733175.75,2054037.875,1604754.875,1650354.25,1887331.5,2043820.0,2172694.5,2145449.25,1907235.875,1865213.875,1612051.75,1626422.125,1984171.625,2192417.5,1876928.0,2195433.5,1594303.625,1256446.875,2232725.5,1896656.375,1834663.5,2023989.375,1332254.375,1402610.25,1492745.875,1523204.5,1570695.75,1624359.625,1874896.75,1711922.5,1461371.0,1364771.25,1686515.125,1597446.25,1467787.75,1383002.25,1487335.75,1480081.75,1599047.625,1758982.375,1688189.5,1620094.875,1133955.125,1161324.375,1588678.5,1465871.625,1751921.25,2025218.75,1624295.25,1814700.25,1727499.25,1638472.5,1474780.5,1357381.125,1801058.625,1811752.875,1586647.5,1513603.0,1820444.0,1511832.5,2129948.25,2223971.75,2039175.75,2103575.25,2122395.0,2366186.25,1840707.25,1941891.875,1919422.125,2253341.25,1997766.5,2320566.25,1959609.625,1974366.375,2024360.875,2485702.25,1673470.0,1679533.75,2109721.75,2121232.25,2151067.25,2308467.5,1722813.5,1706843.125,1878771.75,1974786.5,1795669.875,2006379.875,2141122.0,2053461.625,2247238.5,2302043.75,2390651.0,2239883.5,2107309.0,2175541.5,1881126.875,1878241.625,1614319.875,1621052.75,2009157.875,1995463.125,1860080.25,1893369.875,1857821.875,2104859.5,2067106.0,1949015.375,2047292.75,2086206.125,2187448.75,2125036.5,1895038.25,1979112.5,1843771.875,1976855.5,2169329.5,2167593.25,2089464.375,2156335.25,2146635.0,2325283.5,1818777.125,1913708.125,2222049.5,2324905.5,2103298.75,2179115.75,2079431.625,2292946.5,1775092.75,1991106.375,2095351.875,2288342.75,1903237.625,2206277.5,1950578.625,2152094.75,2208418.75,2512722.5,1770421.375,1853782.75,1734427.25,1769679.375,1326269.5,1415459.375,1477796.125,1749501.625,1894397.25,1895132.875,1958002.0,2112303.0,1662039.0,1764946.125,1549230.5,1566392.75,1716973.875,1757987.75,1820074.625,1818966.375,2166140.75,2040383.625,1537991.5,1543407.125,1664998.75,1916487.25,1512438.0,1542593.375,2709420.25,2692573.0,1545390.25,1549228.75,2006698.625,2071470.375,1599655.625,1892972.625,1848537.25,1791579.375,2463469.25,2143316.75,2157793.75,2348569.5,2267417.5,2632210.75,2991173.75,3031410.0,1862505.5,2016814.625
67,2133146.0,1932793.75,1870285.75,1799489.25,1709319.375,1715614.375,1821100.25,1742370.25,2005583.5,2009247.375,2491463.5,2355434.5,2236748.25,2325908.25,2054358.5,1950565.25,1970006.875,1848520.875,2015459.125,1735556.875,1799972.125,1659878.125,2026840.625,1763704.125,2021816.125,1888448.375,1838041.75,1490190.5,1926088.0,1963163.0,1879108.5,1727412.5,1775099.75,1841593.125,1684894.625,1572794.0,1886947.875,1841367.25,1986540.625,1856560.625,2158102.5,2342204.25,1704459.375,1526858.0,1442094.75,1350440.5,1553982.25,1748012.625,1640153.375,1563996.5,1687704.125,1662673.875,1632921.75,1586168.0,1854004.125,1896903.25,1951981.25,2250602.75,1729562.75,2053244.0,1604640.875,1652073.0,1890092.125,2048503.625,2171428.0,2144348.75,1908506.125,1865985.5,1612899.625,1629904.625,1982837.875,2193605.75,1875687.25,2189927.75,1596250.75,1255944.625,2232619.25,1888126.5,1834797.0,2016602.125,1330718.125,1400165.875,1494428.75,1520882.0,1571796.5,1620701.25,1873477.125,1710774.0,1458186.75,1362274.625,1686380.25,1590476.625,1470535.5,1383275.5,1485139.875,1468882.0,1598591.875,1756396.375,1692696.375,1616743.5,1136132.375,1157742.125,1591530.125,1466142.25,1748077.875,2022614.75,1623950.25,1811006.25,1729830.0,1635792.25,1467758.625,1349319.0,1798378.5,1812599.0,1590159.125,1516223.125,1831072.0,1527284.75,2130762.75,2225728.5,2037090.0,2100181.5,2123986.5,2361802.75,1841556.875,1944992.75,1922649.0,2255880.0,1997810.75,2322655.25,1959926.0,1977610.0,2024731.625,2487115.5,1673468.125,1680203.0,2114383.5,2124420.0,2154008.25,2313423.0,1726797.75,1711599.75,1882978.625,1975185.625,1797459.0,2006663.5,2144849.25,2053469.75,2248435.0,2302786.75,2387456.0,2240506.5,2110384.5,2176582.25,1876768.75,1880929.625,1613433.375,1615409.875,2004204.375,1995866.5,1859239.625,1893546.875,1858241.625,2101970.75,2071140.125,1952244.125,2053977.625,2088634.875,2190793.5,2122216.5,1894180.375,1980817.75,1849570.125,1979230.5,2172723.5,2169365.25,2093528.0,2156505.0,2152635.25,2330320.75,1822391.125,1915161.625,2224088.25,2326915.0,2105794.0,2181087.75,2082914.5,2296541.5,1768438.625,1984911.25,2088594.75,2282782.25,1895446.625,2197275.25,1943222.75,2146481.0,2197796.75,2508489.0,1762735.0,1848969.875,1730361.125,1765580.625,1317829.5,1405278.75,1475151.75,1745418.625,1882214.375,1889815.375,1955494.0,2114119.5,1663879.25,1762041.0,1553981.875,1571783.0,1719334.25,1754332.25,1819692.75,1819158.375,2171260.75,2042529.0,1540762.375,1551812.875,1667690.75,1918385.125,1518917.5,1549518.0,2713580.0,2694934.0,1550270.75,1555892.125,2012707.0,2079051.0,1604090.25,1897247.625,1851116.375,1795206.5,2465913.75,2148904.25,2160597.75,2350219.75,2271314.5,2633865.25,2991962.5,3032448.75,1868087.5,2020494.125
68,2130974.5,1927568.625,1870717.625,1797180.0,1712228.625,1714736.875,1822314.625,1737275.75,2003836.75,2005051.25,2489371.75,2353546.5,2242403.25,2324077.75,2054405.25,1952085.625,1969680.5,1845129.5,2020504.125,1731159.5,1802018.5,1661321.75,2027109.25,1762206.375,2023634.125,1885222.625,1845472.0,1494028.5,1922591.0,1963372.75,1881171.375,1725967.625,1774287.875,1843118.125,1681297.25,1573362.0,1891163.375,1837870.75,1982671.75,1855200.625,2161637.0,2353980.25,1704753.25,1526467.375,1442068.5,1350612.375,1554613.375,1755548.625,1641229.75,1565268.625,1683901.625,1660584.25,1631545.25,1583500.125,1855055.125,1894099.5,1952275.0,2248639.5,1731403.0,2053242.5,1603326.25,1650679.25,1890009.5,2044038.25,2171406.75,2144999.75,1912444.875,1867361.875,1607146.625,1626494.5,1979896.5,2190254.5,1870578.375,2182250.5,1596214.5,1256036.875,2224668.25,1876996.125,1831369.875,2013341.125,1326335.25,1403685.75,1489948.5,1522685.875,1569673.375,1626075.0,1869666.75,1713976.625,1449699.375,1366501.0,1681466.375,1588871.125,1469903.5,1381649.375,1481767.75,1468274.0,1593428.125,1755968.5,1690692.75,1615613.125,1136735.0,1157905.125,1589324.25,1465530.875,1748747.625,2027237.375,1623643.375,1809799.5,1725283.5,1637156.875,1456657.0,1350773.625,1796835.875,1821708.5,1586324.75,1512405.375,1834850.375,1524409.25,2136041.25,2230221.75,2034430.0,2100449.0,2124735.75,2362546.0,1837616.125,1945699.625,1922328.0,2258352.25,1998825.75,2325718.0,1957848.25,1975334.0,2025591.875,2488405.75,1672296.0,1683998.375,2116126.0,2124760.75,2156234.75,2313593.25,1724682.625,1705987.125,1882742.875,1976727.5,1793159.875,2002974.5,2142766.5,2054185.5,2246702.75,2302546.5,2383148.5,2237834.0,2109726.25,2176329.5,1873614.125,1876277.75,1608912.625,1607372.5,2005612.75,1992324.125,1861686.625,1889144.375,1854352.0,2093958.625,2069933.75,1946402.75,2054206.25,2081944.625,2192291.5,2112334.5,1894232.5,1978787.875,1855433.125,1974707.0,2169688.5,2165880.25,2091423.5,2156328.0,2153753.25,2327602.25,1822198.0,1913922.125,2219819.25,2323067.5,2104507.25,2177891.25,2087292.625,2304922.25,1770041.125,1986103.125,2086729.375,2286922.25,1895443.375,2202029.75,1940763.375,2150953.75,2194326.25,2509259.75,1761666.625,1853915.5,1730301.25,1770880.0,1313365.75,1406913.25,1477842.625,1752660.0,1883309.25,1892405.5,1958713.125,2116406.5,1664478.875,1758991.125,1552476.0,1571270.625,1719574.875,1751734.75,1822657.625,1824604.625,2173073.5,2044219.0,1538522.75,1554671.625,1668218.625,1919489.5,1519010.75,1551216.125,2715048.0,2696683.25,1550806.375,1556266.625,2013828.75,2078545.625,1599932.25,1894504.75,1850432.75,1796164.5,2472773.0,2157607.5,2161769.0,2354847.0,2274977.5,2640729.0,2998106.0,3037285.25,1865545.875,2018317.375
69,2128838.75,1923514.5,1870746.125,1792484.75,1715352.625,1711126.25,1820167.625,1724740.375,1998176.0,1996393.375,2486518.0,2349429.75,2243259.5,2325098.0,2054417.5,1952003.125,1968923.0,1842001.875,2022296.125,1731557.125,1801391.125,1658781.5,2028577.0,1761317.5,2022006.125,1873761.5,1841410.5,1498885.125,1913939.25,1959575.25,1879592.125,1722465.375,1772329.875,1839021.25,1683275.25,1576782.125,1887746.5,1837458.5,1980195.375,1851097.25,2161108.0,2354489.25,1697239.625,1528766.0,1441291.125,1351533.75,1558019.5,1757213.125,1640682.5,1567034.125,1685022.125,1663930.25,1628491.875,1578278.125,1852015.875,1885163.125,1949956.875,2242075.25,1730490.75,2050598.5,1601539.875,1647084.5,1884881.75,2036209.375,2170174.0,2145131.25,1910369.5,1866004.875,1610160.375,1631603.25,1980075.375,2189291.75,1869351.0,2187546.0,1596762.125,1254229.75,2226497.75,1884166.75,1834470.625,2020260.875,1324922.25,1409028.875,1487064.375,1526781.625,1567454.375,1633125.375,1869815.375,1717137.0,1447705.25,1371104.875,1680827.5,1594657.625,1467607.875,1381711.25,1479389.625,1477682.375,1588949.875,1761381.0,1688813.0,1617969.375,1132998.5,1158559.875,1587862.875,1465630.625,1750389.75,2030640.375,1623730.375,1811294.5,1721322.5,1638996.875,1455715.0,1353569.5,1800034.5,1829817.625,1582753.875,1509507.625,1835373.25,1510626.875,2143933.25,2232161.25,2035558.375,2101406.5,2125913.0,2366118.0,1829867.25,1941673.25,1915002.25,2256684.5,1995055.5,2319962.0,1952656.625,1969490.375,2020452.875,2484465.75,1670781.625,1690054.75,2114637.25,2122745.5,2148019.0,2302644.0,1723320.625,1697154.0,1883189.375,1979659.25,1786635.375,1998661.25,2141850.0,2058507.0,2244366.0,2301730.75,2385191.0,2238858.75,2111204.75,2177200.25,1867254.625,1868212.5,1604621.625,1604839.625,2000839.0,1985113.5,1859444.375,1884202.25,1853857.5,2093594.75,2070487.375,1940615.0,2053408.5,2079623.0,2193539.5,2109830.75,1895066.125,1978370.5,1856510.25,1972416.875,2171689.0,2166405.0,2087590.75,2157789.5,2147104.0,2321732.75,1823703.375,1916014.0,2214348.5,2318895.75,2100705.75,2174235.25,2088523.125,2306201.75,1771985.375,1989097.5,2085046.125,2289342.75,1898847.25,2213650.25,1942091.375,2154997.75,2195092.25,2512225.25,1764377.375,1860775.875,1731609.25,1777831.375,1311061.375,1412467.875,1478747.375,1759011.75,1890561.125,1899216.375,1957796.5,2119732.0,1669869.875,1770141.625,1548805.25,1568118.25,1720023.125,1758936.375,1826799.0,1829316.875,2170942.5,2045969.125,1536239.125,1551751.5,1666304.625,1920094.625,1512832.375,1547654.625,2714594.75,2699293.5,1547925.375,1552863.625,2013641.75,2077070.375,1595498.125,1889688.0,1849737.25,1792813.375,2482575.5,2165755.75,2163051.5,2360470.25,2278027.5,2649509.25,3007289.75,3043515.75,1860540.375,2015528.25
70,2127636.0,1922301.0,1866865.25,1788340.625,1704501.0,1705936.375,1816598.25,1716947.0,1995140.5,1990938.0,2485921.75,2349801.25,2236076.0,2325599.75,2050884.875,1950545.0,1967933.75,1842322.5,2017819.875,1733148.625,1796934.25,1656702.625,2028312.375,1763106.875,2018514.5,1869498.875,1840164.125,1497486.5,1910938.25,1959677.125,1877374.875,1722179.125,1768489.5,1835738.0,1690475.25,1578410.125,1886395.5,1838445.25,1981803.0,1848377.0,2160929.5,2353923.75,1699016.75,1531903.375,1442932.75,1354626.875,1562353.125,1760280.125,1643939.25,1572198.625,1693492.75,1668313.625,1621253.375,1574960.375,1843141.0,1880503.25,1940787.375,2236408.25,1728011.0,2052323.875,1601355.375,1646396.125,1880798.75,2032773.0,2168924.25,2142147.25,1904803.625,1864688.625,1620240.5,1636655.375,1979712.875,2186540.75,1872187.25,2197108.75,1590676.0,1244916.125,2239524.75,1905049.625,1838017.25,2025544.375,1329366.875,1406853.25,1493720.0,1529221.375,1566556.875,1628840.75,1867785.75,1716527.625,1451470.625,1362629.625,1689660.875,1598481.125,1469389.375,1383044.875,1479234.25,1477815.875,1593189.0,1763528.125,1694693.375,1620220.625,1131562.875,1159152.5,1588813.625,1465201.75,1750686.0,2026189.0,1626152.0,1813610.125,1724344.875,1639053.625,1463186.375,1347414.0,1801473.5,1824282.875,1585898.5,1514409.875,1836527.375,1507011.375,2141622.25,2228881.75,2038400.0,2100464.5,2125495.0,2368272.5,1831398.625,1946819.125,1913408.875,2257980.5,1990890.5,2314559.0,1953448.625,1969313.125,2016588.0,2484911.25,1672971.75,1689867.25,2117232.5,2125804.25,2135855.75,2297028.25,1727739.25,1697420.5,1885501.375,1979569.875,1786227.375,1996895.375,2143311.75,2058413.625,2244017.75,2301011.5,2390438.5,2243650.5,2113747.25,2177655.0,1858023.25,1865196.875,1603875.625,1605743.25,1988778.125,1982629.0,1855291.0,1882913.5,1854861.875,2098836.25,2075085.0,1944541.125,2055601.75,2085280.5,2196766.0,2112881.0,1895576.25,1979643.25,1856394.0,1975567.25,2176647.0,2169991.0,2090106.75,2160896.5,2142891.0,2319519.25,1824188.375,1918401.125,2211198.0,2317780.75,2100390.0,2174890.75,2089186.125,2301627.5,1769967.0,1988439.875,2080152.5,2282469.0,1898144.25,2218168.0,1938359.375,2146701.5,2189765.75,2510479.0,1766867.0,1860775.125,1734275.75,1777194.125,1308866.625,1415978.125,1479712.125,1758022.5,1891515.875,1904328.75,1956596.25,2124545.5,1676756.0,1784226.875,1550672.875,1569057.75,1724211.625,1768265.125,1827554.5,1826775.875,2170520.75,2050269.875,1539100.875,1551308.75,1667313.0,1925194.0,1512528.375,1548662.125,2715693.0,2701119.0,1548383.75,1553837.875,2014754.0,2080160.75,1597030.0,1887895.75,1851475.625,1789740.875,2486459.0,2166829.5,2165231.75,2361317.75,2281570.75,2652430.75,3010912.0,3044822.75,1859676.875,2014940.75
71,2126636.0,1918178.5,1863457.875,1786788.375,1693794.75,1701334.125,1818117.625,1718804.75,1997633.0,1992536.375,2486962.75,2350982.5,2229002.25,2320660.25,2046782.875,1949479.625,1967670.375,1846028.25,2014250.375,1727129.125,1792030.625,1655224.75,2027155.0,1764545.25,2018685.5,1872959.625,1842770.5,1490190.5,1917047.5,1964171.125,1879890.25,1724309.375,1765986.0,1831079.25,1693628.0,1574403.875,1890387.75,1835099.25,1983277.625,1843160.625,2158614.25,2356719.0,1707291.875,1532592.375,1444776.125,1358322.5,1564015.75,1766395.875,1648973.625,1575771.375,1698367.0,1666159.5,1619745.125,1575830.0,1841002.5,1883192.75,1935842.0,2240473.5,1732828.25,2062124.75,1601780.625,1647931.0,1881934.75,2031385.75,2170183.25,2139430.25,1904501.625,1866094.5,1622531.875,1638652.0,1976655.875,2181386.75,1873281.0,2197791.5,1579471.125,1235696.375,2244074.5,1912914.25,1837886.625,2022442.0,1331590.25,1400048.875,1500405.5,1529318.25,1561734.25,1618532.625,1862483.5,1714057.625,1453656.375,1349279.25,1696125.375,1598258.75,1474195.125,1384599.5,1480629.0,1468561.0,1592677.125,1755794.75,1699057.125,1621423.625,1136582.25,1163075.125,1589546.125,1463937.75,1752543.0,2023679.375,1628854.25,1815292.25,1729349.875,1642099.875,1469579.25,1347794.125,1799683.125,1817264.25,1591098.5,1522688.375,1836766.375,1520013.375,2134185.0,2223747.0,2036848.25,2098106.5,2120945.25,2365003.0,1843268.0,1955718.0,1920646.125,2266095.75,1991725.75,2315836.0,1960070.875,1975036.5,2023495.75,2489125.5,1676328.25,1681202.875,2122327.0,2131645.5,2133111.0,2301848.0,1727477.125,1699546.75,1881853.25,1973171.75,1787102.75,1996966.5,2142302.5,2055264.125,2243035.75,2299802.5,2389739.75,2244271.5,2109011.25,2172977.25,1858141.125,1870110.375,1605124.375,1605691.875,1986275.875,1988749.0,1858653.25,1887463.0,1854319.0,2103315.5,2076562.25,1949793.375,2056751.875,2088324.5,2196160.0,2111408.5,1895617.875,1980503.75,1857103.625,1975671.625,2171525.75,2166235.75,2092709.625,2163015.25,2145139.25,2320173.75,1815221.625,1912178.0,2206746.0,2315286.5,2099513.25,2172902.5,2089959.0,2299308.5,1770823.375,1987452.75,2084139.375,2281555.5,1900367.0,2217571.0,1935119.5,2141555.25,2186761.75,2507675.5,1770371.375,1859631.5,1736596.75,1771702.625,1309630.75,1416495.0,1482343.875,1755941.5,1890913.0,1904010.5,1961616.0,2124846.5,1674299.75,1785579.125,1551416.0,1570338.625,1724287.0,1767489.5,1826419.5,1824525.625,2174288.0,2053109.125,1543564.5,1553929.5,1670144.625,1929258.75,1516507.5,1550877.0,2718139.5,2702027.5,1551695.125,1555473.625,2014637.125,2079164.75,1599877.0,1887651.0,1852522.125,1790818.25,2482466.75,2158613.75,2166991.75,2358430.75,2282604.75,2650231.5,3011774.0,3044823.75,1861015.625,2015159.375
72,2124747.0,1913830.75,1862012.125,1783700.25,1698154.0,1702716.625,1819757.0,1721264.375,1998411.5,1995155.75,2488957.25,2353386.25,2234182.0,2321243.25,2049190.25,1951033.875,1970879.125,1849441.5,2020277.0,1726523.375,1796830.75,1659509.0,2025761.125,1766800.125,2020557.0,1872724.875,1853247.375,1492333.0,1925225.625,1968906.25,1887274.25,1729757.375,1769119.25,1833695.125,1689145.0,1571339.5,1894715.75,1832732.0,1981753.0,1840532.625,2156944.25,2353519.75,1709496.125,1529536.125,1442028.0,1357117.75,1561822.375,1766346.25,1646718.5,1571721.25,1698632.625,1662372.875,1627430.0,1578985.625,1847531.25,1889291.25,1939494.75,2249563.75,1729113.625,2061966.125,1600789.25,1647492.75,1885562.875,2033158.625,2169225.5,2140480.5,1906420.5,1865225.5,1608131.125,1635033.875,1973817.875,2188912.75,1871483.125,2189646.0,1578798.375,1241238.0,2230525.5,1893958.25,1836524.5,2015018.125,1325735.25,1398015.0,1495382.375,1526166.875,1557364.875,1616263.125,1859909.875,1714419.0,1447116.375,1353320.25,1690587.5,1591415.125,1473902.25,1381606.625,1480526.625,1461502.25,1583621.5,1747515.0,1694759.125,1618285.625,1141113.875,1162913.125,1588535.75,1462607.125,1756053.5,2030131.125,1628728.625,1813591.25,1727755.125,1644577.375,1460866.375,1349373.375,1798025.375,1825576.5,1586593.625,1521281.625,1828562.375,1526272.625,2133586.75,2220175.5,2029387.25,2094596.75,2118880.25,2359038.0,1846256.5,1947902.5,1924988.625,2271720.75,1996075.875,2316337.5,1958369.625,1973546.875,2034549.25,2487366.5,1678815.875,1680402.125,2125305.75,2133016.75,2141832.25,2305210.75,1719592.125,1692972.625,1876377.5,1968745.25,1783711.75,1998527.375,2141176.25,2058392.25,2239526.0,2297420.5,2386374.0,2243060.5,2102246.75,2168513.5,1868255.125,1877342.25,1607084.375,1605281.75,1996496.5,1995028.75,1859086.25,1888788.5,1855126.5,2103663.75,2075813.25,1950234.625,2059598.5,2086928.75,2190053.25,2107034.75,1895624.625,1982087.875,1857598.875,1974893.875,2164731.25,2160940.5,2091671.375,2162153.25,2148513.75,2322882.25,1808763.875,1906637.375,2204823.75,2314739.25,2098184.0,2170500.25,2087733.5,2300966.75,1775269.625,1988465.625,2094145.25,2291580.25,1909282.875,2217477.25,1936922.5,2152362.5,2191745.25,2511603.0,1774390.25,1864684.0,1738210.25,1771512.75,1317166.375,1417008.375,1484897.75,1758414.5,1894458.5,1902987.375,1965930.875,2123743.0,1664320.75,1773062.75,1545471.25,1566536.375,1718981.125,1760051.5,1825204.5,1828114.5,2177305.0,2050761.0,1542521.875,1553689.0,1669637.375,1926457.125,1514179.625,1547234.375,2724130.75,2705621.5,1551205.25,1553369.25,2011548.25,2072613.125,1598776.75,1888203.625,1850033.625,1793436.25,2476300.25,2150097.0,2164964.75,2359273.0,2279585.5,2646876.5,3011199.75,3045609.75,1862348.875,2016745.25
73,2123803.25,1916263.875,1861755.75,1777932.5,1704519.25,1705297.125,1819021.625,1723894.125,1997462.0,1997582.0,2491442.5,2357387.5,2242043.0,2325774.0,2052959.25,1951876.5,1974464.625,1846995.125,2026250.625,1733594.125,1805463.0,1663452.25,2022554.625,1767354.125,2020658.375,1868991.125,1857838.875,1497264.25,1928729.0,1969151.25,1890300.625,1733090.0,1777631.875,1844333.25,1683698.375,1571002.875,1894038.875,1836293.25,1982503.125,1848659.375,2158238.0,2347811.75,1707865.375,1525946.5,1439559.875,1352770.25,1558665.0,1760502.0,1641132.875,1565750.625,1699853.875,1660829.0,1635692.125,1580880.0,1854655.875,1896708.375,1946745.875,2254219.25,1719495.125,2051722.125,1600867.625,1647245.5,1888471.0,2040772.75,2167781.5,2142531.25,1905224.875,1861538.375,1597604.125,1626313.0,1973414.25,2195291.5,1870375.875,2183506.5,1586998.375,1249846.875,2222855.5,1878265.75,1832888.75,2011705.625,1321698.375,1400540.125,1493448.5,1525098.125,1559346.625,1619219.125,1862653.25,1715574.875,1438846.75,1367825.25,1686947.125,1588652.25,1470610.875,1380719.75,1480273.75,1467393.125,1584380.5,1748499.875,1691175.25,1616063.375,1139536.625,1160083.375,1587177.875,1463523.0,1755939.0,2029934.25,1627814.75,1811901.25,1723595.5,1639029.5,1450806.875,1343950.375,1795686.25,1826995.25,1578411.875,1515152.625,1817933.375,1516942.125,2133206.75,2219002.25,2026320.0,2093399.375,2121135.5,2357347.0,1841682.25,1934921.25,1926876.75,2269215.75,2002090.375,2318095.25,1954532.375,1966675.5,2038267.25,2489052.75,1678151.75,1685124.5,2127086.75,2133129.0,2154260.5,2309294.5,1718909.75,1690882.625,1876871.0,1972280.375,1785268.75,2002706.75,2140797.25,2058875.0,2237658.75,2295853.75,2389643.25,2243708.0,2102553.25,2170472.25,1878403.875,1879958.5,1610455.625,1607552.25,2009809.0,1998265.625,1854258.625,1884863.875,1854466.5,2098702.5,2077487.125,1949032.125,2062226.125,2084800.0,2188333.75,2108520.5,1896532.625,1980368.25,1856005.5,1975398.75,2167856.25,2165261.75,2093044.0,2158737.5,2147279.0,2326359.5,1812651.0,1909792.875,2210361.25,2319416.0,2101525.0,2174653.5,2084017.5,2300725.5,1777585.25,1988113.625,2096178.125,2294365.75,1909786.125,2212156.5,1940057.375,2157107.25,2200903.5,2515888.75,1774279.375,1866365.25,1739189.25,1772482.25,1321270.0,1419711.625,1485281.375,1758948.875,1899931.25,1904347.875,1967549.125,2124792.0,1661141.125,1763615.375,1541190.75,1561762.375,1715414.625,1755611.625,1821556.875,1826846.875,2174748.25,2047150.625,1537035.75,1550854.5,1667874.75,1921615.375,1509222.0,1545251.375,2722073.5,2704549.5,1546755.0,1551229.375,2007232.375,2066469.625,1597031.0,1890798.0,1849339.25,1795501.0,2468568.75,2141778.0,2160380.0,2358446.5,2272464.0,2638596.0,3000316.75,3035904.75,1863821.625,2017889.625
74,2125688.25,1924060.875,1863803.25,1782031.875,1701907.375,1705337.375,1821273.75,1740374.125,2002189.375,2006157.0,2492506.25,2356796.5,2234944.5,2321926.0,2049471.25,1949398.625,1971317.0,1842489.375,2017407.375,1729540.625,1799821.0,1655045.0,2019141.625,1765750.25,2020065.25,1874070.125,1836154.125,1488070.875,1925465.625,1963631.625,1881684.0,1727205.125,1779652.5,1843264.125,1682278.375,1567480.5,1887107.625,1838764.0,1987329.875,1855423.75,2154521.5,2347321.25,1707677.75,1523309.0,1442607.75,1351983.125,1558714.875,1754910.375,1641171.5,1565270.0,1697894.0,1657922.25,1637980.875,1583151.75,1860511.25,1905097.0,1956455.5,2259049.75,1729617.375,2054954.625,1604635.375,1648241.25,1889076.0,2046557.75,2172644.25,2145411.25,1906223.25,1862558.75,1610005.0,1631720.25,1976466.0,2185812.25,1871460.75,2185639.25,1590652.75,1247690.875,2231869.75,1886733.0,1835407.625,2013438.625,1327632.75,1399719.25,1505585.875,1526702.5,1563799.75,1616883.75,1871133.75,1712038.375,1447371.875,1366894.375,1694374.125,1596896.375,1474513.125,1388186.75,1485240.25,1479510.0,1595355.375,1750916.5,1694497.5,1619326.625,1137600.75,1162418.875,1589462.75,1466114.75,1752755.5,2018728.625,1628732.625,1813881.125,1726804.75,1635016.5,1465501.5,1350606.375,1797058.625,1814507.625,1583174.875,1516084.625,1826670.75,1513408.125,2131783.5,2222896.75,2034699.875,2097454.5,2122111.25,2360254.5,1842596.75,1942545.875,1929140.25,2262435.75,2006459.0,2328850.5,1961131.0,1972592.5,2033512.375,2499868.0,1673549.5,1677282.0,2124867.5,2131573.75,2160577.25,2319770.5,1723504.625,1702091.875,1877981.25,1973543.375,1793185.875,2007516.625,2138960.25,2050351.75,2241268.0,2297911.75,2395411.25,2240732.5,2104500.25,2171909.25,1884326.625,1881615.375,1614045.5,1612876.375,2019855.125,2005905.5,1859843.75,1890368.625,1852321.0,2095420.5,2077424.0,1948353.875,2056662.125,2082123.375,2190963.5,2117647.75,1897341.5,1976791.0,1851591.375,1972692.5,2169983.75,2169547.75,2093794.5,2155752.25,2143873.25,2325885.75,1814304.375,1910687.625,2215132.5,2323595.5,2104767.75,2178991.0,2082588.625,2299622.5,1775886.5,1984266.75,2094050.125,2289256.25,1898505.75,2204314.0,1944373.0,2146390.5,2211011.0,2512040.0,1769561.125,1855139.25,1738471.625,1765356.125,1313626.625,1414751.875,1481417.875,1750856.875,1904628.125,1899619.875,1970438.5,2119599.75,1666447.75,1769403.125,1544920.0,1562890.75,1715661.75,1756977.75,1819524.875,1820571.5,2170900.5,2043872.0,1534854.75,1548151.625,1668233.875,1917504.375,1510032.875,1548555.625,2706925.5,2692254.75,1544280.125,1549350.0,2007046.875,2063935.375,1598278.0,1891162.875,1852563.625,1796195.75,2462559.5,2135734.5,2159446.75,2350711.5,2267410.75,2629807.5,2986666.5,3020842.0,1863699.125,2015562.5
75,2129260.25,1929739.625,1866586.25,1789222.75,1704501.625,1710640.5,1824579.0,1752719.75,2009549.0,2015300.875,2491202.25,2354714.0,2229327.75,2318397.25,2047792.625,1947940.5,1959512.125,1839706.125,2010180.0,1721778.75,1790984.375,1650948.75,2023549.25,1763245.875,2018316.0,1880788.0,1826597.5,1480595.875,1917047.125,1959239.0,1873115.875,1720509.875,1773350.875,1837833.625,1680630.125,1565974.125,1883252.625,1838825.25,1989622.75,1854603.125,2152059.0,2351163.75,1706650.625,1518860.5,1445374.125,1353226.75,1558635.625,1755498.875,1643031.25,1566152.625,1689172.5,1655973.75,1638721.75,1586719.0,1864514.25,1908209.25,1967050.0,2263898.75,1739500.875,2066008.875,1609567.75,1647825.0,1887660.5,2043830.875,2176106.25,2150438.75,1912513.125,1868125.5,1620463.625,1638598.125,1982412.625,2192556.25,1873708.375,2186875.0,1594650.5,1255266.75,2234087.25,1891975.5,1846557.0,2014953.375,1330502.375,1398823.5,1508113.125,1526188.0,1565996.625,1616667.375,1879832.875,1712006.125,1461627.5,1359862.875,1691928.375,1591302.0,1477727.0,1387792.75,1490412.875,1476024.875,1597019.875,1745401.875,1691835.75,1615734.0,1138903.125,1161685.375,1591919.375,1466499.125,1752579.375,2020796.5,1627750.375,1813667.375,1730902.125,1641841.125,1476885.125,1358344.875,1803934.875,1823373.5,1587397.125,1513362.625,1838652.75,1511510.875,2132816.5,2228994.0,2041053.125,2103348.25,2122900.25,2368173.5,1838614.75,1955966.0,1919582.875,2254319.25,2006635.0,2338992.75,1961763.375,1983854.625,2030145.125,2498288.5,1672854.125,1669584.875,2115078.0,2119843.25,2162256.75,2325032.5,1716505.5,1704581.5,1871869.75,1967780.25,1795002.375,2009027.375,2134651.25,2046257.25,2247233.75,2300774.75,2392569.25,2233958.5,2101174.75,2168490.75,1887846.875,1885765.75,1617030.0,1616264.5,2026191.625,2011792.5,1869038.375,1901832.875,1855059.0,2098349.25,2073257.125,1950051.625,2050521.25,2081347.875,2192564.0,2127257.5,1897257.875,1980066.5,1849136.375,1974429.375,2162628.25,2161176.0,2092088.0,2159196.0,2149511.0,2326193.0,1811140.625,1902973.125,2217470.0,2327933.25,2105835.25,2180898.5,2084878.125,2307145.0,1772249.125,1980631.125,2093975.5,2293622.25,1891449.0,2206079.0,1948402.375,2147527.75,2213612.25,2508924.25,1767274.125,1847852.0,1738741.25,1765030.0,1310110.375,1403251.75,1477128.625,1745982.0,1906612.125,1891459.5,1969219.125,2108839.25,1664322.25,1767324.0,1548795.25,1563783.375,1719776.5,1760631.125,1822445.125,1822827.75,2172130.25,2041834.5,1534348.125,1544013.625,1668235.625,1917033.5,1510673.625,1546723.875,2709827.5,2687418.5,1542581.125,1546574.125,2005352.625,2062057.875,1595667.25,1885100.375,1849966.875,1792004.375,2464199.75,2140637.5,2158984.75,2348916.0,2268827.5,2630719.5,2989126.25,3024780.75,1859240.75,2010326.375
76,2130533.75,1928533.75,1868388.75,1786592.5,1716828.5,1718959.0,1823634.0,1738908.625,2009569.375,2013279.0,2487811.5,2354076.5,2238556.0,2323940.25,2054089.625,1949931.0,1950668.875,1837799.75,2017610.125,1727320.625,1794719.875,1660244.25,2030333.625,1761038.25,2016716.625,1876743.25,1846893.75,1488328.625,1912176.375,1958363.625,1874513.875,1722080.875,1771554.75,1840054.0,1677649.75,1569793.0,1886212.375,1839383.25,1987889.5,1853650.375,2158455.5,2351482.0,1701780.625,1515840.5,1443244.5,1352785.75,1559181.375,1762776.375,1641756.75,1565759.875,1683061.75,1656233.75,1638968.75,1584900.5,1864686.375,1899477.0,1969914.75,2258014.25,1733144.125,2064163.875,1609683.5,1647632.0,1885909.75,2035253.375,2173587.75,2151989.75,1916536.25,1870287.75,1614283.375,1626387.5,1985782.375,2212006.0,1876043.25,2188981.5,1600519.0,1269361.875,2231380.25,1888718.625,1847445.875,2019765.875,1323472.625,1401811.875,1495769.625,1523830.875,1565105.5,1621566.75,1879360.5,1718152.125,1461224.25,1367853.875,1681497.875,1578097.875,1471803.75,1378041.125,1489115.75,1466260.25,1589192.375,1742200.5,1682123.5,1607245.125,1137325.75,1156603.375,1588347.25,1464837.125,1754252.25,2032218.375,1623930.0,1809663.625,1724393.25,1646909.875,1466269.125,1351294.5,1804558.0,1839635.875,1579560.875,1505355.375,1825485.625,1497784.125,2133276.25,2230837.0,2037702.375,2104655.25,2123813.0,2373340.75,1831410.25,1955373.625,1907392.25,2251533.25,2004351.375,2336498.25,1954428.75,1981913.75,2032322.125,2484452.0,1676023.25,1675005.25,2104847.75,2109696.5,2161728.25,2317659.25,1707019.875,1694409.625,1865680.125,1964673.375,1790464.875,2007154.25,2128660.25,2048748.125,2248268.25,2301276.75,2385483.75,2232390.25,2098237.25,2167578.5,1886716.375,1882847.75,1617116.125,1615011.0,2025583.25,2004162.125,1866225.75,1902165.875,1859005.5,2103438.5,2072062.625,1951214.125,2051725.0,2083170.375,2198377.5,2132190.0,1899156.125,1985491.0,1851609.125,1981435.5,2156975.75,2153109.0,2092826.375,2164809.0,2155781.0,2328402.75,1811339.375,1900106.0,2220102.25,2328754.75,2105675.25,2181596.5,2086734.875,2313834.0,1773026.75,1983297.625,2094363.0,2300321.75,1898752.375,2214048.5,1950780.875,2160387.75,2210111.75,2513941.5,1771778.875,1855954.75,1740635.0,1774551.875,1320238.125,1405120.125,1481039.25,1751402.25,1907761.75,1894269.25,1963269.5,2105878.25,1655419.0,1756865.75,1544045.625,1558272.75,1721656.625,1761666.875,1822201.625,1827537.125,2173329.0,2042652.75,1531574.25,1542743.0,1665688.5,1920620.875,1506907.0,1540331.375,2727061.75,2697657.0,1540164.125,1546264.25,1997179.625,2058829.875,1589675.75,1881309.875,1843769.25,1785530.875,2467266.25,2146413.5,2154799.0,2353590.0,2268307.0,2634646.75,2997719.75,3037717.0,1854675.5,2006392.375
77,2127344.25,1924156.25,1871781.0,1786505.0,1730256.125,1722823.25,1821073.625,1720773.5,2002454.75,2002889.0,2484141.25,2349488.25,2246724.5,2330738.5,2062338.75,1952694.5,1954548.25,1836541.875,2025408.25,1736296.75,1803258.625,1665925.5,2034471.5,1762614.25,2021633.875,1872111.375,1860096.0,1500596.75,1916781.25,1955398.125,1879633.625,1725497.25,1773589.625,1834680.75,1679707.125,1570976.375,1887005.0,1837033.875,1984528.875,1849118.75,2163939.75,2346201.0,1695517.625,1518632.875,1439339.375,1351714.5,1566094.5,1771100.5,1639084.0,1565779.875,1686226.125,1655495.5,1634128.875,1575984.25,1860675.5,1885296.5,1960722.75,2243410.75,1729544.875,2053354.75,1604452.5,1647582.75,1883617.875,2024655.375,2170954.75,2147922.0,1913106.25,1867414.125,1607922.625,1615229.625,1981721.5,2204252.0,1876556.5,2197003.0,1595793.75,1261264.5,2236079.25,1892361.0,1835121.0,2025549.375,1319423.125,1402425.5,1486287.625,1519616.375,1563095.25,1623800.375,1870531.875,1717209.375,1453482.375,1380571.75,1685976.875,1589867.625,1464416.875,1375268.25,1483473.625,1472094.75,1587530.5,1751358.0,1681121.0,1609884.375,1130610.625,1155390.875,1582842.0,1462672.625,1753665.125,2029981.875,1621353.5,1807811.25,1712513.75,1641053.625,1461381.125,1352891.5,1797106.5,1829228.5,1575194.125,1502947.5,1807143.0,1487041.375,2138364.75,2231393.75,2033176.625,2099247.5,2120578.5,2365319.75,1834305.625,1948807.5,1915826.875,2259848.0,2000706.125,2323182.5,1955225.125,1970077.5,2032938.375,2479882.25,1678660.0,1684357.625,2105073.0,2114529.0,2154633.25,2304403.0,1711860.0,1690451.0,1871809.375,1968494.375,1788694.0,2002654.75,2132440.5,2054377.625,2244597.5,2300553.75,2386612.5,2239543.5,2103008.75,2172707.5,1876837.375,1868318.875,1611619.0,1612057.875,2014754.625,1988196.625,1857631.25,1891204.25,1858632.625,2105139.75,2076279.375,1947010.625,2053530.875,2082584.375,2204304.5,2128983.25,1902099.5,1982712.125,1853719.0,1979771.5,2160791.25,2159177.0,2091672.5,2162051.0,2150099.25,2324300.75,1819515.625,1913073.125,2217546.5,2319984.0,2100510.0,2177407.0,2083560.375,2306955.25,1778568.5,1990004.0,2093878.25,2294736.0,1914832.125,2217757.5,1953108.875,2160756.0,2210541.5,2520562.5,1775968.375,1863462.5,1739705.375,1776578.5,1332267.375,1422549.875,1488773.625,1756664.25,1910807.5,1908249.75,1962601.375,2114968.5,1656013.5,1763923.625,1539837.25,1557191.875,1717119.125,1758381.0,1819195.25,1824799.625,2169650.25,2043458.875,1532476.0,1546897.75,1663350.375,1921601.0,1507527.25,1540171.0,2721246.0,2701635.75,1542381.875,1548086.125,1995602.0,2060885.0,1590805.625,1886315.375,1843508.875,1785390.375,2467215.0,2146005.75,2152305.5,2352468.75,2264859.25,2634396.5,2994012.0,3034439.5,1855400.0,2008145.375
78,2124804.25,1922748.5,1876470.875,1791621.125,1746467.375,1728370.875,1820853.0,1712778.625,1997699.0,1994463.875,2484240.5,2346454.0,2253244.5,2336811.0,2071631.625,1955119.75,1959866.5,1833736.125,2033651.875,1741316.375,1812735.0,1669336.5,2045899.5,1765532.5,2026427.25,1871668.0,1868649.75,1512756.0,1921382.75,1952408.125,1885676.75,1725678.75,1773260.875,1828336.5,1686436.375,1571766.625,1886573.75,1835989.625,1980363.75,1843357.625,2168963.0,2347899.25,1693192.375,1522961.75,1437263.375,1350657.25,1571869.25,1778652.75,1637330.5,1564127.125,1691107.875,1658367.875,1631124.75,1570989.75,1853884.125,1877125.625,1950171.125,2234345.25,1723838.375,2045124.75,1602159.0,1647305.875,1881029.125,2017542.5,2166724.5,2145489.75,1907474.625,1863639.125,1603659.125,1613544.0,1977318.75,2189840.25,1875697.75,2198594.0,1587999.25,1248246.5,2233554.5,1891820.625,1830019.25,2024649.375,1320448.375,1402555.125,1477944.5,1516931.625,1562952.75,1629031.875,1864527.75,1712916.25,1450206.875,1386569.75,1689944.5,1606155.875,1458748.25,1375964.0,1478571.0,1482140.0,1587898.625,1759771.75,1684486.375,1616661.125,1125829.125,1154545.125,1582051.875,1461491.625,1750444.875,2026003.125,1618692.5,1807532.375,1708738.5,1636639.625,1462640.625,1363845.375,1796285.875,1819954.25,1575572.75,1500171.0,1807957.625,1483665.5,2144819.5,2232197.0,2030097.0,2095175.625,2116701.5,2360279.25,1834708.75,1931070.5,1923627.0,2263825.75,1996038.375,2306895.25,1953045.5,1958515.25,2027090.0,2476645.5,1681151.75,1694975.875,2109265.5,2119193.75,2147968.75,2293899.75,1719984.625,1689588.875,1882863.5,1974439.0,1789803.25,1998034.875,2143956.5,2061681.875,2243478.25,2297866.75,2390875.5,2246107.5,2110535.25,2178996.5,1868476.375,1858071.0,1607966.0,1610636.625,2004966.75,1978059.25,1853397.75,1879419.0,1859218.375,2102470.75,2080587.875,1944927.875,2055622.5,2081693.5,2201393.25,2120627.75,1902016.75,1978468.125,1853581.25,1975300.0,2167546.5,2167638.0,2088371.0,2158208.0,2148711.5,2321879.25,1829152.125,1923921.125,2215760.75,2316757.25,2097969.75,2174604.25,2081829.5,2302358.5,1775395.75,1989871.625,2087728.875,2285866.25,1917533.5,2213997.5,1950112.375,2153881.75,2208628.5,2522669.75,1771922.0,1860892.375,1735307.625,1776749.75,1336734.625,1435809.125,1485120.25,1758454.375,1909519.625,1916041.0,1964282.5,2122842.0,1663936.75,1773268.625,1547348.0,1564601.875,1716825.5,1756174.5,1820328.25,1823292.375,2169574.0,2044297.375,1536719.75,1548047.125,1664911.75,1920904.25,1514008.25,1544222.875,2711840.25,2698577.5,1547722.125,1549916.625,2002302.375,2065828.125,1595956.25,1891334.625,1842835.125,1790027.625,2469352.75,2147087.75,2152303.25,2348997.5,2264389.0,2633546.25,2989323.0,3028049.25,1858239.875,2011535.625
79,2126739.75,1925020.5,1876817.125,1795414.625,1754005.125,1736080.0,1819000.625,1710167.0,1996143.125,1991128.375,2486302.25,2349462.25,2260319.0,2343965.0,2075733.0,1956704.375,1960478.25,1833685.375,2040875.875,1746805.0,1818253.25,1674576.5,2051533.875,1767862.375,2021116.75,1871181.5,1878820.875,1521897.125,1919702.25,1954044.5,1888773.875,1726292.875,1774569.25,1833903.5,1690276.375,1576081.0,1889626.625,1839564.25,1978379.75,1844893.25,2174392.0,2355141.5,1695545.875,1525214.5,1439043.0,1350245.125,1571914.875,1782878.375,1638184.25,1563099.125,1691934.875,1665010.0,1632566.25,1574463.0,1848369.375,1876815.75,1946744.5,2235119.5,1716892.25,2040065.25,1603523.375,1648440.5,1880248.25,2021126.625,2163500.25,2145487.0,1904854.875,1860434.375,1600659.875,1611710.625,1979187.0,2191004.5,1875245.625,2192944.75,1589686.75,1249205.75,2225285.25,1885291.875,1831894.625,2021763.0,1321658.625,1405129.125,1474614.125,1518063.75,1567790.375,1635722.375,1865407.125,1714492.5,1453011.875,1386947.125,1681756.875,1602695.375,1458093.125,1374319.75,1481126.375,1483047.875,1585531.375,1759057.875,1684889.5,1617196.875,1128749.375,1154136.125,1585405.0,1463341.625,1746515.5,2030158.0,1617659.625,1807170.625,1715442.25,1640409.125,1460236.125,1361752.875,1802753.25,1825412.625,1575915.875,1496866.0,1822185.75,1483026.25,2141263.5,2228570.0,2029910.0,2098512.5,2119939.5,2367851.5,1826868.125,1909118.625,1911559.375,2251535.5,1991890.5,2299858.75,1945094.375,1955002.875,2017173.0,2468607.25,1678356.875,1702547.375,2106874.5,2116488.25,2145436.25,2291768.5,1721058.25,1689287.875,1887221.375,1978616.625,1790368.5,1996624.625,2144790.25,2059840.625,2244342.5,2293953.0,2388960.5,2246028.25,2113394.75,2182862.0,1867587.375,1860621.625,1609377.0,1609593.25,2001340.875,1978311.0,1853728.75,1874066.125,1860760.875,2099871.25,2080696.5,1949462.25,2060043.875,2084880.125,2196156.75,2117579.25,1898760.25,1979956.25,1855036.625,1978457.5,2173700.5,2169891.0,2089562.5,2161175.0,2153816.5,2326242.75,1830750.375,1919805.0,2219447.25,2323507.5,2103646.75,2177398.0,2085213.0,2307721.0,1762056.5,1984151.25,2074293.625,2281409.0,1899409.125,2205528.75,1939631.375,2149082.75,2196816.25,2519125.5,1765385.375,1856054.625,1733696.0,1781569.875,1332401.25,1435399.25,1475062.375,1760324.0,1897937.75,1907745.75,1958272.25,2120780.25,1669471.0,1768697.375,1557698.75,1570486.25,1723608.375,1758717.5,1822090.875,1824640.0,2173857.5,2047247.75,1538205.5,1547573.0,1669879.125,1923382.25,1518798.625,1548004.125,2718724.25,2700176.25,1551148.375,1554119.75,2009961.0,2070987.625,1598947.625,1892037.125,1841417.375,1791567.0,2474743.75,2152916.5,2153718.75,2348486.0,2266999.5,2633677.0,2993458.25,3031967.25,1861907.625,2013423.125
80,2130275.0,1928584.125,1873924.75,1799111.75,1737836.75,1732561.125,1816396.75,1715453.125,1995785.875,1992589.375,2487638.5,2351958.75,2254436.5,2344209.0,2067713.875,1955149.5,1964686.5,1840255.75,2031655.0,1746834.0,1809207.375,1667231.375,2038730.625,1766640.125,2017117.875,1872246.375,1864704.5,1514407.375,1919286.25,1958751.375,1882919.625,1725201.25,1777588.25,1835803.875,1688025.625,1576713.875,1891333.0,1838818.25,1981475.0,1849829.25,2170262.0,2355191.25,1698668.75,1526369.625,1442828.0,1352350.5,1570137.5,1777058.25,1641739.5,1567861.625,1691432.25,1665474.25,1629374.0,1576903.875,1848143.125,1878765.0,1946302.875,2236762.75,1729802.25,2041302.875,1600738.25,1648709.75,1881853.125,2031491.375,2169395.0,2143264.25,1905320.5,1860231.375,1610284.625,1618057.875,1981990.5,2184131.0,1874241.75,2192935.5,1590199.75,1245972.625,2230882.25,1889695.625,1828654.625,2023465.5,1327441.25,1405227.875,1486831.5,1521553.875,1572111.625,1633354.75,1865619.25,1715985.625,1455415.875,1381242.25,1681519.875,1600082.625,1467289.0,1380427.875,1487428.25,1484933.375,1587594.25,1759703.75,1690012.25,1620312.875,1132998.75,1161421.375,1588135.875,1466379.875,1743402.0,2027628.0,1621298.75,1810349.375,1723520.25,1642554.5,1464036.625,1355946.375,1801397.625,1817425.625,1583175.875,1504938.375,1841468.375,1495507.875,2135867.5,2224225.0,2037442.5,2104564.75,2127456.5,2371785.75,1830210.25,1916600.5,1906831.75,2241131.5,1989815.5,2306502.0,1952100.75,1964213.375,2012018.875,2471606.75,1666652.875,1696701.5,2104938.0,2117806.5,2139416.5,2294052.0,1723363.875,1697497.375,1887767.25,1980313.75,1790696.125,1996153.5,2138039.5,2050528.75,2243766.75,2294686.0,2385373.5,2244227.75,2114194.25,2184268.5,1863414.875,1862684.75,1606681.0,1605308.625,1995576.75,1980418.125,1858921.75,1877343.625,1857446.5,2100213.0,2077622.0,1950979.625,2061073.25,2086257.25,2195733.0,2118769.0,1894332.125,1980413.625,1857543.0,1978865.0,2179780.5,2172452.25,2091901.5,2163562.25,2151088.25,2326937.0,1827415.875,1917330.25,2219592.0,2324703.0,2106120.5,2177135.5,2087493.375,2309224.0,1755663.875,1983733.5,2063156.375,2274912.25,1885357.75,2200636.25,1930361.25,2140186.5,2185239.0,2511884.75,1762015.75,1852999.875,1734050.875,1779203.5,1321882.75,1427033.125,1474484.625,1760420.625,1882481.625,1894184.75,1949582.25,2115209.75,1674558.5,1770356.875,1559988.0,1572425.625,1725598.375,1761587.625,1822391.0,1822649.125,2174490.5,2051093.875,1538671.5,1552692.875,1673979.5,1927255.625,1520734.75,1553646.125,2718246.5,2701556.25,1554034.625,1559519.25,2019746.375,2082701.5,1600882.25,1892571.875,1845659.625,1789415.75,2481090.0,2163903.0,2157527.0,2348609.75,2272433.25,2636009.5,2996935.5,3036619.75,1864842.875,2016547.875
81,2134701.25,1931198.75,1873928.5,1795466.25,1716407.0,1718646.0,1823239.75,1723326.25,2004168.875,2001403.625,2493089.75,2355828.0,2242094.25,2333529.25,2058608.125,1951920.0,1968571.0,1844330.0,2017948.375,1738600.25,1795390.0,1652270.25,2030502.75,1757719.625,2021598.25,1873110.625,1840212.875,1489412.25,1922109.75,1965350.875,1877725.75,1719649.625,1777170.25,1833441.625,1683321.375,1573049.875,1891730.5,1835188.25,1987915.0,1854961.5,2163455.5,2355760.25,1701016.875,1525524.875,1443192.375,1355081.5,1561753.375,1764322.0,1645348.625,1572951.375,1690952.5,1660371.625,1625728.125,1576793.875,1852486.375,1881923.875,1947491.125,2238950.75,1748544.25,2056577.5,1598399.75,1647862.875,1885473.25,2037678.125,2177368.25,2143477.5,1910235.375,1867381.875,1619447.375,1630139.625,1982141.25,2176292.75,1872857.5,2194927.75,1585256.0,1240858.875,2240361.25,1897658.5,1829688.125,2024654.875,1332537.625,1404891.75,1497994.25,1529943.625,1566403.0,1628310.375,1863950.625,1717564.875,1448669.125,1374996.875,1685725.0,1599499.25,1476251.0,1390778.0,1484199.75,1489008.875,1587156.5,1760442.25,1695153.875,1624518.875,1132622.125,1169368.625,1588359.875,1467197.25,1742484.625,2021910.375,1623096.375,1814554.375,1726915.875,1641311.5,1467742.0,1358926.125,1795509.5,1809360.25,1589463.625,1516875.125,1851800.375,1514844.75,2135712.5,2226648.25,2043256.875,2106557.0,2129916.25,2368857.25,1843936.375,1941230.5,1915789.125,2245809.5,1991225.75,2313846.5,1966946.25,1977992.375,2017524.875,2479215.5,1656440.875,1682009.125,2107278.25,2119919.0,2138404.0,2294995.25,1726649.625,1703778.75,1884628.625,1979209.75,1791004.625,1996576.875,2137164.75,2048602.125,2246083.5,2300797.25,2383014.25,2241671.5,2114560.25,2181546.25,1860730.75,1862682.875,1603168.875,1601303.25,1994108.5,1980980.125,1868030.625,1887933.625,1853691.0,2101581.0,2076804.375,1947573.625,2059039.5,2083299.625,2198298.25,2118563.5,1892077.5,1978146.75,1857860.625,1975222.625,2179016.75,2172227.5,2091609.875,2162565.75,2151615.25,2326909.75,1822978.375,1919797.875,2218882.5,2323110.5,2103932.25,2175114.0,2088716.625,2305489.0,1761637.375,1985595.125,2064803.625,2270534.25,1887853.125,2200677.0,1929786.5,2136553.75,2184373.25,2506357.0,1758016.25,1850111.0,1728870.25,1772000.25,1311446.0,1413909.375,1478367.375,1757236.75,1873413.0,1886611.75,1948540.875,2109436.5,1675194.875,1775114.125,1555431.625,1571658.375,1721614.5,1760803.625,1823212.125,1821559.0,2174407.25,2053121.875,1537886.125,1555779.125,1673033.25,1928724.125,1519328.75,1556578.0,2716083.0,2702011.75,1554175.0,1559423.25,2021708.0,2090475.5,1597993.5,1891619.75,1847677.25,1788068.0,2484259.75,2170765.25,2159602.5,2353588.5,2276675.5,2642639.75,3000234.25,3042671.5,1860519.875,2017828.125
82,2137680.25,1931386.625,1872124.125,1786948.625,1704654.0,1706024.875,1829811.75,1727421.875,2013064.875,2010606.625,2499180.75,2359880.25,2236732.25,2321143.75,2054105.5,1949637.875,1968986.625,1842764.0,2016025.25,1731378.5,1790778.625,1647535.0,2030885.625,1751354.25,2020621.625,1872445.5,1831507.625,1471367.25,1923017.875,1970050.375,1879899.25,1717180.875,1774285.75,1838748.375,1683340.75,1571797.625,1894971.625,1838151.375,1991609.0,1860249.5,2162757.25,2357331.75,1704502.5,1525185.25,1441749.5,1355419.875,1549737.625,1752130.875,1645933.375,1570157.375,1690376.375,1660461.5,1628439.75,1580594.25,1852340.75,1886785.625,1948337.5,2243369.75,1745150.75,2070475.875,1603194.375,1650111.625,1889059.75,2039331.0,2176967.75,2147267.75,1915384.125,1874351.625,1616522.75,1634808.5,1981984.0,2188993.75,1872871.25,2193011.0,1586168.375,1249007.875,2239595.0,1895873.75,1840164.5,2022801.625,1329631.75,1406999.0,1495709.0,1538180.25,1559086.125,1626386.625,1868053.875,1721587.0,1441922.0,1370917.25,1680037.625,1585236.0,1475726.5,1391109.75,1474110.875,1480972.875,1582286.0,1756230.375,1693007.5,1619753.875,1133360.125,1166004.25,1589592.75,1466749.375,1746112.25,2024248.125,1621812.5,1814218.75,1729181.875,1640379.375,1462705.75,1356944.875,1798821.5,1824744.125,1587392.5,1520377.125,1843364.25,1522638.5,2134019.5,2233324.5,2039619.5,2103478.0,2127908.25,2368411.0,1845765.625,1945449.125,1916335.375,2254722.75,1993220.375,2313294.25,1966424.875,1982794.625,2024295.875,2477330.5,1659755.5,1674265.875,2109552.0,2118896.25,2147379.25,2296885.0,1726068.375,1701331.625,1879430.75,1976942.375,1790041.25,2000092.0,2141265.5,2053467.5,2252315.75,2306456.5,2382974.25,2238191.25,2112641.5,2175349.25,1868846.375,1869813.875,1607277.25,1605265.5,1999594.375,1984341.75,1870239.625,1897107.5,1854781.625,2101620.0,2078654.0,1947576.25,2058761.5,2083220.0,2199871.75,2119274.0,1894728.75,1979525.875,1857242.125,1977114.875,2171785.0,2166336.5,2092359.25,2159721.0,2159782.75,2330485.0,1818678.0,1916020.5,2221579.5,2324375.0,2105034.5,2178005.25,2090612.25,2300483.0,1769704.0,1982847.375,2080139.375,2280238.25,1892466.5,2202187.75,1936312.375,2147209.5,2191228.25,2507104.25,1755028.125,1849642.625,1723122.375,1771734.0,1305815.625,1398940.625,1476160.25,1751367.125,1876144.25,1886993.5,1954220.5,2107405.0,1667684.625,1768879.875,1550120.375,1570671.25,1720722.375,1759666.875,1823497.875,1824595.25,2174611.75,2049559.375,1536726.75,1554603.0,1668162.375,1924306.375,1516023.375,1554746.625,2724085.75,2701947.0,1550422.625,1556242.125,2012904.875,2084109.25,1594032.25,1889981.25,1845458.25,1792175.0,2479031.5,2163839.25,2158910.5,2361930.25,2274695.25,2647677.25,3003758.25,3047541.0,1855955.125,2017470.75
83,2136530.75,1930603.25,1868198.375,1787702.25,1705120.625,1701977.625,1823429.375,1727223.25,2007826.0,2009133.0,2495936.5,2355387.5,2238497.25,2318965.25,2052667.375,1947683.0,1971309.25,1840857.125,2021342.375,1731286.0,1795439.75,1652295.375,2027209.5,1753198.5,2014170.0,1870265.375,1835379.375,1479497.375,1921857.25,1966268.875,1882585.875,1720612.125,1775328.125,1842313.25,1688363.125,1572962.5,1897247.75,1842350.875,1989089.0,1862898.125,2163163.25,2349806.0,1706177.125,1527522.125,1443890.625,1354057.0,1550179.875,1748350.75,1643163.0,1563019.875,1689291.625,1664509.5,1635316.5,1583511.625,1847904.875,1887703.125,1946929.875,2241426.75,1728114.625,2061063.5,1606792.75,1653828.75,1890614.5,2040892.75,2172851.75,2147027.5,1912484.75,1870769.25,1616337.125,1630793.5,1982597.625,2199613.75,1873444.625,2192476.0,1591065.25,1258773.5,2239261.5,1893114.5,1840670.75,2024839.0,1327610.5,1407985.75,1491323.25,1535409.875,1562092.375,1626656.75,1874119.875,1721664.375,1446543.125,1369672.625,1675655.25,1578980.125,1469612.875,1385053.125,1473020.75,1471105.875,1586249.25,1755465.25,1689835.625,1615778.375,1135418.0,1159501.375,1590233.125,1466451.0,1751128.25,2027140.875,1622188.0,1811810.25,1730130.75,1637963.75,1458959.0,1350466.5,1803276.5,1833674.625,1583753.875,1515100.625,1828254.625,1513947.375,2129823.25,2234292.0,2037633.25,2101980.5,2126265.25,2372065.0,1837493.375,1933346.75,1911840.375,2258086.75,1993734.25,2309885.75,1956357.25,1976578.5,2024143.375,2476025.25,1670855.375,1679031.5,2111497.75,2121102.75,2151788.5,2299094.25,1725352.25,1699670.375,1878519.375,1976667.125,1788262.75,2000807.125,2142112.25,2052811.125,2254745.25,2306553.0,2387381.5,2236152.25,2109456.25,2171118.0,1878072.5,1874755.5,1612040.625,1612372.0,2002507.25,1986631.375,1862604.25,1893656.5,1855764.375,2099280.0,2079190.625,1950075.875,2060012.75,2085496.5,2198171.75,2118727.5,1899218.125,1980895.125,1858230.625,1978671.25,2166614.75,2162034.5,2093657.25,2156721.25,2158855.0,2329825.75,1815961.375,1908129.625,2220866.75,2322376.5,2107314.25,2180226.0,2090313.375,2297192.75,1773838.625,1982432.625,2095697.5,2293492.5,1893284.5,2207016.0,1942189.125,2155068.0,2199140.75,2510468.5,1759749.0,1854979.0,1727274.25,1776692.875,1309570.0,1400746.125,1473785.0,1749378.25,1888873.125,1895623.375,1960890.5,2113626.0,1663137.125,1763633.125,1549405.875,1571071.25,1722635.25,1760309.375,1822294.125,1825840.875,2171597.25,2045171.25,1539447.875,1555014.625,1666312.625,1919691.375,1516823.625,1553195.125,2723235.5,2697868.0,1549515.5,1555076.125,2009173.125,2075976.75,1597461.0,1891472.375,1846331.75,1797640.125,2471128.5,2153719.25,2158124.75,2360653.0,2269429.5,2642862.0,2998495.75,3040502.25,1859593.875,2019327.625
84,2134481.25,1931221.75,1872230.625,1793370.875,1726376.875,1713213.25,1821442.625,1723718.125,2001834.0,2004657.375,2486819.5,2348886.5,2247277.5,2327255.5,2059795.625,1947806.5,1969030.0,1838403.75,2031597.125,1737601.875,1807500.625,1661684.5,2031489.5,1755108.375,2016245.75,1866911.125,1852238.375,1500384.625,1920222.25,1957850.25,1884133.0,1722931.25,1780656.125,1838220.5,1688970.125,1573110.125,1892939.625,1841314.625,1985388.25,1861809.625,2164668.25,2347035.25,1700581.5,1526343.625,1445134.25,1351634.75,1560491.625,1759662.375,1640032.375,1560360.125,1686589.875,1663553.75,1645564.0,1581045.875,1853741.875,1886041.625,1952286.875,2239304.25,1718092.625,2043444.75,1605138.75,1652866.5,1890890.375,2040147.25,2169869.0,2145188.25,1906884.25,1864397.625,1613153.625,1622753.0,1984177.5,2192466.0,1874346.0,2192641.5,1592710.875,1260125.375,2238449.0,1890555.625,1830378.5,2025226.625,1330468.375,1406955.0,1487611.5,1524438.875,1568667.625,1632355.0,1874760.25,1718036.625,1452941.125,1377611.75,1678500.25,1594003.125,1463699.0,1379761.875,1484091.125,1479944.625,1595859.75,1757323.625,1687886.375,1619247.375,1133716.875,1160733.375,1586042.5,1464376.75,1752584.0,2028622.5,1621610.75,1809931.5,1723605.5,1639441.625,1460761.375,1356786.875,1800539.625,1822445.75,1577810.125,1500851.875,1818753.75,1498204.375,2132444.5,2229529.0,2041085.125,2102917.75,2122875.25,2372661.25,1831653.625,1922279.875,1913418.0,2254548.5,1996572.125,2307773.25,1950732.625,1967877.75,2022848.25,2478432.0,1675856.375,1685026.25,2108136.5,2119460.75,2151249.25,2298617.5,1721515.5,1698068.25,1875373.25,1976566.5,1788724.75,1997201.625,2136085.0,2047302.5,2248784.25,2299298.75,2388298.25,2231642.75,2103339.25,2168674.0,1883755.0,1870919.375,1612752.5,1612549.0,2008664.5,1985472.125,1857122.25,1883505.0,1854579.0,2096303.75,2078187.625,1948279.5,2059602.75,2084929.625,2195359.0,2116835.5,1900089.25,1976591.625,1857088.625,1976863.5,2160406.5,2157856.5,2090517.75,2158607.5,2149739.25,2325102.75,1811279.625,1902711.625,2217148.25,2320369.0,2106718.5,2177552.0,2087883.125,2301801.0,1776340.0,1988689.25,2099267.5,2294332.75,1899730.625,2213066.75,1947752.875,2155183.5,2208077.0,2510085.0,1769446.625,1860614.875,1736643.375,1780559.5,1323009.25,1423703.25,1477370.375,1756356.75,1904416.75,1905194.75,1966386.625,2116008.0,1664791.0,1763229.375,1550582.75,1567815.75,1721462.625,1759350.375,1820977.875,1823920.375,2170561.5,2046952.625,1539659.5,1550361.375,1668182.0,1923114.125,1516173.625,1547632.625,2715189.25,2696142.5,1548936.875,1550026.375,2009223.125,2073648.375,1598660.75,1890887.75,1846244.0,1793127.0,2470407.75,2151812.5,2156160.5,2351819.25,2267080.0,2634562.5,2992333.75,3033267.25,1860686.875,2017034.0
85,2132118.25,1932446.5,1878084.75,1794047.875,1745592.125,1727227.125,1828969.375,1724296.75,2005016.875,2006254.875,2484205.0,2349873.0,2253402.75,2333112.5,2067696.125,1950390.875,1962778.75,1837558.875,2037745.75,1743923.375,1816646.0,1668624.0,2042047.5,1756412.5,2023559.25,1866039.0,1864218.5,1509484.25,1920207.625,1955276.125,1885937.5,1723005.5,1785102.375,1834724.75,1686108.5,1572780.0,1887006.5,1840344.0,1987697.25,1859520.875,2166475.25,2354833.25,1693274.5,1523062.0,1441752.375,1349831.5,1564972.875,1774013.875,1637975.0,1562546.25,1686453.75,1661540.625,1651559.5,1578848.75,1866568.125,1887864.25,1963265.875,2245148.0,1720231.75,2039787.375,1604149.375,1650094.125,1890396.875,2037094.875,2166897.5,2147279.75,1906506.0,1863204.0,1609300.75,1622310.5,1988160.875,2189801.0,1877251.625,2193828.25,1595498.75,1260826.875,2234931.25,1889969.875,1831520.625,2022698.0,1332130.25,1407042.0,1484755.875,1520495.5,1569414.75,1638445.375,1874853.125,1718018.0,1455266.875,1386082.25,1679807.5,1604566.25,1462373.0,1378580.625,1493011.75,1494333.25,1596050.875,1756499.5,1685955.625,1621633.375,1131324.375,1163656.0,1583449.25,1462756.5,1750316.625,2030835.625,1618662.625,1808277.375,1716633.5,1644031.5,1465291.0,1366555.875,1798612.5,1816964.125,1573438.75,1493233.125,1816194.25,1492232.375,2139461.5,2226137.75,2044199.75,2102101.5,2121582.5,2369020.5,1826763.625,1917039.125,1912430.25,2246759.75,1999909.25,2308296.25,1948873.875,1964248.125,2023045.25,2475518.75,1671898.5,1683837.5,2101175.25,2110844.0,2154130.75,2297938.0,1716962.125,1694568.125,1868481.5,1975854.75,1792866.0,1997610.625,2129586.5,2045513.5,2241045.0,2292514.5,2383126.75,2226761.5,2096918.375,2166938.25,1888404.0,1868935.875,1613875.5,1610812.5,2019704.375,1987218.5,1858132.625,1881366.125,1855782.75,2096322.75,2076142.875,1945090.625,2058522.25,2085097.875,2194473.5,2119303.75,1898626.0,1975181.0,1851642.125,1979139.5,2154389.25,2153792.25,2087290.125,2162087.25,2146197.25,2323494.25,1806462.5,1900683.0,2217600.25,2322707.75,2104972.75,2175936.5,2085794.5,2309008.25,1776723.0,1991870.375,2100446.5,2292615.75,1909507.125,2215851.5,1952739.5,2157554.25,2216143.5,2509247.5,1772146.125,1857832.75,1737128.75,1779987.375,1329421.25,1435165.25,1478632.75,1760294.125,1914284.625,1904014.5,1966121.75,2107759.25,1664329.0,1765877.25,1548078.125,1562646.75,1718226.75,1759039.375,1820499.125,1821952.625,2171194.0,2046933.0,1534191.375,1541969.5,1666192.375,1923924.5,1508693.75,1537602.0,2713750.25,2698284.0,1542726.25,1542977.625,2001912.125,2067882.75,1591453.875,1886988.25,1841784.75,1783358.0,2470015.75,2149380.25,2150959.75,2346306.0,2263984.75,2629023.5,2990169.25,3032232.5,1854942.75,2008556.25
86,2131106.75,1933200.125,1876720.0,1793191.125,1740480.75,1724943.625,1829071.0,1727008.0,2006010.375,2006524.25,2492465.75,2354643.5,2250345.0,2332395.25,2067596.875,1951312.0,1967311.125,1840696.875,2032503.375,1745026.625,1814917.625,1666197.75,2043917.375,1758144.75,2028180.25,1867511.875,1854726.375,1506286.375,1925329.625,1957425.625,1888295.875,1724754.875,1789553.25,1834567.125,1689485.875,1573372.5,1887121.75,1841963.875,1993808.625,1859673.625,2164336.25,2351708.75,1694127.25,1525896.0,1440132.0,1350759.75,1564024.625,1775052.75,1635629.5,1561691.875,1691423.25,1664033.375,1647212.875,1578407.75,1869964.25,1889423.75,1965052.125,2245812.0,1728555.0,2043289.5,1604030.0,1651296.5,1890756.625,2037218.625,2165973.75,2147956.0,1907080.125,1862463.0,1619594.625,1626345.875,1991100.75,2196847.5,1879756.0,2198404.75,1599126.625,1261988.0,2241228.5,1899799.75,1836614.25,2029951.625,1331074.0,1409994.875,1487581.125,1526819.5,1565186.5,1637470.375,1875170.0,1721482.375,1456275.0,1383191.375,1678322.0,1601128.875,1463084.125,1382795.75,1490251.25,1494232.125,1587036.75,1756533.625,1684434.625,1622280.625,1131347.25,1163551.875,1584423.5,1463835.625,1746098.625,2028557.0,1617784.375,1809400.75,1717363.125,1640630.75,1469025.375,1361772.25,1798174.125,1816958.25,1575433.875,1501218.625,1810610.375,1491825.125,2131500.0,2222669.0,2044382.625,2103956.0,2126793.75,2369968.25,1825348.375,1919255.25,1906757.0,2242761.75,2000515.0,2311564.5,1950940.75,1963960.125,2023813.75,2473678.25,1667183.375,1683095.375,2105299.5,2111782.5,2156729.5,2299469.75,1723832.0,1694671.125,1871413.875,1978362.375,1796547.5,2001392.0,2129461.25,2045991.625,2239600.25,2293781.75,2381732.0,2230495.0,2099568.5,2171012.0,1887572.0,1870360.625,1615019.5,1614455.5,2021832.875,1989980.125,1859887.0,1884422.25,1858466.5,2099193.5,2075027.0,1946770.625,2059121.75,2086627.25,2196043.25,2122500.5,1899591.875,1979288.125,1848119.625,1981650.75,2160679.75,2158771.5,2090922.125,2160455.5,2149683.0,2326728.75,1808382.5,1899987.25,2223391.5,2326015.5,2106365.5,2178804.0,2084500.875,2306597.75,1771016.75,1987340.125,2101939.5,2293547.5,1906928.625,2212633.75,1946841.25,2154715.75,2213010.25,2511008.75,1766586.375,1853191.0,1729299.25,1774930.75,1321483.5,1424830.25,1472936.25,1755708.0,1908414.0,1895574.25,1959005.5,2104463.0,1660119.25,1767706.0,1546429.875,1561088.0,1717212.75,1760499.75,1819359.625,1818904.375,2167514.75,2042439.75,1532157.625,1541611.0,1661909.25,1916734.0,1505062.375,1535094.625,2712706.75,2697309.25,1539330.0,1544766.125,1996457.875,2060104.375,1591254.25,1889297.625,1841594.0,1784957.25,2463269.25,2140814.25,2147771.5,2344824.25,2257565.25,2623731.75,2986090.25,3028692.25,1855596.875,2007268.5
87,2132836.5,1932422.375,1873830.375,1792837.375,1732611.375,1717228.875,1823579.0,1723864.75,2003111.625,2001953.75,2499723.25,2356555.25,2249192.75,2333667.75,2067104.0,1950718.375,1977353.75,1842290.25,2030282.75,1744337.625,1812650.875,1664542.125,2042531.25,1758849.25,2029976.75,1869862.375,1854650.0,1507627.0,1930263.5,1957842.0,1890682.75,1727407.375,1791648.5,1836579.25,1692429.875,1573500.625,1889515.0,1842449.875,1994172.0,1859225.5,2162506.0,2338819.0,1699649.625,1529774.125,1442029.75,1351294.625,1564040.25,1769102.25,1634879.125,1558344.875,1694601.625,1664666.0,1641493.75,1578335.875,1863620.5,1888198.125,1956289.625,2238549.25,1726550.75,2042408.125,1603832.5,1652671.875,1892516.75,2040309.75,2165136.0,2143719.25,1905823.375,1861657.25,1618677.0,1619073.75,1986435.125,2197176.75,1877976.25,2198371.25,1596717.75,1259277.625,2245942.5,1901997.5,1828659.875,2034813.875,1327820.5,1411284.75,1488611.875,1527954.25,1562442.0,1632768.875,1871749.375,1721290.5,1452434.125,1376427.5,1678669.625,1596134.125,1459572.75,1380704.25,1485013.0,1483538.0,1582403.75,1755913.0,1682344.875,1621682.375,1132279.875,1160639.625,1581839.125,1462564.375,1745407.375,2027147.625,1620333.25,1812483.875,1717497.125,1633762.625,1464975.125,1351306.5,1796371.875,1814549.75,1574035.875,1502337.0,1802797.25,1487435.625,2117801.25,2220867.5,2037782.625,2107548.5,2128702.5,2371586.0,1826585.0,1922990.125,1906544.25,2246579.25,2002149.375,2313924.75,1953257.875,1960283.375,2026998.375,2479188.5,1670985.5,1687742.25,2117963.75,2122549.5,2156783.5,2302906.25,1730806.25,1694607.375,1882266.375,1979813.25,1795501.25,2002272.375,2132076.75,2045564.75,2241000.75,2295165.25,2384778.0,2238393.0,2108048.25,2177611.25,1881345.25,1869955.625,1614550.375,1617193.5,2014879.25,1987937.25,1856973.625,1881615.5,1858639.0,2101063.75,2077595.0,1951056.375,2058337.75,2085738.25,2197292.75,2121373.25,1901415.25,1979867.25,1850052.25,1979535.125,2172820.25,2167735.75,2094394.875,2157336.0,2152852.25,2329380.5,1814978.5,1902717.75,2225942.75,2327715.75,2109517.25,2181523.5,2082071.625,2295663.75,1764726.625,1984412.75,2090810.375,2287150.5,1897642.625,2206485.25,1936307.75,2147127.0,2198752.75,2510327.0,1766960.375,1858925.0,1729687.25,1772732.875,1319662.875,1422173.5,1471357.125,1756894.625,1891784.75,1894239.625,1954815.375,2113568.5,1659509.0,1762201.125,1551590.375,1564577.0,1718978.25,1759689.0,1818551.125,1818494.25,2165612.5,2043676.375,1535897.25,1545592.375,1663482.625,1916655.625,1510650.25,1541336.125,2712125.25,2695881.0,1544729.375,1551189.625,2004661.75,2065557.75,1601706.375,1896053.75,1847607.375,1794306.75,2463267.0,2141671.75,2153321.75,2347778.25,2260113.25,2626247.75,2989245.0,3031288.0,1864278.75,2016562.0
88,2131709.0,1927929.25,1872262.625,1790811.0,1731936.75,1718584.125,1822811.75,1721575.75,2002034.125,1998574.125,2496259.5,2355774.0,2250256.0,2336366.25,2066765.125,1951578.875,1977683.875,1841516.0,2034036.5,1742597.625,1812953.0,1667987.75,2041746.125,1763125.125,2029343.375,1874567.5,1871036.125,1513222.625,1928620.125,1958735.5,1888947.875,1728710.75,1782415.875,1836929.125,1685206.375,1570618.125,1888391.375,1838936.875,1986035.75,1853097.0,2162487.75,2339916.75,1700649.75,1527755.0,1442711.125,1349637.875,1564481.0,1766950.25,1637840.25,1560853.125,1692291.625,1659974.875,1639458.5,1579019.25,1857182.75,1888081.0,1948738.75,2237466.0,1718078.625,2043511.75,1604602.875,1650108.0,1892416.125,2041024.375,2164080.25,2140460.5,1905774.125,1864128.25,1598972.875,1611965.25,1977655.875,2189427.25,1872684.375,2190984.5,1588913.25,1252692.625,2232696.75,1885227.25,1819822.0,2021710.875,1324043.5,1405802.375,1485963.375,1519965.625,1563045.25,1625973.625,1866997.375,1714343.125,1447287.0,1371760.625,1685586.375,1597408.25,1456809.625,1373534.75,1485106.75,1474690.625,1588341.75,1753307.625,1683508.25,1618576.0,1133440.5,1156739.0,1579295.25,1459683.75,1750052.625,2030789.25,1623613.5,1813816.375,1715128.75,1633031.0,1458684.0,1351810.5,1795761.375,1816601.5,1572102.0,1497923.375,1811369.25,1495663.125,2121675.5,2220229.75,2028195.125,2103417.0,2121719.0,2364506.5,1828372.0,1929790.0,1916238.125,2256513.25,2004861.0,2315985.0,1951343.375,1958054.0,2030956.0,2486107.5,1680051.875,1689636.375,2125424.25,2127124.0,2156735.75,2307762.25,1724428.375,1692046.75,1884716.0,1973739.5,1792329.125,2002034.5,2135489.0,2051225.75,2240357.25,2292924.75,2385824.5,2241243.0,2109973.75,2177201.25,1876541.125,1869587.375,1613520.375,1613566.875,2010478.25,1986113.125,1852850.25,1877989.625,1856543.125,2099873.0,2078023.125,1950477.0,2055006.125,2083618.5,2192912.25,2117946.25,1898598.125,1978376.625,1852598.0,1976162.75,2174233.5,2168465.25,2089887.25,2157118.25,2152357.25,2327491.25,1817845.5,1909511.25,2219403.25,2325285.5,2106883.5,2179138.0,2079787.75,2292371.75,1767508.25,1989204.25,2077310.0,2278658.75,1901149.5,2206987.5,1934911.5,2145060.0,2188145.5,2505859.25,1775191.125,1868941.875,1740036.0,1775684.75,1328668.125,1433295.75,1479849.375,1765136.75,1884018.625,1900599.0,1957580.0,2123509.75,1663300.625,1762115.375,1555834.125,1570347.0,1717965.5,1756497.0,1819729.625,1823350.125,2171447.0,2048617.375,1539732.25,1547250.875,1668260.625,1924035.75,1516598.375,1547094.125,2716831.25,2698619.25,1550376.75,1552832.125,2016447.75,2079105.0,1605798.5,1895830.375,1850896.375,1795422.875,2474263.25,2155408.0,2160910.5,2354138.5,2272428.5,2639924.0,3000282.0,3042135.25,1867623.625,2021566.625
89,2127789.5,1921098.375,1869665.625,1791211.375,1720881.125,1718919.5,1823224.375,1726462.5,1999918.5,1997645.375,2489818.0,2354916.25,2242256.5,2332675.0,2059493.5,1952254.625,1971728.5,1843752.5,2028826.375,1735848.625,1806845.25,1665197.125,2035214.625,1769113.875,2029071.375,1880074.0,1866046.75,1506813.75,1926049.0,1961392.125,1883980.75,1728249.375,1768828.125,1832540.0,1678095.25,1567140.0,1886903.875,1834464.875,1979915.375,1847356.875,2158364.75,2349319.25,1701167.375,1525430.375,1443412.875,1350053.75,1564156.0,1763865.375,1641777.5,1567918.0,1690353.625,1655828.0,1635032.5,1579375.0,1854736.125,1889717.5,1947127.875,2243120.25,1725559.0,2052950.5,1604038.25,1647698.125,1890313.125,2039804.25,2168734.25,2140679.0,1906001.25,1866770.75,1598422.375,1622318.25,1974196.875,2183259.75,1868404.25,2187732.25,1583787.125,1244623.5,2223676.5,1878009.375,1823180.5,2010190.5,1324972.0,1398861.25,1491566.375,1517450.375,1563047.0,1617533.0,1864838.25,1707855.625,1449347.375,1363163.75,1695307.5,1601296.875,1462306.375,1377764.5,1486344.875,1471447.25,1596748.25,1752622.375,1690673.0,1617301.125,1135392.625,1157264.5,1583692.875,1461683.875,1752641.375,2029554.625,1626498.625,1813979.875,1719435.375,1636418.875,1460559.375,1357464.875,1795736.5,1819219.25,1580662.75,1508018.0,1829785.25,1515557.75,2133361.5,2216585.75,2028198.0,2096205.25,2115003.5,2357378.5,1839636.75,1947548.25,1929627.125,2267987.5,2004599.75,2321491.25,1953916.125,1966113.375,2032732.125,2492085.25,1681499.75,1683981.5,2128835.5,2127003.5,2155059.25,2312058.25,1720515.125,1694184.375,1879268.5,1967375.125,1791435.5,2002457.75,2142431.0,2061656.875,2239962.75,2295014.75,2385414.25,2240691.75,2106443.25,2172958.75,1873409.75,1870976.875,1610484.875,1609054.125,2008408.375,1989419.0,1855789.0,1882434.125,1855193.875,2098284.75,2073547.25,1944948.5,2053094.625,2082272.375,2187276.5,2115386.75,1893451.0,1980519.0,1852806.25,1973625.875,2168363.75,2164545.0,2084572.75,2157500.0,2149511.5,2324138.75,1814698.5,1913519.625,2211081.75,2319389.25,2099550.0,2173621.5,2081649.75,2300266.0,1772977.875,1991923.5,2076101.875,2275774.25,1905294.625,2209510.25,1937051.5,2143101.5,2186846.5,2502830.0,1776213.875,1868125.25,1744408.625,1774585.5,1327495.125,1432042.375,1486915.625,1764544.5,1886683.625,1901844.625,1961059.375,2126446.75,1663625.5,1775066.0,1552313.625,1571969.0,1713729.5,1755922.375,1821337.625,1827169.125,2176942.25,2049050.875,1541312.875,1549727.375,1669686.375,1925703.75,1517061.5,1549038.625,2720215.5,2702240.5,1550813.75,1552976.625,2017515.0,2081221.0,1600528.625,1890711.0,1850560.0,1791238.25,2481806.25,2163151.5,2163441.0,2358054.25,2280332.5,2650080.5,3006486.25,3046020.25,1863673.125,2017944.625
90,2128648.0,1918734.5,1867025.375,1793387.625,1702690.125,1711009.5,1821376.375,1732814.5,2000132.0,2000377.75,2487333.75,2353194.25,2231074.5,2324110.75,2049761.375,1951023.125,1968270.5,1846534.0,2018289.75,1729378.125,1798476.375,1658050.25,2026240.375,1767837.875,2028961.75,1882570.0,1845994.5,1491099.25,1925442.75,1963245.0,1881282.875,1726213.375,1767965.375,1832199.125,1680681.75,1569104.0,1890623.875,1833873.0,1984621.0,1849223.75,2153781.0,2352154.75,1707795.875,1525714.375,1446380.75,1353562.125,1562944.25,1760408.125,1644696.75,1571798.5,1692475.25,1656811.625,1629587.5,1581430.125,1853506.25,1892879.875,1948556.25,2247672.5,1735130.625,2062550.875,1602939.5,1648587.875,1890284.875,2039994.625,2173521.5,2141142.0,1906419.0,1867595.375,1616778.75,1631814.125,1975714.75,2186162.0,1868223.375,2189245.75,1587009.625,1244120.5,2233342.75,1887694.5,1831822.125,2012795.5,1331661.125,1398567.125,1503454.125,1523486.625,1565217.625,1616367.875,1866992.5,1710160.375,1453237.0,1353380.75,1694929.25,1592599.875,1471409.0,1385012.75,1487673.375,1467085.875,1599368.875,1751070.25,1698603.375,1615931.125,1139106.0,1159264.5,1590421.875,1465421.375,1750366.5,2023667.125,1628645.25,1812883.375,1727488.75,1640107.5,1463214.25,1352167.5,1798054.5,1823420.125,1588912.875,1517353.875,1835939.0,1517754.625,2138627.75,2221183.75,2037076.125,2096641.25,2118235.25,2359945.25,1850549.25,1962315.375,1930757.25,2270506.5,2002291.75,2326603.75,1960011.375,1976107.125,2032201.875,2494125.25,1675651.625,1678992.375,2129611.25,2127930.75,2151462.25,2312830.0,1724895.0,1698703.625,1877339.875,1968689.25,1791502.75,2002197.625,2145364.5,2061348.875,2241354.25,2299521.75,2383211.5,2238902.25,2105000.5,2171766.0,1871516.625,1875010.0,1607253.0,1608356.25,2004561.375,1993931.25,1860833.625,1889676.625,1855031.75,2097433.25,2071656.0,1943497.125,2055085.0,2082123.625,2188524.5,2112865.25,1892570.875,1982373.0,1854835.125,1973330.0,2164694.25,2162188.25,2087732.5,2158965.75,2146976.25,2322354.75,1811251.5,1911452.5,2209244.25,2317730.75,2097274.25,2172555.75,2086534.875,2305345.0,1769790.75,1984711.5,2077844.5,2277302.25,1893323.75,2204744.5,1934905.75,2141150.25,2186343.75,2503546.75,1768725.625,1858321.625,1741078.25,1770716.75,1315745.5,1412630.75,1485138.0,1755794.0,1886722.125,1896355.125,1961467.125,2124442.75,1661380.375,1778231.875,1548691.625,1570055.0,1716853.0,1761246.5,1823599.0,1828447.375,2176587.5,2048014.875,1540823.25,1553684.25,1670143.125,1924373.125,1516427.875,1549658.125,2721799.0,2703502.25,1551249.25,1555922.0,2012723.0,2075789.125,1596977.5,1889213.25,1852232.875,1792198.125,2481494.25,2161059.0,2165783.5,2360376.75,2283044.0,2650221.75,3008212.5,3043390.25,1862169.5,2016146.5
91,2135560.25,1924721.75,1866243.875,1789504.375,1693984.75,1703693.125,1823988.625,1737896.75,2011657.25,2011893.625,2488862.75,2353119.25,2228395.75,2316544.75,2046536.25,1949578.75,1968375.875,1845604.375,2013582.125,1727595.875,1795034.0,1655591.5,2025455.75,1761144.0,2026113.75,1881331.375,1842389.375,1478867.0,1924636.875,1965770.25,1881027.25,1724072.625,1774680.0,1836736.75,1683710.75,1570963.5,1895848.875,1832717.5,1989641.25,1851394.5,2154282.5,2356372.25,1711339.125,1523304.5,1445716.0,1355340.0,1558923.5,1760041.25,1645443.5,1569372.625,1691541.875,1658539.75,1631329.75,1585981.25,1853457.75,1898706.625,1954109.25,2255165.25,1735011.0,2071464.875,1603826.375,1649524.0,1893428.25,2039820.0,2174294.5,2144188.75,1913276.25,1872193.625,1621520.375,1626626.375,1977027.375,2195756.0,1871001.25,2186757.0,1590904.5,1253536.5,2238380.5,1887543.375,1837042.0,2015957.875,1337940.25,1401601.875,1508822.375,1527987.125,1569520.75,1621044.5,1870305.25,1717219.25,1451338.125,1352716.875,1687094.875,1579048.25,1476630.875,1382814.75,1489823.125,1461885.75,1595230.625,1746864.5,1702501.25,1613225.375,1143334.0,1160800.875,1592783.375,1466196.125,1747543.5,2022304.625,1628539.875,1811844.875,1730363.375,1641266.875,1460891.0,1344064.0,1801287.25,1830580.25,1588574.375,1513758.375,1836111.25,1509703.125,2137089.5,2232750.25,2040963.25,2099936.75,2126790.75,2365519.25,1848935.125,1964642.125,1920067.75,2263200.5,1999901.5,2331150.5,1962888.875,1982374.25,2030309.875,2491432.25,1670259.25,1678046.875,2122026.75,2126194.75,2148287.25,2311896.5,1723316.0,1700617.125,1877706.625,1971435.5,1789368.25,2003668.75,2140266.25,2053195.25,2246098.0,2302744.0,2378516.5,2235065.5,2103536.0,2170044.25,1876549.0,1882789.25,1608828.25,1609512.5,2005304.375,1998459.25,1865058.625,1898047.125,1854534.125,2098139.25,2071235.875,1946401.75,2057868.5,2081799.625,2191239.5,2110463.75,1892864.5,1981630.125,1857338.875,1974846.75,2161640.75,2159307.25,2094182.75,2161989.75,2148429.5,2323960.5,1809448.625,1905689.125,2214219.0,2323560.75,2101210.25,2177025.75,2088770.75,2303977.0,1764436.125,1979567.375,2078359.375,2282243.75,1884978.125,2200862.5,1931861.375,2144296.25,2185668.75,2503662.0,1764476.25,1851210.875,1736997.375,1770090.0,1309458.625,1398697.5,1481674.25,1752482.75,1884092.625,1892915.5,1959253.125,2119560.25,1660449.875,1760192.125,1548491.875,1568159.375,1725235.625,1763510.0,1825470.125,1827814.125,2174925.0,2048394.5,1538691.5,1555698.375,1671363.0,1925538.0,1517481.5,1551014.625,2723690.25,2701810.5,1552793.25,1557517.125,2009747.625,2073599.375,1594898.0,1889168.625,1853235.0,1793947.5,2477764.75,2155748.0,2167473.5,2361603.5,2283349.25,2646730.0,3007567.5,3041110.5,1863501.625,2016492.875
92,2137736.25,1930207.25,1866227.625,1784340.0,1697100.25,1702559.625,1827339.25,1740771.0,2019419.25,2022462.875,2490420.5,2352894.5,2230621.25,2313436.5,2048952.875,1948495.5,1967773.375,1844219.375,2011630.25,1726864.375,1792868.375,1654622.125,2027522.125,1758937.5,2020023.25,1876883.875,1844436.875,1477244.375,1924971.5,1967459.25,1880562.125,1724136.625,1775065.125,1835095.5,1681172.5,1566784.375,1894648.375,1830301.0,1985344.625,1849203.75,2155411.25,2358467.0,1704549.625,1519657.5,1440149.875,1353748.125,1555822.5,1760086.75,1642742.25,1565446.25,1685223.25,1656040.125,1636998.625,1587053.625,1855819.375,1900542.375,1959897.875,2262149.25,1743049.375,2075191.5,1604345.375,1649667.25,1893480.25,2037760.0,2177091.0,2150199.25,1921767.625,1877171.125,1616576.5,1623593.875,1980562.0,2198841.0,1875201.875,2189611.25,1589516.0,1260517.125,2235704.5,1885611.875,1840385.625,2021073.375,1338136.375,1402620.125,1505127.875,1528119.875,1569829.875,1621798.75,1871846.75,1721090.375,1449950.5,1361623.25,1685550.75,1585899.0,1476007.25,1381182.625,1488243.125,1467491.125,1590848.375,1749549.0,1699787.125,1615365.125,1140725.375,1164179.875,1590533.875,1466539.875,1746769.125,2022284.375,1626502.5,1813967.25,1726591.75,1637387.875,1461423.375,1346802.25,1796807.5,1824273.625,1587987.625,1511981.375,1840470.375,1511529.875,2133760.25,2233476.25,2039224.375,2100725.0,2128106.5,2368441.75,1846351.625,1959900.75,1914430.0,2255679.75,1995720.875,2335040.75,1967342.625,1987762.5,2024303.75,2491369.75,1665319.0,1675580.75,2108813.5,2124212.0,2144496.5,2311020.0,1718173.25,1704677.125,1876611.625,1970969.75,1787493.125,2006370.125,2135076.5,2050448.0,2251590.0,2306630.25,2380596.0,2233933.75,2101507.75,2168468.5,1883076.625,1886818.875,1612851.875,1612109.25,2008419.0,2002107.875,1870666.625,1904547.5,1855360.25,2102949.0,2070547.625,1947425.25,2058597.0,2082344.0,2193258.5,2115095.75,1892706.0,1982673.375,1856066.875,1976155.5,2161341.75,2160691.25,2094855.875,2160604.75,2149874.75,2326241.75,1808244.625,1902768.0,2219374.0,2326081.5,2103157.5,2179158.5,2085900.625,2301331.25,1766833.75,1985010.25,2084508.375,2286137.0,1893285.75,2205136.0,1936066.25,2147044.25,2196716.75,2505102.25,1765807.75,1848938.875,1732900.875,1768012.0,1311767.25,1405547.625,1482039.875,1754273.75,1891111.25,1894358.25,1959404.0,2113481.5,1664482.875,1756133.375,1548153.875,1566416.25,1724945.625,1759499.5,1822726.625,1823272.5,2172534.25,2045715.625,1536210.0,1554048.5,1668811.5,1922842.375,1515250.625,1551062.125,2717894.5,2699010.25,1549707.375,1554313.875,2005045.625,2067402.125,1590726.0,1888491.125,1849811.0,1791187.25,2470066.5,2144671.0,2162110.25,2354232.5,2273858.25,2638104.75,2999765.25,3033910.5,1861402.0,2011743.375
93,2128592.25,1925573.0,1865381.25,1786570.625,1710246.75,1708518.0,1820465.25,1733441.75,2006387.25,2014116.125,2485933.5,2347661.25,2235934.5,2320048.5,2052869.25,1949540.625,1963931.0,1843608.125,2016268.0,1729145.0,1794265.875,1656732.75,2022850.125,1764757.875,2012312.125,1871604.0,1846244.125,1493545.125,1923025.875,1963888.375,1879481.875,1726604.875,1773187.375,1833494.125,1681541.875,1567363.375,1890444.625,1835052.625,1981496.25,1850400.0,2158309.0,2349994.25,1699102.625,1520917.75,1439445.875,1352752.125,1561394.75,1763382.875,1641221.375,1566300.25,1686327.75,1655485.875,1637022.75,1583056.375,1854649.25,1892165.625,1955067.375,2254340.0,1743766.25,2060743.25,1603389.625,1649914.25,1886592.5,2034875.0,2176927.25,2151016.75,1917960.5,1871673.0,1614460.25,1626239.375,1983883.5,2193436.5,1877617.625,2200218.5,1588187.875,1256930.875,2239742.25,1895241.375,1840698.375,2028797.125,1331666.375,1402245.25,1496833.25,1523827.25,1568750.125,1621467.875,1871433.875,1719782.5,1453337.875,1372966.25,1688541.625,1600462.25,1472114.25,1382133.75,1483806.75,1478228.75,1592552.75,1758343.625,1692300.5,1617963.0,1131559.25,1161713.0,1587262.25,1465426.0,1748080.875,2021339.125,1624077.375,1813978.875,1720326.25,1633980.5,1465346.875,1354145.125,1790930.75,1810804.375,1586618.5,1511634.5,1839446.75,1506653.5,2136512.5,2225672.75,2038591.125,2100436.25,2122159.75,2368905.75,1843264.125,1943543.375,1914451.875,2252457.75,1991690.875,2325367.25,1966489.375,1982641.125,2016916.625,2489111.75,1665930.75,1678242.375,2102970.75,2124259.5,2141511.5,2305737.5,1718445.0,1706221.375,1878138.5,1972538.375,1787847.0,2004432.625,2135257.5,2052165.875,2250195.0,2306143.75,2391063.75,2239530.25,2104300.25,2173111.5,1879012.75,1879589.75,1612797.0,1613830.625,2004038.625,1997971.125,1866603.625,1896560.25,1858257.625,2105960.0,2076724.125,1949373.125,2060279.25,2086109.0,2199570.75,2124322.75,1896745.5,1983884.25,1856298.75,1977736.125,2166976.25,2167775.25,2091530.5,2157582.75,2146996.5,2324270.75,1813607.875,1909753.375,2216580.0,2319202.25,2101069.75,2177033.5,2083533.5,2300145.5,1772433.75,1990134.125,2090313.125,2287330.25,1900987.0,2209859.75,1945681.125,2148405.0,2211703.5,2513606.0,1769015.75,1850404.375,1733916.625,1766989.125,1318669.625,1420385.25,1483835.75,1755369.0,1902558.25,1898320.375,1963011.125,2112349.75,1673115.375,1777703.25,1548365.25,1567105.125,1718432.75,1758765.375,1818938.0,1820170.625,2171341.25,2044139.0,1535553.5,1550568.125,1665935.5,1919642.125,1511356.125,1549153.0,2709760.5,2699324.0,1545429.375,1550841.625,2002725.125,2060729.625,1590611.875,1890268.25,1846883.625,1788987.875,2466607.5,2138870.5,2156293.25,2345658.5,2263312.0,2630552.0,2993737.75,3028458.75,1858688.75,2008136.375
94,2119561.25,1917180.375,1864615.25,1789632.0,1721306.625,1717037.625,1812667.75,1717617.75,1991944.625,1995059.5,2481804.5,2345899.25,2244211.75,2332466.75,2056586.625,1953016.75,1961316.75,1841362.875,2027693.375,1734719.375,1801072.5,1664014.875,2023103.0,1768901.0,2010036.0,1868428.375,1856902.0,1509303.25,1917683.125,1959231.625,1879053.625,1727210.0,1772632.125,1836184.0,1684661.75,1574383.875,1888761.875,1841902.5,1982601.0,1852461.875,2164577.5,2347563.5,1702162.0,1524085.875,1443720.875,1354070.0,1567157.0,1767212.125,1643738.375,1570366.0,1694747.75,1660546.25,1631554.0,1578813.125,1849943.25,1882881.625,1944860.5,2240478.75,1726808.25,2045662.125,1602622.25,1648473.125,1880744.125,2031683.75,2170164.75,2145773.5,1907432.125,1862644.375,1612077.875,1628595.125,1979516.625,2191035.5,1874626.0,2201466.5,1586138.0,1247322.75,2239431.5,1895683.0,1836452.5,2023632.0,1325259.125,1400942.0,1490724.375,1517973.375,1567059.5,1623221.25,1866897.25,1715760.375,1454758.875,1376015.5,1687982.75,1597808.625,1470749.75,1379794.0,1483148.625,1477966.0,1592410.125,1757583.875,1688239.75,1615444.125,1129665.625,1155480.375,1586540.75,1462680.125,1750087.5,2026004.5,1623258.625,1810712.125,1719820.5,1638924.25,1465686.0,1358400.125,1795725.5,1817463.5,1583587.25,1507489.0,1834260.0,1499494.75,2144310.25,2224370.0,2037070.75,2097950.5,2117661.5,2365039.0,1835706.25,1929163.25,1914545.125,2254872.75,1992330.75,2309057.25,1955667.625,1968686.625,2018615.875,2480673.25,1672238.5,1688366.0,2109799.5,2123121.0,2141771.75,2298022.25,1719848.75,1697892.25,1881235.75,1975600.875,1787205.75,1999514.375,2139339.0,2055180.125,2244044.25,2300082.75,2394736.75,2245675.5,2108913.75,2178029.75,1868875.5,1869057.0,1608055.625,1610119.5,1998485.625,1988766.0,1855618.375,1882869.0,1860444.625,2102683.5,2082810.5,1952705.5,2061382.375,2088420.0,2201519.5,2124969.75,1900629.25,1982354.375,1858613.625,1980002.25,2171045.0,2168772.25,2088527.5,2160548.0,2146805.75,2321559.75,1823030.875,1919671.25,2209197.75,2315154.5,2100243.25,2174864.75,2086048.875,2303194.5,1773528.0,1987898.125,2087115.0,2287026.0,1900944.75,2210196.0,1945897.875,2150441.25,2207234.75,2519871.75,1770095.875,1854216.375,1738758.125,1771570.75,1321518.875,1421289.75,1483211.375,1756083.75,1899995.875,1900167.375,1961471.125,2117774.0,1674895.0,1788129.0,1549459.25,1569771.5,1718157.5,1762678.375,1822011.25,1824978.375,2175315.5,2049589.375,1537464.0,1547874.75,1668538.0,1924581.125,1512675.5,1547394.0,2715305.5,2702933.25,1546958.0,1551746.5,2009077.75,2067523.25,1595639.125,1891403.625,1846598.25,1789410.5,2475462.5,2152224.5,2158334.25,2351043.0,2270152.5,2638808.5,3001273.0,3036735.25,1859930.375,2012337.875
95,2120405.25,1916089.25,1866407.625,1785913.0,1721317.625,1718517.625,1817116.625,1708130.5,1995171.25,1988729.875,2485623.0,2352542.0,2247406.25,2336751.75,2059128.125,1953312.75,1960696.5,1838615.875,2030807.5,1737077.625,1806734.0,1666170.25,2034835.25,1762752.0,2016638.25,1866542.125,1861372.75,1503413.0,1915844.0,1958948.25,1882541.75,1724313.375,1772433.25,1834650.0,1684497.75,1577601.625,1886001.875,1841442.375,1981983.75,1848227.75,2167505.5,2360814.75,1702802.25,1525073.5,1442669.5,1354348.0,1562658.0,1769927.125,1643766.75,1571487.25,1695128.875,1664460.125,1628511.5,1575668.375,1850180.75,1881604.5,1945405.75,2236804.25,1720116.5,2046999.875,1603223.0,1645646.875,1880815.0,2030981.0,2165504.25,2142299.5,1904158.25,1861880.25,1607941.5,1627690.75,1975416.75,2192237.0,1870912.375,2191085.5,1585296.5,1244999.25,2228157.75,1887799.875,1834073.75,2014911.625,1323450.5,1403198.125,1486964.0,1521846.0,1562457.125,1626692.125,1861950.125,1714439.875,1449362.0,1368388.5,1682764.625,1590401.625,1468770.25,1377921.875,1481656.625,1473072.875,1586560.5,1751996.375,1686119.625,1614827.375,1133724.0,1156089.125,1586770.75,1464270.875,1751890.125,2032086.875,1623816.75,1811068.0,1721678.25,1642563.5,1457947.375,1351987.5,1801152.5,1833632.0,1580968.0,1506869.5,1826664.625,1508201.875,2146129.5,2233355.0,2033526.625,2096718.0,2117654.0,2362551.75,1831223.5,1930959.875,1914069.125,2257770.75,1995973.5,2308474.75,1948715.375,1960923.875,2026590.0,2477711.5,1675992.125,1693304.875,2117179.25,2120927.5,2145153.0,2297016.0,1719994.125,1689216.125,1880639.875,1975810.875,1787120.5,1998065.625,2139757.25,2055729.125,2240734.75,2294783.75,2389494.0,2245015.0,2109759.0,2177209.75,1865224.375,1864563.625,1605498.0,1606167.625,2002005.375,1984379.625,1853865.25,1878538.875,1858136.375,2097856.25,2076468.625,1951008.0,2056619.125,2085580.75,2192087.75,2115126.0,1899505.5,1980744.5,1855667.5,1980464.75,2170250.75,2164479.0,2089318.75,2164539.25,2151133.25,2323638.0,1825058.0,1920360.75,2210722.5,2321242.25,2103122.5,2175811.5,2089517.25,2311333.0,1771382.0,1985994.375,2083777.25,2287356.75,1904820.375,2214857.25,1940231.875,2152871.25,2194531.25,2517291.75,1769307.875,1859304.125,1738021.25,1777481.375,1319395.5,1415617.875,1479414.875,1757399.625,1894519.875,1902306.0,1958097.375,2121085.0,1670250.875,1775660.0,1549646.75,1567805.125,1722621.25,1764302.75,1827152.25,1831027.375,2174720.0,2051131.75,1537788.0,1545039.75,1669184.625,1927912.25,1514587.125,1543618.625,2724937.75,2703590.0,1548567.375,1552523.375,2012748.875,2077965.625,1598452.125,1889849.875,1846250.625,1790392.375,2480876.5,2164643.75,2160900.0,2360747.0,2281637.25,2650778.25,3007301.75,3044752.75,1861273.5,2016289.875
96,2125576.75,1921503.625,1870700.25,1780295.875,1724063.5,1715516.0,1826428.0,1710612.625,2003518.375,1995800.0,2489619.5,2357660.5,2246742.0,2331489.75,2061649.5,1950478.375,1959281.625,1837371.375,2028369.875,1735134.375,1810428.625,1664192.125,2043912.625,1756279.0,2021682.375,1866494.5,1855636.875,1494618.375,1915954.125,1958981.5,1889236.0,1722377.625,1775252.5,1835582.875,1688108.375,1577894.5,1881460.5,1839012.5,1979601.875,1843843.75,2166118.0,2365868.75,1696800.0,1526673.25,1438051.25,1352370.25,1556507.75,1769343.875,1638988.25,1566628.25,1688574.875,1664841.125,1632802.0,1575315.125,1854620.75,1884384.75,1955263.25,2240832.5,1723354.75,2050677.125,1605898.625,1643668.75,1881031.875,2033795.75,2166446.5,2143989.25,1905724.125,1864875.125,1601053.75,1623576.125,1980162.5,2190885.25,1873046.625,2182809.5,1593272.375,1253778.5,2221552.75,1891284.125,1837707.125,2019096.875,1319391.625,1409340.75,1480683.625,1532139.5,1560166.875,1630195.75,1865804.5,1715132.25,1444638.75,1365197.5,1678155.875,1596946.625,1461981.625,1380294.625,1473757.875,1474769.375,1585216.0,1756600.0,1679289.625,1617793.125,1130838.625,1159328.375,1585413.75,1467188.625,1753198.375,2030963.5,1622198.375,1812556.375,1717752.25,1636120.125,1451705.75,1342710.875,1798498.625,1830014.875,1575085.5,1509327.625,1813321.0,1513148.0,2134730.5,2237365.0,2029447.75,2098684.5,2118206.5,2365101.75,1830064.5,1930114.75,1910569.0,2254402.5,1997477.25,2315065.0,1948522.75,1960023.625,2028522.0,2478989.25,1678991.75,1691545.25,2115749.25,2118307.75,2153463.25,2301557.25,1721879.75,1688565.875,1878525.625,1974266.625,1790334.0,1999308.25,2136216.75,2053174.875,2241525.5,2292265.25,2388217.75,2240600.5,2109103.75,2175213.5,1871535.125,1866835.375,1609781.0,1609322.625,2011164.75,1986768.375,1858413.75,1880307.625,1853771.0,2095730.75,2067577.875,1945249.75,2048918.125,2080858.875,2185165.5,2109731.0,1896834.0,1977935.0,1848673.0,1976938.75,2168485.5,2163759.5,2094126.875,2163370.25,2154397.75,2328961.75,1821935.875,1913596.125,2220744.0,2327840.5,2106229.5,2180402.0,2089403.125,2316201.25,1771589.25,1989741.125,2089676.625,2292339.25,1911809.875,2223142.0,1945913.375,2155992.75,2199695.75,2514443.0,1771714.625,1864682.375,1734076.5,1780295.875,1323401.125,1425350.875,1475569.375,1758900.25,1903035.625,1908967.0,1962496.5,2116650.25,1663991.25,1755874.75,1547294.5,1560520.5,1720776.75,1757725.5,1824653.375,1827355.25,2164940.5,2043392.25,1534350.0,1542217.875,1662932.75,1921022.875,1511248.0,1538562.0,2720057.75,2696586.5,1545004.5,1548692.125,2004771.75,2074034.125,1598438.125,1888908.0,1847075.0,1792500.25,2469086.0,2152792.25,2157164.0,2358039.5,2275328.25,2644714.25,2996171.5,3036233.0,1859208.375,2015105.625
97,2127309.25,1925026.375,1871970.75,1782813.625,1726886.125,1713295.625,1825509.375,1720605.75,2001550.125,2000747.25,2485944.5,2351340.75,2242978.75,2324609.0,2061383.125,1948715.25,1958815.375,1837224.5,2024847.25,1732220.625,1807371.625,1660718.125,2037939.125,1757447.875,2017247.625,1868534.625,1842490.125,1493718.75,1912430.375,1954497.25,1887668.0,1720226.25,1774661.0,1837433.875,1694727.625,1575963.0,1879473.375,1839566.0,1978467.75,1843836.625,2160056.0,2346548.25,1692703.75,1528529.0,1438665.75,1352297.5,1557795.125,1759701.75,1636472.25,1562618.875,1685273.0,1663345.75,1636680.125,1577621.25,1855863.5,1885373.375,1958542.75,2244459.75,1729783.875,2050219.75,1607069.375,1645242.25,1878663.25,2034825.5,2170487.0,2145898.25,1905418.75,1864227.75,1606497.625,1633844.375,1986358.875,2187473.5,1877605.5,2188385.5,1601158.375,1258947.625,2229107.25,1905057.875,1845572.5,2027957.375,1315993.375,1409743.25,1480683.5,1534736.375,1561498.125,1627848.875,1875959.75,1715136.125,1453546.875,1372043.25,1683021.75,1607543.75,1460707.375,1387222.625,1472322.25,1480036.75,1588593.375,1760741.0,1676240.0,1620080.125,1126574.25,1162381.125,1586691.375,1466395.5,1753549.375,2027458.625,1620319.5,1811975.5,1720191.75,1636031.75,1463451.75,1352803.375,1800464.875,1818762.5,1576275.5,1514090.0,1818416.25,1508030.5,2125898.75,2230402.75,2030215.125,2101724.5,2116352.25,2365569.0,1833694.75,1930671.5,1909984.125,2251807.25,1994183.625,2314228.5,1951894.625,1964190.375,2022798.125,2478366.0,1678410.5,1688156.0,2111390.5,2118149.0,2157657.5,2303089.25,1724100.125,1694345.875,1879423.0,1972412.375,1792413.5,1999394.875,2136427.5,2052747.75,2242661.75,2293991.75,2392455.5,2241501.5,2108577.75,2174081.25,1876733.5,1870520.5,1613575.625,1615761.25,2012981.0,1991240.0,1861412.25,1885353.125,1855356.625,2099374.5,2067942.875,1941985.0,2045560.25,2078346.875,2190702.25,2118858.25,1896576.75,1975288.75,1845178.0,1972714.625,2167785.75,2164306.5,2093151.625,2158281.5,2151569.25,2327487.25,1821486.125,1909771.375,2221624.5,2324401.5,2102918.75,2180004.75,2084676.0,2309474.0,1774589.375,1991651.625,2096350.5,2296685.0,1910899.375,2224003.0,1954547.375,2156005.0,2212486.0,2516413.5,1773509.375,1863677.5,1733527.25,1775856.875,1328315.125,1435208.75,1475523.5,1757281.375,1912795.0,1910327.25,1965999.75,2111964.0,1657049.75,1751408.875,1545357.625,1557834.5,1715888.0,1752659.875,1820103.75,1820185.625,2159484.25,2038305.0,1533252.875,1542487.75,1658925.25,1913657.0,1509196.875,1538888.375,2707736.5,2688279.75,1542602.25,1545764.5,1997563.0,2062932.0,1597891.25,1886355.25,1847677.25,1792511.625,2457302.0,2136612.25,2152693.5,2348871.75,2261859.5,2630746.25,2981877.75,3022831.5,1854683.875,2012296.875
98,2125821.75,1923634.375,1869223.5,1792428.375,1717736.625,1709681.0,1816284.25,1728880.0,1995063.875,1999542.0,2480948.25,2339745.5,2234232.5,2319918.75,2056661.0,1947925.0,1960293.5,1837409.0,2014740.0,1730350.375,1795912.5,1651014.125,2024394.875,1758649.0,2014268.625,1869965.25,1821482.5,1488824.125,1911234.625,1950570.5,1876184.375,1716725.625,1768516.875,1829968.125,1692674.375,1571298.125,1882090.125,1839885.875,1980278.75,1845131.75,2151792.25,2333291.25,1694302.0,1527776.875,1443426.375,1355201.5,1564074.375,1758223.875,1640071.875,1567297.25,1686413.5,1661434.0,1631343.375,1575909.375,1853561.375,1883851.375,1952664.875,2242673.25,1744307.25,2050713.875,1604478.75,1649173.875,1877494.0,2031141.75,2174482.5,2143891.5,1905264.25,1862057.625,1623137.5,1645676.75,1985776.875,2187438.5,1877431.0,2200275.75,1596655.25,1255588.75,2239749.5,1911981.75,1849016.125,2030722.875,1322881.0,1404525.25,1489396.375,1531275.875,1560857.625,1623923.5,1879057.875,1717388.375,1464500.25,1373688.375,1691599.875,1602088.0,1465550.125,1389575.375,1479603.25,1480049.0,1588877.5,1752151.125,1684107.625,1619547.375,1129081.625,1164955.125,1590496.875,1465748.625,1753333.25,2027988.125,1621864.125,1810715.875,1731574.5,1645869.5,1476693.125,1364393.5,1808911.125,1826595.125,1588097.875,1518941.125,1839107.25,1508853.875,2134413.5,2230735.0,2036096.375,2105341.5,2117184.25,2364431.0,1840951.25,1945307.875,1919671.5,2258597.25,1991290.75,2313661.0,1959267.625,1971443.5,2020109.25,2480178.25,1674255.875,1686093.125,2111616.25,2122591.0,2149676.5,2301183.5,1723497.875,1700214.625,1881501.375,1971424.0,1790908.5,1998823.5,2140752.0,2054470.125,2243474.25,2299204.75,2396769.25,2248270.75,2108524.75,2173704.0,1871276.0,1867717.75,1611231.375,1616516.5,2004521.875,1991139.125,1862434.25,1890156.0,1859097.25,2105244.0,2072636.625,1943830.75,2050169.125,2080754.75,2198321.0,2126458.25,1899602.0,1978536.0,1849274.0,1973338.375,2171638.75,2166947.5,2086865.125,2155613.25,2144021.75,2318608.5,1826554.5,1914982.75,2213013.0,2315968.0,2097287.25,2173459.5,2081328.0,2302974.0,1775568.125,1985771.125,2094892.625,2296330.75,1905494.0,2220738.25,1951246.375,2154307.5,2211756.0,2521923.25,1769320.75,1858488.25,1733982.625,1769377.375,1323188.125,1421953.125,1477849.875,1752428.0,1911038.375,1904597.875,1963990.5,2117006.5,1659699.75,1768565.25,1548417.25,1563395.375,1719394.125,1760335.875,1822358.125,1822916.875,2165023.75,2042610.875,1536775.5,1546470.0,1663782.25,1916777.125,1512480.75,1544567.0,2705837.25,2691187.25,1544850.375,1549212.25,2002159.75,2064121.875,1595547.375,1881661.75,1845423.25,1788994.25,2464767.5,2143439.0,2154015.25,2349489.5,2262986.75,2632566.5,2984666.0,3026577.0,1851464.875,2010674.0
99,2126878.25,1921722.25,1868459.125,1794425.625,1709713.625,1707595.875,1816853.0,1727441.125,1997984.375,1999336.75,2483913.5,2341307.5,2233189.0,2318442.25,2053779.625,1948013.125,1962936.5,1837560.5,2011718.875,1728364.375,1792275.625,1647697.5,2024583.875,1754625.875,2020108.75,1870108.375,1822115.25,1484132.875,1916967.875,1954198.25,1873158.875,1717380.25,1769095.5,1827972.375,1686447.125,1569748.875,1888113.25,1838438.375,1985331.625,1846924.375,2152706.0,2342229.25,1699424.25,1525216.375,1444483.5,1354969.625,1562921.125,1762540.125,1644373.875,1571130.875,1688176.375,1661543.25,1628021.125,1573575.375,1853011.5,1884693.75,1949939.375,2241479.5,1744724.375,2054875.25,1604207.75,1649993.25,1881835.75,2027266.125,2174866.0,2143221.0,1907894.375,1863664.625,1619968.5,1630559.625,1979500.25,2194997.5,1873535.875,2197916.75,1587555.5,1253950.375,2238296.75,1901112.625,1843006.0,2024824.5,1330243.25,1402838.25,1492772.0,1529740.75,1559384.5,1624920.5,1873501.125,1719109.125,1456141.875,1362700.75,1689013.375,1585026.375,1465808.75,1380221.75,1479023.125,1470553.375,1587137.625,1745405.375,1692398.0,1615770.375,1134281.375,1161640.25,1590186.125,1465328.75,1753856.25,2030238.25,1624412.0,1808958.375,1732869.875,1645129.375,1466926.25,1352706.625,1809717.5,1837745.375,1589417.5,1515010.375,1835079.75,1512886.0,2140687.5,2234193.25,2036222.375,2103429.5,2124044.5,2365891.0,1843226.375,1947918.625,1931306.0,2266624.25,1995679.125,2316363.5,1962042.0,1974474.625,2028174.375,2480741.0,1678275.5,1686636.5,2113599.75,2122902.25,2146029.0,2301992.25,1720017.375,1697364.625,1880985.75,1971235.125,1789025.5,2000021.875,2145613.5,2057891.125,2247682.0,2302635.5,2397460.0,2248733.75,2109819.0,2174480.25,1870215.25,1866502.875,1610571.875,1612162.375,2002370.125,1989457.75,1862418.625,1891399.625,1857715.0,2104764.5,2075212.625,1947575.375,2055163.0,2084388.75,2199217.25,2120247.75,1901049.75,1982330.125,1855527.0,1977146.625,2175662.5,2170413.75,2088784.375,2158527.25,2145452.5,2318547.25,1833070.875,1921057.625,2212615.0,2317643.75,2100909.25,2174195.25,2083996.625,2302358.0,1774877.75,1982619.5,2092653.625,2296817.5,1903988.375,2216893.0,1946597.375,2157178.5,2204374.0,2523841.5,1766033.0,1858774.25,1731984.5,1770418.25,1318246.0,1405881.625,1478827.875,1751238.375,1900870.375,1902013.25,1965239.125,2122896.25,1666517.875,1776942.25,1552922.75,1569348.5,1724401.875,1765826.0,1825883.25,1829127.25,2172943.0,2047729.375,1538961.625,1550957.375,1670288.125,1923559.0,1514168.5,1548215.375,2717652.0,2701128.25,1547730.375,1554073.75,2008883.125,2073673.5,1595134.25,1883697.0,1844917.75,1789168.5,2476911.75,2156437.0,2158301.75,2357729.0,2272446.0,2642457.25,2999821.5,3042281.5,1855740.375,2012830.375
100,2131125.25,1923973.5,1871114.375,1788390.125,1714334.25,1711293.0,1826777.0,1726347.625,2005286.75,2002063.625,2488900.5,2352661.75,2241265.5,2318905.25,2053888.875,1948223.375,1965583.0,1838609.625,2020052.0,1726048.125,1798981.125,1655860.5,2036776.5,1750880.5,2024033.75,1871043.375,1845043.0,1487226.75,1922573.75,1960367.875,1880089.0,1720736.5,1776959.125,1836840.5,1682134.375,1569701.0,1890821.0,1837564.875,1990382.125,1850506.75,2159317.0,2341438.0,1703195.75,1523939.875,1441156.5,1350945.375,1552809.25,1749946.125,1642992.25,1565805.875,1687096.375,1661980.875,1636331.375,1577936.125,1856234.625,1890069.75,1953275.875,2247792.5,1730157.125,2061049.75,1606837.75,1648525.5,1889406.625,2028856.25,2171963.75,2146104.75,1909892.875,1866625.5,1610200.375,1618797.625,1976730.375,2198325.25,1872186.875,2188059.75,1587073.0,1254635.5,2233038.75,1891153.75,1836401.625,2019822.5,1329166.125,1405639.125,1492879.25,1531596.625,1560919.625,1625614.875,1870255.75,1717178.0,1444530.0,1357077.75,1683156.625,1583976.0,1466430.5,1377227.25,1475836.25,1470639.375,1587046.375,1753470.0,1690929.125,1616074.875,1134787.875,1159102.25,1587096.875,1463727.75,1755047.0,2027293.5,1623420.625,1810467.875,1724030.625,1635544.25,1456392.625,1347486.875,1800883.5,1823859.875,1580492.875,1507903.625,1822390.0,1512421.25,2138177.25,2225167.5,2035524.25,2099396.25,2128044.5,2367797.25,1842970.75,1934310.25,1933270.625,2263418.75,2001219.5,2318194.0,1958070.625,1973677.625,2035886.75,2479962.75,1681652.5,1681924.0,2109359.75,2116907.5,2153914.0,2306696.5,1716896.625,1691849.25,1878349.75,1970535.0,1790085.625,2001980.875,2144483.0,2058925.125,2250334.25,2304105.75,2392881.0,2238545.25,2108963.25,2174115.0,1881036.125,1874641.75,1613631.5,1610676.0,2010183.875,1993392.875,1863419.25,1891611.375,1856187.625,2098858.5,2073983.125,1947822.875,2051690.375,2082758.375,2196020.0,2116874.5,1897970.5,1978944.625,1854531.5,1976456.0,2170015.0,2166457.75,2094251.875,2157357.75,2153229.25,2325062.25,1829442.875,1918221.875,2217799.25,2324885.25,2106404.5,2177894.5,2083727.125,2293319.75,1778453.875,1990860.5,2099495.75,2297741.0,1908337.5,2210929.0,1953391.0,2160370.5,2208832.0,2518458.25,1768665.0,1859801.375,1729426.75,1771265.375,1323219.375,1411903.75,1480293.0,1752629.5,1894903.875,1899351.25,1967123.5,2115373.75,1666785.375,1774466.875,1553988.5,1571285.875,1719583.5,1760352.25,1824054.625,1825809.125,2174092.75,2043654.5,1538158.375,1550998.625,1668962.0,1919316.25,1512192.25,1547212.125,2724852.5,2699831.75,1548430.75,1553951.75,2006917.0,2073528.0,1598314.75,1892725.25,1847467.0,1792467.75,2472630.25,2152008.75,2158011.25,2355999.75,2270475.5,2637392.0,3002571.25,3042561.5,1863948.75,2016211.25
101,2135306.75,1931717.5,1877298.5,1791543.5,1730322.0,1722081.375,1829761.625,1735608.75,2005221.75,2005053.0,2489512.0,2356557.0,2249097.25,2327019.5,2058293.375,1950669.75,1969227.25,1841706.125,2027222.625,1732305.875,1805620.625,1662900.75,2042159.875,1757348.125,2025699.875,1877001.0,1856444.75,1498651.875,1925870.25,1962963.625,1882278.5,1725885.375,1781444.25,1842720.0,1677520.0,1569481.0,1889535.375,1838366.125,1993321.0,1858054.5,2163611.75,2335964.0,1703206.25,1525765.0,1440937.375,1349781.75,1556862.125,1750889.625,1639499.75,1562715.625,1688126.0,1661739.0,1643019.875,1582324.125,1860179.375,1894030.75,1955666.375,2251413.25,1727484.0,2058772.625,1604985.25,1650103.875,1893694.625,2037107.375,2168971.5,2147291.5,1910263.0,1866642.75,1614975.375,1625781.625,1981532.125,2187429.5,1873603.625,2189418.75,1592324.375,1252440.875,2234369.0,1893885.5,1831018.75,2024366.625,1325754.875,1406855.125,1494281.625,1529409.875,1561491.25,1625693.375,1868629.125,1716531.375,1447061.625,1373730.25,1685675.75,1601383.75,1470501.5,1386673.125,1482916.625,1490716.25,1584620.25,1761870.625,1684189.75,1621163.375,1128183.5,1161628.625,1584417.875,1461654.625,1751275.625,2018593.75,1617061.875,1811880.625,1717104.875,1636269.75,1465693.5,1365201.75,1792213.875,1801841.875,1578155.625,1503022.125,1826807.25,1500543.25,2141118.75,2218020.25,2041376.875,2104001.75,2123743.0,2369790.25,1840097.875,1929952.75,1926593.375,2252948.0,2000135.25,2319657.5,1955987.375,1972560.25,2030168.0,2485280.75,1671339.125,1674723.5,2102438.75,2117219.0,2156780.0,2309730.25,1717757.875,1695858.625,1877066.875,1972890.625,1794300.875,2002342.875,2134863.0,2050668.125,2246067.75,2305113.75,2386398.25,2230392.0,2106194.0,2174266.5,1883691.25,1877385.5,1612915.375,1609932.0,2011282.25,1994803.0,1863307.25,1888704.25,1856223.75,2094198.75,2074882.5,1946036.875,2051282.25,2080569.25,2194239.25,2120821.5,1896182.5,1973614.75,1851684.125,1971505.625,2163383.75,2162947.75,2092650.5,2152441.5,2151358.75,2323698.5,1817812.0,1913940.125,2217370.5,2322576.5,2104321.5,2174449.25,2079978.875,2286494.0,1781263.0,1997632.75,2103891.0,2293282.5,1913148.75,2207401.25,1957265.75,2154874.5,2216426.5,2512923.25,1768910.75,1854333.75,1727835.25,1766563.75,1327976.25,1427190.375,1482695.625,1751181.125,1898840.125,1894387.75,1964222.0,2106963.75,1667418.875,1775792.625,1551874.5,1567767.75,1713479.0,1755484.125,1819008.625,1817414.0,2173158.25,2041695.75,1537500.375,1548856.875,1665312.25,1914566.5,1512930.5,1548082.0,2715308.25,2692844.0,1547376.5,1551786.625,2003373.75,2069859.0,1598014.5,1895789.0,1847483.125,1790484.5,2464778.0,2145250.5,2154425.75,2345539.5,2261897.75,2625769.25,2990624.5,3030088.75,1864453.125,2015416.375
102,2137800.75,1937099.75,1881729.25,1800121.875,1738233.875,1728680.25,1828259.25,1741678.875,2005224.375,2008287.5,2492659.0,2356167.0,2254704.75,2339618.0,2066141.5,1955624.875,1974216.125,1843850.375,2030782.875,1744515.5,1809618.0,1665390.875,2039550.875,1765955.375,2032309.125,1884387.25,1858668.75,1507790.625,1928603.875,1965687.0,1882614.375,1731604.75,1781647.125,1845894.375,1679792.75,1571298.125,1892798.0,1837630.875,1991711.375,1865026.75,2168122.5,2351615.5,1704782.25,1526417.25,1442842.75,1350692.25,1571317.5,1775077.125,1640535.875,1565891.125,1695131.5,1662888.5,1637965.125,1581109.375,1860721.25,1894046.125,1955621.375,2247526.0,1728896.5,2051060.75,1600711.5,1652469.25,1894064.875,2044768.625,2167463.75,2146832.5,1913025.75,1867245.0,1611191.125,1619485.625,1985401.375,2180973.25,1873079.75,2189959.75,1594244.375,1249838.0,2232088.75,1886796.0,1824336.375,2022131.875,1324367.75,1405181.625,1490657.125,1521373.75,1562103.125,1630923.0,1864235.875,1717594.625,1446629.375,1387528.375,1684041.125,1603276.625,1470141.125,1384956.25,1488424.0,1495533.75,1581502.875,1757438.0,1683981.25,1620226.625,1128858.125,1160484.875,1582036.5,1459194.25,1744451.375,2019520.125,1615192.75,1808373.75,1714726.25,1643311.125,1467743.125,1366687.625,1792538.375,1806645.75,1578045.625,1497571.5,1825183.625,1488994.875,2140178.75,2224575.0,2041705.25,2106314.5,2124473.75,2369979.75,1832102.125,1937945.75,1921976.625,2251427.5,1998173.625,2321130.5,1956612.125,1972971.125,2023243.875,2489269.75,1663547.375,1680125.125,2105506.75,2123769.5,2151779.0,2308183.25,1721463.125,1700946.25,1879262.625,1978987.0,1796998.0,2001362.5,2132328.75,2046130.25,2244456.75,2304730.75,2382291.25,2233781.25,2107002.75,2177833.5,1873823.125,1870616.625,1609363.875,1603376.125,2004854.125,1987638.25,1861084.0,1886570.375,1854344.875,2092862.5,2080368.0,1946916.125,2061144.5,2082539.375,2196167.5,2116133.75,1896794.125,1972598.5,1855851.5,1970797.375,2166959.5,2166817.25,2090292.75,2156014.5,2146978.5,2321232.0,1813830.0,1913683.375,2217754.0,2319002.75,2104730.0,2174706.75,2082801.25,2296182.0,1774394.625,1991938.375,2091369.875,2285998.75,1907450.875,2204984.0,1942352.125,2146945.75,2203513.75,2510531.75,1762629.875,1851749.0,1728660.875,1770987.875,1321623.75,1425190.75,1482875.125,1752303.0,1897099.875,1895010.875,1961032.625,2113983.75,1667843.0,1764977.25,1548972.125,1562067.75,1716843.375,1754847.75,1817315.5,1816849.125,2177440.0,2050133.875,1537646.75,1551464.625,1668217.0,1922608.0,1516861.25,1552747.625,2710020.0,2696226.75,1547577.0,1552471.375,2008442.0,2077581.5,1595707.75,1891880.875,1846039.625,1787783.25,2470313.5,2152594.25,2155846.25,2346556.25,2265121.25,2629234.5,2988717.5,3030724.75,1860802.125,2014926.75
103,2135876.0,1931510.625,1875127.0,1794547.875,1720226.375,1717667.875,1828812.375,1733703.375,2010204.5,2009582.375,2495969.0,2357294.5,2250684.25,2336810.25,2064168.25,1954966.5,1972662.25,1842244.75,2027252.125,1743407.625,1805981.375,1662729.5,2034539.875,1760559.375,2032876.625,1881411.625,1858267.0,1499092.125,1925909.75,1967107.25,1884404.75,1727487.75,1780291.0,1847128.125,1687112.125,1570306.5,1895927.5,1834941.375,1986069.625,1862149.25,2167339.75,2362842.0,1707651.25,1523119.125,1441268.0,1350605.5,1568951.75,1775987.0,1643270.375,1566484.5,1697627.625,1662311.375,1630969.5,1578689.125,1858705.375,1893595.75,1956006.0,2246363.0,1725181.125,2053240.125,1600973.125,1649761.25,1892150.0,2043306.25,2168986.25,2147541.5,1916248.5,1869904.875,1602549.875,1612234.0,1984098.625,2187839.75,1871309.25,2181536.5,1593984.125,1249820.75,2228144.5,1874520.625,1825756.0,2010377.0,1325309.875,1405157.875,1490515.875,1522541.125,1566347.0,1634334.0,1864805.875,1717600.25,1440650.75,1374699.75,1677350.5,1586865.25,1468865.125,1375314.75,1484757.875,1476363.625,1585428.25,1751589.625,1689630.75,1615946.875,1139792.0,1158706.375,1583039.625,1460773.75,1745765.75,2031173.25,1623834.875,1808535.5,1718132.5,1641124.5,1453886.25,1346092.125,1797488.375,1825356.375,1576117.25,1500656.125,1821890.75,1500499.5,2132000.75,2230759.75,2035961.875,2098624.5,2132570.25,2366389.5,1831948.875,1946721.25,1923544.375,2261006.5,1999782.25,2322989.0,1958224.0,1976322.75,2028461.25,2485364.5,1669722.125,1689703.75,2115107.5,2124325.0,2150175.25,2305077.75,1722942.625,1697077.375,1880934.375,1980923.875,1793786.375,1999635.75,2141205.0,2055616.125,2248905.5,2304454.25,2382701.75,2241702.75,2109329.75,2180398.25,1868686.125,1868154.375,1607408.375,1597717.75,2004027.875,1983700.875,1861917.0,1891666.5,1852987.625,2093985.25,2079774.375,1947580.75,2064265.625,2081764.375,2196550.5,2108198.5,1895048.25,1973492.75,1858679.375,1974527.25,2170971.25,2167395.0,2090342.375,2161802.5,2148688.5,2324613.25,1817112.375,1911612.25,2221279.0,2323785.75,2109199.25,2180700.25,2086830.875,2305360.25,1767276.75,1984345.875,2077503.25,2282746.0,1896573.625,2202646.0,1928204.5,2147388.0,2185744.75,2510339.25,1759831.125,1857949.625,1733190.875,1781630.75,1312017.625,1410302.75,1482860.25,1757740.25,1888467.375,1899213.5,1960435.75,2123034.25,1666152.75,1754768.125,1547652.875,1563534.375,1721921.375,1757313.625,1820385.375,1823317.125,2178729.25,2051359.625,1536608.125,1554142.375,1671175.625,1926701.125,1517613.125,1552616.625,2719709.25,2700372.75,1549131.5,1553810.5,2014888.625,2084318.125,1596524.5,1890364.25,1847446.125,1791364.375,2477178.0,2160097.0,2160442.25,2357052.25,2273505.0,2640099.25,2997683.75,3039974.0,1861379.25,2017583.125
104,2131273.25,1922918.0,1867138.375,1783608.125,1706089.75,1706211.875,1826028.75,1724305.75,2008884.625,2006019.75,2490990.0,2353828.0,2240646.75,2325106.0,2055206.625,1949696.75,1964512.375,1840036.375,2020579.125,1733453.25,1799379.25,1657729.5,2028964.25,1754159.875,2023732.25,1870286.5,1852621.5,1489575.875,1920483.5,1963185.75,1882172.75,1718619.5,1778959.875,1840511.25,1686014.75,1568739.375,1892070.375,1835299.5,1985129.625,1854392.25,2161016.75,2355722.75,1704716.0,1520742.125,1440008.75,1351748.5,1560885.125,1763960.0,1642880.125,1565081.25,1692132.625,1658795.25,1630993.25,1578073.375,1858272.75,1891574.625,1955466.25,2247391.25,1731693.375,2058311.375,1602752.625,1645768.0,1889209.625,2037140.625,2172812.5,2146908.75,1913429.25,1869291.0,1609700.375,1625053.875,1982181.625,2190639.25,1871866.625,2182938.0,1593724.25,1250955.125,2232704.5,1882075.5,1833204.25,2012146.0,1328234.875,1407145.25,1496833.875,1531561.875,1567115.875,1630591.875,1869768.5,1718604.0,1444802.75,1364370.125,1681051.375,1585975.75,1471206.125,1378454.75,1484072.875,1472121.25,1590183.625,1753081.25,1691443.125,1617757.5,1142193.625,1163359.75,1587102.375,1466415.875,1751246.75,2035061.625,1629652.75,1814104.5,1723821.375,1637242.625,1452902.75,1344068.125,1797890.375,1828358.25,1579016.75,1513432.5,1831091.625,1516695.25,2128835.5,2227275.0,2035381.75,2096617.625,2130521.0,2365387.75,1841404.875,1949785.0,1922856.375,2264919.25,2000429.25,2324019.25,1962004.625,1977027.25,2032690.875,2483532.25,1673571.25,1687739.875,2116538.0,2120786.75,2151429.25,2302829.5,1721113.75,1693478.0,1877771.0,1977460.125,1789025.875,1997978.75,2142125.25,2060568.125,2247596.25,2302320.0,2382957.25,2241942.75,2107160.75,2176951.25,1870590.25,1869861.0,1606465.875,1600814.75,2007601.625,1986780.375,1864731.0,1893263.625,1853918.375,2097339.25,2073723.0,1946327.25,2056989.875,2079784.625,2193604.5,2111885.0,1893583.375,1975326.625,1855159.75,1977292.25,2168410.5,2163913.25,2090378.75,2161120.25,2149121.75,2326270.75,1815970.625,1908976.5,2220414.25,2325373.0,2107053.0,2180185.0,2085841.875,2307282.25,1767251.75,1981947.75,2074165.625,2279237.0,1890983.625,2202495.25,1930179.5,2148358.25,2185751.25,2508839.75,1763451.625,1861558.375,1737003.125,1780192.0,1310736.5,1408937.125,1483808.5,1761404.875,1888492.25,1899871.0,1958887.375,2120386.25,1667805.375,1763842.25,1548398.75,1568414.875,1721246.25,1761403.375,1822084.25,1825780.875,2173139.5,2044691.625,1534799.5,1551121.875,1669457.5,1921957.125,1513820.125,1546527.375,2724900.0,2700336.25,1548588.25,1552655.75,2012285.875,2077197.0,1595436.75,1888614.25,1848028.0,1792699.625,2477099.5,2158005.0,2160513.75,2358804.25,2273371.0,2642185.0,3001625.75,3041983.75,1860478.375,2015748.875
105,2126958.75,1920521.25,1867519.75,1785469.75,1718039.25,1710231.75,1821798.625,1722659.375,2000762.5,1999810.25,2484403.75,2346518.5,2240602.25,2324073.75,2055177.0,1948057.125,1962843.0,1839603.375,2022949.375,1733391.0,1803266.0,1658518.375,2027674.5,1759941.75,2021797.125,1864902.625,1856051.375,1500050.25,1920424.75,1960586.5,1881749.625,1719997.625,1780068.25,1832379.875,1684081.375,1573722.625,1890676.375,1838544.75,1988069.0,1851107.125,2160863.25,2349479.25,1700408.125,1521930.375,1441647.75,1351981.875,1562410.375,1767859.0,1641083.5,1564968.875,1690509.625,1659072.375,1632461.25,1577989.625,1856418.5,1885714.5,1950221.25,2241920.5,1734924.25,2051069.5,1603010.0,1647368.5,1887643.75,2033445.0,2171197.0,2143328.25,1907471.875,1865291.625,1618299.375,1633176.625,1981350.75,2189448.75,1873620.125,2193301.0,1590870.125,1252968.125,2238423.25,1894916.375,1834284.5,2022917.5,1331428.125,1407201.0,1494234.5,1530756.0,1565970.875,1631056.875,1870144.125,1720060.125,1452560.375,1373173.0,1687379.0,1597349.125,1470330.5,1382419.875,1487951.25,1480739.125,1591879.875,1756289.0,1691778.625,1620014.875,1137957.25,1164642.875,1589199.25,1468474.25,1751649.625,2032809.625,1627930.5,1815633.0,1724922.0,1641280.875,1461688.625,1355992.25,1799781.25,1828494.75,1583035.5,1516940.125,1830434.0,1513653.875,2130077.25,2226917.75,2038023.625,2102541.75,2123742.25,2369100.5,1840465.375,1947318.625,1918070.25,2259380.25,1999722.0,2320605.75,1960649.375,1968743.25,2028627.875,2485573.75,1672079.0,1685462.625,2114643.0,2121031.5,2149444.25,2301188.5,1720480.625,1695404.375,1875876.5,1975648.25,1789896.625,1998150.25,2136069.0,2055486.875,2241111.25,2296890.0,2379374.0,2237071.25,2103434.5,2171565.25,1869467.25,1868132.25,1608695.25,1607622.5,2006752.375,1986742.25,1860772.375,1884290.5,1856067.0,2101069.75,2073822.125,1947679.625,2054715.75,2085461.0,2195455.75,2120643.0,1897096.625,1980578.5,1854026.125,1979459.0,2166969.5,2163956.25,2092185.625,2159270.5,2148194.5,2322808.75,1812734.625,1908992.5,2216592.75,2319304.25,2102042.0,2175792.0,2084921.625,2303692.5,1765235.875,1979981.375,2071953.75,2274721.25,1888438.125,2203513.75,1931715.125,2144840.5,2186276.75,2503637.5,1767826.875,1859927.625,1739930.5,1777620.125,1316808.25,1420923.25,1482294.25,1763658.75,1891335.125,1900445.625,1955635.125,2117938.0,1668475.25,1771590.25,1551685.875,1570413.375,1722537.25,1763696.125,1823706.875,1825985.125,2168105.0,2044010.5,1535243.75,1548798.25,1668241.375,1922792.0,1509902.375,1542284.375,2719935.75,2701710.25,1547304.75,1551122.375,2006873.625,2066848.625,1593364.625,1884909.375,1845378.375,1788206.375,2475730.5,2154086.0,2157488.0,2354526.75,2272523.5,2639826.75,3001706.75,3037488.25,1857631.875,2010087.0
106,2124163.25,1922971.625,1870653.375,1790578.75,1737042.125,1720709.0,1824478.25,1721629.875,1999106.25,1997667.5,2484016.0,2344801.5,2250614.75,2329810.25,2063443.375,1949835.625,1966639.5,1838313.375,2032980.25,1740009.125,1814921.125,1665936.625,2035913.25,1764425.875,2029234.375,1866796.625,1871499.875,1516204.75,1922986.25,1960821.75,1887789.25,1727359.375,1780761.625,1834127.625,1689637.625,1579210.875,1891717.75,1840598.25,1984984.625,1851310.125,2166348.75,2344496.75,1700235.625,1523962.375,1442297.375,1349010.5,1564069.875,1769796.625,1639357.0,1563067.875,1693718.125,1662592.0,1635033.125,1578949.0,1852586.5,1881938.75,1947251.5,2236027.5,1717373.625,2040777.5,1606201.375,1651243.875,1886722.25,2031585.375,2164466.0,2143288.5,1907444.625,1864661.875,1610618.625,1621503.75,1979944.0,2193994.0,1874886.0,2193972.25,1587471.75,1256187.25,2236469.75,1893382.75,1830878.75,2023898.0,1329103.375,1404943.875,1482806.375,1520981.25,1570240.5,1636474.25,1867221.875,1717407.375,1452298.125,1381484.75,1683746.625,1599198.75,1464083.25,1375689.875,1486050.75,1479027.125,1596195.5,1758931.875,1691691.625,1616546.375,1135508.125,1156387.0,1586463.0,1465414.75,1749492.25,2032343.375,1625045.5,1811800.75,1720006.125,1641873.0,1460308.75,1355568.25,1803117.125,1832115.875,1578700.0,1504188.0,1813997.25,1498752.5,2130030.5,2229789.25,2035731.25,2102729.5,2123093.0,2369902.0,1825211.5,1935449.5,1914533.25,2253893.5,2000733.5,2312434.75,1949885.0,1956975.125,2026945.875,2480053.0,1678179.125,1691237.5,2118469.25,2120269.5,2149227.25,2299536.5,1721635.875,1694345.375,1878706.875,1975042.375,1793455.375,2000279.25,2138113.0,2055465.5,2242417.0,2295312.25,2378010.75,2235079.25,2103378.5,2170763.0,1871403.5,1867418.0,1615982.375,1613879.5,2007239.25,1984849.625,1852277.375,1876262.75,1858089.875,2101721.0,2077482.0,1949745.625,2057343.125,2090869.625,2200924.5,2122503.0,1901964.625,1984291.625,1855423.625,1980203.5,2167218.25,2163799.0,2091192.0,2158537.25,2149705.5,2320534.25,1812319.0,1907635.25,2215999.25,2316821.0,2104154.5,2177229.75,2084246.125,2293358.5,1763433.0,1983132.5,2074675.0,2280527.0,1894311.5,2209772.25,1932009.375,2145518.0,2185292.25,2502362.75,1774290.375,1862185.625,1745519.625,1786535.375,1329736.125,1434426.125,1480932.75,1767756.625,1892314.875,1906018.125,1957001.375,2120838.75,1661779.375,1768595.25,1553108.875,1570756.875,1724618.25,1762408.625,1825245.75,1826875.125,2165372.75,2044311.0,1535586.25,1547832.875,1666460.625,1925290.125,1507949.0,1540309.125,2715119.5,2697982.0,1546372.125,1550050.0,2003972.0,2061478.375,1595392.75,1886084.625,1843196.0,1787748.5,2470267.25,2147684.25,2153976.75,2352505.75,2271427.0,2637070.5,2998285.5,3030144.0,1858194.875,2008777.625
107,2126019.0,1926841.0,1874240.75,1788113.625,1743828.375,1725263.5,1828944.625,1720112.25,2004196.625,2002112.625,2485822.0,2348873.75,2255680.25,2332577.0,2067870.625,1950469.0,1962899.875,1836027.0,2037350.875,1741064.375,1817864.375,1670348.5,2043596.625,1760074.375,2029796.875,1867357.0,1874822.375,1516147.375,1920729.375,1956201.25,1888916.0,1727556.25,1778211.75,1839820.125,1688852.75,1577400.875,1887058.875,1842255.625,1981225.25,1853686.375,2166715.25,2339875.25,1698821.5,1524394.625,1441403.125,1348631.0,1564264.375,1766373.75,1638053.875,1560935.75,1692150.375,1662203.625,1641600.5,1580981.25,1854488.875,1884786.125,1953278.375,2238812.5,1709669.125,2042938.5,1609595.0,1651031.0,1884793.5,2031578.625,2164816.25,2147737.75,1909791.25,1866221.625,1596027.875,1608064.25,1979035.75,2197867.75,1875761.125,2190093.5,1587716.75,1257191.625,2229996.25,1886877.0,1830529.0,2021024.5,1320913.125,1403571.5,1478922.375,1514941.375,1571953.0,1634139.5,1865797.75,1713089.5,1449217.5,1382057.125,1677740.625,1596352.25,1461006.5,1372925.75,1480637.0,1477918.875,1596867.375,1758654.125,1685701.75,1613650.0,1131842.125,1152142.0,1582892.75,1463522.125,1748496.875,2030734.375,1622271.875,1809775.25,1716266.875,1639777.5,1458745.625,1355799.625,1799916.5,1826999.375,1572019.5,1494931.875,1803171.25,1487504.375,2128889.0,2223555.0,2030528.625,2098324.5,2120218.75,2366332.0,1820556.375,1920541.875,1910023.375,2249597.75,2002723.875,2306434.5,1945729.875,1955423.25,2028088.0,2472235.0,1680674.75,1691197.75,2118103.75,2115328.75,2153764.75,2299455.75,1720863.5,1690800.125,1878222.25,1972392.125,1792888.5,2002698.125,2139759.0,2055465.875,2248962.25,2299285.5,2382233.25,2234512.75,2104024.75,2172544.0,1881424.625,1871408.75,1620242.375,1619169.25,2014104.0,1988645.75,1852369.625,1877854.625,1859050.5,2101868.0,2076730.0,1949259.5,2056439.75,2087371.625,2199644.5,2119502.0,1902799.625,1982639.875,1853397.625,1979204.75,2163157.0,2159644.75,2086454.5,2159945.75,2149430.75,2323626.5,1811345.125,1905632.5,2217423.75,2320501.25,2107681.0,2181085.25,2083567.75,2293160.0,1769350.5,1989991.75,2084709.375,2290986.75,1905308.5,2216872.75,1942242.375,2150757.0,2199298.5,2509276.75,1777431.0,1864377.5,1746282.125,1790054.0,1337174.0,1438559.0,1481498.625,1768637.375,1898408.25,1907796.625,1961394.625,2117486.0,1655072.625,1763262.0,1547677.875,1564417.75,1719861.5,1758295.125,1821644.5,1824558.125,2166986.25,2044102.625,1533541.125,1542797.375,1664146.0,1923330.375,1508249.25,1538383.0,2716069.25,2695040.75,1544741.0,1547968.0,2000887.0,2060896.0,1596327.375,1890017.75,1842713.25,1791446.75,2465367.0,2140945.75,2151810.0,2352345.0,2265321.0,2634737.0,2994862.25,3031175.75,1858404.0,2011586.5
108,2129228.25,1928031.375,1874088.875,1784459.0,1730850.375,1717638.0,1825373.375,1722222.625,2005674.875,2006360.0,2487293.75,2352096.5,2248640.75,2330595.0,2062352.125,1948505.375,1957001.5,1836967.5,2028829.625,1736234.25,1805855.0,1663869.75,2035874.75,1754928.5,2021084.125,1866656.25,1855790.5,1500331.625,1914494.125,1951523.5,1880117.625,1720348.25,1775304.0,1838917.5,1680737.25,1572536.625,1883880.875,1843958.375,1984717.625,1856995.375,2162470.5,2346476.5,1698729.5,1524942.5,1441948.25,1353282.375,1565310.75,1768998.375,1640265.375,1564121.75,1689325.75,1660779.5,1641145.875,1580703.125,1859204.25,1889163.5,1957745.125,2243589.25,1727074.5,2051174.625,1606523.375,1647452.375,1882724.75,2033916.625,2170565.0,2147120.25,1906490.5,1863900.875,1598872.625,1612939.0,1979667.75,2195574.5,1875056.375,2191816.75,1590620.75,1252950.0,2228125.5,1886243.75,1832525.375,2021757.0,1317740.0,1404104.75,1487288.625,1519239.75,1568180.625,1627326.375,1866234.625,1712960.5,1449753.0,1376938.75,1677526.375,1594157.25,1466608.875,1379642.25,1479302.875,1481857.625,1591997.5,1754123.5,1680790.75,1615154.125,1132157.0,1158267.375,1585129.75,1465186.5,1749426.0,2028976.25,1622931.125,1812095.625,1721372.875,1643744.0,1463842.25,1361884.125,1798127.25,1825382.25,1575951.125,1501764.0,1810457.25,1491098.625,2130088.5,2221229.25,2030464.0,2098137.5,2119323.25,2364452.5,1836035.5,1925089.875,1904704.625,2248618.5,2003642.875,2309244.25,1955540.75,1965421.875,2027252.0,2476367.5,1670491.375,1682943.5,2111836.0,2114841.25,2155001.75,2302450.75,1719495.0,1692966.75,1874908.75,1971897.625,1788928.5,2003074.5,2134288.75,2048193.625,2249427.0,2301895.25,2389929.5,2236440.0,2104153.75,2173820.25,1884010.0,1873560.5,1615319.875,1617824.875,2016457.625,1992553.125,1859637.0,1884721.0,1858844.875,2102582.5,2074466.25,1950228.25,2055289.5,2083896.0,2193543.25,2119190.5,1900147.25,1981080.625,1851217.125,1978937.75,2160551.0,2158099.5,2087801.25,2164538.25,2147793.75,2327856.5,1813062.625,1907925.0,2216633.5,2323497.0,2104317.25,2179947.25,2087731.0,2307679.25,1772894.25,1986197.25,2088292.875,2289707.75,1901685.75,2212902.75,1949517.25,2152681.0,2212299.75,2516225.75,1768724.125,1858971.875,1738967.75,1781736.875,1321631.125,1419859.875,1477829.875,1759917.125,1903384.125,1899523.5,1960609.125,2111371.25,1659429.875,1760842.125,1542959.875,1555903.125,1716808.625,1757774.875,1819467.875,1823542.625,2172934.0,2048578.125,1533508.875,1539886.625,1666871.625,1922640.25,1510838.625,1540355.5,2720130.25,2700491.25,1544469.875,1547024.625,2002958.75,2066600.0,1594469.0,1890641.75,1844036.375,1792369.625,2471478.25,2146550.0,2155332.5,2355409.5,2265972.0,2638998.0,3000452.25,3041992.75,1857240.375,2014465.0
109,2129712.5,1927595.375,1869635.5,1786910.375,1716325.0,1710573.375,1820317.0,1725062.875,2003997.875,2006517.125,2490789.75,2354607.0,2240857.75,2330167.75,2055842.125,1947860.875,1961524.625,1841589.625,2020407.375,1734194.625,1795612.0,1655884.875,2025681.375,1755237.125,2016002.375,1870278.0,1839957.0,1488773.125,1913825.375,1955851.625,1873723.0,1715861.25,1773800.875,1836390.0,1680694.375,1570555.375,1884340.875,1843423.375,1986994.125,1857397.875,2162462.25,2360880.5,1704284.5,1527686.75,1444195.125,1356663.875,1565935.125,1774243.375,1644951.5,1570742.375,1692278.0,1662501.5,1633332.125,1578392.625,1859086.25,1889921.5,1955889.125,2243685.5,1743364.125,2054505.125,1601964.5,1644812.5,1882203.375,2037301.5,2172830.5,2142909.75,1903928.25,1862278.75,1616607.875,1631580.875,1979827.25,2188653.75,1873554.375,2193274.75,1591178.25,1245905.875,2232763.25,1890960.0,1832173.0,2021471.375,1322169.875,1404783.625,1495721.0,1527838.875,1564529.625,1624888.5,1867266.125,1713479.875,1452056.75,1369967.25,1682442.0,1594984.75,1473018.625,1386185.375,1480250.875,1482752.0,1590156.5,1753003.875,1682686.375,1618832.125,1135118.0,1163733.625,1589416.125,1466624.625,1748510.875,2026361.5,1624853.375,1814020.375,1728121.875,1644110.125,1467360.625,1361872.5,1801146.5,1826518.0,1584739.125,1510576.5,1828952.25,1503072.0,2133246.75,2229508.5,2033452.5,2100167.0,2121901.25,2364768.5,1848532.375,1941932.375,1905738.75,2253395.5,2000090.5,2314665.0,1964227.875,1974596.0,2024970.75,2485147.5,1663921.75,1680179.5,2111011.75,2121238.25,2150882.25,2303758.25,1721116.625,1697926.5,1875594.375,1975343.5,1785928.75,2000434.125,2134350.5,2047207.5,2246119.5,2300986.75,2395932.25,2240892.0,2106381.0,2175046.75,1876656.0,1870528.25,1607851.25,1611020.5,2012315.25,1990041.625,1865298.75,1890120.875,1856560.375,2099144.5,2075093.75,1952005.0,2055258.625,2085049.875,2191121.0,2122345.25,1896954.625,1979508.5,1851684.875,1977298.125,2165523.5,2162538.75,2093174.5,2167234.25,2150095.0,2329839.75,1817922.5,1909787.0,2216101.5,2324277.5,2100413.25,2176678.25,2093015.625,2318379.75,1767734.375,1977280.0,2082959.625,2279064.25,1889229.375,2203146.25,1943787.625,2146497.75,2208433.5,2514557.25,1759028.875,1852519.875,1732223.5,1774942.25,1303660.0,1402389.875,1471373.5,1750188.75,1901215.375,1891570.375,1956878.25,2112714.5,1668596.0,1765408.625,1544721.5,1558717.375,1719037.625,1761082.375,1821373.75,1824048.375,2176167.0,2052330.125,1536987.5,1544216.125,1671310.0,1924255.375,1514532.75,1546084.375,2719487.5,2702612.25,1545959.0,1548424.25,2012986.75,2075955.5,1595979.0,1889235.0,1847185.25,1791361.75,2481350.0,2159572.25,2160808.0,2357549.25,2273138.75,2646185.25,3006008.5,3047267.75,1858330.5,2016455.125
110,2129974.75,1927375.25,1868913.875,1793649.25,1714226.375,1712886.625,1819886.75,1723430.5,2002657.375,2002164.25,2493400.5,2356251.5,2237905.25,2331545.0,2054108.75,1949518.5,1967871.875,1844842.125,2020360.125,1735139.25,1796168.5,1653304.5,2028111.875,1757183.0,2015684.0,1873473.25,1839594.5,1487203.25,1920596.75,1962133.75,1876013.0,1715957.75,1772875.0,1834068.75,1687849.0,1569181.375,1883109.375,1842283.125,1984011.375,1854432.25,2164609.75,2368692.75,1708408.0,1530476.125,1445709.25,1357085.0,1566895.75,1775547.875,1647924.0,1576067.5,1694627.75,1663924.5,1631095.25,1576689.625,1855757.375,1885597.375,1953305.5,2241756.5,1751300.0,2056502.625,1601619.5,1646043.5,1884614.875,2039255.75,2174609.25,2141900.25,1905730.25,1863791.375,1625249.625,1644708.875,1979974.875,2181780.75,1873672.5,2195633.5,1586609.625,1240741.75,2238844.75,1898927.625,1832288.625,2022037.0,1326268.0,1405391.125,1495811.375,1531197.75,1558355.375,1622817.5,1867468.25,1712013.5,1452780.125,1365381.0,1686496.75,1600957.625,1471046.25,1388592.75,1479153.375,1482591.125,1586506.625,1755404.75,1685091.875,1623705.0,1133297.625,1165388.25,1589788.5,1467205.875,1744806.875,2023011.5,1622791.25,1814587.875,1729585.25,1639034.5,1467873.0,1359378.5,1800155.875,1816882.5,1588315.625,1513824.0,1845504.75,1512303.75,2138005.5,2231430.0,2036004.25,2100417.5,2118091.75,2364758.25,1848992.5,1944603.75,1912422.375,2257808.25,1991911.375,2313761.0,1966752.25,1978260.125,2020690.25,2486871.5,1664148.625,1682127.875,2113732.0,2126459.75,2145335.75,2299887.0,1724675.0,1699201.875,1877163.5,1977160.875,1785636.75,1997530.75,2138638.5,2052609.0,2244572.5,2298356.25,2394409.25,2241537.0,2107642.75,2174252.25,1871879.875,1867129.375,1604925.0,1608525.375,2007800.0,1985563.375,1870724.625,1892051.625,1855543.375,2097442.5,2078478.625,1952039.75,2054638.625,2086794.375,2192990.25,2125287.0,1896230.375,1977527.375,1852939.75,1976132.125,2169220.75,2165235.25,2094304.125,2166430.0,2153396.75,2330362.75,1816878.375,1906410.5,2217733.75,2323947.75,2101265.5,2175623.75,2092870.625,2318620.75,1764837.625,1978009.375,2080694.25,2274491.25,1888683.0,2200690.75,1937243.75,2139818.0,2201865.5,2508527.5,1759291.0,1851785.625,1727341.75,1769891.75,1304596.875,1410023.375,1469257.75,1748475.625,1896741.375,1889882.875,1956070.625,2116157.75,1673443.375,1777538.625,1549745.125,1569458.0,1719908.625,1763384.25,1821912.0,1823143.625,2177334.5,2052697.125,1541115.75,1549732.25,1672386.75,1926274.875,1518880.25,1550174.375,2717727.75,2701783.75,1549145.75,1551020.375,2020281.875,2081946.875,1599845.75,1890369.25,1849655.375,1790875.75,2485357.25,2165471.5,2162690.75,2355992.25,2276255.0,2649655.5,3004754.5,3047909.0,1861237.875,2017646.75
111,2130052.5,1923581.125,1869399.625,1793426.0,1710521.5,1712147.5,1818408.625,1715350.25,1999128.25,1993136.125,2492880.5,2355894.5,2235145.25,2327011.5,2052166.875,1949689.375,1966738.75,1843868.5,2019767.625,1733187.125,1796221.375,1651990.375,2033519.375,1756238.5,2012906.625,1870406.125,1843166.25,1487389.75,1925568.5,1963038.875,1881242.25,1717603.75,1774378.375,1831664.375,1690363.125,1568369.875,1886519.875,1842115.25,1983890.375,1852208.375,2163224.5,2363973.25,1708317.0,1532123.375,1445110.25,1357974.375,1566597.0,1770265.125,1648806.0,1577492.125,1691859.25,1664346.25,1633309.5,1576899.25,1851256.75,1880795.625,1948043.375,2239531.0,1747551.0,2058235.75,1601986.75,1649790.875,1889412.75,2038357.125,2172582.25,2140097.25,1904084.375,1862629.625,1623196.375,1644668.0,1980584.875,2182566.25,1873764.75,2200517.5,1583133.25,1241737.0,2243181.75,1904513.875,1837435.75,2025369.125,1327765.0,1406629.625,1493453.875,1531839.25,1554322.125,1621135.125,1867779.375,1714262.375,1450430.0,1362279.375,1683126.0,1599376.25,1465645.125,1387451.875,1478067.625,1480863.875,1579476.125,1754151.625,1686235.875,1624725.5,1131897.375,1166171.75,1588734.875,1467827.875,1746610.75,2025518.875,1622410.125,1815283.25,1729877.5,1637275.125,1463528.5,1355309.625,1796540.5,1813021.875,1588369.875,1516150.625,1849977.25,1518391.875,2144203.0,2228476.25,2039666.875,2100767.5,2117387.25,2365009.5,1846447.25,1935267.5,1914852.625,2257561.0,1988310.625,2310383.25,1964201.875,1975784.625,2018236.375,2483370.5,1664426.0,1681343.0,2112504.0,2125016.5,2141358.25,2297071.5,1725219.875,1696507.625,1877238.875,1975038.25,1786199.25,1998345.375,2135363.5,2051682.625,2241271.25,2294008.75,2387908.75,2239207.0,2106165.75,2172466.5,1870377.375,1867441.0,1606481.375,1610496.375,2000925.0,1984054.75,1869789.625,1889531.375,1858751.75,2102337.0,2082020.125,1952203.375,2057278.875,2087758.125,2195979.5,2124168.75,1897795.375,1980108.5,1855210.875,1978376.875,2165969.0,2162401.75,2092921.0,2164221.75,2153371.75,2329546.0,1813248.125,1905359.5,2216732.25,2321981.5,2100891.25,2174406.25,2090329.625,2312270.75,1768852.0,1984915.875,2087353.375,2284342.75,1897484.875,2207654.5,1938494.875,2146192.75,2201332.75,2508818.5,1763698.75,1854812.0,1725108.25,1764300.75,1311300.625,1417329.5,1470895.875,1750300.25,1893094.875,1891650.875,1957763.75,2115854.25,1675213.5,1785044.0,1555590.0,1574983.625,1722451.875,1766031.625,1823693.5,1826409.0,2178287.5,2052066.5,1542981.625,1553598.875,1671564.25,1927706.375,1520511.0,1552274.625,2721904.0,2705809.25,1552810.0,1554903.625,2018175.75,2081579.375,1600667.25,1895115.125,1851100.875,1792762.25,2484037.75,2164397.75,2163621.0,2357540.0,2278293.25,2649743.0,3004580.75,3048330.0,1864518.0,2019102.625
112,2128348.0,1919974.5,1867451.75,1788148.25,1707234.125,1708980.5,1815541.25,1713258.5,1995480.75,1991358.25,2492182.0,2354589.5,2234431.75,2322800.25,2051922.125,1950428.375,1967010.5,1843437.875,2017299.125,1732286.5,1794376.625,1654011.0,2032535.25,1760383.625,2011632.25,1869269.5,1843070.875,1493156.125,1926112.75,1962992.0,1882449.25,1723651.75,1777731.0,1833186.5,1687215.625,1571938.5,1892584.0,1840410.0,1986855.75,1852141.5,2160318.5,2354464.0,1703574.375,1533096.625,1443666.0,1357326.0,1565305.875,1765145.75,1646287.375,1572457.5,1689029.0,1665024.625,1633942.75,1579775.875,1848186.25,1884251.375,1943851.875,2239818.75,1728607.0,2055141.375,1601385.375,1650844.0,1891673.5,2039076.625,2165136.25,2138968.5,1902070.875,1862132.0,1620888.875,1636040.125,1980309.25,2189863.25,1872727.125,2200672.0,1587177.0,1250429.125,2242433.75,1902762.0,1840586.375,2027295.0,1330662.125,1407726.25,1495348.75,1532510.625,1559591.875,1624264.125,1871611.25,1719175.375,1449854.75,1364950.125,1680327.125,1590647.125,1466915.375,1386277.375,1483140.875,1479301.625,1580835.25,1753377.625,1689710.875,1620962.0,1133722.875,1163662.5,1588812.75,1466953.875,1751726.25,2029525.5,1624784.25,1814181.75,1728188.0,1637837.125,1462236.0,1351716.5,1797121.375,1822291.5,1587970.75,1515769.875,1840037.25,1515462.5,2144721.75,2232283.25,2042152.25,2103954.25,2123817.25,2366607.25,1840701.0,1932166.375,1909386.625,2252981.5,1992494.5,2313858.5,1955919.5,1969995.125,2019834.875,2481764.5,1666679.25,1681232.25,2108880.0,2121496.0,2142555.25,2301053.5,1722043.375,1695889.625,1878816.75,1973829.0,1787295.75,2002377.125,2129663.0,2047964.875,2237274.75,2292231.75,2383947.75,2237583.5,2105259.75,2173705.75,1870261.75,1870473.5,1609292.375,1612138.75,1996104.75,1986884.75,1858976.625,1885719.125,1860633.0,2105253.75,2081384.0,1950505.375,2059822.625,2086531.375,2197715.25,2119467.5,1897750.5,1983025.25,1856858.0,1978672.25,2164027.5,2161290.5,2090696.375,2159769.75,2149764.75,2325943.75,1814883.875,1910054.75,2213709.75,2319748.0,2098612.75,2173418.5,2088158.75,2302961.25,1771428.0,1988393.125,2093368.5,2294520.75,1901090.5,2213823.0,1942810.375,2157954.75,2201596.0,2513315.0,1766510.625,1855977.375,1729031.625,1764332.125,1315786.5,1412463.0,1473364.375,1751620.25,1891325.375,1894138.375,1958728.625,2113030.25,1672986.625,1778331.25,1557504.75,1571562.375,1725975.625,1767292.625,1825841.375,1829737.0,2174161.0,2049764.75,1541459.875,1555908.0,1669193.25,1925703.75,1517973.375,1554546.625,2719942.0,2705388.0,1552627.0,1558150.375,2012143.0,2078081.75,1599094.375,1898167.25,1851976.125,1796217.25,2477512.5,2159519.25,2163682.5,2358167.0,2277450.5,2643661.75,3002022.25,3040178.0,1865500.75,2020045.5
113,2128169.75,1924037.125,1869362.5,1792742.625,1715757.75,1713477.5,1815481.625,1727450.5,1997012.5,2003198.75,2491549.5,2351151.25,2237105.75,2326993.25,2056655.875,1953535.5,1972330.625,1845932.625,2017520.125,1736017.25,1797867.25,1658333.5,2029399.125,1770337.5,2017110.0,1874687.75,1838342.75,1503379.25,1925643.625,1963198.0,1879372.625,1730066.625,1777468.25,1831573.5,1685357.25,1576059.625,1891815.375,1836617.75,1986526.375,1849333.0,2158767.25,2351120.0,1693853.375,1532058.375,1442951.75,1353903.5,1565441.375,1767758.375,1639845.25,1565361.25,1688165.875,1664269.125,1635244.125,1581185.625,1851540.75,1891120.5,1948480.0,2244407.5,1724377.0,2051248.875,1601907.875,1648453.0,1888725.625,2040543.375,2166938.25,2143811.75,1907541.0,1866082.375,1618762.0,1626898.375,1980240.875,2193735.75,1873526.625,2198135.0,1593085.625,1259966.75,2236601.75,1899901.375,1835695.25,2029311.0,1333929.125,1406750.875,1496412.0,1529596.375,1565509.875,1626846.375,1875739.25,1720636.375,1457201.625,1374518.625,1687241.875,1592342.125,1472209.0,1388678.0,1491180.125,1482262.25,1589226.25,1757119.25,1693479.75,1621036.625,1134070.75,1162028.25,1589671.75,1466056.625,1750097.5,2025922.875,1622888.25,1811890.75,1724244.125,1640034.875,1474968.375,1358139.625,1800083.25,1825222.75,1588966.375,1515210.125,1828979.625,1503507.625,2138110.75,2234237.75,2042103.375,2108724.25,2123665.5,2369083.25,1835385.375,1938140.375,1906560.625,2248242.75,1995373.5,2321801.75,1952857.125,1971118.125,2020510.75,2485127.0,1669437.25,1682132.625,2108296.0,2121720.25,2147681.5,2306476.25,1721141.875,1700543.625,1880498.125,1975099.375,1790455.875,2003157.375,2130297.5,2046608.25,2239702.75,2297976.5,2384475.75,2235010.25,2105077.75,2174720.5,1873623.75,1872369.5,1610058.125,1612717.75,2000880.375,1991930.25,1854384.25,1886184.0,1858066.75,2103808.0,2078063.375,1946494.625,2057144.375,2083817.0,2197960.75,2116835.5,1897001.875,1981735.625,1856025.75,1976590.25,2166351.5,2163753.0,2089466.25,2155560.5,2145806.5,2320820.75,1816466.625,1912081.25,2214649.25,2319955.25,2100737.75,2174404.0,2085466.25,2297302.0,1770324.125,1987454.375,2091433.875,2288059.5,1898600.75,2211176.75,1944918.5,2157114.25,2202157.5,2512092.75,1768204.625,1852741.25,1732059.625,1767154.625,1320769.25,1416914.375,1475346.875,1752290.125,1893344.75,1894832.25,1958966.875,2109476.5,1668868.625,1770601.625,1554906.875,1567536.375,1723847.5,1763553.875,1822474.25,1824749.0,2168521.5,2047273.875,1539245.625,1554728.5,1666574.875,1921384.25,1516771.75,1554539.5,2706819.5,2697028.0,1549673.5,1557277.125,2006454.625,2073266.75,1597286.5,1894240.625,1849360.75,1794965.625,2467513.0,2149531.5,2158713.0,2349649.0,2268726.5,2632290.75,2990892.5,3026421.0,1861524.0,2016649.0
114,2132272.75,1930353.375,1874850.25,1795144.875,1724310.5,1715547.25,1821194.0,1736294.125,2003541.125,2010499.0,2490599.25,2349904.25,2241547.0,2328869.5,2062357.375,1952944.625,1973932.875,1844425.5,2022116.0,1736581.875,1805448.125,1660639.0,2034839.875,1767144.375,2027858.75,1877002.625,1840535.625,1501023.75,1923165.625,1960773.375,1881838.75,1728235.25,1775071.875,1827186.875,1684938.375,1574634.5,1889808.125,1832403.25,1982477.0,1843807.75,2158379.25,2351498.0,1688838.5,1526949.25,1441998.5,1350995.875,1558672.875,1765689.125,1634742.25,1561219.0,1685688.375,1659975.25,1639611.125,1577580.375,1860128.5,1891315.625,1957151.25,2248047.0,1737225.0,2051019.375,1603450.375,1647039.25,1886709.25,2034629.375,2175213.5,2148347.25,1913219.5,1868292.0,1612229.375,1621651.5,1982209.0,2193520.75,1875879.125,2192335.5,1595878.125,1263442.25,2229812.25,1895866.75,1829016.25,2029304.125,1330178.0,1404383.125,1489249.0,1526950.25,1564745.625,1626233.875,1873419.875,1720248.75,1461083.25,1380036.125,1689928.0,1598640.75,1469053.875,1388682.25,1489499.875,1481857.375,1593684.625,1757604.625,1691422.375,1623205.5,1133500.625,1166310.375,1588035.125,1465809.375,1747364.375,2022265.25,1619229.875,1811117.0,1722166.5,1642362.625,1476635.75,1363049.125,1799470.5,1819755.5,1586251.5,1515391.5,1823501.25,1499159.5,2130479.0,2226192.5,2037659.5,2108546.25,2119246.5,2369984.0,1837679.125,1942452.0,1917580.625,2253806.25,1997575.0,2323884.75,1956568.875,1973750.75,2026547.0,2486941.75,1674760.625,1681791.25,2115004.25,2121729.0,2155469.0,2308163.75,1724223.5,1700465.625,1879412.0,1974132.0,1792932.625,1999074.875,2138234.0,2050310.75,2246245.5,2304261.75,2386858.75,2233453.0,2105047.75,2172079.0,1880805.375,1872106.75,1610423.375,1610933.5,2013363.5,1993894.375,1860685.0,1887453.625,1854513.625,2101055.5,2074349.0,1943439.0,2054546.125,2079785.625,2197095.75,2115364.5,1897618.0,1979361.0,1854188.625,1975619.0,2166836.5,2163561.25,2091261.25,2155977.75,2149670.75,2322094.75,1814536.875,1907427.5,2220026.0,2324300.75,2106083.25,2176710.5,2083347.625,2298925.5,1771944.125,1987835.75,2092014.875,2281005.0,1900931.375,2209514.0,1945898.0,2150315.75,2203897.25,2507784.5,1769719.875,1854016.5,1730587.5,1770150.75,1323094.75,1427509.375,1475870.75,1753771.5,1898314.5,1898908.875,1963445.125,2111038.25,1664651.0,1765775.0,1552754.875,1567965.5,1719419.75,1756471.0,1818847.375,1819892.75,2167125.25,2045179.375,1536983.875,1550495.0,1665497.125,1918735.375,1515035.5,1548622.875,2704640.0,2691724.75,1546945.0,1552297.625,2001149.875,2065278.25,1594684.0,1887541.875,1844490.375,1790209.125,2461171.75,2140547.0,2152633.0,2343615.0,2263016.0,2626223.75,2983536.75,3021267.75,1856648.75,2010910.125
115,2134873.0,1930959.5,1875781.0,1783372.75,1719935.25,1706794.75,1829308.75,1727439.625,2008474.375,2004775.375,2489829.75,2353720.5,2241955.75,2320246.75,2062728.75,1947499.625,1970068.75,1839424.875,2027261.125,1729282.25,1808980.75,1661136.25,2044399.5,1753322.125,2037878.375,1875348.25,1848159.5,1484023.125,1918397.875,1958379.125,1887773.0,1722319.125,1774347.125,1830223.25,1682951.5,1570270.875,1890048.375,1831232.0,1978703.625,1843520.25,2157391.0,2348780.25,1693468.875,1520002.0,1440927.75,1349673.875,1544082.75,1750080.875,1635188.125,1559553.25,1682750.875,1654950.625,1641134.75,1574159.75,1865647.5,1889840.0,1962387.75,2248376.5,1736400.875,2053140.0,1605146.0,1647873.5,1887769.375,2027477.5,2174726.25,2148583.5,1911611.75,1867477.625,1604947.125,1621529.875,1985375.125,2195754.75,1876622.25,2183333.5,1598738.0,1262562.5,2228074.0,1887256.125,1829406.625,2023458.125,1323789.75,1403968.75,1482078.125,1528299.375,1561043.5,1625522.625,1870420.625,1720121.375,1452430.0,1376540.25,1681911.25,1596099.875,1458991.0,1383199.125,1479992.125,1474905.625,1592843.0,1753482.5,1686387.375,1619734.125,1133789.75,1168603.75,1583797.75,1464183.75,1749774.25,2024660.75,1619876.125,1811749.875,1721361.125,1640518.0,1453939.125,1354104.875,1795678.5,1817246.375,1578472.0,1510721.875,1820326.625,1507570.0,2127877.25,2220478.75,2030699.875,2102588.5,2119589.75,2368722.25,1842268.875,1945363.625,1932426.0,2266585.0,2004269.0,2323268.0,1957534.625,1970315.875,2039458.75,2487734.75,1682147.375,1682162.125,2124100.75,2121045.75,2164015.25,2311388.75,1727485.125,1695943.625,1877476.0,1972079.5,1793258.75,1998759.75,2148422.5,2060292.375,2248369.25,2303442.5,2390319.75,2236825.0,2107317.75,2171284.75,1885622.25,1872453.875,1613084.0,1608807.125,2024439.625,1993866.625,1865269.625,1887567.625,1853393.0,2098166.75,2070545.625,1942990.0,2056131.625,2076357.5,2196197.5,2114075.5,1897441.5,1978597.875,1852513.375,1975471.625,2167701.0,2163898.0,2092237.125,2159207.75,2156276.75,2329176.5,1813399.125,1903189.875,2224456.5,2329296.75,2108323.75,2181325.0,2083292.625,2305028.25,1774436.0,1989131.375,2096760.25,2287790.75,1906131.625,2213775.25,1948107.375,2151180.75,2205269.0,2508131.5,1769419.0,1861196.0,1729741.5,1773839.875,1319298.875,1422794.375,1475064.25,1755188.375,1901356.875,1906060.25,1969846.625,2118291.0,1661026.875,1758870.625,1549768.875,1567475.0,1718085.0,1752590.5,1821391.625,1822611.625,2168109.75,2043059.75,1534142.0,1545429.375,1664945.375,1918385.0,1509328.125,1541571.375,2716983.0,2693269.5,1544387.5,1547947.625,2000393.125,2060790.75,1593495.625,1887566.75,1844447.25,1789605.0,2463615.75,2142272.75,2154201.75,2350167.5,2267913.5,2631063.25,2990535.0,3028805.5,1857364.875,2010192.625
116,2130736.75,1927966.75,1871292.75,1779012.75,1713664.5,1704293.875,1827883.0,1721418.625,2005195.875,1999040.5,2488136.25,2355558.0,2237197.5,2316029.0,2057536.5,1945644.375,1966100.125,1839008.875,2027185.375,1725496.625,1806552.25,1661401.875,2040787.875,1754999.875,2034903.25,1875635.0,1849024.375,1477804.625,1916307.125,1959546.25,1886036.75,1724134.125,1772569.25,1837620.125,1682584.0,1570887.625,1889602.25,1836543.375,1979859.375,1850876.0,2159072.75,2348912.75,1700257.25,1518838.0,1442195.25,1350134.625,1544057.0,1745574.75,1639236.5,1562415.5,1685834.0,1656957.875,1634056.75,1576798.125,1861115.5,1890977.125,1959929.125,2247369.25,1728772.375,2055893.75,1605804.125,1649353.0,1886590.375,2031037.75,2170130.75,2147609.0,1906974.75,1866380.0,1606865.5,1625167.25,1985413.5,2198448.25,1876187.125,2186050.0,1600651.0,1259822.375,2234630.0,1885830.25,1836960.375,2020441.125,1325357.0,1404389.5,1485457.75,1527449.375,1560467.75,1622886.125,1873322.625,1718476.625,1447375.5,1373849.0,1680849.125,1593879.125,1458387.75,1380276.875,1479109.375,1472251.0,1591152.875,1752940.75,1687558.625,1615354.875,1133956.5,1163425.0,1584484.875,1463872.25,1750150.25,2025943.875,1622178.0,1811365.125,1722497.875,1640066.375,1445670.5,1347624.5,1796304.625,1819287.5,1577778.75,1507765.0,1823633.625,1511978.875,2131816.75,2223734.0,2029467.5,2098202.5,2121782.5,2367103.5,1839954.75,1950825.75,1930128.125,2266539.25,2005878.375,2325488.75,1955730.0,1969941.625,2039372.875,2491904.5,1679706.75,1682062.25,2124527.5,2124360.5,2164042.5,2315032.25,1727982.25,1699521.375,1877464.125,1973657.75,1792966.5,2003944.25,2148513.0,2062715.5,2243768.0,2298150.75,2391058.25,2239942.25,2109063.25,2173670.25,1879977.375,1873819.0,1614210.625,1609026.25,2022238.125,1994835.125,1863354.625,1889530.25,1856034.75,2098662.5,2073557.5,1947811.25,2061375.0,2081063.0,2198542.5,2118731.75,1897067.625,1981278.25,1853564.5,1978062.375,2172246.75,2168539.0,2093474.125,2161834.25,2154025.25,2331591.25,1814406.125,1905333.375,2224154.25,2329304.0,2105396.5,2183769.5,2086284.375,2310531.5,1771082.125,1986861.625,2091901.5,2290281.5,1903589.0,2212224.75,1947006.375,2152905.75,2202792.75,2508574.25,1766242.625,1859443.875,1729366.875,1772543.875,1313800.5,1411704.375,1474878.125,1753117.0,1898560.375,1904662.0,1966436.875,2119948.25,1662909.375,1759305.625,1546078.875,1563194.875,1719810.25,1756746.875,1823836.125,1824295.625,2171513.0,2043757.0,1533597.625,1543360.375,1665559.125,1919938.0,1507593.875,1541136.875,2723571.25,2698952.25,1544178.875,1548383.25,2004373.0,2066753.0,1595973.375,1891907.75,1847954.125,1791137.625,2471569.75,2150334.25,2159677.0,2357974.25,2273208.0,2639711.75,3002293.5,3040513.75,1861710.125,2013645.375
117,2127538.75,1926262.0,1868310.5,1789851.625,1717585.5,1716089.625,1817991.375,1726461.75,1998500.5,1998989.125,2486319.5,2353496.25,2236520.0,2325146.25,2054720.25,1950420.75,1963617.5,1841265.625,2025582.125,1733180.625,1805853.375,1663843.25,2028030.25,1767904.375,2020294.0,1874760.375,1847216.125,1493211.0,1919196.5,1960938.875,1882723.25,1732447.75,1771478.75,1841014.5,1683242.75,1574533.125,1890789.75,1841376.625,1985570.5,1858069.0,2163182.5,2350623.0,1701187.5,1523200.0,1444069.375,1351902.75,1560055.25,1759763.875,1640186.5,1565256.625,1689743.0,1662268.375,1627638.75,1582782.0,1852744.875,1890625.25,1951921.875,2246053.5,1732384.0,2056505.5,1605276.125,1651846.875,1885127.0,2038478.5,2170409.5,2146140.75,1905705.75,1864506.375,1615592.375,1626780.375,1983737.75,2195642.25,1876200.875,2197667.0,1598943.125,1255834.25,2240676.75,1893407.375,1840809.75,2024751.125,1330287.875,1402820.25,1494725.875,1522302.0,1565591.25,1619308.625,1874906.625,1716331.5,1454465.0,1376727.0,1691571.75,1600330.75,1468111.375,1383594.25,1488217.0,1477539.75,1589958.0,1756257.875,1692759.0,1617262.0,1133906.0,1159321.25,1589593.875,1466557.375,1746623.625,2022955.875,1622662.125,1810094.0,1725830.25,1643774.75,1466684.5,1354420.5,1801926.5,1820037.25,1584913.125,1513105.625,1827542.0,1503790.0,2129274.25,2222748.5,2033479.375,2098959.25,2124595.25,2366674.0,1832948.875,1949922.625,1914862.875,2253269.25,1998823.0,2324573.5,1955016.25,1973313.875,2024296.75,2492134.25,1668171.625,1680079.75,2117463.5,2128486.75,2155329.5,2312137.75,1726619.0,1707438.625,1878780.75,1976066.875,1792679.75,2006620.875,2137565.25,2052504.25,2239284.75,2294464.75,2385659.75,2238650.25,2106779.5,2174092.0,1872013.25,1875005.125,1612372.0,1610468.5,2009803.5,1994383.875,1859447.0,1889565.5,1858180.875,2100926.75,2078963.625,1952357.875,2065809.5,2088350.125,2199514.25,2123726.75,1897797.25,1983948.0,1856638.25,1979533.75,2174098.75,2170529.75,2096327.875,2161524.0,2148548.5,2329026.25,1814540.0,1908567.5,2222093.5,2326184.25,2102520.0,2180001.5,2089370.875,2310556.25,1767819.625,1986366.75,2082722.0,2283321.25,1897828.75,2205445.5,1939448.625,2146043.75,2196938.0,2506297.5,1764152.375,1849878.25,1729063.625,1768060.125,1314903.375,1413943.625,1478861.5,1751418.0,1893654.5,1897880.375,1955507.125,2114292.75,1663805.75,1765271.25,1545307.25,1558313.25,1719882.25,1760217.125,1820068.5,1819373.625,2173824.25,2044914.25,1535616.125,1546546.0,1666276.625,1920475.125,1512294.25,1544746.0,2722354.0,2704214.5,1546934.75,1551305.0,2007174.625,2073074.125,1598389.125,1891832.0,1847910.25,1789944.25,2475170.75,2151689.0,2158302.25,2355810.25,2269020.5,2640103.25,3003739.25,3043726.75,1862339.875,2015145.625
118,2132405.75,1928992.875,1870495.25,1800842.25,1723996.0,1725921.75,1814975.0,1734566.125,1998315.25,2002596.375,2488314.5,2353362.75,2240532.0,2335218.0,2058122.875,1955250.0,1965777.25,1842277.625,2026919.0,1741644.5,1808342.5,1666166.125,2023371.125,1771165.125,2013996.0,1875269.125,1845956.625,1508280.625,1923813.875,1959740.875,1885299.625,1735698.875,1775934.875,1839053.5,1682322.75,1573124.375,1891685.5,1838971.75,1990107.0,1858719.75,2161383.5,2341819.25,1698309.375,1524580.125,1442772.625,1352317.5,1567394.0,1764146.875,1637144.375,1562964.25,1688055.5,1660707.125,1629854.625,1585059.75,1851287.625,1890376.75,1948076.625,2246701.25,1737965.5,2053473.875,1605429.625,1655294.125,1887767.375,2040331.75,2173006.5,2145581.5,1909889.625,1864435.625,1619298.0,1626107.625,1985154.625,2190375.0,1876011.25,2200794.25,1595594.125,1251761.5,2241116.0,1896400.625,1837171.25,2026250.0,1330482.125,1399870.5,1499353.25,1516756.25,1570452.0,1620775.875,1871328.875,1715344.5,1459918.125,1376039.75,1696550.375,1602954.125,1471603.5,1383125.75,1493141.625,1479148.0,1588874.25,1755703.125,1694032.25,1619034.875,1133850.0,1159285.5,1589915.375,1466323.875,1744705.125,2019682.625,1622597.5,1809555.0,1724698.0,1642020.125,1480086.75,1357772.0,1802749.125,1816797.125,1587076.125,1514505.0,1824709.25,1497662.0,2121665.5,2219567.5,2038032.0,2101804.75,2128362.75,2368046.0,1827682.375,1939542.25,1906085.25,2244791.0,1993916.875,2319699.25,1955780.625,1973176.125,2014026.25,2486986.0,1661940.25,1681280.875,2113255.25,2128361.5,2148768.75,2307563.25,1727186.625,1708590.25,1880650.0,1975656.375,1793639.5,2004944.875,2130275.0,2043569.75,2241893.5,2296026.75,2381571.5,2238122.5,2105828.75,2173316.0,1871908.375,1875062.625,1611252.375,1613046.125,2001245.25,1992254.25,1858008.0,1886455.875,1856451.75,2101762.0,2076486.0,1949717.75,2063202.875,2088361.0,2196249.0,2121609.0,1898150.0,1983298.375,1856434.375,1976745.375,2173395.5,2169724.25,2094485.5,2157939.75,2147094.25,2326396.25,1815255.5,1909697.375,2220151.75,2324164.75,2104172.25,2176015.25,2087505.5,2302085.75,1769254.25,1988463.25,2081423.625,2281527.5,1895571.875,2202731.75,1932399.625,2137964.25,2192467.0,2506914.5,1764527.625,1847667.625,1731376.625,1768927.375,1318291.875,1419078.125,1483111.875,1753451.375,1889195.25,1895071.625,1951509.375,2111758.0,1660890.25,1767185.625,1547305.25,1560927.75,1717783.75,1757707.25,1816939.75,1817251.375,2172283.25,2045756.0,1538801.25,1552095.0,1665906.625,1919361.5,1516605.125,1548887.375,2721317.5,2705081.75,1549416.25,1553961.25,2011298.25,2075010.5,1599890.125,1890676.75,1846989.375,1789804.5,2474490.0,2150432.5,2154592.5,2349863.5,2264105.0,2634578.0,2997280.0,3038529.75,1860968.125,2015828.875
119,2138175.25,1934056.25,1872825.875,1800396.875,1723783.75,1723941.75,1821172.25,1735694.625,2004237.75,2005579.5,2494990.25,2358828.0,2245522.0,2339002.75,2062990.25,1955520.875,1973714.0,1844123.625,2030302.625,1742290.375,1810848.625,1667057.5,2030870.0,1767569.875,2021063.875,1880726.0,1852594.75,1507225.375,1927888.125,1961934.75,1890263.375,1734408.375,1782421.375,1840317.25,1684984.125,1571554.5,1890468.125,1837183.375,1991599.625,1856173.875,2159147.5,2335359.75,1702889.75,1524451.875,1440723.875,1351472.625,1562738.875,1758103.875,1638901.75,1563128.5,1690282.25,1659167.5,1634187.375,1582876.25,1852568.5,1891789.5,1949630.0,2247823.25,1729787.75,2049775.375,1606094.75,1655300.125,1891110.0,2042519.25,2171453.0,2146091.75,1913058.875,1867197.0,1609399.875,1620004.625,1983773.5,2191399.25,1874938.75,2195567.0,1591991.5,1249636.25,2238467.0,1890798.25,1833314.25,2019689.125,1326621.0,1398426.375,1493678.25,1514092.0,1567951.25,1626497.625,1867313.75,1714481.125,1454356.0,1368627.625,1686983.875,1592522.75,1465035.0,1372543.125,1486749.75,1469914.125,1588882.0,1750746.625,1691476.875,1613506.625,1134485.75,1156238.875,1585691.75,1461992.5,1744938.25,2020900.75,1622974.375,1809044.375,1717707.375,1634094.0,1464782.75,1345475.25,1798205.5,1817683.625,1580057.875,1504234.375,1819344.25,1499949.375,2126876.75,2228980.75,2038650.875,2101322.5,2128731.0,2368971.5,1824262.25,1928040.375,1906642.875,2246142.25,1993654.25,2314882.75,1953348.125,1969527.0,2015098.25,2481868.25,1667237.25,1689171.0,2115662.75,2125177.25,2148647.75,2306322.75,1728359.5,1701616.375,1883079.0,1974558.875,1793137.25,2001612.5,2133066.75,2043056.75,2246812.75,2297804.5,2384468.5,2240722.25,2110142.5,2173896.0,1873962.625,1873106.875,1610989.25,1613806.5,1999440.5,1989731.875,1858103.375,1884665.0,1854255.0,2102126.25,2076504.5,1949890.5,2058080.125,2087788.625,2195791.75,2118389.0,1898488.875,1982426.875,1854763.75,1978131.0,2176513.75,2171586.25,2093370.5,2158057.5,2151632.5,2328151.0,1822979.375,1913947.375,2219036.75,2324233.25,2107178.25,2177779.25,2085489.125,2294323.0,1767859.0,1984541.375,2083242.25,2285339.5,1895649.375,2201630.5,1931867.625,2139987.25,2189220.75,2509885.5,1764040.875,1853695.75,1734325.875,1774910.625,1317647.75,1415723.375,1480589.875,1755791.875,1881469.875,1894350.875,1955465.375,2115736.25,1663889.5,1762994.75,1552063.875,1570309.0,1721143.0,1758083.0,1820656.0,1823294.125,2173870.25,2049829.75,1541864.125,1554624.625,1668210.5,1922824.25,1517907.25,1552969.875,2723240.0,2703962.0,1550203.875,1556753.75,2018350.125,2081353.25,1603083.0,1893032.875,1849379.875,1793990.125,2477099.5,2157204.25,2158172.0,2351550.0,2270617.75,2636064.25,2996380.75,3037702.5,1864804.875,2018307.875
120,2138402.25,1933085.375,1871751.25,1790509.0,1716706.625,1714654.5,1825178.375,1726979.625,2008495.125,2003494.75,2499647.75,2363849.25,2247617.75,2337813.0,2063199.5,1953952.75,1979862.875,1847302.0,2030212.25,1738442.0,1809564.75,1665073.75,2038549.25,1765892.125,2028261.75,1882678.375,1860115.0,1497919.5,1930322.625,1968862.875,1890295.625,1733880.625,1783725.625,1845062.0,1689053.625,1573491.375,1889571.875,1839638.5,1990801.0,1855533.25,2162899.25,2347256.75,1711148.375,1528674.75,1441992.625,1352209.75,1561254.625,1760306.875,1644786.875,1566792.125,1697407.0,1663723.25,1636243.375,1580509.125,1851585.25,1891924.75,1951098.375,2245673.25,1719038.25,2051322.0,1605507.5,1649854.75,1892310.875,2049197.125,2169634.0,2144956.75,1910690.0,1868524.375,1592338.75,1609766.125,1976451.75,2193059.75,1872146.0,2188475.75,1586594.375,1247799.25,2229218.25,1882332.75,1827129.5,2014804.375,1323890.875,1401544.75,1487077.25,1517603.75,1561583.625,1627335.625,1863548.125,1711835.75,1444088.25,1362252.5,1680212.5,1586827.625,1462207.75,1368046.75,1477911.875,1465507.625,1588800.0,1751749.0,1689204.375,1612820.375,1135105.25,1153731.75,1583408.5,1461029.5,1745039.875,2024291.5,1623843.75,1811415.25,1715180.5,1631294.5,1449759.25,1337905.25,1795602.75,1819575.875,1575442.75,1499691.375,1815190.375,1503857.625,2134512.25,2235739.0,2032780.75,2098727.5,2124449.5,2366581.5,1829094.625,1928305.0,1914577.375,2252451.5,1993660.25,2312126.5,1951122.25,1967090.375,2022347.625,2480363.5,1674296.125,1693497.875,2120552.0,2125717.0,2149999.0,2305051.75,1726826.875,1694372.25,1884383.875,1974730.875,1789428.125,1998782.125,2140217.25,2049404.75,2247322.0,2296649.0,2388760.25,2244055.75,2114772.5,2175730.25,1873954.75,1871342.25,1610298.375,1610390.375,2000522.25,1987325.25,1858941.75,1885987.375,1852005.25,2100126.25,2080916.625,1954642.5,2056950.25,2088163.25,2191016.5,2115028.0,1898268.125,1979552.0,1855362.0,1979366.0,2180144.75,2174300.75,2098103.25,2162877.75,2157476.0,2333640.25,1830471.375,1919119.5,2221043.0,2324293.25,2108581.25,2182389.5,2087934.125,2298198.75,1764437.5,1979694.75,2082167.25,2285219.75,1896346.5,2198897.0,1935011.75,2144567.25,2189045.0,2511540.5,1762476.125,1858764.75,1735706.25,1778375.25,1317206.875,1412880.0,1476889.625,1757554.5,1875611.875,1895007.75,1958951.375,2121927.5,1668625.375,1757400.875,1554000.5,1571304.375,1723621.75,1759228.75,1823551.375,1824881.5,2176097.75,2051817.75,1541768.75,1552239.625,1671499.875,1927842.0,1517278.5,1552024.125,2722289.0,2700329.25,1550031.5,1557382.375,2021674.25,2088791.375,1604560.375,1895772.375,1852423.25,1797636.75,2478350.25,2163326.5,2164351.5,2357621.0,2278533.5,2642411.0,2999365.0,3039902.0,1869871.625,2021763.25
121,2136019.75,1925778.875,1871660.5,1788541.0,1710177.75,1709658.375,1824978.75,1722135.25,2007201.125,2001050.5,2497806.75,2360928.25,2242564.5,2333772.25,2059294.875,1954591.125,1979493.75,1848535.75,2023513.875,1734392.5,1801515.0,1657834.625,2036173.625,1765774.5,2029022.25,1879381.5,1851738.625,1492301.25,1928605.875,1971361.25,1882162.125,1730595.125,1778686.0,1840784.75,1685487.25,1572100.125,1888982.25,1839824.375,1987297.0,1855025.0,2163677.75,2359982.75,1710644.875,1530638.875,1444572.875,1354322.25,1565290.125,1764553.75,1645983.5,1568762.75,1698349.75,1664515.5,1635834.625,1579149.25,1852617.125,1890702.875,1951674.0,2242755.25,1728510.75,2058766.75,1603801.375,1644535.5,1891920.75,2050556.0,2174265.0,2143693.0,1909041.5,1867731.625,1591947.875,1616492.875,1971990.75,2186460.75,1867291.125,2181452.75,1580154.0,1243317.25,2219815.5,1876366.625,1821569.375,2012470.375,1325215.875,1404997.25,1490883.625,1523215.75,1559642.25,1621922.375,1860779.75,1709272.5,1440500.375,1360575.375,1686081.25,1592462.75,1467956.25,1376598.5,1477874.75,1471275.375,1586483.75,1755724.125,1689562.25,1620626.125,1135246.625,1157409.125,1584162.875,1463274.75,1746377.5,2026298.0,1625520.75,1815768.375,1721332.25,1636554.5,1458163.75,1351326.625,1797170.5,1820111.5,1582359.25,1508086.875,1821590.75,1511576.75,2136417.5,2229077.25,2029563.5,2097378.0,2120166.75,2361523.75,1843978.625,1942669.375,1926873.375,2259732.75,1994317.0,2312707.5,1956818.75,1970560.0,2030899.75,2482876.25,1673561.375,1688035.625,2121547.75,2128996.5,2147367.75,2301441.75,1722821.75,1691908.125,1882880.75,1973803.0,1786971.75,1997698.75,2144445.25,2056888.75,2246474.0,2298170.5,2388638.5,2245737.25,2114018.5,2176459.5,1872892.0,1870906.125,1608789.875,1606921.125,2001548.5,1986269.5,1862363.375,1890238.875,1850399.125,2094758.5,2077597.75,1951549.125,2056582.375,2083583.0,2179585.75,2110143.25,1895650.5,1974208.75,1856293.625,1973998.75,2177551.75,2172828.75,2096734.5,2163160.25,2154653.5,2331295.0,1826094.625,1919120.0,2220118.75,2320737.25,2107696.0,2181849.25,2088269.25,2306526.5,1763881.5,1981477.25,2076492.25,2280454.25,1893277.75,2198036.75,1935037.625,2142134.5,2190924.5,2511203.0,1762374.0,1858747.0,1737923.75,1777189.375,1316335.625,1411183.125,1478850.125,1758985.25,1879643.5,1897156.875,1958997.5,2124116.0,1668144.0,1760884.625,1548623.25,1565765.0,1718216.625,1756224.125,1822510.375,1820906.25,2173092.75,2049638.25,1539760.75,1550717.25,1670275.25,1927176.0,1516437.5,1548226.0,2715193.75,2696023.5,1550312.625,1556293.375,2021257.0,2089484.5,1602744.75,1896499.125,1854104.875,1795892.375,2477415.75,2162827.25,2166285.25,2360408.75,2278276.0,2646507.5,3000590.5,3038547.25,1869492.75,2025039.125
122,2131208.75,1919563.875,1871546.5,1791020.125,1714456.625,1714561.5,1826469.625,1717922.875,2002666.0,1998721.125,2493300.5,2355933.75,2242106.5,2330471.5,2058467.875,1954449.25,1972219.25,1842232.25,2023594.875,1732738.0,1799207.75,1657560.875,2035567.75,1762295.875,2024677.75,1873038.75,1856714.5,1493682.25,1923033.25,1965081.25,1879339.5,1724388.5,1774842.75,1834314.5,1680374.25,1570215.125,1889483.25,1838400.625,1983420.25,1851776.875,2164735.5,2360516.75,1707051.25,1524575.625,1443874.5,1354221.125,1564665.375,1764977.375,1644419.5,1569382.5,1693733.625,1660995.625,1634193.25,1578265.5,1852037.0,1886729.875,1949018.0,2239862.75,1733866.375,2059142.75,1604017.375,1643774.75,1889603.875,2038247.25,2172228.0,2143149.5,1907873.625,1865752.875,1609128.125,1632125.5,1973957.5,2184955.5,1866117.5,2178915.5,1578977.125,1243222.75,2224051.25,1875567.375,1828989.375,2004296.875,1326969.375,1404329.0,1493898.375,1525006.0,1564022.375,1623821.75,1862862.125,1712010.75,1443263.875,1361754.25,1686861.625,1589220.125,1470443.125,1377849.5,1481485.625,1467896.875,1586413.875,1749540.75,1691291.5,1619491.125,1136970.0,1160083.125,1586160.125,1462650.625,1750568.375,2032049.5,1627799.375,1814015.25,1725605.375,1643060.875,1462233.375,1359534.5,1802636.5,1833845.625,1585602.75,1507074.0,1833436.375,1513146.875,2144049.75,2229716.25,2033842.875,2094445.0,2120105.0,2359460.5,1846934.25,1944620.375,1926612.25,2261753.75,1995759.125,2310892.25,1957270.875,1971964.5,2034189.625,2478635.0,1673449.625,1687259.875,2117484.75,2124280.75,2143774.75,2294679.0,1717375.5,1687304.125,1880617.75,1971055.5,1786356.5,1996411.25,2141144.5,2056461.0,2245194.5,2297773.0,2385342.75,2243258.75,2109407.0,2173538.75,1871266.75,1869246.25,1607326.375,1606295.5,2000371.25,1984304.875,1861412.25,1889325.625,1855108.0,2091870.625,2074666.75,1946272.625,2055698.25,2081377.5,2183568.5,2111349.0,1895554.125,1974774.625,1857236.875,1975792.5,2170570.75,2165052.5,2090399.5,2161004.0,2152334.25,2323392.0,1818895.625,1914626.0,2213132.75,2317376.0,2104279.0,2176739.25,2087211.125,2311605.0,1763483.75,1983692.0,2071277.0,2280416.25,1890063.75,2202375.5,1932000.75,2143336.25,2187603.75,2509738.25,1766069.625,1858705.875,1743287.75,1778948.875,1316092.5,1411916.625,1482634.375,1761064.5,1887787.625,1899183.0,1957953.125,2120716.0,1668852.375,1768258.375,1547828.875,1568721.125,1720431.0,1758968.375,1826232.0,1827046.625,2173913.75,2050411.75,1539223.875,1551373.0,1668754.0,1926896.625,1516616.5,1546895.375,2721025.25,2700997.75,1551723.5,1556739.25,2021041.0,2087792.625,1601953.625,1895174.875,1853456.0,1793143.0,2484128.25,2166734.0,2165518.0,2363095.0,2280361.0,2650442.75,3006169.75,3042840.75,1867955.875,2024873.25
123,2125041.5,1917758.875,1867973.75,1786733.25,1725968.0,1720761.875,1823619.375,1708864.75,1997416.125,1992995.875,2489665.5,2353846.0,2252236.0,2333142.0,2063029.0,1951870.75,1964477.375,1834010.0,2034253.375,1737319.375,1808530.25,1667515.75,2042030.75,1760181.875,2019862.375,1864825.0,1879142.75,1504936.125,1920286.625,1956072.375,1886821.25,1721974.75,1777200.875,1833644.5,1683798.375,1571198.0,1888190.5,1837534.0,1982690.5,1848084.0,2171423.25,2354936.0,1702199.375,1519487.0,1439557.5,1350920.875,1563821.25,1769879.25,1641443.0,1565597.375,1691296.75,1659933.5,1635169.75,1577761.5,1847484.75,1881372.75,1942313.625,2235995.25,1713992.75,2046372.5,1606032.0,1646135.25,1886830.125,2025640.625,2159835.75,2140604.25,1903006.125,1862063.75,1615633.75,1626204.0,1976856.25,2189124.75,1870942.125,2186093.75,1582681.375,1246677.25,2235179.75,1884212.5,1835480.25,2005246.625,1328869.25,1404177.375,1489203.375,1523491.5,1570309.125,1633579.125,1866302.875,1715430.875,1447499.625,1364036.75,1684405.0,1587512.125,1466353.875,1371918.5,1484267.125,1464767.0,1593495.125,1747969.25,1691351.25,1614110.375,1135936.0,1156927.5,1586074.625,1461196.625,1753581.125,2035456.75,1628689.875,1810275.625,1720963.5,1643326.5,1455112.625,1350265.875,1803884.875,1839226.375,1576522.125,1497116.0,1829305.625,1497617.625,2144893.75,2231300.0,2039285.375,2094324.25,2121762.75,2363225.0,1831667.875,1925936.25,1912345.625,2255382.75,1995813.5,2306609.5,1947708.375,1963355.375,2027006.0,2470457.75,1678134.25,1693653.625,2113614.25,2117543.25,2142078.25,2289784.0,1715607.375,1683516.75,1882274.875,1972000.25,1787310.25,1995291.25,2135032.25,2050360.125,2240021.0,2291495.25,2383791.75,2239568.25,2108021.25,2173617.0,1870798.75,1867346.875,1607312.625,1609624.0,1997411.625,1982382.0,1851221.375,1877456.125,1859796.25,2095286.375,2074860.625,1946430.625,2053685.375,2084860.0,2194899.75,2113990.25,1898683.125,1979686.625,1855409.0,1981008.125,2167561.75,2160229.75,2088594.875,2161457.5,2154449.75,2322197.25,1817327.125,1911322.875,2208835.5,2317573.25,2100576.75,2172929.75,2088078.875,2310519.5,1766714.375,1988568.125,2077228.25,2285453.75,1900223.125,2212617.5,1933326.25,2147492.75,2186804.75,2509066.25,1774301.125,1863929.375,1749304.875,1783737.5,1326016.625,1428956.25,1486921.375,1766802.75,1895718.375,1903282.375,1959004.875,2119414.5,1671776.0,1773166.125,1554571.875,1573451.75,1727533.375,1766065.0,1828624.0,1832785.75,2177483.0,2050050.125,1539681.625,1548310.0,1669326.0,1926217.5,1516424.25,1544490.625,2730976.5,2706941.0,1551314.0,1554332.375,2020230.0,2084680.5,1602049.0,1892854.0,1850571.625,1792720.5,2488894.0,2170621.5,2162925.0,2360338.0,2282040.25,2647196.5,3007711.0,3046265.0,1867524.375,2019305.375
124,2124786.25,1923208.125,1867217.875,1792322.0,1733401.75,1726173.75,1816697.0,1720209.0,1996688.875,1995113.25,2486402.25,2350143.0,2256331.0,2339532.75,2066566.875,1952804.625,1964532.25,1836927.0,2035848.625,1744633.0,1812487.125,1670962.25,2041159.875,1770179.5,2020918.0,1868617.375,1872682.5,1519090.75,1920936.5,1952407.625,1887566.75,1723739.75,1776860.5,1826830.375,1689066.125,1568919.875,1880987.0,1833711.625,1983177.0,1843812.25,2169535.75,2345038.0,1691508.125,1520647.125,1436390.125,1348088.75,1570419.875,1775084.625,1634935.875,1558651.5,1689384.375,1658488.375,1636395.5,1578180.0,1849164.75,1884611.375,1941286.0,2239899.0,1706068.75,2040578.875,1604515.625,1648743.875,1883450.875,2027212.625,2159184.5,2140794.0,1902065.5,1861375.75,1607143.625,1613288.625,1976976.75,2184399.75,1872206.0,2194025.25,1583452.875,1244730.25,2233448.25,1894708.0,1828501.5,2019495.125,1331718.125,1403720.75,1488826.375,1518396.625,1573502.375,1635130.0,1865794.125,1710719.125,1454826.75,1364592.5,1694166.375,1604149.375,1464949.875,1375598.625,1489944.125,1475789.375,1601547.0,1761737.5,1689878.0,1618067.875,1130190.125,1152311.75,1582602.875,1461048.75,1754486.375,2029204.875,1626174.0,1811322.875,1713783.5,1638165.75,1465563.0,1349525.875,1797452.125,1818691.5,1573366.0,1499564.0,1817565.25,1488182.625,2132509.5,2219201.5,2042371.5,2099776.5,2121819.25,2365968.5,1822905.375,1921057.875,1908415.125,2251700.25,1995926.5,2312094.0,1945840.0,1958944.5,2017372.125,2476553.25,1679082.0,1693547.375,2111926.75,2120654.5,2140570.25,2296513.25,1717582.875,1691336.125,1884650.375,1977135.75,1791375.0,1997337.75,2136946.5,2051190.25,2236915.75,2291978.75,2385831.75,2240655.0,2110041.0,2179567.75,1871993.25,1869899.5,1607562.5,1615090.25,1997725.75,1987402.5,1845210.0,1871984.0,1854634.375,2097829.0,2064835.625,1943614.0,2045051.625,2083363.0,2184800.25,2109789.25,1894283.125,1979316.75,1846337.5,1974376.0,2169048.75,2164916.5,2085277.0,2157721.5,2146891.25,2321333.0,1817892.5,1915776.375,2209109.75,2317377.75,2098321.75,2170833.0,2083065.875,2301035.0,1775554.75,1998725.5,2090437.625,2289113.25,1919290.0,2224228.75,1941008.375,2145535.0,2197750.75,2512012.75,1781611.625,1869628.75,1750114.75,1783141.375,1340330.0,1450602.875,1492579.25,1771334.125,1906967.75,1909100.25,1961927.125,2123336.75,1666832.375,1777906.375,1553754.75,1568041.5,1719581.125,1762903.625,1820880.875,1823777.75,2170545.75,2039422.25,1539771.75,1544894.0,1665315.125,1915658.125,1514737.875,1540364.875,2713745.75,2695415.0,1546952.25,1548106.0,2015580.875,2074757.625,1599267.875,1889020.625,1847366.0,1789632.25,2476120.0,2158857.0,2158088.25,2347380.5,2273017.0,2633049.25,2993863.0,3031486.0,1863297.125,2011849.625
125,2128311.75,1930866.5,1871291.25,1801238.375,1736641.25,1730493.75,1820409.0,1743275.625,2003400.125,2007130.875,2481957.75,2344654.25,2250463.25,2335766.75,2064708.625,1953925.25,1961702.75,1841883.25,2027981.25,1744339.375,1808481.375,1666981.125,2036255.625,1774196.5,2022964.25,1878297.375,1853558.375,1515965.625,1916642.375,1954292.375,1881669.75,1722247.75,1771598.75,1819356.875,1688157.25,1566780.5,1876668.5,1829733.25,1981972.875,1839885.25,2159412.5,2340142.75,1687329.625,1521455.25,1437316.0,1348779.5,1573440.75,1775717.75,1633675.375,1559001.625,1684840.875,1656646.0,1638041.25,1580565.25,1858763.875,1892651.125,1951957.75,2251537.75,1721293.0,2050386.0,1602296.25,1650741.875,1879127.5,2030685.0,2170239.0,2147038.0,1907877.875,1865411.0,1600664.5,1614994.75,1978076.5,2184295.25,1870891.25,2191958.75,1584997.5,1247528.125,2221409.5,1894369.375,1827942.625,2023777.625,1328478.375,1400543.0,1489868.625,1515378.125,1571420.0,1630480.125,1864756.25,1707054.875,1456586.625,1365395.625,1695983.625,1612397.75,1465708.0,1380711.125,1489970.625,1480822.625,1600622.375,1765726.375,1686725.375,1620168.625,1129015.5,1152891.25,1580754.875,1460100.125,1756695.625,2027990.625,1621492.375,1810799.875,1713358.25,1638472.75,1475685.625,1359429.625,1796372.5,1810081.375,1577634.125,1505923.375,1815318.625,1494342.625,2127155.5,2213385.0,2039489.25,2102283.75,2121790.0,2366505.5,1827862.125,1932194.0,1918713.5,2257710.25,1998232.125,2321498.75,1951141.0,1965798.0,2018114.125,2485721.0,1678118.625,1690142.625,2107969.5,2121092.5,2145190.75,2306948.5,1715212.125,1698907.375,1880137.625,1977518.5,1794316.875,2001910.625,2143546.0,2058296.5,2242145.25,2299849.0,2388016.5,2242141.75,2108010.25,2179358.5,1877998.25,1875114.625,1610651.0,1616962.0,2007509.0,1994838.0,1853201.625,1882830.625,1850783.375,2096975.25,2057715.0,1940009.0,2038612.125,2077121.875,2175659.75,2112899.5,1888148.375,1977867.625,1840154.375,1969811.125,2164558.75,2164858.0,2081135.625,2152892.5,2139458.25,2316109.75,1819787.5,1919468.25,2210533.75,2318616.0,2098282.5,2171153.25,2076048.875,2295147.25,1780935.0,2000735.25,2097020.25,2294533.0,1924796.75,2227402.0,1949508.375,2150831.75,2208714.0,2518073.5,1780129.75,1868733.875,1743397.5,1779542.5,1342827.625,1448754.375,1492353.875,1767081.875,1914771.5,1910988.125,1964276.625,2122698.5,1655366.125,1772314.375,1547036.375,1561758.625,1710055.0,1754821.125,1816568.25,1817998.125,2163327.75,2031866.625,1537969.5,1545891.875,1661416.625,1908659.75,1513078.0,1539083.875,2699798.25,2683506.25,1543149.875,1546304.25,2003747.375,2061950.25,1593692.125,1883579.25,1844079.625,1784957.75,2459614.25,2139583.5,2154448.0,2341938.25,2266096.75,2626659.0,2984969.5,3020520.25,1855918.5,2006711.625
126,2127593.0,1928864.875,1872150.125,1791631.625,1734236.75,1723041.875,1825879.75,1741490.625,2006454.0,2012849.125,2479290.0,2342405.25,2244574.5,2325422.25,2060006.5,1949996.375,1951750.875,1838113.25,2023458.0,1738941.375,1805082.375,1662236.625,2032228.5,1759793.75,2016528.25,1871498.625,1853544.0,1500562.0,1913209.875,1957047.375,1880956.375,1717391.125,1773901.25,1827097.625,1685999.5,1569848.875,1883262.75,1832067.875,1984157.5,1843513.5,2155750.25,2345272.5,1694780.25,1520712.0,1440119.125,1351916.875,1571766.25,1780729.625,1640656.375,1567093.75,1686481.5,1657373.125,1643037.75,1583133.125,1865154.625,1891662.375,1962637.75,2255533.5,1732717.875,2055775.375,1605028.375,1651786.75,1880566.5,2029057.125,2174611.25,2149696.5,1913267.0,1867793.0,1602738.25,1621287.0,1983802.25,2195181.0,1877478.0,2192771.25,1593354.125,1259309.625,2224053.25,1896277.25,1839282.625,2025738.625,1323050.375,1401781.75,1487911.875,1521858.0,1566641.125,1628451.5,1868621.25,1715609.5,1449638.0,1372646.125,1681331.375,1600305.625,1464786.5,1380172.75,1483890.125,1481646.625,1590336.75,1754393.875,1683511.625,1615577.875,1131912.75,1159695.875,1583206.125,1460408.75,1757596.5,2032411.25,1618404.125,1807510.0,1720531.5,1644217.5,1467695.375,1362840.375,1801372.25,1818371.0,1576631.5,1506787.375,1818892.25,1495575.5,2130711.5,2217307.0,2033530.625,2104004.0,2122400.25,2369351.5,1834180.125,1931950.25,1923290.125,2259476.75,1999590.625,2319981.75,1956968.875,1971175.625,2022993.75,2480222.25,1676727.125,1685220.25,2100304.5,2112318.0,2153807.0,2306772.0,1711805.625,1695998.125,1873463.75,1971712.375,1793694.75,2005648.25,2141105.75,2057751.75,2248662.25,2303204.25,2387956.0,2237331.25,2102159.25,2172159.75,1886332.125,1877435.75,1618021.625,1615142.375,2017169.75,1996211.75,1863797.0,1892315.125,1857675.75,2101471.0,2070317.25,1943797.875,2047809.25,2077334.125,2193430.5,2127853.0,1894743.5,1980759.875,1846520.0,1974006.75,2155741.5,2155814.25,2085765.625,2156281.25,2143089.25,2316676.75,1817753.5,1910699.375,2213995.75,2322625.5,2099924.25,2173021.5,2078102.375,2296816.75,1781577.0,1994078.75,2095856.125,2298904.25,1912342.75,2219499.5,1954279.875,2163090.0,2212315.25,2520660.75,1774306.0,1862368.75,1735377.125,1775452.25,1334821.75,1429981.125,1485771.75,1757471.75,1911442.375,1906066.0,1965336.0,2113045.75,1654512.0,1764092.875,1546489.5,1563937.75,1714503.625,1756197.25,1820561.25,1822161.875,2168571.75,2041290.875,1533710.5,1546700.875,1666002.0,1918351.625,1510869.875,1541864.5,2714602.0,2693812.75,1543058.25,1547961.125,1991191.75,2053438.375,1588350.125,1880469.625,1842397.0,1784447.875,2458493.25,2129803.75,2153785.5,2347711.0,2266971.25,2631548.0,2993326.0,3032273.25,1850970.875,2004442.0
127,2124985.0,1921270.5,1867851.125,1781492.625,1723278.0,1711704.875,1819826.625,1726654.625,2002349.5,2009918.0,2481693.25,2344764.0,2240221.5,2321354.75,2055560.0,1948747.25,1952089.75,1836604.625,2020252.875,1734687.5,1800313.25,1657284.875,2024711.75,1752693.5,2008274.5,1863408.625,1853867.75,1495297.625,1920242.25,1960809.375,1883141.625,1717666.25,1780194.375,1840798.375,1685255.5,1571762.875,1892972.875,1837793.0,1988213.5,1850560.375,2156254.75,2345661.25,1701380.0,1521103.375,1442261.5,1353484.0,1567281.0,1779315.0,1644151.375,1570388.875,1693268.375,1658281.375,1643457.25,1582391.875,1863190.875,1887035.125,1962498.625,2251359.0,1733540.0,2052695.5,1606702.0,1650432.625,1887637.25,2030513.125,2173204.0,2147299.25,1917045.25,1868304.0,1610064.375,1624060.5,1988694.5,2202294.5,1884132.375,2200040.25,1600909.75,1267129.875,2239234.5,1901631.375,1847715.625,2034216.0,1324393.75,1405866.125,1489248.75,1528355.25,1564367.25,1626446.0,1877336.75,1725984.125,1448999.125,1381366.25,1674696.375,1586215.875,1464019.75,1378754.875,1482686.0,1485005.25,1581568.5,1747076.625,1685141.75,1611697.5,1132184.375,1162383.125,1586402.75,1462421.25,1757768.25,2031341.875,1619664.875,1806219.875,1724153.875,1643952.5,1462161.75,1357460.875,1801985.5,1822944.5,1573367.625,1504829.375,1824544.625,1492654.0,2135952.25,2221640.5,2033267.75,2106161.0,2124067.0,2369605.0,1835930.75,1927820.625,1917636.125,2255078.25,1998265.375,2315405.75,1962155.375,1971639.875,2022003.875,2472357.5,1675282.75,1676979.125,2096367.75,2109758.0,2156127.25,2303943.0,1713590.125,1694590.5,1872379.5,1969177.25,1792734.125,2006118.5,2135279.25,2053283.875,2251143.25,2304764.0,2389436.25,2234709.25,2100731.75,2171088.5,1886442.5,1876473.25,1621372.875,1612073.125,2015968.5,1994576.875,1864528.0,1893840.25,1864185.875,2107930.75,2083520.625,1948411.875,2060274.625,2082293.0,2211519.0,2135220.25,1902679.375,1982303.125,1854746.75,1974445.375,2155624.5,2153589.0,2092916.0,2160253.0,2146332.5,2322580.75,1814296.875,1904910.25,2216183.25,2324121.75,2100508.25,2174310.5,2081985.75,2293796.75,1782131.125,1990352.625,2096145.25,2298645.75,1901077.0,2212496.25,1958264.875,2169345.25,2216837.75,2521862.5,1774378.625,1858900.875,1733964.125,1770253.25,1327314.375,1416522.0,1481454.0,1751197.625,1905360.0,1900646.0,1966414.625,2107687.5,1661453.0,1767255.625,1547942.0,1567361.75,1719174.625,1759782.75,1822498.625,1825015.0,2171757.5,2049645.5,1530171.625,1546764.75,1669592.25,1927423.25,1506626.625,1545157.875,2720804.0,2703940.25,1543361.25,1546721.25,1988016.375,2049758.375,1585982.75,1882714.375,1843693.625,1787618.25,2463931.5,2130482.25,2154148.0,2350879.25,2266299.75,2633092.5,3000288.75,3039680.0,1850799.25,2004966.0
128,2123651.5,1918711.125,1864390.5,1782834.75,1712639.0,1708988.75,1817420.0,1720083.0,2003010.75,2004845.0,2483334.0,2345940.0,2238353.5,2314128.75,2051074.25,1949726.875,1961042.75,1838725.375,2017614.625,1727539.875,1796633.5,1657151.25,2024875.375,1755749.625,2009906.75,1869541.375,1849844.75,1494328.25,1925609.375,1964024.125,1884343.875,1721086.375,1777976.875,1844563.875,1683190.25,1571591.125,1897476.625,1840293.875,1984617.875,1852903.75,2156985.75,2344483.5,1703561.5,1522553.625,1443162.375,1352683.75,1552621.625,1758191.625,1642164.75,1565702.25,1691779.625,1660127.375,1636014.625,1578197.875,1857810.25,1886067.125,1957320.5,2247272.0,1729796.75,2053953.375,1603082.875,1648721.0,1889686.625,2030917.875,2172985.25,2148598.5,1918584.125,1869658.75,1619631.5,1625518.625,1987401.0,2205519.5,1881246.75,2198939.0,1600785.625,1267955.125,2243584.25,1895318.0,1848555.375,2031744.5,1325302.5,1405188.5,1489563.25,1528651.875,1564261.0,1625578.625,1881157.75,1725928.0,1453942.25,1380329.25,1677098.75,1580418.25,1465207.375,1378246.5,1479558.0,1476106.25,1583648.5,1747765.625,1689136.875,1610160.5,1134246.0,1158206.5,1588730.0,1464359.5,1759480.875,2031601.75,1622812.5,1806775.75,1720034.5,1637415.5,1458040.875,1349234.5,1800486.25,1831404.375,1574073.875,1500314.125,1828386.75,1499062.375,2143989.5,2234141.0,2034776.0,2101276.75,2125987.0,2366619.5,1835148.0,1935601.25,1916701.875,2261729.5,1998478.625,2317384.5,1958262.875,1972653.5,2023657.875,2474266.0,1680760.875,1678962.0,2103439.5,2116334.5,2157663.0,2306217.75,1717597.125,1699031.75,1875658.125,1973424.125,1791756.625,2004279.25,2141079.75,2059797.375,2252173.0,2308263.25,2395753.0,2243561.0,2105818.75,2176977.25,1878808.375,1872120.125,1616079.625,1607178.125,2014145.25,1991379.125,1861183.375,1895974.75,1863024.375,2106525.5,2081301.75,1947970.875,2061575.375,2083610.125,2212253.5,2129599.75,1900469.625,1981721.75,1856892.25,1975567.375,2163793.0,2160767.5,2092134.5,2157756.0,2149028.25,2324075.25,1821960.375,1915067.75,2214443.0,2321672.5,2100716.25,2176536.0,2082337.5,2292530.75,1779107.375,1986616.25,2099203.0,2300377.0,1899200.25,2213861.5,1961186.0,2172911.25,2221065.75,2528539.75,1772999.375,1860421.125,1733664.5,1769926.5,1317805.75,1406003.875,1477865.875,1748774.5,1903636.5,1901390.875,1968015.375,2116642.0,1661465.875,1770231.75,1546899.125,1566556.375,1719116.5,1758360.25,1822481.875,1827451.5,2167668.75,2044332.25,1529860.75,1548833.75,1666545.5,1923865.75,1505552.125,1546411.375,2712130.0,2696577.5,1543428.5,1546147.75,1990413.625,2049826.375,1586967.125,1887572.625,1843374.25,1790633.25,2461568.0,2135322.5,2152824.0,2352145.5,2264434.75,2631636.25,2995324.75,3029526.25,1852724.375,2007048.0
129,2122474.5,1920036.625,1864186.25,1782590.0,1705801.25,1705616.0,1823271.625,1716433.875,2007326.625,2000038.125,2483211.25,2345180.0,2239065.75,2307278.75,2047324.125,1946659.875,1963263.5,1838089.125,2014605.375,1723514.0,1793895.875,1658205.125,2029621.875,1751803.875,2015062.125,1871405.625,1843493.25,1485922.125,1920841.0,1962139.25,1880011.0,1719653.0,1772590.875,1842426.0,1682492.875,1575003.125,1896994.125,1841288.0,1981228.375,1856924.0,2160508.5,2353357.75,1705280.625,1526152.0,1443106.875,1353588.625,1543733.0,1740967.25,1643514.75,1564437.125,1688653.625,1663819.625,1628546.125,1576144.25,1853584.375,1883554.5,1953167.125,2242584.5,1728852.625,2057130.875,1598742.75,1650048.75,1886410.75,2030651.375,2173517.25,2150083.75,1915362.75,1869259.0,1629631.625,1633336.125,1984181.875,2203503.0,1876770.875,2196476.5,1595953.25,1262486.25,2243881.25,1893690.0,1842957.0,2027302.625,1325184.375,1404897.875,1492548.5,1532068.75,1563307.375,1626129.125,1873865.5,1721231.75,1454758.875,1372483.5,1678857.25,1587417.625,1473091.5,1386558.625,1472348.75,1471438.875,1590148.25,1754929.0,1691650.75,1614123.0,1136794.0,1158579.75,1592192.5,1467315.75,1754884.875,2029883.25,1623370.5,1809829.375,1720684.875,1631744.625,1455586.375,1351234.5,1798526.25,1830723.5,1581360.375,1507636.625,1831224.75,1513338.625,2146072.25,2242761.0,2036097.875,2098391.5,2124555.75,2366709.75,1838603.625,1944007.875,1925296.875,2271175.25,2000774.625,2320112.75,1953150.125,1975673.0,2029842.75,2479897.5,1682375.375,1685412.125,2113870.25,2121123.5,2157849.75,2304160.25,1722626.875,1703516.5,1879454.5,1978384.5,1789959.5,2002572.0,2149947.5,2068219.875,2251749.25,2307683.75,2399665.25,2251471.0,2110511.25,2180497.0,1870816.25,1867503.5,1607230.5,1603287.5,2013773.25,1987435.75,1862538.625,1897086.375,1859843.75,2102950.5,2077152.625,1947590.0,2060251.25,2085492.375,2208323.5,2121864.0,1897760.0,1981330.75,1858234.0,1980800.5,2170027.25,2166666.25,2087765.875,2156492.75,2154054.75,2323414.75,1829983.125,1922720.375,2214232.75,2317481.0,2103516.25,2178726.75,2085576.5,2301090.5,1772074.0,1979602.375,2097487.0,2298272.5,1895037.5,2212986.75,1955534.25,2167344.5,2216243.0,2529013.5,1761777.625,1855189.375,1726143.875,1770146.125,1304119.125,1394200.625,1472700.125,1745041.125,1900073.5,1901218.125,1966899.75,2124223.5,1665339.75,1773508.625,1547489.125,1567849.25,1719378.875,1758537.875,1822097.25,1828016.375,2169898.5,2042361.125,1531465.375,1550158.5,1666367.625,1920097.5,1509665.375,1548554.125,2712147.25,2693034.5,1545417.25,1549285.375,1994101.625,2054337.75,1588605.25,1888074.25,1839833.625,1789478.875,2459306.75,2140936.0,2150033.0,2352340.5,2262763.25,2631712.5,2987929.75,3023792.75,1852489.25,2007157.125
130,2125724.0,1923503.5,1866684.625,1784072.25,1705450.625,1705046.125,1827156.75,1719501.75,2008131.25,2002932.875,2488378.5,2348661.5,2240261.0,2318674.0,2048951.25,1945608.25,1960955.0,1839147.625,2011231.375,1731243.625,1789161.375,1653432.25,2025626.875,1748938.5,2013159.875,1865454.125,1830907.625,1482253.625,1916802.125,1957953.625,1870344.125,1715958.875,1771038.125,1842493.125,1683494.375,1578089.375,1893677.25,1843906.0,1985894.125,1863750.375,2163181.25,2360306.0,1703337.5,1528267.75,1442816.625,1355982.625,1553602.125,1746790.875,1646423.75,1570510.5,1692636.875,1664238.875,1627486.125,1579592.75,1853575.25,1883061.875,1952694.875,2242546.25,1734683.875,2058593.875,1596237.0,1651313.0,1885973.25,2035219.375,2174685.5,2148006.5,1912865.625,1868781.25,1631963.625,1646870.375,1985316.125,2192183.0,1875362.75,2200876.75,1593211.25,1253583.75,2249796.75,1902759.375,1837863.5,2031911.375,1330821.75,1409724.0,1503467.375,1539194.75,1563363.5,1625811.0,1870291.875,1721626.625,1454632.0,1373016.125,1682255.25,1598028.625,1481469.0,1401686.875,1475483.0,1489358.25,1589255.125,1763890.375,1691234.125,1621636.0,1131510.125,1165345.875,1593643.5,1469862.75,1744641.875,2020001.125,1621203.375,1814314.75,1728486.5,1630998.75,1465240.75,1366116.875,1793004.125,1812405.5,1591402.125,1524086.0,1844794.25,1527417.75,2140643.25,2231165.25,2043636.5,2104765.5,2120999.75,2367963.25,1844361.25,1937903.375,1924625.25,2260381.25,2000391.125,2317858.75,1959298.75,1978400.75,2028501.875,2479583.5,1668115.75,1676389.125,2111379.0,2117961.5,2148320.25,2296503.5,1724805.125,1704064.25,1877323.375,1978507.5,1789633.875,2000745.5,2143416.5,2061529.5,2249688.5,2304372.75,2390555.25,2240258.5,2106231.5,2175804.0,1868646.75,1869421.25,1602441.0,1604093.625,2008825.25,1989109.375,1866065.625,1895969.125,1859876.0,2103748.5,2079765.0,1948078.0,2062400.25,2090496.75,2204084.25,2117651.0,1898941.375,1978886.25,1859095.625,1980865.0,2164786.0,2162460.75,2085190.375,2159297.5,2153691.5,2324878.25,1818474.625,1912500.125,2217448.5,2315483.0,2106721.25,2178881.25,2087885.25,2305945.0,1770511.0,1979633.375,2094262.875,2288736.25,1891650.625,2208263.25,1947765.125,2151891.0,2208823.75,2512850.25,1755744.875,1842045.0,1719886.5,1764636.25,1302954.625,1395957.0,1472948.625,1743993.875,1897744.75,1893329.5,1961793.5,2112102.5,1675918.125,1783470.875,1548672.875,1572801.75,1716496.125,1759320.0,1820293.125,1824054.875,2174949.25,2048586.5,1533645.25,1549451.375,1669286.5,1922428.625,1512098.375,1550664.0,2713095.0,2699286.25,1547884.125,1551860.5,1999370.25,2060818.125,1589349.0,1883696.625,1838503.125,1786298.25,2464602.25,2145241.75,2149760.5,2348099.25,2260522.0,2632473.25,2986985.5,3029258.0,1850404.375,2005491.25
131,2133605.25,1930626.875,1872431.75,1790946.0,1718269.875,1714630.0,1831953.25,1735905.125,2010263.125,2015006.25,2492797.5,2351535.75,2241244.5,2330667.5,2054885.75,1946630.0,1960658.75,1839904.25,2012911.375,1737683.375,1788480.125,1646652.625,2023219.875,1750094.375,2013161.875,1864951.0,1823378.625,1486896.75,1917451.0,1955532.375,1866756.75,1712339.75,1773402.25,1841299.5,1683805.625,1574144.5,1891714.0,1842782.25,1989659.625,1865532.625,2161371.5,2358174.0,1697180.625,1524947.875,1442922.5,1355426.0,1562649.875,1761187.375,1643537.0,1573979.625,1693032.625,1660388.5,1633895.375,1582750.375,1860147.75,1891752.125,1959461.625,2250954.0,1743194.25,2060828.25,1595715.625,1648423.5,1888637.375,2036893.875,2176269.0,2148240.25,1914460.875,1870693.625,1630738.25,1651275.125,1989186.125,2183039.5,1873608.375,2199956.75,1597866.875,1252501.625,2249538.5,1904991.0,1840979.625,2032766.0,1335476.375,1413952.625,1508577.875,1544490.375,1566438.0,1628919.625,1880764.125,1725478.5,1455116.625,1384132.125,1682529.125,1598257.25,1479001.0,1408623.125,1487030.875,1507709.0,1584687.875,1763287.25,1685720.875,1624724.125,1125614.0,1171119.875,1589701.625,1470382.875,1742096.25,2016348.0,1619827.875,1815981.625,1732813.5,1634962.375,1472173.125,1374039.25,1790539.5,1807036.5,1594038.5,1526212.5,1862861.25,1532049.125,2139074.5,2219290.5,2051659.25,2109430.5,2121423.25,2369185.25,1844318.625,1929560.75,1907841.375,2240988.5,1999960.625,2317511.25,1966809.875,1977252.375,2024045.125,2477584.0,1654853.375,1663218.5,2098955.0,2110342.25,2142326.75,2296454.5,1720102.0,1698905.0,1868793.75,1974861.25,1791815.25,1999016.25,2124180.75,2044663.5,2246386.75,2302959.0,2374137.25,2220081.5,2093967.875,2165998.5,1875179.875,1874444.125,1605010.0,1606486.5,2009139.875,1995076.375,1868717.625,1896032.5,1860370.375,2103066.5,2079620.375,1943913.25,2061509.0,2087777.5,2199667.5,2115725.0,1898240.875,1975105.25,1856776.25,1975023.75,2150265.75,2150548.5,2083429.125,2158844.25,2148791.0,2322451.25,1797801.125,1898225.375,2218661.5,2318287.75,2106756.0,2178009.75,2083759.75,2304179.25,1776544.125,1989163.125,2096664.125,2285257.75,1901536.375,2213165.5,1946107.125,2145960.25,2206391.75,2496443.0,1764519.0,1839187.875,1723383.875,1763535.75,1319232.625,1414276.625,1480293.0,1751501.75,1906497.125,1888142.625,1958394.5,2094638.5,1672861.375,1788343.0,1548585.125,1572685.0,1713786.5,1760356.125,1819825.375,1822594.75,2171274.5,2048364.375,1535183.75,1549266.625,1667750.5,1921591.25,1512159.875,1549618.0,2704959.5,2697204.75,1548975.125,1552530.5,1999435.125,2062456.375,1589652.25,1879714.75,1840647.625,1786419.75,2466043.75,2145345.5,2150175.75,2344504.75,2258000.25,2630913.5,2984639.75,3028385.0,1848991.625,2003848.375
132,2137572.75,1936056.75,1877707.75,1790708.375,1727585.25,1716319.125,1838382.25,1749449.375,2015468.0,2024278.75,2491357.0,2350599.25,2238001.75,2321541.0,2056995.25,1943288.75,1960381.5,1835788.0,2013359.125,1731406.125,1788979.25,1643183.25,2027918.625,1744054.5,2021980.375,1866738.125,1822296.0,1482938.5,1917573.625,1954243.875,1871367.25,1707892.625,1777889.5,1840244.125,1686629.25,1569436.875,1896151.5,1836804.25,1991934.75,1864537.0,2156404.75,2352474.5,1696298.75,1521443.625,1442819.875,1353335.5,1555211.375,1761609.125,1639588.75,1570659.125,1688312.25,1657179.0,1639613.75,1581485.875,1866000.875,1901735.125,1964682.75,2256457.75,1744909.125,2062300.75,1597565.75,1645901.25,1890499.0,2033333.5,2175193.5,2148880.0,1913742.5,1871423.125,1637803.25,1646346.625,1990597.0,2185898.75,1873415.5,2193807.25,1604465.875,1260368.875,2247840.0,1905122.5,1849890.375,2029841.125,1336452.75,1413575.0,1505721.75,1548210.875,1569001.0,1632614.75,1889432.125,1727990.75,1453377.125,1388098.25,1678019.375,1592451.375,1475971.75,1407745.75,1490260.25,1505726.75,1586894.25,1755144.875,1684034.25,1621916.5,1129540.625,1172608.625,1588407.5,1469496.25,1747651.625,2021481.5,1621290.5,1814910.5,1732721.5,1636332.5,1468206.0,1365044.125,1795871.5,1819259.75,1589279.25,1519448.125,1861823.625,1526575.25,2138612.0,2224810.0,2050797.125,2108019.25,2126274.0,2372250.25,1842032.0,1938169.625,1897732.125,2238439.0,2005681.0,2325943.0,1967391.125,1975823.125,2030395.75,2483314.25,1658338.0,1663691.0,2096635.375,2107135.25,2149292.25,2304870.25,1715790.875,1695732.375,1864445.625,1971460.125,1794256.75,2000765.75,2112502.0,2034725.875,2243192.75,2300042.75,2366135.75,2215538.75,2086703.5,2160259.5,1880825.5,1875094.75,1609162.25,1605807.5,2015754.75,1996754.125,1869715.25,1895737.125,1858625.875,2100050.75,2075799.125,1938683.875,2058406.5,2078716.625,2201902.5,2114401.25,1895859.25,1974667.25,1855861.125,1970935.625,2143652.25,2144907.0,2084095.625,2155164.25,2148869.5,2319332.5,1792934.875,1897147.25,2217132.0,2324065.25,2104451.25,2176847.25,2079897.375,2302123.75,1779151.0,1993748.875,2096100.625,2288159.5,1908635.875,2220412.5,1942355.125,2149555.5,2199270.25,2494145.0,1772219.0,1848186.625,1729138.0,1768131.25,1327562.25,1422209.625,1484682.375,1756144.625,1909806.625,1889742.875,1959940.25,2092418.5,1658193.75,1779952.625,1549435.625,1565704.375,1717046.75,1762408.75,1821839.375,1825524.5,2166652.0,2044356.0,1534214.375,1551584.625,1664875.125,1918202.5,1512956.0,1550702.5,2702111.0,2691559.75,1549101.875,1553635.0,1993361.875,2059937.75,1588430.625,1877328.625,1841515.625,1787417.75,2460842.5,2141848.5,2148472.75,2347798.25,2257737.5,2628409.25,2980029.75,3022479.0,1847766.375,2003500.875
133,2134284.25,1932808.875,1875248.375,1784089.375,1709766.625,1701901.0,1840376.25,1745998.5,2017726.875,2024227.0,2494549.0,2353647.25,2226732.75,2304397.5,2050792.25,1940961.125,1956488.875,1834419.75,2003767.875,1719733.25,1779956.875,1641166.5,2026935.875,1737327.0,2026274.75,1866189.625,1811172.125,1461589.75,1916699.25,1954430.875,1873735.875,1706059.0,1773977.875,1840197.875,1690107.875,1569360.5,1902175.75,1833733.5,1994152.875,1863429.25,2149275.75,2349071.0,1702504.125,1523060.25,1442769.5,1355563.625,1538964.375,1743272.875,1643675.375,1571526.0,1688248.875,1656210.5,1634848.875,1578141.125,1863653.375,1901131.875,1958899.125,2253141.25,1744434.0,2069504.875,1599012.125,1648796.5,1889652.25,2029959.0,2174135.0,2145579.5,1910689.625,1871483.75,1646288.125,1648682.625,1989912.125,2193396.0,1876290.25,2196503.25,1599739.0,1262658.25,2257009.0,1909992.25,1858515.625,2031184.5,1340076.0,1409220.375,1509594.375,1550676.875,1562720.0,1623548.25,1884566.0,1727883.75,1450557.0,1374916.5,1679797.625,1588863.375,1483209.125,1413614.25,1482236.125,1490435.125,1591445.75,1751771.5,1695060.375,1617966.125,1135609.25,1171264.25,1595028.875,1468855.375,1751364.875,2021479.125,1623350.625,1815715.75,1735218.25,1632805.75,1469663.375,1358142.75,1800881.5,1822764.875,1592766.125,1525796.375,1854259.75,1531222.125,2138527.5,2234821.0,2045567.0,2105811.5,2126820.25,2370999.5,1850225.625,1956322.5,1908959.75,2250419.0,2011893.75,2332791.0,1970771.625,1984587.875,2043236.625,2490533.5,1665893.5,1664748.25,2106839.25,2110652.0,2153550.25,2306437.25,1718215.375,1701678.25,1866510.5,1967820.625,1794816.5,2005047.25,2119990.0,2041272.375,2244586.5,2297473.25,2370244.75,2226433.75,2090103.625,2160498.25,1876857.5,1872014.875,1608647.5,1604006.0,2015180.375,1992763.875,1871174.75,1899340.625,1860039.75,2102635.25,2077497.375,1939075.375,2059979.5,2078402.25,2210363.0,2115077.0,1896612.125,1979838.25,1859763.125,1972932.25,2148414.75,2147921.25,2084988.625,2154241.25,2154414.25,2323386.75,1803263.0,1902979.0,2215496.5,2327056.75,2100928.25,2173778.5,2080441.625,2296695.75,1774678.5,1986531.0,2091212.375,2287223.75,1899015.75,2215747.75,1937522.0,2150233.75,2188351.75,2498602.5,1766371.375,1849564.875,1726777.875,1762719.25,1310198.5,1399745.25,1477095.25,1745089.875,1892741.75,1884078.25,1962049.375,2096764.0,1655727.25,1773669.75,1550189.5,1560539.375,1719693.875,1759089.25,1826684.25,1828734.875,2171692.75,2048273.875,1533070.625,1556007.625,1666574.0,1920637.25,1513113.375,1556756.875,2713358.5,2699062.0,1549555.875,1554441.875,1992176.875,2062390.375,1586379.25,1878751.75,1840425.0,1787614.125,2463540.25,2142088.0,2151353.0,2357341.5,2265957.0,2635335.0,2990889.25,3031291.25,1846986.75,2007961.0
134,2129335.0,1926174.875,1869304.25,1783695.875,1694258.625,1696024.125,1835098.25,1734931.25,2012993.625,2016695.25,2497712.75,2356268.5,2222647.75,2303534.0,2046903.25,1944444.125,1954738.0,1837941.875,2001044.75,1718212.5,1777376.25,1643995.25,2023566.875,1743219.0,2022122.5,1867539.625,1808944.0,1455406.875,1917029.625,1956293.5,1874171.625,1710519.125,1766956.125,1836850.125,1688771.875,1570145.625,1899754.0,1835330.5,1990902.5,1858806.375,2148030.0,2350171.25,1704945.75,1525631.0,1442978.625,1358016.75,1537148.875,1736597.125,1647982.0,1574951.375,1690661.625,1657066.375,1628609.125,1576560.0,1858481.625,1893242.25,1951670.75,2247936.5,1744927.375,2073410.25,1599729.75,1651753.5,1887083.625,2029079.625,2174547.0,2143293.0,1909893.125,1871023.125,1640577.25,1649738.0,1987841.75,2194986.75,1877494.625,2201543.75,1590028.25,1256690.25,2259147.0,1908199.5,1856357.5,2031019.5,1340016.875,1404835.625,1511284.625,1545434.0,1555950.375,1614052.25,1875709.25,1724199.375,1449967.0,1363706.75,1686163.125,1589636.625,1485115.5,1413376.25,1477276.125,1479502.0,1591270.25,1753808.375,1702101.25,1616840.375,1135647.875,1168017.25,1597648.875,1468264.375,1751594.875,2019928.75,1623751.5,1816505.5,1735300.5,1633158.75,1474222.625,1360604.125,1800821.5,1818874.25,1598137.125,1530962.625,1851720.0,1535423.125,2141136.5,2235408.5,2042049.625,2104076.75,2122661.75,2366111.0,1856353.875,1959701.875,1921987.875,2258809.75,2009155.125,2328379.5,1972591.375,1990245.625,2043969.625,2489711.5,1667882.75,1664965.75,2113617.75,2115876.75,2150029.5,2301659.25,1721721.75,1705705.0,1870578.75,1966763.875,1793412.0,2005658.75,2133436.0,2052627.625,2247319.5,2299031.5,2379065.25,2235869.75,2097476.75,2164671.0,1871883.875,1870005.375,1607359.125,1605606.5,2009272.0,1989586.5,1870657.25,1901592.375,1862601.875,2106043.75,2080142.875,1942770.875,2061638.75,2084005.75,2211432.25,2117662.0,1898670.875,1983957.125,1861064.625,1976637.125,2155553.5,2153329.25,2084821.25,2156142.75,2155476.75,2326767.0,1811935.125,1906113.25,2214394.5,2324547.75,2098987.25,2171585.25,2082454.0,2294063.75,1771353.75,1981127.5,2089952.375,2285410.0,1892387.25,2209719.25,1939496.375,2149806.5,2189293.0,2504047.75,1760527.625,1846846.5,1724174.875,1757140.125,1297134.25,1385261.25,1470262.25,1737649.75,1882494.625,1880408.375,1961974.875,2101395.5,1664456.625,1776638.25,1549687.875,1562010.625,1718800.375,1755692.125,1829194.5,1829115.25,2176946.75,2052065.5,1534479.25,1556496.75,1668900.0,1923812.625,1512763.125,1557523.5,2722330.25,2707243.25,1549588.625,1553238.75,1998703.875,2068079.875,1588087.125,1884159.25,1841540.0,1788952.125,2472220.5,2147247.75,2157311.75,2361685.25,2274304.5,2643990.25,3005300.75,3043459.0,1850074.875,2013372.875
135,2128160.75,1925151.625,1870353.5,1790012.5,1722182.25,1716318.75,1822947.0,1726200.25,2002296.25,2003143.625,2487075.25,2349993.5,2242915.5,2326362.75,2058117.25,1950041.5,1962972.25,1839106.75,2023865.375,1734921.125,1802621.5,1660411.25,2032678.0,1759405.25,2020131.875,1870729.125,1851054.25,1497575.625,1919515.0,1958173.75,1881701.25,1721625.25,1775210.0,1834625.125,1684760.375,1571773.875,1889045.25,1837813.75,1984588.375,1851459.625,2161452.25,2349564.75,1699344.5,1523593.75,1441667.875,1352334.625,1561704.0,1765360.0,1640662.375,1566170.375,1689095.25,1660186.5,1634917.875,1579232.0,1856240.375,1887920.75,1952948.875,2244997.0,1731038.75,2052954.5,1603665.0,1649232.625,1885928.75,2032143.25,2169868.0,2145491.0,1909083.25,1865730.5,1616411.125,1628863.25,1982468.875,2191805.25,1874668.5,2193323.25,1592113.75,1254249.5,2236561.5,1894363.875,1837458.25,2022465.625,1327637.5,1404682.5,1492014.75,1526763.625,1565831.75,1627755.5,1871107.125,1717860.5,1452789.75,1372654.25,1684347.875,1594784.0,1468041.0,1382913.375,1484074.625,1478777.375,1590077.75,1754141.5,1688567.0,1617363.625,1133626.0,1161105.625,1587288.75,1464528.875,1751372.5,2028127.875,1623044.75,1810906.125,1723096.25,1640534.75,1464127.125,1356458.375,1799726.625,1824014.5,1581540.375,1508577.0,1829200.75,1504442.75,2136078.5,2227006.0,2037794.5,2101299.25,2122909.75,2366911.0,1836495.875,1937518.75,1916139.5,2256366.0,1998639.625,2317720.25,1956634.0,1970725.375,2025788.25,2481916.5,1673075.375,1683553.25,2110931.5,2119242.75,2150259.75,2303149.5,1720142.625,1696593.5,1877553.875,1974011.375,1791024.625,2001126.5,2137079.0,2053160.25,2244631.0,2299707.75,2386616.25,2237840.25,2104994.5,2173605.75,1875414.0,1871461.375,1610822.75,1610639.75,2008546.125,1990281.25,1860291.625,1887389.25,1857921.0,2100214.25,2074791.375,1946522.875,2055720.5,2083404.125,2197470.5,2119705.0,1897323.25,1980131.375,1853504.375,1977041.875,2164854.5,2161852.75,2089109.125,2158887.5,2148867.5,2322892.25,1815495.5,1909808.0,2215377.5,2321571.25,2102251.25,2175700.75,2084719.375,2302958.5,1772403.625,1987926.125,2088414.875,2288374.25,1901775.25,2212672.75,1943603.75,2152232.0,2201841.75,2512064.0,1769484.375,1857655.5,1735029.5,1773989.5,1321004.875,1420476.25,1480295.75,1756289.125,1900330.625,1900241.375,1961298.5,2114781.0,1664990.5,1770649.625,1549696.375,1566996.875,1720103.75,1760512.875,1822359.375,1825232.0,2171519.0,2045731.75,1536333.625,1548653.375,1666918.625,1921305.375,1512943.625,1546008.5,2717122.75,2699110.0,1547145.5,1550965.25,2005340.0,2068158.375,1595034.875,1888255.875,1845793.75,1789691.375,2471775.0,2149976.25,2156478.75,2352629.75,2269678.0,2637111.0,2996983.5,3035821.0,1858196.875,2012190.75
