time,ROI_001,ROI_002,ROI_003,ROI_004,ROI_005,ROI_006,ROI_007,ROI_008,ROI_009,ROI_010,ROI_011,ROI_012,ROI_013,ROI_014,ROI_015,ROI_016,ROI_017,ROI_018,ROI_019,ROI_020,ROI_021,ROI_022,ROI_023,ROI_024,ROI_025,ROI_026,ROI_027,ROI_028,ROI_029,ROI_030,ROI_031,ROI_032,ROI_033,ROI_034,ROI_035,ROI_036,ROI_037,ROI_038,ROI_039,ROI_040,ROI_041,ROI_042,ROI_043,ROI_044,ROI_045,ROI_046,ROI_047,ROI_048,ROI_049,ROI_050,ROI_051,ROI_052,ROI_053,ROI_054,ROI_055,ROI_056,ROI_057,ROI_058,ROI_059,ROI_060,ROI_061,ROI_062,ROI_063,ROI_064,ROI_065,ROI_066,ROI_067,ROI_068,ROI_069,ROI_070,ROI_071,ROI_072,ROI_073,ROI_074,ROI_075,ROI_076,ROI_077,ROI_078,ROI_079,ROI_080,ROI_081,ROI_082,ROI_083,ROI_084,ROI_085,ROI_086,ROI_087,ROI_088,ROI_089,ROI_090,ROI_091,ROI_092,ROI_093,ROI_094,ROI_095,ROI_096,ROI_097,ROI_098,ROI_099,ROI_100,ROI_101,ROI_102,ROI_103,ROI_104,ROI_105,ROI_106,ROI_107,ROI_108,ROI_109,ROI_110,ROI_111,ROI_112,ROI_113,ROI_114,ROI_115,ROI_116,ROI_117,ROI_118,ROI_119,ROI_120,ROI_121,ROI_122,ROI_123,ROI_124,ROI_125,ROI_126,ROI_127,ROI_128,ROI_129,ROI_130,ROI_131,ROI_132,ROI_133,ROI_134,ROI_135,ROI_136,ROI_137,ROI_138,ROI_139,ROI_140,ROI_141,ROI_142,ROI_143,ROI_144,ROI_145,ROI_146,ROI_147,ROI_148,ROI_149,ROI_150,ROI_151,ROI_152,ROI_153,ROI_154,ROI_155,ROI_156,ROI_157,ROI_158,ROI_159,ROI_160,ROI_161,ROI_162,ROI_163,ROI_164,ROI_165,ROI_166,ROI_167,ROI_168,ROI_169,ROI_170,ROI_171,ROI_172,ROI_173,ROI_174,ROI_175,ROI_176,ROI_177,ROI_178,ROI_179,ROI_180,ROI_181,ROI_182,ROI_183,ROI_184,ROI_185,ROI_186,ROI_187,ROI_188,ROI_189,ROI_190,ROI_191,ROI_192,ROI_193,ROI_194,ROI_195,ROI_196,ROI_197,ROI_198,ROI_199,ROI_200,ROI_201,ROI_202,ROI_203,ROI_204,ROI_205,ROI_206,ROI_207,ROI_208,ROI_209,ROI_210,ROI_211,ROI_212,ROI_213,ROI_214,ROI_215,ROI_216,ROI_217,ROI_218,ROI_219,ROI_220,ROI_221,ROI_222,ROI_223,ROI_224,ROI_225,ROI_226,ROI_227,ROI_228,ROI_229,ROI_230,ROI_231,ROI_232,ROI_233,ROI_234,ROI_235,ROI_236,ROI_237,ROI_238,ROI_239,ROI_240,ROI_241,ROI_242,ROI_243,ROI_244,ROI_245,ROI_246
1,1515028.5,1403175.625,1411364.375,1421906.125,1221719.0,1228104.5,1474387.25,1328469.125,1462767.375,1403970.25,1560935.0,1485955.625,1425766.75,1380522.25,1502972.125,1529797.625,1419986.625,1373949.25,1355034.875,1352805.125,1359486.375,1349595.125,1500960.5,1309941.625,1434159.0,1339093.125,1148278.25,1190004.0,1538074.25,1579435.625,1393092.625,1418618.75,1311353.875,1264702.25,1189383.25,1159840.375,1407148.875,1484091.75,1391577.75,1466263.0,1561975.625,1545539.0,1096887.125,1086347.875,1059658.25,1025023.875,1124624.875,1104388.125,1177207.25,1112330.0,1224691.625,1300393.125,1212288.5,1309071.125,1371930.625,1417373.625,1338348.5,1286629.625,1135340.5,1290903.375,1325926.5,1332605.5,1511380.75,1437843.5,1330902.5,1384617.25,1408002.125,1331757.5,1063299.375,1106751.125,1460624.75,1570074.0,1466053.25,1489471.625,1147625.75,1049767.0,1473169.125,1406019.625,1297536.875,1530105.5,982992.9375,1066957.25,1082718.875,1117646.375,1110738.125,1251568.5,1368480.875,1370156.875,1086832.375,979490.625,1344029.25,1243588.0,1029283.1875,970063.9375,1167817.25,1016131.375,1238234.625,1348269.25,1303298.25,1224830.5,825754.625,888890.8125,1108349.375,1024951.6875,1367317.125,1374560.875,1320747.625,1315877.0,1102310.75,1074620.375,1082640.625,1123553.375,1268641.0,1247163.0,1099341.875,1071116.75,1189992.0,974565.125,1302020.25,1283969.625,1643324.75,1599890.875,1605926.5,1643370.5,1267268.125,1381452.0,1456418.875,1493224.25,1508583.5,1466749.5,1416783.375,1361699.625,1453718.625,1534506.125,1304661.75,1330622.375,1448689.875,1427586.0,1425078.375,1548880.0,1202084.0,1358996.25,1393461.375,1463633.0,1464420.625,1498681.375,1615111.625,1541244.625,1543077.5,1536988.0,1553659.625,1537556.25,1530372.125,1575361.75,1315778.25,1373436.75,1262560.25,1355796.625,1347790.125,1428378.125,1361255.375,1378491.25,1392853.5,1452782.375,1505883.75,1473779.625,1486932.375,1505722.375,1558406.25,1624861.875,1391738.75,1431894.5,1389998.0,1401541.875,1542194.375,1560225.375,1632517.125,1567297.5,1541388.0,1568682.625,1275839.625,1345571.625,1697531.875,1684338.625,1545287.0,1591715.125,1583053.75,1561483.25,1210466.25,1198836.0,1597517.5,1541967.25,1260352.375,1506775.875,1470463.375,1455654.375,1557593.875,1569244.125,1345327.625,1294698.125,1315035.75,1338828.25,1007805.4375,1099802.125,871666.0625,912360.4375,1391601.625,1379434.125,1575205.5,1527497.75,938672.6875,893145.625,1060196.875,1048256.125,1032885.3125,991822.375,1263320.75,1316922.0,1582632.375,1442642.5,1247530.625,1265103.625,1243743.625,1370668.5,1211919.125,1251269.625,1554472.375,1550894.625,1275330.0,1298931.75,1656527.75,1683323.25,1323702.75,1342065.375,1434210.25,1439984.5,1745888.375,1504803.875,1596184.625,1620396.25,1491474.25,1675645.75,1758537.125,1815319.0,1430849.125,1635165.375
2,1514539.625,1398574.375,1408476.75,1423254.375,1225340.25,1230743.75,1477180.375,1329821.25,1471981.75,1406804.5,1562432.5,1488187.625,1425184.875,1381082.25,1505996.5,1532824.625,1416734.375,1373453.875,1359646.25,1354835.875,1358940.75,1346826.5,1497996.5,1309486.375,1435893.125,1339721.25,1155294.25,1189581.875,1538681.25,1583437.625,1388670.375,1416708.875,1308810.125,1264175.0,1186124.625,1158011.75,1402972.25,1483208.625,1389986.75,1472256.0,1560497.5,1546216.875,1094828.75,1082824.375,1055795.875,1022331.625,1130527.25,1107614.75,1177129.625,1113990.625,1222931.625,1298447.875,1211528.25,1303618.375,1369442.375,1421480.0,1341694.5,1288426.875,1143009.875,1287231.375,1327444.5,1326510.625,1509258.5,1437291.0,1332645.375,1386338.125,1414112.125,1334023.5,1050895.125,1093919.125,1459196.375,1571995.125,1466982.75,1484257.75,1145781.25,1049872.375,1475426.0,1405717.5,1298796.875,1532898.625,987553.6875,1068017.0,1080286.5,1113794.625,1108330.125,1250729.25,1370957.125,1370041.875,1085770.75,973175.1875,1342543.0,1245877.125,1031026.6875,971588.3125,1166302.625,1018295.0625,1236972.625,1350403.625,1302951.25,1224757.375,820353.625,889904.5,1110710.0,1020286.875,1367822.5,1374751.875,1321986.375,1315695.5,1103838.25,1064304.875,1081922.0,1120298.25,1274521.5,1250469.125,1100783.125,1065509.75,1186077.375,969291.8125,1309393.125,1290161.875,1646545.25,1604791.5,1605686.5,1647476.125,1265014.125,1383587.625,1455267.5,1496762.875,1511368.5,1468663.5,1415464.0,1364768.375,1454432.0,1537377.375,1300659.5,1325194.25,1449426.75,1427368.875,1426798.5,1552984.0,1200575.5,1359884.25,1391016.75,1462393.0,1462754.125,1503624.875,1613058.875,1540361.25,1542613.125,1539111.0,1556015.75,1538293.375,1530822.5,1575028.75,1316833.75,1376895.125,1262287.25,1344666.75,1351295.875,1434174.25,1360635.75,1380305.5,1392182.25,1456902.75,1506673.125,1481777.625,1491371.0,1509569.5,1561613.875,1630821.375,1398734.125,1430740.25,1396377.0,1405366.875,1539444.875,1558425.625,1633302.5,1567188.875,1541532.25,1571732.125,1279323.125,1349006.5,1698488.75,1685095.125,1549839.625,1597818.25,1580152.25,1560192.0,1209910.75,1198128.5,1595281.25,1541836.875,1256286.875,1507795.75,1472043.125,1454409.0,1557542.625,1569767.625,1342346.25,1291026.375,1312836.25,1338988.75,1002258.25,1098431.375,870032.0,912832.9375,1389433.0,1378621.125,1574407.875,1526538.25,934055.5,894758.5,1052237.125,1045980.75,1030444.25,990108.125,1266737.625,1318515.875,1589975.125,1444979.0,1248200.25,1267024.0,1244897.875,1371755.375,1216591.125,1259114.875,1553702.5,1553284.5,1275685.875,1300962.125,1657814.875,1690035.875,1319060.375,1338901.875,1429837.125,1437774.75,1747602.25,1506379.125,1595078.625,1621877.875,1493563.125,1680245.5,1757717.5,1818037.25,1424675.625,1636911.625
3,1514427.875,1400040.25,1409358.75,1426184.875,1229009.75,1234363.75,1475771.5,1333860.25,1471583.875,1406913.25,1561573.875,1487917.75,1426137.875,1381708.25,1509761.375,1536366.375,1417106.25,1372751.75,1365324.625,1360157.125,1361539.0,1348754.5,1501634.125,1312238.125,1437669.5,1342894.25,1161776.375,1192433.375,1539215.5,1585116.75,1389761.125,1418775.125,1307932.5,1265264.25,1185246.125,1156361.125,1400015.0,1481411.625,1388981.375,1473696.375,1559480.375,1545886.625,1091577.0,1079915.25,1053860.5,1020952.5625,1133193.625,1111072.25,1175105.0,1112588.0,1220225.125,1295764.625,1211761.5,1303610.5,1369238.375,1426314.0,1345058.0,1289575.75,1144517.125,1287447.875,1325624.25,1323084.375,1507848.5,1437557.75,1333141.125,1386492.75,1412682.5,1333728.5,1044087.125,1087926.75,1458584.875,1573222.125,1466172.0,1481978.375,1146034.0,1049641.75,1473905.625,1403673.75,1299664.875,1533419.0,990342.9375,1068775.25,1076430.375,1110435.75,1110998.75,1254523.75,1373122.125,1369817.5,1081690.125,973238.1875,1341313.625,1247281.0,1028901.25,970481.625,1165626.625,1019733.9375,1240010.5,1356266.375,1303177.875,1226963.25,816741.375,888761.0,1107840.875,1016451.75,1368249.625,1374472.875,1320898.75,1315308.375,1096198.75,1056322.5,1077292.0,1116143.125,1273267.125,1248209.5,1092441.875,1056865.875,1180001.75,966049.375,1307417.375,1288868.0,1648468.0,1607565.25,1607329.25,1649770.875,1262573.625,1381426.75,1452356.625,1497824.125,1512127.625,1470411.75,1414256.625,1367260.625,1454622.75,1537822.875,1304032.625,1327010.5,1449442.5,1426847.875,1426738.375,1554572.75,1199212.0,1357702.625,1391510.0,1463544.625,1461608.625,1505554.75,1613766.25,1541373.75,1543116.25,1541040.375,1557927.5,1540097.0,1532574.375,1577011.125,1317918.375,1378844.5,1262684.75,1340504.5,1352028.75,1436875.875,1360259.125,1381991.125,1392690.0,1459003.875,1504040.875,1482659.125,1488776.0,1507503.875,1561035.5,1631174.5,1400978.25,1430116.75,1396728.875,1405404.125,1540728.0,1559565.25,1632731.375,1566752.625,1541135.5,1572636.875,1279269.125,1350365.75,1697958.75,1685755.25,1551078.125,1598595.375,1579287.625,1559140.125,1208587.875,1198945.25,1594267.625,1542060.625,1257663.75,1509347.25,1472507.125,1455247.5,1559958.875,1571473.5,1345523.625,1295773.0,1317471.125,1342810.75,1006835.8125,1103398.875,872114.8125,915254.5625,1392324.0,1381444.25,1575574.875,1529126.25,931571.625,894469.0,1049700.875,1044072.1875,1027143.5,987789.75,1265194.75,1317449.25,1592596.875,1445517.0,1249016.875,1268121.5,1244328.375,1370239.0,1217188.625,1260877.25,1553127.75,1553532.375,1275149.0,1301388.625,1660528.0,1692629.875,1319672.875,1340810.375,1429363.25,1438291.25,1748895.0,1506821.25,1595173.5,1621319.875,1493633.25,1679744.375,1758506.375,1819287.125,1424724.0,1637959.375
4,1515168.125,1405259.375,1412859.125,1428702.25,1232464.625,1237555.0,1471955.75,1337289.625,1464675.625,1403924.875,1558894.25,1484758.125,1427340.75,1381357.625,1510952.0,1536783.25,1418546.125,1371260.75,1368417.125,1365243.0,1364399.375,1352259.125,1509080.875,1314703.0,1438385.125,1344874.875,1167174.25,1197428.375,1537621.875,1581634.25,1393319.875,1421214.625,1308298.625,1266561.125,1186235.0,1154650.75,1399129.125,1478744.375,1387688.875,1470211.625,1558763.0,1542907.875,1088996.25,1078453.0,1055459.875,1021606.4375,1132337.5,1114360.875,1172189.125,1109678.875,1217366.125,1292445.125,1210069.875,1305128.625,1369045.125,1427321.375,1344951.0,1288271.25,1140837.5,1289141.25,1320515.625,1323498.5,1504966.875,1436690.75,1333842.875,1386197.25,1408353.25,1331978.5,1044596.5625,1089155.375,1456749.875,1569887.375,1461795.0,1481245.375,1144587.0,1047435.8125,1467595.875,1397998.25,1296226.0,1529819.375,988833.8125,1068769.375,1071721.0,1107861.375,1116402.5,1260489.5,1370243.875,1368688.375,1079663.625,979280.1875,1344311.75,1251320.75,1024032.125,968726.625,1166253.75,1021347.875,1245661.625,1365716.25,1303950.375,1231382.375,818135.6875,887837.6875,1103008.875,1016268.4375,1369166.875,1374128.25,1320656.25,1316302.75,1086359.875,1054253.125,1073567.25,1115097.5,1268268.125,1246369.375,1083024.0,1051886.75,1174859.75,966885.375,1303360.5,1286884.25,1645050.625,1604764.375,1607574.75,1647089.875,1263058.0,1375168.25,1447853.125,1496613.125,1509282.625,1470155.125,1411539.375,1367051.25,1454268.875,1534866.125,1313906.0,1334619.75,1448249.5,1425368.875,1422869.125,1551792.25,1196948.625,1352812.0,1394472.75,1464032.25,1460039.5,1502304.875,1615882.375,1544185.5,1543810.75,1541800.375,1557265.125,1541946.5,1534511.125,1579786.375,1315633.875,1375977.75,1261567.0,1342394.25,1348279.625,1434130.625,1358455.125,1381570.625,1392927.0,1457230.25,1497710.375,1475354.75,1481712.75,1500369.875,1555947.375,1624502.5,1398797.25,1429292.5,1392322.375,1400833.75,1545313.0,1561714.75,1628405.25,1564594.875,1538219.875,1568297.625,1279279.0,1351219.5,1694232.875,1682773.875,1546526.5,1593316.5,1578817.0,1556407.375,1206767.125,1200727.625,1592718.5,1540587.0,1263432.125,1510719.125,1473407.875,1458609.625,1562171.125,1573153.375,1353915.875,1307823.875,1326569.625,1349412.875,1020513.4375,1114427.375,877108.25,919100.75,1398375.75,1387105.25,1578687.875,1534009.25,931583.25,892722.9375,1049515.125,1042250.125,1024050.375,985528.75,1261788.875,1315241.5,1589638.375,1443540.625,1248895.25,1268451.875,1241853.625,1367421.75,1212942.0,1254954.125,1554265.875,1554367.875,1273955.5,1299631.25,1665415.25,1693976.625,1324185.125,1346316.125,1433280.375,1440042.0,1750375.5,1511250.25,1597785.25,1620775.375,1495805.25,1677548.0,1760457.125,1818249.0,1430017.25,1640766.125
5,1516243.375,1406158.75,1414174.875,1427814.75,1234351.375,1238893.125,1470660.375,1334279.375,1460880.125,1400995.125,1556533.125,1481277.375,1426703.25,1379460.25,1506999.625,1531289.25,1416773.875,1368839.125,1365475.125,1363695.75,1362396.75,1350523.75,1510774.75,1311896.125,1437078.375,1341505.375,1169029.375,1199572.375,1532954.125,1574637.5,1392625.625,1418725.0,1308437.25,1265854.625,1186829.75,1153400.125,1400283.125,1476629.375,1386884.875,1465431.125,1557983.25,1538743.25,1090718.75,1080113.625,1059692.125,1024162.3125,1131167.75,1116583.25,1171485.0,1109185.75,1216700.25,1290564.25,1205919.625,1300502.125,1366758.875,1421302.375,1340633.5,1285188.875,1138146.375,1288757.125,1317474.375,1325551.25,1500907.75,1432240.625,1335090.75,1387102.875,1408801.0,1331344.5,1051275.375,1094297.75,1453306.625,1562923.0,1457080.25,1479731.875,1138763.5,1044436.625,1460974.125,1391288.25,1289059.25,1524525.125,984470.1875,1067701.0,1069536.375,1107716.25,1117934.75,1261079.125,1362082.875,1366012.125,1084609.25,984408.875,1351344.5,1257714.75,1022160.5625,969653.6875,1167399.375,1023191.5,1247685.125,1371621.625,1304064.0,1233431.875,823410.3125,889739.875,1103511.625,1020696.25,1370006.0,1373723.25,1323829.625,1318688.875,1088688.875,1059972.625,1076949.0,1120128.875,1267883.5,1252337.0,1087364.5,1058085.125,1176179.375,971018.75,1307335.25,1293088.875,1636763.875,1598006.25,1604033.25,1640824.5,1266042.0,1370221.75,1444864.875,1493915.625,1504965.625,1467579.5,1408468.0,1363948.625,1453233.0,1531294.125,1321098.0,1339538.375,1445970.0,1422796.25,1417459.0,1547078.375,1193220.0,1348747.0,1396221.375,1460050.875,1457419.375,1497185.5,1615269.375,1545739.125,1542831.0,1540460.0,1553565.5,1541647.0,1534304.5,1579789.5,1310695.125,1369512.625,1259342.875,1344212.75,1343629.0,1429054.0,1355436.25,1378905.625,1391760.125,1454149.875,1492421.25,1467198.5,1478580.5,1494940.125,1551516.125,1617096.5,1397777.75,1428659.75,1390282.875,1395851.875,1547586.125,1560960.5,1623156.375,1561908.625,1534013.75,1561327.875,1283337.0,1353518.75,1689205.125,1676912.125,1540470.0,1588103.875,1576651.5,1552458.125,1206108.5,1201844.0,1590207.625,1536969.125,1267892.5,1511842.0,1475531.625,1461809.375,1560819.5,1572631.75,1359746.375,1316197.75,1330951.0,1352974.5,1031138.6875,1123530.125,880210.75,921080.75,1401354.125,1390754.125,1581139.0,1535880.125,932705.0625,891159.125,1046998.375,1039994.4375,1023414.5,985084.3125,1262659.125,1315820.0,1584312.375,1439647.75,1247456.75,1267987.75,1238609.5,1365454.875,1207959.875,1246778.125,1557906.875,1557395.875,1272976.25,1296928.0,1669830.25,1697303.625,1326540.0,1349286.625,1437307.0,1439767.875,1752038.875,1520169.5,1601143.0,1622497.125,1501691.25,1678540.75,1761542.375,1814701.625,1433974.125,1645465.375
6,1516552.125,1401734.0,1412197.375,1425379.5,1232842.375,1237079.375,1473101.375,1326773.375,1462488.125,1401211.75,1555705.375,1480090.875,1424749.25,1377268.0,1502087.75,1524380.75,1413413.875,1366844.75,1359821.25,1355979.25,1357240.125,1344076.5,1504775.5,1306152.5,1435509.375,1336175.0,1165381.5,1196463.75,1529016.75,1570600.375,1388338.875,1413652.875,1308581.625,1264398.75,1186336.0,1154687.5,1402112.125,1477036.0,1388514.75,1464222.125,1558068.25,1538010.625,1096680.25,1084637.25,1062894.875,1027138.5,1131539.0,1115995.5,1173889.625,1111866.25,1218869.0,1292352.25,1204292.75,1292169.375,1365425.5,1414043.125,1337055.75,1284189.5,1138877.625,1287455.25,1320406.5,1326623.875,1499921.25,1427073.0,1334753.375,1387809.375,1410805.875,1332027.5,1059904.0,1099712.25,1451581.25,1560330.0,1457753.625,1478807.25,1133909.0,1045112.3125,1461302.0,1390224.125,1286007.625,1523648.0,982621.5625,1066187.625,1072697.25,1111397.875,1114508.375,1254226.0,1357245.875,1363910.75,1091497.625,985831.125,1354358.75,1257818.625,1026716.8125,972496.4375,1168733.875,1025087.9375,1243688.25,1366162.125,1303636.875,1229144.875,827315.375,892177.1875,1109954.625,1026333.6875,1369455.75,1372834.75,1326520.75,1319385.625,1104226.625,1072251.625,1083700.75,1125615.0,1272357.0,1259502.5,1103576.875,1071724.25,1184731.25,975169.0625,1313856.125,1300325.25,1631372.25,1595153.625,1601063.25,1637894.25,1265814.0,1371204.875,1446267.125,1490001.75,1504140.625,1465584.75,1409138.125,1361378.0,1451751.75,1531063.875,1318761.125,1336968.0,1443736.25,1420605.625,1416695.875,1545880.125,1191005.625,1348621.625,1395089.5,1454899.875,1455603.375,1496471.375,1611399.625,1543132.125,1540366.75,1537568.125,1550571.0,1539278.375,1532199.875,1576738.375,1309596.625,1366755.625,1259617.875,1343423.625,1343973.0,1428434.125,1354784.125,1376769.875,1391015.25,1454554.0,1493822.125,1466228.0,1482596.25,1496874.375,1553716.25,1617381.5,1400747.75,1429429.875,1393965.625,1395560.75,1544382.625,1557821.0,1623758.75,1562966.875,1534034.625,1559911.375,1287159.625,1354761.25,1688394.25,1675320.75,1540400.625,1588855.625,1575364.5,1552146.25,1207447.875,1201308.5,1589843.75,1534735.375,1267479.25,1512325.25,1476944.75,1461630.25,1558014.375,1570280.5,1357571.375,1312246.25,1326748.0,1349980.875,1029717.125,1123109.625,878891.75,919065.6875,1398390.25,1388619.5,1580480.875,1532037.125,934668.375,890593.3125,1045327.8125,1038229.8125,1026126.9375,986761.75,1266993.0,1318951.25,1580959.625,1436119.375,1246298.5,1266423.5,1236815.875,1364742.0,1207391.0,1243818.0,1560602.125,1558868.875,1272833.5,1295720.0,1669040.375,1699504.5,1324428.0,1346721.75,1437423.625,1438055.0,1751483.5,1523808.375,1601263.5,1624166.625,1504907.375,1680611.625,1759728.875,1810428.625,1432726.375,1647042.25
7,1516087.375,1398773.0,1411029.0,1424901.75,1228291.375,1231600.5,1475619.875,1323501.75,1464630.75,1403753.75,1557065.75,1481426.5,1423790.5,1376523.75,1501428.625,1523318.75,1414172.125,1366682.75,1356681.375,1349246.0,1355595.125,1340823.375,1500856.5,1304586.75,1436238.125,1335401.125,1157263.625,1190772.875,1531332.5,1573322.875,1387349.0,1412259.0,1309978.0,1264408.875,1186008.625,1158015.0,1403238.625,1479555.75,1391290.625,1466653.0,1559374.875,1541429.75,1101859.75,1088558.375,1062690.125,1028505.75,1130129.25,1110605.875,1177164.125,1114639.5,1221884.5,1296459.75,1207536.375,1291463.5,1367897.0,1413233.375,1337693.25,1286694.875,1139602.125,1287973.125,1325295.875,1326939.375,1503944.5,1426491.375,1332261.375,1386157.5,1407346.0,1332368.25,1064479.875,1102339.625,1452890.875,1565091.75,1462819.375,1481010.25,1135207.125,1049706.875,1470014.875,1397401.5,1291224.0,1528575.0,984675.625,1065488.75,1079642.125,1117660.125,1110603.0,1247004.5,1361178.75,1365134.75,1092870.875,987473.625,1348972.0,1248777.0,1033952.4375,974496.125,1170886.125,1027174.0,1238127.875,1353325.125,1304211.25,1222943.25,828293.875,892625.75,1115858.25,1029648.625,1367529.625,1371463.875,1324541.75,1317030.5,1119121.875,1085211.375,1087090.25,1126215.375,1275057.25,1257046.5,1116348.5,1082078.625,1193947.125,977744.4375,1312623.875,1297041.0,1633498.625,1598807.375,1602255.875,1640356.875,1262077.625,1376826.75,1451130.25,1487640.0,1507450.0,1466104.0,1413735.375,1362520.375,1451194.0,1533940.375,1310850.625,1331147.5,1443554.375,1420636.0,1421836.375,1548989.625,1193330.875,1351390.75,1393288.375,1454523.375,1456252.125,1499621.625,1609066.5,1538763.25,1539290.75,1535480.625,1551382.25,1537529.75,1530498.625,1573992.25,1314026.625,1370957.125,1262200.375,1343676.0,1348724.75,1432224.0,1358398.25,1377529.125,1392382.625,1457332.625,1500639.0,1470871.125,1488180.375,1503113.75,1559659.5,1624235.125,1402720.5,1431247.5,1398026.375,1399244.125,1539714.625,1556068.125,1629543.0,1567760.0,1539609.75,1565809.875,1285087.375,1352095.75,1693417.125,1680462.625,1545567.75,1593253.0,1578255.625,1557290.875,1208332.25,1198941.25,1592516.0,1536298.875,1263263.125,1510959.875,1476314.5,1458567.375,1557690.5,1568835.25,1350499.125,1300706.375,1319483.0,1343981.5,1020163.5625,1114706.875,875207.1875,914590.5625,1392738.625,1382717.25,1577666.875,1526570.75,937157.8125,890870.6875,1049146.875,1038879.6875,1030078.5625,988744.5625,1268951.625,1320145.5,1581728.875,1436106.125,1246607.75,1264485.375,1238173.25,1365587.125,1210843.5,1247054.375,1558564.0,1557158.125,1273455.125,1296813.875,1663507.75,1697274.875,1321606.25,1342075.75,1435093.0,1437925.375,1748487.25,1517590.75,1598626.0,1623257.125,1501896.5,1680625.75,1757015.875,1809765.25,1429211.25,1643207.125
8,1515414.125,1399558.125,1412819.25,1425110.75,1223924.125,1225886.5,1475824.375,1326845.875,1464741.25,1405695.5,1560145.125,1483863.25,1424153.25,1377272.5,1503138.5,1527662.25,1419660.75,1368186.375,1355644.125,1347493.125,1358441.875,1344004.625,1504849.0,1308504.625,1438734.5,1339374.125,1147642.25,1186193.125,1539358.375,1579426.0,1391386.75,1414710.875,1311851.375,1263608.25,1186911.875,1159089.75,1403609.625,1481006.375,1392073.125,1467008.5,1559811.75,1544561.75,1102370.0,1089674.25,1060526.0,1027865.5625,1124156.75,1101835.75,1178941.75,1114771.375,1224142.625,1299229.5,1211502.125,1301070.5,1371866.625,1417778.0,1340518.5,1289854.0,1138703.875,1290288.75,1326892.25,1327318.75,1509725.75,1429404.0,1329943.125,1383676.0,1402367.875,1331989.375,1063408.125,1102408.875,1454827.375,1570623.875,1466132.125,1485021.25,1139351.25,1052475.75,1478495.75,1406182.25,1298543.375,1532919.125,986406.625,1065749.25,1085521.25,1123251.625,1108379.625,1245901.75,1368151.5,1367917.875,1089633.125,990009.625,1341431.5,1241410.125,1037886.875,975038.0,1172861.625,1027184.875,1235486.25,1345460.75,1305215.0,1222197.125,828882.8125,892715.6875,1116950.875,1030357.25,1365918.5,1370535.75,1320228.625,1314488.625,1122901.375,1091157.5,1087871.875,1125698.875,1273502.0,1248335.0,1117233.25,1084060.375,1196866.625,979741.75,1305963.25,1287267.875,1638811.875,1602407.0,1604231.625,1642847.5,1261288.875,1382704.875,1455806.375,1490362.875,1510200.25,1467798.0,1417770.75,1366496.375,1452110.625,1536384.25,1305863.625,1328265.875,1446289.25,1422980.375,1426861.0,1551518.25,1197756.375,1353186.25,1392598.75,1458147.25,1458245.25,1500585.375,1611150.75,1537953.875,1541313.5,1536311.625,1554111.75,1537929.625,1530001.875,1573755.25,1318244.625,1376767.875,1263736.125,1347970.125,1351887.875,1433637.75,1363472.0,1380777.125,1394126.625,1456926.75,1505816.25,1473713.75,1489285.5,1505718.125,1561007.75,1627833.25,1399221.625,1432371.875,1396818.0,1402145.75,1538772.25,1556893.875,1633095.375,1570519.25,1545060.75,1571428.125,1279558.375,1347805.625,1698410.0,1685805.625,1548618.125,1595412.375,1582849.5,1563004.0,1206611.0,1195772.75,1594680.625,1539097.875,1258251.875,1507790.625,1474726.5,1456197.375,1559285.5,1569525.25,1344902.0,1293055.625,1315114.25,1340262.75,1011368.25,1105971.0,871714.875,910930.5625,1388751.625,1378383.375,1575777.625,1525098.25,937889.125,891362.9375,1055299.5,1041539.6875,1032122.0,989807.0,1266673.625,1317990.25,1584736.875,1439856.25,1247607.25,1263636.375,1241534.0,1367940.25,1213722.75,1251465.875,1553758.0,1555326.375,1274234.75,1298672.0,1659614.875,1692847.375,1321602.75,1340061.25,1434001.125,1439518.875,1746872.5,1509445.5,1597843.5,1621687.5,1497282.5,1680072.75,1757571.125,1813673.875,1428162.5,1638898.75
9,1514665.5,1400834.5,1414735.0,1423980.125,1221940.5,1224056.75,1476158.5,1330975.25,1464146.625,1406328.75,1561675.625,1485145.375,1423825.625,1377835.75,1502621.75,1529933.0,1423424.125,1369799.5,1354145.75,1348336.125,1360267.5,1348134.625,1509144.5,1311666.5,1440206.375,1342696.25,1140765.75,1184540.0,1545009.375,1582075.25,1394664.375,1416173.25,1312271.625,1259395.125,1188861.875,1157418.875,1403689.125,1480344.125,1390863.25,1463279.625,1558510.5,1545304.875,1100060.0,1089713.0,1059424.0,1026917.125,1117189.75,1095110.0,1178565.0,1112820.0,1225591.875,1299859.5,1212832.25,1309767.5,1374527.375,1421165.5,1342652.125,1291700.25,1138622.625,1292843.75,1326310.0,1327661.75,1512312.5,1429886.5,1329869.75,1383541.0,1403977.5,1332252.0,1062322.875,1104703.625,1456194.25,1572710.875,1466278.375,1487874.25,1141779.0,1051163.25,1478449.625,1408804.5,1300800.0,1532471.5,985663.0625,1066099.125,1087368.375,1125525.875,1107120.25,1249294.75,1371187.25,1368496.625,1087393.75,990648.875,1338396.125,1242795.25,1037650.6875,974873.875,1173102.625,1023983.5,1235298.75,1346537.875,1304608.25,1225404.125,829719.3125,893973.875,1115487.75,1030404.875,1365591.875,1370999.625,1318166.5,1314519.75,1119868.25,1092646.375,1089118.0,1127761.625,1270593.125,1243678.75,1111714.25,1082978.625,1194354.375,983922.375,1301394.5,1281215.25,1642171.75,1602145.25,1604038.125,1643046.125,1264273.875,1386132.375,1457434.125,1495254.0,1510528.375,1469437.0,1419363.125,1369789.625,1453098.75,1536670.125,1306177.75,1329098.875,1449470.5,1425629.125,1427588.0,1550940.75,1199452.0,1352600.125,1392512.0,1461144.75,1460008.875,1498758.625,1614750.0,1541037.875,1544387.125,1539344.375,1555784.125,1539351.625,1530235.125,1575098.875,1319184.125,1379025.75,1264189.0,1353592.375,1351615.25,1431533.5,1366794.75,1384047.375,1394388.0,1453177.375,1506175.5,1472881.0,1487931.75,1504402.125,1557016.125,1624873.5,1394205.5,1431796.375,1392873.75,1402742.75,1540825.375,1558250.5,1632411.625,1569346.5,1545967.125,1571997.375,1275705.875,1345104.5,1698651.25,1686404.0,1547480.875,1594655.5,1584734.125,1564799.5,1204415.75,1193615.5,1594124.0,1539939.375,1254744.875,1503987.0,1472983.125,1455896.375,1559763.75,1570546.0,1343010.25,1293345.5,1313525.0,1340514.5,1006585.3125,1101205.125,869167.25,910117.25,1387546.875,1378174.625,1576033.625,1527717.625,936426.0,891265.0,1057809.875,1043574.3125,1031570.25,990606.1875,1262999.375,1315356.875,1586041.625,1443305.0,1247965.375,1263657.125,1243862.125,1369809.125,1213973.625,1253155.375,1550859.125,1553984.125,1274648.875,1299594.125,1658961.375,1688327.5,1323045.625,1340096.375,1433584.25,1440212.625,1746886.25,1504835.5,1598795.25,1620896.25,1494076.0,1679098.875,1759704.5,1816575.375,1429051.25,1637364.125
10,1513982.5,1401457.75,1414213.0,1422230.75,1221179.375,1224889.75,1478473.75,1331752.375,1464048.625,1407059.875,1559543.625,1484048.125,1422098.125,1377180.5,1500187.75,1526196.25,1421109.25,1369918.875,1352374.625,1348341.125,1357560.375,1347468.0,1505214.25,1309758.125,1438493.625,1341769.75,1139177.625,1184656.125,1542628.125,1578474.875,1392801.75,1414411.75,1311619.875,1255215.125,1190572.75,1157712.875,1404083.5,1480208.0,1390653.375,1460069.0,1558036.75,1545725.875,1099152.875,1090954.125,1060697.0,1027034.875,1114327.875,1093373.25,1177350.125,1111339.125,1226723.375,1300675.0,1213220.625,1309558.625,1375794.0,1420134.75,1343668.0,1292698.625,1140546.75,1294898.5,1327216.25,1328466.5,1510818.875,1426311.625,1331622.375,1385800.25,1410404.5,1333945.875,1067117.25,1112706.25,1458335.5,1574553.125,1467226.125,1489566.125,1143935.25,1049889.25,1474083.75,1407723.875,1299484.625,1530955.0,984381.75,1066194.375,1086493.5,1124712.625,1106451.5,1251433.25,1371172.75,1367227.125,1088227.875,990316.875,1338912.375,1245406.875,1036366.125,974950.25,1172384.25,1021235.8125,1235097.75,1350008.75,1302780.75,1225811.375,829443.0625,895165.5625,1115455.0,1031954.4375,1365515.5,1372371.125,1318975.875,1316510.25,1120017.125,1099071.875,1090539.875,1129935.125,1269230.75,1244879.125,1109561.875,1086624.0,1193246.375,992103.375,1300106.25,1280565.125,1643610.5,1601573.125,1603718.375,1643799.875,1266078.625,1387214.75,1456236.625,1495769.875,1511282.5,1471487.5,1420888.625,1370557.875,1453759.375,1536385.0,1306921.875,1330086.625,1450018.125,1426305.25,1426771.5,1550435.0,1197827.125,1352290.125,1391749.125,1461904.25,1461682.0,1498884.0,1616166.125,1543359.625,1545374.875,1541552.875,1555934.125,1539835.0,1530683.0,1575802.0,1319929.25,1378457.375,1265699.625,1356628.25,1351564.0,1431113.75,1368424.25,1385599.875,1394628.5,1451310.375,1505112.0,1472215.75,1489396.5,1505237.0,1554521.5,1623331.375,1392808.25,1430777.25,1391349.5,1403171.875,1541623.875,1558093.25,1631947.5,1568226.875,1543301.5,1570021.625,1273833.375,1343519.25,1697047.875,1684997.5,1546514.625,1594103.25,1583736.875,1563296.5,1204751.75,1192973.0,1592536.25,1539213.0,1253087.375,1500922.75,1470343.625,1455206.875,1558253.0,1569717.125,1342689.375,1296506.5,1311781.125,1343093.5,1003956.625,1099204.75,867600.8125,911281.1875,1387460.0,1379829.625,1576670.5,1529986.5,935730.75,890726.3125,1056636.0,1044626.3125,1030750.25,992437.0625,1261051.125,1314542.5,1583873.375,1443189.625,1247024.5,1262955.125,1243679.75,1369721.0,1212784.0,1251829.875,1550212.5,1550394.625,1274423.25,1298957.875,1655823.875,1682060.125,1322164.25,1338145.0,1430666.375,1438572.125,1744105.25,1499887.0,1596521.625,1618914.5,1490315.125,1675041.75,1757893.125,1813812.625,1427539.375,1634948.625
11,1514034.875,1402496.25,1412309.375,1419519.5,1220500.125,1224786.0,1479613.75,1329428.0,1465352.125,1407706.375,1557084.375,1482648.875,1421007.0,1376444.125,1499205.75,1520714.0,1416513.75,1369351.625,1351638.625,1347435.375,1353181.375,1343026.25,1496578.625,1305593.625,1433409.5,1337510.25,1141477.75,1184577.25,1536337.625,1573075.75,1388445.625,1411420.75,1311542.125,1255480.5,1190557.0,1160511.125,1405598.375,1482501.375,1392535.25,1460120.75,1560392.0,1546363.25,1099763.375,1092104.125,1062522.625,1027274.9375,1116985.875,1094908.75,1177372.5,1111824.625,1227628.375,1302700.75,1214433.75,1306704.875,1375038.75,1415903.625,1343466.25,1291946.125,1143560.25,1295742.5,1329866.875,1331221.625,1509467.75,1424391.5,1332991.75,1387690.25,1414860.5,1335616.75,1073201.375,1119235.125,1461980.5,1577596.25,1470728.5,1491973.25,1148418.25,1051100.75,1474721.75,1410005.0,1300245.5,1532119.875,983503.8125,1066277.25,1084666.125,1122304.5,1105829.0,1249433.0,1371740.75,1367685.5,1089835.5,989117.625,1340704.375,1243445.0,1034443.25,974587.6875,1171245.25,1020034.875,1234417.0,1350130.5,1302517.25,1223462.375,828446.3125,894663.875,1115680.5,1033130.625,1365845.375,1374128.875,1321001.125,1318186.0,1121030.25,1102937.125,1090464.25,1129789.75,1270476.125,1248560.875,1111189.75,1090938.0,1196103.5,995551.4375,1302431.625,1285171.375,1644354.625,1602388.25,1604760.75,1645266.75,1266504.375,1387318.0,1454795.25,1492667.875,1512903.25,1473819.5,1422197.875,1369905.0,1455639.125,1537290.5,1303436.875,1328113.0,1448950.375,1425504.0,1427929.75,1552940.25,1197141.875,1354828.5,1390041.25,1461405.25,1464537.25,1501840.375,1614872.0,1542278.875,1543641.125,1540744.125,1554779.375,1538353.125,1530365.625,1574779.25,1322197.0,1377230.375,1267996.0,1358492.625,1353085.625,1432824.125,1368371.25,1385358.125,1396090.5,1452977.25,1506558.5,1474112.25,1492491.625,1509838.125,1557016.625,1628633.25,1393102.0,1431562.625,1391694.0,1404442.5,1540265.625,1556879.5,1633633.625,1568324.625,1540130.625,1567665.5,1272753.75,1342295.5,1697330.75,1685166.625,1547564.25,1594382.25,1581803.125,1560707.375,1207679.25,1193403.75,1592622.5,1538846.5,1252731.5,1500062.75,1467768.375,1453366.375,1555932.25,1567527.0,1341665.375,1296467.75,1309299.375,1344308.75,1001999.75,1097509.5,867283.875,912107.375,1386037.875,1379052.0,1575639.125,1528789.375,938862.3125,891565.5625,1057213.5,1047237.375,1032794.8125,995711.1875,1262508.25,1316226.0,1579880.0,1441005.375,1245279.125,1262003.125,1242540.25,1369107.75,1211465.625,1249426.5,1549528.5,1544792.75,1273860.5,1297721.125,1649750.25,1675762.25,1319180.375,1335030.0,1427463.125,1436928.375,1738995.5,1494121.0,1592004.5,1616298.0,1487049.75,1670022.625,1753088.375,1808349.875,1424428.0,1630455.375
12,1515216.375,1403313.875,1410692.25,1415503.375,1219864.375,1222952.75,1477169.125,1325634.875,1467911.25,1406806.125,1557601.75,1482903.875,1421713.875,1376442.25,1500017.375,1519000.875,1415061.375,1370293.75,1352124.0,1347282.625,1352135.75,1339950.25,1492131.5,1303074.5,1427993.875,1333391.875,1144942.75,1184800.625,1532222.625,1571238.0,1386433.75,1409926.5,1310943.5,1258415.875,1188524.125,1160979.375,1407367.625,1485635.0,1393300.375,1461125.0,1563240.75,1545321.875,1098503.0,1089748.75,1062361.375,1026273.75,1123003.125,1097763.0,1178923.875,1113737.625,1227012.75,1303752.5,1214905.125,1308366.125,1371621.125,1411863.25,1341537.375,1288694.75,1145898.875,1294503.5,1331555.625,1335552.0,1510378.5,1428592.625,1332847.125,1387355.75,1414924.625,1334845.0,1070655.875,1113575.375,1464930.875,1578231.25,1473824.75,1495498.75,1152547.125,1053296.625,1479847.25,1414241.625,1303977.0,1534333.375,982249.375,1066609.875,1082395.5,1119237.125,1104609.125,1245440.5,1372647.125,1370780.25,1090218.75,984376.625,1344259.0,1243841.875,1030580.125,971624.875,1168356.0,1017378.0,1233922.0,1347306.875,1304199.25,1223336.625,828339.3125,892967.8125,1112614.75,1029996.3125,1367991.75,1376167.625,1323290.625,1318286.875,1113522.5,1089462.125,1088650.625,1128237.875,1273363.0,1253490.0,1109906.875,1085791.125,1197761.625,983662.25,1309642.625,1295812.0,1643633.125,1601314.75,1605152.0,1644273.5,1269281.625,1387742.25,1455274.75,1491747.0,1512602.375,1475237.375,1421104.0,1370088.25,1458537.0,1538646.125,1297853.25,1324048.125,1449171.0,1425083.0,1429513.75,1556682.25,1199717.125,1358756.5,1388764.5,1460468.5,1467962.375,1503975.875,1613328.625,1539959.375,1542269.75,1538586.125,1552804.0,1536142.75,1528954.125,1573236.25,1323450.75,1375574.125,1268965.125,1362555.25,1353155.0,1432470.25,1366028.25,1384201.375,1396811.0,1455133.0,1509742.25,1476860.875,1492037.375,1514193.0,1561537.375,1634982.0,1391735.375,1434204.625,1390846.0,1405289.375,1539039.125,1556530.375,1634886.75,1567718.75,1538619.625,1565408.125,1273174.375,1342620.125,1698422.875,1686084.375,1547834.25,1593743.625,1579830.125,1558219.375,1211181.5,1195556.0,1596050.0,1540035.25,1254974.625,1502922.5,1468234.375,1453266.75,1554352.0,1566517.625,1340380.25,1292858.875,1307807.5,1341830.25,1001488.75,1095816.625,868346.0,911820.0625,1384213.0,1375311.75,1573522.5,1525241.5,944867.4375,894813.125,1061525.75,1051367.75,1037603.75,998531.875,1266166.0,1319672.5,1577288.375,1439998.625,1244174.75,1262724.25,1242625.875,1370090.125,1210746.5,1248367.375,1549916.25,1542187.125,1274111.5,1297614.75,1648980.625,1676632.5,1318751.875,1336043.625,1429633.125,1438461.625,1738153.875,1495484.875,1592332.125,1617311.25,1488955.0,1670732.375,1752138.0,1806535.75,1425654.5,1630054.375
13,1516452.625,1402494.5,1409121.875,1413231.25,1217807.625,1220023.5,1474022.0,1322806.25,1468371.75,1404852.875,1559324.75,1483564.625,1422616.75,1376323.75,1500163.375,1521101.625,1416744.375,1373000.375,1352606.5,1347688.125,1354860.375,1341154.5,1493014.75,1302812.75,1427238.625,1332666.0,1147115.625,1185923.0,1531353.875,1573654.625,1387737.625,1411643.0,1308651.25,1260891.375,1186281.75,1158603.5,1407617.75,1486767.375,1391148.375,1462052.75,1562989.375,1543542.5,1095032.5,1084386.625,1060311.0,1024806.875,1127075.0,1100446.0,1180271.875,1115575.125,1224047.625,1301930.125,1213905.125,1311002.5,1368839.75,1411281.375,1338781.375,1285744.875,1144413.5,1291864.25,1330900.25,1337268.625,1511372.875,1435645.375,1332745.875,1385695.125,1411806.375,1331825.625,1061237.75,1100726.625,1464228.75,1574933.125,1473353.625,1497075.0,1151506.75,1054967.25,1481926.625,1413715.625,1306316.125,1534601.5,981104.125,1066999.625,1081854.625,1117491.875,1103516.375,1243534.0,1371935.875,1372912.25,1089990.5,978208.5,1347602.875,1250554.75,1027590.125,967657.5625,1164911.625,1014962.5,1233312.75,1344838.375,1304539.375,1224939.125,828815.875,892100.875,1108578.5,1024951.5625,1370081.625,1376713.625,1324437.125,1317444.125,1102494.25,1070052.375,1086583.0,1126855.875,1274921.125,1257266.25,1105894.75,1075191.75,1194623.375,966727.125,1314972.0,1303391.375,1641510.625,1597679.375,1603211.5,1640814.75,1274202.25,1388921.25,1458134.375,1493185.875,1510302.125,1474571.25,1419837.5,1370952.75,1459559.0,1538559.75,1295426.125,1321809.875,1450316.375,1424792.75,1428529.5,1558021.75,1202333.5,1361329.625,1388479.75,1459598.875,1468528.375,1503608.875,1614273.75,1539379.25,1544738.375,1538474.5,1551646.25,1535468.5,1527443.625,1572439.25,1322005.875,1373817.125,1267461.625,1365364.375,1350437.875,1430164.25,1363693.875,1382925.25,1395213.375,1455546.75,1511033.25,1478312.5,1488344.0,1513997.125,1563971.875,1634937.5,1390733.0,1436031.625,1390023.375,1404848.875,1538470.0,1557258.625,1634238.75,1567443.25,1539474.625,1565748.5,1274190.375,1344022.0,1698540.75,1685765.625,1545992.5,1592218.875,1579334.375,1557843.375,1213248.25,1199662.875,1601402.25,1542800.25,1260408.25,1509073.625,1471124.375,1454967.625,1554365.875,1567416.125,1340280.0,1289845.5,1307927.125,1337320.75,1002736.8125,1095135.0,870082.4375,911162.875,1386300.875,1372931.75,1572294.25,1522731.25,947542.0,897652.875,1063614.5,1052840.75,1040106.5625,997608.5,1268176.375,1321968.375,1579114.0,1441373.75,1244964.375,1264870.875,1244236.5,1372967.75,1211186.375,1249544.625,1553206.75,1546068.375,1275732.375,1298704.625,1656964.875,1685963.0,1322421.75,1341224.125,1435422.25,1441580.5,1744103.875,1506608.25,1597956.25,1622381.375,1495162.0,1678361.375,1756764.5,1810488.875,1431530.5,1636683.5
14,1516901.625,1401272.375,1407506.625,1414891.625,1214717.75,1218214.125,1472635.75,1322813.625,1465178.875,1403585.125,1560597.375,1484190.5,1423101.125,1376636.875,1499222.375,1524807.0,1419433.625,1376146.25,1352412.125,1348231.5,1358018.875,1346110.375,1495068.875,1304856.125,1431953.0,1335525.875,1147311.375,1187174.125,1533744.875,1578485.625,1390578.25,1416172.875,1307321.875,1263297.25,1186203.25,1157280.875,1407244.25,1485287.75,1389656.375,1464428.375,1560375.25,1544183.125,1092710.125,1081355.75,1058131.625,1024448.3125,1125777.25,1101952.5,1180110.875,1115972.875,1221178.75,1299086.125,1213628.125,1310954.0,1370473.875,1414378.625,1336948.125,1285354.125,1138468.25,1289712.0,1329138.125,1334409.0,1512409.875,1441685.0,1333014.125,1384706.375,1407719.625,1329687.625,1056565.0,1096986.375,1461163.375,1571043.875,1470084.125,1493898.125,1146977.875,1054939.75,1478796.0,1409117.625,1304293.0,1533013.375,981410.75,1066909.875,1084521.0,1118710.375,1103956.25,1244882.125,1370334.875,1372037.0,1089857.0,974699.1875,1347215.125,1254399.25,1027929.6875,967168.6875,1164174.125,1014952.9375,1232666.625,1343102.625,1302542.0,1223949.75,828413.4375,891898.0625,1107607.875,1023178.75,1369030.25,1374620.875,1323142.75,1316701.375,1098264.25,1065629.5,1084729.75,1125774.125,1272647.0,1255111.5,1102954.5,1069359.5,1189329.75,962883.1875,1309789.125,1296538.125,1640553.375,1595894.125,1601283.875,1638792.0,1275757.5,1388837.75,1460923.125,1493572.0,1508422.75,1471361.125,1420540.375,1368891.5,1457245.75,1536517.875,1297090.5,1323436.125,1450439.625,1425288.875,1425913.5,1555419.375,1203060.375,1362581.125,1388761.375,1460067.875,1465584.375,1501580.625,1615500.375,1539540.5,1547761.375,1539274.0,1551858.5,1536051.125,1526470.875,1571712.0,1319048.375,1373143.625,1264490.75,1362086.375,1347461.125,1428911.375,1363141.75,1381319.375,1393137.0,1454294.625,1509623.5,1478655.25,1485807.0,1508632.625,1562650.875,1629739.0,1391998.0,1435336.5,1391297.0,1403613.25,1538149.875,1557945.0,1632664.625,1568399.75,1542067.875,1569551.0,1273658.625,1344397.25,1698326.25,1684695.625,1544137.625,1591409.625,1581739.25,1560813.0,1213304.0,1203164.75,1603994.625,1545365.875,1264543.0,1513231.25,1471979.75,1454885.875,1555389.75,1568241.0,1340933.875,1288784.875,1308791.625,1333143.75,1003618.5625,1095020.125,871442.5625,910556.4375,1391625.5,1373933.5,1571811.875,1523448.5,943024.9375,896410.1875,1060350.125,1050301.5,1036913.875,993096.375,1266709.125,1320996.75,1584705.25,1444043.25,1247415.5,1266612.125,1245970.75,1375594.5,1212303.625,1251857.5,1557372.375,1552867.5,1277155.875,1299605.375,1665112.125,1693331.625,1325987.0,1344510.0,1437528.125,1442114.375,1751252.5,1516865.875,1601263.375,1625902.75,1497965.125,1685096.75,1762105.25,1817643.375,1435166.125,1642527.25
15,1517497.875,1402107.25,1407485.25,1418408.375,1214046.25,1220605.75,1472534.5,1325981.875,1461630.0,1403565.375,1561951.375,1485638.0,1424078.75,1378014.75,1499075.875,1528758.875,1422478.875,1378300.625,1352664.25,1349725.875,1360170.375,1352400.75,1498427.375,1308739.5,1437211.25,1339087.625,1147398.875,1188494.25,1538507.125,1583015.375,1392745.125,1420231.375,1308216.125,1264732.75,1187731.25,1157345.875,1407645.125,1482789.375,1390475.25,1466821.5,1558192.75,1545894.5,1093379.75,1083828.75,1057220.625,1025300.8125,1122198.125,1102587.375,1178701.5,1114500.5,1221051.25,1297947.875,1214500.625,1311464.25,1374568.875,1418631.0,1336582.625,1286143.875,1132085.0,1289711.25,1327262.25,1331591.0,1514641.875,1446444.5,1331027.625,1384382.75,1404667.75,1330065.625,1061043.5,1106535.25,1459817.25,1569214.625,1466963.0,1489303.125,1145044.5,1052275.375,1474562.625,1407180.5,1300205.625,1532066.875,982525.0,1066265.875,1086571.0,1120537.625,1105839.625,1246947.125,1369476.875,1371117.0,1089380.125,973860.8125,1344882.875,1249668.625,1028498.6875,970456.5625,1165709.0,1013455.375,1233486.0,1340863.625,1301533.875,1221641.875,827259.0625,890638.125,1108097.5,1024196.75,1366608.625,1372527.0,1320888.875,1316059.875,1097848.5,1071685.5,1082574.5,1124359.75,1268042.875,1247941.25,1098896.5,1067023.75,1185506.5,970628.375,1299531.75,1282193.875,1642002.625,1597762.25,1602368.125,1639575.0,1271241.625,1385459.375,1459168.5,1493902.75,1507778.75,1467149.0,1420496.75,1362973.25,1454120.0,1534200.625,1300310.75,1326836.25,1450480.875,1429403.875,1424589.25,1550673.0,1204566.25,1363652.625,1390492.75,1462323.0,1463245.625,1498356.75,1612499.5,1537964.25,1545611.625,1537592.125,1552000.25,1536074.125,1526278.375,1570994.75,1316040.875,1373335.25,1262116.25,1357161.25,1346233.75,1428153.625,1362667.75,1379177.0,1392338.5,1452187.75,1507193.875,1477361.25,1484383.25,1501818.375,1558449.375,1624960.5,1392295.625,1433221.25,1391904.25,1401753.875,1539086.625,1558402.125,1630831.25,1567772.25,1544165.75,1572446.375,1272630.375,1343882.625,1698586.375,1684356.5,1543888.5,1591563.625,1584262.125,1563556.125,1212266.0,1203442.0,1601443.0,1545371.0,1263441.0,1510532.25,1469990.75,1453365.125,1556196.25,1568111.625,1341764.625,1288233.875,1310331.75,1330946.625,1003704.125,1095447.875,872159.9375,910596.3125,1393521.625,1375480.375,1571083.25,1526801.0,936309.125,892472.625,1057530.125,1047868.125,1031741.625,989491.9375,1264149.5,1318402.75,1587830.75,1445407.75,1249494.375,1267047.0,1245792.5,1374605.5,1212669.5,1253206.125,1559127.875,1556082.125,1276524.375,1299953.25,1663880.375,1690180.5,1325887.375,1342828.75,1434901.125,1440036.375,1753089.375,1515574.375,1598954.375,1624126.125,1493863.5,1683994.125,1764769.875,1823085.0,1432526.375,1640015.0
16,1518136.625,1404059.875,1409582.5,1421546.875,1215337.25,1224818.25,1473754.875,1331383.75,1459617.125,1404165.5,1562288.5,1486500.875,1424575.25,1378348.0,1500509.625,1531439.75,1424307.375,1379005.5,1353460.75,1351798.0,1361540.0,1356790.5,1503887.625,1312391.25,1439268.625,1341465.375,1147847.0,1189909.5,1541820.75,1585577.375,1392780.75,1422318.375,1309046.5,1264595.875,1188491.25,1157958.875,1407581.125,1481590.0,1390619.875,1468217.0,1557034.375,1545253.125,1096131.5,1089091.0,1058203.375,1026292.625,1120751.875,1102548.75,1176913.5,1112207.75,1222684.375,1298993.75,1214157.875,1312694.5,1376150.625,1421877.375,1336604.75,1286317.375,1127590.625,1291289.25,1325466.875,1332268.5,1515679.0,1449234.625,1327136.375,1383323.0,1403777.75,1331273.125,1067056.375,1116639.5,1460583.0,1568542.25,1465046.125,1488069.875,1146446.5,1048740.75,1472041.5,1408301.125,1297150.5,1532237.125,982931.3125,1065730.375,1083999.125,1119446.875,1107881.5,1247618.375,1368581.875,1371689.0,1088013.875,974128.875,1344827.25,1243265.25,1027059.625,973089.75,1166256.375,1010674.1875,1235935.25,1340518.5,1303409.25,1222583.5,825925.125,889134.25,1107349.0,1024690.0625,1366655.75,1373065.25,1320281.375,1315310.375,1096249.875,1073369.375,1081187.0,1122802.375,1265903.5,1243928.5,1092790.875,1064740.625,1184941.75,976918.375,1296111.0,1276628.5,1643578.5,1599413.375,1605061.625,1640633.375,1266807.375,1381161.375,1453610.75,1497197.0,1507707.0,1464255.875,1418367.125,1357347.125,1453591.75,1533819.125,1303062.125,1329287.875,1452689.25,1436234.625,1424986.625,1547333.625,1208068.375,1365008.0,1393968.375,1464846.625,1463667.5,1495661.625,1607791.375,1536406.5,1541082.0,1534888.625,1551852.125,1536148.5,1527642.0,1572148.25,1313695.375,1372809.5,1261297.5,1355945.625,1346016.375,1426315.25,1361405.25,1376436.5,1391627.875,1450739.25,1504780.0,1474068.75,1482040.0,1499034.25,1554615.125,1622794.125,1390438.0,1431457.75,1390040.375,1399732.25,1541336.0,1559478.375,1629619.0,1564762.5,1543448.25,1570853.625,1273360.0,1344155.5,1698347.75,1684241.875,1544523.125,1591823.25,1583057.875,1562434.5,1211620.0,1201831.25,1597248.125,1543021.625,1260108.75,1504613.0,1468849.0,1454000.0,1556256.875,1568353.0,1343615.125,1288962.375,1312678.125,1332116.625,1005102.9375,1097401.25,872529.25,911946.75,1389951.625,1375610.625,1571230.75,1530244.375,933752.0,890568.125,1058262.125,1048077.25,1029485.875,989331.5,1263256.5,1316942.75,1584522.25,1443433.125,1249723.75,1266485.5,1243201.25,1369848.5,1212254.125,1252498.375,1557657.875,1554110.75,1274986.75,1300268.75,1655413.375,1681868.625,1323565.625,1339656.75,1432606.0,1438424.5,1749110.375,1505920.5,1595362.875,1620154.125,1488287.75,1677878.875,1764495.5,1822419.375,1427232.875,1633384.875
17,1517052.625,1403975.625,1411943.0,1424024.125,1215790.875,1225890.625,1475370.25,1335361.625,1458573.0,1404510.625,1561333.875,1485990.625,1423938.5,1377447.125,1502022.25,1532338.375,1423221.5,1378530.875,1352993.0,1353250.0,1361061.0,1357278.375,1506823.125,1314493.25,1438239.875,1343272.5,1147353.625,1191159.875,1542400.875,1587251.125,1392204.5,1423971.125,1310296.125,1266126.25,1188988.375,1160570.75,1406822.0,1483166.125,1390362.5,1470946.0,1557835.375,1543789.0,1099446.0,1092932.25,1059975.125,1026380.25,1122162.25,1103126.375,1175437.625,1110619.75,1224726.625,1301945.75,1212604.75,1311710.125,1374346.625,1422815.5,1336108.625,1285909.5,1125422.375,1291627.25,1324720.5,1333729.75,1514293.25,1448083.625,1325787.375,1382305.25,1405591.625,1331532.0,1066509.75,1115948.125,1460888.25,1568387.625,1463938.75,1488941.875,1147614.625,1047289.0625,1470253.625,1407006.875,1294958.5,1530706.375,982905.0625,1065632.375,1079524.125,1116487.5,1110407.375,1248099.125,1366434.625,1370642.875,1086381.25,975055.8125,1346508.0,1240917.0,1026157.25,972086.5625,1165397.125,1012233.0625,1238416.25,1343994.875,1306204.5,1226050.875,824706.0625,889191.6875,1106302.25,1024157.0625,1368419.875,1375147.625,1321102.75,1314794.625,1096558.5,1072013.5,1081677.375,1122436.875,1268014.25,1246096.625,1090404.0,1066345.0,1187271.0,977871.8125,1299355.875,1280432.5,1643135.375,1598999.25,1606532.5,1641374.0,1267326.25,1379763.375,1450560.375,1501068.0,1507795.625,1463023.375,1416552.875,1355578.375,1455025.0,1535094.25,1304193.0,1330726.125,1455202.125,1439766.0,1425359.5,1546416.5,1210201.75,1365767.75,1396743.625,1466849.0,1464647.625,1495949.0,1607565.375,1537680.375,1539831.5,1534557.125,1552539.625,1537458.875,1529981.0,1575218.375,1312769.5,1372155.125,1261742.75,1356380.25,1345909.0,1424786.75,1360505.125,1374173.75,1390329.25,1451210.125,1503741.125,1471887.625,1481539.875,1502760.625,1554012.625,1622692.0,1389805.625,1431616.125,1388729.0,1399464.75,1543579.0,1561811.25,1630477.5,1562654.875,1540561.625,1567213.0,1275043.375,1345126.875,1696909.0,1683090.75,1545010.375,1591891.125,1580538.625,1559782.5,1212221.625,1200964.5,1596042.625,1541249.875,1258652.375,1502251.25,1469974.0,1456310.75,1556196.125,1569423.25,1346091.25,1291380.125,1315052.625,1334905.25,1006972.8125,1098979.125,872430.9375,913299.8125,1386516.5,1375433.125,1572992.625,1531003.75,934957.5,891960.1875,1059889.875,1049015.625,1030563.875,990981.9375,1263638.375,1316582.625,1579777.25,1440160.5,1248692.25,1265616.875,1240928.875,1366151.875,1212002.875,1251390.625,1555214.625,1550950.125,1274773.875,1300432.25,1649515.25,1677825.0,1322420.75,1339339.75,1432764.0,1438439.375,1744299.25,1498437.25,1594161.25,1618446.125,1486406.5,1673758.875,1762133.125,1817586.5,1425353.75,1630739.0
18,1514373.875,1402255.125,1413221.875,1425570.875,1216924.875,1225163.375,1474824.625,1334505.75,1459212.0,1404302.375,1561506.25,1486228.0,1424560.5,1378624.125,1502097.5,1532412.75,1420865.0,1376344.875,1351840.75,1354720.625,1358636.875,1355106.625,1503960.125,1315255.25,1434936.5,1344327.625,1146887.625,1192860.75,1543166.625,1589007.0,1393524.5,1425115.0,1314287.875,1269699.375,1191114.5,1163936.5,1407365.125,1485802.75,1392675.0,1473342.375,1561750.5,1544106.25,1100874.25,1092911.0,1059990.625,1025075.8125,1124902.5,1106609.25,1174169.0,1109646.25,1227394.0,1305260.0,1212492.25,1310977.25,1372381.625,1421423.125,1336019.875,1285950.625,1128216.75,1290308.125,1325653.75,1333395.75,1513539.0,1442778.25,1328270.75,1382916.5,1408737.625,1330808.625,1060580.75,1107006.125,1460700.875,1570221.0,1463925.75,1488310.625,1148048.75,1047945.1875,1468252.125,1402973.5,1293569.125,1526768.375,983224.4375,1065412.25,1077878.75,1115171.375,1114940.25,1251119.5,1364509.75,1366989.5,1085994.0,977128.5,1347541.25,1241039.0,1027054.0625,969106.4375,1165785.375,1016737.875,1241568.125,1349757.875,1307694.625,1228064.375,824689.8125,889780.5625,1105504.5,1023475.375,1368541.25,1376548.5,1321066.375,1314802.125,1098354.75,1072372.875,1081640.375,1123164.375,1269862.125,1247551.625,1092992.125,1070417.75,1188724.375,976171.6875,1300710.25,1282123.5,1642344.75,1599711.75,1607234.75,1644025.75,1267659.625,1381013.5,1451858.25,1499672.75,1508221.875,1462880.125,1416218.25,1357410.875,1454621.625,1535791.125,1304086.25,1332269.125,1453448.875,1435774.625,1424844.0,1546157.375,1207159.25,1363855.0,1396484.5,1468465.875,1464825.75,1498563.25,1611715.125,1540613.5,1541224.0,1536300.875,1553819.5,1538968.875,1531323.5,1577735.5,1313867.5,1373476.25,1262993.375,1356277.0,1346405.5,1425140.875,1359991.375,1375032.375,1390114.125,1452360.25,1505144.125,1472905.25,1485927.625,1509554.375,1555231.25,1623757.25,1391095.375,1433991.25,1389576.5,1401601.0,1545279.875,1564408.0,1633040.625,1563191.75,1538830.875,1566255.125,1275239.125,1345098.625,1696209.125,1682563.5,1545635.25,1591925.625,1581642.75,1559149.25,1213248.0,1200461.125,1598378.125,1542171.75,1259212.625,1504384.125,1471228.0,1457368.5,1557322.375,1570513.25,1347907.25,1293964.25,1317590.875,1336640.75,1007820.375,1098364.25,872046.6875,913110.75,1388102.0,1376482.5,1574790.875,1528654.5,936578.375,893781.1875,1062335.25,1048856.125,1032812.25,992396.0625,1262953.375,1315581.5,1579845.25,1440041.0,1247384.875,1265017.5,1241585.25,1366845.25,1212045.0,1252504.625,1554336.625,1549959.25,1275343.875,1300244.125,1651036.375,1679004.625,1323677.125,1342044.75,1433857.625,1439289.5,1742961.625,1497295.625,1595314.375,1618960.75,1487078.875,1673383.0,1760136.125,1814813.0,1429027.375,1632822.625
19,1511563.0,1401549.625,1412906.375,1426238.25,1220169.25,1226837.75,1472389.25,1330834.0,1461664.5,1403727.25,1562623.125,1487604.625,1427289.625,1382427.125,1501450.25,1532032.875,1419676.25,1373056.875,1352438.75,1356843.375,1356629.875,1352661.625,1498746.25,1314527.0,1431292.75,1343286.625,1147763.875,1195112.625,1544355.5,1589587.125,1395628.125,1424174.5,1318339.625,1271272.5,1193415.25,1164285.875,1408868.5,1486084.75,1395128.625,1471156.375,1565876.25,1544749.25,1098710.375,1088957.5,1057749.25,1023269.125,1127028.0,1111439.5,1172779.875,1108567.5,1228912.375,1305403.5,1213481.375,1312127.5,1371835.75,1419505.25,1337147.125,1286714.0,1134367.25,1289566.875,1326885.625,1332038.5,1514183.5,1436805.625,1331119.25,1384395.875,1410448.375,1329977.75,1055955.125,1099440.25,1461258.375,1573667.125,1464453.5,1486009.75,1149615.25,1049123.625,1466933.875,1400651.25,1294201.875,1524791.5,983887.4375,1065351.0,1079249.625,1116467.5,1120292.5,1257061.0,1364996.125,1364875.0,1086871.0,980329.625,1348609.25,1241837.25,1027731.6875,967609.125,1168213.875,1018597.5,1246893.5,1356934.875,1307646.125,1228379.625,826048.1875,889137.875,1103837.625,1022565.0625,1366599.625,1376359.375,1319857.625,1315333.375,1096692.5,1070466.0,1078732.25,1122650.125,1267589.875,1244423.375,1094319.375,1069223.375,1186288.5,973078.4375,1297960.25,1278583.5,1644203.375,1602888.5,1608903.625,1648030.0,1264266.5,1381868.5,1454953.75,1493643.75,1508808.75,1463789.125,1416139.375,1359887.625,1451809.25,1534942.5,1305105.375,1334317.0,1448039.125,1427469.625,1424049.125,1546093.625,1200609.0,1359527.0,1394560.0,1468847.0,1464922.875,1500864.125,1616872.125,1543955.125,1542876.5,1538200.5,1555483.625,1540007.5,1531980.625,1578878.0,1316050.75,1375289.25,1263786.125,1355967.25,1347579.0,1426402.0,1359011.75,1377980.125,1391337.875,1452306.875,1506421.875,1474106.875,1491457.25,1512822.125,1554978.75,1623720.75,1392157.25,1435492.5,1390757.875,1403610.25,1546384.75,1565206.125,1634381.875,1564825.125,1539342.5,1568031.625,1274500.0,1344494.875,1697092.5,1684233.75,1546295.625,1591588.25,1585093.5,1559851.0,1212842.25,1199390.375,1601307.875,1545127.75,1261243.625,1508583.0,1471038.875,1457144.125,1560212.75,1571447.75,1349615.25,1296932.375,1321291.25,1338446.625,1009598.9375,1098459.875,872383.6875,912416.8125,1394004.5,1379360.25,1575963.125,1526357.625,936787.875,893700.9375,1065496.75,1047550.4375,1033884.375,992455.625,1260709.25,1314336.875,1583247.0,1443242.25,1246669.625,1265224.0,1243344.5,1369164.75,1212050.5,1255327.0,1554963.625,1550759.125,1275143.0,1299909.5,1656053.625,1680921.625,1325774.125,1345398.375,1435130.25,1440077.0,1744220.375,1499779.75,1597225.625,1619664.75,1487612.0,1674381.125,1760201.25,1815990.375,1434655.625,1635480.0
20,1508887.0,1400883.25,1410458.125,1426657.5,1221754.0,1230513.625,1471264.125,1328473.125,1463278.125,1403024.5,1561193.375,1487481.375,1429027.0,1385403.375,1500978.0,1530908.75,1419049.625,1371459.125,1353555.125,1357280.125,1356115.5,1349867.375,1495580.5,1312062.375,1429995.625,1340927.25,1148072.875,1195753.0,1542221.75,1586267.875,1395445.125,1420867.375,1317303.0,1269189.875,1192796.375,1160966.5,1408718.625,1483771.375,1393311.0,1465882.75,1566139.25,1544101.25,1095865.0,1084820.5,1056674.875,1023259.0625,1127204.375,1112480.0,1172721.875,1108750.5,1226919.75,1301540.125,1212635.0,1311238.75,1371604.625,1417844.75,1337969.25,1286991.875,1135824.75,1289890.75,1326724.875,1330806.375,1513132.875,1433792.75,1331674.25,1385284.25,1409820.625,1330208.75,1057871.375,1100547.625,1461594.375,1574746.375,1463716.375,1484316.125,1151881.0,1050123.125,1467207.125,1402118.5,1295592.25,1527444.375,984440.625,1066510.375,1081927.875,1119647.5,1122393.0,1262590.0,1366921.875,1366348.125,1087935.5,983169.0,1350034.25,1243185.625,1027825.75,969144.0625,1170384.875,1017664.4375,1251185.125,1363769.875,1306224.0,1229395.875,827204.4375,888678.5625,1103316.625,1022467.375,1364687.0,1374929.875,1319474.5,1316282.125,1095177.5,1069172.875,1077275.0,1121232.625,1264801.75,1242520.0,1093668.75,1066105.125,1183671.625,973116.4375,1296428.375,1277154.25,1647299.875,1605219.25,1610795.875,1649467.75,1263189.0,1381582.0,1459459.0,1490492.875,1508711.5,1465528.75,1416180.625,1360794.875,1450364.375,1533382.5,1307784.375,1336606.75,1444838.875,1422291.75,1423565.25,1546679.5,1196974.375,1355794.75,1394597.125,1467644.5,1465145.5,1501250.75,1622053.125,1548059.75,1544307.5,1539277.625,1557637.25,1540918.5,1533601.125,1579641.875,1317117.875,1374319.0,1262742.375,1355465.125,1348297.625,1426886.5,1358327.25,1378429.25,1392017.625,1451601.125,1503870.75,1471879.0,1491339.0,1509160.75,1553261.125,1620788.5,1392274.0,1433385.375,1390270.5,1402908.0,1546375.375,1563504.375,1632157.75,1565739.375,1539005.5,1567569.875,1276137.0,1346348.125,1696381.75,1684641.375,1545411.25,1590338.75,1585828.375,1559651.5,1210278.625,1198503.625,1601102.5,1547237.375,1263303.25,1511959.5,1469577.75,1456840.25,1562963.5,1571866.0,1351273.25,1300525.25,1324929.125,1341846.75,1012180.875,1101299.625,873371.6875,912730.25,1399802.125,1383306.125,1577383.0,1526830.125,934722.5625,892262.125,1064986.75,1045995.5625,1032746.5625,991269.5,1259385.75,1314905.875,1584603.0,1445196.625,1246854.375,1265906.375,1242775.625,1369948.25,1210986.375,1255542.0,1556675.375,1552490.625,1274064.0,1299093.0,1658199.625,1680248.5,1325967.5,1347344.75,1435779.625,1439992.375,1745273.625,1502585.875,1597355.625,1620612.0,1488199.5,1675202.5,1760987.125,1818395.125,1436586.5,1635849.25
21,1507876.0,1398910.0,1408044.25,1426124.75,1220041.75,1233639.875,1473257.75,1328411.75,1461988.125,1402974.125,1557071.375,1485250.625,1428060.125,1385350.25,1500967.5,1530397.625,1417737.125,1372708.375,1353082.25,1354968.375,1356654.625,1346888.125,1495863.625,1309775.875,1431250.625,1339448.25,1146045.5,1192912.0,1535993.25,1578573.375,1393513.25,1417266.5,1311620.125,1265744.125,1189498.25,1157363.625,1406510.875,1482066.375,1389356.875,1462405.5,1563221.5,1543329.0,1095967.875,1084116.125,1059287.5,1025440.75,1125385.0,1107583.25,1175718.25,1111388.5,1223020.625,1297582.875,1210387.0,1307764.125,1371013.375,1416014.0,1337348.5,1285874.625,1130202.75,1290563.25,1325605.625,1330718.75,1510028.25,1434099.5,1330077.25,1385112.875,1407684.875,1331754.375,1065715.375,1109688.375,1461121.875,1571352.75,1462366.625,1485401.375,1152831.875,1050510.75,1469153.625,1406534.375,1295911.125,1530975.375,984329.8125,1068690.125,1084956.5,1122714.125,1119446.25,1264140.25,1368227.75,1368589.625,1088449.375,983818.3125,1349174.75,1243766.125,1029084.375,971829.3125,1170836.0,1016931.0625,1249580.875,1365707.0,1303417.0,1231074.125,826715.1875,890106.125,1106736.625,1024315.4375,1364208.875,1373636.625,1320631.5,1316746.0,1100343.125,1074886.375,1081582.75,1121838.125,1266329.625,1246106.125,1095884.875,1069612.375,1185743.625,979236.6875,1299477.75,1282125.0,1647509.125,1603569.75,1610804.625,1646948.0,1266882.75,1381298.75,1462985.75,1492869.875,1508091.125,1467207.625,1417088.75,1360230.0,1451936.0,1532398.25,1308891.125,1338409.875,1446284.25,1423420.25,1423671.125,1547127.625,1199157.125,1354743.5,1397531.625,1466130.375,1465667.375,1499923.125,1624622.5,1550044.5,1544621.75,1538472.125,1557988.0,1540743.375,1535057.5,1579799.5,1316392.375,1371617.0,1261045.875,1355163.75,1348001.0,1426844.625,1359113.75,1375752.75,1391549.5,1451734.0,1498907.625,1468352.125,1485069.625,1502615.5,1553337.875,1618016.5,1391732.375,1429788.5,1387875.125,1400271.25,1544899.375,1560839.875,1628597.125,1565899.75,1536411.5,1563808.625,1279516.625,1350246.125,1693416.875,1681664.25,1543263.25,1589070.0,1582879.125,1558567.25,1207360.625,1197985.125,1596844.25,1545687.875,1262548.5,1511228.375,1467703.0,1456217.625,1562300.125,1570637.875,1350621.125,1302173.75,1325366.75,1345365.75,1012555.8125,1103860.625,873581.625,913708.75,1400856.0,1386076.5,1578101.125,1528598.75,932649.8125,891903.1875,1059432.5,1046226.8125,1031042.5625,990836.75,1260650.875,1317059.75,1583335.5,1443562.5,1246851.0,1265616.5,1241136.75,1370274.625,1208736.125,1250763.25,1559316.25,1554151.875,1273072.75,1297444.625,1656344.875,1677577.25,1323464.125,1347092.125,1434692.0,1439271.0,1745392.875,1503795.75,1595065.375,1621951.75,1489898.125,1674771.375,1760354.375,1818817.0,1433867.125,1634290.625
22,1511465.0,1399123.5,1409778.625,1423127.5,1221929.75,1236314.125,1477075.25,1328884.75,1461361.625,1404222.375,1556091.25,1484480.25,1426827.375,1383749.75,1502587.75,1531654.25,1417124.875,1374442.125,1352807.375,1352843.75,1358587.5,1346266.5,1499772.125,1309254.625,1433610.25,1338721.875,1144029.25,1188882.25,1531333.625,1571301.125,1393348.5,1416105.125,1307708.375,1262817.25,1187270.75,1156776.875,1404642.875,1482681.625,1388260.25,1461866.75,1560918.5,1543907.75,1097663.25,1084703.625,1062541.625,1026624.875,1122939.625,1100935.625,1179853.375,1114216.875,1221162.375,1296522.125,1209679.625,1306526.125,1370215.375,1414652.5,1337750.375,1284684.25,1128975.5,1291793.75,1324574.0,1331802.125,1508224.0,1435271.25,1328867.125,1384728.125,1407372.25,1333945.625,1071473.875,1116424.625,1460804.75,1567097.625,1463013.875,1489205.625,1151586.25,1050298.25,1471828.0,1410529.75,1296497.25,1531677.375,983735.6875,1070798.875,1086629.5,1122478.125,1115103.875,1261700.25,1369555.25,1370338.625,1087727.875,983069.3125,1344265.875,1241872.25,1032003.5,972834.625,1170885.0,1017761.875,1243576.0,1359799.0,1300994.125,1231123.875,824795.3125,891101.1875,1111751.75,1026512.375,1364939.875,1373416.375,1321371.5,1315135.75,1108419.625,1081722.0,1086578.25,1123457.875,1269832.875,1249780.25,1100578.875,1075979.0,1191209.5,984108.125,1303524.625,1288118.5,1644680.125,1599178.5,1608778.875,1643410.25,1267696.375,1379814.75,1460206.125,1493765.125,1508065.375,1466880.625,1417358.625,1358915.75,1453240.125,1532345.5,1306489.25,1338699.25,1448074.25,1426321.375,1424421.25,1546568.75,1202381.875,1355462.75,1399932.5,1464976.0,1466149.375,1498012.0,1621103.125,1546028.875,1543674.625,1536102.625,1554846.0,1538396.0,1534198.375,1578542.375,1315461.0,1371047.375,1260929.875,1355554.875,1347314.375,1427364.25,1360767.75,1374557.625,1391499.375,1452747.5,1497203.75,1468303.0,1479753.75,1499599.0,1556567.25,1619400.875,1390362.25,1428001.375,1385377.0,1398296.5,1542746.375,1559253.875,1628516.125,1566525.625,1535458.875,1562665.375,1280180.625,1351485.375,1693138.25,1680483.375,1543034.5,1589634.5,1580243.0,1558337.25,1206411.875,1197462.625,1592765.25,1541516.0,1260060.875,1507475.25,1466829.125,1454987.25,1558361.875,1568440.75,1347543.375,1300679.625,1322056.125,1347339.75,1012209.625,1104686.75,872751.125,914459.4375,1396643.5,1385787.375,1576272.5,1528399.125,935311.125,893612.6875,1055181.375,1048735.5,1031421.75,992283.4375,1262676.5,1318078.0,1583471.0,1441164.375,1246219.625,1264108.25,1242501.5,1371488.25,1207718.0,1245239.375,1560165.875,1553851.25,1273041.375,1295939.0,1654337.875,1676883.25,1320519.5,1345266.625,1433036.0,1439035.375,1744760.875,1502963.0,1593306.625,1622208.875,1491763.125,1672894.125,1758063.25,1816333.5,1430646.75,1633035.0
23,1517815.0,1403370.25,1414355.625,1418682.0,1230389.125,1238113.375,1479554.875,1327792.375,1466176.375,1405922.0,1561554.625,1487496.625,1427608.875,1383100.0,1504688.75,1532128.75,1418721.5,1374292.75,1353785.0,1351883.875,1360396.25,1347923.375,1504358.375,1308603.25,1435402.0,1337193.0,1144891.75,1187299.375,1533653.875,1569517.125,1395233.25,1416853.5,1309859.75,1260689.5,1188648.375,1158219.375,1405493.0,1484544.875,1390740.0,1462523.5,1561446.625,1545978.125,1098248.75,1083620.5,1062665.0,1025063.75,1122716.125,1098981.75,1181431.375,1114730.5,1223411.625,1297541.125,1210697.25,1309133.125,1369705.5,1414205.25,1340932.375,1285190.125,1141998.875,1293212.125,1323791.125,1332215.25,1509324.125,1434313.125,1331476.375,1386049.75,1413041.25,1336286.75,1070534.5,1114233.5,1460753.0,1566557.5,1465750.0,1493126.125,1149055.0,1050097.25,1474308.625,1411480.375,1298815.25,1531290.625,983403.5,1071673.5,1086084.125,1119126.875,1113191.75,1257306.0,1371909.5,1373004.75,1086046.625,983135.8125,1337813.375,1239294.625,1034570.875,972457.625,1171133.25,1017577.0,1238748.5,1348571.625,1300875.25,1228670.375,823137.375,889594.75,1114114.375,1027609.3125,1366303.125,1374042.125,1320328.25,1312445.5,1111556.5,1081910.875,1086515.75,1123505.875,1270676.5,1248192.25,1103136.0,1076685.5,1195838.875,980941.8125,1304882.25,1289610.5,1642279.375,1596670.125,1606657.125,1641857.25,1263095.625,1376646.25,1453268.375,1488497.125,1508551.125,1464127.875,1416047.5,1358522.375,1452080.875,1532762.0,1303100.375,1335872.25,1446603.5,1426078.25,1424895.125,1545612.0,1201649.5,1355666.5,1398182.375,1463702.75,1465121.875,1496153.125,1614989.375,1538684.125,1543054.25,1535271.625,1551170.625,1535117.75,1531719.125,1576542.625,1315175.875,1373231.125,1261921.5,1356521.125,1346695.75,1427993.125,1362372.25,1378131.0,1392676.25,1453966.0,1501270.625,1470971.875,1481039.125,1500903.0,1559799.25,1623615.875,1388322.875,1428670.5,1384809.375,1398279.5,1541304.125,1559205.75,1632205.625,1567764.125,1539036.0,1566992.125,1278525.875,1349288.5,1697545.625,1684664.0,1545511.75,1592016.125,1581155.5,1559745.0,1207535.25,1197097.875,1593037.0,1538893.875,1259265.25,1504986.625,1468031.5,1454074.375,1555364.375,1567650.5,1344786.125,1298095.75,1317126.75,1346516.875,1013424.375,1105641.0,871722.75,914431.625,1391163.875,1382730.5,1573379.25,1525569.375,941554.3125,894744.625,1057657.875,1050616.25,1034050.9375,993917.0,1263593.875,1316999.0,1585403.5,1441115.0,1245757.125,1262807.875,1245668.25,1371965.0,1208690.375,1244379.375,1557759.375,1552093.625,1273536.75,1295789.0,1653966.625,1679303.25,1319476.625,1342466.75,1432750.0,1439156.125,1743964.375,1501086.125,1594214.0,1621314.125,1492284.0,1671862.5,1756467.625,1813822.75,1429324.125,1632788.5
24,1520832.0,1407220.0,1415411.875,1416652.5,1235084.75,1236097.625,1478341.125,1325295.875,1471800.875,1406327.375,1567130.125,1490843.5,1429347.75,1383685.0,1504513.125,1530261.625,1421085.25,1373723.5,1354463.5,1350691.5,1359915.5,1348948.125,1504191.5,1307314.75,1434851.5,1335407.625,1146814.125,1187554.25,1539676.5,1572821.5,1396148.625,1417382.0,1314435.125,1261529.875,1191644.25,1158807.625,1408785.25,1486896.375,1394343.875,1465522.125,1564289.625,1548696.625,1097690.125,1082852.875,1060924.875,1023254.4375,1125609.0,1102211.75,1180379.375,1113935.375,1227803.5,1299456.875,1211742.0,1312018.75,1369989.375,1414488.25,1342624.125,1286182.75,1155093.125,1292802.5,1324016.75,1332298.75,1511350.875,1433876.375,1335898.5,1388188.875,1419654.5,1337003.375,1068460.0,1109911.625,1460824.375,1569229.375,1468623.625,1495699.25,1147744.125,1050210.5,1477893.25,1412252.25,1301805.25,1532909.0,983568.0,1070836.625,1084704.125,1116007.375,1111969.875,1252196.625,1374238.625,1376333.25,1084134.875,981869.125,1334412.875,1239576.875,1033519.75,971838.3125,1169309.875,1013503.3125,1236305.375,1339481.125,1302116.875,1225171.625,822357.9375,887312.75,1112359.125,1027136.25,1368141.125,1375206.75,1318931.25,1312408.75,1107316.375,1075260.5,1083799.0,1122936.875,1269567.5,1245441.5,1101000.5,1070470.875,1196688.0,972167.25,1305785.625,1289449.25,1642540.125,1597871.125,1606076.75,1642187.0,1261174.125,1375274.125,1451247.0,1484274.25,1508459.875,1462421.625,1415002.25,1359677.25,1451080.25,1533859.25,1301659.875,1329860.875,1444937.375,1424892.875,1424002.5,1546095.5,1199547.875,1355708.0,1393507.375,1462419.75,1463177.625,1495131.875,1612942.25,1534935.25,1542839.0,1536456.875,1550627.75,1533606.875,1529865.5,1575033.5,1314836.375,1374796.125,1262043.25,1357387.125,1346028.875,1428137.25,1362900.25,1382205.25,1394039.25,1455039.25,1507334.0,1473141.375,1486071.25,1503739.625,1561240.75,1627516.75,1387375.875,1430583.125,1386393.5,1399911.375,1540980.375,1559810.125,1634851.625,1568637.5,1543939.875,1571906.625,1278263.5,1347528.875,1701849.0,1689605.625,1547124.25,1593861.25,1583834.5,1561818.375,1209477.5,1196903.0,1595981.25,1539420.625,1259453.75,1504673.75,1470100.25,1454434.375,1555354.375,1568412.5,1343127.875,1295694.75,1312152.875,1342016.625,1012018.8125,1105332.375,870695.0625,913396.1875,1388046.375,1379070.25,1573055.375,1523235.875,945198.0,893697.1875,1063089.125,1050303.75,1036432.25,994095.0,1264279.375,1316223.375,1585647.5,1443113.25,1245902.75,1262741.375,1246428.0,1371192.125,1209753.0,1247565.0,1554779.75,1550848.75,1274537.25,1296799.75,1654382.875,1681763.375,1321204.125,1339845.875,1434178.25,1439628.0,1744384.875,1500063.625,1596386.125,1620802.625,1492032.5,1672726.5,1757360.875,1813550.75,1429487.625,1632940.0
25,1518379.5,1407210.5,1412159.75,1419489.875,1228602.125,1230560.875,1474406.125,1324070.5,1468793.25,1404538.875,1566318.5,1490393.75,1430265.125,1384313.5,1503954.125,1529954.375,1422902.0,1375915.625,1355194.625,1350635.625,1359427.5,1349323.125,1499898.875,1309093.125,1432815.125,1335734.125,1146645.5,1187194.125,1542964.5,1578222.375,1395888.625,1418656.0,1315813.625,1267380.125,1192591.875,1158773.875,1411597.75,1489037.75,1396863.125,1472426.875,1567138.125,1550974.5,1096451.125,1084027.875,1059761.625,1023072.4375,1127817.875,1104550.875,1179600.375,1113957.25,1229649.75,1301257.0,1212650.125,1312999.125,1370721.375,1416052.5,1338989.375,1285372.0,1146981.125,1289679.75,1325652.25,1334097.625,1512793.875,1439968.75,1335016.25,1386521.0,1415317.0,1333644.0,1068291.375,1108898.375,1461246.875,1570729.375,1470065.875,1496752.875,1148941.5,1050462.25,1483223.875,1414924.125,1303383.25,1535488.5,983699.0,1069581.75,1084031.625,1114871.375,1109257.75,1248140.125,1375121.875,1378319.0,1082111.625,976654.625,1335224.75,1241251.375,1028794.5,969817.125,1165264.125,1010100.8125,1234189.125,1337439.625,1303162.5,1222208.25,821608.3125,885307.6875,1107610.875,1024082.375,1369598.875,1376416.125,1318572.375,1315120.75,1098579.125,1065073.375,1081603.375,1122407.875,1269083.125,1246338.625,1095830.875,1061774.0,1193446.375,963594.8125,1307283.75,1289790.5,1644902.0,1599359.875,1607034.75,1642820.25,1264920.625,1377369.875,1456013.125,1487759.125,1507729.25,1463508.875,1414704.625,1359485.375,1451860.375,1535284.375,1301964.25,1325140.5,1446226.125,1426431.75,1422568.875,1547917.625,1200818.625,1357651.5,1390620.0,1461914.75,1462486.375,1495779.375,1614470.5,1536274.625,1541731.25,1535585.375,1552802.0,1534853.75,1529423.875,1574160.875,1314615.875,1373690.625,1261085.0,1356555.5,1345564.0,1428369.125,1360925.125,1379799.125,1394168.125,1455350.75,1511129.0,1475608.125,1488839.375,1506283.375,1563150.5,1629576.375,1388673.25,1431366.125,1388585.5,1401461.125,1541395.75,1560464.0,1634297.125,1569277.125,1546458.375,1573340.875,1278385.375,1347147.875,1701983.125,1690446.625,1546086.375,1593700.5,1585235.375,1564180.0,1211276.5,1197194.25,1598047.625,1541152.875,1258644.75,1505292.625,1470922.125,1455714.875,1556466.125,1568967.5,1341995.0,1293362.375,1309466.125,1336455.25,1005899.75,1101461.625,870092.25,912154.125,1387895.375,1377088.75,1575337.625,1524142.375,944701.3125,893017.5625,1064754.75,1049804.5,1036488.5625,992935.6875,1265208.0,1317436.375,1584707.125,1445269.125,1247106.375,1264217.875,1246118.625,1371770.5,1211187.625,1251026.25,1552871.375,1550398.625,1277026.625,1298010.625,1656189.25,1683308.75,1325032.5,1339934.875,1436461.125,1441623.75,1746302.25,1501630.625,1597769.5,1620822.5,1492289.375,1673825.375,1758957.5,1814255.375,1431440.375,1633920.25
26,1513925.625,1404914.125,1410437.25,1424977.5,1219275.75,1226911.375,1471331.25,1326211.0,1458450.25,1401460.25,1562260.75,1487476.75,1430632.5,1384884.5,1506414.375,1534215.5,1424737.125,1379841.625,1357713.375,1353596.625,1361981.0,1351406.125,1498359.125,1314825.125,1432535.375,1338948.75,1146247.0,1187403.0,1543829.0,1583541.125,1396580.5,1421942.375,1314421.75,1273831.75,1191205.5,1159884.875,1411904.25,1489143.75,1397247.125,1478530.0,1568064.75,1552086.25,1094621.625,1084828.0,1058810.0,1023360.3125,1126484.875,1103535.5,1179553.625,1114164.25,1227160.375,1301302.375,1213329.5,1312305.375,1371585.375,1418837.875,1333957.25,1283713.125,1125176.125,1286590.25,1326664.625,1335417.125,1514077.875,1448624.75,1327963.5,1380353.375,1400807.625,1327950.375,1065777.75,1107661.0,1461405.875,1568739.625,1468556.0,1494347.0,1150752.0,1049970.25,1485446.25,1415071.625,1301567.0,1534824.875,983352.1875,1069167.375,1084197.625,1115361.375,1108442.375,1248575.875,1373856.75,1377278.75,1081238.75,972559.375,1338112.875,1240776.625,1025018.25,967009.6875,1162993.875,1012401.0,1233878.375,1340527.5,1304201.0,1221330.375,821530.9375,883746.75,1103318.5,1020488.4375,1369467.0,1376819.0,1318701.5,1316501.875,1091831.0,1058501.125,1079350.25,1121028.75,1268468.5,1247719.125,1091761.625,1056819.75,1188732.75,960339.125,1305128.375,1286308.5,1647308.25,1598814.125,1608814.375,1643775.875,1267911.25,1380290.375,1460082.125,1493939.875,1507328.125,1464152.625,1414423.75,1356896.625,1452312.75,1535456.0,1303112.125,1326660.125,1448093.875,1428981.75,1422382.75,1548080.875,1204364.625,1360567.5,1391930.625,1463333.375,1463254.125,1497160.875,1615208.75,1538891.375,1540909.5,1532365.375,1555384.75,1537305.625,1530427.5,1574321.5,1314638.375,1371517.25,1259982.625,1353122.125,1345641.75,1428045.0,1357673.875,1372704.375,1392859.375,1454062.625,1512436.375,1477962.5,1488826.75,1506709.875,1564218.125,1627659.875,1390039.75,1429608.5,1389968.25,1400861.0,1542746.625,1561565.875,1633111.0,1569837.5,1547088.375,1572583.625,1276627.125,1346226.625,1699262.875,1687363.875,1544795.625,1592461.125,1585814.5,1567092.0,1212534.125,1198615.5,1598978.75,1542830.125,1258526.5,1506606.625,1470827.125,1457067.25,1557833.0,1569502.625,1343116.625,1292708.125,1311976.0,1334841.125,1002155.9375,1097734.375,871011.875,912023.5625,1390003.5,1377929.5,1576865.25,1527239.625,942711.3125,893836.5,1062810.25,1050263.75,1034557.3125,991232.375,1264718.75,1318625.125,1584956.25,1445868.25,1248988.75,1266470.5,1247438.25,1373327.0,1213900.75,1252960.25,1551155.625,1550035.125,1279271.375,1298703.25,1658800.25,1685184.625,1328021.25,1342551.875,1437540.875,1443603.625,1747796.0,1504773.75,1597465.875,1620038.125,1491814.25,1674259.375,1758503.875,1814885.25,1434051.75,1635152.125
27,1511914.625,1403342.875,1412647.75,1428077.375,1219350.625,1229778.75,1472176.5,1330518.25,1452556.375,1399200.625,1560760.625,1485936.0,1431108.5,1385691.375,1509813.625,1538843.75,1425505.5,1380527.125,1361126.625,1357704.5,1365468.375,1354472.75,1502300.5,1318454.0,1434882.625,1342059.875,1149774.125,1190608.0,1544417.25,1585657.875,1397462.25,1424387.0,1313371.125,1273830.0,1190170.375,1161381.625,1410398.375,1486647.125,1395329.0,1477458.0,1567077.625,1551130.5,1093737.625,1084488.125,1058124.75,1023495.5625,1124759.375,1103758.625,1178034.875,1112698.875,1223994.875,1299955.75,1212231.375,1309083.25,1372661.75,1420475.375,1333043.75,1283360.25,1116844.125,1286588.25,1324954.875,1332936.75,1514033.625,1448813.0,1322804.75,1376224.375,1392500.625,1325508.375,1060658.5,1105007.625,1460317.125,1564699.75,1463424.5,1487716.5,1150485.625,1047388.5625,1478505.75,1408316.625,1295349.75,1529393.375,982748.0625,1068763.125,1083519.375,1116163.5,1112654.125,1254417.5,1369779.125,1372951.0,1083202.0,974962.8125,1342655.0,1240200.0,1025224.8125,966707.375,1164554.125,1015454.0625,1238113.875,1346531.0,1305371.0,1224162.875,823652.3125,884479.125,1102757.125,1020538.375,1367976.875,1376090.25,1319125.75,1315589.25,1091755.25,1062065.125,1077741.125,1119828.75,1266413.125,1245826.875,1091153.375,1059389.125,1185619.25,964382.4375,1298455.75,1278376.5,1647593.875,1598134.375,1610790.875,1645437.625,1267855.5,1381638.375,1459523.375,1497133.125,1507559.5,1462619.5,1414875.625,1355673.625,1452188.0,1534119.75,1306046.25,1333269.875,1448487.0,1429962.375,1423043.875,1545327.0,1206259.625,1361730.0,1395943.875,1467009.25,1464249.5,1497335.125,1616115.5,1541852.125,1542516.0,1532029.5,1557244.625,1539453.5,1532909.875,1576446.125,1313338.5,1369733.25,1258737.875,1349208.5,1345700.625,1425661.5,1356470.25,1369646.625,1390959.625,1451380.875,1511259.125,1475958.25,1488421.875,1503622.875,1559868.75,1621130.5,1389395.0,1427271.0,1390545.5,1398749.75,1544809.25,1563096.5,1632509.75,1568860.375,1546471.25,1570814.0,1275081.375,1344961.375,1696144.625,1681849.5,1544050.75,1590600.125,1586240.875,1568086.125,1212634.875,1200020.0,1599060.625,1543936.125,1260977.25,1507988.25,1470817.625,1457868.125,1559775.75,1571098.0,1347623.75,1295737.75,1317852.0,1338348.125,1006332.625,1099058.25,873025.875,913020.875,1393463.5,1381496.5,1577105.625,1530567.25,940369.625,893774.1875,1061426.875,1049980.875,1032377.875,989772.8125,1262284.875,1317117.625,1584267.0,1444054.625,1249616.25,1267327.125,1247716.625,1372321.5,1215350.5,1253097.125,1549969.25,1549472.375,1278211.5,1298545.0,1658942.125,1686775.5,1327408.0,1344116.875,1435775.875,1442419.875,1746914.25,1506128.125,1595490.0,1618041.25,1489414.5,1673838.25,1755636.75,1815065.875,1433995.25,1635068.375
28,1513718.5,1403682.875,1414901.875,1426453.75,1227632.5,1235739.5,1476223.75,1332822.625,1456824.875,1399350.875,1561566.0,1486443.0,1430632.875,1385408.375,1509395.375,1537656.0,1423805.5,1376869.0,1361472.5,1358378.375,1365401.5,1354369.375,1506606.625,1315089.875,1437275.25,1341911.125,1155389.875,1194185.375,1542766.625,1582846.875,1396007.25,1422559.125,1312645.5,1267917.375,1190510.25,1160769.125,1408461.5,1483311.375,1392328.875,1470371.125,1564985.125,1547901.0,1095927.625,1085570.25,1059283.25,1024677.5625,1126487.375,1107482.375,1175457.125,1110735.875,1223859.375,1299117.875,1209614.375,1304147.625,1373428.375,1418861.25,1335906.375,1284248.25,1129801.5,1288664.125,1322037.625,1329135.5,1511367.25,1440686.0,1325348.0,1378676.5,1398827.0,1328312.375,1059485.25,1105296.0,1458264.5,1561029.0,1457728.0,1480649.625,1147204.875,1043213.0,1466023.25,1398000.375,1287229.125,1523343.375,982105.5,1067009.5,1081355.5,1116827.875,1117112.5,1259839.25,1363606.0,1367461.125,1086949.5,979856.625,1348361.25,1242914.25,1027554.3125,969356.6875,1167396.125,1014255.375,1242928.25,1353593.25,1305438.125,1228324.625,827088.4375,887447.625,1105369.875,1023830.625,1366592.875,1374665.5,1320751.875,1315340.375,1096032.5,1072339.75,1079600.75,1120907.25,1264893.5,1243660.25,1093337.375,1067203.875,1184984.125,971991.8125,1294098.0,1273050.375,1644992.875,1598806.125,1611539.625,1645835.875,1269708.125,1382119.25,1458254.875,1498215.875,1507515.5,1461577.75,1416140.125,1358276.25,1453619.25,1532544.375,1309778.5,1338185.0,1448846.5,1429755.625,1422883.0,1542509.125,1205561.875,1360855.5,1399359.875,1469798.375,1464284.125,1495613.875,1619598.0,1545903.625,1545208.0,1536082.875,1557390.25,1540497.125,1534874.125,1578640.125,1310952.25,1368714.375,1257226.625,1347906.5,1345471.625,1423241.5,1358517.625,1373874.125,1389565.625,1448996.0,1506935.75,1470143.125,1486749.875,1498776.75,1552822.125,1614860.375,1388849.375,1427173.0,1390746.625,1397839.0,1545547.375,1563019.5,1631407.5,1566167.375,1543953.25,1567707.5,1276413.625,1345224.75,1693319.375,1676208.625,1542399.875,1587882.625,1585116.625,1564881.25,1210880.375,1199440.25,1597068.375,1542942.25,1263310.25,1507284.875,1470319.0,1457419.375,1560560.0,1572240.375,1351062.125,1299265.625,1320134.875,1341632.625,1012556.4375,1102712.75,873706.125,913502.0625,1395403.75,1384964.625,1577739.5,1532619.75,937134.3125,892004.8125,1060740.875,1047523.0625,1030744.25,988989.8125,1260435.0,1314314.5,1580698.375,1441089.5,1248485.125,1266066.625,1244443.875,1369050.875,1213496.5,1252212.75,1550953.0,1549628.375,1275066.375,1297957.5,1656003.125,1686367.875,1324053.0,1342967.375,1432747.75,1438991.0,1744441.625,1505026.25,1593461.875,1616718.5,1488055.75,1672882.875,1752764.5,1813832.625,1430778.0,1634689.625
29,1516539.0,1404648.375,1413871.625,1423432.5,1231832.75,1236320.0,1478270.625,1330783.375,1463970.25,1401391.25,1562174.375,1487301.375,1428264.0,1382955.75,1505219.0,1531891.0,1421481.625,1373287.625,1357541.375,1354483.375,1361929.0,1351126.125,1506266.625,1308902.125,1437358.0,1339835.75,1156925.375,1193673.25,1539060.5,1579632.5,1393275.875,1418897.0,1311652.875,1263200.25,1190995.875,1158379.875,1406664.375,1481264.375,1390606.5,1464311.375,1562481.375,1544791.0,1099772.75,1087938.875,1060997.625,1026401.4375,1129244.125,1110469.875,1174392.5,1110427.75,1225847.25,1299267.375,1208554.625,1301984.125,1373022.25,1416274.75,1338762.0,1285671.375,1143703.25,1289947.125,1321888.125,1328222.75,1509126.625,1435098.25,1332124.875,1384197.625,1409543.875,1332397.125,1064100.125,1108523.75,1457080.125,1560413.625,1456960.75,1477967.875,1143212.25,1040887.875,1459915.375,1392416.625,1283825.875,1522184.625,981547.1875,1064649.0,1079921.25,1117479.875,1115482.875,1258267.125,1359810.25,1364283.25,1089275.25,980641.3125,1351237.75,1246161.0,1029196.3125,971606.6875,1168754.75,1012823.8125,1241999.875,1355744.0,1303967.0,1228133.25,828662.1875,889232.5,1107974.125,1026112.375,1366425.625,1373477.625,1322808.375,1316776.625,1099899.75,1078609.375,1083802.0,1123865.75,1266469.375,1245167.875,1096463.375,1073222.5,1186207.5,976042.25,1297347.625,1275375.375,1641224.875,1599945.25,1609276.75,1643344.875,1273716.75,1382797.5,1458706.125,1497428.375,1506522.875,1463102.875,1416388.125,1361525.5,1455553.75,1531963.875,1310509.625,1336757.0,1450042.875,1429251.625,1422516.125,1543009.5,1204183.75,1359862.75,1399308.125,1468021.375,1463420.0,1493953.75,1621843.625,1547604.625,1546015.0,1539767.0,1554904.5,1539331.375,1533667.5,1577739.875,1310657.25,1369841.375,1257055.0,1349777.75,1345944.0,1424592.5,1361170.75,1379487.125,1389880.0,1448525.625,1502899.75,1467572.25,1483560.125,1496682.75,1551104.0,1615044.75,1391172.375,1429497.375,1390647.5,1399274.875,1543783.75,1560556.125,1630791.375,1564670.0,1541412.875,1565761.125,1278859.5,1346761.125,1692305.125,1674913.5,1541264.375,1586602.75,1583163.875,1561260.5,1208955.75,1197905.25,1594539.375,1540230.125,1262611.375,1504195.875,1470003.25,1456121.875,1558725.125,1570785.75,1348854.875,1297746.625,1315985.5,1339862.0,1012561.0,1102140.375,872104.8125,912484.375,1393643.75,1384323.0,1577732.5,1531570.75,934242.75,890821.125,1059160.875,1044839.5,1030037.3125,989437.25,1261472.125,1314092.875,1577664.5,1440047.375,1247578.375,1264739.875,1240568.25,1367391.5,1211188.375,1252732.375,1552993.5,1550683.625,1273772.375,1298228.25,1653734.0,1684442.125,1321369.5,1340864.375,1431631.25,1436787.875,1743245.125,1504661.75,1593546.125,1617508.125,1490325.375,1673302.875,1752842.375,1812287.125,1427933.25,1635251.75
30,1517253.0,1404164.75,1411144.5,1422563.75,1226887.375,1230149.5,1475090.625,1327269.0,1465966.625,1403397.75,1563072.75,1487844.125,1425120.0,1379786.5,1501957.625,1527957.375,1420381.75,1372175.5,1353848.25,1350889.125,1359691.0,1350247.25,1503284.625,1306407.125,1435587.5,1338730.625,1153483.0,1190606.375,1537582.625,1580660.875,1392608.5,1418659.0,1311489.625,1262592.25,1191024.5,1157670.625,1405242.25,1481149.125,1390647.0,1462994.375,1560395.25,1544057.875,1100787.75,1088148.375,1060000.125,1026093.25,1128167.75,1109278.375,1174864.125,1110904.875,1227198.375,1300115.5,1210354.125,1305020.25,1371642.125,1416298.125,1339535.5,1287204.875,1141277.0,1290032.125,1325451.375,1329665.5,1510729.125,1436021.75,1336289.0,1387662.375,1414071.0,1334050.625,1066990.25,1108925.5,1458119.0,1564516.875,1462061.25,1480676.0,1142068.75,1043037.3125,1464372.75,1394728.25,1288720.0,1526697.125,981351.125,1063743.625,1080637.25,1116898.875,1110122.125,1251838.0,1361972.125,1364715.0,1088616.125,977359.3125,1348804.875,1245154.875,1029360.375,971341.25,1168930.125,1014087.375,1237356.0,1350015.75,1302625.625,1222959.75,827069.75,888266.9375,1108511.125,1025587.3125,1367100.25,1373272.375,1322785.25,1317838.375,1101642.25,1076023.0,1084839.125,1125475.75,1269652.875,1247962.875,1099075.75,1072973.125,1189293.0,973397.75,1303367.75,1280926.875,1638822.375,1600713.75,1604728.625,1640299.0,1273882.125,1382531.0,1459130.0,1494516.75,1505774.125,1465496.125,1415165.125,1361338.375,1455383.75,1532874.625,1307814.5,1332084.5,1451158.0,1428938.5,1423907.125,1546073.375,1203728.75,1360083.0,1395988.875,1463804.0,1463590.375,1495100.25,1619210.125,1544488.125,1544913.5,1539602.875,1551244.125,1536467.375,1530100.375,1574753.625,1313143.625,1373205.375,1259748.125,1353328.75,1347508.125,1428199.625,1361412.0,1380175.125,1391920.625,1449592.875,1503580.75,1471203.125,1483164.875,1499918.5,1555089.375,1621135.125,1394546.375,1432636.0,1390807.625,1402130.375,1541279.625,1558533.25,1632510.125,1566253.375,1541510.375,1567761.125,1278057.875,1346418.375,1694616.5,1679476.625,1543197.625,1589056.625,1583189.75,1561852.5,1209513.25,1197993.5,1595525.375,1538946.375,1260941.0,1502573.875,1471207.0,1455315.5,1556193.25,1567955.125,1343949.25,1291718.375,1311227.5,1335050.75,1007147.1875,1096476.875,870277.1875,910843.9375,1391242.125,1379936.625,1576008.875,1528365.25,934620.125,891502.125,1058686.25,1045032.0,1031247.0625,991216.625,1263986.875,1316345.125,1578700.625,1442596.125,1248318.875,1265106.25,1239992.75,1369274.0,1212108.25,1255744.125,1553147.25,1550761.625,1275089.0,1300305.875,1655117.75,1683861.0,1321622.0,1340191.875,1433136.25,1437355.125,1744738.25,1506622.375,1595828.625,1618940.125,1493490.5,1675826.125,1756056.75,1812918.5,1428461.125,1635505.625
31,1515753.625,1401670.75,1409615.5,1422167.25,1218713.5,1222953.75,1470742.75,1326016.25,1463671.375,1404496.625,1564078.75,1487490.375,1422874.125,1377520.625,1501293.25,1527839.5,1419989.25,1372233.5,1353052.625,1350495.875,1360312.875,1352183.375,1502078.25,1307569.25,1433914.5,1338997.75,1148817.875,1188819.125,1538681.0,1582510.125,1393570.75,1420889.25,1311789.625,1262858.25,1190732.0,1159627.125,1404913.375,1482035.625,1390690.125,1464056.375,1559066.5,1544258.375,1098191.625,1086453.25,1057864.125,1024189.125,1123932.0,1105131.875,1175744.625,1110908.75,1227031.625,1301607.75,1212571.75,1310032.625,1370961.125,1417685.875,1338631.5,1287740.125,1131280.25,1290491.5,1328899.875,1331878.5,1514181.5,1438581.5,1336131.125,1388232.5,1412811.125,1333346.75,1064807.5,1105940.375,1460827.375,1570381.0,1467749.75,1486237.625,1144388.5,1048121.8125,1471999.875,1401039.75,1296887.125,1532340.625,981302.375,1064685.0,1082517.25,1116132.0,1106524.25,1247286.375,1366710.25,1367564.75,1086520.125,974448.8125,1344245.25,1241426.375,1028813.75,970316.875,1168842.625,1015174.625,1234486.0,1342465.5,1302247.75,1218789.75,824997.75,887164.5,1107581.0,1024236.5625,1367536.875,1373839.25,1320782.375,1317260.375,1101279.75,1070903.0,1082153.375,1124444.125,1270694.0,1247867.125,1100256.25,1069975.875,1192851.125,969781.125,1304531.75,1282477.875,1639255.625,1600701.25,1601707.625,1639705.0,1270601.375,1381429.25,1459225.75,1493137.375,1506774.875,1466389.0,1415466.0,1359449.5,1454743.25,1534085.0,1304753.0,1328992.375,1451549.625,1428812.0,1426811.875,1548241.5,1204213.0,1360895.625,1392313.25,1461986.75,1465852.875,1498314.0,1615656.5,1540980.125,1543960.625,1537707.5,1549258.375,1534567.375,1527193.5,1572873.375,1315371.5,1375548.125,1263588.375,1356753.375,1348891.625,1429371.75,1360981.375,1377727.375,1393707.375,1450638.75,1507168.125,1475777.375,1487076.625,1505422.875,1558392.0,1626297.125,1395060.125,1434656.5,1391501.875,1404432.375,1540013.375,1558445.625,1634981.625,1568655.0,1543041.625,1570994.375,1273940.875,1343105.125,1698354.5,1685134.25,1546640.625,1592727.0,1585093.875,1564197.0,1211752.5,1199568.0,1599618.875,1540462.25,1260207.875,1504464.125,1472401.25,1455019.875,1555249.625,1566450.5,1341156.125,1286218.25,1310093.75,1331136.25,1001216.6875,1090292.625,869651.5625,909443.1875,1391000.625,1375462.75,1574450.375,1526406.25,937357.0625,892437.625,1060953.5,1047559.1875,1033499.1875,992496.625,1265287.875,1317598.875,1582224.25,1445986.875,1249548.5,1266429.875,1242157.25,1372007.625,1214807.0,1257713.875,1552744.0,1549944.125,1276560.75,1302776.75,1658587.875,1685095.625,1324088.125,1341463.0,1435459.75,1440217.0,1747469.25,1508619.625,1598426.625,1619834.25,1494077.125,1678532.0,1760258.375,1815597.5,1431512.75,1635343.625
32,1513711.875,1399267.125,1409451.875,1420557.125,1212974.5,1218643.25,1470246.125,1327458.25,1461213.75,1405411.875,1562937.375,1485614.5,1422155.375,1376350.375,1500818.125,1529419.0,1419936.875,1373194.75,1352868.0,1350932.125,1361475.0,1351968.0,1502919.75,1309673.625,1433717.75,1340251.625,1144642.5,1188079.625,1538223.625,1580291.125,1393990.875,1421082.625,1310811.875,1262813.25,1190004.625,1161888.5,1406346.125,1483098.5,1390253.375,1464535.625,1558374.125,1543491.0,1095727.375,1086806.375,1058958.75,1024063.4375,1120902.125,1100760.5,1177059.875,1111147.0,1225727.5,1303205.5,1213083.0,1312798.75,1371941.75,1417700.375,1337245.125,1287069.375,1128898.125,1292106.75,1328951.0,1336306.0,1515380.625,1440632.25,1334103.875,1387437.375,1409518.125,1331894.5,1063260.125,1104855.75,1463575.875,1573101.125,1470072.25,1492274.25,1148262.875,1052653.625,1476692.25,1407236.25,1302086.875,1534352.875,981137.8125,1065935.75,1083712.5,1118532.75,1104750.125,1245555.125,1368907.375,1371865.625,1085108.875,974382.375,1341896.5,1240221.125,1028584.25,970165.625,1167690.25,1016134.6875,1233078.75,1339117.0,1301664.875,1219475.875,824622.75,887794.625,1107137.0,1023756.75,1367736.875,1374495.875,1319811.25,1315788.25,1099771.5,1069923.0,1081309.0,1123470.125,1268736.375,1246298.875,1099637.375,1069535.75,1192965.75,972052.3125,1302052.0,1280973.5,1642509.875,1599095.5,1602559.375,1640849.125,1269122.25,1381166.75,1458223.5,1494423.0,1508568.25,1466656.75,1418688.75,1360204.0,1455792.75,1533911.375,1302695.5,1327084.875,1451301.625,1427831.0,1428811.625,1549207.5,1204794.75,1360971.0,1390394.375,1462112.25,1468290.0,1500271.75,1614086.0,1540133.875,1543304.5,1536967.0,1549571.625,1534681.625,1526168.625,1572305.875,1315943.875,1374731.0,1265382.625,1359072.75,1348901.5,1428657.5,1362826.0,1377944.125,1393730.25,1451296.625,1508739.375,1476821.625,1489991.625,1508607.625,1560149.125,1626817.0,1392635.0,1433961.875,1391383.75,1404226.75,1540193.125,1558481.25,1635009.5,1569290.125,1542832.625,1571041.125,1271555.625,1340619.25,1700924.625,1687669.125,1547853.0,1593774.25,1585683.25,1563543.0,1212797.0,1200615.875,1601624.25,1542639.125,1258652.125,1506344.0,1471606.625,1454426.875,1555479.5,1566356.75,1340421.625,1284355.75,1309724.5,1329397.875,997363.4375,1087902.5,869504.9375,908555.625,1390270.25,1372743.0,1574002.375,1526114.75,938790.375,892932.125,1063386.125,1049623.75,1034208.6875,991897.4375,1264968.875,1317369.125,1584696.5,1446027.75,1249307.25,1266552.125,1244163.125,1371599.375,1214941.375,1254421.25,1555170.625,1550821.75,1277081.25,1302439.0,1660490.25,1684408.75,1326448.0,1342465.0,1437197.25,1443206.0,1749425.625,1508539.25,1599646.75,1620970.0,1492703.75,1679310.875,1763784.125,1818167.0,1433967.875,1635820.875
33,1512327.875,1399322.125,1409326.875,1419995.5,1211316.125,1218464.25,1472910.0,1330052.0,1460029.375,1406896.75,1559858.625,1483559.375,1422033.875,1376162.25,1499968.5,1531066.875,1419891.0,1375100.125,1352301.25,1350911.75,1361779.5,1349371.25,1503258.125,1311719.0,1434991.625,1342146.625,1141462.125,1187213.125,1535709.875,1576804.25,1394222.125,1419397.125,1308664.875,1264515.0,1188888.875,1163236.75,1408409.625,1484476.25,1389920.5,1464300.75,1558526.125,1542876.0,1095197.125,1089550.25,1061811.75,1025907.375,1120172.875,1098157.375,1178151.75,1111911.375,1223724.375,1304135.875,1212862.75,1312809.0,1373388.875,1417533.5,1337034.75,1287007.375,1132133.0,1293890.625,1326778.0,1342185.75,1513379.875,1442862.5,1331403.5,1386171.125,1407045.125,1331223.0,1064233.5,1106497.875,1464699.25,1572841.25,1470116.375,1497064.875,1151128.375,1054158.25,1477976.25,1410818.875,1303641.375,1532292.5,981379.5,1065929.375,1082873.875,1122036.0,1103329.375,1243541.75,1368502.875,1375395.125,1085254.875,976037.5,1341997.875,1241401.0,1029234.6875,969527.25,1165474.375,1019142.0,1231439.875,1339256.875,1300520.375,1221898.25,824892.6875,888502.9375,1108637.75,1023898.4375,1368243.375,1375122.5,1320656.75,1314417.25,1101129.5,1073266.5,1084118.625,1124393.5,1266711.875,1246880.0,1099864.0,1073010.125,1190095.625,978822.75,1302133.0,1282102.5,1646003.375,1596548.125,1604607.375,1641894.75,1268307.75,1381198.875,1454633.75,1494402.0,1509642.75,1468857.875,1421071.375,1362970.375,1456496.75,1533398.0,1301735.125,1324646.25,1451075.125,1426501.0,1428852.625,1551428.875,1204647.25,1360526.125,1390310.25,1460678.25,1468406.25,1500414.625,1611244.0,1538682.625,1541569.0,1536593.375,1550781.75,1535494.125,1526525.375,1571908.5,1316299.375,1373480.25,1264660.5,1360386.75,1348450.25,1430358.875,1364975.75,1380766.875,1393032.375,1452398.875,1507516.75,1476135.5,1488779.75,1509947.375,1563980.625,1626642.375,1390861.125,1431817.5,1389836.25,1402216.25,1541081.25,1558079.375,1633044.125,1568731.625,1540309.25,1568646.375,1272697.375,1341387.25,1702244.375,1688684.25,1546970.25,1593352.5,1583065.875,1560410.75,1212017.375,1200195.375,1598955.5,1542761.0,1255918.0,1505164.375,1469684.25,1453695.0,1555544.125,1566144.875,1340205.0,1285920.0,1308905.625,1330530.75,997422.8125,1090364.5,869832.8125,909049.5,1387257.625,1372238.0,1573850.125,1525533.75,939137.0625,894480.8125,1063184.5,1050566.75,1033204.5,991058.0625,1263915.375,1317521.5,1584178.0,1442393.125,1247591.875,1264505.5,1245006.125,1368677.25,1212242.75,1248058.875,1558267.125,1552537.875,1277417.375,1298945.0,1658117.375,1679268.5,1326620.0,1340881.625,1437392.875,1443098.5,1748717.75,1505713.875,1598408.625,1621882.0,1491236.125,1677125.5,1764551.5,1818502.5,1433451.25,1635292.875
34,1511909.125,1401406.5,1408950.5,1421070.0,1213508.5,1222084.25,1475261.25,1332333.625,1460366.5,1408313.25,1557518.0,1483120.75,1420923.5,1376154.375,1500423.875,1531187.625,1418707.625,1375826.0,1352654.5,1351601.625,1361193.125,1348059.5,1501823.375,1312034.5,1436416.375,1342970.0,1141085.25,1187031.0,1534387.0,1577283.75,1394178.375,1418866.25,1307235.75,1266969.125,1187593.25,1164056.875,1408590.0,1486107.625,1388784.375,1464939.0,1559073.375,1543400.875,1095012.875,1090739.0,1061477.625,1026537.875,1119507.0,1097881.0,1178047.75,1112416.25,1221730.5,1304039.75,1213375.75,1311516.0,1373815.375,1419190.125,1338975.875,1288790.875,1132788.5,1294586.75,1325384.125,1343813.0,1510049.75,1442991.75,1329147.125,1384711.75,1407029.875,1331836.375,1062169.5,1105641.75,1463840.0,1573630.625,1469622.5,1498180.875,1150790.5,1052913.75,1475732.5,1409027.25,1302743.5,1528665.375,982254.9375,1064793.875,1080514.0,1120307.75,1103312.25,1242351.625,1367661.375,1374076.5,1086342.75,977499.3125,1342954.5,1240720.75,1030016.75,967257.875,1164350.875,1021289.0,1231999.0,1341688.5,1300122.5,1221975.375,825219.1875,888257.875,1111078.75,1024140.25,1368838.375,1375690.125,1321424.25,1314132.75,1107468.5,1078211.25,1086023.5,1125574.0,1267208.5,1248684.75,1104083.75,1078760.0,1190025.75,982917.4375,1304328.375,1285335.375,1646414.0,1596351.125,1603844.375,1643245.0,1266499.375,1380807.0,1452554.125,1493109.125,1510762.75,1473668.5,1419655.625,1364855.5,1455959.125,1535284.125,1302851.125,1323499.5,1451965.625,1427502.75,1428867.5,1555900.0,1203470.25,1360597.5,1391026.75,1458412.625,1466706.5,1501415.0,1608297.75,1536778.75,1540085.75,1535741.625,1552293.75,1536460.375,1527809.5,1572541.125,1317374.375,1375199.0,1263724.625,1360484.625,1349535.75,1435021.25,1364394.25,1381753.75,1393214.375,1454141.125,1505964.5,1476717.125,1486987.875,1512660.0,1567938.625,1629616.0,1391945.375,1431527.625,1388779.0,1401640.875,1541737.875,1558863.375,1632785.75,1568453.0,1537908.0,1567634.5,1273530.125,1342593.625,1702878.625,1690720.375,1547508.0,1594856.875,1579072.625,1558284.5,1210802.625,1198772.625,1595093.875,1540835.25,1254804.375,1502801.25,1469067.75,1453599.25,1555451.875,1566021.75,1341103.125,1289333.0,1310918.75,1335239.125,1001614.1875,1094909.125,871434.4375,911428.0625,1385190.125,1374323.0,1574461.25,1525289.75,940446.1875,896822.875,1060820.125,1051123.875,1032699.0625,991800.9375,1262838.75,1317866.625,1580779.875,1438179.125,1246373.625,1262292.375,1245014.25,1367478.625,1210851.375,1245256.25,1557066.375,1550973.875,1277435.375,1296467.375,1651639.125,1673435.5,1324339.125,1338364.375,1435236.875,1440144.75,1744157.25,1500568.375,1595024.125,1621217.875,1490097.625,1673033.875,1760168.0,1815287.625,1430114.125,1632593.125
35,1512717.125,1404169.25,1408921.625,1421503.625,1216887.625,1225791.125,1475826.875,1333566.375,1462272.625,1408342.625,1557223.5,1484184.25,1419456.25,1375630.875,1502013.0,1529265.25,1416864.5,1374435.875,1353548.5,1353132.375,1359807.625,1348800.125,1499813.25,1309815.5,1436488.375,1341771.375,1144170.75,1188285.875,1534676.5,1580549.125,1392709.75,1420380.75,1307476.875,1267188.125,1186135.0,1164464.375,1406391.0,1487287.0,1386234.125,1467188.5,1559122.75,1544214.0,1094253.375,1088740.875,1058329.0,1025011.1875,1119047.875,1099911.5,1177493.25,1112655.125,1220615.0,1303230.125,1214038.75,1310165.0,1373061.5,1421805.375,1341203.0,1291050.5,1132121.625,1294218.75,1325407.5,1339273.5,1507735.875,1440022.0,1329528.625,1383516.875,1407938.625,1332577.125,1054691.625,1099678.5,1462538.0,1576501.625,1468416.125,1495333.375,1148084.125,1051962.0,1470990.625,1402841.375,1299919.25,1525792.375,982865.1875,1064336.125,1078781.5,1113908.375,1105505.0,1245303.0,1367116.125,1368649.75,1086448.0,978151.625,1344839.125,1238999.125,1029431.1875,964733.9375,1165762.25,1019384.0625,1236350.375,1347058.125,1300869.25,1220703.25,826182.125,888435.6875,1111281.625,1023818.25,1369045.375,1375567.125,1321608.625,1315810.625,1112336.375,1079516.5,1083475.375,1125442.375,1268890.25,1248377.75,1108486.0,1081472.375,1193333.25,979789.3125,1302993.625,1285963.5,1644235.625,1599993.75,1600677.75,1645365.25,1267317.5,1381482.375,1455548.25,1494322.25,1512545.5,1478821.0,1417024.375,1366800.25,1456256.75,1539018.75,1305678.0,1325885.25,1453373.375,1430731.0,1430130.25,1561164.0,1201339.0,1361059.5,1391204.625,1458547.5,1465761.75,1504354.375,1610518.375,1538584.75,1541652.25,1535879.875,1553889.875,1537815.375,1529486.5,1574864.75,1318630.375,1378606.625,1263686.125,1358953.875,1351650.875,1438899.75,1362373.0,1380798.875,1393894.0,1455538.875,1505273.0,1478105.25,1487680.625,1516190.75,1567021.375,1632724.5,1393913.0,1433177.75,1389589.875,1403415.375,1542005.375,1560966.5,1635303.625,1568977.75,1537771.625,1569033.625,1272563.125,1342576.25,1702880.0,1692858.125,1549648.125,1597164.375,1577429.5,1558846.5,1210037.375,1197300.5,1595022.375,1540053.375,1256850.0,1502821.375,1471053.75,1454725.875,1556197.625,1567534.0,1343698.625,1293213.0,1315995.125,1341803.5,1006449.3125,1097591.75,873053.9375,913802.125,1386121.0,1377488.625,1575720.5,1526996.0,941442.1875,897764.125,1058397.25,1051355.0,1033214.6875,993186.25,1262249.875,1317529.125,1578154.625,1436868.125,1247086.0,1262777.375,1244811.375,1369743.375,1212840.375,1247755.875,1552242.875,1546458.75,1276773.875,1297838.0,1647079.875,1674010.375,1322533.0,1339236.875,1432827.875,1439149.25,1739253.875,1497242.5,1593010.5,1620055.875,1489795.25,1671039.75,1753446.5,1810907.375,1427678.375,1631301.375
36,1514701.375,1406854.0,1409159.625,1420628.75,1218436.0,1226415.5,1475086.75,1332898.25,1464649.25,1406899.0,1558128.625,1485628.625,1420057.5,1376042.625,1503082.875,1527258.0,1416329.25,1373389.75,1353673.5,1354451.125,1358258.75,1350025.75,1498549.625,1307615.875,1434427.625,1339887.75,1147902.125,1190343.375,1534391.25,1581839.375,1390686.125,1422184.125,1308106.5,1265624.875,1184731.625,1164638.375,1404403.625,1487712.25,1384154.5,1469206.375,1559555.5,1545362.0,1093604.375,1085916.125,1056507.125,1023400.3125,1121371.0,1103995.75,1177537.875,1112967.125,1220506.125,1302339.0,1213721.875,1310380.625,1371853.125,1423129.625,1340981.375,1291336.0,1134126.75,1292931.25,1324973.125,1334992.125,1507430.5,1438163.0,1331388.5,1383144.25,1407846.75,1332286.75,1048693.625,1094276.25,1462162.0,1578478.75,1466550.625,1492215.875,1146477.5,1052597.25,1468037.625,1399361.0,1297056.875,1525175.375,982510.1875,1065221.875,1079393.25,1110580.875,1108556.0,1250279.25,1367025.5,1366086.75,1085166.125,978508.3125,1346474.0,1240751.375,1027873.25,963953.875,1168308.625,1016693.8125,1240792.0,1352191.5,1301027.625,1220890.25,826730.8125,888873.0625,1108800.5,1022832.8125,1368538.125,1374783.125,1321752.25,1318070.5,1109336.25,1075061.375,1079110.0,1124204.5,1268627.875,1245862.75,1106967.875,1077556.125,1194365.75,973897.3125,1298348.5,1283802.5,1643112.0,1603460.75,1598969.125,1647033.125,1269624.75,1383308.375,1458819.75,1496572.625,1513255.625,1480096.5,1416426.0,1369508.125,1456529.625,1540789.875,1307269.125,1329721.75,1452281.75,1432394.25,1430383.0,1563640.875,1198802.875,1361447.125,1390194.25,1460961.5,1466075.375,1506688.875,1615430.5,1542427.375,1544474.75,1537117.0,1554633.5,1538926.625,1530520.625,1576996.0,1318715.375,1379353.125,1262973.375,1356748.0,1351606.375,1438386.75,1361374.0,1380869.25,1393799.625,1455696.5,1505067.25,1478309.5,1489258.125,1517327.5,1562146.25,1631812.0,1393539.75,1433604.375,1390711.625,1404664.375,1542491.25,1562624.625,1637517.625,1570319.125,1539431.125,1571096.125,1272307.375,1343217.625,1702429.25,1692982.0,1549750.625,1596539.25,1579777.375,1561602.125,1210261.875,1197051.875,1599175.0,1542791.75,1260316.375,1506366.375,1473752.625,1456772.75,1557813.375,1570456.875,1346340.0,1295976.75,1319926.375,1345810.875,1008339.6875,1097728.375,872738.625,913772.0625,1388442.375,1379743.75,1576045.0,1528997.25,940396.5,896947.875,1057621.0,1051487.25,1033183.75,993420.5,1261863.25,1317271.625,1580089.375,1439978.625,1248727.5,1265541.875,1245382.25,1373043.75,1215397.375,1251168.5,1549256.25,1544426.625,1276379.75,1300493.375,1650195.375,1681261.625,1323853.625,1343923.25,1433169.625,1441817.5,1739561.0,1499673.875,1594765.625,1620107.875,1490080.0,1673639.625,1751327.625,1810753.0,1429316.25,1633970.5
37,1516622.125,1407808.125,1409371.625,1419373.375,1218877.875,1225870.375,1473762.5,1330419.75,1466155.0,1404863.25,1559393.25,1487156.875,1422700.125,1378335.5,1503176.25,1526910.25,1417152.125,1374048.25,1353647.5,1355049.625,1357304.75,1350829.625,1497869.625,1307544.25,1431534.625,1338402.625,1148815.125,1191958.125,1533333.875,1580307.75,1389767.25,1421908.625,1308100.5,1264373.25,1183969.875,1164319.375,1404683.375,1487087.0,1384965.625,1468902.875,1561026.375,1546772.0,1093979.375,1083935.5,1057248.25,1023162.0625,1125161.375,1107439.375,1177539.75,1112827.875,1220462.875,1301272.875,1212767.75,1311631.375,1371041.125,1421929.625,1338623.875,1288979.625,1138140.75,1290882.875,1323730.25,1334912.125,1508386.25,1439358.0,1331380.375,1383860.375,1407275.125,1331021.125,1051140.625,1096176.5,1462146.625,1577020.5,1465222.0,1491277.25,1147313.625,1052853.0,1469124.625,1402480.5,1296374.125,1527210.875,982208.75,1066210.125,1081686.625,1113221.625,1110638.75,1252228.375,1367636.125,1369261.5,1084923.0,979220.8125,1345979.25,1245258.625,1026995.4375,965230.75,1169795.75,1016910.625,1241658.25,1352716.0,1300098.125,1222461.125,826203.75,887962.3125,1106688.375,1022648.8125,1367450.75,1374347.125,1321492.25,1318392.75,1101761.5,1071671.0,1077107.0,1121908.625,1265941.875,1243561.0,1100622.75,1071458.375,1191234.25,973497.125,1295052.25,1281050.125,1644605.625,1602985.75,1600635.5,1647193.25,1268087.625,1384371.0,1458611.375,1496410.25,1511727.875,1475168.75,1417092.25,1369875.125,1454500.125,1539206.625,1305692.375,1331152.25,1447647.375,1430931.0,1427487.875,1560118.375,1197283.5,1361925.625,1388641.5,1463336.75,1465807.0,1505670.75,1617133.875,1544212.75,1544343.0,1538082.5,1554734.25,1539627.25,1530178.625,1577236.875,1316983.125,1375734.625,1261108.0,1355136.5,1348417.25,1432895.125,1361021.25,1381748.25,1392652.5,1454386.75,1504785.75,1477164.0,1488990.5,1514542.875,1558065.5,1628112.5,1391472.625,1431853.75,1390803.75,1403631.625,1542805.625,1563195.0,1636797.25,1571111.125,1541262.75,1572375.5,1272523.625,1344238.25,1701280.125,1690028.75,1546731.125,1592882.0,1584148.375,1564519.375,1211971.875,1198934.25,1603659.0,1547076.25,1263041.375,1511457.5,1473842.375,1457959.375,1558906.75,1572599.5,1347643.25,1296487.625,1320284.75,1344334.25,1007957.0,1097673.875,871318.0625,912089.0,1391782.375,1381332.25,1575862.25,1529093.75,938316.1875,895446.625,1058515.5,1051523.375,1031562.5,992222.75,1261162.375,1317633.375,1584311.5,1444522.375,1249515.75,1267582.125,1246216.25,1374029.875,1215573.0,1252420.875,1550795.375,1547560.0,1276662.5,1301156.5,1657186.0,1687744.0,1326570.375,1347467.875,1434958.375,1443878.25,1744798.125,1505410.875,1597225.25,1620985.5,1489549.0,1677915.375,1755464.125,1816145.25,1432351.5,1637569.375
38,1516892.125,1405778.625,1410177.625,1418814.375,1219910.75,1226613.375,1472841.375,1328569.75,1465993.375,1402614.375,1560786.5,1488363.25,1425090.75,1380521.875,1502463.5,1528000.125,1417851.0,1374565.25,1354428.5,1355001.625,1356627.5,1351035.125,1497402.375,1309049.125,1430325.25,1337548.0,1147601.125,1192745.875,1533288.75,1578791.5,1389923.875,1419218.5,1308688.125,1263919.125,1184495.375,1162397.25,1406270.625,1484786.875,1389235.75,1466672.5,1561967.75,1546795.75,1096205.5,1083226.625,1059183.625,1024285.25,1126849.75,1108073.25,1176509.5,1111944.625,1220643.5,1299778.5,1212162.25,1310580.625,1371000.625,1418727.75,1336654.875,1285902.625,1142233.0,1289667.25,1323609.0,1334169.75,1509721.875,1439685.0,1329833.875,1385112.0,1406952.25,1329566.375,1059099.75,1104301.875,1461189.5,1572570.0,1464672.75,1490206.75,1148542.0,1051802.0,1471596.125,1407428.0,1297090.0,1530425.875,983387.5,1066950.0,1083558.375,1117735.25,1111306.0,1251065.625,1368632.0,1372782.125,1086852.5,979978.375,1344883.875,1247890.75,1027064.3125,967823.3125,1170046.5,1017840.0,1240076.875,1350179.875,1300612.625,1224618.125,826563.4375,886930.75,1106189.125,1023940.0625,1366715.0,1374563.0,1320800.0,1317130.375,1096142.25,1073899.875,1077680.75,1119584.5,1263883.5,1242920.875,1094074.125,1068057.375,1187739.25,978428.0,1293984.75,1278606.75,1646576.875,1600750.25,1604309.25,1645848.25,1265053.875,1384616.125,1458036.75,1495515.125,1509498.875,1466891.25,1417293.75,1366619.875,1452097.75,1536415.75,1302348.0,1330374.25,1443231.5,1428777.875,1423259.0,1551801.0,1198249.0,1362100.875,1388388.625,1465403.0,1464044.125,1501442.5,1616343.5,1544740.75,1542040.25,1538763.5,1555469.75,1540532.75,1529149.875,1576414.125,1314737.75,1370629.125,1260062.75,1353934.125,1345225.25,1425536.125,1360670.0,1381834.75,1391082.375,1451819.0,1503853.0,1475131.875,1486916.75,1508423.0,1555797.375,1624632.625,1390886.375,1430623.25,1390922.625,1401702.875,1542364.75,1563363.0,1633420.375,1569420.625,1542254.125,1571761.625,1271770.625,1344362.25,1698472.625,1684118.5,1543266.125,1589117.25,1587678.0,1565220.5,1213878.0,1201788.75,1604763.0,1548716.25,1263990.5,1514539.0,1471057.0,1457044.625,1558827.0,1572654.875,1348171.875,1295676.375,1318071.375,1339340.125,1007619.875,1098594.875,870749.625,911247.1875,1395705.125,1382421.125,1576239.5,1528255.5,936384.6875,893121.5,1059038.5,1050315.25,1029034.5625,990421.4375,1260955.0,1317958.5,1586091.75,1445910.0,1249180.0,1267739.625,1245249.625,1371813.0,1213619.875,1251961.25,1554910.0,1553001.25,1276362.625,1300232.125,1661146.25,1689650.75,1327545.75,1346252.75,1435631.375,1442563.125,1750346.375,1509958.25,1597796.375,1622140.75,1489267.25,1680151.25,1761470.0,1822520.0,1432702.25,1639204.375
39,1516095.125,1402849.0,1411949.75,1420033.125,1221591.875,1228479.375,1472756.75,1327749.5,1464337.875,1400403.125,1561742.375,1488019.625,1426907.375,1381706.625,1501500.75,1529652.25,1418448.625,1373991.625,1355415.0,1354715.375,1355467.625,1350598.375,1497474.25,1310842.0,1430184.5,1337562.75,1147927.125,1193422.25,1534865.375,1578735.375,1389568.0,1416111.0,1310695.375,1264266.75,1186766.625,1159103.5,1407629.375,1482236.0,1395370.5,1464029.625,1562417.375,1545656.625,1099518.625,1084450.75,1061225.0,1025898.3125,1127644.0,1108569.0,1175068.875,1110965.625,1222923.875,1298545.25,1211903.625,1307534.5,1371245.5,1415006.75,1336163.125,1284127.5,1143631.5,1289787.125,1324587.125,1329993.25,1511142.625,1437439.25,1329551.875,1386169.75,1407761.125,1329279.375,1065959.875,1112580.75,1459444.125,1567390.125,1463980.0,1487439.625,1148831.5,1049899.875,1472967.75,1409722.0,1296439.875,1531503.0,985314.75,1067766.75,1084086.25,1120802.25,1111374.375,1250741.625,1369037.25,1372473.5,1088653.375,980280.6875,1344744.0,1247273.125,1027750.25,970973.9375,1169760.125,1017102.375,1238454.625,1348937.625,1303571.875,1227563.5,828240.3125,887754.625,1106273.5,1025173.25,1366683.875,1374912.375,1320346.0,1316014.75,1094560.125,1076193.5,1079861.125,1119624.625,1265258.125,1244442.0,1089895.75,1066190.5,1186414.75,981489.625,1295623.875,1279189.25,1646516.125,1599580.75,1608129.25,1643437.5,1265451.125,1383940.75,1457959.0,1495870.0,1507887.5,1460569.625,1416648.75,1361838.5,1451812.375,1533628.5,1300108.875,1330347.75,1442506.125,1427785.375,1420760.125,1543740.75,1201424.25,1360858.75,1391040.375,1467707.0,1461982.125,1496411.0,1615692.0,1544995.125,1540907.125,1539081.125,1556549.875,1540993.0,1529182.375,1576050.5,1313213.0,1367719.75,1260428.375,1352974.5,1344544.75,1420849.5,1360717.75,1380699.5,1390401.625,1449740.5,1502745.625,1471958.875,1485519.375,1502220.0,1554066.125,1622059.0,1391661.0,1431759.0,1391131.375,1400229.25,1542324.25,1563126.75,1629335.375,1566061.5,1542041.625,1568802.875,1273099.875,1345738.0,1694211.75,1677587.875,1541528.625,1586971.125,1588893.625,1563236.375,1213548.0,1203034.75,1600930.125,1545798.875,1262311.75,1513224.5,1467941.875,1455420.0,1558338.25,1571402.875,1347972.375,1295550.25,1315070.75,1335639.75,1007806.8125,1100373.25,871164.5625,911906.6875,1396657.0,1382233.25,1576038.0,1528108.75,935159.25,890125.1875,1058558.0,1047952.625,1027953.75,989269.3125,1262281.375,1317901.75,1584665.0,1444351.125,1248124.625,1267109.875,1242164.75,1368648.375,1210550.375,1250577.75,1558846.625,1556821.0,1274694.0,1299314.75,1660920.875,1688103.25,1326114.75,1342271.375,1435608.125,1439662.75,1752859.0,1511189.625,1597913.25,1623445.75,1491354.375,1680123.25,1765854.5,1825233.875,1430818.125,1638907.625
40,1516251.0,1402707.375,1413722.625,1422678.375,1224259.5,1231038.875,1472526.375,1325556.25,1462273.375,1399177.0,1561350.875,1485917.75,1429064.25,1383410.125,1501960.75,1531046.125,1419436.125,1373270.75,1356388.125,1354902.25,1354356.625,1349129.625,1498326.875,1311640.125,1429042.5,1337705.125,1150913.25,1194366.0,1536538.125,1579169.25,1387494.125,1414138.625,1312342.75,1264831.5,1189884.25,1156075.875,1408632.25,1482250.375,1399922.875,1462322.0,1564020.125,1545184.375,1101233.25,1086304.375,1062614.75,1026473.0,1130518.625,1111465.375,1174352.5,1110534.875,1226633.625,1298171.375,1211359.0,1306347.125,1371121.625,1412440.875,1336401.25,1283608.25,1139070.75,1289316.25,1324666.125,1326887.75,1512060.125,1435375.0,1330790.25,1386737.875,1410126.25,1330666.375,1069832.5,1116277.75,1458022.125,1563491.125,1463183.375,1485344.125,1148506.0,1046960.5625,1473047.75,1409832.5,1293776.125,1528940.5,986033.0625,1067625.625,1083393.875,1120918.375,1112086.5,1253119.125,1368071.125,1370136.75,1088507.25,980014.875,1344445.0,1245782.625,1028730.875,972780.25,1168680.25,1015159.5,1237710.25,1350187.25,1306141.75,1229883.375,828199.3125,889017.0,1106665.5,1025095.3125,1366893.875,1375262.375,1320544.0,1315360.375,1095572.375,1073380.625,1083026.375,1121844.875,1268819.125,1248347.5,1089312.25,1064382.0,1185510.25,978547.125,1302057.875,1284850.75,1643967.125,1598966.25,1610981.25,1641275.5,1266683.625,1380638.0,1455202.5,1495571.75,1506312.5,1458780.375,1414847.0,1357309.5,1452040.0,1530951.75,1301062.375,1331965.25,1444189.5,1427502.875,1420208.25,1539979.0,1204388.375,1358825.75,1395534.625,1469170.5,1461054.0,1493191.875,1614688.25,1543512.0,1540820.375,1537992.625,1556858.75,1540386.875,1531125.875,1576647.375,1312288.0,1367766.875,1260706.0,1352876.0,1345202.375,1420385.0,1360105.375,1377832.375,1391382.5,1450404.125,1502469.125,1469117.625,1486106.375,1500437.75,1553521.5,1621096.0,1391399.375,1433473.5,1390166.0,1399724.25,1543520.25,1562203.875,1626662.75,1563563.625,1541023.25,1565493.625,1278710.625,1349738.75,1690899.25,1674203.875,1541442.25,1586593.125,1587064.0,1560064.625,1210779.75,1201508.625,1593808.75,1540645.75,1258932.5,1508709.625,1466441.375,1455119.375,1558224.25,1570620.375,1346996.375,1297528.75,1313429.375,1336231.5,1008996.9375,1103730.375,872039.25,913297.375,1393717.75,1382163.625,1574987.75,1528794.75,935612.375,888333.5,1059063.125,1046205.5625,1029822.375,989830.75,1264311.125,1317653.75,1581628.125,1443197.875,1246641.75,1266355.875,1239185.625,1367137.0,1207462.75,1249339.25,1560691.125,1557093.0,1272605.75,1298665.625,1658397.375,1684052.625,1323440.0,1339516.875,1435132.875,1437283.25,1751087.125,1508652.125,1597812.25,1623531.75,1494185.0,1678603.625,1766588.125,1822483.125,1429018.625,1637133.625
41,1516516.125,1405280.125,1414455.625,1424284.25,1227025.0,1233116.875,1471700.875,1322686.0,1459904.875,1399576.5,1559144.75,1483052.75,1430745.5,1385282.75,1504682.5,1531393.0,1420090.5,1372527.375,1358677.125,1355772.5,1355059.125,1346419.125,1499785.375,1310765.25,1428407.5,1336803.0,1154740.125,1195151.5,1537464.75,1578696.625,1385636.125,1412858.875,1311884.875,1263989.875,1191405.0,1154004.125,1409121.5,1484938.75,1399514.625,1462161.875,1565922.625,1545162.0,1099383.875,1085882.625,1062168.875,1025239.125,1133973.625,1114666.75,1174423.125,1110762.25,1227931.625,1298400.0,1210865.5,1307932.875,1370693.5,1412132.25,1336918.0,1283437.125,1130638.375,1288167.5,1323321.0,1327539.125,1512113.375,1434561.375,1331024.875,1386088.0,1410623.125,1331875.625,1069867.25,1113202.875,1457131.25,1562036.5,1463028.875,1485991.125,1147100.875,1044382.1875,1471993.375,1408417.75,1291390.375,1526342.625,984925.75,1066710.5,1081673.25,1117171.0,1114173.375,1257060.5,1366295.125,1368689.625,1087108.75,978483.1875,1343061.25,1245494.625,1028820.25,971365.75,1166469.375,1011895.5625,1238414.0,1351893.0,1306375.0,1230167.5,825127.625,888877.4375,1107020.375,1024250.3125,1367515.0,1375947.5,1321217.375,1315482.25,1097191.375,1068062.875,1084452.375,1123717.125,1271282.75,1252646.625,1092485.875,1064360.625,1184731.75,970884.75,1309738.0,1291396.5,1640301.875,1599064.75,1611898.5,1641614.875,1264603.25,1376173.375,1450902.375,1493131.625,1505199.125,1460246.0,1412818.5,1354754.125,1450834.875,1530283.125,1304609.0,1333846.125,1445550.75,1427028.25,1420601.125,1540564.0,1205063.625,1357687.75,1398386.625,1469353.0,1461232.875,1492673.75,1613481.625,1540994.625,1540826.375,1536123.5,1556565.625,1539673.0,1533809.0,1577967.375,1312464.625,1369576.125,1260731.625,1354206.5,1345778.375,1421994.625,1358358.0,1374247.5,1392889.25,1453070.125,1503210.5,1468968.25,1487443.0,1503445.75,1554680.875,1622536.625,1389637.0,1433803.625,1388218.75,1400494.5,1544670.125,1561109.75,1626928.5,1562800.25,1540197.5,1564394.375,1284013.25,1353100.125,1690795.375,1675749.5,1542314.875,1587839.0,1582908.75,1557876.375,1208259.625,1198753.125,1589812.625,1537992.5,1257791.875,1505587.625,1467653.125,1456561.25,1559153.0,1571376.625,1347189.25,1301421.625,1314684.625,1339863.5,1011656.9375,1107809.0,873273.875,914723.5625,1391293.0,1383968.625,1574865.25,1529671.625,938286.75,889094.0625,1061456.125,1046003.6875,1033507.625,991801.5,1265349.5,1316934.625,1578398.125,1443521.0,1245441.375,1265588.75,1238512.375,1367983.75,1206576.25,1249731.875,1558783.625,1553712.125,1271567.125,1298210.0,1655964.125,1680890.125,1321192.5,1339919.75,1433548.75,1436653.125,1746744.875,1504976.5,1596193.25,1621548.5,1494890.375,1675942.25,1762479.625,1815488.0,1428447.5,1635220.875
42,1515004.125,1406899.625,1413922.5,1422673.875,1227234.625,1232549.75,1471290.25,1321963.375,1457744.5,1401227.5,1556653.5,1480923.25,1430943.625,1385435.375,1507719.0,1530149.0,1420219.75,1371486.625,1362187.625,1356327.125,1357939.75,1343788.25,1501222.125,1308959.625,1430064.75,1335033.875,1157210.875,1194885.875,1538795.0,1576193.75,1387106.375,1411610.625,1310291.25,1261741.375,1190343.0,1153491.625,1408719.625,1487685.25,1394750.125,1462602.75,1566435.625,1544869.375,1095029.0,1082407.375,1059369.625,1023080.875,1134670.5,1115027.375,1175269.5,1111539.0,1225838.625,1298653.5,1211585.0,1311050.25,1370400.5,1413205.0,1337852.0,1283619.25,1125611.25,1288407.75,1322264.625,1330192.5,1512034.125,1433818.625,1329668.25,1384414.875,1407499.75,1331744.5,1064352.25,1105003.25,1457084.375,1564414.375,1464096.375,1490003.25,1145448.75,1045450.1875,1471475.375,1406696.625,1292286.375,1527746.625,982881.0625,1067414.25,1080002.375,1112259.875,1116433.75,1260014.0,1365861.75,1369522.875,1085492.375,976441.375,1341038.0,1245906.125,1027811.6875,968330.6875,1164267.125,1009234.0625,1240144.5,1351625.0,1305555.75,1229733.0,821985.5,887995.8125,1106489.625,1023567.5,1368461.0,1376912.375,1321412.875,1316439.125,1097882.875,1065121.75,1082345.625,1123718.875,1271295.0,1253305.125,1097504.25,1066199.875,1187213.75,963720.375,1311332.375,1292650.125,1638474.25,1600446.625,1610645.875,1644923.5,1260822.75,1374673.75,1449524.875,1489418.125,1506096.875,1462473.75,1412730.875,1355254.375,1449554.625,1532445.375,1307237.625,1334038.25,1445776.0,1425052.625,1422113.0,1542837.75,1203375.5,1356643.375,1397401.5,1468531.25,1461991.875,1494193.25,1613375.625,1539551.25,1541995.625,1535463.0,1556319.0,1539096.5,1534908.5,1578722.875,1314684.625,1372337.875,1262224.25,1358057.125,1346734.125,1423849.5,1358033.25,1372657.125,1393963.375,1454951.875,1505897.625,1471199.5,1488221.875,1507282.5,1556630.125,1625035.375,1387523.375,1433351.5,1386130.375,1401536.25,1544369.75,1560178.625,1630137.125,1563598.75,1540136.0,1565489.875,1284026.25,1352149.125,1693744.375,1681007.375,1544087.875,1590249.125,1579761.625,1558074.375,1208265.0,1197381.25,1593950.75,1540050.875,1260897.625,1507034.0,1471340.5,1458710.375,1561124.875,1572763.75,1349192.0,1304360.75,1317508.875,1342867.125,1013517.5625,1109097.625,874157.625,915300.3125,1392124.875,1385512.0,1575622.0,1529240.5,942309.3125,891754.0,1064486.125,1047468.0,1036915.875,993451.625,1264938.25,1315512.25,1577354.0,1444339.375,1245200.125,1265333.875,1240618.75,1370606.5,1208601.875,1250993.625,1553822.625,1548864.375,1272200.125,1297995.375,1655686.125,1681589.0,1320879.75,1343080.625,1432274.25,1438739.5,1743870.375,1503662.625,1594276.75,1619401.25,1493592.625,1673766.625,1757049.5,1809613.25,1429611.25,1634590.625
43,1513845.125,1406040.625,1412020.375,1419300.75,1224868.625,1229506.875,1472509.625,1323348.75,1458702.375,1403359.0,1557060.75,1481602.75,1430003.375,1384131.625,1507942.5,1527216.25,1420202.25,1370574.375,1363317.125,1354830.0,1360576.5,1343227.125,1500810.875,1307349.5,1432373.75,1333729.0,1156703.125,1192877.125,1540243.25,1573174.625,1391519.5,1411986.375,1310220.625,1261329.5,1189190.375,1156305.625,1407917.75,1488010.25,1390414.375,1464059.375,1565835.875,1545136.125,1092958.375,1079334.0,1056601.25,1022067.0625,1132748.875,1112734.0,1177081.75,1112661.75,1224205.25,1298629.625,1212957.125,1313281.0,1370356.5,1413779.0,1338783.875,1284609.75,1128831.625,1289938.75,1323787.875,1333061.25,1512090.5,1432894.625,1329465.625,1383608.125,1405914.375,1331933.625,1057827.125,1099286.25,1458937.375,1570906.625,1466844.0,1495996.5,1146333.5,1050566.375,1474264.625,1407188.5,1297391.625,1532281.5,981356.25,1069133.625,1079459.625,1110675.75,1116504.25,1258855.875,1368135.75,1371541.125,1084678.75,976705.875,1339763.0,1245549.875,1026956.375,967470.5625,1164068.25,1010025.5,1241122.25,1349717.25,1304311.875,1228759.875,821303.25,887189.4375,1105643.25,1023305.3125,1368523.25,1377190.5,1320570.75,1316733.125,1096689.25,1066234.625,1079459.25,1121941.5,1269657.125,1249441.25,1099844.625,1066244.0,1191330.75,962599.125,1306475.25,1288776.25,1640555.75,1601605.375,1608225.125,1647796.75,1258922.75,1376713.625,1450911.5,1485512.0,1507907.5,1463883.0,1414710.25,1357047.375,1449461.375,1533992.375,1306668.125,1331881.625,1444920.375,1421029.375,1423849.125,1544707.25,1199792.125,1354571.75,1394008.0,1465168.0,1463520.875,1497286.5,1613840.125,1538991.0,1544033.0,1536354.125,1555875.5,1537729.375,1533150.0,1577227.0,1317721.375,1374812.875,1265337.0,1363233.5,1347587.875,1426093.0,1360137.75,1373814.375,1394826.375,1455262.25,1510005.875,1473857.75,1488386.125,1508356.625,1558339.75,1627625.5,1387127.125,1433168.5,1385476.5,1401677.0,1542765.75,1559248.125,1633614.375,1565551.25,1540282.875,1566921.5,1280588.5,1348046.625,1697341.125,1686709.75,1546102.625,1592586.5,1579799.375,1559259.875,1209993.375,1198147.375,1600926.75,1543447.75,1264958.75,1510173.5,1474181.625,1459629.25,1562067.125,1572827.5,1350200.0,1303213.625,1318883.25,1343160.875,1012957.9375,1107158.25,873858.25,914613.9375,1394285.875,1384099.625,1575295.125,1526772.75,944579.0625,893947.5625,1065481.625,1049377.0,1037655.4375,993319.5,1263844.25,1314466.0,1580621.375,1444440.75,1246067.25,1265231.125,1243847.125,1373052.125,1211442.875,1251387.5,1550883.25,1547080.5,1273691.625,1297923.875,1656382.875,1682649.5,1322388.5,1346028.375,1432995.375,1442063.25,1743682.875,1503560.375,1594455.5,1619396.0,1491922.125,1673711.0,1755834.125,1809740.625,1431727.5,1634675.125
44,1515552.875,1404052.0,1409738.25,1418157.25,1223010.5,1227233.875,1475406.0,1324935.0,1462901.125,1404972.875,1561757.125,1485800.125,1428660.625,1382945.125,1504918.875,1524333.75,1420371.375,1370628.125,1359221.125,1351165.25,1361251.875,1346012.625,1498369.5,1307193.0,1434132.0,1334534.125,1153623.25,1190083.75,1541048.5,1574768.75,1396948.75,1416632.625,1313665.75,1265394.125,1191267.5,1161784.625,1407477.125,1485631.375,1390261.375,1468668.875,1565159.75,1546385.125,1096662.625,1081554.625,1056796.75,1023436.375,1130600.375,1110290.0,1179065.625,1113697.75,1226366.375,1299117.5,1213425.875,1311872.5,1370695.875,1413924.875,1339096.5,1286116.25,1136636.625,1290987.875,1327575.5,1334519.5,1512436.0,1433116.5,1331044.5,1384106.75,1409010.0,1333355.125,1058549.75,1101575.875,1462027.875,1577611.875,1470389.5,1499098.125,1148841.75,1055537.75,1479538.875,1408787.875,1303620.375,1536099.125,981118.625,1068612.125,1079655.625,1112585.5,1113746.125,1253137.625,1371278.875,1371423.875,1085607.75,979124.3125,1340382.5,1244237.0,1026694.6875,969714.875,1165575.875,1012239.9375,1240382.25,1347794.0,1302405.75,1225732.0,821970.3125,886860.5,1105794.375,1023525.125,1367345.0,1375985.75,1319522.875,1315670.125,1096129.5,1069450.125,1079199.25,1120661.625,1268815.375,1245374.125,1097638.875,1064365.375,1192106.375,966923.8125,1302273.25,1285727.75,1643619.5,1601674.125,1605609.5,1646735.375,1258579.625,1378873.375,1450856.875,1482773.25,1508319.375,1464408.375,1416780.125,1358092.25,1449123.25,1532524.25,1304510.125,1329382.875,1444188.625,1418407.75,1424594.125,1546656.875,1196322.375,1353384.5,1391319.375,1459809.125,1465933.875,1501018.125,1612924.5,1537674.875,1544201.25,1537102.5,1554131.625,1535465.375,1530004.375,1574309.25,1319306.75,1375513.0,1267716.25,1365026.125,1347460.375,1428642.75,1361843.625,1376022.125,1395168.375,1455586.5,1511779.75,1475935.25,1488564.625,1506396.0,1559393.25,1630712.625,1389677.75,1433851.0,1387769.125,1401611.5,1541521.25,1558882.875,1634559.625,1567172.75,1539870.625,1567545.5,1278350.125,1345388.625,1699072.125,1689415.25,1546994.875,1593565.375,1581154.0,1559285.875,1211303.875,1199367.25,1601590.875,1543295.25,1265948.5,1509683.75,1473119.375,1457768.875,1559608.375,1570555.25,1347839.875,1298210.75,1317001.0,1341471.875,1012122.625,1105511.25,872764.0,913644.5,1394320.75,1380350.625,1573498.0,1524202.25,943045.625,894109.625,1062536.375,1049462.25,1035364.25,992410.1875,1263304.375,1315071.125,1586092.375,1443748.125,1247432.125,1264160.25,1246101.5,1373711.0,1213215.625,1251734.125,1553597.75,1550067.875,1274771.375,1298429.5,1655675.75,1680887.5,1323690.25,1345446.375,1434606.75,1443510.875,1743611.0,1501417.375,1596442.375,1620806.0,1490934.25,1674664.25,1757895.625,1812771.375,1432929.875,1634439.25
45,1517653.0,1401535.25,1409431.5,1419928.125,1223007.375,1227887.0,1477309.625,1325987.75,1465344.5,1405180.375,1567880.125,1490614.875,1427386.625,1382030.125,1501340.375,1524383.625,1421723.125,1372980.0,1352272.625,1347939.125,1361445.5,1352173.125,1497882.75,1309671.625,1435918.125,1338020.375,1149718.0,1188103.5,1543376.0,1581910.125,1402708.125,1424075.875,1319161.0,1270174.5,1196205.375,1164979.375,1407715.5,1482555.875,1392891.375,1473640.75,1564455.0,1547198.0,1101612.625,1088241.25,1058460.0,1025306.0625,1127549.75,1106970.0,1180053.375,1114191.125,1230715.375,1301020.875,1213604.5,1309502.25,1371434.625,1415207.25,1338996.0,1286924.25,1139702.625,1290886.875,1330538.0,1333146.5,1514476.625,1435985.5,1331578.75,1384371.125,1411579.125,1334084.375,1065071.5,1106416.375,1464186.625,1579307.125,1472612.0,1496696.375,1149326.0,1055951.875,1482916.5,1408777.125,1306917.75,1536802.375,981617.625,1066383.75,1080748.375,1114599.25,1110540.125,1247162.0,1372934.875,1368881.875,1087438.125,980244.0,1342550.375,1243065.875,1027374.6875,972147.375,1166525.25,1013295.5,1239368.0,1345987.875,1302432.5,1222803.875,822595.375,888084.875,1106940.375,1024355.0,1366115.125,1374306.25,1319308.125,1314597.625,1100349.875,1071652.0,1081099.875,1122313.875,1270722.5,1244972.5,1096950.375,1066125.125,1191645.75,971359.625,1302816.375,1287107.0,1642907.125,1601074.75,1603459.25,1642820.5,1258675.125,1378928.875,1448731.5,1484007.75,1508318.875,1465144.5,1417513.5,1358835.125,1449100.0,1531181.125,1303430.75,1328926.625,1446741.875,1421816.5,1425945.125,1549684.5,1197415.75,1354996.75,1391147.0,1457521.0,1468504.125,1503041.875,1610125.75,1535515.375,1541951.875,1536139.5,1550666.625,1533258.625,1528027.375,1572661.0,1319087.375,1375104.0,1267898.375,1362161.125,1347836.125,1430146.5,1361245.0,1377303.5,1395097.125,1456215.125,1510662.375,1476667.75,1489228.25,1503966.875,1560039.75,1631912.75,1392787.125,1435289.75,1390472.0,1402224.0,1542223.875,1559590.125,1633490.75,1567075.5,1539407.875,1567681.0,1277274.75,1345424.5,1698713.875,1688562.125,1547076.75,1593298.5,1581514.875,1558756.0,1211927.125,1199857.625,1597100.0,1540051.125,1263878.5,1506059.75,1469823.25,1454182.75,1554886.875,1566764.75,1343658.25,1292646.25,1313512.25,1339603.875,1011953.875,1104613.125,871926.75,913178.25,1390831.0,1375822.625,1571726.5,1523965.25,941198.5625,894203.3125,1059243.125,1048739.75,1034383.875,993432.0625,1263961.375,1316717.625,1588740.125,1443916.125,1247884.5,1263154.375,1247341.875,1374004.625,1213577.0,1253069.75,1557685.375,1552766.25,1275049.5,1299939.625,1655015.625,1679977.75,1323584.75,1342981.375,1434752.625,1442763.125,1743077.625,1499127.625,1597177.375,1620943.125,1490382.5,1674413.75,1757686.375,1812472.0,1432952.875,1633826.5
46,1517448.5,1399391.125,1411297.375,1421121.875,1223679.125,1229904.875,1475952.625,1327153.125,1464414.375,1404398.125,1570332.375,1491887.625,1425953.5,1380478.375,1499531.0,1527130.25,1423529.75,1376661.25,1347716.25,1347529.375,1362677.125,1358371.25,1501357.875,1312673.25,1437126.875,1341633.125,1146135.25,1187201.875,1546343.625,1586496.375,1406310.5,1427759.75,1321454.875,1268664.625,1199259.125,1162678.25,1408302.625,1480400.875,1393621.375,1471768.375,1562398.125,1545629.625,1100792.625,1092589.25,1058396.5,1025167.0,1121356.125,1100251.5,1179681.625,1114013.625,1232504.25,1302947.75,1214183.875,1309879.75,1371752.125,1417699.625,1339191.625,1286519.75,1135981.625,1290305.5,1330913.5,1330210.25,1516930.625,1439794.0,1330747.5,1384113.0,1409239.625,1332633.25,1067767.5,1106655.0,1464674.375,1575410.375,1472125.0,1492128.875,1148129.75,1052055.875,1481518.25,1407783.875,1306687.5,1535187.0,982291.4375,1065866.75,1083475.125,1115353.375,1110043.0,1245868.625,1373211.75,1367976.125,1088367.625,979312.375,1345412.875,1243404.375,1029228.25,972211.6875,1166777.75,1014316.6875,1240023.25,1345292.5,1305905.375,1223692.0,823932.75,890475.0,1107866.5,1025206.125,1365652.5,1373614.875,1320047.5,1314257.625,1105647.125,1071999.0,1082676.625,1124516.875,1272612.5,1246601.5,1101765.625,1071842.625,1193361.75,973159.5625,1304244.625,1289447.0,1639822.0,1599596.375,1602855.375,1639699.0,1262651.25,1378319.875,1449450.5,1490116.875,1509703.75,1466647.0,1417243.375,1360358.25,1452546.125,1532769.375,1304494.875,1330646.875,1452803.125,1429368.75,1428286.125,1552013.0,1203087.75,1358064.5,1393079.625,1460310.25,1469646.5,1501893.375,1608903.625,1535449.0,1541225.75,1534805.875,1547578.5,1532373.5,1527813.0,1572741.625,1317901.75,1374887.25,1266510.25,1358435.75,1349236.75,1429869.875,1359858.5,1377456.75,1395297.625,1455136.0,1509663.5,1474945.375,1489593.0,1502581.75,1559657.75,1627689.75,1393563.375,1435259.5,1390422.625,1402547.625,1543499.125,1560017.5,1632120.0,1565863.875,1539807.75,1567723.875,1274496.5,1344736.875,1697886.0,1686342.75,1547216.875,1592513.25,1580954.625,1558716.5,1212403.875,1200251.625,1596142.375,1538777.75,1262745.25,1505414.375,1467919.25,1452014.375,1552281.75,1564025.0,1341873.125,1290377.25,1312666.875,1339120.875,1011228.4375,1102225.25,871617.6875,912669.5,1388007.25,1372892.0,1571734.75,1526075.0,942263.625,895803.4375,1060582.75,1049471.0,1037088.125,995792.5,1264613.875,1317443.875,1586894.875,1445153.5,1247089.625,1264086.375,1247980.5,1375288.5,1212456.5,1253880.625,1557234.125,1550789.0,1274861.0,1301177.125,1657345.0,1683614.75,1323367.75,1342758.75,1433515.0,1441464.375,1744846.625,1502046.375,1595428.25,1619287.875,1489523.5,1673438.125,1755108.5,1810447.375,1433136.25,1633577.0
47,1516822.375,1400044.75,1413051.5,1420488.75,1224841.875,1230912.375,1474263.75,1329041.125,1464946.0,1404081.125,1567507.25,1489271.875,1423897.625,1378365.25,1500110.75,1529335.125,1423125.75,1377371.75,1348589.25,1349738.75,1363591.0,1359049.75,1504587.5,1311905.5,1437071.75,1341977.875,1144307.375,1187542.0,1544290.125,1582587.25,1403762.125,1423620.125,1317505.125,1261268.125,1196348.75,1157781.875,1408155.5,1479015.75,1390883.875,1462878.25,1558772.25,1542268.5,1095489.25,1091480.25,1057738.5,1024063.875,1115454.125,1094036.5,1178249.875,1113526.0,1229230.75,1302533.75,1213723.25,1309782.625,1371561.25,1419667.625,1340031.125,1286346.5,1134440.125,1290480.375,1329529.0,1328783.5,1515400.625,1440290.25,1331120.0,1384710.375,1406742.75,1330907.625,1064542.25,1104400.875,1463888.25,1569844.5,1469217.375,1488563.25,1147748.5,1048334.375,1476167.5,1406189.875,1304213.5,1532886.625,983240.125,1067832.25,1085862.625,1116224.25,1112147.25,1249241.625,1372679.125,1370059.75,1087833.25,978877.1875,1347844.375,1244825.0,1030563.75,970857.9375,1167380.75,1016397.875,1240923.875,1347311.25,1308400.125,1226709.75,826122.9375,891753.875,1107923.75,1025198.75,1365801.125,1373571.5,1321042.125,1314265.625,1104689.5,1071505.25,1083118.625,1123442.5,1270642.625,1246646.125,1104989.875,1074134.5,1192739.375,973195.625,1302459.5,1287499.5,1640065.5,1597757.5,1604423.375,1639267.375,1270865.625,1379044.875,1454914.0,1496336.625,1510925.0,1467739.875,1417144.5,1361973.75,1457636.25,1535021.5,1306692.375,1333070.875,1456552.125,1433763.375,1428331.375,1551207.5,1206530.75,1359889.375,1395613.75,1463985.125,1467960.5,1498776.5,1612331.875,1539071.625,1544241.5,1535724.375,1548154.75,1533779.75,1528760.0,1573324.75,1316226.125,1374528.625,1264462.375,1355810.375,1349381.875,1428946.5,1359986.125,1378297.5,1395151.625,1452550.25,1508030.0,1472014.375,1488304.875,1501316.625,1557293.25,1620916.0,1392792.75,1432495.25,1389709.375,1401475.375,1542742.125,1558934.625,1631050.125,1565467.75,1540697.625,1567455.5,1271670.0,1342517.0,1697447.0,1684373.25,1546449.0,1591364.75,1580503.375,1558853.5,1211905.625,1200614.625,1600002.75,1541294.125,1265033.125,1508625.0,1468381.875,1452608.625,1554164.0,1564740.25,1344014.375,1292386.25,1315126.125,1340150.125,1010706.1875,1099280.375,871449.5,912001.625,1390573.375,1374442.0,1574116.25,1528404.5,942655.6875,896492.5625,1063292.625,1049722.75,1038161.875,995329.8125,1263912.375,1316629.875,1583452.375,1444885.375,1246737.625,1265635.0,1246912.625,1375675.375,1210474.75,1252831.125,1553850.125,1547565.875,1274801.75,1300355.0,1660662.125,1688803.5,1323980.0,1343716.875,1433190.125,1439459.375,1748979.75,1509375.0,1594211.0,1618072.25,1489580.375,1674008.625,1755668.75,1812813.875,1433455.75,1634185.625
48,1517059.125,1402960.125,1413833.375,1420641.625,1226700.375,1230613.5,1475414.25,1331239.25,1468038.625,1404165.625,1563229.125,1486306.625,1422186.125,1377164.0,1502208.75,1530133.0,1420822.5,1374347.125,1353237.75,1352738.875,1362254.25,1353676.75,1504566.25,1308278.875,1436852.0,1339853.25,1145516.375,1189449.625,1538094.75,1576078.75,1395908.0,1416167.75,1311147.125,1256380.75,1189618.125,1154774.75,1406702.0,1478057.875,1388463.875,1456669.625,1556546.375,1540442.75,1092635.625,1088747.75,1059102.25,1024468.375,1116305.75,1094917.75,1176511.625,1113123.5,1223717.75,1300086.0,1211644.875,1306083.0,1372024.875,1419460.5,1340704.875,1287013.875,1139627.75,1291363.25,1327507.625,1329502.0,1510140.125,1437279.375,1332549.875,1385940.0,1408762.0,1331012.625,1062558.5,1104935.875,1461950.375,1566489.875,1465754.125,1485787.25,1148108.75,1047572.3125,1470627.625,1403619.625,1300279.625,1530363.375,984182.1875,1069902.375,1085142.375,1117696.75,1113718.0,1252962.75,1371090.125,1371458.75,1086702.0,980061.6875,1348300.875,1245301.0,1030051.875,970544.4375,1167601.375,1018478.375,1239633.0,1350668.25,1306494.125,1227510.375,827368.1875,891264.125,1107808.0,1024713.3125,1366559.5,1373511.25,1321620.625,1314673.125,1099785.875,1070310.625,1083100.125,1121390.625,1267370.5,1245943.0,1100731.125,1070170.5,1187214.625,972413.875,1300562.25,1283426.5,1643852.0,1597164.625,1607109.125,1640562.625,1275354.125,1380160.0,1459317.5,1497492.625,1509934.625,1467213.5,1416859.375,1362059.75,1458983.125,1535080.125,1307551.25,1334451.75,1454084.25,1432168.125,1425449.125,1548330.0,1204735.0,1359837.25,1397551.625,1465262.125,1464408.375,1496150.0,1616855.5,1542283.375,1546541.875,1537394.625,1552518.5,1536872.0,1531048.5,1574734.0,1314454.25,1373435.0,1262537.625,1353484.125,1347796.75,1428112.625,1361249.75,1380016.125,1394179.25,1451384.625,1503872.5,1471198.5,1485338.25,1499784.125,1554484.0,1618375.5,1392718.75,1429809.5,1390905.5,1399940.75,1541304.0,1558175.875,1630736.375,1566324.625,1541302.25,1567124.375,1273282.375,1342705.5,1696642.375,1682374.625,1544278.5,1590016.125,1580575.25,1559376.5,1210166.75,1200046.375,1601393.75,1543642.875,1266895.5,1509330.0,1470332.125,1454655.25,1557906.75,1568286.375,1346698.875,1295543.5,1316719.0,1340950.625,1011290.0,1098448.125,871564.625,912141.875,1395056.25,1378700.625,1576881.125,1529143.375,939277.875,894575.5625,1061280.5,1047425.1875,1033746.8125,991535.4375,1262817.75,1315874.875,1581053.25,1441872.875,1247419.125,1265377.0,1243744.75,1372984.125,1209447.25,1250864.625,1553083.875,1547886.625,1275030.625,1298289.625,1660354.125,1689994.125,1324032.0,1342086.625,1434227.625,1436897.5,1751291.125,1513314.625,1595643.5,1618746.625,1491949.5,1676040.25,1760303.5,1818442.375,1432472.875,1635009.375
49,1516078.625,1404241.0,1413812.25,1422794.25,1226419.0,1229221.75,1477224.375,1332719.375,1468225.0,1403735.875,1560675.25,1485244.25,1422346.875,1377670.125,1503767.75,1531338.5,1419225.5,1372263.375,1357326.625,1354515.5,1359602.625,1347737.0,1503374.875,1307164.75,1436819.375,1338907.125,1147946.5,1190846.125,1535428.375,1575581.625,1388948.5,1412751.5,1307724.5,1258871.875,1185242.875,1154710.625,1405153.125,1478589.125,1389292.5,1459716.875,1558391.0,1541974.375,1093777.625,1086798.5,1061153.625,1025748.5,1122451.125,1100154.375,1175850.375,1112828.5,1220926.125,1297951.875,1209860.5,1302730.75,1373156.75,1417541.0,1340016.5,1287225.125,1144100.875,1291840.75,1325920.625,1330796.375,1506669.75,1435302.125,1333045.5,1385952.75,1410967.375,1331899.625,1064613.25,1107410.5,1460019.0,1566695.25,1464161.125,1484089.375,1148152.625,1048012.0,1468209.875,1402415.125,1296345.375,1528253.5,984120.0,1069682.375,1082600.375,1118231.125,1112410.875,1253597.875,1368879.875,1369860.0,1086265.25,981174.375,1347605.0,1245560.375,1029089.3125,971457.625,1167069.375,1018437.5,1237313.375,1352171.75,1303798.125,1226243.375,827132.75,890852.5,1108190.125,1024568.6875,1368012.625,1373985.0,1321742.125,1315829.0,1098578.125,1068806.375,1083219.375,1122856.875,1267625.0,1246980.25,1094970.0,1066079.5,1184369.5,970798.625,1302834.875,1283447.75,1645909.25,1598128.5,1608723.625,1641799.5,1273642.125,1381008.125,1459695.75,1495116.25,1508020.75,1466505.875,1415830.125,1361558.5,1457301.0,1534203.25,1305226.125,1332766.0,1449973.875,1428693.0,1423744.5,1547070.25,1202847.875,1359508.75,1397591.625,1464963.25,1462063.625,1495892.0,1618710.625,1542049.25,1544976.25,1537231.875,1556516.5,1539168.0,1533916.0,1577303.0,1313709.125,1372389.125,1261981.125,1352400.25,1347017.875,1427193.75,1361724.75,1380868.0,1393476.625,1452335.0,1501211.75,1472844.875,1483016.875,1500236.5,1554301.5,1621115.25,1393588.0,1430227.875,1392077.5,1399963.25,1542153.0,1559769.375,1631871.375,1566969.5,1541950.625,1567474.125,1278020.875,1346110.5,1695464.875,1680619.25,1543162.625,1589622.0,1581261.625,1560638.125,1208875.625,1198489.75,1597509.875,1542251.125,1263710.375,1505360.875,1472520.25,1456600.875,1559329.375,1571133.0,1346140.75,1295533.875,1314716.0,1339502.875,1010441.25,1098596.75,871767.875,912783.875,1394566.375,1379685.125,1577258.625,1527929.25,935860.125,891977.375,1057145.125,1044788.75,1029114.375,988707.6875,1262934.25,1316248.375,1579248.875,1438478.625,1247146.0,1263995.0,1240622.25,1368811.875,1210436.125,1249918.375,1554849.375,1550017.625,1274983.75,1297843.25,1657001.375,1686713.0,1322503.0,1338904.375,1434531.375,1436389.5,1749260.125,1509841.25,1597251.375,1620273.5,1494731.75,1677309.75,1762444.5,1819516.875,1430266.5,1635480.125
50,1513011.125,1402560.625,1412127.125,1425053.75,1221236.5,1226015.375,1477049.375,1332945.25,1464179.75,1403942.75,1558292.875,1484784.5,1423733.75,1378707.25,1503860.125,1532865.625,1418205.875,1372938.75,1358539.625,1354467.5,1357643.875,1344448.75,1501489.75,1309118.375,1435493.75,1339646.125,1147371.875,1188779.125,1537087.875,1580611.75,1386176.125,1413763.375,1307235.625,1264935.25,1184808.75,1156146.375,1405129.75,1482121.5,1391437.75,1467220.25,1562399.5,1545387.25,1094532.0,1083339.125,1061311.625,1025519.125,1125291.375,1100943.5,1177065.625,1112556.875,1221641.25,1297268.125,1210201.875,1303945.25,1373821.625,1416457.0,1338845.25,1287182.625,1142247.25,1292124.25,1326177.0,1332197.625,1507130.5,1436412.75,1332302.375,1384819.75,1409048.75,1332145.875,1065823.5,1107353.375,1460191.25,1569417.75,1465258.75,1484396.0,1148349.5,1048096.625,1468354.0,1403259.875,1294385.875,1527450.125,983247.875,1067700.625,1082288.375,1117624.5,1108720.25,1251527.75,1367642.0,1367676.0,1086873.875,980289.375,1347962.75,1247699.875,1029466.0,971716.0625,1166915.375,1016711.1875,1235883.75,1350790.375,1303771.625,1225621.5,826959.375,891860.5,1108776.875,1024629.25,1369292.375,1374831.875,1321538.5,1317487.75,1101956.875,1068857.625,1083718.375,1126587.0,1270302.0,1248301.375,1094990.25,1066841.625,1188797.75,968908.6875,1306267.375,1285835.0,1645444.5,1599699.375,1608294.875,1643553.375,1272519.375,1384170.875,1460959.75,1494009.125,1508003.625,1467753.25,1416031.25,1363625.625,1457210.375,1535540.375,1300744.25,1327788.0,1449385.625,1427092.0,1425500.5,1548948.125,1204375.375,1360758.375,1394707.75,1464992.5,1462463.375,1498238.25,1620436.375,1542210.875,1543611.875,1537471.875,1556915.125,1539264.5,1534817.875,1578969.25,1315080.625,1372994.375,1263443.625,1353566.75,1348449.625,1427145.625,1361916.75,1381321.25,1393859.625,1453647.625,1504182.75,1474429.0,1484422.375,1505302.25,1557337.5,1625002.5,1394534.25,1432778.875,1391674.375,1402309.25,1543791.125,1562077.625,1634822.375,1567166.125,1543392.875,1568566.5,1279617.875,1348120.25,1695712.5,1680903.875,1545447.25,1591921.375,1583257.25,1562509.625,1209309.875,1196729.875,1594220.25,1539311.0,1257509.25,1501886.5,1473045.0,1457116.875,1557574.75,1570984.875,1342446.125,1290840.75,1310668.875,1335669.125,1005290.375,1095698.625,870837.0,911952.6875,1389439.375,1375569.0,1575385.5,1525329.125,935657.6875,890883.875,1056812.375,1044369.1875,1029549.0625,988934.5,1264026.75,1317126.375,1577550.625,1437323.75,1245208.75,1263456.25,1240198.125,1367100.25,1212467.875,1251011.0,1554309.25,1549726.375,1274821.0,1299632.625,1654442.25,1683261.5,1320461.875,1337634.125,1432997.75,1438220.125,1745210.75,1503628.125,1596558.0,1620865.875,1495054.75,1677504.0,1758836.875,1814393.25,1428161.125,1635143.5
51,1509917.5,1400699.125,1409958.0,1425709.0,1214292.75,1221673.0,1476083.75,1332353.375,1460324.0,1405760.625,1554804.0,1483248.75,1424618.375,1379107.5,1503386.0,1532967.875,1417079.625,1373592.125,1357521.875,1353528.75,1356413.125,1342718.125,1498735.625,1310622.875,1433631.625,1339866.0,1143179.0,1184769.0,1536654.375,1583349.5,1385561.875,1414286.75,1307350.25,1268171.125,1185255.75,1158686.25,1406575.5,1486784.625,1392205.625,1470534.375,1564339.75,1548229.5,1094978.375,1080640.5,1060985.5,1025029.375,1122583.125,1097288.0,1178923.625,1112262.625,1223083.0,1298222.5,1211935.75,1307838.25,1374241.25,1417074.625,1338805.375,1287889.75,1138318.25,1292786.0,1327611.875,1333849.75,1508439.0,1437760.625,1330449.875,1383799.25,1405321.875,1332017.0,1065708.375,1106673.375,1462003.0,1571934.875,1466924.875,1485497.875,1149319.75,1048813.625,1469831.5,1404624.25,1294755.0,1527849.0,983333.4375,1066667.75,1085554.75,1119043.625,1105841.5,1249936.875,1368207.75,1368117.5,1087850.875,979711.8125,1347673.25,1248922.375,1031735.75,971722.3125,1168086.25,1017433.5,1235452.75,1348355.125,1303831.625,1225958.375,827460.625,893396.125,1110265.625,1025681.4375,1368815.75,1374342.75,1320891.125,1317847.375,1106695.125,1074201.75,1085031.75,1128259.25,1270907.25,1247415.5,1099497.75,1071197.375,1193006.25,971169.6875,1304878.0,1283632.625,1646331.125,1601132.5,1607196.5,1646669.625,1273421.125,1389140.125,1464481.375,1494686.25,1509838.125,1468796.875,1418600.0,1367146.375,1458202.75,1538075.875,1297802.375,1323892.0,1450031.25,1426764.125,1427780.5,1550286.25,1206184.75,1363251.25,1391022.625,1466220.75,1463670.875,1500602.125,1623141.875,1545302.125,1544879.125,1539288.0,1555084.625,1538565.75,1532685.0,1577780.0,1316835.875,1374651.5,1264880.75,1354726.875,1350252.125,1427787.25,1363674.625,1382081.0,1394282.5,1453812.5,1508584.875,1474247.0,1488366.125,1511980.125,1560755.25,1626937.875,1394926.5,1434046.5,1391202.625,1404860.25,1542649.75,1562246.25,1637770.125,1568235.625,1545154.0,1569920.5,1276267.375,1346362.25,1697773.25,1683314.25,1548670.75,1595755.0,1586329.0,1564753.0,1210199.75,1195375.375,1595434.75,1539183.75,1253319.5,1502058.375,1470862.5,1455363.5,1555452.875,1569211.25,1339235.25,1285531.125,1308392.0,1332227.25,999308.8125,1091204.75,869155.5625,909691.25,1386562.375,1372052.625,1573659.5,1522972.5,935772.3125,890798.5625,1059020.5,1045150.8125,1031766.8125,989829.875,1264597.25,1317731.875,1577654.875,1437888.0,1243842.625,1263387.0,1242139.625,1368002.5,1213315.875,1252343.625,1551168.75,1547710.125,1275312.75,1300532.625,1652889.25,1681219.625,1319124.0,1337580.125,1431146.75,1438557.5,1742589.375,1500070.25,1594915.5,1620052.75,1492841.5,1677969.0,1755507.25,1810650.375,1426154.5,1633251.75
52,1509717.625,1401317.0,1410802.375,1425375.5,1211565.875,1219794.25,1475986.0,1331492.625,1458075.5,1407360.5,1552885.125,1481364.375,1425348.625,1379396.25,1503342.375,1531644.375,1417834.0,1373399.375,1355627.75,1352618.875,1356093.0,1342980.75,1499050.0,1311749.5,1434491.5,1339687.5,1141363.0,1184162.875,1532895.625,1579341.125,1386289.625,1413473.375,1308750.125,1266376.875,1186889.5,1162979.875,1408214.25,1487832.875,1391768.25,1467015.375,1563245.875,1549079.25,1099530.375,1085676.875,1062756.25,1027785.625,1120809.5,1097461.0,1179607.75,1111882.25,1224445.75,1301004.0,1213273.5,1310680.375,1375317.375,1417436.375,1338532.875,1288724.875,1134083.75,1293082.875,1327530.125,1334845.625,1508611.5,1436972.875,1327771.125,1382507.125,1401644.75,1331676.125,1069496.625,1112007.75,1462142.5,1571658.625,1466495.625,1486148.875,1149733.375,1050087.5,1473103.875,1408151.375,1295868.25,1528711.625,984449.1875,1067385.125,1089261.75,1124067.625,1106973.875,1251086.75,1369109.875,1370709.5,1089042.0,984747.625,1343760.0,1245204.125,1035655.6875,973599.75,1170837.625,1022086.375,1236215.5,1346291.75,1301662.0,1225916.875,828356.3125,893565.0625,1114236.375,1029805.6875,1366222.5,1371874.875,1319678.5,1315221.75,1113471.0,1089537.5,1087737.0,1127287.5,1268241.875,1244677.875,1105431.125,1078960.625,1191910.0,982928.75,1298207.25,1276839.125,1647850.625,1601718.625,1606839.0,1648162.125,1272159.25,1390667.25,1465301.5,1493894.625,1510225.375,1465936.0,1420888.625,1366236.0,1456637.625,1537681.375,1299198.25,1325673.125,1448413.5,1426086.625,1427499.625,1547279.5,1205320.0,1363583.875,1390589.875,1467402.125,1463174.625,1499500.125,1622522.625,1546850.75,1545280.5,1538800.375,1553387.625,1538013.0,1529230.5,1574534.875,1316380.0,1375240.125,1263899.125,1354708.375,1350402.625,1427252.75,1365988.75,1380602.875,1393177.0,1452097.875,1508297.5,1471982.375,1489369.875,1512663.625,1562178.125,1625845.5,1393612.75,1432217.75,1390665.75,1403904.875,1538989.125,1560026.75,1637560.375,1570134.25,1545715.75,1571246.125,1271596.625,1342848.125,1699606.0,1685794.875,1548534.0,1596911.25,1588101.5,1566043.625,1209363.875,1194610.5,1597395.625,1541322.25,1252861.375,1503515.125,1467384.75,1452162.125,1555350.5,1567773.5,1339901.125,1285932.75,1310348.125,1332625.5,1000071.125,1092262.75,869008.6875,908937.875,1390418.125,1374770.125,1573535.5,1522744.375,933730.75,890103.9375,1059523.125,1045050.3125,1031439.1875,989753.375,1263514.625,1317141.125,1579684.875,1438341.375,1244569.25,1262516.625,1243540.0,1368084.25,1211858.5,1250737.875,1549691.5,1547597.0,1276209.25,1298225.875,1651086.875,1678566.125,1318891.0,1336494.375,1430590.0,1435992.75,1741766.25,1498635.625,1593989.125,1618410.125,1489684.25,1677697.125,1756582.75,1812106.75,1424264.5,1630661.375
53,1513055.625,1403476.5,1413763.0,1425384.125,1213687.125,1222346.375,1475369.25,1330103.625,1455912.375,1407062.25,1554195.875,1480589.375,1426891.875,1380151.0,1504127.25,1530190.625,1420512.375,1374047.875,1354493.125,1352672.125,1357796.875,1346764.5,1502594.75,1313407.625,1437040.5,1340418.75,1146146.125,1188290.75,1530936.5,1574390.375,1389229.125,1415054.25,1311818.375,1264178.125,1190700.5,1166519.125,1409130.0,1484979.0,1392144.25,1462529.0,1561500.125,1548388.125,1104693.875,1093995.125,1064268.125,1031530.3125,1121802.375,1102025.625,1178857.25,1111440.625,1225481.125,1303044.5,1214165.25,1311383.0,1375661.75,1416992.25,1336301.25,1289051.5,1124343.75,1292237.125,1326121.625,1334274.75,1508994.125,1435886.75,1325675.875,1380523.0,1397062.75,1330662.375,1073836.125,1120378.25,1459425.25,1569001.125,1464832.125,1487119.0,1148477.625,1051476.375,1475628.0,1412893.5,1296338.625,1529567.375,984835.1875,1068110.375,1089709.5,1128666.875,1111372.5,1253193.375,1369036.0,1372547.0,1090492.5,992395.5,1338745.625,1239323.25,1038288.875,975297.375,1173457.125,1026666.875,1237735.125,1344618.625,1300254.625,1224607.375,829539.5,891661.375,1117987.625,1034986.875,1363425.125,1369287.625,1318609.5,1311621.0,1120487.25,1107994.625,1090285.625,1126383.0,1265317.0,1243158.5,1111187.875,1088609.625,1190029.75,997151.1875,1292190.125,1272179.75,1646418.125,1600864.75,1606977.875,1645544.125,1269380.375,1387731.0,1462378.0,1490992.75,1507914.875,1461818.875,1420454.875,1360285.25,1453051.375,1534713.5,1303722.5,1331116.75,1446604.625,1425212.875,1425977.125,1543339.75,1203220.0,1359858.375,1393678.875,1465732.625,1461384.5,1495966.0,1617086.625,1543595.75,1543372.5,1535260.625,1552077.375,1536772.0,1526747.625,1571495.5,1315944.75,1375495.375,1262667.25,1355572.5,1349824.375,1427199.5,1365478.375,1376171.625,1391458.375,1449693.375,1504967.125,1469878.25,1486110.125,1506304.5,1562430.5,1622777.5,1391492.25,1428894.75,1389773.25,1399537.75,1536629.75,1557550.125,1634629.75,1571190.5,1544358.375,1572043.125,1268479.125,1339853.5,1700426.5,1687389.375,1545853.125,1594425.375,1587230.125,1564901.5,1207528.875,1194972.25,1597367.5,1542689.5,1255641.5,1505302.125,1465632.0,1450201.125,1557057.125,1567062.875,1343989.875,1292172.875,1314857.125,1336473.875,1007475.8125,1099211.5,870669.25,910604.25,1397671.875,1381421.125,1574614.75,1524612.25,932918.375,890248.5,1058581.875,1045505.1875,1030745.4375,990370.5,1261509.875,1315896.375,1581946.125,1438889.875,1246710.125,1261778.625,1243595.5,1366953.75,1210409.25,1247015.375,1551470.625,1550221.875,1277312.125,1295084.625,1651618.625,1677048.125,1320626.75,1336707.75,1431572.375,1434168.5,1742113.125,1498638.5,1593958.125,1616872.5,1487323.875,1675512.375,1758500.125,1814884.25,1425088.125,1630049.625
54,1516824.625,1404601.125,1414031.75,1425179.625,1215805.875,1226313.125,1473043.625,1328531.875,1454428.25,1406119.875,1556283.25,1481028.875,1427813.625,1380383.375,1504850.625,1529122.5,1421684.375,1375372.125,1354991.125,1353730.0,1360423.0,1351131.125,1503936.625,1313076.375,1437140.875,1341192.75,1152680.25,1192198.375,1532661.25,1575479.25,1392786.5,1419164.375,1312799.0,1266038.875,1192348.875,1165236.875,1408969.5,1483094.875,1393698.875,1463247.0,1560485.875,1547461.375,1102953.25,1093052.625,1062451.75,1030711.125,1120902.125,1103362.875,1178042.125,1111352.0,1224436.375,1300795.75,1215304.125,1310061.25,1373833.875,1417609.25,1334608.0,1289198.625,1113003.0,1291404.125,1326557.0,1332724.5,1510633.5,1436642.25,1325333.25,1379723.125,1394565.5,1329870.0,1070335.875,1121424.25,1456919.125,1567538.875,1465113.375,1489098.75,1147009.75,1054263.125,1473902.5,1412508.75,1297101.125,1530575.625,984071.125,1067497.5,1087183.875,1128531.375,1114498.125,1252636.875,1368923.75,1372503.5,1091055.375,992377.375,1337206.5,1236599.0,1036332.5625,973585.875,1173338.75,1026385.8125,1237920.875,1343996.875,1302244.375,1222083.125,829761.375,888681.5625,1116337.0,1035238.625,1362750.5,1368794.375,1318600.75,1310648.625,1119462.75,1110211.5,1089405.0,1126444.875,1265304.75,1245476.5,1111549.5,1090285.625,1189954.125,998072.1875,1292518.5,1273796.0,1643341.75,1599622.75,1606952.75,1641808.5,1267953.125,1384680.0,1459071.875,1488522.625,1506000.125,1462396.5,1418736.5,1356756.75,1451096.25,1533118.75,1307427.75,1334280.125,1447386.75,1424672.0,1425519.75,1544021.875,1201533.625,1355207.125,1396565.875,1460823.0,1460510.125,1494874.75,1611337.875,1538720.125,1541885.5,1533281.875,1551507.125,1535326.75,1526491.875,1570363.625,1319233.75,1376702.0,1264437.625,1357730.125,1350108.75,1430401.0,1362453.625,1373710.875,1391593.875,1449648.625,1503774.0,1470982.125,1483346.875,1501017.25,1562886.625,1621054.5,1392010.375,1427445.875,1390889.625,1396909.5,1538039.625,1556755.625,1632417.0,1570264.625,1541989.625,1571909.5,1267971.625,1339137.0,1701292.125,1688524.5,1544597.5,1592021.5,1585445.125,1561934.875,1207821.75,1197295.25,1598276.125,1543777.0,1260422.0,1508813.0,1467611.375,1452020.375,1559728.875,1567278.75,1347472.875,1297462.875,1317931.0,1339577.25,1012481.4375,1103734.0,872050.0,912189.8125,1400771.25,1384892.375,1575410.75,1526559.125,936342.6875,893553.8125,1058768.5,1048773.75,1032364.0,992376.0625,1260734.375,1316529.875,1584459.25,1440625.875,1249363.25,1263013.0,1244490.125,1367326.5,1211900.0,1246016.375,1554153.625,1553249.25,1278826.875,1295003.375,1657287.875,1680968.125,1324910.25,1341488.375,1434064.625,1436378.25,1744382.375,1502953.75,1595726.625,1617166.125,1487612.5,1674028.75,1758937.25,1816611.625,1430681.875,1633056.875
55,1518121.125,1404469.5,1411306.375,1423214.875,1216504.125,1229024.125,1471801.875,1328190.0,1455626.0,1406049.125,1557379.25,1482609.5,1426556.5,1379332.375,1504375.375,1528410.875,1420277.5,1375259.0,1356219.25,1354043.75,1362343.125,1351365.875,1502501.25,1309815.625,1435458.5,1340419.25,1154862.75,1192410.875,1534621.0,1579055.25,1395306.875,1421079.125,1309432.875,1267299.625,1189184.75,1160614.625,1407684.125,1483845.0,1393353.875,1465366.875,1559768.0,1546385.0,1096856.375,1084418.25,1059633.625,1026364.25,1118483.125,1100825.125,1178231.375,1111870.75,1222029.75,1296626.5,1216195.375,1307807.5,1371581.75,1419308.5,1336413.625,1289165.25,1113667.125,1292094.5,1329063.5,1331271.5,1512381.5,1436978.125,1326408.875,1381564.75,1398454.75,1330497.625,1062640.5,1114672.75,1457486.0,1569621.0,1467770.75,1491665.0,1146565.375,1057570.375,1470948.5,1407227.75,1300114.125,1531945.5,982824.3125,1065686.25,1084275.375,1123820.375,1113486.875,1249475.5,1369425.875,1371557.5,1089772.875,984792.1875,1339185.625,1236982.0,1031430.375,970057.25,1170501.0,1019948.4375,1236437.375,1344710.0,1304587.5,1219097.125,827983.0,885299.875,1110376.25,1029966.0625,1364635.375,1370892.875,1319109.625,1312413.875,1108830.25,1092731.375,1085047.75,1125738.875,1267226.375,1249097.5,1103913.5,1079935.125,1189639.0,985385.0625,1297516.25,1279336.25,1641975.375,1599725.25,1606104.75,1640610.5,1266846.125,1383153.5,1456260.5,1487454.625,1506433.0,1467069.75,1417704.625,1359475.0,1451358.75,1533525.875,1308066.75,1333355.25,1448849.875,1424499.625,1425248.625,1547873.75,1199538.875,1353644.125,1396547.125,1456541.75,1461620.875,1497674.0,1609183.25,1536144.125,1541807.125,1534594.375,1552288.125,1535274.75,1527783.625,1571360.625,1323610.75,1377100.75,1267111.625,1359711.5,1350299.75,1433925.5,1360909.0,1376383.5,1393070.625,1452813.0,1504626.625,1474110.375,1483790.875,1502270.25,1563061.125,1622610.125,1394235.0,1429413.75,1393160.375,1398821.375,1541031.125,1557525.25,1632022.125,1568170.0,1540019.25,1571484.375,1270016.125,1340931.875,1701915.0,1689067.375,1545123.375,1591960.75,1584420.125,1559158.125,1210567.25,1200713.625,1600503.0,1545344.875,1264284.0,1511208.625,1471806.75,1456578.25,1561992.0,1568273.125,1347495.75,1297710.125,1318221.75,1340096.75,1011300.875,1102763.0,872438.25,912758.0625,1397423.75,1383118.625,1575134.625,1527164.375,941112.0,897419.375,1060909.875,1052517.75,1034641.5,993749.75,1261620.625,1318436.0,1586748.25,1443103.375,1251619.375,1265938.125,1246774.25,1369803.625,1214874.375,1249275.625,1555332.25,1554253.25,1279310.375,1298120.0,1664194.25,1687823.875,1329283.375,1347568.0,1436848.375,1441236.375,1747732.875,1509850.5,1598595.25,1619756.875,1489812.75,1674791.0,1759218.5,1817759.75,1437386.5,1637739.125
56,1517811.0,1404587.25,1409471.0,1420053.0,1219634.375,1230942.0,1473479.625,1328694.125,1459203.25,1405358.375,1558567.0,1485371.25,1424456.375,1378095.25,1503773.75,1528214.125,1418339.25,1373464.25,1357445.25,1353198.625,1364042.875,1348551.0,1501405.25,1306969.0,1434672.875,1338132.0,1153158.5,1190788.25,1534545.0,1578609.75,1397033.125,1419289.25,1305722.0,1263587.125,1185412.75,1157869.75,1405913.5,1484849.25,1389898.375,1463848.5,1559422.375,1544804.0,1093188.25,1079615.375,1058301.25,1023185.875,1118727.375,1100129.75,1178297.0,1112189.375,1220794.875,1295784.375,1215815.0,1306952.75,1370421.75,1419846.75,1339489.25,1288110.875,1126064.125,1292477.5,1330381.0,1330987.0,1512631.0,1435365.0,1327860.875,1384037.25,1405133.0,1330913.375,1058747.0,1107725.625,1460223.875,1573329.125,1470151.875,1494252.125,1146748.875,1058102.75,1471299.5,1404019.625,1303964.25,1533140.375,981778.125,1063747.0,1081085.5,1116818.5,1110519.25,1247623.5,1369515.75,1370751.0,1087242.125,978879.875,1342219.625,1238296.25,1026672.25,967057.3125,1167014.0,1011791.3125,1236075.375,1346065.625,1303489.25,1216902.375,825190.625,882005.75,1105491.5,1024456.4375,1367524.75,1374476.0,1319555.5,1314540.75,1097197.5,1073497.875,1080550.625,1123317.25,1267691.5,1249582.5,1094709.125,1067995.75,1187659.375,973743.875,1301500.75,1284227.5,1642471.125,1600689.375,1604023.375,1641820.75,1264463.25,1381099.375,1453853.125,1488197.625,1507639.75,1470497.375,1416454.875,1363487.75,1451754.75,1533910.125,1307628.75,1331573.125,1448337.5,1425163.875,1423989.0,1550843.0,1197447.5,1355723.0,1394042.25,1456462.875,1464350.0,1501482.125,1610207.5,1536932.75,1541803.25,1536296.375,1553536.75,1536653.25,1528919.375,1573578.75,1323660.5,1375507.5,1267052.25,1360882.875,1348743.375,1433963.75,1360711.375,1379701.625,1393593.375,1456142.5,1504180.625,1476119.5,1485690.25,1506917.125,1562488.5,1625992.0,1394298.0,1432532.375,1392770.375,1402249.25,1542150.0,1558681.5,1632047.875,1566852.875,1539178.875,1571215.375,1272915.375,1343001.375,1701098.75,1688425.125,1545307.125,1592549.375,1583424.125,1558187.625,1212595.75,1202664.625,1600031.875,1545329.125,1265187.625,1508867.25,1474468.25,1460008.25,1561676.125,1569110.5,1346101.625,1296172.25,1317970.5,1340758.75,1009955.5625,1101816.375,872927.375,913824.375,1393063.75,1381222.875,1575472.25,1527604.0,943233.25,897826.625,1062791.0,1053314.375,1035504.25,993492.375,1262533.5,1318453.375,1586571.5,1444921.0,1252222.625,1268239.0,1247891.75,1372056.0,1215780.25,1252854.75,1555331.25,1553061.0,1277723.0,1301057.5,1665600.375,1690116.0,1330219.25,1348866.25,1437807.875,1444576.375,1749203.0,1512453.875,1599236.375,1622125.125,1491059.875,1675213.875,1759332.0,1817440.875,1439083.625,1640185.0
57,1517635.625,1405387.875,1410029.0,1418396.5,1224806.0,1231463.125,1474802.25,1328601.0,1461821.375,1402859.625,1560108.0,1487638.0,1423743.5,1378173.75,1504358.625,1529018.875,1417446.0,1372584.0,1358515.625,1353131.375,1364831.125,1347985.875,1500943.375,1307507.875,1434037.25,1336338.625,1150606.0,1189936.375,1534562.625,1576480.375,1397388.125,1417944.125,1306195.5,1261039.75,1185389.25,1158578.125,1404985.375,1485480.0,1387889.375,1463712.25,1560163.375,1543701.75,1092237.25,1081041.375,1057276.25,1021949.5625,1121251.875,1102183.5,1177063.25,1111886.375,1221087.125,1298272.75,1213893.125,1308165.875,1369603.0,1419309.375,1340129.25,1286112.375,1134389.5,1290442.25,1328765.875,1332635.5,1511371.25,1435900.125,1329346.125,1384837.5,1408276.5,1329930.0,1056297.125,1102149.25,1462311.875,1575116.75,1470093.5,1495484.875,1147542.0,1055149.375,1473277.375,1403809.25,1304365.0,1533146.0,981965.0,1063402.0,1077598.5,1110945.0,1109273.25,1249202.75,1368895.25,1370222.875,1084523.125,976936.1875,1344584.0,1240085.25,1023570.9375,964895.0625,1165296.75,1009030.8125,1238282.125,1348356.5,1301387.25,1217455.625,822913.5625,881093.5625,1103684.625,1021296.5,1369233.75,1377145.25,1320435.5,1315930.75,1092362.875,1064232.0,1077892.625,1120650.625,1266799.625,1247877.375,1091845.625,1063547.0,1185499.25,969421.4375,1302961.875,1286493.625,1643147.5,1601344.5,1602383.25,1644257.75,1262435.25,1378552.75,1453320.25,1492151.125,1508731.25,1471147.25,1414596.375,1364384.875,1452056.75,1534165.875,1308273.625,1331504.5,1447205.0,1427222.0,1423386.75,1552768.625,1197544.625,1358957.0,1391585.875,1460079.125,1466718.875,1503411.875,1612932.25,1540387.5,1542236.625,1536947.625,1554596.875,1538353.125,1529932.125,1576105.125,1319461.625,1373482.0,1264527.625,1360090.125,1346557.875,1431890.0,1359183.625,1378859.375,1393355.625,1456787.125,1502778.0,1476390.0,1487365.75,1509992.5,1561520.5,1628480.5,1392940.875,1433524.5,1390616.625,1403923.625,1542141.375,1560100.5,1632004.75,1567066.75,1539667.125,1570307.0,1275357.25,1344409.125,1699109.875,1686779.625,1545293.125,1592108.0,1582014.625,1559641.0,1212276.0,1202035.75,1597269.75,1543361.5,1264393.125,1506120.625,1474182.625,1460247.125,1559318.375,1569546.625,1346584.25,1296438.5,1318487.5,1343063.75,1011660.3125,1103538.0,873610.3125,914920.8125,1391914.625,1382365.375,1577519.625,1529195.875,942584.125,895708.125,1061412.75,1051654.75,1034781.875,992767.875,1262821.5,1317117.25,1584058.375,1445225.0,1250950.875,1268176.875,1246537.25,1372609.375,1214644.0,1253777.5,1554745.375,1550837.875,1275944.625,1301609.625,1661072.25,1686601.75,1328160.75,1346150.75,1436906.0,1444887.5,1747050.125,1509218.25,1597058.5,1622343.375,1491207.5,1674297.0,1757810.75,1814969.25,1435737.75,1639151.375
58,1516981.625,1406005.375,1411420.25,1419681.75,1226764.625,1230036.25,1473896.25,1328816.625,1462922.375,1401266.375,1561358.625,1487901.875,1424876.25,1379750.625,1504399.875,1530869.375,1418311.875,1373849.75,1357960.625,1353897.875,1362237.25,1350512.625,1500680.25,1310022.875,1432741.5,1336786.5,1148260.125,1190253.125,1537133.0,1578139.75,1395222.25,1419258.375,1309816.625,1263534.875,1188133.375,1160359.125,1405528.875,1485942.0,1390216.0,1467819.75,1561729.875,1544102.25,1092819.125,1084443.375,1056421.375,1022146.1875,1123765.125,1104539.5,1175872.875,1111982.0,1222318.125,1300955.875,1211330.25,1309675.125,1369067.25,1419719.75,1338867.625,1284818.25,1134923.5,1288526.5,1325608.625,1333841.0,1510309.5,1440082.75,1331135.875,1384811.0,1409423.875,1330222.375,1052931.875,1097388.875,1461994.0,1573240.625,1467114.625,1492820.0,1148470.75,1050392.75,1473186.875,1402946.5,1299920.75,1531532.125,983077.75,1065456.5,1077487.625,1110782.375,1110429.75,1252321.625,1368067.5,1369427.25,1083279.75,976907.375,1345669.125,1241322.0,1024461.25,965046.0625,1166794.625,1012727.125,1240945.625,1351065.125,1302724.25,1221605.375,822883.875,884487.3125,1104668.625,1020546.5,1368742.875,1376690.25,1321406.125,1316716.125,1096481.75,1065041.375,1077747.0,1120531.5,1267564.75,1247296.75,1097283.0,1066806.625,1187211.5,968850.6875,1303039.875,1285972.5,1642824.25,1601684.75,1603427.0,1646347.0,1263603.75,1378705.25,1454897.625,1497488.375,1509692.25,1470577.875,1414310.25,1363529.375,1453009.75,1535398.625,1307695.375,1332426.5,1447477.75,1430238.5,1424265.5,1553237.375,1200290.5,1360804.875,1391306.125,1464527.625,1466188.5,1501780.0,1616721.875,1544183.875,1544175.625,1537916.625,1555739.875,1539654.5,1531574.125,1578068.0,1314882.0,1372121.125,1261110.375,1356187.375,1345924.875,1429552.0,1357944.875,1376305.125,1392985.375,1454708.25,1502948.625,1475147.875,1488008.625,1509713.0,1558748.625,1627536.625,1392000.375,1432404.5,1389624.25,1403762.875,1543468.75,1562066.625,1632187.25,1567519.75,1540870.25,1568100.625,1277723.375,1346772.125,1696649.75,1684249.125,1545429.5,1590937.25,1581633.5,1562417.5,1210803.0,1200045.5,1596493.25,1541985.875,1263316.875,1508251.25,1472761.75,1458252.5,1557835.0,1570211.5,1348016.625,1297148.5,1318089.5,1344066.25,1011783.5625,1104138.75,873101.875,913889.0,1391751.75,1383010.5,1577966.25,1530199.625,940439.0625,893664.0625,1058358.5,1049303.875,1033314.375,992578.5625,1263252.625,1316890.25,1581844.75,1444332.375,1249220.125,1266735.125,1244272.875,1372234.875,1213712.0,1253444.125,1552979.375,1549097.75,1275441.5,1300877.5,1655630.125,1683257.625,1326243.0,1344717.25,1435615.25,1443766.0,1742939.125,1505150.875,1595222.125,1621517.375,1491808.5,1674381.375,1755255.25,1812728.375,1432223.375,1636877.75
59,1514980.875,1405323.25,1411584.375,1422191.0,1225572.5,1229946.75,1473408.5,1329911.5,1465593.25,1402073.25,1563025.0,1487976.75,1426646.5,1381731.0,1501789.25,1532482.5,1420347.375,1375062.875,1354748.0,1353475.875,1357009.625,1352112.75,1500331.625,1310879.25,1432117.5,1338678.625,1146430.25,1191380.125,1540469.375,1581995.75,1391366.125,1420865.0,1312403.0,1265325.25,1189585.25,1160715.875,1406404.5,1485099.25,1392627.75,1470165.5,1562985.5,1545210.375,1095397.125,1087815.5,1057354.125,1024125.9375,1126512.875,1107436.375,1175749.75,1112548.125,1223781.125,1302396.5,1209312.75,1309747.375,1369450.625,1420456.0,1337824.625,1284575.75,1139085.625,1289416.25,1322970.625,1331965.75,1510263.0,1442891.75,1332972.5,1385767.75,1413200.25,1333026.375,1054554.875,1098194.875,1459883.625,1568675.25,1462248.75,1486457.875,1148218.5,1045484.125,1469912.0,1401628.0,1293205.875,1529363.125,983243.3125,1067986.25,1081864.625,1116270.5,1112521.625,1254871.375,1366474.625,1368451.125,1085106.375,979116.625,1346568.125,1241337.125,1028988.5625,968592.9375,1169727.375,1016270.6875,1242105.375,1352077.5,1305764.75,1226944.625,825775.6875,890264.375,1107660.5,1022729.3125,1367462.5,1374480.25,1321577.125,1317163.875,1104781.875,1072938.75,1080265.5,1123350.5,1269660.875,1247403.25,1105200.5,1073878.375,1192553.25,970740.3125,1301345.875,1283095.375,1641913.125,1601190.5,1606488.5,1645553.0,1267534.375,1381882.875,1457206.125,1500162.0,1509054.25,1468512.125,1416065.0,1363033.875,1453780.75,1536486.375,1304522.375,1333317.5,1448302.25,1432889.625,1424021.25,1550053.0,1203290.875,1361330.25,1393043.5,1467581.5,1463666.375,1497586.75,1619715.125,1545949.75,1545631.375,1539550.375,1556662.375,1540684.75,1532625.375,1578858.125,1311419.625,1370647.375,1257557.0,1350909.0,1345899.875,1426449.625,1358988.125,1376745.875,1391739.5,1451536.125,1503748.625,1472592.125,1486741.25,1506428.5,1552833.25,1622968.0,1390997.0,1431506.75,1389437.5,1402659.25,1545093.375,1563637.5,1631492.375,1566428.5,1540887.75,1565270.5,1280176.125,1350098.0,1693831.375,1680436.125,1543873.5,1589308.625,1582256.375,1563890.5,1209575.75,1198604.5,1597706.375,1542730.125,1261393.0,1511148.75,1471657.0,1456158.25,1558064.375,1571403.625,1348072.0,1297008.875,1316346.0,1341735.5,1007957.5625,1101648.875,871427.375,911642.1875,1390683.0,1381296.375,1575067.875,1529553.625,936820.5,891693.5625,1057673.5,1046910.3125,1032027.4375,992617.9375,1263698.625,1317319.25,1581055.375,1443160.375,1248659.125,1266356.0,1241889.25,1371149.125,1213218.25,1253983.875,1551712.25,1549420.375,1275344.25,1300441.125,1652920.0,1682891.875,1325383.25,1344935.25,1434489.25,1441815.25,1741200.75,1503548.875,1595326.5,1620906.0,1492114.125,1675891.375,1755185.25,1813692.25,1430372.125,1635389.875
60,1512510.875,1402434.0,1409712.375,1423180.0,1225678.0,1232615.5,1474166.5,1329350.625,1468990.0,1402060.25,1565242.875,1489565.5,1427129.25,1382731.125,1497961.125,1532330.125,1421402.25,1374412.125,1350631.75,1351735.125,1353401.375,1351516.75,1499306.625,1309085.375,1433036.0,1340081.0,1145641.625,1192988.875,1541455.125,1583428.25,1388710.25,1421504.875,1312193.75,1263832.0,1188241.875,1159268.625,1406032.125,1483045.625,1391063.875,1469001.375,1562857.125,1545307.25,1098118.75,1090306.0,1059483.75,1026258.3125,1129138.375,1111366.25,1175395.375,1112414.25,1224105.0,1302582.0,1208060.5,1308009.0,1370363.25,1419259.75,1337133.625,1284011.875,1148769.0,1291119.125,1321340.625,1329471.25,1510082.125,1441664.5,1334264.625,1387575.0,1417726.875,1335301.0,1063207.875,1105791.875,1457967.0,1564253.0,1458115.0,1481110.25,1146528.0,1042255.125,1464595.5,1401441.375,1287375.25,1528036.875,982289.5,1068332.625,1085192.375,1121141.875,1114033.25,1256445.5,1363890.125,1367756.5,1088291.0,980927.125,1347614.125,1241647.875,1032385.3125,972851.75,1170833.375,1015346.875,1241848.0,1351695.75,1305819.875,1230034.625,828855.625,894223.6875,1109985.5,1025727.0,1367667.875,1374426.625,1321455.5,1317997.375,1108416.125,1079777.875,1083911.75,1125833.875,1270368.5,1246944.375,1106626.75,1078664.375,1195528.875,974974.625,1299434.75,1281247.625,1641394.875,1599275.5,1608744.375,1641800.25,1269858.875,1383392.125,1458913.375,1499834.0,1506535.5,1464508.5,1417223.75,1362497.375,1453524.0,1535259.0,1303328.375,1334612.5,1449084.875,1434324.0,1421284.0,1544610.375,1204667.125,1361508.25,1395595.25,1468683.5,1462643.375,1494301.875,1619639.25,1545612.25,1543914.75,1540216.875,1556691.75,1541748.5,1532031.125,1578849.875,1308423.875,1368533.0,1255205.125,1347626.5,1344382.25,1423247.125,1360518.0,1379899.125,1390161.0,1449362.75,1502798.0,1470333.75,1484205.75,1502035.0,1547201.25,1618792.5,1390607.125,1431611.625,1389027.0,1401044.25,1544785.125,1563447.5,1628617.125,1563628.125,1538676.375,1563109.625,1281849.125,1352189.625,1691249.125,1676474.5,1540546.625,1587273.75,1581416.0,1562604.75,1209243.875,1198754.75,1597378.5,1544064.0,1258265.375,1508846.5,1470665.75,1455840.0,1558572.5,1572387.75,1347540.25,1297980.5,1315768.125,1338982.75,1004329.375,1099269.5,870827.625,911338.625,1390714.375,1381021.875,1573631.5,1530094.375,932730.9375,889895.875,1058832.625,1045448.9375,1030912.5625,992152.75,1263328.25,1316988.0,1581109.75,1442127.75,1249182.125,1267237.375,1239097.125,1368889.125,1212141.5,1254956.125,1553759.875,1551745.0,1274699.875,1300085.25,1652154.375,1681893.5,1323983.875,1343163.375,1433259.875,1438887.625,1743491.875,1502664.0,1595716.625,1620558.625,1491076.625,1676239.0,1758986.0,1817192.375,1428410.5,1634485.875
61,1510591.5,1398097.875,1407568.5,1422357.5,1226369.125,1233234.875,1474594.375,1327234.875,1469524.0,1400010.25,1566299.25,1490639.5,1425195.875,1381968.75,1495499.375,1530630.0,1420643.625,1373232.5,1347492.875,1349927.375,1353851.125,1351138.125,1499145.125,1306970.875,1435221.0,1340988.125,1145343.0,1193792.75,1540993.75,1583013.5,1390083.875,1422639.25,1311430.875,1262730.5,1187163.875,1157942.375,1404337.125,1481534.375,1387599.0,1468250.0,1560906.125,1543946.75,1099257.375,1091615.875,1060990.875,1026638.4375,1129521.0,1113752.125,1174548.75,1112010.5,1224009.5,1302476.625,1207398.25,1305763.5,1371377.875,1417077.625,1336426.25,1283196.375,1154319.25,1291268.0,1320281.25,1329293.125,1509700.375,1439117.0,1334994.375,1388331.5,1418092.875,1334837.25,1071190.25,1112585.625,1457254.0,1561892.125,1456908.625,1480209.75,1143794.5,1041447.25,1461577.75,1401735.5,1284882.625,1526972.625,981797.4375,1066394.0,1083875.25,1121090.0,1112871.5,1256051.125,1361813.125,1366479.25,1089023.0,978550.125,1346987.5,1244367.625,1032208.375,974592.3125,1169356.375,1013014.4375,1240544.0,1352589.875,1302992.875,1230316.25,829178.0,894892.375,1110102.375,1026593.9375,1369610.875,1377191.125,1322111.125,1319826.0,1105754.0,1079664.625,1087413.625,1126692.25,1270595.375,1247314.0,1101539.125,1078898.125,1194541.875,978883.125,1302067.375,1285160.5,1640303.375,1596657.5,1607676.75,1637808.375,1269227.125,1381509.125,1459628.875,1500040.125,1504681.125,1461209.25,1416455.375,1361785.25,1453458.0,1532891.5,1306902.25,1335403.5,1451199.375,1434855.5,1419037.875,1542129.0,1204527.625,1360745.625,1397199.5,1467709.625,1464121.875,1493742.75,1617702.375,1545059.625,1540714.25,1539341.375,1554993.75,1542046.25,1530885.375,1578496.625,1306378.0,1366840.125,1255213.125,1347770.875,1342213.875,1421679.625,1361204.125,1382417.5,1389044.625,1448939.5,1501202.0,1469845.125,1482239.375,1499100.0,1546504.25,1618893.5,1391024.875,1431944.75,1388316.125,1399736.25,1543249.25,1561505.75,1624987.5,1561007.75,1536107.5,1562356.0,1281908.125,1352126.25,1690031.875,1674736.0,1538348.75,1585836.875,1578131.125,1559916.5,1209604.375,1199497.375,1594557.25,1542988.875,1255294.375,1503732.0,1469951.0,1457433.25,1557608.0,1571855.75,1347662.75,1300727.5,1317140.125,1338879.125,1004055.3125,1099434.0,872168.5,913218.75,1391293.0,1383166.5,1576616.5,1533423.5,931449.25,889645.625,1059003.75,1045581.0625,1029971.625,991753.8125,1262825.0,1316548.0,1581308.5,1441019.625,1248857.625,1266824.75,1237181.5,1366618.5,1210275.0,1254277.875,1557922.875,1554199.5,1273264.125,1299106.125,1650607.375,1678277.0,1321076.625,1339005.625,1431923.25,1436416.75,1745479.25,1499983.25,1595113.375,1620795.375,1490259.5,1674359.25,1761823.25,1818926.5,1425788.125,1633593.75
62,1509565.125,1395613.75,1407915.25,1422608.5,1223949.375,1229682.375,1475114.125,1328402.625,1467118.0,1399617.125,1565589.0,1489553.125,1422785.0,1380482.375,1495568.125,1530181.0,1419799.0,1373568.875,1346173.375,1349141.5,1357704.75,1352504.75,1501957.125,1307760.375,1438215.5,1343580.0,1144913.0,1192636.5,1542275.875,1584222.625,1395762.25,1425812.25,1312907.375,1263688.875,1189274.125,1158846.375,1402980.5,1481647.375,1386111.125,1468801.5,1558578.125,1542703.625,1099697.25,1092168.875,1061475.125,1025667.1875,1127587.375,1112275.375,1174762.75,1112480.0,1225843.5,1303207.75,1208091.875,1306046.875,1372692.875,1417464.5,1336050.0,1283924.0,1150566.375,1291124.125,1320399.875,1330274.5,1510974.25,1438360.25,1334930.875,1386613.375,1413668.375,1332550.125,1071073.5,1111514.75,1457634.875,1561587.875,1458363.25,1481922.75,1140959.5,1041994.1875,1465061.875,1401499.625,1286720.625,1525104.625,982019.625,1064551.0,1081502.375,1117823.875,1108867.375,1253270.5,1361856.5,1364293.625,1086715.75,974654.0,1344801.125,1249207.25,1030443.625,973854.0,1167540.25,1012619.125,1239193.375,1354729.875,1300799.125,1229369.25,827343.375,894086.75,1109225.125,1026252.0,1371260.125,1379363.625,1323175.25,1321737.75,1103512.875,1076695.5,1088939.125,1127381.0,1271602.5,1248281.25,1098989.875,1078068.375,1194249.75,979939.1875,1308158.0,1291940.25,1638127.375,1595430.25,1603104.5,1636204.125,1269329.25,1380288.25,1460008.875,1502619.75,1505491.375,1461468.75,1415480.375,1361836.25,1455034.75,1532731.75,1311359.125,1333962.5,1454139.375,1434591.75,1420624.375,1545147.5,1203603.625,1359016.75,1395751.0,1464487.75,1466640.75,1495486.125,1617043.625,1545687.75,1540114.75,1538391.875,1551335.625,1540375.25,1530095.125,1577483.5,1306903.75,1367576.375,1257404.625,1349877.5,1341788.25,1422358.375,1361744.625,1382723.375,1387881.875,1448997.875,1502042.75,1470834.875,1482179.5,1498654.875,1550282.25,1621817.125,1390015.5,1431831.0,1387182.375,1399685.75,1542489.25,1559440.375,1624411.375,1561015.875,1536354.5,1563905.875,1279548.125,1350211.125,1691386.75,1676695.75,1539484.25,1586468.25,1575178.25,1558551.25,1209944.125,1199130.0,1592188.0,1539142.5,1254518.125,1501812.125,1470073.375,1458796.125,1554747.75,1569683.875,1347844.75,1303072.0,1318490.25,1340034.0,1005537.8125,1100238.125,873436.9375,914575.5,1389234.75,1383745.75,1579819.5,1536783.125,934664.5,890989.5625,1058686.875,1046352.1875,1030310.25,992623.8125,1263102.375,1316709.875,1581323.125,1440439.625,1246745.125,1264262.0,1237864.5,1366692.5,1208405.0,1251835.125,1559462.0,1554507.5,1271636.625,1297931.375,1649121.75,1675857.875,1318291.5,1336207.625,1431315.0,1436280.0,1743761.25,1496657.125,1594632.875,1621297.125,1490897.0,1671955.625,1759086.125,1815943.125,1424730.25,1633265.75
63,1510288.375,1397401.375,1410741.875,1425374.375,1220455.0,1227318.0,1476760.125,1332815.0,1464722.75,1402830.375,1565058.625,1488271.0,1423559.375,1380688.0,1498780.625,1532635.75,1420840.125,1375080.375,1347680.5,1350141.0,1362782.5,1355056.875,1506272.125,1311719.0,1440691.625,1347227.625,1144823.125,1190327.0,1545763.125,1587002.375,1402076.5,1429962.5,1316020.25,1265310.375,1193026.375,1161482.625,1403713.625,1482943.5,1388118.5,1469120.0,1558611.125,1543660.0,1100240.75,1091880.875,1060897.0,1024591.0,1124951.5,1107887.875,1176059.125,1113124.25,1229266.75,1304581.125,1210939.25,1310215.125,1374327.0,1420357.5,1336796.0,1286851.0,1140889.625,1292254.25,1322638.0,1331126.125,1514545.0,1439708.75,1333683.625,1384044.375,1408907.875,1330903.125,1065455.0,1105822.75,1458945.625,1563597.0,1460976.5,1483142.125,1140444.875,1043490.375,1472015.625,1401283.875,1290962.625,1524366.5,982192.1875,1065233.0,1082092.5,1116110.5,1106529.25,1251069.625,1364451.375,1364051.75,1084970.375,974763.8125,1343439.375,1251294.0,1029185.9375,972668.375,1167879.5,1013646.0625,1239400.5,1354055.75,1300809.5,1227983.125,825867.0625,892743.5,1108377.0,1026307.1875,1370382.625,1378306.0,1322951.25,1321581.5,1104551.25,1075935.875,1085827.875,1126765.25,1270611.375,1246124.625,1101421.5,1076948.5,1196204.625,978373.125,1308366.25,1290680.25,1638093.125,1598126.25,1599101.25,1638469.875,1270775.75,1381630.125,1459788.625,1504081.0,1508340.125,1464162.0,1416312.75,1361753.875,1456931.875,1534861.75,1312601.875,1331963.625,1454805.75,1433283.5,1425483.875,1549658.625,1202510.625,1358075.625,1392167.25,1461032.875,1468669.125,1498203.375,1617219.375,1545893.125,1542579.125,1538116.625,1548129.875,1537347.875,1529742.0,1575814.0,1310737.75,1371547.125,1260710.625,1351954.25,1344364.75,1424781.875,1362506.125,1381037.25,1387513.0,1448599.625,1506159.25,1472421.25,1484625.0,1500142.125,1554286.125,1623255.25,1387282.375,1430996.0,1386394.875,1400547.875,1542749.625,1558812.625,1628513.75,1564144.625,1540564.0,1568295.0,1275297.375,1346814.625,1695350.25,1681558.625,1543389.625,1589662.75,1576522.125,1560239.375,1209607.5,1197345.125,1592240.0,1535842.375,1255121.125,1502000.75,1469753.375,1457382.25,1552411.625,1567531.25,1347177.0,1302570.25,1318587.375,1339280.75,1006080.5625,1099069.0,872775.5,913721.5625,1385090.75,1381126.875,1578982.875,1537025.5,938730.125,892126.4375,1059917.25,1046583.875,1031986.125,993571.4375,1263018.375,1315966.0,1582065.25,1442495.5,1245046.75,1262686.875,1241053.5,1369991.75,1208188.25,1251016.625,1555771.75,1551985.75,1271377.25,1297710.875,1650622.75,1678114.875,1318447.875,1337570.625,1432364.25,1438539.5,1741362.375,1495591.75,1595413.875,1620362.75,1490925.5,1670579.75,1753970.125,1811616.625,1426929.0,1633843.75
64,1513927.625,1401867.5,1413497.375,1427042.875,1221713.625,1229683.75,1477631.375,1333124.625,1464221.75,1406217.625,1566104.0,1488432.875,1428023.0,1383075.25,1503782.625,1534829.75,1423628.75,1375957.875,1351566.5,1352307.375,1365939.0,1357441.5,1508402.875,1314642.25,1440086.875,1346548.625,1145258.25,1188807.0,1548439.25,1587267.0,1404308.75,1430850.625,1318146.75,1266068.125,1195413.25,1163163.875,1406659.0,1483778.5,1393128.75,1468443.5,1561414.625,1546691.875,1100745.25,1091167.75,1059412.5,1024120.4375,1122482.0,1103269.125,1177020.25,1112801.5,1231526.875,1305453.5,1214451.375,1314380.125,1375324.5,1421256.0,1338883.875,1289577.0,1132884.125,1292942.125,1326013.375,1332259.75,1518433.375,1441016.625,1332181.5,1383684.875,1408265.875,1331482.375,1062012.25,1103894.5,1460541.625,1567648.375,1463745.375,1483596.0,1143972.75,1046181.625,1475895.25,1402572.75,1294873.25,1527053.625,982885.0,1068476.0,1084261.875,1118290.125,1109837.375,1252282.25,1368683.875,1367933.125,1086050.25,978800.875,1343090.25,1246773.75,1028800.0,972483.9375,1169842.5,1015059.4375,1240891.375,1348702.375,1303120.875,1227015.625,826128.25,890514.25,1107675.25,1025719.0625,1367243.625,1374970.375,1320694.125,1318581.125,1104758.75,1075869.0,1080150.375,1122948.0,1266918.75,1240495.75,1101570.875,1072429.25,1196299.5,975663.0625,1300156.125,1279111.5,1642412.125,1603597.875,1600942.75,1643152.5,1270115.125,1382752.125,1457453.875,1500701.875,1510979.75,1466346.875,1418362.0,1360234.375,1456812.75,1536282.875,1310541.75,1332227.0,1452204.125,1431588.75,1429466.25,1550493.375,1202141.25,1358376.625,1390712.0,1460752.875,1468529.375,1499541.375,1615631.75,1542998.0,1544721.625,1537842.375,1548210.875,1534916.625,1530429.875,1574325.75,1316061.375,1375831.0,1263078.75,1353300.375,1348577.25,1427273.5,1362916.25,1378121.125,1389228.875,1448527.25,1510392.5,1473856.625,1488079.25,1501654.875,1555726.5,1621960.0,1385835.375,1429875.5,1387255.75,1400876.25,1543116.125,1559241.125,1633681.625,1567896.125,1546215.875,1572847.875,1272284.375,1343535.0,1699077.625,1685544.25,1546938.25,1593106.25,1582331.875,1563687.625,1208483.0,1195553.75,1593246.5,1536098.875,1254995.375,1499892.5,1467784.625,1453352.375,1553389.625,1566969.25,1345666.0,1298683.875,1317734.625,1336943.875,1005878.875,1096897.625,871142.4375,911938.125,1383226.375,1378280.0,1575488.125,1533811.5,939300.375,891829.1875,1062652.125,1046227.375,1033285.625,992419.375,1261743.25,1313388.75,1584594.875,1447236.0,1246118.0,1264351.0,1245126.75,1374043.0,1210458.0,1253351.25,1550578.5,1549245.375,1272880.625,1298401.625,1654891.875,1683263.375,1322299.625,1342217.375,1434955.25,1441471.0,1742201.625,1498116.375,1596763.375,1618374.75,1489083.5,1670782.25,1752448.875,1812035.375,1431385.75,1635114.625
65,1519256.0,1405178.125,1414494.125,1424784.0,1227464.125,1232863.625,1474980.75,1326768.0,1464200.125,1405820.375,1567100.625,1488543.5,1432485.0,1385262.375,1506547.625,1533480.125,1425563.375,1375608.25,1355151.25,1353858.375,1365285.25,1357907.0,1506699.5,1313887.625,1435572.875,1339864.5,1145403.625,1188725.625,1547495.625,1583112.375,1401649.5,1425970.25,1318224.875,1266201.875,1195852.25,1161803.125,1410339.5,1483055.625,1398466.0,1467296.375,1564098.75,1548880.875,1100738.125,1090663.625,1058518.875,1024239.25,1121118.625,1100311.375,1177349.5,1111934.0,1230786.0,1304374.5,1215599.0,1313937.0,1374400.5,1417913.375,1340606.75,1288830.5,1131048.5,1291114.0,1328137.75,1333298.5,1519881.375,1440858.375,1331465.625,1385169.5,1409573.125,1332498.625,1062975.375,1107649.875,1461238.0,1570790.25,1465927.25,1484913.625,1149298.625,1048551.875,1476442.5,1406016.625,1297623.75,1531330.0,984787.9375,1071293.875,1085101.25,1121389.625,1115708.125,1254689.0,1372021.75,1373057.625,1088019.125,981422.375,1342470.0,1239843.625,1029081.3125,973121.4375,1170961.125,1016499.0625,1241131.0,1342571.75,1307258.625,1227065.5,827363.4375,888076.6875,1107126.0,1023755.0625,1364596.5,1372420.625,1318201.125,1314740.0,1101085.625,1073133.5,1077290.25,1117756.75,1264354.0,1237529.625,1095685.5,1064538.125,1191688.125,972798.6875,1294088.75,1269923.375,1647605.125,1606334.625,1608075.25,1645926.75,1266577.0,1381333.25,1453483.875,1494198.875,1511227.375,1466989.75,1418722.875,1358412.0,1454435.375,1535153.0,1306573.625,1332988.375,1448552.375,1429441.625,1428970.125,1548167.0,1202961.75,1358024.125,1393192.75,1463456.5,1465287.75,1498137.75,1612429.875,1537566.375,1543979.0,1537023.5,1550623.375,1533789.5,1531538.125,1573160.125,1319057.125,1376478.375,1262656.5,1353645.0,1350889.625,1428495.0,1361955.875,1375642.625,1391792.125,1450015.875,1510398.75,1474225.875,1489402.375,1500949.625,1555930.125,1620399.0,1387622.875,1429272.125,1389559.375,1400058.125,1543096.25,1558976.125,1635469.625,1569667.75,1549386.875,1573790.125,1272782.625,1342298.625,1699745.0,1685661.125,1547470.25,1593463.0,1587838.0,1565481.0,1207604.5,1195511.25,1594246.25,1539478.625,1255733.875,1498936.375,1466160.125,1449973.875,1556765.375,1567728.75,1344255.375,1293331.125,1316252.0,1336202.875,1006972.1875,1096724.125,870749.1875,911432.625,1386585.625,1377927.75,1573329.375,1528516.5,937301.5,890761.4375,1064243.875,1045895.25,1032965.0625,989660.9375,1261162.375,1311781.75,1588541.375,1450453.75,1248530.0,1266707.875,1247872.75,1375194.5,1213126.375,1254425.125,1551194.0,1550511.5,1274509.625,1298393.25,1660704.375,1687762.5,1327112.875,1346856.875,1437937.625,1443148.25,1747322.125,1504754.5,1598020.125,1618737.75,1488582.375,1673620.0,1756663.5,1818645.0,1436032.375,1637096.25
66,1522002.125,1405021.125,1413584.75,1421665.0,1229689.75,1232084.625,1471272.75,1320588.625,1463641.125,1403315.125,1565673.125,1487060.875,1432826.625,1385037.0,1505081.375,1529786.75,1424046.875,1374375.25,1356001.875,1353045.5,1361622.75,1354279.25,1502378.875,1311580.25,1430536.375,1333467.125,1144158.0,1188326.375,1543331.5,1578263.25,1396393.875,1417704.875,1316219.375,1266954.625,1194342.625,1157796.75,1412311.375,1482192.0,1400080.625,1466855.5,1564270.25,1547939.875,1100109.0,1089797.0,1059441.125,1024962.875,1121575.0,1099053.125,1177534.25,1111589.75,1227573.625,1300880.875,1213722.75,1309967.875,1372296.625,1413019.375,1340385.125,1285559.25,1132868.0,1288670.75,1328136.25,1333586.375,1517754.75,1439289.0,1331103.25,1385762.125,1408900.625,1332108.375,1067281.625,1114036.375,1460653.5,1571067.625,1467172.25,1488281.0,1151700.0,1049088.0,1477866.5,1411216.5,1299518.375,1534383.375,986271.875,1070489.875,1084898.625,1122491.875,1116779.0,1253542.125,1372084.625,1375228.25,1089587.625,979856.625,1342816.0,1237337.625,1029509.5,973475.9375,1170676.125,1017532.125,1238368.625,1339710.125,1309754.375,1225877.0,828071.4375,886896.1875,1107132.375,1021984.3125,1364294.25,1372506.125,1318129.25,1312619.25,1095927.125,1069236.875,1079175.375,1115766.875,1265524.375,1242194.25,1089113.5,1058431.875,1185301.25,971614.625,1298288.5,1273836.25,1649025.375,1603721.25,1613007.0,1644884.25,1262650.375,1378384.75,1450680.625,1487857.375,1509123.0,1466632.5,1416789.375,1357863.25,1450992.0,1532143.625,1301291.25,1330093.625,1445611.375,1425250.75,1425209.875,1546504.25,1203618.75,1356307.375,1395715.5,1464951.875,1460891.75,1495713.0,1609214.875,1532858.0,1541046.875,1535589.125,1552485.875,1533504.125,1530667.625,1571757.5,1318216.625,1374258.5,1260659.875,1353633.375,1350109.75,1429334.25,1360155.125,1375261.125,1393410.875,1452719.125,1506602.875,1473796.875,1487788.125,1499842.5,1557622.125,1621293.5,1391160.0,1429468.5,1391785.75,1399221.75,1542171.375,1557539.125,1633843.875,1569389.0,1548269.5,1571206.625,1275752.125,1343503.25,1698296.375,1683684.875,1546019.25,1591500.75,1588606.5,1564070.25,1208043.875,1197090.125,1595394.875,1542580.875,1258589.625,1503124.0,1466748.875,1449987.5,1558793.625,1568258.125,1343426.125,1288470.625,1314027.75,1337055.25,1008917.1875,1098974.375,871660.0,912256.9375,1391784.125,1378224.625,1573274.125,1522539.25,935543.25,890160.9375,1061904.125,1045785.375,1031372.8125,987606.6875,1263239.5,1314228.875,1591261.0,1448716.375,1248890.25,1266301.375,1247230.0,1372557.75,1213156.25,1251046.375,1558429.0,1556148.0,1274801.625,1296955.0,1665840.625,1689200.625,1328596.25,1347419.625,1439241.125,1442423.375,1754338.5,1512872.5,1599123.25,1622030.125,1491672.5,1678501.0,1764352.5,1825864.25,1437925.0,1638833.5
67,1519782.625,1403070.75,1411439.625,1420734.25,1223983.25,1227860.5,1471933.625,1320487.0,1463553.875,1403410.5,1562038.75,1485019.125,1428403.375,1382520.625,1502797.5,1526676.625,1419674.5,1372332.125,1354713.375,1350437.625,1357476.0,1347535.375,1498123.875,1309630.75,1428987.375,1332296.5,1141207.5,1186101.125,1538693.875,1577109.0,1390599.375,1411510.375,1312170.625,1267738.25,1190270.75,1154831.625,1410549.5,1483085.375,1396126.375,1467283.5,1562350.375,1545011.25,1098805.625,1087337.5,1060632.875,1026200.125,1122316.0,1098344.875,1177297.875,1111857.25,1223818.375,1297265.625,1211916.875,1307249.0,1371437.375,1410594.25,1339613.5,1284626.0,1134572.25,1288734.125,1327640.625,1334029.125,1513682.625,1436574.5,1330456.875,1385079.625,1408339.5,1331750.125,1072895.5,1118747.625,1460016.75,1571289.125,1468445.125,1493037.875,1149999.375,1049050.125,1480504.125,1415181.875,1301336.75,1535942.875,985141.125,1066516.125,1084063.25,1121353.25,1111140.125,1248344.5,1369987.125,1373630.625,1091232.375,977289.375,1345734.75,1240026.0,1028595.9375,972323.875,1169539.5,1017464.6875,1234906.25,1340200.5,1306763.125,1221649.125,827314.0625,887766.9375,1108276.125,1022135.0625,1365946.125,1374395.125,1320468.25,1313381.625,1094611.75,1069004.625,1083498.0,1119554.25,1269776.125,1251045.625,1088992.875,1059519.75,1182982.625,973030.0,1307744.75,1286876.25,1646377.0,1600108.5,1609664.375,1643163.5,1260772.875,1376450.625,1450236.5,1482407.125,1507498.25,1466949.75,1415536.25,1358839.875,1448495.375,1529910.75,1296337.375,1324112.125,1443927.875,1420114.75,1423089.625,1547293.5,1202361.25,1355533.375,1393866.625,1462834.375,1459330.875,1495435.375,1607208.875,1531289.75,1538767.25,1534110.375,1553188.0,1534181.375,1528035.0,1571060.375,1316882.875,1373499.0,1260751.0,1355588.25,1349078.25,1430751.0,1359636.0,1376263.375,1394330.25,1454775.875,1504706.625,1474712.75,1485865.5,1503184.0,1560862.75,1625645.5,1393584.5,1430746.375,1392636.875,1400251.625,1540243.125,1556833.25,1632332.75,1568610.875,1544374.125,1568627.875,1278413.25,1345933.125,1697548.375,1683531.375,1545638.625,1591412.25,1585158.875,1561582.125,1210082.875,1199062.125,1596255.625,1542732.125,1261282.125,1507620.0,1468576.625,1453074.75,1557842.125,1567984.25,1342947.75,1285136.375,1312105.625,1336496.25,1009741.9375,1101078.75,872431.875,913172.375,1393109.625,1376073.0,1572882.75,1518028.625,935440.5625,891062.0625,1057638.125,1046001.8125,1030550.8125,988284.625,1266787.5,1318851.0,1588664.25,1443900.875,1246637.625,1263576.625,1243533.75,1369140.75,1210815.625,1247554.5,1562868.125,1559795.5,1273971.625,1295817.75,1665363.375,1686734.25,1325397.875,1342853.125,1437285.75,1439795.125,1756450.125,1515241.0,1598867.125,1624026.125,1495318.375,1680977.875,1768516.5,1825172.375,1434842.25,1638566.0
68,1514999.375,1402398.5,1408749.625,1420747.0,1215214.0,1223178.125,1476047.5,1324564.625,1463527.75,1406222.25,1558386.125,1484282.125,1422424.375,1379238.875,1503016.375,1525396.75,1415823.0,1370799.875,1353321.0,1348851.125,1354964.25,1343025.875,1495529.625,1308129.875,1430951.5,1334557.125,1137591.125,1183160.75,1536058.375,1580567.625,1385992.625,1411716.625,1307549.875,1267310.625,1184648.5,1156179.375,1406278.375,1485082.5,1389058.375,1467847.0,1560237.75,1542899.375,1097007.875,1083962.0,1059896.625,1026872.5625,1121363.625,1097578.0,1176569.125,1112202.375,1221137.875,1296644.25,1212916.25,1308241.75,1372617.875,1412490.625,1339619.875,1287400.25,1134312.125,1290406.625,1327897.75,1335236.75,1510569.5,1435127.875,1329500.0,1384308.375,1410150.75,1332327.375,1074223.875,1116951.75,1460941.75,1574435.5,1470361.375,1496502.375,1148123.25,1050061.125,1481405.625,1413990.25,1303248.5,1535388.875,982176.75,1062886.25,1082337.125,1118483.5,1104855.75,1243440.625,1368883.875,1370003.5,1091234.0,976959.1875,1348480.125,1243201.25,1026304.9375,969157.25,1167633.125,1015317.3125,1234352.75,1341831.75,1299854.625,1217058.5,825180.1875,889504.6875,1110168.0,1024230.0625,1368072.25,1376109.875,1322476.25,1316171.125,1099849.5,1074098.0,1086578.625,1125979.625,1274400.75,1256645.625,1096074.25,1067669.25,1186906.25,975203.625,1312794.75,1296665.125,1642728.875,1599838.125,1601353.875,1643870.75,1261890.875,1377131.625,1452090.5,1479860.625,1508714.0,1469450.5,1416524.375,1360438.0,1449205.125,1531149.0,1295186.875,1320152.625,1444622.25,1419016.875,1425203.5,1550121.625,1200243.0,1357809.875,1388990.5,1459574.25,1462196.125,1498330.625,1608512.625,1533525.875,1539197.375,1533410.125,1554168.75,1536300.5,1527008.875,1572586.0,1318257.5,1375735.5,1263774.75,1359583.125,1349797.25,1431937.75,1360367.375,1375965.375,1395495.25,1455438.25,1507913.75,1477632.0,1486360.625,1510958.25,1563725.75,1631477.875,1393758.125,1433590.375,1392122.875,1403577.5,1538866.625,1558603.875,1633842.375,1568676.25,1541387.75,1568669.125,1278416.125,1347365.125,1698504.125,1686329.75,1547212.125,1594316.125,1581638.25,1560921.125,1212803.25,1200384.375,1597137.25,1541156.5,1261582.75,1507683.0,1470538.375,1456697.375,1556082.75,1568207.375,1342475.875,1283803.75,1312131.5,1333971.375,1008228.0625,1100236.25,872452.0,913235.75,1390739.5,1372686.125,1571680.875,1517711.375,937607.875,893181.6875,1056674.875,1047187.1875,1032195.1875,991596.625,1268934.0,1321436.0,1581749.0,1440205.125,1244559.75,1261670.5,1240444.5,1368485.5,1209320.25,1248121.125,1558854.5,1556487.875,1273477.125,1296979.375,1658575.125,1682512.5,1320935.375,1337369.875,1433484.0,1437398.375,1750612.25,1509153.75,1596977.5,1622722.75,1496576.5,1679261.75,1765036.125,1816581.5,1429062.875,1636185.0
69,1510906.375,1402749.625,1406118.875,1420498.125,1209748.5,1220349.75,1477334.875,1328606.375,1462078.625,1407858.875,1556181.0,1484523.375,1418876.25,1376817.875,1504342.5,1525541.25,1415134.5,1372189.25,1353226.125,1349984.125,1354752.75,1343691.375,1494261.0,1308117.625,1433452.75,1337602.375,1137182.125,1182177.875,1535637.25,1585598.75,1384481.25,1416258.625,1305444.25,1266102.375,1181089.25,1159520.875,1403633.75,1486208.0,1384521.375,1467671.125,1559832.625,1542909.75,1096275.0,1082993.25,1058128.5,1026243.625,1120140.375,1098232.125,1176217.625,1112450.25,1220609.75,1299020.375,1214990.5,1311124.875,1374003.875,1417301.5,1338755.5,1289489.375,1130472.0,1290695.75,1327820.5,1335758.375,1509457.375,1437847.375,1328395.5,1383513.875,1410910.125,1332209.375,1068395.375,1109600.625,1463048.125,1578272.375,1471342.625,1496291.5,1149064.625,1051887.375,1480232.875,1409473.125,1303852.0,1531924.0,980318.75,1062223.375,1081668.375,1116342.25,1103762.875,1242799.75,1369385.875,1367146.875,1088081.125,977870.1875,1347503.25,1243455.625,1025433.75,965914.125,1165871.125,1012285.1875,1236826.75,1343958.125,1295057.375,1216206.625,823011.0,889519.0,1111324.375,1026644.125,1369022.125,1376477.375,1322779.25,1318272.875,1106709.375,1080353.0,1086338.25,1129619.875,1275624.75,1256453.0,1104004.5,1076212.375,1191644.75,976215.875,1310177.375,1296079.5,1640873.125,1601165.75,1596771.5,1645849.5,1264881.25,1380271.375,1456301.125,1484412.125,1511336.0,1472174.0,1417908.125,1361373.625,1452609.25,1535305.125,1298986.875,1321429.5,1447819.5,1423946.75,1428604.0,1553259.125,1200213.875,1361809.25,1386364.0,1459005.75,1466391.875,1501925.25,1613507.375,1538971.125,1541645.625,1533722.625,1555599.125,1539139.25,1528567.875,1575534.125,1320391.75,1377851.5,1266093.5,1361988.25,1350696.125,1431838.25,1360252.75,1374156.5,1396284.625,1455176.0,1512073.25,1479768.375,1488874.375,1517101.25,1564480.25,1633868.5,1393072.5,1436466.875,1391445.625,1406389.25,1539623.0,1561674.75,1636690.5,1569418.0,1541135.25,1570104.5,1275748.75,1346453.75,1699708.0,1689215.5,1548327.125,1596442.625,1581228.75,1561797.0,1213474.25,1199776.0,1598205.5,1540673.625,1259522.0,1505796.375,1472237.375,1458557.25,1555570.375,1569645.0,1342193.875,1284892.875,1314128.625,1332645.375,1004843.75,1096987.375,871900.875,911892.25,1389059.5,1372031.0,1572026.5,1521876.25,940018.5,894450.125,1059439.25,1049429.0,1034712.25,994662.1875,1268302.75,1321171.25,1577901.25,1439699.125,1244896.125,1262634.375,1240805.75,1370397.25,1210455.5,1250250.625,1553482.75,1550664.5,1274570.875,1299693.0,1652313.375,1680241.125,1319384.125,1335565.0,1431130.375,1436932.0,1744176.25,1502121.875,1595887.75,1620906.625,1495960.75,1677740.625,1760001.25,1810513.5,1425471.5,1633625.375
70,1509797.0,1402980.75,1406295.5,1420604.0,1211908.875,1222315.25,1473886.25,1331392.75,1459487.875,1406424.125,1556338.75,1483947.5,1420273.75,1376968.375,1505692.75,1526942.625,1417479.125,1376088.25,1356753.5,1354125.25,1357251.625,1347199.25,1495601.5,1310408.5,1433907.875,1340220.625,1145887.125,1185962.625,1535862.375,1586001.375,1387440.125,1419236.5,1307899.125,1264574.875,1183465.25,1160591.375,1404832.5,1485534.5,1386531.25,1466261.75,1561484.625,1544249.375,1096252.375,1084477.5,1057061.75,1024528.75,1122048.875,1102509.125,1176053.25,1112326.25,1222519.25,1301163.875,1214813.75,1313103.0,1373203.125,1421799.875,1336955.5,1287870.25,1125983.125,1289282.625,1326763.625,1334317.875,1509188.0,1442083.0,1327932.25,1382396.75,1406858.875,1330287.5,1059161.0,1102615.125,1463997.875,1578302.125,1470223.875,1493258.375,1151182.375,1053568.875,1478519.125,1406415.5,1302503.5,1528484.625,980632.1875,1064568.375,1081937.0,1115904.875,1108316.0,1247201.625,1369954.125,1367590.875,1084078.25,978562.3125,1344963.0,1242876.75,1026630.3125,965348.3125,1165200.875,1011884.6875,1240839.5,1348559.125,1296564.875,1219969.875,821796.375,886751.875,1109795.875,1026860.8125,1368279.375,1375650.875,1322318.75,1317974.125,1106300.875,1080605.875,1082758.75,1127995.875,1271524.125,1252049.125,1105242.625,1076901.25,1190413.25,974885.9375,1302992.5,1288188.0,1641619.625,1601316.875,1599698.25,1646498.75,1267392.25,1383068.375,1459434.5,1494217.875,1512086.5,1471707.75,1417301.625,1361955.5,1455313.75,1538441.875,1304793.875,1326888.375,1450632.75,1429638.375,1428690.0,1554071.75,1202348.125,1363670.75,1388531.0,1461571.75,1467887.875,1503098.125,1618048.875,1544797.75,1544161.875,1534993.375,1555472.375,1540528.625,1530268.625,1577510.5,1319910.375,1376707.625,1265120.75,1361174.625,1349910.125,1430258.25,1359023.25,1374275.125,1395292.875,1453887.875,1511570.25,1478426.75,1490477.875,1516435.0,1562797.25,1629932.625,1392772.625,1435869.5,1390842.5,1405495.25,1541713.25,1563146.5,1636694.75,1569601.75,1541480.25,1570422.0,1272177.5,1343806.125,1699937.5,1689611.75,1547076.375,1594745.875,1582919.625,1561587.875,1211313.75,1198077.875,1598504.125,1541720.75,1259051.125,1506760.875,1472404.625,1458289.75,1555993.375,1570644.25,1344380.375,1290704.5,1317627.75,1336569.875,1004787.4375,1096627.625,871752.25,910832.4375,1391497.625,1376933.125,1574997.375,1527692.125,939948.375,894409.5,1061707.125,1051552.125,1035212.0,995089.6875,1265078.0,1319372.0,1580444.875,1442000.25,1247043.0,1265980.25,1243338.75,1372526.25,1212996.25,1251589.0,1553252.75,1548561.375,1276831.125,1301632.625,1652500.625,1681963.625,1321460.125,1337388.125,1431243.375,1438197.25,1744682.75,1502025.125,1596120.0,1619805.75,1493662.625,1678270.125,1759327.125,1812412.375,1426076.375,1632530.5
71,1512748.625,1404016.0,1410670.75,1421016.0,1221810.875,1229037.75,1470417.0,1332066.125,1459036.0,1403420.125,1559021.125,1483097.625,1425433.875,1379664.625,1506892.0,1528949.25,1420356.125,1378520.0,1362287.125,1358667.625,1360383.375,1349280.0,1500035.125,1312295.25,1432255.75,1340774.75,1161089.375,1193572.125,1535583.125,1579117.375,1392529.0,1418148.875,1311777.75,1263274.125,1190002.25,1158949.375,1407698.25,1483868.5,1392103.875,1465247.375,1563299.25,1545770.25,1094648.75,1083799.375,1056950.75,1022607.75,1128110.875,1109877.75,1175499.75,1111616.625,1225101.125,1300170.875,1212512.375,1312750.75,1370386.75,1422859.5,1337191.0,1284991.125,1128891.25,1288155.5,1325858.625,1332000.0,1508759.25,1441988.25,1329394.125,1381976.875,1401427.625,1328289.0,1052614.25,1100173.25,1462464.75,1573135.375,1468047.875,1490648.125,1151384.625,1053511.625,1475677.875,1405131.625,1299600.75,1528070.0,981812.25,1067581.25,1080178.125,1114769.75,1114522.625,1253188.125,1369190.25,1370726.125,1082530.875,978934.1875,1345272.875,1244235.375,1027413.3125,967117.375,1165377.75,1014725.375,1244122.375,1354129.125,1302296.125,1225130.375,821791.8125,883705.5625,1106230.125,1024534.875,1366915.625,1374581.25,1321951.125,1316258.375,1099032.875,1073799.0,1078309.375,1123003.5,1265100.25,1246528.0,1099592.875,1070427.375,1185158.0,972820.9375,1296856.75,1280565.5,1643675.125,1599816.125,1606459.5,1644937.75,1268892.375,1382680.0,1458161.875,1500454.25,1510341.625,1468730.25,1415103.375,1363482.375,1455519.375,1537696.875,1308532.5,1332540.5,1450306.125,1430079.625,1424982.5,1552054.125,1203238.25,1361545.75,1392999.875,1464100.25,1465777.5,1501486.25,1618444.75,1546924.875,1545327.75,1536907.625,1553428.375,1539293.125,1530525.625,1577107.625,1317283.0,1373283.25,1262418.625,1358824.5,1348094.25,1428458.5,1358632.375,1378039.625,1392886.375,1452298.875,1506442.0,1474366.625,1489031.5,1509424.75,1560629.25,1623306.875,1392581.625,1431466.375,1389619.5,1401737.25,1542394.0,1561335.125,1633429.625,1568836.25,1540517.875,1569748.125,1270632.875,1341551.5,1699682.125,1688179.75,1544953.5,1590955.875,1583526.0,1559764.125,1209615.875,1198245.625,1597626.125,1542477.0,1262444.75,1509791.5,1470311.0,1456663.875,1556674.25,1569758.25,1349385.25,1300334.5,1321103.5,1344228.625,1010777.25,1101454.375,872736.375,912357.375,1397256.75,1385474.75,1578681.875,1531725.75,938549.4375,894662.6875,1061338.75,1052036.0,1033521.0625,993162.625,1260834.625,1316968.25,1584283.25,1444300.125,1248593.625,1268558.625,1244842.625,1372957.875,1214133.875,1252437.875,1556074.5,1549844.5,1278198.5,1301517.375,1656354.125,1684657.875,1323871.0,1339115.875,1431511.25,1439279.625,1749677.625,1506327.5,1594978.875,1618085.25,1489733.375,1677374.5,1760829.25,1817134.5,1427869.0,1632239.75
72,1516273.0,1405333.0,1414137.875,1421227.0,1229531.125,1233335.0,1471013.75,1329666.25,1462516.75,1401649.75,1561152.25,1483671.625,1428842.25,1381840.0,1505084.625,1528800.75,1420828.625,1376562.0,1362324.125,1357985.0,1359357.25,1346773.875,1502177.125,1310392.625,1430406.625,1339285.5,1168242.25,1197652.875,1535017.375,1571911.625,1393592.375,1414805.625,1311817.5,1264273.5,1192817.5,1156741.875,1408731.75,1483052.625,1394893.625,1466747.0,1563830.125,1547017.0,1092804.625,1080622.875,1058223.375,1022242.5,1134451.625,1115120.625,1175666.375,1111080.625,1225566.25,1296835.5,1210549.125,1309854.0,1369058.625,1419621.375,1339441.25,1284300.25,1138953.625,1288874.875,1325696.125,1331111.375,1508218.875,1437287.0,1332361.625,1383549.5,1402479.25,1329286.5,1053949.75,1103030.375,1459728.0,1566564.25,1465951.5,1490083.0,1148886.75,1050666.875,1471419.25,1403590.375,1295543.125,1528740.625,982506.6875,1068236.25,1077477.875,1113706.75,1116653.75,1255324.125,1366692.25,1372601.5,1084149.0,978536.1875,1347548.5,1246381.125,1027501.75,969096.9375,1165745.25,1017907.1875,1242897.125,1355215.25,1306403.25,1227748.875,823284.3125,884095.0,1104854.75,1022907.3125,1366371.25,1374267.375,1321976.0,1315098.75,1095370.75,1068186.625,1077889.25,1120098.5,1262592.875,1245524.875,1095064.125,1067237.875,1183746.5,973787.0,1296818.0,1279534.625,1644467.875,1596893.25,1611338.25,1642266.25,1270399.625,1380732.25,1455509.875,1498399.0,1508471.125,1466936.625,1414655.25,1364919.125,1454454.25,1534890.75,1307573.0,1333900.125,1448060.0,1426243.875,1421569.375,1549675.625,1201273.25,1358101.125,1395874.625,1464465.125,1462424.875,1499106.125,1616029.0,1544251.25,1544755.625,1538444.625,1552209.875,1537131.625,1530107.5,1575171.5,1315423.25,1370996.375,1260774.5,1356271.5,1347213.375,1428191.875,1360320.625,1382489.25,1391338.125,1452265.125,1501906.125,1471238.25,1485789.875,1502088.75,1559609.5,1620751.875,1392606.875,1427984.0,1388685.75,1398913.5,1540799.625,1557699.375,1630457.75,1567748.625,1539102.25,1569142.375,1273961.25,1342350.0,1699073.5,1685965.125,1544041.625,1588935.625,1582699.5,1558594.875,1210547.25,1200394.625,1596772.0,1541986.125,1264426.25,1509379.75,1468472.25,1455195.5,1557649.5,1568224.375,1351899.125,1305349.375,1320575.625,1347607.5,1014575.625,1104828.875,873476.5,914737.1875,1399970.125,1389766.5,1579981.5,1531777.625,938467.4375,894938.5,1059858.125,1050201.75,1031942.5,990843.375,1258989.75,1315890.625,1584246.0,1443207.375,1247677.375,1267433.375,1243909.125,1370514.25,1212143.5,1251721.0,1558713.625,1551768.875,1276979.375,1299563.75,1656752.75,1683252.0,1322952.625,1338215.875,1430111.625,1438471.125,1752195.625,1507318.25,1592271.5,1616819.375,1487192.125,1674751.75,1761418.875,1819628.625,1426961.875,1631520.875
73,1516277.0,1405432.5,1412757.25,1421074.375,1226637.875,1230278.25,1474056.25,1326558.25,1466105.375,1402552.5,1560157.875,1484981.625,1427534.5,1381644.75,1500257.875,1525911.375,1418835.625,1372257.75,1355994.25,1352119.0,1354550.75,1342140.75,1499003.625,1306523.25,1429577.875,1337605.5,1160489.875,1193893.625,1535172.5,1572440.0,1389039.375,1412862.0,1309159.5,1267383.125,1189148.875,1156311.875,1407409.125,1484133.0,1393886.0,1469426.625,1564253.625,1547636.75,1093315.625,1079828.0,1060314.5,1023773.8125,1135249.5,1113054.625,1177012.625,1111410.0,1223963.75,1295161.625,1209889.0,1307019.0,1371005.0,1415231.625,1340581.125,1285760.125,1145628.5,1291166.0,1325745.375,1332756.75,1508090.875,1433675.75,1334212.25,1386308.75,1410980.5,1333239.875,1061237.0,1106642.25,1458028.375,1564643.5,1464451.5,1490419.5,1145613.375,1047301.625,1468760.625,1401746.125,1292528.125,1528030.5,982208.0,1066437.5,1077293.0,1115150.625,1113524.5,1253142.75,1364376.875,1370808.5,1086662.0,977876.0,1347438.375,1247991.75,1027857.5625,970451.125,1165873.625,1019502.3125,1237961.125,1351703.5,1306608.25,1227764.625,825302.75,887905.9375,1106576.5,1023566.3125,1367153.5,1374849.875,1322022.375,1315504.5,1098973.375,1068096.0,1081536.625,1122104.0,1266211.5,1250130.25,1096161.5,1070452.625,1188619.625,975376.75,1301712.625,1285126.5,1642988.375,1595408.75,1611970.375,1641204.5,1270538.0,1380326.5,1455032.375,1492688.125,1508289.5,1467432.5,1417090.625,1364505.25,1453506.625,1533695.875,1303202.875,1330759.375,1446860.375,1423636.125,1421933.0,1548897.0,1198878.125,1356638.375,1395761.0,1464307.25,1461108.25,1497901.875,1614023.875,1540310.875,1543732.75,1538862.0,1553382.25,1536520.25,1530352.0,1574181.625,1315448.25,1371589.625,1261515.5,1355233.875,1347988.75,1428919.875,1362886.0,1384367.75,1392088.375,1453656.75,1502597.875,1471599.25,1484598.625,1501194.875,1558962.25,1624087.75,1392854.625,1429044.0,1388920.25,1399229.25,1539805.25,1556136.625,1630556.0,1566870.875,1538154.25,1568071.375,1279967.375,1346060.25,1697579.5,1683345.75,1544574.125,1590218.5,1582845.5,1559833.5,1212642.75,1201901.375,1598356.5,1541846.125,1262105.75,1506255.5,1470008.25,1455657.75,1559019.25,1568212.875,1348930.375,1301144.25,1315144.5,1343274.625,1010183.4375,1101766.5,872455.75,914555.75,1395898.375,1385238.875,1577954.25,1528500.25,939820.5,894046.5,1059870.75,1047486.75,1032530.375,990236.8125,1261266.5,1317216.125,1580921.25,1439627.625,1245311.875,1264308.875,1242163.375,1367115.75,1208936.75,1249890.75,1559016.375,1552651.125,1274247.25,1297792.75,1652678.875,1679309.5,1319949.125,1336911.875,1428973.875,1437204.25,1749461.25,1503841.125,1591324.625,1618041.875,1488670.25,1674200.625,1760666.875,1818931.125,1424902.125,1631226.125
74,1515106.875,1405217.0,1410426.25,1420758.125,1220455.375,1226238.625,1475705.25,1325961.625,1466762.25,1404561.125,1558827.125,1486039.125,1425731.75,1381341.75,1497784.75,1525100.375,1417506.0,1370624.0,1351808.625,1348925.625,1352480.125,1342220.125,1496125.5,1305831.25,1429588.125,1336637.625,1149485.75,1189065.875,1536397.25,1577591.625,1385310.75,1414462.875,1308827.875,1268712.125,1185988.5,1158794.375,1406714.5,1486794.5,1392721.625,1470575.25,1565621.75,1547473.625,1094673.625,1082118.875,1061118.375,1024827.1875,1130914.375,1107003.875,1178178.625,1111885.0,1223425.875,1297393.25,1210088.125,1307672.125,1372659.75,1413655.875,1339624.0,1286935.125,1144241.5,1292808.5,1325349.25,1335594.125,1508896.875,1434677.0,1333516.625,1388058.625,1418311.0,1336092.375,1064275.0,1104870.75,1458427.875,1567834.25,1464000.5,1491175.5,1144615.75,1046888.125,1469137.625,1401486.25,1292850.25,1527083.375,981758.0,1065431.875,1079191.25,1116287.375,1110651.5,1251721.375,1364847.375,1368654.625,1087342.875,977771.375,1344418.75,1248531.125,1027591.4375,970388.625,1165935.125,1018569.3125,1235761.75,1349247.125,1305608.5,1228077.625,825957.0625,890841.375,1107222.125,1024002.0625,1368378.75,1375425.5,1321169.75,1315922.875,1102082.25,1067234.0,1082576.25,1124299.25,1270324.375,1252963.0,1098397.375,1071217.375,1194219.25,971981.25,1304910.875,1289865.875,1641629.125,1597539.75,1610428.5,1643226.75,1267377.75,1380724.5,1455309.25,1489844.25,1509048.0,1467770.5,1418730.625,1363076.125,1452844.625,1534537.75,1300085.75,1327956.375,1446851.25,1424261.125,1424601.375,1549556.75,1198720.875,1357593.875,1394172.625,1465466.75,1462560.375,1498547.5,1613693.0,1539164.75,1543824.5,1538614.5,1555456.375,1537748.375,1531668.0,1575503.5,1315759.375,1373553.125,1263705.0,1357196.5,1348706.875,1428862.0,1363620.5,1383351.5,1393860.125,1454794.25,1506949.25,1473660.25,1486930.625,1506597.5,1558178.625,1627579.5,1391934.625,1432579.875,1389065.875,1401086.125,1541475.75,1558699.0,1632825.0,1566433.75,1537731.625,1566192.625,1282556.625,1348967.25,1696225.375,1681826.5,1546263.125,1592906.375,1584414.5,1562317.875,1213949.0,1202108.75,1602604.0,1543828.75,1260696.125,1507319.125,1473336.625,1457555.5,1560320.0,1570054.375,1345214.75,1294645.75,1310551.5,1337338.5,1005043.3125,1097683.875,870818.375,912153.0,1390472.125,1377886.25,1574960.5,1525070.375,941673.8125,893282.5,1062120.5,1047132.0,1035068.6875,991473.375,1264584.625,1318727.375,1577787.5,1437498.375,1244585.375,1263118.375,1242120.0,1366234.5,1208248.875,1249374.875,1555458.75,1550669.0,1273221.25,1298327.125,1650043.25,1678610.125,1319788.375,1339862.875,1431438.0,1439000.5,1743846.625,1501156.875,1593807.375,1620713.375,1492002.375,1676086.875,1758302.375,1814815.0,1426896.625,1633100.875
75,1516604.375,1405646.125,1411345.25,1421544.125,1220652.25,1228294.375,1474760.625,1327925.5,1465192.375,1404991.5,1559787.25,1487137.5,1427227.375,1382442.625,1500410.0,1529639.5,1418886.25,1373318.25,1354012.0,1352676.625,1355892.75,1348415.0,1497742.0,1309578.375,1430699.125,1336890.5,1146723.0,1190072.5,1537413.875,1579415.375,1387362.25,1417937.0,1311343.875,1266996.625,1188302.375,1162856.75,1408771.875,1489164.25,1393172.375,1470106.875,1565889.125,1547137.0,1094867.125,1084375.25,1060481.875,1024057.4375,1127154.5,1104730.625,1178348.75,1111449.0,1224897.0,1301392.5,1210805.125,1309967.5,1371032.125,1415164.25,1337522.75,1286519.75,1138833.75,1292123.125,1324841.75,1336503.75,1510725.5,1438065.375,1331725.875,1387494.75,1415933.875,1334520.375,1059207.625,1099597.5,1460337.375,1570440.625,1464384.375,1492223.25,1147541.0,1049371.375,1469903.75,1403798.375,1295317.5,1527530.875,982429.5625,1066851.625,1080379.875,1114081.75,1112078.5,1254083.625,1367629.75,1369966.875,1086479.125,977839.375,1341938.125,1246415.875,1026928.9375,968466.3125,1166365.875,1015175.5,1238832.5,1350902.75,1305453.0,1229157.625,824892.6875,889695.0,1105555.375,1022758.5,1368467.125,1374895.0,1319666.5,1313901.25,1099549.5,1062498.75,1078814.25,1121723.875,1269291.5,1249578.75,1097305.25,1065686.125,1194242.25,966729.75,1303397.125,1288152.75,1642661.375,1600213.625,1609828.5,1646111.5,1263474.0,1380054.875,1453850.5,1490347.875,1508813.875,1465874.625,1416977.625,1361661.75,1452047.75,1534879.75,1300489.25,1329533.375,1446226.5,1425606.5,1425444.125,1549921.125,1200715.875,1359807.75,1393599.375,1467379.5,1464720.0,1500378.5,1614625.875,1540927.75,1544829.75,1538493.875,1556601.25,1538851.625,1533243.0,1577587.125,1314811.0,1374011.5,1264913.375,1359212.375,1346973.875,1427707.25,1361129.0,1380410.5,1394230.375,1455013.25,1508726.75,1474475.0,1489453.75,1510553.5,1557702.75,1625985.375,1390197.0,1434287.0,1389233.125,1401858.375,1544243.125,1563211.5,1634350.25,1566560.625,1538336.25,1564722.625,1279813.75,1348727.875,1696603.125,1682482.5,1548266.375,1594175.0,1585451.5,1563430.25,1213507.625,1202139.5,1605470.5,1546661.0,1263393.25,1513402.625,1474140.0,1458373.875,1560715.5,1571888.5,1345297.625,1293375.625,1311655.125,1336096.125,1006830.8125,1098812.25,870546.5625,910341.375,1389901.375,1374995.125,1572516.5,1523637.625,943380.375,894094.1875,1063731.5,1049753.5,1036568.125,992593.375,1265125.25,1318598.375,1577475.125,1438175.625,1246787.125,1264663.125,1244014.125,1367682.75,1210872.75,1250259.375,1550970.5,1546994.25,1275097.0,1300053.0,1653425.125,1682754.125,1324047.375,1347345.625,1436771.875,1443737.0,1740220.25,1503219.125,1597503.625,1622660.75,1493488.375,1677513.875,1755387.5,1810062.125,1433427.75,1637131.0
76,1519056.0,1405250.0,1413846.375,1423295.375,1224187.5,1232058.125,1472898.875,1330150.875,1461521.875,1403113.75,1560944.25,1487637.625,1429075.75,1382669.5,1504362.875,1534901.125,1421541.5,1376504.875,1357328.125,1357777.0,1360007.0,1354585.375,1500548.375,1313408.25,1433268.0,1338700.0,1149312.0,1193545.625,1536969.0,1578681.75,1391925.125,1420800.25,1313858.0,1265581.25,1192163.875,1165527.875,1411177.875,1488410.875,1394446.375,1469134.5,1563265.125,1546777.5,1095150.75,1086967.25,1059972.0,1023422.4375,1125644.0,1106467.0,1177594.375,1110635.0,1225645.375,1303907.5,1210998.125,1308890.625,1368572.625,1416936.0,1334962.375,1285420.125,1133468.25,1290256.75,1325391.125,1334176.875,1512777.875,1440761.875,1330868.125,1385306.75,1406171.25,1330254.0,1055540.25,1098627.125,1462144.25,1569595.25,1464489.0,1490568.375,1151749.25,1051409.75,1469237.375,1405937.0,1296585.625,1528964.125,983487.4375,1067939.875,1079876.625,1112284.5,1114443.5,1257067.0,1369115.375,1371929.25,1086744.0,978559.625,1342190.375,1243457.625,1027583.625,966846.25,1167113.125,1012997.5,1241722.875,1354237.625,1305393.25,1228878.625,823956.125,886875.625,1104640.5,1021465.0625,1367093.875,1373181.75,1319196.5,1311124.75,1095255.125,1061117.625,1076119.375,1117685.875,1265528.375,1244856.125,1094081.75,1060892.125,1188394.25,966943.0625,1300730.75,1283040.25,1644386.375,1600849.125,1610465.0,1646758.375,1263698.125,1380141.0,1451988.625,1492246.625,1506937.625,1462809.75,1414963.5,1360204.125,1451609.375,1533459.25,1302770.125,1334558.0,1445840.75,1426969.875,1423355.5,1548132.75,1203031.75,1361850.375,1395397.875,1469003.75,1466086.375,1501701.875,1616507.375,1543566.25,1545835.25,1538918.125,1556316.875,1538192.875,1533604.125,1577988.0,1312923.625,1372081.375,1263568.875,1356839.375,1343509.625,1426252.75,1357911.625,1377209.5,1392708.75,1454210.75,1505217.375,1473751.125,1488948.125,1507992.125,1556964.75,1622233.375,1390811.5,1433016.5,1391471.0,1401596.125,1546051.625,1566059.25,1633679.375,1566702.875,1539842.75,1564340.125,1276052.875,1347175.875,1697612.875,1683407.75,1548302.375,1593006.5,1585150.875,1562372.375,1211401.625,1201596.5,1603117.125,1546967.0,1266149.625,1516967.625,1471668.0,1456797.75,1560025.0,1571484.375,1346873.625,1295245.125,1314725.5,1338155.75,1011240.0,1102493.5,871227.125,910060.9375,1392672.75,1376249.875,1570671.25,1524692.25,942877.125,894811.625,1061554.875,1051228.25,1034418.25,992031.4375,1263434.625,1317975.125,1580235.875,1440528.5,1249830.0,1266913.0,1245407.125,1369175.5,1213584.25,1251532.125,1550716.0,1546838.25,1277366.375,1300387.25,1660127.875,1687964.0,1328653.875,1352455.25,1439881.875,1445845.625,1741014.75,1508226.375,1599375.5,1623300.5,1492968.5,1677693.0,1754823.5,1809834.375,1438348.75,1640547.0
77,1519026.375,1403082.875,1414457.875,1423089.75,1224426.875,1230911.5,1472702.25,1330741.375,1457591.25,1401109.5,1560538.5,1486726.5,1428072.625,1380915.375,1505617.5,1535472.25,1423106.75,1377252.75,1356813.25,1357925.75,1360692.125,1356445.0,1501462.125,1313947.0,1435600.75,1340438.375,1150134.0,1193874.875,1536107.5,1580081.375,1394184.0,1422247.75,1314743.5,1265831.875,1193047.875,1164665.875,1410595.375,1484965.25,1395088.75,1468075.625,1560164.125,1545558.375,1096091.375,1090653.5,1059559.625,1024427.75,1124210.75,1106639.5,1176381.5,1110787.5,1224542.125,1303903.875,1210109.375,1305494.25,1368086.5,1417378.125,1333164.125,1284892.25,1129278.875,1288935.25,1326595.75,1331786.375,1513450.0,1442289.25,1330883.5,1383344.375,1400047.0,1328061.75,1060526.0,1104315.375,1462849.0,1568138.0,1464007.875,1486709.0,1152845.75,1050906.75,1468761.25,1406175.0,1295730.375,1531078.375,983094.0,1066920.125,1078978.875,1114482.625,1113078.25,1256542.375,1367864.75,1371638.375,1088303.625,980464.625,1344336.875,1244392.125,1029086.375,967146.75,1167677.125,1015095.0625,1239645.375,1355014.875,1304525.375,1227365.625,824523.1875,887081.875,1105968.5,1021497.375,1366211.875,1372310.75,1320442.375,1311786.125,1094238.625,1066404.125,1078053.75,1117651.375,1264311.625,1243954.75,1091814.875,1061951.125,1182254.0,971535.125,1300647.0,1280281.875,1644531.875,1600037.125,1610008.125,1645060.5,1267803.0,1382817.75,1452847.5,1495959.875,1505179.375,1461597.5,1415901.25,1358774.375,1452584.625,1532295.125,1305351.625,1338584.875,1448133.125,1430116.625,1421467.625,1545382.125,1204401.5,1362424.625,1398338.875,1469670.875,1466997.5,1501307.75,1618465.75,1545629.125,1546211.25,1539193.375,1555002.5,1536694.5,1532073.375,1576613.25,1311825.875,1370059.125,1260817.625,1352116.0,1342269.0,1425870.5,1357698.25,1374892.125,1391323.75,1452875.0,1500698.625,1472258.375,1486206.5,1503268.5,1556145.125,1622023.0,1393741.875,1431015.625,1393702.25,1401432.25,1546140.75,1565717.375,1631491.375,1565655.125,1540651.125,1564401.375,1274927.875,1346579.5,1697316.375,1683100.875,1545681.25,1591146.5,1583616.5,1559817.125,1209396.25,1199598.875,1597051.875,1543562.875,1264422.25,1512260.0,1468918.125,1454170.75,1558566.875,1568812.0,1345737.75,1294566.625,1313567.375,1339179.125,1010914.9375,1102863.25,871313.125,910858.0,1393817.0,1378287.125,1571460.125,1527983.0,939389.6875,893857.4375,1057414.125,1049352.875,1030647.5,990204.3125,1262317.125,1317910.875,1583249.875,1443176.625,1250565.625,1267761.875,1244826.5,1370130.875,1213640.5,1252287.375,1553630.5,1550983.125,1277755.375,1299434.75,1662716.75,1688584.125,1329119.875,1349221.25,1438061.625,1442294.875,1742817.25,1509727.5,1598508.0,1622546.75,1491977.5,1676880.0,1756440.5,1813235.0,1436778.375,1640102.625
78,1516796.375,1401103.375,1413209.625,1420930.25,1221946.375,1228295.0,1474719.25,1330686.375,1456820.75,1401577.75,1559811.375,1485419.25,1426441.0,1379545.875,1505334.5,1533683.75,1423374.875,1377396.0,1355414.625,1355472.375,1360611.125,1355905.5,1502334.625,1313396.375,1436266.5,1340963.125,1148963.375,1191811.25,1536852.75,1581545.125,1395163.875,1421860.0,1313959.875,1265210.125,1191964.875,1161542.75,1408194.125,1482449.75,1393920.375,1466791.0,1559699.75,1543781.625,1096036.375,1092160.625,1058680.875,1025505.1875,1122923.125,1103992.75,1176009.25,1111727.0,1223768.625,1302375.5,1210134.125,1305542.625,1369064.5,1418038.375,1333793.75,1285454.625,1124720.75,1288602.875,1326615.5,1332170.625,1512409.125,1442557.25,1329625.5,1382144.0,1401200.0,1329079.125,1067817.75,1110008.75,1462944.5,1568928.375,1464653.625,1487720.75,1151197.875,1049363.125,1471392.625,1408083.5,1296239.5,1533885.0,981974.1875,1066442.5,1079348.875,1116737.375,1109618.25,1253647.625,1367653.375,1372429.75,1087737.875,981640.625,1345437.375,1248089.75,1029847.6875,967586.875,1167093.625,1018716.1875,1235722.5,1352402.75,1303485.375,1226861.875,824948.75,890033.1875,1108211.75,1022455.4375,1367242.625,1374022.75,1321585.5,1315072.375,1096824.25,1070970.875,1081281.375,1120285.875,1266027.25,1245344.5,1092259.625,1065635.0,1181027.375,973541.6875,1302446.75,1281640.0,1644189.5,1597612.375,1607641.5,1642995.75,1269586.75,1384936.125,1454927.625,1499547.375,1505598.625,1464081.125,1417452.25,1357662.75,1453874.375,1533717.75,1307374.375,1338558.125,1451679.75,1433607.75,1422627.0,1545787.5,1205032.25,1361489.875,1399730.875,1468434.5,1467561.375,1500134.75,1618191.25,1545272.0,1544979.875,1537789.0,1553682.75,1536478.25,1530315.5,1575791.5,1313093.875,1370771.625,1259582.875,1351320.5,1344955.875,1427953.75,1360210.0,1373183.125,1391867.875,1452644.875,1499998.0,1470886.0,1483677.625,1501960.75,1557331.5,1625218.125,1394512.625,1430132.125,1391406.125,1400888.875,1545039.875,1563880.0,1629559.25,1563788.625,1540340.375,1565120.125,1274897.5,1346481.375,1696559.0,1683730.125,1543508.875,1591335.5,1580807.75,1556858.875,1209322.75,1197717.375,1592935.5,1539571.875,1260116.75,1503774.125,1468126.75,1453051.875,1556755.5,1566556.875,1342762.0,1291957.875,1310253.0,1339748.0,1007326.5625,1100031.375,870971.8125,912677.0625,1392062.625,1379655.75,1574985.375,1531028.5,937072.5625,893474.4375,1055907.625,1047998.625,1029556.6875,989179.0625,1262263.875,1317587.875,1583172.0,1444172.125,1248497.0,1266535.75,1243891.0,1370267.375,1212167.375,1251275.75,1553693.75,1552997.25,1277084.5,1298644.375,1658524.625,1683382.5,1325908.125,1341625.0,1434496.375,1438184.125,1742189.75,1504621.375,1596059.625,1620426.875,1490607.75,1674560.75,1756584.5,1814183.75,1431425.25,1636220.875
79,1514779.875,1400966.0,1412786.5,1420875.25,1220998.0,1228778.5,1476225.75,1331214.375,1458056.875,1403588.875,1559528.75,1484569.125,1426300.375,1379583.125,1506072.375,1533198.0,1423470.5,1377327.5,1356707.5,1354942.625,1363010.125,1354906.375,1504691.0,1313324.125,1436684.75,1341509.125,1148784.625,1190161.75,1539161.375,1579539.75,1397663.375,1419686.75,1312242.25,1263056.125,1191020.875,1159071.25,1406993.875,1481601.75,1392049.375,1463910.25,1561511.125,1543098.375,1095137.125,1089777.25,1058372.0,1025188.5,1122920.875,1101683.125,1177148.875,1112575.25,1224219.75,1300519.375,1211897.25,1308319.625,1370578.25,1419467.25,1336696.625,1286980.25,1121147.25,1289638.25,1324946.375,1333163.25,1511659.125,1440741.125,1327382.5,1381669.5,1403130.125,1330465.25,1068837.125,1109251.875,1462483.5,1570924.25,1466819.625,1493410.25,1149761.25,1048966.0,1476020.125,1411864.625,1299632.75,1534841.375,982811.4375,1067856.875,1081457.25,1116106.25,1108497.125,1252083.375,1370640.125,1374897.375,1084229.5,980283.125,1343726.625,1248653.625,1030151.5625,967228.75,1165140.25,1020114.3125,1234226.25,1349388.25,1303659.5,1227486.625,824307.1875,891488.875,1109379.625,1023433.3125,1368491.875,1376049.625,1321169.125,1316700.75,1100143.875,1071245.0,1083052.25,1122662.125,1268229.5,1245829.5,1095254.0,1068137.125,1184283.5,971308.25,1303854.5,1284937.875,1644464.875,1595010.875,1606010.5,1641492.375,1267048.5,1383319.625,1454871.125,1498826.75,1507527.875,1468849.875,1416936.375,1358441.625,1454273.375,1536471.75,1308197.0,1336268.75,1453227.75,1433948.125,1425773.875,1550399.75,1205555.25,1359544.0,1399343.125,1465514.625,1466497.125,1499490.0,1615463.5,1542067.875,1542275.5,1535514.125,1553542.75,1537677.0,1530666.5,1576736.25,1315702.875,1373996.5,1260925.5,1354502.875,1348651.0,1431703.0,1362356.0,1373398.75,1393857.625,1454176.5,1502425.375,1470977.75,1483204.125,1503044.625,1560078.625,1627885.625,1392262.125,1430624.5,1386881.5,1400034.75,1544784.125,1563041.375,1629177.625,1563465.5,1540630.875,1566869.5,1274455.375,1346375.75,1696173.25,1685428.5,1544030.375,1592987.875,1579128.875,1556005.875,1210527.0,1197684.125,1593917.125,1538618.25,1258342.25,1500536.0,1469033.875,1454236.5,1556115.5,1567079.125,1341436.625,1291418.125,1310567.625,1341834.5,1005491.625,1098036.25,870964.625,914303.3125,1389534.875,1379815.625,1577025.875,1531384.625,939099.625,895259.0625,1058063.5,1049650.375,1031660.8125,990413.5,1262199.25,1316509.125,1580306.0,1443078.25,1246647.625,1264705.25,1243967.125,1369603.375,1211711.0,1249833.625,1550653.875,1549758.25,1276970.375,1298257.75,1653522.75,1678293.125,1323396.25,1338359.75,1433389.375,1438572.375,1741291.625,1498888.125,1594505.75,1618563.75,1489415.375,1672055.75,1755180.375,1811755.75,1428620.625,1633010.5
80,1514826.875,1402083.125,1414207.625,1423152.0,1222847.75,1228360.625,1475277.625,1330174.375,1458754.75,1404143.25,1559434.25,1483705.75,1425961.5,1379206.375,1506932.625,1531737.75,1423603.25,1374461.875,1357765.875,1354327.875,1365527.125,1351819.75,1507048.125,1311189.625,1438038.25,1341910.625,1150080.875,1189043.875,1541375.125,1576097.625,1400401.125,1416813.0,1310572.625,1261591.0,1190020.75,1157874.625,1406889.875,1480926.375,1391209.625,1459159.875,1563430.75,1544022.5,1095083.0,1086083.875,1059303.875,1024471.875,1123371.875,1101092.625,1178723.375,1113475.125,1224610.5,1298957.375,1213083.75,1308706.25,1372349.125,1419035.875,1339544.75,1288300.5,1124296.0,1291474.875,1322724.875,1332345.0,1512363.125,1437457.375,1327762.875,1383120.0,1404035.25,1331366.125,1065773.5,1105230.75,1460610.625,1571360.5,1467715.375,1494609.875,1147747.75,1049787.375,1477381.625,1411749.5,1301273.625,1532167.625,985083.1875,1068698.875,1084452.75,1117011.5,1109255.375,1252437.625,1372527.75,1374400.0,1082280.625,978068.3125,1341341.5,1244121.875,1031251.5,968466.25,1164109.375,1019400.4375,1233435.375,1347382.125,1304841.25,1226892.125,825487.1875,889980.0,1108909.5,1024441.5625,1367777.25,1375053.5,1320373.75,1316212.625,1102527.0,1073416.5,1085292.125,1126103.375,1270251.0,1246146.875,1099591.125,1070839.75,1188746.5,970229.875,1304503.75,1287329.875,1643653.875,1596125.25,1606709.75,1640439.125,1265707.875,1379771.5,1454049.0,1493692.75,1508525.125,1471981.5,1415956.625,1361620.625,1455205.125,1536765.0,1308207.125,1334473.75,1452916.5,1430699.0,1427949.375,1554129.875,1205583.875,1356143.25,1399081.25,1462913.625,1463457.0,1498323.375,1613326.875,1538567.125,1540317.375,1534765.375,1554562.5,1538243.0,1532439.0,1577457.625,1317066.625,1376668.75,1262755.125,1356529.0,1350397.25,1433763.375,1362858.75,1376903.75,1395395.875,1455697.875,1504629.0,1472394.125,1485323.625,1504024.0,1560877.25,1628297.75,1390664.25,1432482.125,1386213.125,1400396.0,1546151.75,1562517.875,1630000.0,1565553.125,1542497.5,1568520.375,1275413.375,1347010.125,1695425.125,1684696.625,1545212.5,1592631.375,1581816.5,1558725.75,1211109.375,1198094.875,1597457.625,1540372.25,1259846.875,1504112.125,1471005.75,1456272.5,1558153.25,1569479.5,1342012.125,1292703.5,1313192.25,1342893.375,1005339.8125,1098222.875,870902.4375,913784.625,1387756.5,1378443.25,1575640.75,1529453.25,942380.75,896306.125,1061038.25,1050788.125,1033999.3125,992798.5,1262209.375,1315665.125,1578279.625,1442788.625,1247293.25,1264238.125,1244373.25,1370181.125,1212896.25,1250824.75,1549483.125,1546086.75,1277453.375,1298369.125,1653727.875,1678889.25,1324232.125,1341232.375,1434852.625,1441357.0,1742696.875,1499596.125,1595593.5,1618576.0,1489594.625,1671756.75,1755694.5,1810832.0,1430471.75,1633150.75
81,1516320.375,1403225.375,1415295.125,1423607.875,1223116.25,1223339.75,1473428.25,1327058.25,1459468.25,1403293.75,1559538.375,1482973.75,1424307.25,1377423.75,1505159.75,1527830.625,1423366.25,1371090.125,1355640.375,1350527.375,1365098.125,1346703.125,1507934.75,1307465.5,1439184.5,1341228.0,1152328.125,1188526.375,1542286.25,1574599.0,1400593.25,1414512.125,1309086.0,1261644.125,1188758.75,1157147.625,1406347.125,1481068.875,1390208.875,1456700.625,1563925.625,1545519.0,1096088.125,1083718.875,1060433.125,1024846.0,1123814.125,1101607.75,1179846.75,1114575.625,1224752.875,1297959.875,1213265.375,1308009.0,1373730.0,1416675.25,1340431.25,1288617.0,1132501.25,1292413.25,1321439.5,1331090.875,1512865.625,1435479.125,1330518.375,1385877.75,1406727.125,1332732.125,1065050.0,1104704.875,1457930.5,1570023.875,1466273.875,1490223.0,1143850.125,1051022.125,1474775.625,1407945.0,1298969.125,1529541.0,985583.5625,1067933.625,1087038.0,1121347.25,1108370.5,1252297.625,1370402.125,1371364.25,1084015.5,977665.5,1339802.375,1237277.875,1032928.375,971888.0625,1165813.375,1017847.5,1231593.25,1344505.125,1305361.375,1223884.375,828798.1875,887171.5,1108470.5,1025822.875,1365650.25,1372247.5,1320065.5,1315366.375,1105083.125,1079059.875,1088571.75,1129751.875,1272371.25,1247854.5,1104240.125,1075508.875,1193117.25,974034.9375,1304267.5,1287699.875,1641072.875,1600346.625,1607337.125,1640269.75,1268115.5,1378152.0,1454925.5,1488090.875,1508147.0,1470882.25,1416627.125,1364086.0,1457191.75,1534033.625,1307408.875,1332018.0,1452301.0,1426704.5,1428345.375,1552795.5,1204557.875,1352828.125,1398417.125,1461610.375,1460540.5,1495622.375,1613103.125,1536705.0,1540420.25,1535068.875,1555769.125,1537364.25,1533043.625,1576090.375,1317122.0,1376951.375,1263253.625,1356524.625,1350453.0,1432465.0,1363057.25,1381053.875,1395008.625,1455382.375,1505513.875,1473373.875,1487929.375,1505141.25,1558994.75,1626983.125,1390704.0,1434534.25,1388797.875,1401412.5,1546918.25,1560144.25,1631373.625,1568169.5,1544603.75,1569658.0,1277791.125,1347608.125,1695348.75,1682246.5,1545098.5,1590217.625,1587139.125,1562867.0,1211001.75,1197449.625,1600448.375,1542747.875,1261446.625,1509142.5,1473979.375,1457924.0,1561697.25,1571239.0,1342482.125,1292849.125,1313253.375,1340306.75,1004822.0625,1098918.625,870416.8125,911778.4375,1386766.375,1375936.375,1573505.5,1526456.5,942919.8125,894712.875,1062240.375,1049145.625,1034627.1875,994138.5,1262903.125,1315974.0,1579779.0,1444970.25,1248939.25,1265195.125,1244856.125,1373108.75,1214400.5,1253376.625,1550788.875,1546031.625,1277694.25,1299365.125,1657481.25,1683270.25,1326484.0,1345202.875,1435983.75,1443050.0,1744717.875,1504758.75,1597602.25,1619489.375,1490131.875,1673403.625,1757883.5,1813333.875,1433519.875,1635000.25
82,1515469.125,1402992.625,1413121.0,1421015.125,1216505.125,1217030.375,1472703.625,1326106.625,1460367.0,1403758.0,1558686.25,1483128.5,1422003.25,1375077.25,1499726.625,1524746.625,1421896.0,1371919.625,1352069.75,1345749.875,1362148.875,1343116.0,1505796.625,1305838.125,1438514.5,1341241.5,1153817.0,1189209.5,1539952.75,1575338.875,1397283.375,1413342.625,1306967.125,1262301.75,1187564.375,1156421.375,1405351.75,1482665.375,1387651.125,1459740.875,1562269.125,1546062.5,1097732.0,1083459.875,1061308.125,1026348.8125,1124732.625,1102866.0,1180517.25,1115105.625,1224905.0,1297329.5,1214124.125,1309557.375,1374449.0,1416395.5,1340216.625,1288954.0,1137756.875,1292701.375,1322041.375,1331013.375,1511110.625,1436067.375,1331729.625,1386968.875,1408800.75,1333846.5,1066246.125,1108125.625,1456820.125,1569690.5,1465216.125,1487518.25,1141298.5,1052474.25,1472702.125,1406887.375,1297454.875,1530560.875,984454.3125,1067147.25,1088489.25,1124624.125,1105783.125,1249500.25,1368317.125,1370367.0,1085839.875,978716.5,1338249.625,1233089.375,1032850.75,973984.6875,1168207.125,1016242.375,1231204.0,1340889.75,1304359.25,1220636.5,829594.0625,885371.25,1108997.25,1026697.5,1364572.875,1371616.875,1319523.625,1314437.625,1106733.875,1080785.5,1089454.625,1129161.375,1273240.375,1249584.5,1106382.375,1078881.0,1195212.75,979439.3125,1302458.25,1286084.5,1639972.625,1602905.5,1605895.25,1641672.25,1271133.875,1380729.125,1457680.5,1486671.25,1508558.0,1467462.875,1418881.125,1364533.125,1458662.25,1532704.25,1305347.75,1327414.25,1451336.25,1425077.25,1428157.625,1549250.625,1202741.0,1353836.375,1394984.25,1460485.625,1459900.125,1494028.0,1613480.0,1536991.75,1541504.625,1535182.0,1556695.5,1537025.5,1531806.625,1574026.125,1317680.125,1375984.625,1263186.375,1356604.375,1350316.375,1430504.625,1364914.125,1383248.5,1393236.25,1453842.0,1506037.875,1473135.0,1488320.625,1506480.0,1557529.25,1625023.125,1391301.875,1434375.875,1390395.75,1401000.25,1545044.125,1557124.75,1632678.875,1569361.25,1544169.875,1570792.625,1278528.375,1346464.875,1697030.0,1682302.875,1544798.0,1589276.75,1589587.75,1564700.75,1211218.875,1197082.875,1602485.0,1545206.625,1260744.0,1510975.375,1476318.375,1458803.875,1563728.375,1571596.375,1342500.875,1291438.625,1311508.25,1335941.25,1003651.125,1098125.0,869957.9375,910574.375,1386808.5,1374105.5,1573840.875,1524081.5,940269.625,892405.5625,1061288.875,1047222.75,1033448.9375,993508.1875,1263937.5,1317410.25,1583824.5,1446610.75,1249424.875,1265872.875,1245695.125,1375382.75,1214680.375,1253924.0,1552411.625,1548033.625,1277168.125,1300482.375,1659360.75,1685623.375,1327014.5,1346748.125,1435429.25,1443321.0,1745366.875,1507453.625,1597810.625,1619928.5,1489579.5,1674987.0,1759039.25,1816288.875,1434081.625,1635937.375
83,1511219.375,1401537.875,1408000.25,1417477.25,1207217.75,1214238.375,1473505.75,1328813.375,1461545.25,1406015.5,1556211.125,1484351.5,1419862.875,1373808.75,1494130.375,1523954.75,1418006.375,1374189.75,1349939.125,1343910.625,1358131.375,1342649.5,1499302.125,1306220.125,1435560.375,1342112.5,1151673.5,1189784.375,1532973.25,1576540.375,1391353.625,1412782.625,1304928.125,1263357.25,1186464.25,1155936.875,1404848.125,1484672.25,1385910.375,1464813.5,1559373.5,1544586.625,1099766.375,1084119.5,1062318.875,1027447.125,1125579.375,1104593.0,1180049.375,1114125.375,1224168.75,1296910.5,1214670.75,1310459.75,1374674.625,1418772.375,1341030.375,1289630.25,1140795.0,1293621.75,1323930.375,1331764.625,1507390.625,1436530.25,1331483.75,1386265.125,1409166.125,1334220.5,1065968.625,1111788.625,1458912.625,1572542.25,1466602.875,1489211.875,1143563.5,1054457.75,1472620.375,1409330.75,1299862.25,1533273.875,984225.6875,1066273.25,1087667.0,1123948.5,1104236.0,1244720.5,1369599.5,1370998.875,1085909.125,979030.625,1338248.375,1235379.0,1029425.5,972520.75,1168191.125,1015541.5625,1233012.5,1340258.375,1301483.125,1219708.25,826409.375,886525.6875,1108836.375,1025875.1875,1366234.75,1374157.125,1319323.75,1314454.125,1103527.5,1075594.375,1086709.5,1125459.375,1271779.5,1250123.875,1102217.875,1076157.375,1191188.75,980293.1875,1301280.0,1284330.5,1643066.25,1602757.25,1603634.375,1644555.75,1271706.75,1385204.0,1461180.625,1489951.125,1510554.625,1465140.125,1420974.625,1364982.375,1458321.0,1534729.75,1302886.5,1323045.0,1449044.25,1425516.875,1427504.625,1547536.375,1200128.0,1359028.25,1389292.5,1459422.625,1461646.125,1496754.0,1613995.0,1539516.75,1542129.125,1536142.0,1557205.625,1538395.5,1529795.125,1573182.375,1318421.75,1374931.25,1263799.0,1356524.5,1350232.625,1430325.25,1367908.375,1384065.0,1392421.625,1453026.375,1506857.0,1473209.25,1487572.5,1508238.125,1559432.75,1625567.625,1393425.0,1432333.625,1391763.875,1400244.75,1541299.0,1556363.375,1632873.5,1569020.75,1540139.125,1571403.875,1276832.25,1344234.25,1698829.5,1684994.0,1545553.875,1590906.75,1586899.5,1562461.125,1211692.75,1198380.75,1602809.0,1546779.125,1257980.25,1508307.625,1475647.875,1458638.75,1562531.5,1571188.0,1343060.125,1290674.625,1311644.25,1332800.625,1002309.875,1095935.875,870077.25,910517.3125,1388305.75,1375071.125,1576864.125,1524138.125,936655.4375,891159.3125,1059462.125,1046592.0,1031303.625,991764.625,1264672.5,1319218.75,1586883.75,1444567.75,1248867.375,1264612.25,1246105.875,1373286.25,1213470.625,1251625.375,1555200.0,1549820.375,1275925.875,1299903.0,1657423.25,1683064.5,1325612.0,1346011.875,1434699.75,1441951.875,1745200.5,1505607.0,1596982.25,1620409.125,1489173.5,1675873.5,1760130.0,1817739.375,1432510.875,1635434.0
84,1508633.625,1401387.75,1404478.75,1414968.5,1207237.0,1217759.875,1475172.375,1330231.75,1464986.0,1407489.875,1555430.375,1486259.875,1419670.25,1375285.125,1494264.875,1524167.75,1413290.75,1372568.75,1351401.375,1346526.5,1355078.75,1344145.75,1492306.5,1306277.625,1431685.25,1339948.0,1147515.75,1189356.5,1526262.25,1576467.5,1386223.375,1412720.0,1305585.0,1264132.25,1186270.125,1157225.0,1405263.5,1486243.875,1387532.375,1467274.5,1557743.125,1542413.375,1100970.875,1084525.625,1062744.625,1026801.1875,1126117.625,1106066.875,1178134.125,1112068.625,1223027.625,1297622.0,1213019.5,1308408.625,1374022.875,1419379.125,1342455.125,1288973.375,1146576.5,1294044.0,1325879.875,1332601.0,1504447.25,1434371.125,1332170.625,1386204.125,1412255.75,1334803.0,1063691.625,1111789.875,1462537.125,1576500.25,1469265.25,1492680.75,1148191.875,1056122.5,1473508.5,1410497.875,1303412.5,1534630.875,984605.625,1064750.375,1083712.875,1119721.375,1105253.25,1242135.0,1371470.0,1370404.5,1086525.0,979099.6875,1340916.875,1241489.625,1025606.4375,969578.625,1166209.625,1015599.875,1234871.125,1343666.75,1297864.25,1220883.75,823126.625,889535.125,1107764.25,1024310.875,1369390.5,1377086.375,1320286.125,1316128.875,1098483.25,1070270.875,1083400.0,1123875.75,1269698.125,1249693.375,1095064.375,1069476.875,1184835.625,975717.875,1303440.375,1285348.0,1647571.875,1602680.25,1601973.5,1647474.0,1268266.625,1386216.0,1462322.625,1492953.875,1511949.125,1464525.5,1420745.5,1365574.375,1455418.75,1536291.5,1301046.25,1321777.75,1445426.375,1425373.5,1425873.0,1547390.125,1197209.875,1362639.625,1384751.875,1460025.375,1464114.25,1501619.0,1614934.375,1542258.75,1542151.375,1538216.0,1556736.875,1539634.375,1527961.375,1573332.5,1317460.875,1373337.0,1264586.875,1356322.875,1349628.5,1429920.125,1368252.75,1383787.375,1393533.625,1453370.375,1507504.625,1475207.25,1488542.875,1511473.625,1563546.875,1630367.25,1396020.75,1431557.75,1394248.5,1401920.625,1537963.25,1557724.125,1632733.125,1568487.375,1536430.25,1571325.0,1275258.875,1343148.5,1699425.25,1687392.5,1546873.5,1593095.125,1582198.0,1558889.625,1212024.125,1200418.5,1600498.875,1545656.5,1256016.25,1503816.5,1472598.125,1457507.125,1558983.25,1570279.25,1344321.625,1292238.875,1313458.0,1332447.875,1002582.3125,1095595.875,870939.75,910968.25,1390819.0,1378285.125,1579243.5,1525616.0,935782.3125,891403.8125,1058776.625,1046419.5625,1030307.4375,990640.5625,1264845.875,1319555.875,1586758.0,1440942.75,1248156.5,1262317.25,1245668.625,1368845.0,1211883.0,1249370.375,1558930.625,1551274.25,1274713.25,1297933.625,1654473.75,1679037.625,1323985.0,1343693.0,1434909.75,1439500.625,1745455.125,1502714.5,1597500.875,1621366.0,1490985.0,1676687.375,1762626.0,1817787.75,1431172.375,1634664.75
85,1511296.125,1403499.875,1406050.125,1415494.125,1219001.625,1227019.25,1476538.0,1327660.625,1469828.0,1406852.25,1559528.625,1487840.0,1422108.625,1378835.625,1500308.125,1525635.875,1411865.125,1368886.625,1355693.125,1352042.0,1355402.625,1346718.625,1491751.125,1305969.75,1429840.0,1334481.25,1144404.75,1188824.5,1527349.625,1575640.5,1385693.75,1414476.25,1309261.125,1262397.0,1187524.375,1161245.875,1406066.75,1486342.25,1390400.375,1466653.375,1558077.625,1542466.75,1100149.0,1086547.875,1061818.625,1025549.125,1125057.875,1104566.875,1176472.5,1110957.625,1223636.875,1300615.5,1211249.125,1307053.125,1372768.75,1416805.875,1342167.0,1286626.625,1150919.25,1292753.125,1328218.875,1332596.375,1505109.625,1431051.0,1332985.625,1386705.0,1416522.875,1335119.25,1060701.375,1107309.0,1464167.75,1576993.75,1470931.0,1494344.0,1150025.5,1054978.125,1475753.375,1408662.25,1304994.875,1533801.0,983958.625,1064938.75,1080933.25,1114829.875,1108334.875,1244901.625,1371348.5,1368881.5,1088718.75,982296.875,1342599.125,1245001.125,1027124.8125,969066.5625,1166842.125,1015521.8125,1237031.75,1347371.0,1297157.5,1222866.125,823060.625,891199.0,1109204.375,1025276.0625,1370373.75,1377433.625,1320387.5,1316909.0,1102270.875,1074921.875,1082442.25,1124144.0,1268260.75,1246660.625,1095946.25,1068836.375,1186557.25,973982.3125,1304501.25,1286264.625,1648558.125,1603014.75,1600792.375,1647839.75,1262978.875,1383439.625,1459988.25,1492959.25,1511391.5,1464980.75,1418569.75,1365195.5,1451401.75,1535275.5,1300183.75,1323496.375,1442969.0,1424664.625,1424512.25,1547790.0,1196294.25,1362073.0,1383562.25,1461857.25,1465516.375,1503355.875,1615849.625,1542959.125,1542581.625,1539785.5,1554623.0,1539126.75,1526829.5,1573618.75,1315362.75,1371541.875,1264786.125,1356964.875,1348661.625,1426970.125,1364151.5,1381927.75,1394646.75,1453408.375,1507511.625,1477527.625,1490656.75,1514080.5,1563952.625,1633535.375,1394932.25,1432580.0,1394299.375,1405154.375,1536409.0,1558800.0,1634109.875,1568627.5,1537502.875,1571181.0,1274537.75,1343128.75,1699310.625,1688055.875,1547503.75,1594089.125,1579475.0,1558403.25,1211918.0,1201379.5,1597354.25,1542636.625,1257774.375,1502528.25,1469507.25,1455522.125,1555335.5,1569124.875,1345723.125,1295738.75,1315043.875,1335494.25,1006369.0,1099275.75,872088.8125,912010.8125,1393846.25,1381232.625,1578178.625,1526281.375,938031.6875,892416.0,1060212.5,1046699.25,1031904.9375,990822.25,1263723.375,1316736.125,1584798.5,1440143.125,1247543.875,1262247.5,1245112.25,1367895.125,1211238.625,1249629.125,1559889.375,1552397.75,1274193.375,1297731.625,1654301.625,1680255.625,1323016.75,1340970.0,1435126.0,1438668.25,1746849.375,1502569.375,1598689.125,1621915.375,1494043.75,1677551.0,1763562.0,1816850.5,1430833.125,1635127.75
86,1516342.5,1405559.25,1410427.625,1419857.5,1229265.875,1235127.25,1476791.875,1326016.0,1470600.625,1405650.375,1565174.75,1488029.25,1424716.125,1381408.0,1505823.875,1529036.5,1414545.25,1367748.125,1357951.125,1356435.5,1358438.125,1349784.875,1497868.625,1307085.875,1431907.25,1332198.875,1140481.0,1188265.125,1535458.375,1577638.875,1389777.75,1418878.875,1313180.75,1259793.5,1188936.5,1165755.625,1406589.5,1484353.375,1391642.375,1465029.625,1558989.375,1544923.625,1097752.875,1090509.75,1059968.375,1025563.625,1119688.375,1098682.0,1176479.0,1111762.75,1225336.375,1304553.75,1212853.875,1308467.75,1372406.25,1415340.5,1339726.625,1284851.125,1145677.5,1291481.875,1331402.75,1331407.5,1509649.625,1430172.5,1331695.75,1385962.25,1413862.375,1333357.5,1059470.0,1103179.375,1463182.375,1573648.375,1470936.125,1492137.25,1148399.0,1051541.625,1477542.25,1405109.875,1304319.125,1530340.375,982856.125,1067553.25,1084146.375,1114209.625,1111742.875,1250122.75,1370304.625,1367161.875,1090367.75,987743.875,1342038.0,1244219.375,1033945.1875,972109.25,1171927.375,1015725.125,1240689.5,1348860.375,1300595.625,1224676.375,826068.0,891107.625,1113490.375,1029775.75,1367829.75,1374988.625,1318428.125,1315411.5,1115470.25,1090187.25,1083722.375,1123852.875,1266784.25,1241292.25,1107634.75,1078374.625,1196475.5,980668.0625,1298944.0,1281382.5,1645249.75,1601874.25,1600286.25,1644714.75,1260952.125,1381118.875,1457062.25,1492317.75,1510024.375,1466124.25,1416480.625,1363199.625,1449705.875,1534100.25,1301428.0,1327013.875,1444277.25,1425605.75,1424998.375,1548684.0,1198721.125,1359946.375,1385637.875,1462643.5,1466105.375,1501287.75,1615221.0,1541818.875,1543359.25,1539362.875,1551139.0,1537615.25,1526712.625,1574098.0,1315049.625,1371566.25,1265666.25,1357490.25,1347923.375,1423741.75,1358987.75,1378879.625,1394429.125,1452606.875,1507485.125,1477519.0,1491280.0,1512290.875,1558309.375,1629395.125,1391272.25,1433788.875,1391185.5,1406608.75,1536929.625,1559060.0,1635937.5,1568513.375,1541466.5,1570872.5,1272682.625,1342290.75,1699198.0,1687293.75,1546514.875,1593460.875,1579453.375,1561080.75,1210595.0,1200322.25,1595486.5,1540126.375,1261846.125,1505614.75,1467370.875,1453183.5,1553318.25,1568222.0,1346838.125,1299206.5,1316767.875,1340158.5,1011770.1875,1103900.625,872787.875,913043.75,1396217.0,1382266.5,1574882.5,1526586.375,938854.3125,892706.5,1061970.0,1047796.0,1034428.375,991814.8125,1261413.125,1312599.625,1583450.625,1441952.625,1246889.0,1264827.875,1244496.75,1371094.375,1211763.375,1251232.75,1556941.625,1552643.625,1273816.75,1300033.125,1657363.75,1686904.125,1322595.625,1339612.875,1434132.875,1439435.625,1749294.25,1505536.875,1597720.125,1621457.25,1494724.625,1677848.0,1760841.125,1816832.375,1430940.75,1636226.5
87,1519269.375,1405357.375,1412910.75,1425172.375,1227674.625,1235413.0,1475736.625,1328605.375,1465509.75,1405137.875,1566556.25,1487102.75,1425971.125,1381890.875,1506485.125,1532818.25,1417913.75,1369674.0,1355739.75,1357141.625,1360788.25,1352357.125,1503845.375,1310544.125,1435611.0,1336404.875,1136718.625,1188016.75,1542539.5,1583481.375,1395186.75,1423882.125,1315370.375,1261782.5,1189741.0,1166749.125,1406817.0,1482516.75,1391962.875,1464886.0,1560247.75,1546586.375,1095387.25,1091652.25,1058063.375,1026007.875,1113868.375,1094943.75,1177209.0,1112879.5,1225306.0,1306068.5,1216301.875,1310537.5,1372759.375,1417321.125,1336795.375,1285107.75,1132072.75,1291432.0,1333498.875,1331173.25,1514730.75,1433572.625,1328616.5,1384349.875,1404386.875,1329863.0,1059108.875,1101275.5,1461675.5,1570498.875,1470082.875,1488851.25,1146362.25,1050116.875,1475223.125,1400127.125,1301847.75,1525465.625,982534.1875,1069058.125,1087986.375,1117586.25,1114027.875,1252820.125,1368823.25,1365249.625,1089857.375,988894.6875,1344248.375,1243266.0,1037584.0625,974169.6875,1175468.375,1017165.875,1244536.0,1349786.625,1304779.875,1225755.125,829477.125,891125.75,1114725.625,1033028.625,1365216.125,1372219.5,1317680.125,1314270.0,1123019.125,1099550.375,1084663.625,1124735.625,1266217.125,1239743.25,1117341.75,1087490.0,1202649.75,986327.4375,1293082.5,1275594.625,1641115.25,1599776.25,1600839.25,1641029.625,1262933.625,1380193.125,1454869.25,1492416.625,1508707.0,1466887.25,1414594.625,1359757.75,1450589.0,1534451.75,1305205.625,1331247.25,1448008.125,1427989.25,1426249.125,1549536.875,1202258.5,1358085.875,1389514.75,1462229.875,1466834.25,1498948.625,1612496.125,1540009.75,1543162.75,1537163.5,1547681.125,1536363.0,1527428.625,1575020.375,1317336.75,1373949.625,1268070.375,1358383.875,1347487.875,1423774.5,1356472.375,1376000.25,1393850.5,1452389.875,1507729.75,1475557.375,1489602.75,1507638.125,1553616.25,1622698.25,1390520.125,1435106.25,1389311.875,1405274.75,1539334.0,1559771.0,1635640.5,1567225.5,1543402.375,1570152.375,1270548.625,1341621.125,1699507.375,1686690.25,1544439.625,1592148.5,1580154.875,1563083.5,1208405.25,1197987.125,1594818.875,1538765.875,1264097.125,1509203.625,1467116.75,1452458.0,1552937.125,1567694.0,1347854.25,1300836.75,1319538.75,1342811.125,1014870.375,1105261.25,872927.375,913045.75,1395933.5,1381415.75,1572592.25,1527922.75,937383.125,892538.125,1061654.375,1048736.875,1035644.125,993219.875,1260709.375,1311790.375,1583081.125,1442165.375,1245718.625,1266204.625,1243339.75,1373331.375,1211756.125,1251307.75,1553918.5,1552206.25,1272988.25,1301376.0,1660201.0,1690800.375,1321971.625,1339393.125,1432254.0,1438974.5,1751239.25,1508248.25,1594884.75,1621191.875,1492852.25,1677668.625,1757866.5,1817882.375,1430705.875,1635931.0
88,1518516.625,1403552.125,1412026.625,1427487.375,1220511.75,1230779.875,1473868.75,1331157.375,1460389.0,1404731.875,1563416.125,1486060.0,1426796.5,1381752.875,1504017.125,1534223.125,1419300.25,1372686.125,1352878.375,1355774.875,1360725.0,1353155.125,1504800.875,1313791.375,1436902.375,1341419.25,1138997.5,1189601.0,1543514.25,1587766.0,1397883.0,1425454.75,1315495.625,1267297.5,1190521.5,1163734.875,1407003.0,1482891.125,1392254.5,1466413.0,1561834.25,1545375.625,1094836.125,1088805.0,1057157.75,1025393.1875,1115385.0,1099629.875,1177014.125,1112670.875,1223908.375,1304480.375,1217016.125,1311691.0,1372225.75,1419346.625,1335141.25,1286151.125,1121130.875,1291030.125,1332419.0,1333147.875,1515988.625,1438689.0,1326536.375,1383558.125,1398240.375,1327498.5,1055962.0,1098348.875,1460614.875,1569641.625,1468834.875,1488219.0,1145860.875,1051309.875,1469910.875,1395503.375,1298281.625,1523117.5,982922.4375,1067955.0,1085224.75,1119165.875,1115060.5,1252498.0,1366610.0,1364511.0,1088947.875,984400.3125,1350666.0,1245024.125,1033392.75,971414.0625,1172978.375,1019359.5625,1246653.0,1351738.25,1306852.625,1226468.125,830834.125,891451.6875,1110672.0,1030873.75,1365582.75,1371587.875,1320338.125,1315085.25,1116397.125,1091165.375,1083501.25,1127001.625,1267491.25,1244616.0,1114882.125,1085923.25,1199068.25,982092.3125,1295428.375,1277914.375,1639660.0,1598823.25,1601951.5,1640131.375,1265092.625,1379478.75,1453138.875,1492431.75,1507585.0,1466969.25,1412919.625,1357659.875,1451372.0,1535122.25,1308837.75,1334073.875,1450397.25,1429189.625,1425977.375,1550079.125,1203860.25,1357037.0,1392568.375,1461920.875,1466698.5,1498264.5,1610445.375,1538911.25,1542311.0,1535449.625,1546452.0,1536060.375,1528277.625,1575815.75,1319643.125,1376176.5,1269260.5,1360957.125,1347366.875,1426581.25,1356661.5,1374963.125,1393521.625,1453395.375,1507320.25,1473712.375,1487106.875,1505060.125,1555293.125,1620439.625,1392690.0,1435947.125,1389683.375,1402868.875,1542172.875,1560846.5,1633229.625,1565622.5,1542286.25,1568903.0,1271263.875,1343448.0,1699484.0,1686907.875,1543119.25,1591507.875,1580114.5,1562114.5,1207686.75,1196928.5,1595102.25,1538651.125,1263875.5,1510705.0,1468959.875,1454243.25,1553459.75,1567638.625,1349237.375,1300535.875,1322308.25,1342267.25,1014925.625,1103930.375,873192.4375,912629.25,1394007.375,1380373.75,1572884.5,1529363.625,937441.625,893001.875,1059955.125,1048309.5,1035391.5,994093.8125,1262717.125,1315289.0,1582263.75,1439820.875,1244553.25,1264693.5,1241907.625,1371869.5,1209937.625,1249706.0,1553735.875,1551676.75,1272629.125,1299983.125,1659950.0,1687684.75,1320977.875,1339169.25,1431188.0,1437462.125,1750670.25,1507920.75,1593432.625,1622135.25,1491920.5,1677617.75,1757598.125,1816959.625,1429810.625,1634757.875
89,1515861.5,1402786.625,1410277.625,1426607.375,1218344.75,1228177.75,1472700.75,1330555.375,1459532.0,1403778.5,1560236.125,1485474.125,1427347.75,1381701.25,1502294.75,1532608.0,1419379.875,1375150.625,1353038.375,1354709.75,1359438.5,1352346.375,1502185.625,1314020.75,1435677.75,1342218.625,1146271.125,1192218.625,1540480.75,1586845.375,1396086.75,1422886.375,1313900.5,1269439.875,1190714.625,1160296.125,1406949.75,1483604.875,1391903.375,1467307.0,1562544.125,1543385.75,1096410.875,1086911.25,1057617.75,1024731.8125,1122385.875,1107152.125,1175809.25,1111778.0,1223333.75,1301974.625,1214608.875,1311042.375,1371413.125,1419033.0,1335680.5,1286751.875,1121230.625,1290076.75,1328773.0,1334171.375,1513369.0,1441300.625,1327002.0,1383450.25,1399976.625,1327825.625,1053971.125,1097787.625,1459723.625,1569841.125,1466725.875,1488215.0,1146649.5,1051313.5,1466908.375,1395857.25,1295050.625,1525201.125,983371.5,1066386.125,1079977.0,1117609.75,1115372.5,1251929.75,1365141.25,1365857.375,1089377.25,980203.625,1354450.5,1246943.375,1027530.5625,967715.125,1168858.0,1020156.5,1246086.25,1352777.0,1306972.375,1226791.625,829832.6875,890998.625,1106469.25,1026158.4375,1367275.75,1373087.25,1323239.625,1316509.875,1104408.875,1077047.0,1080976.0,1126756.75,1268231.5,1249085.5,1104861.875,1076787.125,1191227.625,975132.6875,1300978.5,1283922.875,1641302.375,1599817.375,1603771.0,1641832.25,1265406.625,1379460.75,1452678.25,1492136.75,1507259.75,1467099.0,1413179.375,1358955.25,1451432.75,1534642.625,1309387.125,1334235.75,1450040.125,1428712.25,1424402.5,1550080.0,1203096.25,1357659.0,1393695.0,1462354.375,1464824.375,1498464.0,1611227.375,1539300.5,1542142.625,1535646.375,1549262.375,1537114.25,1529231.5,1575936.125,1319484.375,1375894.0,1266496.25,1361319.875,1347590.25,1428965.5,1357974.625,1376045.25,1393051.875,1453953.0,1506088.25,1472946.0,1485502.375,1504892.75,1558622.5,1621697.25,1393736.75,1434690.625,1389942.625,1401098.75,1543603.75,1561256.625,1630949.875,1565044.75,1540676.875,1567491.5,1274160.25,1346139.0,1697981.875,1685833.375,1543314.375,1591144.125,1580074.125,1560040.75,1209032.5,1198244.125,1596135.5,1540230.25,1263108.625,1510238.375,1470710.75,1456270.625,1555413.125,1568722.5,1350188.125,1299396.0,1322765.875,1340720.0,1013759.25,1102930.875,873697.6875,912981.5,1393279.5,1380711.75,1574463.375,1529562.25,938419.3125,893272.1875,1059011.25,1046845.5,1033848.8125,993206.6875,1264101.375,1318385.5,1581148.625,1438925.375,1245185.5,1263403.375,1241086.375,1369616.25,1208738.0,1249303.5,1554806.25,1551367.0,1273531.875,1298151.25,1658113.75,1683014.25,1321191.875,1339699.25,1431847.125,1437164.75,1748319.125,1506117.625,1594260.375,1622401.75,1492147.125,1677111.25,1758676.0,1814778.125,1429403.375,1634681.0
90,1514459.875,1404241.375,1410727.875,1424999.5,1222185.875,1229091.5,1473585.0,1329296.75,1461308.875,1402838.25,1560360.875,1485979.625,1427397.25,1381814.75,1502721.5,1530291.25,1420540.125,1376289.5,1354817.125,1353727.75,1358663.75,1351413.0,1500518.25,1312311.75,1434870.0,1340734.875,1151347.375,1192983.875,1538463.125,1583853.0,1393114.25,1420209.5,1312236.625,1267268.875,1189533.875,1158500.25,1406551.125,1483000.0,1391407.0,1466976.625,1562623.75,1544432.625,1098214.125,1086951.75,1058542.25,1024915.375,1127315.75,1109726.875,1175269.0,1111684.625,1223723.125,1299557.375,1212086.75,1308811.0,1371904.625,1418055.25,1337964.375,1286854.625,1131676.5,1290533.5,1324644.5,1332214.125,1511281.0,1440763.375,1329588.625,1383111.25,1404536.125,1329717.0,1059704.75,1104978.375,1459045.0,1569409.875,1463688.75,1486396.0,1147217.125,1049140.25,1468927.875,1401924.125,1293029.5,1528626.0,983101.5625,1065650.125,1079134.75,1116775.875,1114991.25,1252939.875,1365248.125,1368222.75,1089328.75,978726.875,1350948.375,1246266.25,1025837.9375,967832.9375,1167610.875,1018266.125,1242706.75,1350731.5,1305691.125,1225996.875,827292.375,889586.4375,1105268.125,1023093.375,1367501.125,1374765.25,1323250.875,1317481.375,1096145.375,1071073.5,1079377.75,1123510.25,1267463.0,1248095.875,1095579.125,1067684.5,1185744.75,973471.625,1301750.625,1284201.125,1643276.125,1601472.75,1606795.375,1643833.5,1266149.875,1380166.25,1453901.25,1492106.375,1507611.25,1467130.0,1415580.125,1361741.875,1451799.0,1533424.5,1307187.125,1333176.875,1448414.875,1428508.125,1423361.625,1548902.5,1201416.625,1358877.25,1394554.375,1463732.125,1462790.0,1498194.75,1613714.25,1540327.125,1542810.375,1536615.625,1554354.875,1538621.375,1530891.125,1575818.0,1316943.25,1373549.25,1261359.75,1356415.625,1347693.25,1429318.75,1359710.5,1378187.5,1392300.125,1452560.875,1505433.75,1472929.5,1484416.75,1503688.0,1558537.5,1622316.5,1392360.0,1431784.375,1389186.0,1399962.625,1543622.75,1560992.5,1630822.25,1566176.5,1540686.625,1567357.625,1276783.375,1347211.5,1696211.875,1682852.375,1544045.5,1589990.625,1581587.0,1560486.75,1209432.5,1198838.25,1596569.5,1542249.375,1261485.75,1507520.875,1471008.0,1456642.25,1558864.875,1570739.125,1348688.625,1297634.75,1319732.75,1339960.5,1011428.8125,1102092.375,872968.8125,913313.375,1392900.5,1381495.375,1575289.625,1529030.25,937139.4375,892408.3125,1059065.5,1046080.75,1031424.9375,991196.1875,1263363.5,1317735.75,1582130.625,1441683.375,1247474.0,1264469.625,1241912.625,1369719.375,1210600.375,1250878.0,1555459.5,1551948.0,1274663.25,1297529.75,1657250.0,1681719.875,1323174.875,1341559.25,1433554.875,1438074.125,1747003.625,1505295.875,1595880.125,1620591.25,1491692.5,1675756.625,1759770.75,1814959.125,1430426.875,1635195.0
91,1515093.0,1405550.5,1413300.75,1423374.5,1226747.875,1231012.875,1475929.0,1328915.0,1464152.75,1402808.625,1563049.0,1487452.25,1427629.625,1382664.0,1503483.125,1529391.5,1422974.5,1375636.875,1354984.25,1351786.125,1358845.875,1350182.125,1501658.25,1310302.25,1435029.125,1339401.125,1151541.75,1191010.5,1539583.625,1581644.75,1393678.75,1420027.0,1312212.875,1266152.875,1188295.75,1157957.375,1406746.625,1483140.125,1392015.875,1466955.875,1563792.75,1548676.375,1098631.375,1085315.25,1059345.0,1024957.375,1128988.0,1108525.125,1176721.125,1112548.875,1224467.625,1297475.875,1210630.25,1307358.75,1372803.25,1417191.625,1340060.375,1286132.25,1144723.75,1292060.5,1321864.0,1330494.5,1512246.625,1438983.75,1333319.125,1383200.25,1408770.875,1332039.625,1069635.5,1114704.875,1459386.0,1568141.5,1461409.625,1485587.125,1146960.75,1047142.8125,1473038.125,1408073.5,1292377.0,1529615.0,982051.8125,1065640.75,1081717.125,1118417.625,1113473.5,1254969.0,1365821.75,1370428.5,1087106.0,977574.5,1344379.625,1244244.375,1027058.0,969845.75,1167709.5,1015560.875,1237898.5,1347456.875,1302873.5,1224005.875,824264.75,887681.75,1105808.375,1021959.4375,1366470.75,1375160.625,1321709.625,1317892.625,1092803.125,1070448.5,1081222.125,1121821.5,1268343.125,1246006.375,1090564.125,1062720.75,1185284.625,974090.125,1300394.75,1281115.625,1643176.25,1601325.5,1609767.5,1644668.625,1269320.125,1380451.0,1455843.375,1493014.375,1507717.625,1466460.5,1417532.875,1363141.25,1452667.375,1533010.0,1304183.625,1332422.125,1447385.0,1428740.25,1423470.625,1546825.0,1200432.75,1358631.5,1396194.625,1465301.0,1462994.75,1497146.5,1616100.625,1540971.875,1543426.75,1536781.375,1556532.5,1538337.625,1532692.375,1575904.25,1313848.375,1371098.75,1257794.625,1351110.625,1347437.625,1428320.125,1361362.125,1380021.25,1391472.25,1450519.75,1505893.375,1473034.125,1483414.25,1501327.25,1557420.125,1621954.625,1390138.125,1429599.5,1388001.125,1398950.5,1543473.75,1560545.875,1632919.0,1568499.25,1541850.375,1568643.875,1279219.125,1347816.125,1696415.5,1681144.875,1544728.5,1589296.0,1584833.875,1564101.25,1207359.0,1196136.75,1595253.625,1542324.625,1257786.375,1502527.875,1470485.875,1455676.125,1560663.25,1571186.75,1344198.625,1294349.25,1314342.5,1339376.125,1006906.8125,1099648.75,870478.25,912308.875,1389921.125,1380462.0,1574743.875,1528457.25,935375.8125,891642.3125,1059942.375,1047174.9375,1030502.6875,990415.0625,1263403.375,1315898.375,1585544.5,1444744.0,1249065.125,1266216.0,1244438.375,1370873.875,1213168.75,1251687.125,1556765.5,1553593.625,1275079.5,1297422.5,1656547.625,1682156.625,1324886.375,1343210.25,1435299.75,1438830.5,1746876.75,1504844.5,1597379.5,1618665.875,1490980.75,1674472.75,1760833.875,1816823.625,1431563.875,1634603.75
92,1514941.625,1403145.875,1414970.375,1421344.875,1227952.75,1232091.125,1477127.75,1327738.25,1466539.25,1403346.25,1564830.25,1488149.625,1428617.375,1384324.75,1503207.75,1529836.375,1424387.25,1373521.25,1353170.5,1349528.5,1359336.125,1348059.375,1503583.125,1308619.875,1434357.125,1338092.75,1149257.75,1188312.625,1542365.75,1579686.75,1397293.875,1420726.125,1313426.0,1268258.25,1188393.125,1158508.75,1408310.125,1485246.5,1393601.5,1467527.125,1565829.625,1551759.875,1097962.875,1081705.625,1060083.5,1024399.4375,1130050.75,1107790.25,1179098.0,1113467.125,1225427.125,1296657.75,1209716.125,1307581.375,1372368.125,1415547.0,1339924.875,1284999.875,1148811.125,1292321.875,1321591.5,1331652.5,1514333.875,1436878.75,1335184.5,1384093.375,1412638.75,1334189.875,1075875.375,1118267.875,1461295.625,1567539.0,1461934.0,1488045.375,1147204.25,1046660.625,1474871.125,1410189.75,1293554.375,1528907.5,981641.5,1065972.125,1083672.5,1120151.625,1111591.25,1255735.125,1366902.875,1372371.5,1083949.25,975653.3125,1340512.375,1242317.375,1028492.0625,970300.25,1166165.625,1013833.125,1234242.125,1345423.625,1299641.875,1221446.875,821767.0,886301.1875,1107376.375,1022000.0625,1366013.875,1374369.125,1321184.75,1317461.75,1094751.375,1068712.75,1085992.25,1123941.75,1272495.5,1247837.125,1091502.5,1063626.375,1188764.5,972072.5625,1302785.5,1282320.5,1642080.125,1599174.625,1611245.75,1644396.0,1271336.375,1380336.375,1456237.75,1494442.125,1507563.375,1465403.875,1417414.0,1362103.25,1453778.25,1534006.875,1301727.375,1331786.125,1447850.0,1427874.0,1424538.875,1545212.5,1201262.375,1357559.5,1398013.75,1465606.75,1465843.125,1496341.5,1616386.375,1540440.0,1542521.875,1535605.875,1553691.5,1535593.0,1533411.0,1575977.375,1311827.375,1370049.875,1258043.125,1350602.25,1347182.75,1427008.0,1362110.75,1380005.875,1391295.0,1450417.75,1506322.5,1473131.625,1484238.75,1500656.75,1558915.25,1623304.375,1389351.0,1429922.75,1387878.0,1399039.0,1543434.0,1560019.0,1634853.75,1569745.5,1542506.5,1569510.625,1281852.0,1349482.25,1698328.125,1682416.25,1545743.0,1591021.5,1587579.75,1566877.0,1205553.5,1192817.625,1592820.0,1540196.125,1253580.375,1497971.375,1469548.125,1453786.625,1558386.25,1568496.625,1339332.75,1290226.625,1309319.375,1338162.25,1002275.875,1097094.0,868588.25,910946.6875,1384893.25,1377687.25,1573264.5,1527392.125,936864.375,892719.0,1062000.5,1049487.75,1033017.4375,992252.0,1265490.625,1316395.625,1587715.5,1444555.75,1249180.875,1266781.375,1246495.5,1370366.875,1213330.5,1250777.0,1558476.625,1554744.5,1275363.5,1297732.75,1653803.0,1681742.5,1324760.25,1343303.25,1436190.25,1439294.5,1745653.0,1502965.125,1597836.125,1618265.875,1490229.25,1673479.0,1760585.125,1817646.75,1431073.625,1633187.875
93,1511827.0,1397593.625,1413737.25,1420319.25,1225512.375,1231304.5,1476018.125,1325494.75,1465797.75,1403581.125,1563481.0,1486833.25,1429912.875,1385807.25,1502962.25,1530052.875,1424155.875,1372360.875,1351797.75,1348395.25,1359259.875,1346109.5,1504042.75,1308520.375,1432728.125,1337260.0,1147858.875,1187682.0,1543989.0,1577705.75,1398972.375,1419833.75,1314056.125,1269752.125,1189243.5,1159905.375,1409899.75,1486462.125,1394593.625,1467156.875,1566877.875,1550478.125,1097522.0,1079600.25,1060421.0,1023932.6875,1131399.5,1109044.875,1180415.0,1114078.125,1226389.0,1297498.25,1209472.25,1307860.625,1371327.75,1413492.875,1338047.625,1284699.875,1141149.75,1291186.125,1323546.375,1333546.125,1514814.125,1435077.125,1332969.125,1384478.375,1414299.25,1335107.0,1075757.0,1113954.5,1463434.625,1568393.875,1464799.0,1491196.0,1148254.125,1047083.0,1474550.0,1409787.5,1296131.625,1529692.0,982517.125,1066175.0,1083728.875,1119064.625,1111135.125,1254409.75,1369049.875,1373945.625,1082228.75,973648.3125,1340214.75,1240411.25,1029434.75,969923.3125,1163037.875,1012873.125,1233580.5,1344116.875,1298942.375,1219785.375,820732.625,886822.125,1109573.75,1022986.5625,1366484.875,1373606.25,1322002.125,1316252.125,1101129.5,1067546.5,1089557.75,1126676.875,1276835.5,1251102.875,1098518.5,1068989.75,1192730.75,968914.0625,1308204.625,1287668.5,1642246.375,1597405.25,1611767.25,1643655.125,1269696.375,1381119.375,1455122.0,1494383.0,1507874.75,1464973.625,1416948.875,1360046.375,1455345.875,1535373.25,1301013.125,1330977.125,1449698.375,1425927.25,1426313.5,1545128.625,1203663.125,1357670.75,1399696.125,1464423.25,1468851.125,1496461.875,1614889.875,1538949.75,1540415.5,1533892.375,1550423.75,1533073.875,1533180.875,1575881.75,1311560.125,1370484.875,1260986.0,1353463.25,1347391.875,1426103.5,1362497.125,1377958.25,1392436.375,1452293.625,1506201.5,1473366.75,1486999.75,1502012.5,1562026.875,1626689.375,1390490.625,1431988.625,1388725.125,1400864.625,1542869.75,1559194.25,1634543.375,1568431.0,1542233.125,1568821.5,1283609.75,1351301.75,1699312.125,1683917.25,1547202.75,1593931.875,1586893.25,1564907.625,1206418.125,1192735.0,1591492.5,1538234.625,1251969.875,1497818.875,1468853.375,1451756.875,1555171.5,1565439.625,1337533.625,1288081.375,1307301.625,1336947.5,1000701.125,1096943.75,868965.875,910885.4375,1382031.75,1375895.875,1572041.0,1525648.875,941135.4375,895154.0,1063762.0,1051237.25,1037142.6875,995058.625,1267173.375,1318259.25,1585082.75,1442318.625,1248807.75,1266171.125,1245726.75,1368738.375,1212002.625,1250294.875,1557305.0,1553193.375,1275818.25,1298679.0,1649954.625,1680441.5,1323441.125,1342718.875,1435854.875,1440139.625,1742613.5,1499573.875,1596552.25,1619009.75,1489113.875,1672488.75,1757755.125,1816123.125,1429733.5,1632581.75
94,1508726.375,1394962.25,1411651.875,1422060.875,1223395.75,1229895.875,1475056.5,1325145.0,1463522.625,1403816.625,1560786.875,1484970.125,1430435.875,1385941.375,1504103.0,1529894.25,1423578.5,1374149.75,1352938.0,1349572.75,1358990.0,1345992.75,1503569.5,1310528.5,1432404.5,1338113.375,1148909.625,1189734.875,1542404.125,1576745.375,1396750.5,1417739.75,1313382.75,1267772.0,1190009.0,1161213.5,1409575.875,1484556.125,1393674.875,1465403.375,1566353.75,1546739.0,1097648.75,1080935.125,1060163.375,1023910.125,1131654.375,1110461.875,1180428.5,1114580.875,1226954.375,1299191.625,1210103.375,1307445.375,1371074.0,1412902.375,1337362.25,1285346.0,1133601.875,1290682.25,1325385.75,1333412.5,1513135.625,1434998.25,1329727.875,1383597.375,1412706.0,1334278.375,1069596.125,1106110.0,1463690.125,1568765.0,1466725.25,1491032.0,1148701.25,1047222.9375,1474409.25,1408747.125,1297672.25,1531340.125,983415.375,1066474.125,1082836.375,1115606.625,1112725.625,1253703.625,1370559.125,1374035.5,1083082.25,973175.3125,1341547.375,1239243.25,1029829.0625,970335.75,1161956.625,1013425.125,1236290.75,1344067.25,1301880.5,1220986.25,822000.375,888423.8125,1110331.875,1023998.125,1366987.625,1374051.875,1322705.875,1314905.5,1106082.25,1069615.875,1088238.375,1125808.0,1276680.375,1250790.0,1105778.125,1072930.125,1194918.25,968800.125,1310934.25,1290697.625,1643680.125,1597065.75,1611923.375,1642939.125,1268645.0,1382440.625,1455623.0,1491839.875,1508784.125,1465297.125,1417696.75,1359346.625,1457389.75,1535799.625,1302888.125,1330907.25,1451521.75,1424432.75,1427634.0,1546198.125,1205748.875,1358669.0,1400721.0,1463195.5,1469177.25,1497089.5,1615353.75,1538838.375,1540324.875,1533492.375,1551267.75,1533727.25,1533130.125,1576006.625,1312972.625,1371511.5,1263206.375,1355091.5,1348010.375,1426431.875,1363133.25,1376180.875,1393685.625,1453306.375,1505994.875,1473389.75,1488369.0,1503042.5,1562914.625,1627564.0,1391362.875,1432925.375,1388446.25,1402119.625,1542219.75,1558544.375,1633134.125,1566615.0,1541912.25,1567520.375,1282736.125,1351318.75,1698075.375,1683484.75,1548450.875,1594802.75,1583575.875,1560371.0,1208861.375,1195573.75,1593099.375,1538461.625,1254470.5,1502483.25,1469446.625,1451734.25,1555364.5,1565810.0,1340059.75,1289876.0,1309725.25,1337085.5,1003151.1875,1098857.5,870511.25,912050.6875,1383994.75,1376447.0,1572482.125,1524428.375,944534.125,896799.3125,1063642.5,1051187.25,1038919.5,995619.1875,1266279.875,1318281.375,1579811.125,1441342.875,1248068.875,1265067.125,1243622.75,1368913.125,1211559.75,1250716.625,1552267.25,1548722.75,1275699.125,1299045.375,1649898.125,1680392.75,1322608.0,1343224.875,1435300.625,1441217.375,1740114.5,1497690.5,1594984.0,1620165.875,1489008.125,1672343.0,1753587.875,1811988.0,1430248.625,1633505.875
95,1510645.375,1399461.75,1412052.25,1425173.25,1225496.375,1231615.375,1475871.875,1327939.5,1463694.625,1404452.5,1560444.5,1485335.125,1429755.125,1384634.75,1506413.125,1531201.5,1422989.375,1376968.0,1356265.0,1353175.25,1360200.875,1348568.5,1504188.25,1312828.375,1434402.875,1339957.0,1150319.5,1191896.125,1538990.625,1577259.625,1394170.5,1417072.75,1312662.75,1264428.125,1190915.25,1161120.625,1407804.125,1481737.75,1391391.125,1464331.75,1564908.25,1544571.75,1097219.0,1083728.125,1059860.625,1024035.3125,1128547.0,1107938.625,1179708.125,1114507.5,1226729.875,1300167.0,1210855.375,1307064.875,1370781.75,1414864.25,1338982.25,1286233.875,1134493.875,1291318.25,1324962.125,1331793.625,1510881.25,1436673.625,1329430.25,1382644.875,1409076.5,1332318.625,1059933.75,1100816.25,1461622.0,1566950.0,1465471.25,1486981.375,1148232.0,1047032.5625,1473714.5,1406407.375,1296529.125,1530801.375,983474.5625,1067581.875,1082409.75,1113227.75,1114713.375,1255544.0,1369956.125,1372396.125,1084672.375,975701.125,1342741.375,1239933.875,1029575.75,970664.4375,1165051.25,1015717.125,1240477.0,1347388.625,1305151.0,1225123.5,824688.5625,888706.5625,1108252.75,1024096.1875,1367202.25,1375019.625,1321745.875,1313898.375,1104147.125,1070513.5,1082171.375,1121169.625,1270669.375,1246797.75,1104829.5,1070157.75,1194087.0,970179.375,1307271.25,1287813.5,1645163.25,1597553.0,1610631.0,1642786.125,1270234.25,1382256.0,1457974.625,1489278.625,1509422.625,1465305.375,1418117.625,1360463.25,1458097.75,1534952.875,1306471.125,1332390.125,1451007.875,1424440.75,1426901.5,1547166.875,1205576.25,1359098.5,1399473.625,1463251.625,1466431.75,1497821.875,1618756.625,1541523.0,1543789.0,1535479.625,1554831.75,1536857.375,1533546.0,1576732.0,1315007.125,1372544.5,1262449.0,1353506.625,1348145.0,1427900.625,1362559.875,1376712.5,1393083.0,1451882.625,1505781.5,1472722.375,1486900.375,1502409.25,1559605.5,1622856.5,1390795.375,1431040.5,1387445.125,1400746.5,1542725.25,1559423.75,1632673.5,1567192.125,1542489.75,1567739.125,1278743.375,1348541.125,1696696.75,1683300.125,1548344.125,1592924.125,1582113.875,1559183.625,1210852.125,1198702.0,1597157.0,1540843.375,1260594.5,1508644.375,1470988.25,1454552.25,1558353.75,1569500.375,1345248.125,1294634.625,1315354.875,1339108.5,1008931.9375,1101291.875,872009.6875,913405.5,1389633.0,1378415.125,1574777.125,1525085.625,944385.6875,896544.0,1062325.5,1049774.5,1036337.3125,993152.3125,1263357.25,1316415.625,1578022.75,1442632.125,1246956.75,1264419.75,1243686.375,1371997.5,1212479.0,1250925.75,1547677.375,1544712.125,1275099.875,1298415.0,1656634.125,1684362.5,1323228.75,1344771.75,1435693.0,1441743.875,1741930.25,1501721.25,1595205.0,1620867.375,1490950.375,1673907.25,1751285.5,1808499.625,1433176.0,1635407.75
96,1516169.0,1406821.75,1413619.0,1426060.625,1228134.75,1235121.875,1476005.75,1330489.375,1464318.875,1404503.5,1562317.375,1487711.875,1427790.0,1382543.875,1508109.875,1533140.375,1421678.5,1377897.5,1358972.5,1356505.375,1362382.875,1352393.875,1505054.625,1312781.625,1436318.75,1340407.625,1149985.5,1191830.5,1536974.25,1578473.0,1392923.625,1418362.625,1312500.375,1262346.875,1191802.75,1159230.125,1406336.125,1481134.625,1389382.0,1465719.0,1563227.25,1545735.625,1096144.0,1085563.75,1059853.625,1024147.8125,1123256.5,1102035.625,1177956.5,1113235.875,1225717.375,1300006.75,1211003.375,1307423.625,1369923.375,1417497.125,1340110.5,1286736.875,1136319.25,1291027.25,1323768.75,1330375.25,1510038.875,1438767.0,1331169.0,1383075.625,1405224.125,1330317.25,1054081.0,1100979.625,1458734.5,1564858.875,1463036.0,1482754.375,1147762.125,1047205.5,1471761.5,1402827.25,1294270.25,1529174.375,982997.75,1069705.5,1083142.75,1114342.5,1113987.25,1257366.375,1368776.0,1370887.0,1085150.0,979278.6875,1342987.125,1242530.875,1028670.875,970229.9375,1169065.125,1017413.0,1241995.25,1351880.625,1305561.875,1229565.625,826387.625,888109.4375,1105206.25,1023508.6875,1367201.875,1374883.5,1319562.0,1313933.0,1097851.5,1067861.625,1075953.875,1117256.125,1263712.5,1243282.875,1096454.875,1063538.125,1190283.375,969607.875,1300046.25,1281897.125,1646027.75,1599015.125,1607438.875,1643352.75,1270991.375,1380648.75,1459930.0,1490375.375,1508754.625,1464563.75,1416635.75,1361270.75,1455587.875,1533365.0,1309190.875,1334197.75,1448316.125,1426308.125,1424467.375,1547438.625,1203724.375,1359657.0,1395642.75,1464491.5,1462708.125,1498334.0,1621512.375,1545019.375,1547480.625,1538311.375,1557560.125,1539538.25,1533192.5,1577460.875,1315962.25,1373310.125,1259998.5,1351403.5,1347382.75,1428815.5,1360191.125,1377778.5,1391287.25,1449741.5,1505716.25,1472317.125,1485521.0,1501549.75,1554714.0,1616933.875,1390250.0,1427765.25,1388174.5,1398956.5,1543901.75,1561675.875,1632987.5,1569509.625,1543715.875,1569804.875,1274235.625,1344395.5,1696683.625,1684639.75,1546227.375,1590485.625,1584353.125,1563193.25,1211898.125,1200802.375,1601070.0,1543940.625,1266826.125,1512957.375,1471579.0,1457427.25,1560393.0,1572881.25,1349314.25,1298399.5,1319418.25,1341177.875,1013525.8125,1102275.875,872583.4375,913854.9375,1396655.25,1381360.625,1577984.0,1527639.625,940412.1875,894485.5625,1059963.5,1048029.8125,1031139.4375,989992.0625,1261029.625,1315388.75,1580854.875,1444577.125,1246811.375,1265079.125,1245168.125,1375179.5,1213787.125,1251698.375,1547564.875,1544910.625,1275078.5,1298328.375,1664606.25,1690073.125,1324206.75,1345189.0,1435808.875,1441144.875,1748007.125,1510506.25,1596296.375,1620466.0,1493282.0,1676462.125,1753046.125,1810398.375,1434846.125,1636840.0
97,1518644.5,1409864.125,1412515.0,1423938.0,1224951.375,1234021.5,1473279.375,1330906.125,1460258.125,1403268.75,1562255.625,1488414.25,1425041.75,1380302.25,1507386.125,1533273.125,1419436.75,1377373.25,1358995.625,1357176.625,1363004.375,1355567.75,1503387.0,1311351.625,1435740.125,1339679.75,1149722.75,1190651.25,1536727.875,1579745.875,1390727.0,1420453.0,1311320.875,1262294.125,1191802.75,1157585.625,1405836.25,1482811.5,1389037.75,1468586.125,1561745.375,1548363.0,1095777.625,1087173.0,1059897.25,1024566.5625,1120398.25,1099194.625,1175586.0,1111399.625,1224190.625,1300301.25,1210923.875,1309118.625,1370016.75,1418807.875,1338290.625,1286741.375,1130902.25,1289038.125,1324482.375,1329868.75,1510587.625,1441673.125,1331288.375,1383941.0,1402078.75,1328987.25,1056969.125,1104937.375,1456784.5,1564697.25,1462254.25,1481967.0,1147899.25,1047091.0,1470478.0,1400845.875,1293197.0,1529132.5,982677.3125,1071947.5,1084503.375,1117892.125,1110151.0,1256167.125,1368956.625,1370647.375,1085674.625,980908.125,1342246.0,1245300.875,1027616.9375,970035.0625,1170900.125,1017506.375,1239659.0,1352767.5,1304628.25,1231808.375,826584.875,888788.5625,1104238.125,1023357.8125,1367163.5,1374157.75,1318341.25,1315230.0,1094326.0,1067297.875,1074148.875,1117495.75,1261390.75,1243362.25,1089470.5,1060562.125,1186455.25,970489.9375,1294855.75,1277774.5,1645827.5,1601018.75,1604305.625,1643556.5,1269545.25,1379745.25,1460943.125,1495441.625,1507350.125,1463846.375,1414560.5,1360147.375,1451978.875,1532193.625,1309319.5,1334353.625,1447011.375,1429793.25,1422622.125,1547448.625,1202860.125,1361504.25,1391955.75,1466144.375,1460417.875,1497964.875,1620492.375,1546301.625,1547522.375,1539130.5,1557406.25,1540207.125,1530646.5,1576763.875,1315143.25,1373838.875,1258132.0,1351738.375,1346415.0,1428449.75,1358412.125,1376739.625,1390284.5,1448911.625,1505890.25,1473378.0,1486150.625,1502475.375,1552420.625,1615321.5,1390379.375,1425666.25,1390738.875,1399205.125,1543682.0,1562886.5,1632876.5,1570467.625,1543899.25,1571086.625,1271528.625,1341308.75,1696681.25,1684768.5,1543090.5,1589065.375,1586878.875,1568094.375,1212455.875,1201910.125,1602134.625,1545698.5,1268147.375,1513509.5,1469934.75,1457622.25,1559393.625,1572795.375,1350025.75,1298132.0,1318913.25,1341207.125,1012639.0625,1100604.625,871932.875,913333.0625,1402348.875,1385043.5,1580713.0,1530745.75,934813.4375,891647.9375,1056873.25,1046718.4375,1027165.625,988201.25,1260797.5,1316094.125,1583648.875,1445193.0,1248126.0,1266373.25,1244724.5,1375065.625,1214002.5,1252981.875,1551164.625,1548870.125,1275726.5,1298930.75,1665169.75,1690682.875,1324171.75,1343243.625,1433742.75,1439424.625,1752567.125,1515808.25,1595670.75,1619418.875,1493572.25,1677946.625,1757537.875,1816480.25,1432392.625,1636168.25
98,1517829.875,1408590.375,1410525.25,1421796.625,1220614.0,1229699.5,1470828.75,1331205.625,1454900.25,1402193.25,1560245.25,1486466.0,1423756.75,1378819.875,1504928.625,1532734.5,1417299.875,1376518.0,1358197.0,1357125.0,1362213.625,1357355.75,1500354.5,1311565.5,1433776.5,1339876.375,1151463.625,1190712.5,1536312.125,1579916.375,1388212.375,1422177.625,1308784.375,1263609.375,1191225.375,1157899.25,1406264.0,1484485.75,1391285.0,1470189.0,1560515.375,1548694.0,1097071.375,1090607.125,1060377.0,1025829.8125,1121497.0,1101409.25,1174276.625,1110447.875,1223257.5,1301799.875,1211410.0,1311265.0,1371406.875,1419508.125,1335944.625,1286905.375,1126255.125,1288103.75,1326532.375,1331043.25,1510596.375,1444714.25,1329714.125,1383354.5,1400984.0,1328908.375,1063883.25,1110425.875,1456386.375,1565354.625,1462981.5,1484702.625,1148368.125,1046044.875,1470043.75,1402806.25,1293722.625,1529489.125,983374.0625,1072396.5,1085213.25,1120770.75,1107434.0,1252412.75,1369854.5,1370487.875,1087389.125,981954.125,1341544.5,1245806.0,1028119.9375,970894.75,1171915.25,1017235.375,1237751.625,1350089.625,1305230.625,1231119.75,827195.25,890005.0,1106491.0,1024686.5625,1367770.75,1374275.125,1318846.0,1316115.75,1096571.125,1071908.5,1076619.875,1119980.0,1262481.875,1245593.625,1088073.75,1063905.25,1184499.75,976640.4375,1293570.625,1277168.75,1644624.5,1601402.125,1603059.0,1642441.125,1268197.625,1380110.75,1460696.0,1500403.625,1507003.75,1464062.375,1413780.75,1359106.375,1451294.25,1532221.5,1307660.5,1332567.375,1448508.625,1432555.875,1422283.875,1547611.5,1203498.625,1362730.875,1390834.625,1467102.0,1460118.75,1496606.625,1616677.125,1544827.75,1544690.375,1537807.375,1554153.5,1539096.0,1526879.875,1574374.875,1313918.75,1374384.125,1257584.875,1353358.125,1345801.875,1427922.125,1359058.5,1375586.875,1389993.75,1449548.0,1504955.875,1474108.75,1486605.125,1504351.375,1553340.875,1617444.625,1390265.625,1425810.375,1392646.5,1399852.125,1541346.25,1561420.75,1631931.0,1568765.25,1542520.0,1569985.5,1269974.125,1339906.0,1696235.625,1683036.375,1541045.625,1588472.0,1585655.625,1568133.875,1212668.0,1202349.75,1599693.5,1544564.75,1264727.75,1509841.875,1467259.75,1455970.5,1556189.5,1569390.0,1349472.25,1296287.0,1317416.625,1340441.875,1011094.1875,1099531.25,872267.1875,913640.875,1403231.5,1387310.5,1581305.375,1532029.125,930985.25,890241.9375,1055519.125,1046623.875,1026669.1875,988070.8125,1260928.75,1316734.875,1583643.125,1444150.0,1249389.75,1266628.875,1242546.375,1372176.875,1212638.75,1252949.875,1555202.875,1552885.625,1276492.5,1298850.0,1658008.625,1684993.25,1323791.75,1340028.875,1430989.375,1437821.25,1750577.625,1512080.375,1593612.375,1618414.125,1491731.125,1676363.375,1760284.125,1819940.625,1428367.0,1633581.375
99,1519222.0,1407987.5,1411920.125,1421861.25,1224660.625,1229610.5,1473087.25,1331358.625,1457513.375,1402693.125,1560844.625,1485538.0,1424756.875,1378528.25,1503334.0,1533001.875,1416499.625,1374301.875,1358752.5,1357896.375,1361471.5,1355710.875,1499428.125,1311682.125,1432879.625,1339835.625,1153079.875,1191553.625,1535033.375,1577403.5,1387949.625,1421016.5,1307307.5,1264062.875,1190834.125,1158937.125,1407011.5,1484829.125,1394768.375,1469167.0,1559596.625,1545338.125,1099471.125,1094777.5,1061718.125,1027870.6875,1123401.625,1103584.625,1174629.625,1111033.5,1224357.0,1302838.75,1212207.25,1311173.75,1372462.125,1419667.125,1336812.125,1287401.875,1133741.625,1289865.0,1327759.0,1333356.625,1509341.75,1443700.875,1329713.25,1382543.0,1404916.5,1330880.375,1066760.375,1113900.875,1457451.125,1565912.375,1464258.375,1488167.0,1148339.75,1045467.6875,1469538.25,1406312.25,1295409.875,1529282.5,984736.5625,1069940.375,1084245.375,1120606.5,1108527.25,1248616.375,1369758.5,1369066.0,1089723.25,983944.625,1343209.625,1244404.25,1030961.1875,972809.75,1173425.5,1016898.8125,1239534.25,1347681.25,1307022.5,1227728.875,828874.3125,889814.125,1110286.125,1027027.9375,1369144.0,1374989.375,1320301.75,1315932.75,1101988.25,1078414.875,1080448.5,1121871.25,1263544.25,1246580.375,1091880.5,1071032.625,1184461.375,982706.0,1295637.25,1279404.125,1643193.125,1600090.375,1602983.375,1641408.5,1267889.125,1380562.875,1458701.0,1500321.375,1507706.5,1465533.375,1413959.25,1360746.5,1453484.0,1533022.25,1305595.5,1329826.5,1449691.0,1431685.5,1422386.25,1547585.875,1203044.25,1361007.25,1390954.375,1466182.0,1460957.5,1495341.875,1614402.625,1542815.625,1542378.5,1537177.0,1550796.0,1537654.125,1525171.875,1572473.75,1313909.875,1374348.5,1258762.375,1354524.25,1345681.25,1427341.375,1360376.75,1377535.625,1389921.5,1451111.75,1502592.75,1472299.0,1485323.875,1504840.0,1555386.875,1620981.75,1390025.0,1428065.75,1391720.625,1399858.5,1538788.375,1558704.875,1630535.375,1565755.5,1541381.375,1568182.125,1269509.875,1339959.5,1695884.625,1681990.25,1541073.0,1588596.0,1581169.875,1562394.875,1212644.375,1202532.5,1596502.625,1541496.0,1262047.125,1504449.5,1466248.125,1454733.875,1553608.0,1565973.25,1350109.75,1296837.375,1318705.375,1341021.25,1014214.3125,1102112.75,874903.875,915377.0,1398465.875,1385517.75,1578981.875,1529935.25,931198.9375,891078.6875,1056405.125,1047342.125,1028788.5,989436.75,1260317.125,1316079.875,1581398.75,1442789.5,1249383.625,1265512.125,1240886.125,1369532.0,1211393.0,1252640.125,1556218.5,1553831.625,1276801.0,1298784.25,1650389.75,1679192.5,1323505.625,1337064.0,1430263.125,1437824.375,1743211.75,1503005.875,1592589.125,1617714.875,1489904.5,1672489.75,1757898.125,1816810.75,1426399.875,1631706.625
100,1521639.0,1408105.875,1414243.875,1422619.0,1232385.25,1232139.25,1477022.0,1328876.25,1466984.875,1403262.0,1563634.0,1487133.125,1425668.625,1378798.125,1503341.875,1532042.875,1416973.0,1371121.25,1359556.875,1357325.375,1360155.75,1350136.5,1499923.75,1308126.375,1432696.0,1337041.0,1152194.5,1191282.0,1533938.75,1573565.625,1388768.375,1416545.5,1307992.875,1262462.5,1190021.375,1159274.75,1406964.625,1484891.25,1395516.5,1467046.125,1559010.25,1541284.625,1100165.375,1094561.25,1062064.25,1028639.875,1123637.625,1103157.125,1175584.375,1112080.5,1226345.25,1301770.5,1212516.375,1309059.75,1372097.75,1418066.5,1339413.75,1287160.25,1145439.625,1291096.25,1327510.25,1334197.5,1508160.875,1438083.0,1331490.0,1383884.875,1411988.25,1333445.625,1063145.125,1110137.375,1459564.625,1567994.375,1465980.0,1490065.625,1147809.5,1047127.4375,1470450.0,1407001.625,1297754.25,1530151.125,984636.0625,1066393.625,1082273.25,1117472.5,1110650.0,1247296.375,1368633.75,1367189.125,1091064.875,983878.3125,1346679.25,1243541.125,1033205.25,974350.4375,1173207.0,1015637.8125,1242150.375,1346948.875,1307536.125,1223517.125,829430.875,888796.3125,1111922.0,1028204.4375,1370118.25,1375816.5,1321856.875,1316293.25,1105393.375,1082424.5,1083055.5,1122984.5,1265186.75,1246014.875,1099591.25,1077591.125,1186647.25,980559.3125,1300321.875,1283074.875,1642157.625,1599570.625,1602933.125,1642446.75,1267701.875,1381095.625,1457297.125,1495360.625,1507881.25,1467573.5,1414100.125,1363671.25,1455106.75,1534117.75,1303575.25,1327718.875,1448443.75,1428254.75,1422516.25,1547194.75,1200770.375,1357998.625,1390172.0,1463975.875,1462228.75,1495320.25,1616442.5,1542598.375,1542265.875,1538606.625,1551217.75,1537683.5,1526773.375,1573044.125,1314894.875,1373219.125,1261746.375,1356061.125,1346044.5,1426092.875,1359547.5,1380358.875,1391123.625,1452899.0,1502116.875,1470074.0,1484320.0,1504499.25,1557045.125,1625659.5,1390421.375,1431416.0,1388883.375,1401114.75,1538166.25,1557530.125,1629747.375,1563573.5,1541460.875,1567589.375,1271447.875,1341810.0,1695306.75,1681943.125,1542395.0,1589819.25,1577967.25,1556252.625,1213313.625,1203082.5,1597313.25,1540511.5,1263209.0,1503787.625,1468650.875,1455462.625,1554553.125,1566200.875,1350623.875,1298718.25,1320259.25,1341834.5,1016229.5625,1104529.875,876667.875,916103.4375,1393401.375,1381251.125,1575542.25,1526546.25,935794.1875,892542.9375,1057931.375,1047793.0625,1031908.25,991638.0625,1260920.75,1315213.375,1578896.875,1442084.625,1248033.625,1264196.75,1240690.75,1368620.25,1211385.25,1253499.625,1553373.875,1551643.5,1275667.625,1299721.5,1648686.875,1678361.5,1322629.875,1336565.375,1431945.875,1439516.5,1737149.5,1497275.0,1594127.875,1618348.5,1490237.0,1671095.25,1753517.5,1811367.75,1427232.375,1633135.125
101,1519453.375,1405474.0,1412443.25,1421544.0,1230534.75,1230334.75,1475729.875,1324504.5,1471772.375,1402245.125,1563803.375,1488350.75,1425514.0,1379594.875,1503508.25,1529178.5,1417722.625,1370212.125,1359157.375,1354991.375,1358339.375,1345497.5,1498821.0,1303934.375,1431381.5,1333139.125,1150169.5,1190563.375,1534176.125,1572570.375,1388986.5,1413016.25,1308855.625,1260316.125,1188144.75,1159011.625,1406152.375,1485531.75,1392044.0,1465774.5,1558948.25,1540430.25,1097197.625,1087832.875,1059506.625,1026074.4375,1123123.625,1103035.0,1175858.375,1111846.75,1226223.0,1299611.75,1212536.75,1308679.625,1370994.375,1415976.875,1339756.25,1285771.625,1144892.75,1289129.875,1326519.375,1332911.875,1508180.0,1433583.25,1332222.5,1386333.625,1414813.75,1333347.125,1058382.25,1103083.875,1461523.75,1571870.375,1467381.375,1491219.875,1147751.375,1050618.0,1472801.875,1405723.125,1299274.25,1531888.375,982100.375,1064643.25,1081180.25,1114155.125,1110772.75,1248835.5,1367568.75,1366974.375,1089747.0,980198.1875,1347033.0,1243661.125,1031354.125,973201.4375,1169348.875,1012251.0625,1240998.0,1346385.5,1305044.125,1221398.375,827263.125,888610.0625,1109980.125,1027150.5625,1369616.375,1376733.25,1321945.875,1317315.375,1103810.875,1081616.375,1083671.75,1123310.875,1268033.875,1245579.125,1104438.5,1078973.875,1189032.25,973377.3125,1304252.375,1285314.125,1642064.375,1600292.25,1603737.875,1644784.5,1267006.375,1383055.375,1458782.875,1491094.125,1507696.125,1468784.5,1415277.75,1364612.375,1454227.0,1535168.625,1301901.75,1327677.5,1446399.375,1426297.0,1423133.0,1546896.5,1199510.25,1357257.25,1389432.25,1462814.625,1463342.5,1496424.875,1619826.125,1543902.125,1543670.0,1540107.625,1554632.875,1538910.375,1529312.875,1574957.75,1315771.25,1372273.75,1264606.5,1358358.375,1346763.0,1425292.25,1357918.25,1379827.5,1393648.25,1453690.375,1505163.25,1470718.0,1485357.375,1505914.125,1557553.875,1629475.0,1391048.5,1433492.5,1387305.125,1403425.25,1539431.375,1558737.5,1630566.75,1563546.5,1541779.375,1568228.625,1274810.375,1344646.25,1695520.375,1682116.875,1544141.375,1591848.125,1579158.875,1554775.0,1214724.625,1203682.0,1602093.875,1543440.0,1265095.75,1509802.0,1472850.125,1457997.625,1558536.25,1569913.5,1348589.0,1297796.125,1318353.875,1340028.25,1010867.625,1102152.25,874726.1875,914173.4375,1393506.25,1379181.25,1573710.25,1524941.25,941194.3125,892994.9375,1060171.75,1048447.875,1034385.75,992776.875,1263259.125,1315625.0,1579092.25,1441568.25,1246276.875,1263416.0,1241868.375,1368621.125,1211598.875,1253503.875,1551424.375,1549762.75,1273842.25,1300024.875,1653268.25,1681623.375,1322026.75,1340165.375,1435162.375,1441561.5,1738855.25,1499634.5,1597686.625,1620911.875,1492518.125,1675338.625,1754613.125,1811709.0,1429921.25,1636899.25
102,1513574.0,1401290.0,1408003.25,1419547.125,1217631.375,1224640.5,1470606.75,1323472.25,1466137.75,1401726.375,1560504.75,1486977.75,1425532.125,1380661.375,1502568.375,1527678.125,1418087.125,1373248.0,1357182.5,1352783.5,1357507.875,1345517.375,1496542.125,1305553.25,1430602.75,1333470.875,1148368.375,1190525.625,1535631.0,1577030.75,1390000.375,1413648.25,1308648.625,1260150.625,1185913.375,1158906.75,1405969.625,1486177.75,1387633.75,1466061.0,1559926.875,1542704.125,1093523.5,1081227.5,1056384.375,1022365.0625,1123254.875,1104410.5,1175191.125,1110298.375,1223820.75,1299239.875,1212839.5,1311197.875,1371339.0,1416516.125,1338037.75,1285234.875,1132650.125,1287636.875,1325622.0,1332494.5,1509123.125,1434582.875,1331148.75,1386967.875,1410996.25,1330967.875,1060376.0,1105130.5,1462338.25,1575147.5,1467487.625,1493524.0,1148561.5,1053428.375,1473851.5,1407642.125,1298670.875,1533034.875,979439.0625,1064717.75,1081213.25,1114024.25,1109692.375,1250705.0,1366856.625,1368944.125,1087190.75,976581.375,1343371.5,1244155.625,1026676.5625,969566.25,1164638.75,1007525.0,1236797.375,1345840.125,1300223.75,1222050.125,824115.9375,889265.6875,1107830.0,1025295.375,1367999.5,1377271.875,1319864.125,1317643.625,1100350.125,1077927.375,1083380.0,1122589.875,1269589.5,1245437.5,1100165.5,1074214.875,1189274.5,972292.1875,1304024.625,1284551.125,1643124.0,1600828.0,1605785.125,1646396.125,1264166.75,1385433.125,1459720.5,1490201.75,1508514.875,1468316.875,1418772.875,1362870.25,1451133.125,1535235.375,1300835.0,1329152.75,1445224.875,1427096.375,1424043.625,1547180.875,1200526.5,1359820.25,1390420.625,1463956.75,1463844.5,1498248.75,1619218.25,1543938.0,1544567.25,1539419.375,1556853.375,1539360.75,1530697.375,1576108.125,1316101.375,1373058.75,1265058.0,1360462.0,1347683.0,1426553.0,1360143.25,1377231.125,1395180.5,1453501.0,1507739.75,1473317.25,1487533.375,1509459.625,1557509.125,1630097.5,1391218.125,1433500.125,1388222.875,1404394.5,1541408.125,1561037.5,1632345.0,1565242.625,1541589.5,1569082.625,1276518.75,1346354.125,1697995.5,1683852.25,1546040.375,1593842.5,1582747.375,1556882.375,1214654.75,1202387.75,1603724.625,1545780.0,1262328.375,1512407.75,1474466.625,1459871.875,1561303.875,1572905.125,1344733.75,1292845.375,1314298.75,1335480.625,1002788.25,1096942.75,871316.5625,911375.0,1395048.625,1379427.625,1573608.25,1524765.25,941551.6875,891710.375,1062542.0,1049258.375,1034039.75,991556.0625,1264694.375,1317170.0,1581896.75,1440857.0,1245668.125,1263067.625,1242966.875,1368403.625,1211243.375,1251935.375,1554959.25,1551217.0,1273848.625,1299025.875,1657554.875,1683190.5,1322516.75,1344069.375,1437349.875,1442102.25,1746475.625,1504696.25,1599942.75,1623147.875,1493443.125,1680784.0,1762610.5,1818883.75,1431399.25,1638660.125
103,1510010.0,1399884.75,1406444.75,1419815.75,1205744.75,1220389.75,1469067.25,1328623.5,1456697.625,1403889.125,1557147.625,1484148.125,1425251.625,1379984.125,1500997.25,1528985.375,1418229.5,1377465.125,1354278.0,1351246.75,1358070.0,1347735.375,1495988.875,1311941.875,1433273.5,1339579.75,1146082.5,1190071.0,1537299.0,1583941.75,1392964.0,1416988.25,1308973.875,1262611.125,1184919.125,1159625.125,1407019.75,1486750.625,1385453.0,1468253.25,1560885.25,1544061.25,1092827.25,1081084.75,1055922.0,1021043.1875,1123495.5,1104778.25,1174386.375,1108981.625,1222024.5,1301326.125,1213456.25,1314211.125,1373257.125,1420471.625,1337075.75,1287106.625,1122502.0,1289753.75,1325761.75,1335511.25,1510564.75,1439584.0,1329609.0,1385081.375,1404811.875,1329390.375,1067300.375,1114833.875,1462653.75,1576596.75,1467357.125,1497355.125,1149886.875,1054651.625,1473728.375,1412615.75,1297797.625,1534074.875,979251.9375,1064941.25,1080292.25,1116124.375,1109550.25,1251335.5,1366593.5,1371690.5,1086119.0,976410.5,1341613.625,1245222.625,1023520.8125,966029.0,1162701.75,1005667.1875,1235295.5,1347892.5,1296684.625,1224086.125,822105.375,889300.1875,1107989.125,1023657.6875,1366827.0,1377323.0,1317732.125,1316894.25,1098752.875,1073046.625,1082609.0,1121575.125,1268535.5,1245553.5,1091899.125,1067745.625,1188356.625,976921.0625,1301788.75,1284148.5,1644221.125,1600849.125,1606489.75,1646974.0,1258416.375,1384167.375,1455691.875,1490303.625,1509771.875,1466899.625,1421317.875,1359972.75,1447452.0,1534562.5,1300887.5,1330613.625,1445238.375,1428404.125,1424879.375,1549175.5,1201952.625,1363530.25,1392130.375,1465760.5,1464650.875,1501569.5,1614183.75,1541537.875,1543521.375,1536992.125,1556259.375,1538677.625,1531195.875,1576483.125,1316502.0,1375298.625,1264324.625,1362701.625,1348158.5,1429510.75,1364685.0,1376224.625,1394138.875,1453920.25,1506528.875,1474701.625,1488979.75,1513218.375,1558650.625,1629866.25,1391257.5,1433476.0,1389850.75,1403707.0,1543508.0,1563451.25,1633536.5,1566741.25,1540646.0,1569066.375,1275127.125,1346244.75,1701533.875,1688035.125,1547877.0,1595323.5,1583587.5,1557829.625,1212407.25,1199116.5,1599254.625,1544135.25,1256446.75,1505390.875,1472435.375,1459792.25,1560230.125,1572603.375,1342888.375,1288429.875,1312897.375,1332942.5,1001037.875,1094414.75,870461.625,910635.6875,1392153.625,1378754.875,1573848.25,1524903.75,938110.75,890447.3125,1062840.375,1049097.625,1031691.0625,989849.9375,1263967.125,1318785.125,1583371.0,1440600.625,1246166.125,1263610.625,1242527.625,1368079.25,1210604.25,1251199.125,1560471.75,1553614.375,1275575.125,1298736.625,1655010.25,1679163.5,1322672.5,1343046.875,1435695.375,1440770.0,1750665.0,1503601.125,1598074.125,1622565.875,1490916.375,1680678.625,1769115.5,1823628.625,1428881.5,1636157.75
104,1511335.125,1401545.375,1408477.25,1422261.75,1205466.875,1220448.875,1472791.125,1334811.375,1453765.5,1406575.5,1556533.875,1482644.625,1423335.5,1377405.75,1500370.375,1530050.875,1418231.5,1378258.25,1352284.5,1350761.375,1359428.75,1348818.5,1497263.25,1314832.5,1437111.625,1345024.375,1143870.375,1188920.75,1538350.375,1586804.875,1396304.5,1420594.25,1311191.5,1265488.625,1186380.5,1160764.75,1408068.125,1487549.125,1385475.0,1471119.5,1559824.875,1542046.625,1094176.75,1084269.75,1056952.375,1021607.25,1123214.125,1103739.5,1174098.375,1108984.25,1222366.5,1303371.75,1213906.25,1315512.625,1373399.25,1424659.375,1336966.375,1289106.25,1122205.875,1291625.375,1327082.0,1339507.875,1512346.875,1443829.0,1328615.875,1383085.0,1401782.75,1329349.875,1068251.375,1115783.75,1463331.125,1576812.125,1468084.375,1499954.25,1150869.375,1055226.0,1474696.75,1413373.75,1298969.875,1534774.625,980703.25,1064851.625,1077803.875,1115908.5,1110462.375,1251280.125,1366918.625,1372994.5,1086550.5,978254.8125,1345674.75,1246836.125,1023452.8125,964087.3125,1163498.625,1008874.3125,1239281.375,1353183.125,1297311.125,1226280.875,821488.3125,888362.8125,1108278.0,1022061.4375,1367391.875,1377278.5,1318331.625,1316108.75,1098775.75,1067174.625,1081033.625,1121283.5,1267477.875,1247126.25,1089963.5,1065660.75,1188101.0,976692.8125,1302486.875,1287418.5,1643549.375,1600838.625,1603383.875,1646634.375,1254889.625,1379065.625,1450280.5,1491257.25,1510118.375,1466663.5,1418681.75,1357866.375,1446737.625,1535242.875,1302701.875,1331048.75,1447004.125,1428692.875,1425913.125,1553838.125,1202651.0,1364941.875,1392221.75,1465090.25,1466944.0,1506153.125,1609741.5,1539695.625,1541672.25,1535320.125,1554016.125,1538120.0,1531306.875,1576774.875,1317429.0,1376929.5,1264664.625,1364664.75,1347419.875,1431863.5,1363896.625,1376402.375,1391782.375,1454893.625,1503694.25,1474287.25,1488484.875,1515433.25,1560709.5,1631195.5,1391718.0,1434356.25,1390222.875,1403014.25,1545145.25,1565142.875,1633496.625,1566279.375,1538585.25,1567458.625,1272652.0,1345902.875,1702655.75,1691677.5,1548815.5,1595768.5,1579304.875,1555724.75,1210832.75,1197229.75,1595672.625,1541865.875,1255948.25,1500416.375,1470582.625,1459481.125,1557089.5,1570576.875,1345357.375,1290262.625,1316477.75,1336191.75,1007133.5625,1096586.875,872420.0,912129.125,1387930.125,1377608.25,1574312.375,1526178.25,937785.3125,892300.4375,1061489.75,1048641.125,1031177.5,990462.9375,1263051.125,1319762.625,1581795.25,1441193.75,1246301.5,1265262.625,1241506.5,1368552.875,1210180.875,1252133.625,1560933.625,1552874.375,1276411.75,1299769.0,1648754.125,1673853.75,1321860.75,1339190.75,1432289.875,1439226.5,1746470.125,1497567.25,1594424.25,1620282.25,1488248.875,1675781.875,1766370.375,1818448.375,1425255.5,1632594.75
105,1513798.125,1402074.625,1409660.875,1422910.5,1213853.625,1223178.5,1477151.0,1335377.0,1459048.625,1406702.25,1558129.875,1483208.875,1421023.125,1375941.5,1500502.5,1528674.875,1418053.75,1374936.75,1351780.5,1351582.125,1360724.125,1348922.125,1497944.875,1310795.75,1437927.0,1344176.375,1143705.0,1188541.625,1538540.375,1583861.75,1398240.125,1423550.0,1314069.625,1266698.375,1189375.375,1161532.125,1408080.875,1487745.25,1386235.625,1471148.375,1557541.625,1539540.75,1094949.875,1085104.25,1057335.375,1022208.875,1122789.625,1103540.25,1174535.125,1110121.0,1223781.125,1303460.75,1213516.25,1314045.875,1371040.5,1424984.5,1336051.0,1288262.875,1129090.25,1290453.75,1327455.375,1339343.625,1513204.375,1443966.875,1329170.875,1383831.625,1405206.875,1330323.875,1060828.875,1103995.375,1463404.875,1575138.875,1467701.5,1496929.75,1150009.625,1054141.375,1475802.75,1407271.625,1299904.0,1532927.625,981468.6875,1064856.125,1077013.25,1113544.5,1111233.0,1251094.75,1366848.625,1371678.125,1087525.625,978780.125,1352139.75,1248161.0,1024918.4375,963861.9375,1166149.5,1014152.0625,1244504.5,1357590.375,1300479.625,1227517.25,822512.25,887640.75,1107111.0,1021487.875,1369008.625,1376942.0,1321673.75,1316712.375,1100579.25,1065630.625,1079408.125,1121932.25,1268264.75,1249411.375,1097126.25,1069752.125,1189753.875,971119.5625,1305744.375,1290272.75,1641105.0,1600789.375,1598697.625,1644807.5,1260470.75,1376659.0,1451468.375,1496217.75,1510222.75,1468796.875,1414113.875,1358588.375,1451610.0,1537893.875,1305872.875,1330244.75,1450696.25,1428573.25,1427195.0,1558903.0,1202793.75,1362663.625,1390596.75,1461344.375,1469576.5,1508742.625,1610716.125,1542100.5,1541927.625,1536444.5,1551217.0,1538265.75,1530691.375,1576626.5,1317711.625,1375918.5,1264508.5,1362644.25,1346048.875,1431874.0,1358121.125,1376545.375,1390207.25,1454549.375,1503020.25,1473759.75,1486961.875,1515079.0,1561341.375,1630871.125,1392168.625,1434614.75,1389375.875,1402857.75,1545043.125,1564238.375,1632299.625,1564591.75,1536330.25,1564894.875,1271683.625,1345845.25,1699257.375,1690104.5,1547597.375,1594439.75,1574702.0,1554026.5,1210999.75,1197831.625,1597528.5,1541888.875,1261981.125,1507007.125,1470599.125,1459042.125,1554750.875,1568743.625,1349447.125,1296952.125,1321561.625,1341750.0,1012989.4375,1099784.75,873897.3125,913010.125,1387955.125,1378386.5,1575698.0,1529166.625,940647.0625,895473.8125,1060726.25,1048664.875,1033232.6875,992483.1875,1263443.625,1319557.25,1580380.375,1442691.25,1246074.375,1266498.625,1242036.5,1370756.0,1210530.0,1253008.75,1555831.25,1550298.625,1276115.0,1300418.0,1648323.0,1674564.625,1321959.5,1338700.625,1431731.0,1439198.375,1739852.875,1496123.75,1593432.0,1619100.125,1489322.25,1672450.875,1757372.125,1808701.875,1426026.25,1632592.75
106,1513231.375,1399481.625,1408752.875,1420152.5,1220074.25,1224803.75,1478159.875,1330554.75,1465161.375,1404696.625,1559374.25,1483921.125,1421099.875,1376999.25,1500061.75,1526432.875,1418771.625,1371708.0,1351877.375,1352165.75,1360740.25,1348487.75,1498040.625,1305303.25,1435977.125,1340018.625,1145599.625,1188865.25,1538452.875,1579237.75,1397993.625,1423847.875,1314927.125,1265717.0,1190838.75,1161319.5,1407779.75,1486169.75,1387187.0,1466846.25,1556860.0,1540774.875,1095060.0,1083761.875,1058238.375,1023380.8125,1122324.5,1104037.5,1175956.125,1111360.0,1225072.375,1301720.875,1212713.875,1310681.75,1369839.5,1420927.5,1335285.5,1285898.625,1136526.625,1289363.25,1325694.625,1334586.375,1512402.5,1439887.75,1331487.5,1386748.0,1411653.5,1332158.875,1055165.0,1094658.125,1461899.125,1571156.5,1465369.0,1489854.25,1147446.0,1050908.875,1475953.5,1402014.5,1298694.25,1529365.0,981786.5625,1065770.5,1080487.0,1114491.0,1111379.375,1251399.875,1366604.625,1370040.875,1088412.375,977708.375,1353996.875,1247515.0,1027253.25,965817.875,1169625.375,1017840.1875,1245144.125,1356832.875,1303087.25,1226871.375,825215.0,887571.3125,1106937.875,1023308.875,1369254.75,1375608.75,1324459.375,1317772.5,1105098.25,1072977.75,1079875.0,1123410.75,1269367.625,1249905.375,1106943.5,1075294.0,1193285.75,969524.0625,1306607.125,1287361.125,1639927.75,1600249.75,1597985.125,1642318.5,1272532.75,1380490.125,1459053.875,1503018.875,1510831.5,1471448.625,1413890.625,1362167.25,1458823.375,1539897.125,1308306.875,1329290.875,1454071.625,1428101.5,1428087.125,1559747.0,1202423.125,1358655.625,1389857.5,1458030.5,1469918.0,1506285.25,1616229.5,1547274.25,1544663.5,1539401.875,1549596.25,1538559.75,1529731.375,1575802.0,1316957.5,1373376.625,1262618.75,1356064.5,1346025.25,1430369.125,1356218.125,1377818.25,1390316.25,1452737.625,1504683.5,1473915.625,1486887.75,1511206.75,1559834.125,1626113.375,1391869.625,1433033.75,1388921.75,1402255.875,1542706.875,1560379.5,1630960.5,1564629.5,1536638.0,1563848.125,1272649.5,1344923.5,1694525.25,1683857.125,1544794.875,1592023.0,1576516.5,1556583.625,1210290.75,1197991.125,1600074.375,1542469.75,1264894.0,1515146.625,1470414.0,1456394.75,1554756.75,1567671.5,1350232.0,1301223.625,1322573.625,1343815.875,1011039.5625,1099985.5,872853.25,911734.8125,1390383.625,1379986.75,1576935.875,1532108.75,941200.75,895211.0,1060286.125,1048410.9375,1034920.375,993210.0625,1264202.625,1318106.5,1582479.0,1444964.75,1246682.0,1266362.0,1244197.25,1373651.375,1211601.5,1252340.375,1551479.125,1549872.0,1276394.625,1299853.125,1656099.0,1681581.125,1324070.125,1342551.125,1434238.875,1441162.0,1739916.125,1502333.5,1595614.125,1619808.875,1492262.25,1673204.0,1752020.0,1806162.125,1431117.875,1636207.125
107,1511187.125,1397255.625,1408801.875,1418184.5,1220249.0,1224667.125,1475847.5,1325588.875,1467358.125,1403301.625,1559591.625,1484315.875,1423896.375,1379188.25,1499321.125,1525490.0,1420930.0,1371173.25,1351683.625,1350848.875,1358317.75,1346576.25,1499205.5,1304342.75,1433806.125,1338380.0,1146941.125,1188497.0,1539085.0,1576426.25,1394542.125,1419528.875,1312871.25,1264129.5,1189515.375,1159607.875,1407871.75,1483551.5,1389897.625,1462497.625,1559089.625,1545224.5,1096719.25,1084299.25,1061083.875,1026099.8125,1122811.125,1104018.375,1177959.875,1112283.125,1226362.875,1299294.125,1212678.75,1307902.25,1371742.0,1416058.25,1337055.625,1285754.25,1141249.0,1290913.875,1324091.875,1329745.25,1511659.25,1434020.25,1333697.25,1388711.625,1415033.625,1334286.375,1058809.875,1098894.125,1460090.25,1568210.875,1464265.375,1485561.625,1145866.125,1048111.0,1477559.125,1404409.375,1298549.5,1527956.625,983209.5,1067188.0,1085908.375,1120400.375,1110535.75,1251044.5,1368238.5,1370203.5,1088117.5,977472.0,1348049.5,1244068.25,1030639.6875,970192.0,1171433.125,1019436.125,1239703.875,1350561.5,1304385.375,1224400.125,827999.8125,887810.75,1109079.875,1026297.3125,1367030.875,1373212.375,1323758.125,1317113.625,1109211.625,1083230.5,1083674.25,1125922.375,1270028.375,1249161.125,1110823.25,1077262.375,1195564.625,974822.9375,1304218.625,1281748.125,1642444.875,1599577.625,1603493.125,1641091.625,1279677.0,1386004.875,1463824.0,1503224.0,1510709.75,1471683.5,1417689.0,1366034.375,1461747.375,1538370.875,1307189.75,1328178.5,1453521.5,1425845.375,1427768.125,1554481.875,1201594.25,1354889.0,1391497.125,1458326.5,1466736.625,1499831.625,1620247.75,1548517.375,1546061.625,1540764.5,1551606.5,1538345.375,1529666.625,1574784.125,1316757.25,1372546.5,1261579.75,1350574.875,1348315.875,1429107.875,1360892.375,1380762.5,1391768.0,1451659.25,1506155.25,1474479.25,1488523.75,1504501.5,1557745.5,1620992.375,1391367.75,1430964.875,1389824.25,1401264.625,1540124.375,1556471.0,1630805.25,1567382.125,1540509.125,1566029.5,1275934.75,1344544.25,1693283.0,1679037.875,1542861.125,1590157.375,1584149.5,1562072.375,1207511.25,1196382.625,1598449.125,1542002.875,1258809.25,1512324.0,1469305.75,1452486.125,1557234.625,1567953.0,1345629.0,1298594.375,1317252.75,1340408.625,1002555.4375,1097538.125,870249.625,909727.75,1390124.0,1379124.75,1575691.5,1531463.75,938229.6875,891665.8125,1058800.25,1047280.125,1034207.3125,992299.5625,1264323.375,1316545.625,1586912.125,1446853.375,1248041.625,1265943.375,1245432.25,1373818.0,1212061.125,1250735.625,1552732.625,1552611.875,1276601.375,1298868.125,1664248.0,1688259.375,1326419.125,1346121.75,1436464.625,1443281.25,1747513.125,1509462.375,1598529.375,1621348.0,1493346.625,1675734.25,1755988.75,1814574.375,1435193.125,1639567.75
108,1511432.375,1398342.875,1410395.125,1420755.5,1219756.875,1225902.375,1472921.5,1323951.5,1467568.0,1403463.375,1560401.625,1485725.625,1426812.25,1381375.875,1499453.0,1526300.625,1422686.75,1371425.625,1351090.75,1348761.125,1354957.75,1344784.125,1501055.0,1308034.5,1432687.625,1340035.375,1147292.25,1188041.0,1540557.625,1576124.75,1389845.875,1414201.375,1310712.0,1265399.25,1188112.875,1157229.125,1407561.5,1481722.875,1394903.875,1463200.75,1563073.5,1548564.625,1100722.25,1087852.125,1064195.0,1029126.6875,1126148.125,1105109.0,1179127.0,1113221.375,1227613.0,1297449.375,1212976.25,1306276.375,1374364.25,1413942.625,1340218.0,1287672.5,1144557.25,1293104.0,1324527.25,1327684.125,1511794.625,1430902.0,1334289.625,1388483.625,1414940.75,1335714.625,1067221.25,1110060.5,1459455.625,1568993.75,1465588.75,1485214.375,1146861.5,1047487.4375,1480699.75,1411341.0,1300760.25,1529537.375,985263.8125,1066947.875,1088933.25,1126278.375,1109391.75,1248440.875,1371165.125,1370455.875,1086303.375,979443.8125,1339271.25,1240023.875,1033205.1875,974850.3125,1170812.25,1020553.9375,1232613.5,1343407.875,1304874.375,1221809.375,828824.625,887896.375,1110440.125,1027179.125,1364475.75,1371052.125,1320641.875,1315153.375,1107515.75,1085592.0,1087417.5,1127711.875,1270725.0,1249458.75,1104935.625,1074569.875,1193024.375,980392.8125,1302663.5,1280031.0,1646432.625,1600009.75,1611166.5,1641485.625,1276607.25,1387628.75,1461094.5,1495563.0,1509150.875,1468748.5,1420563.625,1367536.75,1458856.25,1533702.875,1303496.75,1326193.375,1449261.5,1422158.75,1425492.875,1546351.875,1200297.75,1351719.0,1394213.625,1460829.125,1461976.375,1494103.625,1619079.0,1543162.0,1543501.5,1539125.625,1556542.375,1537963.0,1530631.375,1573931.125,1317030.875,1373334.5,1262374.125,1348860.5,1350774.375,1428444.25,1365531.0,1383426.875,1393377.0,1452648.75,1506584.625,1474935.25,1489216.5,1498672.625,1556390.75,1620544.875,1392512.5,1430680.5,1391861.5,1400798.125,1539801.625,1555171.5,1631014.875,1570173.625,1544258.375,1569520.375,1281284.5,1346975.5,1694827.25,1678618.5,1542459.5,1588769.75,1590542.5,1565541.625,1204800.75,1194876.625,1593940.125,1541217.75,1250016.25,1502349.5,1468535.875,1450819.25,1560647.125,1569569.5,1339464.875,1292510.875,1309862.125,1334544.0,996050.5625,1096220.375,868397.4375,908947.8125,1388261.25,1376561.375,1573395.75,1527328.75,934873.125,888941.3125,1057293.5,1045342.75,1031686.6875,990618.75,1263997.0,1316066.75,1590536.5,1447298.25,1249241.625,1266076.875,1244516.625,1370496.875,1211358.625,1250108.125,1557788.875,1556864.0,1275213.875,1298089.0,1667002.25,1690278.875,1327431.0,1346400.875,1436897.875,1442681.125,1754816.875,1512088.0,1600729.5,1622549.75,1492969.25,1677891.75,1764814.75,1825618.375,1435658.5,1640678.25
109,1513244.625,1399883.25,1411031.0,1424964.75,1221280.625,1228772.0,1471545.875,1324776.625,1466672.125,1403772.5,1561441.875,1487135.25,1427893.25,1382881.25,1500666.875,1527947.875,1422434.75,1371355.125,1351560.25,1348344.625,1354276.125,1346027.25,1501861.75,1312362.5,1432715.25,1341809.375,1149836.0,1189141.875,1541221.375,1577812.125,1388545.875,1413826.875,1310763.75,1269439.375,1188611.25,1155949.25,1406369.0,1480920.25,1398348.125,1467291.625,1565868.0,1548669.5,1103741.125,1090583.875,1064976.125,1030145.0,1131301.875,1108563.75,1178664.375,1113650.625,1227215.875,1296368.5,1212220.125,1304852.0,1375160.125,1414390.625,1341111.625,1288047.75,1145524.0,1292731.75,1325463.125,1327865.75,1511193.875,1433451.875,1333323.75,1387143.5,1413193.75,1335440.625,1073575.625,1117063.625,1459629.5,1570609.25,1466517.25,1485105.25,1148740.125,1048216.875,1481803.625,1416359.0,1301854.875,1532307.375,986204.0625,1065234.0,1087779.875,1127525.5,1109424.375,1246039.875,1372354.25,1370096.125,1085277.375,982547.125,1335856.125,1238686.875,1032953.0625,976802.625,1169432.75,1021552.875,1229997.75,1341347.0,1304371.75,1221630.375,827597.875,888004.5625,1109548.875,1025461.5,1364128.375,1370806.375,1318669.5,1314046.75,1101803.875,1079033.75,1087514.875,1126325.125,1271399.625,1250583.875,1094917.125,1069459.375,1187588.0,980970.25,1304341.5,1283675.25,1647824.875,1601438.25,1615068.625,1642414.5,1269686.125,1384339.5,1456251.625,1489151.125,1507403.125,1464492.5,1420313.125,1365204.625,1454787.375,1529368.125,1301872.125,1325180.0,1446036.5,1420596.375,1422250.0,1540599.75,1199210.875,1350144.625,1396186.875,1462399.125,1459340.875,1492806.625,1614783.125,1536877.875,1539348.75,1536227.375,1559554.75,1537917.0,1531275.0,1573194.75,1316095.0,1372845.375,1262557.75,1348089.875,1350783.25,1427993.0,1365531.25,1382827.25,1394605.0,1454311.0,1506250.5,1474538.375,1487756.5,1496926.75,1556583.75,1623846.125,1395890.375,1431535.125,1394271.375,1400341.625,1541047.125,1555847.375,1630235.375,1570416.625,1544295.375,1570941.375,1285060.75,1350362.625,1695573.25,1679684.5,1542590.875,1587780.625,1590706.75,1564589.5,1204812.375,1195332.75,1590806.125,1540879.75,1247902.75,1497626.75,1468745.375,1452311.875,1562395.875,1570595.25,1337743.375,1289815.5,1307788.25,1331649.125,997711.375,1098612.875,868925.5,909999.1875,1389632.0,1376323.75,1573911.875,1524688.5,933456.1875,888671.375,1057067.125,1043450.5,1029395.1875,989072.625,1264075.125,1316776.875,1591269.375,1445759.625,1249482.375,1266012.125,1242672.0,1366818.25,1210363.0,1250361.875,1561731.25,1559861.875,1273392.25,1297386.5,1665444.375,1688206.875,1326848.125,1344008.625,1435943.625,1439258.375,1755536.375,1510990.125,1601182.375,1622708.5,1493139.5,1678737.125,1769951.5,1829158.5,1433878.5,1639610.125
110,1514015.625,1399190.625,1410594.125,1425553.375,1221709.125,1230013.25,1471825.875,1326479.0,1463127.125,1403836.875,1561029.5,1486537.875,1427732.875,1383036.25,1502439.875,1529729.25,1421531.125,1372720.75,1354558.875,1350381.0,1357188.75,1349873.5,1501868.75,1314198.375,1433139.5,1341836.125,1154305.375,1191485.25,1539988.5,1579517.125,1391027.25,1417981.75,1311850.5,1271279.5,1189991.875,1156364.625,1405903.875,1481283.125,1397510.875,1469738.5,1565481.25,1547422.875,1101616.875,1089107.0,1063027.5,1028270.875,1133640.0,1111049.125,1177341.0,1112609.0,1224853.625,1295948.375,1211041.125,1304960.625,1374457.375,1415427.625,1339655.75,1286490.0,1142029.25,1290660.25,1325241.75,1329869.625,1509913.875,1438131.75,1331351.375,1386026.25,1410607.125,1333933.625,1076168.625,1117217.5,1459966.625,1570126.75,1466192.0,1486497.0,1149195.5,1049067.25,1479671.625,1416758.375,1300644.875,1535014.0,985178.4375,1065254.75,1083539.5,1123359.75,1110051.375,1247259.125,1371338.5,1371606.25,1086541.875,984062.625,1339209.875,1240291.125,1030503.5625,975304.0625,1167672.375,1019819.375,1232478.125,1343875.25,1303022.5,1224057.125,825613.0,888722.3125,1108761.625,1023905.75,1365603.875,1372568.75,1318826.5,1314130.875,1098819.0,1071618.75,1084867.75,1122854.875,1271217.375,1250082.25,1089922.25,1065759.625,1184588.75,977492.875,1306259.75,1287543.625,1646208.625,1601613.875,1613453.625,1643277.25,1265675.875,1379502.5,1454773.875,1489001.75,1506908.375,1461893.625,1418743.0,1360634.375,1452915.875,1528891.125,1303420.125,1326975.375,1446306.75,1423189.625,1421231.0,1540355.75,1199932.25,1351953.5,1396807.75,1463473.5,1460230.875,1495016.625,1611820.875,1535352.0,1537925.0,1534307.625,1558033.625,1537739.0,1531248.625,1573305.5,1314388.5,1371200.125,1261593.25,1348927.25,1348993.25,1427681.75,1363783.0,1379407.125,1395875.625,1455003.25,1505033.875,1473044.0,1485663.875,1498872.375,1558441.375,1626992.5,1397839.875,1431635.125,1394577.875,1399166.625,1541541.375,1557189.0,1630128.375,1568903.0,1542355.125,1570067.125,1283653.25,1350770.0,1696125.375,1680798.0,1543952.625,1589193.875,1586339.25,1562050.5,1207756.0,1197564.0,1591890.875,1541060.0,1253410.125,1501700.375,1469631.0,1454582.75,1561359.25,1569707.875,1340947.25,1291473.75,1311489.0,1333358.25,1004352.875,1101988.625,871080.375,911900.8125,1393708.0,1378577.125,1576843.25,1525611.25,934822.5,889701.3125,1057396.625,1043793.6875,1028944.9375,988658.5,1264595.125,1317478.125,1587470.25,1442241.25,1247770.875,1265036.875,1240940.25,1365240.125,1209198.375,1249147.5,1561191.75,1558424.375,1272877.875,1296758.375,1660561.625,1683365.0,1324142.5,1340514.25,1433910.875,1436407.125,1750835.625,1507630.375,1598837.625,1621499.75,1493449.625,1677390.125,1768136.5,1823408.25,1430965.125,1635935.375
111,1514530.875,1398716.75,1411545.625,1421569.25,1220728.25,1229055.875,1472529.5,1328261.75,1458677.625,1404066.0,1559894.625,1484718.375,1427522.375,1381935.0,1503303.75,1531031.75,1422004.625,1375783.125,1358270.125,1353844.25,1360819.125,1353329.0,1503199.375,1312982.0,1432967.75,1340158.625,1155909.5,1193576.375,1538596.75,1578808.75,1393469.75,1420508.5,1312203.125,1267892.375,1191303.875,1157166.625,1407268.125,1483313.75,1395282.375,1469130.625,1563324.625,1546771.0,1095005.75,1084875.5,1060145.25,1024588.25,1130648.875,1109278.0,1176427.625,1110975.625,1223110.375,1296719.25,1210987.5,1308021.875,1373012.5,1416370.125,1338696.875,1285409.875,1137211.5,1290237.125,1324734.25,1333626.375,1510368.0,1439662.375,1329790.125,1385685.25,1409358.0,1332659.625,1071871.75,1111775.25,1460168.75,1569209.25,1466248.25,1491713.75,1147870.375,1049875.625,1474862.125,1411840.375,1298892.75,1535240.875,982633.8125,1068315.0,1078685.25,1115927.375,1110435.0,1251615.0,1369589.125,1374701.125,1086809.5,981770.375,1343837.125,1242790.375,1027806.125,971696.25,1164707.25,1014597.6875,1236097.5,1346425.875,1303315.75,1227125.875,823810.75,889485.75,1108218.5,1023464.25,1367085.0,1374709.625,1319079.125,1314013.75,1097812.875,1065721.625,1081310.875,1120767.375,1269195.75,1247613.5,1090896.875,1064454.5,1184699.875,971826.8125,1304975.25,1287002.625,1643819.25,1599164.75,1609612.75,1643742.5,1265144.875,1377626.25,1455204.75,1491719.875,1507926.5,1462791.0,1417615.25,1358211.875,1453159.75,1532556.25,1305200.25,1330853.25,1448307.625,1427904.5,1423489.875,1544799.625,1202689.375,1356821.125,1397259.625,1466251.875,1462406.25,1497362.25,1612606.125,1537925.125,1540836.0,1534500.875,1554916.125,1537294.75,1531941.375,1575534.375,1313522.625,1370860.5,1261557.375,1354559.25,1347527.0,1427221.75,1363419.375,1377237.5,1396024.0,1455019.875,1504080.625,1470857.0,1483858.75,1502291.875,1559372.875,1627164.5,1394019.375,1431585.375,1390695.625,1397925.75,1541812.625,1559514.625,1632255.0,1567746.625,1541276.0,1568689.0,1279105.375,1347958.125,1698230.75,1683353.25,1546860.75,1592575.0,1582475.75,1561347.375,1211380.875,1200201.875,1596634.25,1541885.375,1260796.0,1508469.0,1471256.625,1456092.375,1559325.25,1568786.25,1344831.25,1293240.5,1314641.125,1336900.75,1009397.25,1102112.625,872692.125,913312.375,1395360.5,1379761.375,1578319.0,1527397.375,939098.875,892087.125,1058298.125,1047724.3125,1030822.5625,989565.8125,1264225.75,1317057.625,1580828.875,1438950.625,1244689.0,1264253.0,1240850.5,1366274.25,1208196.25,1246299.625,1556645.375,1552547.125,1273440.875,1296642.75,1654108.0,1679190.125,1321226.375,1339601.875,1433024.875,1437814.375,1745395.75,1503484.0,1595715.75,1620126.5,1493050.125,1674856.625,1762204.75,1814438.5,1429200.875,1632070.625
112,1515633.375,1400017.75,1413322.75,1417005.75,1220040.25,1227643.75,1471921.25,1328147.25,1455741.75,1403319.25,1559144.125,1483739.625,1427395.875,1380639.625,1502022.25,1531222.75,1423033.625,1378548.625,1358553.125,1356351.0,1362235.5,1354580.625,1505272.625,1310719.0,1432166.875,1337991.0,1153562.375,1194536.875,1538896.75,1577816.5,1394192.75,1419575.75,1311554.75,1263093.0,1192539.75,1157640.375,1408617.75,1485070.25,1394627.625,1466656.75,1562380.875,1546789.625,1089855.625,1082416.75,1058330.375,1021721.0,1126357.625,1106384.75,1176612.5,1111099.0,1223448.5,1298474.5,1211598.25,1310974.375,1370731.0,1416633.5,1338369.25,1284855.5,1132719.375,1290946.75,1325039.875,1336531.25,1513022.125,1439488.0,1329374.0,1384999.125,1408751.125,1331387.375,1060296.75,1102215.375,1459534.0,1569567.0,1466659.125,1495702.25,1145825.375,1050766.875,1468360.625,1402877.625,1296999.5,1531013.5,980568.75,1071888.25,1076774.375,1111085.5,1111185.75,1255599.875,1367414.25,1374869.625,1084076.125,977381.375,1346192.75,1245194.375,1027321.4375,968365.5625,1162187.75,1011918.375,1238299.5,1347982.125,1307116.625,1229483.875,823491.125,889894.3125,1106421.25,1023142.0,1367832.375,1375644.25,1319204.625,1313802.0,1095605.75,1060653.875,1079225.5,1122660.75,1267448.0,1247426.75,1094197.125,1064922.125,1185452.25,965794.6875,1302823.375,1285847.0,1641347.0,1595999.5,1607237.625,1642639.625,1266978.125,1379299.875,1454455.375,1493885.75,1508744.5,1465518.25,1416342.375,1358723.375,1454630.0,1536354.0,1305950.125,1335385.5,1450688.875,1432417.625,1426028.25,1549226.5,1205505.25,1361111.625,1399018.375,1469177.875,1463095.625,1497711.75,1614365.75,1540097.0,1544629.625,1535273.625,1552802.75,1537015.375,1533191.5,1578574.875,1313682.625,1371774.625,1262503.75,1360849.5,1347110.75,1426301.375,1363045.875,1376473.375,1393916.875,1455212.25,1504737.875,1469152.0,1482832.625,1505253.75,1557611.75,1623806.75,1387750.5,1432418.625,1385790.875,1397930.75,1543623.375,1562219.875,1634180.75,1567329.125,1540566.625,1567483.875,1277476.125,1346250.625,1698964.5,1685543.75,1548118.625,1593659.625,1581617.875,1562568.5,1213774.75,1202465.5,1601399.5,1542862.25,1265803.25,1513144.875,1473543.0,1457480.375,1558306.25,1569401.0,1346746.0,1293725.0,1314469.0,1340042.125,1010648.0625,1099951.75,872652.125,913732.4375,1392635.5,1378879.375,1576396.125,1528441.875,943750.0,895842.0,1060679.125,1052157.625,1034406.125,991598.3125,1262948.5,1316632.125,1577525.375,1438396.0,1242954.75,1264897.125,1243505.25,1369119.125,1208694.375,1244591.875,1552938.625,1547523.25,1273943.0,1297091.75,1651899.0,1680419.375,1321830.5,1344254.375,1435595.375,1442714.375,1742736.5,1502709.375,1595332.625,1621082.0,1492911.75,1674658.625,1756985.125,1809543.0,1431542.375,1632466.625
113,1516644.5,1401602.75,1413418.25,1416470.625,1220804.875,1227539.375,1469014.625,1325163.0,1454205.75,1400862.75,1559676.5,1484830.625,1427658.625,1381001.5,1501573.875,1532049.25,1422545.0,1379745.75,1355590.5,1356706.0,1362144.5,1355378.125,1505268.875,1311314.25,1431382.25,1337378.25,1150738.25,1194027.25,1540587.25,1581686.0,1395280.5,1420784.875,1311467.5,1263582.875,1193553.875,1159326.375,1408421.375,1484703.75,1395322.375,1464390.0,1563581.75,1547556.875,1089928.75,1083616.875,1057869.75,1021566.8125,1124873.5,1105762.0,1177458.25,1113194.875,1224318.125,1300149.375,1211874.25,1310145.875,1368254.625,1415698.125,1337337.25,1283868.125,1126060.625,1289514.875,1326700.5,1335571.0,1515795.5,1441777.875,1329034.875,1382999.0,1405318.375,1329263.75,1048979.25,1092647.375,1458451.5,1569706.0,1467047.5,1493278.25,1144509.375,1050790.125,1463793.25,1395055.25,1295645.125,1525532.875,980938.125,1072851.375,1078948.75,1112566.75,1112433.5,1256528.375,1365905.125,1370659.25,1082002.875,975310.8125,1346718.625,1246770.25,1029368.0625,966913.5625,1162923.25,1015908.0625,1239018.25,1349246.375,1311136.25,1229951.75,825303.0,889844.5,1104300.875,1022919.6875,1367704.25,1374755.5,1320435.75,1314528.5,1094437.25,1060163.0,1079761.625,1126816.0,1268422.0,1251283.125,1097751.75,1066884.5,1186476.75,961835.3125,1302755.0,1288462.0,1639063.125,1594874.25,1606761.75,1639958.0,1270421.125,1381104.625,1453635.5,1495098.875,1507299.125,1466850.625,1414149.875,1358839.0,1455708.25,1536577.5,1306844.125,1339081.625,1452944.75,1435312.0,1426262.125,1549808.75,1206012.375,1361273.625,1400758.375,1468904.875,1462257.25,1496339.625,1613853.625,1539830.75,1545292.625,1534626.5,1550946.0,1536695.875,1532864.125,1579198.625,1314834.0,1372562.375,1263177.5,1360697.875,1347382.0,1425764.875,1360459.125,1374039.25,1392247.25,1455397.5,1505955.375,1469820.875,1483996.375,1506235.5,1555817.875,1619905.125,1386972.625,1433382.625,1385535.75,1399890.625,1545753.0,1563177.25,1633891.25,1567394.875,1539992.375,1567582.625,1279869.375,1347944.5,1696510.5,1684953.625,1545272.75,1590947.875,1583030.125,1564675.25,1214213.75,1203420.0,1602589.125,1542963.75,1268065.875,1514894.875,1474783.0,1458484.0,1558092.0,1570089.5,1347176.375,1294754.875,1313722.75,1342338.625,1010540.625,1099741.5,871676.5,913275.5625,1389354.125,1378322.875,1573061.125,1529353.125,945315.625,898250.625,1062947.5,1052785.5,1037442.375,993983.6875,1262530.125,1317549.25,1580738.875,1440596.625,1244057.625,1266241.0,1246754.5,1372288.125,1210483.125,1245880.75,1553272.375,1547625.75,1273999.375,1297701.375,1657536.25,1687125.25,1325406.75,1350511.75,1439120.0,1445985.5,1744250.5,1508089.375,1597602.625,1624096.25,1493848.125,1677938.5,1755145.5,1810654.375,1436430.125,1636888.375
114,1518196.625,1402876.25,1412721.5,1420326.25,1224194.0,1228951.75,1466644.25,1321949.875,1455371.75,1399316.875,1562322.75,1487165.375,1428592.5,1382940.125,1504788.375,1534365.125,1420901.0,1379032.625,1353067.75,1355241.625,1362230.125,1357035.5,1503238.625,1315000.625,1431565.125,1338716.0,1148140.125,1191189.75,1542117.375,1589105.75,1397075.5,1425883.75,1312929.625,1269805.875,1193090.0,1162032.0,1407527.0,1483442.875,1396639.625,1464819.5,1565002.25,1549147.125,1092315.375,1086001.5,1057946.125,1023325.125,1123833.0,1103925.125,1178300.625,1115229.25,1223772.25,1301246.25,1212296.75,1306834.125,1367627.0,1414566.0,1336569.625,1283725.75,1121970.875,1286547.5,1329413.875,1332085.5,1517348.0,1445056.625,1329273.875,1381755.125,1402025.5,1327862.625,1045393.3125,1090409.5,1458272.125,1567675.25,1467523.5,1486917.875,1144184.0,1048853.375,1463904.625,1393418.125,1295381.875,1523626.625,982595.5,1070336.125,1081765.125,1117817.5,1112625.375,1254534.125,1366332.0,1366372.875,1083613.125,976976.1875,1345894.875,1246217.75,1030876.4375,967642.4375,1165966.875,1021823.625,1237672.25,1349204.125,1310291.75,1227416.5,827748.1875,888935.625,1103878.0,1023464.125,1366405.5,1372299.875,1321782.25,1315443.375,1096272.75,1066376.25,1080645.25,1128365.0,1270063.0,1254346.375,1099389.5,1068700.0,1187656.25,962982.25,1303449.875,1290405.875,1638392.5,1596259.5,1606891.5,1638013.25,1273545.625,1381418.25,1454896.0,1495790.875,1505232.625,1466461.625,1413411.0,1358075.125,1455516.375,1534453.125,1307566.5,1339508.0,1453439.5,1434757.5,1425023.875,1548277.75,1203535.125,1358121.0,1399841.0,1466015.75,1461598.625,1495244.375,1612517.25,1539013.5,1543967.375,1533915.5,1549246.875,1536003.625,1530807.375,1576576.875,1316894.0,1373659.75,1263478.125,1354647.25,1347894.5,1427350.875,1357349.0,1371927.25,1393265.0,1454778.0,1506316.625,1473321.5,1486642.875,1504668.125,1556286.75,1619352.625,1392402.375,1433619.875,1390759.5,1402498.5,1545540.625,1561504.25,1633192.0,1568651.25,1541060.125,1569875.875,1281666.75,1350361.625,1694913.25,1683539.875,1541279.5,1587913.75,1585417.0,1566957.875,1212179.875,1201341.25,1599585.625,1541829.125,1267162.625,1512682.375,1473274.625,1457435.375,1557445.125,1569527.125,1346310.25,1295031.125,1313386.125,1342106.25,1010353.625,1101360.125,870487.9375,911714.6875,1388034.125,1377830.125,1571295.0,1529598.125,943057.625,897207.1875,1062452.25,1050017.5,1037270.9375,994600.8125,1263739.75,1318854.125,1586155.125,1444120.75,1246338.375,1266939.75,1247814.125,1374965.125,1211843.75,1249221.0,1555116.0,1551262.375,1274232.75,1298166.0,1666216.875,1694288.5,1327643.375,1351403.375,1439104.875,1444405.25,1748830.75,1515978.75,1599323.5,1626057.75,1495338.625,1681862.5,1756288.375,1814719.625,1438621.25,1640783.25
115,1520005.375,1403970.75,1413124.125,1425962.75,1227226.25,1229743.75,1469681.5,1322132.25,1460111.5,1401983.375,1565215.625,1488544.25,1429132.25,1384065.25,1508188.0,1535034.375,1420327.0,1376469.625,1351308.125,1351857.25,1361224.375,1356583.125,1501745.5,1317334.75,1433970.125,1340877.875,1144124.875,1186305.5,1542517.75,1593175.0,1396333.625,1428580.875,1314502.875,1274965.125,1190467.125,1163091.125,1406459.875,1482802.5,1397905.875,1467962.5,1565662.625,1550955.625,1094620.25,1088111.375,1058179.875,1025472.6875,1121282.75,1099232.875,1179019.0,1116385.0,1222118.5,1302388.625,1213552.125,1304671.0,1370603.625,1414815.0,1337653.625,1285932.875,1127278.25,1286313.375,1330647.875,1330071.5,1518040.5,1445482.25,1331404.5,1383311.875,1405004.625,1329609.125,1053262.0,1100352.25,1458979.125,1564989.625,1467120.625,1481387.875,1143547.625,1045850.375,1467203.375,1398108.0,1294394.75,1525367.5,983275.625,1065832.875,1082612.75,1123520.5,1110457.375,1251600.125,1366929.25,1365198.0,1087106.375,980054.3125,1343932.875,1243079.0,1030775.125,970498.875,1167792.125,1025268.0,1233829.5,1347025.125,1304520.375,1222758.75,828813.1875,888558.5625,1106080.0,1024795.625,1364408.125,1369793.875,1321658.75,1315642.625,1100977.375,1077874.625,1081952.625,1126744.0,1270440.25,1252893.875,1099913.5,1070886.5,1188289.625,972431.4375,1303387.125,1286779.875,1639784.875,1599355.125,1607292.75,1638751.375,1272616.125,1381341.125,1455892.875,1494394.25,1506031.0,1466190.875,1416656.625,1358291.75,1454685.75,1532873.625,1305750.25,1335103.75,1451200.0,1430815.75,1424514.0,1547619.5,1200213.0,1355787.875,1396572.875,1463867.625,1461797.0,1496033.75,1611059.0,1537480.125,1542747.625,1534276.125,1549213.125,1535049.125,1529166.125,1572848.5,1318473.375,1375720.625,1262899.875,1348186.75,1348968.0,1431279.5,1357830.625,1373892.25,1394450.75,1453262.375,1507219.125,1478113.25,1488117.75,1502723.375,1558457.875,1622893.375,1397796.875,1433150.25,1396383.0,1403620.375,1542765.375,1558463.375,1633676.0,1571427.0,1543465.375,1573133.0,1280795.875,1350744.5,1697094.75,1684050.875,1541339.5,1588299.625,1587591.125,1568753.625,1208299.75,1196505.125,1594313.375,1539861.875,1261282.5,1505704.375,1469744.625,1454040.375,1556043.75,1568200.375,1343152.875,1291858.25,1311210.875,1337672.5,1007607.25,1100906.25,868883.0625,909376.4375,1385834.25,1374651.375,1571044.125,1527493.25,938278.3125,894339.5,1059848.5,1046804.5,1034005.75,992891.875,1265164.125,1318791.0,1588286.25,1447004.25,1247615.0,1266490.75,1246520.5,1376172.5,1212646.5,1252959.625,1555596.25,1554664.125,1274781.125,1298131.875,1668721.125,1695327.625,1326075.0,1345384.625,1434649.75,1439198.625,1752373.75,1518090.875,1597879.0,1625070.0,1495428.625,1682893.0,1759007.875,1818726.125,1435257.125,1640134.25
116,1519597.5,1404878.875,1413375.0,1430441.625,1225271.125,1229318.875,1476468.75,1326308.625,1464844.75,1407184.75,1565600.5,1488456.625,1428438.5,1383736.5,1507995.875,1532709.5,1421213.375,1373520.875,1350081.125,1349023.625,1358524.5,1352341.125,1501506.5,1316055.5,1437135.625,1342470.875,1140783.875,1183280.5,1542614.25,1591192.75,1392759.375,1425647.75,1314935.5,1273848.125,1187779.625,1161828.625,1405496.0,1483398.0,1397411.25,1471037.875,1566746.75,1551811.0,1097846.125,1089628.375,1058342.375,1026863.25,1120313.625,1097650.875,1178895.0,1116424.125,1221829.625,1303626.5,1215464.75,1306457.375,1375087.375,1417061.25,1339958.25,1289209.375,1135376.125,1290095.75,1329188.875,1331303.125,1518185.875,1443098.125,1332522.5,1385158.625,1410818.25,1333193.5,1068344.375,1115099.375,1460308.125,1566080.0,1466397.75,1479879.625,1143439.375,1044797.625,1471567.125,1405488.75,1293575.0,1528363.5,983213.0,1062647.125,1082770.5,1126266.375,1108182.375,1250084.5,1366736.0,1366226.5,1089436.25,981645.6875,1343103.0,1239661.0,1030286.375,973016.875,1167706.25,1025070.5625,1231891.0,1344699.75,1299301.875,1219265.25,828133.625,890358.3125,1109121.125,1025782.9375,1363696.375,1369819.375,1320648.875,1316249.625,1106296.125,1087958.875,1084887.875,1125228.0,1270604.0,1248475.125,1101546.25,1074420.375,1189506.75,984762.0625,1302394.25,1280928.625,1642497.0,1603001.0,1607653.25,1642232.25,1265610.125,1381574.375,1453335.375,1489700.875,1508872.625,1466955.5,1420495.875,1359578.25,1453007.625,1532860.125,1301476.375,1328170.375,1447900.75,1426722.875,1425654.625,1547784.625,1199427.0,1357308.125,1392887.5,1463306.875,1463081.875,1498388.0,1608123.875,1533984.0,1540808.125,1534219.125,1550713.25,1534398.875,1528810.5,1570875.0,1319034.5,1377773.5,1262023.25,1346779.5,1350849.125,1434310.75,1361357.375,1377975.875,1393471.375,1451515.875,1509428.75,1481711.25,1488337.125,1503941.125,1560804.875,1627874.25,1398419.875,1432505.25,1396575.75,1403245.875,1539803.0,1556563.5,1634831.0,1573404.375,1545449.25,1575655.125,1277821.625,1348072.375,1700914.125,1686782.25,1546398.125,1592581.875,1587950.125,1569371.875,1205617.75,1192719.25,1590472.5,1538455.75,1253368.875,1497281.375,1466722.75,1450755.625,1554739.0,1567035.75,1339931.25,1288577.125,1309271.375,1332742.875,1003589.0625,1098385.875,868218.875,908721.75,1382441.375,1370968.25,1570576.125,1523823.125,934042.125,892675.375,1058649.5,1045201.875,1030936.25,991777.375,1264895.5,1316930.125,1586623.0,1447071.875,1247837.5,1265156.875,1244182.75,1374358.75,1213991.375,1256086.25,1555228.375,1555090.25,1274777.5,1297873.125,1662273.375,1687678.875,1322331.0,1337676.875,1429331.75,1434093.25,1751324.375,1510441.75,1594157.875,1621320.125,1491924.625,1679043.25,1761573.625,1820607.125,1429397.5,1634649.625
117,1515774.5,1405975.0,1412511.625,1430502.125,1218756.875,1228214.25,1480937.75,1332719.125,1465412.75,1410231.5,1562228.0,1486809.125,1426414.75,1382123.375,1505106.375,1529792.5,1421399.0,1371961.5,1351438.5,1350129.375,1356848.75,1347683.375,1501578.125,1312576.75,1437888.125,1342185.875,1140962.0,1185270.75,1541800.75,1585415.5,1390127.875,1420649.625,1313559.25,1267907.125,1186901.875,1160610.125,1406162.125,1485139.75,1393686.375,1470674.625,1566718.375,1549695.125,1101440.0,1089268.5,1059077.5,1027284.9375,1122434.375,1102124.5,1177746.375,1114423.875,1223916.375,1303616.125,1217025.0,1312016.375,1377397.75,1419760.125,1341138.375,1290814.25,1136085.75,1295133.125,1327218.75,1333811.25,1516722.5,1439523.75,1329122.0,1383197.125,1409655.375,1334247.625,1078175.125,1121372.0,1462760.875,1571261.0,1467149.25,1484340.125,1146670.375,1047424.125,1476192.75,1412188.75,1296857.0,1531138.0,983427.8125,1063602.5,1084231.375,1123467.75,1108413.75,1250583.875,1368263.25,1368728.875,1090224.5,980956.1875,1345680.75,1240839.125,1029480.5625,972378.875,1168089.25,1019643.625,1236497.25,1345482.375,1298878.75,1220144.375,827349.0625,892935.125,1110096.125,1025753.0625,1365680.625,1373370.75,1320548.125,1318423.75,1108158.375,1086910.5,1086105.75,1124261.375,1270318.75,1243855.625,1101882.0,1075145.875,1192542.875,987923.0625,1300246.375,1278299.375,1645610.625,1604171.25,1606579.375,1646485.125,1258516.125,1382725.5,1450478.5,1486621.125,1510322.0,1468121.75,1420328.875,1361506.5,1450908.375,1534631.125,1298460.75,1323297.0,1446104.25,1424930.875,1427536.5,1548235.75,1201549.375,1361498.375,1389420.875,1462372.25,1465934.375,1500511.625,1606611.625,1532957.75,1538998.375,1533870.0,1552076.5,1535164.625,1528795.375,1572004.75,1319410.5,1377600.0,1262887.125,1353316.5,1351880.25,1432458.5,1364203.25,1380161.875,1391796.5,1449521.125,1509701.375,1481103.375,1488402.25,1507598.875,1561498.875,1629903.75,1393868.625,1431804.125,1390893.125,1402585.625,1538894.125,1557384.875,1636056.0,1571381.375,1545692.125,1575736.5,1272688.375,1342872.25,1703229.375,1689872.5,1551298.125,1597172.75,1585312.625,1567096.5,1206734.5,1193169.375,1591632.875,1539202.375,1250961.375,1493699.25,1465857.25,1450588.5,1554210.625,1566887.25,1340716.125,1290562.625,1312376.875,1333495.25,1004039.375,1097481.5,870433.5,911553.6875,1382488.375,1371842.5,1570708.125,1522271.875,933985.25,893418.4375,1060525.875,1046780.9375,1030653.5,993316.125,1263230.625,1314693.0,1583057.375,1443795.375,1247976.75,1263617.625,1242247.75,1370111.75,1215309.875,1256148.625,1554516.125,1551559.5,1274257.625,1298086.0,1653535.0,1678001.625,1320113.0,1334798.125,1427833.375,1433109.875,1746716.875,1499661.0,1592104.375,1616988.25,1486702.5,1672385.75,1761800.125,1818516.0,1426545.625,1629354.625
118,1511966.5,1408562.625,1412959.125,1426321.625,1214916.5,1227460.0,1482355.5,1338843.75,1462656.0,1409683.125,1557494.75,1484046.875,1423200.875,1378777.5,1502420.5,1528223.75,1419531.375,1371037.5,1355291.125,1353824.0,1358176.875,1346177.875,1502350.25,1308380.0,1436835.75,1340146.75,1143107.875,1189988.75,1537219.25,1577782.125,1390141.5,1417350.75,1310256.25,1261741.75,1187062.125,1162115.875,1408123.0,1486101.5,1387808.0,1465672.625,1562663.875,1544713.0,1103430.75,1087836.75,1061246.0,1027906.0,1124257.0,1106684.5,1177060.0,1111610.375,1225987.5,1302327.5,1216417.75,1315764.625,1376677.875,1420353.25,1339734.25,1289858.5,1132831.0,1298243.875,1326325.375,1334841.625,1512602.875,1434706.125,1324776.5,1378889.375,1402144.0,1331744.25,1075896.75,1116730.375,1465082.5,1574539.75,1468014.625,1491901.75,1151759.625,1051168.75,1477619.25,1414583.375,1302187.125,1531237.5,983681.1875,1067163.25,1086225.25,1118155.0,1110106.75,1251844.75,1371486.0,1371632.875,1090395.75,980410.625,1349144.625,1247418.0,1028752.5,970138.125,1169819.5,1013081.0,1243985.375,1350156.0,1301276.375,1224664.875,826927.0625,893628.5625,1108955.875,1025715.3125,1368643.5,1377503.25,1321959.125,1320470.5,1106237.125,1077613.125,1083451.25,1122426.125,1268401.75,1240717.625,1099530.75,1071334.0,1195346.875,981336.4375,1297443.125,1279140.375,1647124.875,1600995.75,1603703.625,1648351.625,1259608.75,1384052.875,1452168.0,1490657.375,1509986.5,1468395.125,1417165.625,1363586.875,1450912.375,1537145.625,1299947.0,1323667.875,1446398.25,1424940.75,1428208.125,1549001.0,1202946.375,1363966.25,1387287.25,1460704.5,1469347.375,1501119.75,1610510.875,1539185.625,1539992.75,1535348.875,1552740.5,1537482.375,1528829.0,1575049.875,1318995.875,1374118.125,1265058.25,1363119.875,1349795.0,1426502.75,1364847.125,1380135.25,1390873.875,1446995.25,1506140.25,1476041.75,1487168.125,1509416.375,1560306.125,1626589.375,1387882.125,1430257.625,1384779.625,1401868.75,1540308.625,1559946.5,1636487.375,1566354.875,1542949.5,1572588.375,1267194.625,1338348.75,1702828.375,1690893.25,1550561.375,1597158.0,1580757.75,1561442.125,1209971.25,1196609.0,1596862.875,1541639.75,1256930.0,1498272.125,1466620.75,1453519.875,1554318.875,1567901.75,1345524.125,1297468.125,1318562.25,1340754.25,1010556.625,1100294.0,873977.0625,915728.75,1387993.625,1377806.75,1573424.375,1525087.75,937641.5,895459.5625,1063056.75,1050367.75,1032418.25,995526.5625,1261818.75,1313464.375,1578318.75,1439577.375,1248354.875,1262719.875,1241838.625,1367375.375,1215275.75,1252374.125,1552316.5,1546135.625,1274537.5,1298595.75,1648671.75,1674893.875,1320862.625,1337898.25,1430525.75,1436706.375,1741239.75,1494691.625,1592665.5,1614747.875,1483986.0,1667508.25,1757444.375,1812220.375,1427519.25,1629224.875
119,1513006.5,1412126.75,1414626.25,1422133.75,1219993.5,1229072.875,1481300.0,1339546.625,1461686.875,1406555.75,1556756.75,1483210.25,1420295.375,1375599.25,1501651.0,1527767.125,1416102.875,1368794.875,1358520.625,1356256.625,1360262.875,1346624.5,1502738.625,1304320.875,1435273.375,1337010.25,1144404.875,1192777.625,1530293.875,1570585.75,1390761.75,1416050.0,1306973.25,1258238.75,1186736.375,1164685.5,1408163.875,1485093.75,1382955.375,1459604.75,1556777.125,1540557.625,1101449.125,1085658.25,1062638.875,1027906.3125,1122173.25,1105174.625,1177260.625,1110916.875,1225101.25,1300816.5,1213003.75,1313171.625,1372696.75,1418424.125,1336596.125,1287542.125,1132706.5,1296700.75,1326681.75,1334926.125,1507199.625,1429645.25,1325722.375,1378579.125,1399447.375,1329182.25,1065165.0,1107828.0,1464915.5,1572945.75,1467026.375,1496239.5,1153314.75,1052824.25,1471666.5,1408136.875,1302604.0,1527505.375,983409.625,1068735.0,1085569.125,1114375.875,1111499.0,1252827.5,1371987.375,1371331.875,1089722.75,981488.3125,1349256.0,1252899.125,1028730.5625,968781.875,1170915.25,1013103.4375,1247177.375,1356059.75,1302737.125,1228092.25,825388.6875,891952.1875,1108118.125,1026684.0625,1369787.25,1377984.0,1323692.75,1319672.5,1104866.25,1074320.0,1081215.625,1121194.875,1266848.0,1241526.75,1100281.125,1070656.625,1195626.25,976751.25,1296609.0,1281765.5,1645069.0,1596871.375,1600611.5,1646642.625,1267325.5,1383008.375,1456128.25,1498020.75,1509426.875,1467996.125,1413703.375,1364779.625,1453741.625,1537924.625,1304995.625,1328583.25,1447632.625,1425527.875,1426793.875,1549941.625,1201414.25,1362688.0,1387981.625,1459977.75,1471014.125,1501103.75,1617393.875,1548549.0,1543190.625,1538960.5,1552778.375,1539331.375,1529236.0,1577513.25,1317159.875,1370329.0,1267205.0,1368378.125,1345324.375,1422022.875,1361341.375,1379594.75,1390388.125,1445973.625,1501903.75,1470915.75,1485005.0,1509443.375,1558938.5,1621592.625,1385995.375,1429052.0,1383276.25,1401663.625,1542288.375,1561887.75,1635009.125,1562880.875,1537725.125,1567539.875,1265708.25,1338088.5,1700449.5,1689274.0,1545423.875,1592422.5,1577054.125,1555769.75,1211526.375,1199668.625,1600905.0,1543419.5,1265962.375,1508039.875,1468043.625,1456572.75,1554705.625,1568764.625,1350826.125,1304411.0,1321961.625,1348568.25,1018293.0,1105364.75,875638.5625,917450.9375,1395400.75,1384727.75,1576892.625,1529750.75,940551.875,896745.375,1062810.875,1051847.625,1034229.625,995862.1875,1261442.375,1313741.375,1574463.5,1437679.0,1248592.25,1263061.875,1242792.625,1369501.5,1213912.5,1249347.0,1550104.0,1543407.25,1275919.375,1299516.75,1647439.75,1677598.125,1322417.125,1342320.25,1433395.875,1440689.875,1737179.125,1496638.625,1592779.875,1615279.375,1485033.25,1667396.625,1750392.5,1805953.625,1428487.125,1632277.875
120,1516272.0,1411266.0,1413017.875,1419939.25,1225633.875,1229127.125,1477133.25,1332385.875,1463878.125,1402904.75,1558746.125,1483815.25,1419124.25,1374725.25,1501015.875,1525949.875,1412286.375,1366120.875,1357817.25,1354366.125,1359156.125,1344432.125,1499096.25,1301491.25,1432622.0,1333388.0,1144509.25,1191192.125,1526438.375,1567742.25,1390087.375,1414232.0,1305355.125,1257949.5,1185455.25,1164027.625,1405590.75,1483691.25,1381209.125,1457553.375,1553608.5,1539486.875,1096001.25,1082198.375,1061189.0,1025913.3125,1118130.5,1100051.5,1177749.25,1112542.375,1221799.625,1298968.25,1209684.875,1307701.375,1367861.5,1415564.625,1334483.375,1285871.75,1133250.875,1291871.75,1328343.75,1335228.75,1503469.5,1427021.625,1330637.125,1382918.75,1403262.75,1328568.0,1054443.375,1101057.875,1462767.375,1571253.125,1466113.625,1495403.125,1150011.375,1053704.75,1463894.125,1396920.5,1298342.375,1524906.875,982433.6875,1066792.625,1082821.5,1113159.75,1111636.5,1252620.125,1368546.125,1367326.375,1089087.625,982609.375,1346852.625,1252503.0,1029474.375,968411.5625,1170632.125,1018225.375,1244343.75,1358107.875,1302369.0,1226578.375,824169.375,890282.0625,1109731.25,1028902.0,1368742.0,1374647.5,1324370.125,1316951.375,1108061.25,1082753.5,1083751.125,1123313.125,1268321.75,1247280.875,1108056.625,1079094.625,1194734.75,980929.0,1299503.75,1285497.75,1641160.875,1596588.625,1598881.25,1643824.0,1274048.375,1381310.625,1459384.125,1500558.0,1509430.25,1468970.5,1412684.625,1366072.25,1456494.625,1536461.125,1308289.25,1332547.375,1448712.875,1425127.125,1425199.0,1551598.0,1198832.625,1360205.25,1389595.5,1459999.5,1469791.125,1502026.875,1621971.0,1552842.25,1546377.5,1542544.375,1552037.0,1539005.0,1529065.5,1577183.5,1316265.5,1370185.875,1269319.25,1367555.375,1342961.375,1423011.0,1355976.25,1379830.375,1390918.625,1448846.0,1500105.625,1469300.375,1485499.375,1510444.75,1558581.875,1621140.0,1390097.25,1430965.625,1386569.125,1402929.125,1542022.0,1561181.0,1632492.125,1563215.875,1533560.5,1563032.875,1269849.5,1341971.875,1697918.75,1686253.125,1542247.0,1588910.25,1576037.875,1553617.5,1210313.375,1200388.625,1600625.25,1543129.5,1270289.125,1515835.25,1469748.875,1457109.375,1554965.25,1568212.375,1352366.875,1305512.375,1320638.125,1349443.375,1019640.5625,1107498.5,874314.9375,915509.9375,1399481.5,1387539.375,1577678.875,1531215.25,939761.5,895986.0625,1059375.75,1049875.0,1035157.0625,994671.6875,1262653.375,1316266.5,1575089.25,1438569.5,1248402.125,1263976.625,1243835.75,1373925.25,1212359.5,1249965.125,1551253.375,1546013.375,1277106.0,1301158.375,1648786.375,1680847.5,1323020.875,1343507.375,1434209.375,1441395.625,1737822.75,1501817.375,1592734.125,1618324.625,1489396.125,1673058.5,1748404.875,1805990.375,1427950.125,1634577.5
121,1515916.625,1404899.625,1408444.625,1419241.0,1221346.875,1224028.5,1474448.75,1325343.25,1465121.875,1402172.875,1557625.0,1482139.5,1420148.125,1375790.5,1499428.25,1522234.875,1410792.375,1366241.5,1354237.375,1349239.375,1356086.25,1340022.25,1493216.125,1301344.5,1431439.625,1331826.75,1145411.75,1187444.25,1527148.875,1569891.5,1390123.375,1411480.375,1305631.125,1260149.125,1184532.625,1161263.125,1403951.375,1483181.125,1382432.875,1460319.625,1554458.125,1540599.625,1093017.25,1080776.875,1059165.75,1024037.8125,1117675.625,1098426.125,1178562.25,1113543.625,1220021.625,1297362.375,1209809.5,1305319.625,1368094.875,1414403.875,1336080.75,1286513.375,1132048.375,1290214.875,1329642.25,1334263.75,1503225.375,1427804.25,1333039.875,1385431.75,1404691.375,1328945.625,1051908.25,1100513.875,1461391.0,1573231.625,1467409.625,1492993.0,1146671.625,1056067.5,1465204.0,1393324.0,1296653.25,1528504.125,981501.0,1064564.25,1082387.5,1114783.625,1111125.0,1251441.625,1365839.75,1365274.5,1090396.375,983100.8125,1345123.25,1248480.625,1030677.5,968818.0625,1170889.125,1019963.3125,1240154.625,1353587.375,1300848.125,1221779.375,825645.1875,890029.375,1112786.25,1031076.375,1367233.875,1371999.25,1323399.625,1315342.625,1112821.5,1093435.625,1087523.25,1126202.875,1270261.5,1251790.75,1114627.5,1088156.5,1193813.375,987610.125,1301807.375,1286835.25,1639956.75,1600205.75,1599414.375,1643320.25,1274410.25,1382835.125,1461863.0,1495633.25,1510257.25,1471494.125,1416264.625,1368704.875,1455529.875,1534981.5,1306493.25,1331784.375,1448186.625,1422797.75,1425530.375,1554156.0,1197343.625,1359193.0,1389223.375,1459629.5,1466893.75,1503426.5,1622385.875,1549478.375,1548816.25,1543887.5,1551216.375,1537542.75,1527951.375,1574497.625,1318286.75,1373126.625,1269833.625,1364058.625,1345528.0,1428094.875,1356907.0,1381749.125,1392967.125,1453629.0,1500799.5,1470262.875,1488371.875,1510386.25,1559282.125,1625421.0,1395511.5,1434396.75,1390743.375,1404262.0,1539493.375,1558500.875,1631214.5,1565380.375,1533943.625,1561793.375,1274217.125,1345396.5,1697155.75,1684109.125,1544226.875,1590796.0,1578019.0,1554924.5,1208659.125,1199466.375,1598678.25,1542044.75,1268252.375,1516126.75,1470938.875,1455495.625,1555254.5,1567215.5,1349366.75,1299661.5,1317491.5,1343487.75,1013512.4375,1104024.75,871634.625,912642.3125,1398858.125,1385346.25,1576477.375,1528095.25,936958.5625,893934.5,1056298.125,1047701.375,1034829.0625,993227.4375,1264752.25,1319845.125,1579474.625,1439904.25,1248272.0,1264224.875,1244182.0,1374321.25,1211783.5,1251547.125,1554195.25,1550580.5,1277194.75,1302139.75,1652548.625,1683109.25,1323417.625,1341302.625,1434226.0,1439853.125,1743360.375,1506295.125,1595243.875,1622061.875,1494800.875,1680648.25,1754728.375,1811964.25,1427905.875,1636052.875
122,1513584.375,1400949.875,1407024.375,1420466.5,1215749.125,1221777.5,1476374.625,1326537.75,1464151.625,1404425.375,1556036.375,1480731.25,1423963.75,1378376.75,1500300.75,1521665.25,1413914.125,1369966.375,1353434.125,1347420.625,1356890.375,1340471.375,1492760.75,1304637.625,1434246.625,1334808.25,1148467.375,1186449.75,1529963.25,1573739.5,1394188.375,1412240.125,1308152.875,1263522.125,1185617.125,1160656.0,1405315.375,1483064.5,1386051.5,1464420.875,1558157.125,1542718.375,1095191.5,1083016.125,1058647.875,1023919.4375,1121872.875,1101848.0,1178740.125,1112080.0,1221524.75,1297423.75,1212001.75,1306267.0,1372660.25,1416833.0,1340261.5,1288412.125,1133575.5,1293132.875,1328146.0,1332062.0,1506039.25,1431393.375,1331803.75,1384386.625,1403170.5,1329978.25,1058124.5,1105322.375,1461529.625,1575174.25,1468847.875,1491939.5,1147070.25,1057144.75,1474238.25,1400028.0,1299010.75,1534260.375,981943.4375,1064321.875,1083894.25,1117598.875,1112108.5,1250477.125,1366594.0,1368533.5,1091150.125,982797.625,1343920.25,1243573.375,1030667.3125,969420.0625,1171272.625,1016654.9375,1239065.125,1346495.875,1299397.75,1218718.125,826880.625,888324.375,1113010.125,1029652.625,1366701.25,1373194.5,1321063.625,1314805.875,1110384.75,1092124.375,1086033.75,1124213.25,1268807.875,1248646.125,1109402.125,1084571.625,1191211.25,986111.6875,1299471.125,1282770.875,1642541.0,1603209.75,1602397.5,1644924.375,1267406.75,1384414.5,1460541.375,1487097.375,1510848.25,1471669.125,1420224.625,1368904.625,1450941.375,1534296.125,1303591.25,1329843.625,1445313.125,1421098.625,1426444.125,1555032.75,1197853.125,1359561.25,1388780.875,1460164.625,1464564.75,1503203.375,1619517.875,1542380.875,1548671.375,1542233.125,1551539.125,1536865.25,1527963.5,1572900.0,1319967.875,1375282.5,1266617.875,1359654.25,1349423.125,1432771.625,1363144.5,1383649.125,1394404.875,1456139.25,1503871.0,1472028.125,1488736.625,1507054.75,1561104.0,1629282.25,1396572.625,1434861.375,1392316.125,1403372.0,1538723.875,1557421.875,1631658.5,1566659.875,1538523.75,1564764.0,1273961.375,1345146.75,1698384.5,1684443.5,1547507.875,1594211.375,1581605.625,1557342.25,1209007.5,1199133.25,1598149.875,1541798.125,1264172.75,1509561.5,1470987.125,1454517.625,1556376.0,1567610.625,1346212.25,1293084.5,1316551.75,1338126.25,1008100.0625,1099723.25,870652.125,912123.8125,1396341.375,1382305.5,1576033.5,1524524.75,935829.875,892530.5625,1057483.875,1047808.3125,1033254.375,991290.75,1265271.625,1320820.875,1582641.25,1440196.625,1248547.875,1264216.0,1244070.0,1369586.0,1211814.375,1251986.625,1555219.875,1552356.75,1276637.125,1301030.5,1655026.25,1682992.125,1324016.0,1338422.375,1434036.375,1438630.75,1748494.125,1506276.5,1597656.0,1622532.125,1496064.375,1682024.25,1761922.125,1817348.625,1428481.125,1635968.0
123,1513010.875,1402530.75,1410225.0,1422773.125,1218998.125,1227164.5,1477881.25,1331579.75,1462875.375,1405575.5,1559616.375,1484020.875,1428649.5,1381408.25,1504566.375,1527408.875,1419580.375,1374364.625,1356567.5,1351213.0,1361971.75,1347490.875,1499665.875,1309830.75,1437569.625,1340269.75,1151678.25,1189124.125,1534193.75,1577977.375,1400147.375,1418162.0,1311927.875,1267231.125,1188054.125,1161617.125,1407594.25,1483066.125,1390599.625,1467193.25,1562139.125,1544421.0,1098349.75,1085308.25,1058633.875,1024137.125,1126413.25,1105668.125,1177367.75,1109973.0,1223875.5,1298643.25,1212472.25,1307247.875,1374705.125,1420127.0,1342195.25,1288203.25,1138045.125,1294412.75,1324338.375,1330860.375,1509610.25,1436642.625,1330839.125,1383742.875,1404485.375,1331338.375,1066022.125,1110026.5,1461419.0,1572317.375,1467341.625,1491418.375,1148987.75,1053369.625,1480376.125,1407635.625,1299819.375,1535048.625,983439.125,1064122.125,1083212.5,1118246.625,1113620.375,1249446.125,1367842.875,1372448.0,1087584.625,980191.6875,1342331.625,1238312.75,1028549.0625,969058.125,1169149.375,1013478.625,1239334.25,1342398.125,1299604.75,1219198.625,824932.875,884046.0625,1109097.125,1024099.25,1367278.875,1376204.5,1319086.5,1313886.375,1100317.25,1077317.125,1081910.125,1119770.375,1266815.375,1242887.875,1096727.625,1070818.5,1187455.25,974983.4375,1297921.75,1278939.5,1644662.625,1602287.125,1605675.5,1645188.0,1260425.75,1381655.875,1456034.25,1482595.375,1509526.125,1466917.625,1419505.875,1363418.375,1448100.125,1533064.375,1304382.5,1330251.25,1443234.125,1423243.875,1425314.0,1551530.25,1200838.5,1360142.5,1391539.25,1462656.25,1463963.375,1500345.625,1616234.875,1537751.125,1544705.75,1538476.5,1553349.25,1537152.5,1529786.875,1574058.125,1317022.125,1374050.0,1260884.375,1354520.625,1349513.5,1432998.375,1365387.0,1381722.625,1393374.0,1455079.75,1508469.625,1474014.0,1485993.625,1503818.25,1563068.25,1630314.125,1393724.0,1432196.375,1391821.25,1400902.25,1541480.25,1559504.0,1632160.625,1566415.375,1543398.375,1569140.875,1272804.75,1344087.25,1699091.25,1685335.5,1547048.75,1593442.0,1583669.875,1558795.375,1211290.125,1200128.375,1598000.375,1541805.625,1260749.5,1502621.375,1470817.0,1455807.0,1558059.125,1569151.75,1345257.0,1290606.875,1317367.625,1336395.5,1007448.125,1098537.875,872069.9375,913281.125,1394340.625,1381272.25,1577086.625,1524499.25,937263.625,892172.5625,1061522.5,1048852.5,1031877.4375,989423.9375,1263953.75,1318497.375,1582380.25,1440369.25,1248868.0,1265145.75,1243619.25,1365399.75,1211443.75,1252146.0,1555023.125,1551830.375,1276332.25,1298855.0,1653343.75,1679788.5,1324023.875,1337033.25,1433338.375,1438058.0,1749048.5,1501922.125,1596434.875,1619335.875,1492074.25,1676043.375,1762924.0,1818656.875,1428342.125,1633194.625
124,1513772.625,1404339.375,1413074.5,1423660.375,1224835.5,1232753.875,1475474.25,1332797.0,1462079.125,1403988.75,1565951.875,1489595.0,1430158.0,1382502.625,1507405.125,1534671.5,1424089.125,1377142.125,1358268.5,1354873.25,1365115.25,1353935.75,1507080.25,1313862.625,1437538.5,1343621.5,1152773.75,1191749.625,1540846.375,1582932.875,1401988.125,1422972.5,1314855.375,1269414.0,1190218.0,1160679.875,1408854.875,1483632.25,1393173.25,1469349.375,1563808.75,1544473.0,1099059.375,1086443.375,1058312.625,1023673.4375,1127849.5,1106546.125,1176238.25,1109992.75,1225637.125,1300100.875,1210844.875,1308392.5,1372958.625,1420288.5,1339644.125,1285146.0,1139153.0,1291590.5,1320916.25,1330511.625,1511804.25,1441323.375,1331123.5,1384290.75,1407842.0,1331921.875,1069134.875,1109633.5,1460070.25,1566287.625,1463411.125,1489590.25,1148775.625,1046842.25,1479926.375,1409485.875,1296771.75,1531301.5,984168.0,1063301.875,1080950.625,1115766.75,1112868.0,1249105.125,1367353.375,1372154.25,1082994.0,975905.5,1341487.5,1234490.125,1026368.0625,968060.9375,1166309.75,1011628.625,1238511.125,1342733.625,1302217.125,1221994.375,823386.625,881976.5625,1105291.625,1020044.0,1368445.125,1377831.125,1319178.5,1313124.75,1093559.0,1063425.125,1082119.625,1120285.375,1268427.375,1243151.5,1090815.625,1061954.375,1187111.25,963571.125,1302557.125,1282375.75,1643390.625,1599400.0,1606551.375,1642901.75,1261648.625,1377693.875,1453933.25,1486206.125,1507185.25,1461586.625,1416510.375,1357316.5,1450463.625,1531660.625,1307025.5,1331241.0,1445565.625,1428331.75,1422914.375,1546237.0,1205160.25,1360452.5,1395573.125,1465311.0,1464577.875,1496196.125,1614904.25,1537686.25,1540451.375,1534901.375,1555552.375,1537424.875,1531291.5,1576096.875,1311349.25,1370915.25,1256046.375,1350815.5,1346205.625,1428688.375,1362125.875,1376841.375,1391390.25,1452336.0,1510803.25,1474972.125,1484836.125,1503002.875,1561323.5,1628458.625,1390003.0,1430082.5,1390862.375,1399372.375,1545213.25,1562835.75,1631262.875,1565054.5,1545535.75,1570538.5,1274955.875,1345255.875,1696934.625,1683751.5,1543833.75,1589753.5,1583070.125,1559343.25,1213710.625,1201089.125,1597501.875,1541452.0,1258695.125,1501991.875,1471874.125,1458365.0,1559171.125,1570546.25,1344863.25,1291139.25,1316533.5,1335790.75,1007431.125,1098454.375,873312.8125,913203.625,1392632.625,1380599.0,1577959.0,1527021.625,939698.5,891716.4375,1063493.125,1049154.25,1032301.875,989649.875,1262859.75,1316292.5,1581188.0,1441858.625,1249031.125,1266612.5,1243158.875,1366106.5,1211514.125,1252958.625,1554805.0,1551250.625,1276420.125,1298398.5,1652488.875,1679479.25,1323956.25,1338369.0,1433893.0,1438699.875,1746913.0,1499359.0,1595288.375,1617361.125,1488722.5,1671298.875,1759703.125,1817635.375,1429331.125,1631734.0
125,1515344.375,1403837.0,1412911.875,1422483.0,1226965.375,1233726.5,1472749.375,1330639.0,1463431.375,1402049.25,1569646.875,1493106.625,1428492.125,1381927.75,1505662.0,1537200.625,1426920.5,1378991.875,1355889.875,1354593.375,1363204.875,1355325.5,1509075.25,1314885.875,1435960.75,1343822.0,1152475.875,1192339.75,1548156.75,1586523.75,1398588.5,1421647.0,1316544.375,1266719.875,1192332.375,1157490.875,1409533.75,1483966.625,1393009.0,1470680.25,1563887.625,1544050.75,1098103.75,1088907.875,1058125.625,1023176.25,1126955.875,1106184.625,1176781.5,1111847.125,1228080.25,1302406.0,1209424.75,1310940.5,1371134.375,1418594.5,1336462.25,1283015.75,1138483.75,1288755.875,1319256.125,1329275.375,1512875.625,1443881.625,1331535.5,1384824.5,1410574.375,1332367.25,1066256.875,1104499.375,1458336.625,1562508.875,1460038.625,1485533.875,1146652.625,1042421.9375,1476086.875,1406982.625,1292881.125,1527636.0,983762.75,1064298.75,1081033.0,1113325.625,1111375.625,1251486.75,1366730.0,1369590.625,1082538.875,973594.375,1341692.625,1234378.125,1026345.6875,967987.25,1166168.625,1009804.375,1238434.0,1345574.25,1305894.125,1226273.125,825627.0,884766.3125,1104852.625,1020847.5,1369324.25,1377427.625,1320265.375,1313009.625,1095411.875,1059676.625,1084111.125,1124468.5,1270295.5,1247132.75,1094702.375,1062918.875,1191131.5,960013.875,1307140.625,1288137.5,1641579.125,1598337.0,1606332.5,1640757.75,1266449.625,1376469.25,1452895.625,1491835.375,1506246.625,1460942.0,1415069.5,1356641.375,1453897.875,1531802.125,1307113.125,1331620.625,1450169.5,1432724.125,1422169.125,1544194.625,1208210.875,1360719.0,1397103.625,1466722.375,1464725.75,1493537.875,1613551.0,1537846.125,1539815.375,1533583.375,1556786.75,1537201.125,1531860.125,1577258.125,1308187.25,1370264.375,1253931.5,1349708.25,1343869.875,1424842.0,1359241.5,1375448.125,1390782.125,1450521.375,1508796.625,1474150.5,1487405.375,1502501.5,1554365.875,1622683.125,1386839.25,1430415.125,1389701.625,1399773.75,1548090.25,1565768.25,1629584.625,1563780.625,1545560.5,1568402.0,1278036.625,1346885.25,1693375.875,1680359.875,1542563.125,1588293.0,1583080.875,1560909.125,1214559.25,1200906.625,1598117.625,1541793.875,1258912.5,1506545.25,1474099.125,1460119.5,1559751.125,1571650.875,1344899.75,1292618.25,1314380.875,1335624.25,1006428.75,1097773.125,872766.0625,911478.0,1389681.125,1378084.25,1575976.875,1528278.125,941870.125,891124.3125,1062681.5,1048692.375,1033406.6875,991224.875,1262256.25,1316014.375,1582375.375,1445122.125,1249289.75,1267524.0,1243988.875,1370432.625,1213083.25,1254495.25,1553998.875,1550402.625,1276283.75,1300557.625,1658374.25,1686924.625,1325438.125,1342561.875,1436717.25,1441548.75,1746895.25,1503737.875,1598075.0,1619265.375,1489731.125,1673225.5,1757496.375,1817557.875,1433455.625,1635364.5
126,1517424.375,1403247.0,1412551.125,1420502.875,1228463.875,1232507.75,1473380.75,1328970.0,1467914.0,1401928.5,1569113.75,1493575.25,1427330.0,1382091.875,1501970.625,1534734.75,1428945.0,1380517.0,1352837.125,1352764.25,1359281.875,1354079.5,1507057.875,1313684.875,1435952.25,1343024.5,1151738.125,1191883.875,1551748.125,1586074.625,1394365.75,1417058.0,1317068.5,1259787.625,1194406.625,1154606.125,1409757.25,1482710.125,1392669.5,1469162.0,1564746.875,1544947.0,1097792.375,1092353.625,1058083.875,1023174.8125,1126200.75,1106824.125,1177223.375,1112653.375,1230844.25,1304973.625,1209326.25,1312763.0,1371014.75,1418588.875,1337435.25,1284418.5,1143320.25,1288490.625,1319171.75,1327738.75,1513858.25,1444355.25,1332784.625,1386009.25,1413562.125,1333935.0,1061620.375,1101460.25,1457124.875,1563621.0,1458907.75,1481075.25,1145197.5,1042105.8125,1471875.625,1404980.0,1290622.0,1526239.5,983562.25,1066943.125,1082985.0,1114351.5,1112561.375,1255556.5,1367208.5,1368985.75,1084304.625,975072.0,1341824.875,1237256.125,1027797.25,969560.875,1166854.375,1009909.875,1239825.25,1347659.875,1308138.0,1230009.5,828404.0625,888773.6875,1106107.75,1022753.375,1369028.125,1376221.875,1320077.75,1313105.75,1098666.25,1060958.75,1081544.25,1125174.125,1267788.5,1246126.125,1097536.875,1064832.25,1192933.875,963973.1875,1303974.0,1286133.125,1642739.5,1599470.25,1608589.625,1641452.875,1265566.75,1377366.5,1449784.0,1492853.125,1507047.125,1463815.375,1415472.375,1359916.0,1453697.25,1533343.0,1304696.625,1333129.625,1452033.75,1434322.875,1423435.625,1545878.0,1208446.875,1361339.75,1396728.375,1467981.75,1463164.375,1494112.875,1611316.375,1535968.5,1541999.25,1534779.625,1557475.625,1537036.0,1532788.875,1577669.375,1308906.625,1373281.625,1253898.375,1349294.125,1344755.25,1425563.75,1360186.75,1379828.5,1391649.0,1450885.375,1505802.25,1473068.0,1489856.625,1501232.625,1548065.375,1616119.5,1385579.375,1431507.0,1388599.75,1400796.375,1549602.375,1567278.875,1628838.5,1564261.25,1545301.25,1566980.125,1279239.375,1346860.125,1692139.625,1678568.125,1544811.25,1590550.75,1586039.875,1563531.5,1213517.625,1200150.125,1599220.0,1543137.375,1259885.0,1508441.875,1475701.375,1459679.0,1560609.125,1572609.0,1345903.25,1293831.125,1313747.5,1336904.875,1006539.125,1097685.25,871582.0625,910444.3125,1386223.0,1375388.25,1572278.5,1527331.5,942395.625,891299.0,1062064.25,1047923.1875,1032751.5,991339.375,1261260.875,1316035.125,1585589.125,1448387.75,1249652.375,1267386.0,1245864.75,1373787.25,1214719.875,1255760.875,1553568.0,1549324.75,1275610.375,1302122.875,1666010.375,1694467.375,1327440.75,1346504.75,1438334.25,1444013.125,1749862.875,1510374.625,1600569.0,1621618.5,1491512.375,1677133.0,1758151.875,1819743.75,1437223.0,1639540.875
127,1517905.875,1403586.375,1413860.375,1418852.125,1230840.75,1231580.75,1476357.0,1328485.25,1471998.0,1403192.0,1565573.875,1491331.625,1427937.625,1382918.625,1500371.375,1531283.75,1429034.75,1380521.125,1352792.5,1352417.875,1356696.5,1352490.5,1505077.875,1311937.375,1436542.125,1341521.5,1149676.875,1190922.25,1549404.875,1582067.75,1391346.25,1412971.0,1315446.25,1254278.875,1194579.875,1154005.375,1408818.875,1481008.875,1394219.375,1466146.875,1566066.0,1546308.75,1099033.5,1094328.25,1058139.25,1023453.0625,1126106.75,1106513.125,1176254.875,1111089.5,1231826.125,1305658.375,1210265.5,1312194.75,1372135.5,1419747.625,1341207.625,1286598.5,1148628.125,1289599.5,1320395.125,1328160.375,1513873.375,1443000.5,1334294.0,1387552.125,1416536.625,1335722.25,1062562.0,1106660.375,1456912.875,1567444.5,1459780.0,1481289.0,1145905.75,1044203.6875,1469753.375,1406778.125,1290061.5,1528065.625,984290.375,1068712.75,1082974.0,1117248.125,1115205.875,1258438.125,1367920.5,1370994.75,1084267.625,977536.625,1340912.625,1239582.125,1028651.0625,972434.3125,1166074.25,1011110.1875,1240367.5,1347672.75,1308248.125,1230675.375,827803.875,890285.0625,1106811.125,1022866.625,1368058.875,1376294.5,1319006.375,1313851.875,1098235.875,1062826.625,1077511.75,1121859.125,1263651.625,1239585.375,1093533.25,1062970.125,1188851.75,971143.75,1296928.875,1277884.375,1645768.875,1600734.0,1613406.5,1644202.25,1260001.875,1379232.625,1448969.375,1492370.75,1508327.875,1465953.75,1417306.625,1361728.375,1451363.375,1534814.5,1303209.125,1335797.75,1450539.625,1434430.875,1424384.375,1547227.875,1206971.0,1361951.0,1397610.875,1470035.25,1461165.125,1495821.875,1611797.875,1535973.375,1543600.625,1536609.875,1558892.375,1537961.25,1533863.375,1578057.75,1311075.875,1375722.875,1254800.0,1349445.0,1347405.125,1428495.625,1363335.25,1383446.125,1392863.625,1452944.25,1505709.625,1473301.375,1488208.0,1500290.5,1548163.875,1615886.75,1385807.625,1431462.625,1387892.25,1400985.75,1548606.25,1565960.75,1629037.625,1565485.5,1545068.0,1568028.875,1279018.625,1345748.125,1693807.875,1679486.125,1547765.75,1593815.375,1588722.125,1564440.0,1212094.625,1199782.125,1599075.25,1544220.5,1258376.25,1504256.125,1474790.25,1457727.5,1561750.875,1572874.0,1346002.625,1294009.625,1313901.75,1339435.875,1006272.875,1098267.875,870798.25,911639.0,1385920.125,1376265.5,1572146.875,1527312.0,940485.25,891600.625,1062207.25,1047572.8125,1030871.625,990138.625,1260384.0,1314919.625,1586435.625,1448221.125,1249526.375,1265914.375,1246212.75,1372309.25,1214543.75,1255015.875,1553692.5,1548489.375,1274869.75,1300669.625,1664486.0,1690813.125,1326442.0,1345720.875,1435440.375,1442878.25,1750078.625,1508305.625,1597950.375,1620541.125,1489633.5,1676071.0,1759614.375,1820724.0,1435520.125,1637602.625
128,1515931.0,1403344.0,1414272.5,1418112.875,1230688.75,1231222.25,1478253.5,1327590.625,1471388.5,1404015.625,1561139.875,1487426.75,1428653.75,1382754.625,1501597.625,1529631.625,1426556.375,1379008.625,1354987.125,1353391.125,1355899.25,1351097.375,1503517.375,1310455.0,1435447.75,1338865.5,1145801.0,1189354.375,1543764.0,1578814.0,1388339.0,1410883.375,1312314.0,1254228.75,1192895.0,1155888.625,1407162.125,1481070.25,1397029.25,1465140.125,1566181.875,1546621.125,1101080.125,1095389.625,1058878.875,1024192.75,1125757.125,1103075.0,1175253.375,1109006.625,1231102.75,1304359.125,1211427.875,1309970.875,1373069.75,1419295.5,1342250.125,1286477.5,1143666.75,1290172.875,1322180.375,1330701.75,1512403.75,1441330.5,1333499.75,1387461.25,1416533.0,1335825.75,1072163.25,1117281.875,1457883.875,1570650.375,1461987.375,1487235.125,1148291.0,1046415.0,1471264.125,1411599.375,1290951.25,1532520.5,985658.6875,1069192.375,1081047.75,1118149.75,1115412.75,1258137.75,1368482.5,1373287.75,1083324.25,977890.5,1338666.875,1239376.75,1029103.5625,975143.4375,1165424.75,1010435.4375,1239098.375,1347295.625,1307423.125,1228925.625,824829.6875,889079.4375,1107471.625,1022961.8125,1367884.375,1378183.375,1319067.25,1315572.875,1098054.125,1066092.75,1078521.75,1119923.75,1263166.125,1235834.625,1089055.25,1061779.375,1184612.0,976465.3125,1294710.0,1274078.125,1647909.875,1601331.25,1617113.625,1645626.5,1256521.875,1380673.125,1452184.25,1494011.875,1509121.125,1465391.875,1419115.875,1358823.375,1450380.125,1535091.5,1303933.25,1337115.75,1449411.125,1435290.75,1423609.0,1545495.375,1206057.5,1361466.625,1400219.5,1471246.0,1461078.625,1495782.125,1614462.375,1538817.0,1542454.125,1536330.0,1560492.5,1539980.25,1534158.5,1578541.125,1312590.375,1374634.25,1256250.25,1351295.75,1349391.875,1429624.625,1364583.375,1380376.25,1394060.875,1455739.5,1508694.5,1474943.125,1484649.375,1500705.125,1553585.25,1622535.25,1386216.25,1431135.75,1388419.875,1400746.125,1545541.875,1562820.375,1629088.5,1565430.625,1544372.75,1568493.625,1277856.125,1344648.75,1695394.375,1681112.5,1548149.625,1595062.75,1587609.625,1563045.625,1211973.25,1199971.875,1598082.875,1544159.25,1254500.875,1499152.875,1471499.625,1456105.125,1562326.75,1572119.875,1343919.125,1293853.0,1312260.75,1341544.125,1002805.25,1097925.875,870219.875,913793.3125,1389525.25,1380381.125,1576264.0,1530099.375,938150.125,890964.6875,1062128.5,1047856.625,1030557.0625,989899.5625,1260415.25,1313582.25,1583275.5,1444272.875,1248921.625,1264165.5,1244072.5,1367188.5,1212978.625,1252372.125,1552719.75,1547349.75,1274977.25,1298828.625,1653691.125,1678399.25,1322514.75,1340696.75,1430504.875,1439667.75,1743834.75,1496595.25,1592851.75,1616737.875,1484809.0,1669824.25,1758809.625,1816428.0,1429532.25,1631535.125
129,1514359.625,1402397.5,1412079.75,1418302.125,1227480.75,1230851.75,1476791.625,1326297.625,1466554.875,1403813.0,1558897.375,1485089.5,1428305.25,1381811.0,1503412.5,1530128.125,1424347.0,1378022.625,1356269.5,1354268.375,1356447.125,1352466.375,1501640.875,1309963.875,1433567.625,1337415.125,1142617.875,1188523.875,1540476.875,1580276.125,1386992.625,1413617.875,1310703.625,1258611.875,1192208.25,1158791.625,1406074.75,1482524.0,1399320.5,1466694.875,1565226.75,1546659.75,1102438.75,1097186.0,1059866.0,1025740.0625,1125159.375,1099322.0,1175608.875,1108896.125,1229964.25,1303107.25,1211528.125,1307534.875,1372434.75,1417396.75,1339171.75,1285092.5,1132653.875,1289459.0,1323026.25,1332715.125,1511677.5,1441820.0,1330502.5,1385767.5,1412841.0,1334104.875,1082367.125,1123466.25,1458914.25,1572240.625,1464567.25,1492641.875,1150447.0,1048243.6875,1475202.875,1416218.75,1293520.75,1535522.625,987361.5,1069357.25,1080526.875,1117146.0,1112633.0,1254247.5,1369955.125,1373693.875,1083981.125,977434.8125,1336727.5,1238409.75,1030757.4375,975410.5625,1165634.25,1010850.4375,1237564.75,1347593.125,1306906.375,1227852.375,822147.375,887467.125,1108918.75,1023980.625,1368761.5,1379308.875,1320230.5,1317166.625,1101440.25,1069221.25,1082645.75,1121477.0,1266263.625,1239493.25,1090530.625,1063915.875,1186212.5,974874.9375,1299210.125,1279389.0,1648191.5,1601979.125,1616490.25,1644211.875,1256719.75,1379145.125,1453299.375,1494636.625,1508774.625,1463390.0,1418188.5,1353656.5,1451082.625,1534053.75,1305374.25,1336025.625,1450851.125,1437112.625,1422267.375,1543516.25,1206276.625,1359851.125,1401880.5,1469773.625,1462708.625,1495501.625,1613281.25,1539415.5,1539199.0,1533633.625,1560781.375,1541590.625,1534078.125,1578725.125,1313069.875,1372537.5,1258115.875,1353427.75,1349566.125,1429409.625,1362158.125,1374132.5,1395169.625,1457952.375,1512293.125,1477313.875,1483170.125,1502970.5,1559991.75,1629318.5,1387688.125,1431794.875,1390405.875,1400946.25,1543370.75,1561470.375,1629324.5,1564877.125,1543082.125,1566985.875,1275553.5,1344182.75,1695530.0,1682362.875,1546297.875,1593976.5,1583807.875,1562114.125,1213352.0,1200834.875,1597027.25,1543105.375,1252589.25,1499121.25,1468635.0,1455483.25,1561702.125,1571004.375,1342030.125,1294520.875,1310379.125,1341539.875,999641.25,1097165.625,870520.9375,915033.5,1392703.375,1382998.5,1579232.75,1533528.375,938699.25,890841.125,1062789.0,1048384.9375,1032888.9375,991529.1875,1261239.25,1313989.5,1579644.875,1439911.625,1248773.25,1263901.625,1241697.75,1363863.75,1211518.625,1249827.125,1550705.125,1545758.25,1276076.125,1299179.625,1644433.375,1669756.0,1319866.125,1336834.875,1428305.25,1437978.375,1736300.375,1487028.75,1590249.375,1613779.875,1481633.625,1663905.0,1755353.25,1809252.25,1425156.5,1628039.75
130,1516330.125,1403216.25,1409979.125,1417874.125,1226205.0,1231504.875,1473758.25,1326641.25,1462559.125,1403407.5,1561095.375,1487078.5,1427412.375,1381189.25,1503743.375,1531576.75,1424467.625,1377828.375,1356685.375,1355379.375,1358601.75,1357839.75,1501184.875,1310185.125,1433422.75,1338188.125,1146043.5,1191286.5,1541281.375,1583162.375,1389861.875,1420300.5,1311817.875,1261542.125,1193661.5,1160091.5,1406088.25,1483074.875,1399187.5,1467194.375,1564026.5,1547117.5,1100986.125,1098474.25,1059714.125,1027167.25,1125574.125,1100490.625,1177194.5,1111021.0,1228298.375,1302958.375,1210451.875,1306956.75,1370850.625,1415833.5,1335859.125,1284377.375,1129949.0,1289054.5,1322450.625,1331685.125,1512648.125,1442720.875,1328504.5,1385093.375,1409871.0,1332586.875,1081587.5,1119516.75,1458684.25,1571553.0,1465876.875,1492260.375,1150364.625,1049206.75,1477394.25,1417646.25,1296526.875,1533876.5,988413.3125,1069516.375,1082135.875,1116349.25,1109440.625,1249959.125,1372277.75,1372222.375,1086258.0,979044.6875,1337084.375,1239506.0,1032620.4375,973051.0,1166283.375,1014664.9375,1237296.875,1348100.875,1307241.5,1229329.125,821630.5,888679.4375,1110467.25,1025172.75,1369681.125,1378088.25,1320910.375,1317570.625,1106380.875,1070762.0,1084078.25,1123347.625,1268571.375,1245348.75,1097150.375,1067427.875,1192059.375,968566.6875,1305133.25,1287752.75,1646532.25,1602562.0,1611322.875,1641998.5,1258717.0,1376059.25,1450530.25,1493298.125,1507557.75,1462462.125,1415152.625,1352792.0,1452198.0,1533203.25,1306950.75,1334400.375,1453022.625,1438836.75,1422201.5,1545374.125,1206023.75,1358697.0,1400172.25,1466897.25,1464083.375,1496970.75,1607996.375,1536492.875,1536726.875,1532033.875,1559237.625,1541421.75,1533449.875,1578095.375,1313134.875,1372244.125,1260017.375,1354686.375,1348570.0,1429628.375,1359424.625,1372853.375,1395574.0,1457371.125,1513371.125,1478472.625,1483249.25,1505468.5,1562903.375,1631125.0,1389291.25,1432310.875,1391187.75,1400942.25,1543398.625,1562571.5,1630188.75,1564120.25,1541282.625,1565057.375,1272575.5,1344132.5,1695128.375,1683381.125,1544904.0,1591968.375,1579724.75,1562105.5,1214935.125,1201720.5,1596290.125,1541831.25,1255811.25,1503976.125,1468661.125,1455315.0,1560122.875,1570280.625,1343035.0,1296044.0,1310934.125,1340250.25,1002351.1875,1098114.75,872059.625,915168.6875,1393671.5,1382739.125,1579361.5,1535614.25,942274.6875,892569.375,1064893.125,1049280.5,1036280.8125,993876.3125,1262280.25,1315887.0,1577148.625,1437256.125,1249137.25,1264340.375,1241535.75,1365287.875,1211018.375,1248397.75,1548120.25,1543101.75,1277037.25,1300013.0,1643032.125,1670163.375,1320051.875,1336665.25,1429882.875,1438552.0,1733049.375,1486927.75,1590953.25,1613682.0,1483460.0,1662497.375,1750771.25,1803845.5,1425108.25,1628446.25
131,1519869.625,1405787.375,1409572.25,1414775.5,1228067.375,1233133.0,1473213.125,1328641.25,1463076.0,1403344.5,1564385.0,1490256.75,1426592.125,1380395.375,1502500.875,1531460.5,1424557.0,1376828.25,1358569.5,1356792.75,1361775.5,1361657.75,1501837.625,1308618.0,1435093.625,1338044.0,1156513.75,1196547.75,1540723.625,1580810.5,1394137.75,1422899.625,1312280.125,1257214.625,1194484.0,1158813.875,1406736.25,1481602.625,1395353.0,1461709.25,1562292.5,1546824.875,1095887.875,1096497.125,1058303.0,1027125.5625,1126655.0,1105798.625,1178822.25,1113172.125,1225617.5,1303099.375,1210379.125,1307791.25,1369999.875,1415365.75,1335270.25,1284702.75,1136807.875,1290932.625,1322314.125,1328205.5,1512782.375,1439937.5,1329337.375,1386719.125,1410407.75,1332771.0,1071805.375,1111720.875,1458156.625,1568744.75,1465524.375,1488128.75,1148458.75,1049070.25,1474342.5,1414507.625,1297808.5,1530110.0,987667.1875,1069647.75,1084330.25,1116460.125,1107592.75,1248740.375,1373798.875,1371400.75,1088398.0,981899.8125,1339036.625,1243214.625,1032158.0625,970448.3125,1167503.75,1017199.0,1237024.25,1347587.625,1307395.0,1230847.375,823891.75,892585.5625,1111339.5,1027212.1875,1370139.625,1376460.375,1320889.75,1317200.875,1109172.0,1073638.625,1083225.5,1123915.125,1268208.375,1247350.5,1104082.375,1070967.375,1195940.125,966863.875,1306187.125,1290436.875,1644142.625,1601995.875,1605032.375,1640875.125,1262817.375,1377116.125,1449693.75,1493618.625,1506964.125,1464145.125,1414111.75,1358176.0,1453857.625,1534797.25,1308469.875,1333871.5,1453869.5,1439651.125,1424324.5,1550308.25,1205192.375,1359906.125,1395819.625,1464959.125,1465023.625,1498703.875,1605133.125,1534674.5,1537662.625,1534276.125,1555936.625,1539343.75,1531217.0,1576275.125,1314064.25,1372943.5,1261844.125,1355984.5,1348329.125,1430145.0,1360431.25,1377991.625,1395396.125,1454583.125,1511775.0,1477025.375,1482988.5,1505635.625,1560989.875,1627927.75,1388048.875,1432080.75,1389302.25,1400419.625,1543542.875,1562943.0,1630581.875,1561814.125,1539268.25,1563499.125,1269514.75,1343022.875,1694384.0,1683007.75,1544695.375,1590308.75,1576753.5,1560731.5,1215184.25,1201415.5,1596930.75,1541522.25,1261427.375,1508975.0,1470551.625,1454992.75,1558296.75,1569390.875,1344842.25,1296731.125,1311278.125,1339497.25,1007461.4375,1099336.125,872695.8125,914549.0,1394762.375,1382687.375,1579063.5,1536623.125,944724.375,894159.3125,1066676.0,1050603.0,1038381.5,995044.1875,1263293.125,1317257.5,1574663.625,1436503.5,1249434.5,1264210.5,1243645.0,1368801.625,1211872.125,1248057.875,1544684.5,1538684.875,1277463.875,1299638.5,1646749.875,1675603.5,1321164.375,1338107.875,1432516.375,1439355.5,1733569.0,1492712.5,1592306.375,1614725.125,1487717.125,1665019.75,1746423.5,1801531.75,1427248.375,1629560.0
132,1519451.375,1406461.125,1408030.0,1410449.625,1225634.75,1230352.25,1475373.25,1330208.875,1465342.0,1404026.625,1561594.0,1488093.625,1424803.25,1377956.5,1500200.0,1527926.625,1422890.625,1375390.125,1360176.0,1355364.25,1363197.5,1357001.75,1499685.5,1304531.0,1436307.0,1336099.625,1161658.25,1196711.125,1535877.375,1575802.625,1394801.625,1417133.375,1309018.625,1249492.75,1191789.25,1157411.0,1407256.0,1479510.75,1390390.625,1452178.125,1560129.0,1545566.75,1090292.875,1091340.25,1056694.0,1025743.25,1125227.25,1106953.75,1179263.375,1113256.125,1222701.25,1302547.5,1213015.625,1307240.625,1370491.25,1417232.75,1336755.875,1285867.375,1138126.125,1294043.875,1324314.75,1326051.375,1511414.125,1436255.25,1331129.0,1388438.75,1410304.625,1333900.375,1066997.25,1110604.0,1458816.875,1568439.0,1465577.25,1485629.0,1147748.375,1050532.75,1469011.125,1409076.625,1298106.625,1529519.375,986710.625,1069555.25,1086566.125,1118477.875,1106748.0,1248631.875,1374548.125,1373227.125,1088539.125,982194.8125,1340489.375,1245984.125,1029919.5625,969380.75,1167885.0,1016293.4375,1234079.25,1344065.75,1306273.375,1227513.125,826643.875,894565.0,1111761.125,1030277.875,1370479.875,1376081.0,1321184.125,1317430.125,1109089.875,1079704.5,1084570.75,1126225.0,1268506.875,1247219.5,1107906.875,1074944.125,1195207.75,972586.0625,1301496.375,1286228.5,1643744.0,1601285.25,1602800.0,1640821.75,1268434.0,1383528.875,1453015.625,1495211.25,1507873.5,1468304.0,1416842.0,1363978.25,1456616.25,1538963.625,1307881.5,1333402.125,1454403.125,1439302.125,1428560.875,1555024.375,1206884.5,1363593.625,1392418.125,1464042.125,1466326.875,1500183.125,1606215.375,1534965.0,1541199.0,1537758.875,1552694.75,1536526.125,1528543.375,1573902.625,1317210.125,1373892.25,1264072.375,1357513.625,1350490.375,1431591.625,1364510.5,1382559.625,1395900.375,1454503.0,1511163.75,1475830.625,1483002.5,1504472.75,1558885.5,1624105.25,1385412.375,1433400.125,1387800.125,1401262.25,1542688.625,1561542.375,1630200.5,1559345.75,1537914.75,1562171.125,1267086.375,1340419.5,1693334.25,1680804.25,1545584.375,1590941.75,1576649.875,1559090.125,1214593.75,1201216.25,1599466.25,1542973.875,1263546.125,1510953.625,1472199.75,1454608.5,1557531.625,1567555.0,1343003.375,1294067.5,1308186.125,1338521.5,1005582.8125,1096783.75,871327.3125,913234.0,1395052.5,1382896.625,1577465.5,1536382.125,942790.5,893916.5625,1066599.625,1051672.75,1038529.0625,995244.875,1264667.375,1318379.75,1573501.5,1437743.75,1250356.125,1264971.0,1245954.5,1370174.625,1214093.75,1249451.125,1541712.875,1534625.75,1278427.625,1299635.0,1649826.75,1680855.25,1322337.125,1339593.875,1433087.75,1438861.125,1735334.5,1497974.875,1591063.0,1613831.125,1487671.5,1667510.125,1744071.125,1802852.625,1428416.875,1628957.5
133,1514977.0,1404611.875,1405235.5,1409383.625,1217711.625,1222788.375,1476996.0,1330704.0,1465246.0,1405336.625,1553833.625,1481862.875,1422208.5,1375036.375,1497829.5,1523534.25,1421724.625,1375065.375,1358581.0,1350613.375,1361599.0,1347309.75,1495502.5,1302073.0,1436102.875,1335690.625,1154876.375,1190237.625,1532303.25,1575546.875,1392406.125,1409861.375,1305101.25,1248022.25,1187750.875,1158038.375,1407340.75,1478885.875,1388830.75,1448051.625,1559215.375,1544784.25,1088869.375,1086956.75,1055981.25,1024435.3125,1121795.25,1102331.0,1178435.5,1111575.0,1221581.875,1301586.25,1216256.625,1306258.625,1371838.25,1421018.25,1338538.5,1287120.0,1129528.375,1295637.75,1326618.625,1327472.25,1511139.125,1437061.625,1331468.875,1387864.25,1407064.0,1334438.375,1070796.875,1115481.125,1459813.625,1572691.0,1466759.25,1486299.875,1149153.125,1054123.625,1467137.5,1405812.0,1298917.5,1532581.0,987459.0,1068867.5,1087932.5,1121816.75,1106813.0,1247273.375,1375092.875,1375613.125,1087088.0,979215.625,1340845.0,1244524.25,1028557.5625,969767.25,1166857.375,1015274.8125,1230553.25,1339338.375,1305041.875,1220878.125,827362.1875,892426.125,1111803.375,1031753.5,1370618.625,1376345.375,1321826.75,1318338.0,1108182.125,1084223.625,1087577.0,1130308.375,1271035.375,1247821.5,1107860.5,1077559.125,1192743.25,978312.5625,1296248.75,1281299.75,1645582.125,1602183.625,1605527.875,1641698.75,1271345.875,1388851.125,1456284.75,1494616.75,1509271.875,1472068.375,1420390.375,1365200.625,1458683.75,1542049.75,1305260.75,1332100.75,1455232.0,1437705.375,1432212.125,1556895.125,1210772.0,1366529.25,1392369.5,1463424.875,1467029.375,1501975.625,1607441.25,1534697.125,1543806.125,1538473.125,1552418.25,1535024.5,1527911.125,1572646.75,1321019.0,1375583.375,1265925.25,1358322.0,1353529.875,1433993.75,1367655.75,1382063.875,1396909.75,1457933.125,1512216.625,1477240.625,1483881.375,1504277.75,1559860.625,1623565.125,1385218.25,1436475.75,1388613.25,1403745.0,1542477.25,1560529.875,1630188.0,1559329.125,1538195.375,1561777.0,1266844.0,1338678.125,1693049.25,1679287.625,1547687.625,1593886.75,1579746.625,1560034.75,1214625.5,1202612.5,1602193.125,1545171.5,1261279.5,1510521.625,1473206.5,1454852.0,1558770.75,1566110.375,1339148.75,1289701.5,1305434.75,1336884.75,998175.375,1092311.25,870148.0625,912070.625,1393036.625,1381704.25,1574206.75,1534390.875,938603.5,893009.9375,1065134.25,1051583.625,1037418.5625,995662.9375,1265832.875,1319856.375,1575061.875,1439975.75,1252016.25,1266912.0,1246342.25,1368624.25,1216303.0,1252226.875,1541405.875,1534293.0,1279529.625,1300960.375,1649610.875,1682528.75,1323696.875,1340932.125,1431377.125,1437930.0,1736936.875,1499449.375,1587654.75,1611574.125,1482585.75,1667460.75,1745043.625,1807082.75,1427814.25,1627213.5
134,1512662.375,1403132.25,1406103.0,1413865.375,1215276.875,1221071.0,1476517.25,1330479.875,1463680.0,1405673.25,1552524.375,1480621.375,1422590.875,1375904.75,1498596.5,1524337.25,1422207.5,1375709.625,1356132.5,1348980.5,1360001.25,1344556.0,1496014.125,1305052.25,1435546.875,1337974.125,1148120.125,1186788.75,1534628.75,1578999.25,1391791.875,1410567.0,1306235.5,1254823.125,1187241.875,1159253.625,1407452.625,1480527.125,1390858.25,1454449.0,1560675.625,1545198.25,1092350.125,1086327.0,1056993.625,1024256.125,1121778.75,1100807.25,1177343.625,1110538.375,1223191.5,1301105.5,1216208.625,1307350.125,1372839.625,1422203.125,1339399.0,1287354.0,1126588.75,1294388.75,1326474.125,1330127.75,1512260.375,1439927.75,1330827.125,1385989.125,1405678.25,1333861.0,1072387.0,1116018.625,1460072.875,1574430.875,1466891.625,1487727.875,1149786.5,1054234.25,1469895.75,1406407.125,1298921.5,1533938.375,987294.9375,1067943.0,1086535.0,1122227.25,1108535.25,1247651.5,1373552.875,1375108.375,1086037.625,977185.875,1341390.375,1241720.625,1028535.0625,970415.0625,1166361.75,1015085.3125,1231828.25,1339673.25,1304592.125,1219386.875,826524.625,889377.0625,1110409.125,1029154.3125,1369711.375,1376279.375,1321561.75,1317963.25,1105453.5,1080612.5,1086870.125,1129825.375,1271544.0,1247443.5,1103261.875,1074664.125,1190668.75,977363.1875,1296100.125,1280340.875,1646317.625,1602567.25,1608292.375,1642878.25,1269279.875,1387404.0,1456470.25,1492679.875,1509459.75,1471147.75,1420584.25,1362874.75,1457320.25,1540239.625,1303885.0,1331168.25,1453715.625,1434387.0,1430971.375,1554128.875,1210513.0,1364937.875,1394045.375,1463682.0,1465937.125,1501560.0,1609110.75,1535247.25,1543625.875,1536896.5,1554122.125,1535779.5,1529366.5,1573521.125,1320616.125,1376021.75,1264741.375,1357060.0,1353116.5,1433648.5,1366804.625,1379504.375,1396141.375,1458443.125,1511291.625,1477654.375,1484951.5,1504403.25,1560427.125,1624635.5,1387506.0,1436524.5,1389745.125,1404135.375,1543218.125,1560751.125,1630949.875,1562183.875,1540219.75,1564154.625,1270067.75,1340478.0,1694412.0,1680573.25,1548308.875,1594893.375,1583019.625,1561987.0,1214086.875,1202752.75,1601840.375,1545282.125,1259010.25,1508414.5,1472946.625,1455631.875,1559929.625,1567066.375,1339432.25,1289124.5,1308042.25,1336519.5,997360.25,1092651.625,870618.1875,911943.4375,1391095.25,1380054.5,1573068.5,1531254.0,936962.6875,892611.9375,1063287.125,1050239.75,1035280.0,994710.25,1265207.875,1319475.125,1578533.25,1441795.75,1251636.875,1267378.625,1245023.125,1367499.375,1215777.75,1253384.75,1545616.125,1539863.875,1278540.375,1301098.75,1650593.75,1682039.875,1324391.625,1341729.625,1431017.75,1438293.75,1739943.125,1500036.25,1588338.375,1612835.875,1481730.125,1668430.875,1750217.625,1811791.125,1428129.5,1628435.25
135,1515039.375,1402904.625,1412079.5,1422179.75,1222850.125,1229879.75,1474663.625,1329607.625,1462761.75,1404221.75,1562200.25,1487284.625,1427590.0,1381800.25,1503930.0,1531805.125,1422823.625,1376422.375,1355634.25,1353875.0,1360683.375,1352437.125,1503148.375,1312073.625,1435290.5,1341090.25,1149893.75,1191008.125,1540896.75,1581601.125,1394541.625,1420046.0,1313015.25,1265183.5,1190894.875,1159308.625,1408012.75,1483901.75,1393809.625,1467735.25,1563720.375,1546346.125,1097982.375,1088403.75,1059533.375,1025024.0,1126509.125,1105890.5,1176717.25,1111541.625,1226232.0,1301253.5,1212410.75,1309753.0,1372790.875,1418604.875,1339071.125,1286442.875,1137032.5,1291032.75,1324216.5,1331613.375,1512978.25,1440591.375,1330621.5,1384732.375,1409319.25,1332664.375,1066438.0,1108729.0,1460084.5,1569053.375,1465115.75,1488504.75,1148061.625,1048128.3125,1475284.125,1409288.875,1297245.625,1530881.875,983679.125,1067425.25,1082563.25,1117995.875,1111495.625,1251884.125,1369041.125,1371683.0,1085768.75,978557.125,1343058.0,1241256.625,1028736.75,970453.875,1167140.375,1014303.5,1238273.0,1346707.25,1304128.75,1225776.75,825469.125,887873.375,1107203.375,1023274.75,1367564.5,1375683.375,1319855.75,1315442.375,1099069.125,1069309.0,1081049.375,1122274.375,1267695.5,1245192.625,1094714.625,1066167.5,1188577.75,970662.0625,1301564.625,1282757.25,1644335.5,1600077.375,1608008.0,1643387.625,1264468.375,1380514.375,1454544.5,1491992.625,1508147.875,1465150.125,1416891.375,1359635.875,1452700.625,1534166.0,1304722.375,1331239.25,1448661.375,1429451.25,1424591.5,1547513.5,1203645.875,1359133.25,1395093.25,1465166.0,1463595.375,1497293.875,1613409.125,1538898.25,1541718.625,1535446.875,1554833.625,1537801.625,1531320.125,1575916.375,1314565.875,1373377.75,1259934.375,1353280.5,1348086.375,1428655.0,1362350.875,1377920.0,1392823.75,1453019.75,1507323.625,1474335.5,1486079.75,1503861.875,1557870.25,1624574.625,1390333.25,1431197.125,1389830.75,1400606.0,1543501.125,1561259.25,1632098.375,1566944.5,1543260.0,1569697.5,1275991.875,1345530.5,1697072.375,1683811.75,1545400.75,1591776.125,1584228.25,1562368.5,1211449.5,1199275.5,1597589.875,1542238.5,1258737.0,1504547.75,1470777.5,1456224.125,1558770.625,1570135.875,1344779.0,1293482.25,1314838.625,1337893.25,1006625.0625,1098876.25,871854.5,912520.0,1390549.0,1378680.625,1575379.625,1527713.625,939198.5,892578.4375,1061502.25,1048428.75,1032340.125,991047.625,1262752.75,1316243.875,1583134.5,1443162.25,1247703.375,1265479.0,1243630.0,1369133.875,1211865.75,1251443.625,1554222.0,1550603.625,1275127.0,1298419.875,1656934.625,1683021.0,1323890.125,1341980.625,1434238.125,1440167.625,1746267.75,1503566.5,1596340.25,1619601.5,1490273.25,1673910.875,1759340.125,1816156.375,1431331.5,1634726.25
