time,ROI_001,ROI_002,ROI_003,ROI_004,ROI_005,ROI_006,ROI_007,ROI_008,ROI_009,ROI_010,ROI_011,ROI_012,ROI_013,ROI_014,ROI_015,ROI_016,ROI_017,ROI_018,ROI_019,ROI_020,ROI_021,ROI_022,ROI_023,ROI_024,ROI_025,ROI_026,ROI_027,ROI_028,ROI_029,ROI_030,ROI_031,ROI_032,ROI_033,ROI_034,ROI_035,ROI_036,ROI_037,ROI_038,ROI_039,ROI_040,ROI_041,ROI_042,ROI_043,ROI_044,ROI_045,ROI_046,ROI_047,ROI_048,ROI_049,ROI_050,ROI_051,ROI_052,ROI_053,ROI_054,ROI_055,ROI_056,ROI_057,ROI_058,ROI_059,ROI_060,ROI_061,ROI_062,ROI_063,ROI_064,ROI_065,ROI_066,ROI_067,ROI_068,ROI_069,ROI_070,ROI_071,ROI_072,ROI_073,ROI_074,ROI_075,ROI_076,ROI_077,ROI_078,ROI_079,ROI_080,ROI_081,ROI_082,ROI_083,ROI_084,ROI_085,ROI_086,ROI_087,ROI_088,ROI_089,ROI_090,ROI_091,ROI_092,ROI_093,ROI_094,ROI_095,ROI_096,ROI_097,ROI_098,ROI_099,ROI_100,ROI_101,ROI_102,ROI_103,ROI_104,ROI_105,ROI_106,ROI_107,ROI_108,ROI_109,ROI_110,ROI_111,ROI_112,ROI_113,ROI_114,ROI_115,ROI_116,ROI_117,ROI_118,ROI_119,ROI_120,ROI_121,ROI_122,ROI_123,ROI_124,ROI_125,ROI_126,ROI_127,ROI_128,ROI_129,ROI_130,ROI_131,ROI_132,ROI_133,ROI_134,ROI_135,ROI_136,ROI_137,ROI_138,ROI_139,ROI_140,ROI_141,ROI_142,ROI_143,ROI_144,ROI_145,ROI_146,ROI_147,ROI_148,ROI_149,ROI_150,ROI_151,ROI_152,ROI_153,ROI_154,ROI_155,ROI_156,ROI_157,ROI_158,ROI_159,ROI_160,ROI_161,ROI_162,ROI_163,ROI_164,ROI_165,ROI_166,ROI_167,ROI_168,ROI_169,ROI_170,ROI_171,ROI_172,ROI_173,ROI_174,ROI_175,ROI_176,ROI_177,ROI_178,ROI_179,ROI_180,ROI_181,ROI_182,ROI_183,ROI_184,ROI_185,ROI_186,ROI_187,ROI_188,ROI_189,ROI_190,ROI_191,ROI_192,ROI_193,ROI_194,ROI_195,ROI_196,ROI_197,ROI_198,ROI_199,ROI_200,ROI_201,ROI_202,ROI_203,ROI_204,ROI_205,ROI_206,ROI_207,ROI_208,ROI_209,ROI_210,ROI_211,ROI_212,ROI_213,ROI_214,ROI_215,ROI_216,ROI_217,ROI_218,ROI_219,ROI_220,ROI_221,ROI_222,ROI_223,ROI_224,ROI_225,ROI_226,ROI_227,ROI_228,ROI_229,ROI_230,ROI_231,ROI_232,ROI_233,ROI_234,ROI_235,ROI_236,ROI_237,ROI_238,ROI_239,ROI_240,ROI_241,ROI_242,ROI_243,ROI_244,ROI_245,ROI_246
1,198006.375,182756.109375,196810.03125,182345.140625,199924.546875,174722.03125,181362.90625,173603.421875,176157.796875,167542.53125,220932.6875,210206.890625,218476.921875,200136.703125,248542.90625,202202.546875,225267.71875,199374.125,250833.75,196159.703125,248386.890625,207653.359375,209427.765625,193015.28125,186101.375,179713.109375,201499.25,161801.65625,234017.5625,227026.71875,246439.8125,228360.515625,204827.703125,207650.390625,209697.09375,200639.140625,264038.84375,245249.65625,222338.421875,235220.53125,223385.546875,223239.203125,211157.34375,172534.4375,171111.96875,150487.015625,177422.125,172090.21875,173780.515625,158780.078125,203390.734375,214846.484375,179475.921875,189341.625,178380.984375,172195.421875,159405.171875,169675.6875,141348.578125,158878.015625,230802.34375,226354.140625,234689.984375,216054.90625,180235.8125,173921.625,162259.953125,154488.234375,208499.75,188484.1875,249262.5625,263901.65625,294851.28125,261750.546875,188005.21875,166468.6875,259625.359375,216681.59375,253284.078125,213905.796875,167339.71875,173060.34375,201954.484375,177510.28125,194312.234375,195964.984375,234383.65625,201381.296875,179844.15625,179391.8125,218086.53125,203541.875,184760.828125,149932.140625,200050.0,184749.265625,206849.359375,217990.203125,194425.546875,169126.171875,106279.5234375,123754.265625,213420.40625,186243.5625,244177.65625,245987.328125,237019.1875,216923.828125,214449.90625,197437.328125,172702.96875,156746.0,264014.03125,253360.5625,182650.984375,167603.671875,245851.703125,168652.0625,299964.40625,282338.125,236703.125,238061.96875,249642.3125,228868.078125,183432.34375,175062.03125,197028.203125,196013.34375,205552.296875,199603.75,183304.453125,179507.390625,209766.546875,195254.25,206165.21875,208891.28125,209259.65625,207832.09375,205822.75,202870.078125,200687.265625,192659.125,234622.234375,226336.890625,230879.75,244975.0625,186183.015625,176073.75,195931.765625,182218.796875,239919.0625,243005.40625,224946.125,216474.640625,198788.421875,187047.921875,210502.609375,232862.859375,193251.5,205534.3125,165959.40625,163810.359375,246382.65625,241341.65625,284095.75,251563.296875,285166.75,249113.6875,330426.65625,310224.53125,271321.53125,277428.28125,268271.84375,266807.71875,220756.265625,210648.078125,194879.046875,217197.078125,239441.359375,218618.671875,213703.609375,238611.046875,183671.484375,185131.6875,191023.15625,183921.109375,244939.953125,231852.421875,213794.0,192668.75,245851.5,241375.765625,221487.296875,229264.15625,249737.703125,250294.78125,282044.40625,266151.03125,212100.25,205101.0625,224898.125,209630.75,171012.9375,186814.0,189359.84375,203603.4375,219278.421875,199515.21875,224817.578125,217999.234375,178249.109375,171097.515625,210452.546875,182160.859375,215817.640625,218253.5625,276930.8125,277149.34375,261729.796875,199682.71875,151294.484375,154360.578125,166177.796875,181496.84375,132693.875,143782.328125,342140.84375,292879.375,140111.09375,155102.421875,239460.765625,232425.046875,182514.09375,200414.125,214076.390625,188392.0625,274530.59375,254367.875,244385.296875,277256.875,250111.4375,297630.65625,319530.46875,321281.71875,219818.046875,214569.53125
2,197330.25,183363.59375,197360.28125,183430.421875,201225.3125,176578.828125,181047.46875,174802.328125,176293.421875,167346.859375,220361.5,210584.453125,217410.71875,199671.484375,248221.90625,202660.25,225044.890625,200965.46875,250687.8125,195694.34375,248546.765625,208386.984375,209952.9375,196279.421875,186437.125,181494.125,200076.140625,159991.46875,233832.375,227677.90625,246864.4375,229448.6875,204708.890625,207505.015625,209680.390625,199801.515625,263536.46875,245257.15625,222709.6875,234682.265625,223356.5,221920.390625,210525.890625,168796.375,169985.8125,148995.625,176484.5,171120.859375,171565.96875,156315.296875,202705.203125,213080.953125,179075.3125,190105.46875,177504.75,172723.8125,158911.828125,169627.34375,140038.796875,158558.359375,230052.828125,226886.1875,233831.28125,216632.546875,180133.484375,174187.828125,161700.75,154306.78125,208771.84375,188925.96875,248522.15625,262036.703125,294458.75,260393.90625,187142.828125,165101.390625,262955.375,215809.5,254147.953125,212812.109375,169159.046875,172683.90625,204291.953125,176759.546875,193358.484375,195789.53125,235126.234375,201554.109375,183871.8125,179735.421875,219724.9375,202329.90625,186221.921875,148815.46875,203571.265625,185360.921875,208503.203125,217928.453125,195542.046875,167930.984375,109071.6875,123463.453125,214332.71875,186218.953125,245755.484375,246925.421875,238554.6875,216108.765625,213317.75,198206.671875,172907.078125,157409.84375,265647.0,254590.390625,181585.359375,167860.359375,243140.75,169827.921875,300548.59375,284404.4375,236939.28125,237678.78125,249993.015625,229473.828125,183153.015625,174891.71875,196446.84375,196165.625,205684.9375,200159.703125,182837.890625,179292.109375,209936.28125,195849.03125,204951.34375,209016.765625,208128.265625,208995.96875,204691.828125,203579.484375,198409.703125,194545.90625,233498.84375,226890.5625,230091.4375,244863.71875,186965.84375,176349.125,195621.96875,182449.734375,239785.546875,242821.578125,225221.8125,216674.03125,197530.5625,187699.015625,209748.796875,233347.4375,192514.09375,206915.15625,165563.203125,163850.46875,246312.109375,240858.921875,282674.84375,252011.96875,284828.15625,249996.640625,330908.4375,312611.40625,271024.53125,277930.34375,268235.375,266831.15625,220927.484375,210589.28125,194873.78125,215672.640625,238312.859375,217399.046875,213649.671875,239719.734375,182240.9375,184160.71875,190775.890625,183988.96875,242688.3125,230339.875,214918.90625,194739.5625,245115.640625,241507.234375,222307.828125,229105.40625,250094.359375,250868.03125,281951.84375,266065.625,211935.375,204809.265625,225448.234375,209514.28125,171356.5,187498.59375,190706.78125,204037.03125,217833.828125,198855.0625,224094.5,218320.671875,175830.53125,170382.015625,209374.59375,182611.796875,214841.9375,219087.546875,276350.09375,278297.9375,260384.546875,197303.203125,152013.515625,154290.515625,165819.9375,180773.578125,132749.640625,143370.859375,341102.71875,290070.28125,141118.28125,155364.765625,237027.171875,231018.78125,183688.921875,199891.015625,214333.328125,189027.078125,272370.53125,251006.046875,244062.328125,276658.9375,249832.890625,295551.34375,317811.71875,318078.59375,218209.75,214021.390625
3,196981.4375,183012.40625,197174.5625,183284.4375,201587.796875,177055.625,180834.03125,174428.90625,175651.859375,166646.171875,219854.359375,210096.984375,217500.671875,199639.5,248162.625,202553.515625,225106.0625,200638.46875,251601.90625,195119.484375,249418.265625,208424.609375,210298.28125,196811.875,186403.3125,181187.421875,200888.625,159836.890625,233962.0625,227685.6875,247087.234375,229751.4375,204726.8125,207024.09375,209763.328125,199724.203125,263753.03125,245180.671875,222859.1875,234392.46875,223099.046875,221315.609375,210459.921875,168095.71875,169646.71875,148638.453125,176424.796875,170981.0,171353.234375,155917.546875,202631.15625,212570.921875,179092.734375,190096.03125,177177.4375,172426.75,159016.890625,169622.484375,139886.171875,158335.796875,230116.96875,226849.703125,233530.15625,216496.375,179846.6875,173884.96875,161268.859375,153990.875,208852.46875,188882.984375,247275.890625,261975.390625,294270.96875,260093.40625,186524.390625,164678.3125,262863.375,216184.40625,253929.90625,212697.484375,169293.53125,172839.828125,204071.921875,176533.890625,193078.03125,195747.578125,234969.21875,201625.34375,184676.046875,179739.59375,219849.90625,202742.90625,186986.390625,149289.96875,203881.421875,185707.328125,208934.015625,218290.421875,195741.734375,168115.203125,109250.4140625,124019.8671875,215106.984375,186617.0,245877.78125,246931.984375,239202.515625,216319.5625,213670.0,198437.859375,173870.28125,157725.3125,265648.90625,254395.609375,182350.296875,167553.328125,243181.671875,169603.140625,301263.125,284214.65625,236392.234375,237769.46875,249412.84375,229002.375,182302.390625,174199.390625,196043.140625,195556.734375,205728.890625,199764.46875,182411.640625,178779.484375,209669.234375,195679.96875,204594.640625,208747.515625,207890.90625,208362.234375,204791.265625,203379.78125,197897.90625,194055.015625,232865.390625,226125.09375,229668.390625,244701.890625,186403.625,175685.296875,195071.34375,182019.421875,239220.125,242188.53125,224774.375,215965.765625,197600.796875,187792.109375,209963.625,233315.828125,192739.296875,207148.890625,165227.109375,163592.46875,246228.234375,240725.84375,282544.9375,251682.984375,284782.375,250416.421875,331111.125,313453.65625,271091.4375,278077.15625,268698.5,267190.25,220608.796875,210330.5,194726.3125,215517.703125,237673.859375,216796.875,212920.828125,239194.28125,181619.546875,183493.25,190686.453125,183757.328125,242149.40625,229767.4375,215086.375,194103.234375,244586.578125,241032.375,222891.0625,229225.59375,250455.65625,250846.59375,281472.375,265809.78125,212249.96875,205216.140625,225603.515625,209722.53125,172400.921875,188439.96875,191321.578125,204290.875,217891.5,198723.078125,223691.421875,217849.703125,175797.6875,170461.328125,209592.8125,182767.453125,214881.21875,219651.96875,276313.21875,278534.0,259811.765625,196652.96875,151595.640625,153821.421875,166057.6875,180736.921875,132202.890625,142727.953125,340742.5625,290012.75,140876.375,155072.328125,236356.84375,230407.234375,183120.734375,199478.578125,214084.765625,188702.484375,272148.125,250156.703125,243976.828125,276576.53125,249554.71875,295814.0625,318138.90625,318106.9375,217744.59375,213619.46875
4,197099.8125,182363.875,196569.265625,182623.671875,200507.640625,176137.703125,180798.09375,173468.21875,175197.859375,166474.21875,219999.015625,209892.8125,218254.578125,200098.09375,247641.46875,202075.53125,224968.34375,199856.265625,252067.359375,195045.03125,249631.78125,208120.140625,209972.875,195186.515625,186164.90625,180150.984375,202360.40625,160853.859375,234105.65625,227509.328125,247015.375,229746.28125,204837.0,206973.546875,209947.34375,200078.953125,263962.5625,244970.78125,222888.796875,234762.046875,223106.75,221847.578125,211365.359375,169780.09375,170440.359375,149349.5,177060.78125,171573.40625,172768.0625,156881.125,203371.125,213372.0625,179273.390625,189835.53125,177483.984375,172075.109375,159228.421875,169643.265625,140370.5625,158401.15625,230366.390625,226714.421875,234016.65625,216363.71875,179596.234375,173662.609375,161318.875,153926.015625,208836.609375,188145.28125,247043.359375,263576.40625,294320.03125,260809.203125,186449.59375,165342.5625,261122.234375,216918.5,253385.5625,213278.671875,168434.078125,173010.125,202909.234375,176879.515625,193305.421875,195908.953125,234513.40625,201574.609375,182759.53125,179466.84375,218868.28125,203639.03125,186691.71875,150103.78125,202008.953125,185614.0,208061.6875,218322.015625,195193.125,168547.703125,108020.0625,124361.7109375,214965.96875,186857.1875,245121.484375,246343.1875,238671.390625,216858.28125,214252.390625,198189.4375,174557.890625,157445.515625,264946.59375,253887.921875,183515.03125,167544.796875,243923.078125,168954.046875,301836.40625,283679.875,236264.28125,238024.671875,249073.125,228715.5625,182125.875,174088.03125,196228.046875,195341.546875,205590.25,199420.46875,182446.515625,178839.328125,209421.78125,195247.0,205147.40625,208850.21875,208448.265625,207807.078125,205433.609375,203092.453125,198826.796875,193172.859375,233192.234375,225686.9375,229981.90625,245062.578125,185717.15625,175093.46875,194982.234375,181653.4375,239118.984375,242343.296875,224418.25,215686.484375,198156.03125,187557.09375,210464.578125,233226.71875,193119.015625,206636.140625,165254.46875,163472.15625,246582.375,241388.78125,283487.4375,251639.140625,284917.59375,250231.0,331122.96875,313203.8125,271243.59375,278679.03125,268964.6875,267426.15625,220335.84375,210146.71875,194409.984375,216485.296875,238185.8125,217275.921875,212989.796875,238593.15625,182031.59375,183625.984375,190681.21875,183475.515625,243430.421875,230625.296875,214639.28125,192250.140625,245071.078125,241079.859375,222920.859375,229484.640625,250150.40625,250648.78125,281471.0625,265881.09375,212509.625,205427.546875,225231.640625,209960.515625,172579.9375,188633.875,190729.96875,203959.359375,219015.90625,199081.828125,223989.5625,217699.765625,176850.609375,170775.546875,210038.390625,182799.8125,215433.71875,219762.46875,276858.9375,278602.03125,260800.875,198330.9375,150920.34375,153758.328125,166605.5625,181794.8125,132153.0625,142938.140625,341365.25,292023.6875,140207.4375,155020.453125,236707.40625,230834.65625,181981.71875,199450.65625,213938.859375,188255.890625,272731.25,251251.6875,244178.84375,277590.125,249848.5625,297234.09375,319107.5,319712.25,218285.640625,213718.4375
5,197595.921875,182477.203125,196456.296875,182608.40625,199234.046875,175115.203125,180917.40625,173313.28125,175632.234375,167095.515625,220592.421875,210393.0625,218613.796875,200422.390625,247266.421875,201996.671875,224654.40625,200202.265625,251428.4375,195849.703125,248820.71875,208129.921875,209318.15625,193995.546875,186112.75,180205.78125,202448.203125,161514.0625,233830.21875,227651.640625,246710.625,229693.3125,204890.421875,207559.0625,210259.90625,200482.375,263664.34375,244983.125,223010.96875,235421.3125,223509.59375,222686.3125,212069.765625,171011.203125,171263.453125,150015.546875,177451.1875,172158.375,173385.96875,157443.515625,203881.171875,214227.546875,179305.484375,189965.625,177887.109375,172413.765625,159206.90625,169880.46875,140802.78125,158789.3125,230453.484375,226884.578125,234583.984375,216851.546875,179790.546875,173994.625,161898.765625,154311.859375,208553.328125,187509.03125,248284.875,264765.125,294335.96875,261473.9375,187113.609375,166088.9375,260128.484375,216713.59375,253102.765625,213663.640625,167810.234375,172859.171875,202754.484375,177112.828125,193495.59375,196226.53125,234389.34375,201557.359375,180979.84375,179159.484375,217914.53125,203379.375,186006.015625,149954.625,200724.421875,185162.734375,206957.171875,217765.109375,194689.890625,168296.484375,107326.2734375,123678.4375,214057.53125,186562.484375,244521.46875,245887.75,237637.21875,216579.8125,214254.53125,197712.140625,173329.546875,156606.6875,264235.28125,253802.78125,182774.734375,167623.796875,244079.28125,168957.0625,300793.9375,283446.6875,236814.328125,238098.671875,249530.71875,229396.1875,182947.453125,174942.84375,196833.875,196136.171875,205488.421875,199920.46875,182990.3125,179636.375,209513.40625,195366.609375,205832.25,209413.03125,208937.671875,208515.828125,205453.90625,203414.265625,199736.125,193733.578125,234027.9375,226498.15625,230576.96875,245800.1875,186037.953125,175506.4375,195541.28125,182025.6875,239814.609375,243177.375,224824.1875,216434.84375,198328.421875,187580.859375,210475.15625,233246.3125,192961.9375,206354.15625,165680.03125,163845.625,246837.734375,242108.453125,283951.5,252288.515625,285081.09375,249965.09375,329909.4375,312102.375,271227.09375,279123.28125,268724.9375,267448.71875,220461.84375,210299.8125,194316.3125,217013.6875,239354.25,218313.375,213734.8125,238958.890625,182878.53125,184415.46875,190861.125,183632.109375,244515.921875,231746.625,214073.234375,191662.75,245805.078125,241564.03125,222432.359375,229471.03125,249274.0,250590.890625,281967.9375,266131.0625,212254.828125,205223.265625,224856.953125,209697.609375,171637.25,187818.375,189642.765625,203176.0625,219813.3125,199505.1875,224634.0625,218222.765625,177294.375,170677.359375,210000.5,182719.046875,215284.125,218850.296875,276869.40625,278619.90625,261879.890625,199903.453125,151099.734375,154269.984375,166583.46875,182483.640625,132737.6875,143884.703125,341889.46875,293024.71875,140366.65625,155492.046875,237629.953125,231860.1875,182120.046875,200186.375,214438.75,188527.484375,273008.78125,252492.53125,244685.28125,278304.0625,250531.0,297662.65625,319206.4375,320576.125,219475.546875,214385.28125
6,197924.1875,182872.390625,196741.03125,182860.546875,199199.21875,174805.921875,180891.71875,173412.984375,175902.90625,167249.21875,220855.3125,210467.6875,218452.8125,200275.40625,247768.28125,202153.03125,224739.921875,200548.4375,251009.125,196527.40625,248341.796875,208135.625,209098.734375,193825.8125,186179.9375,180552.296875,201889.3125,161410.671875,233431.265625,227695.171875,246322.5625,229111.046875,204710.8125,207689.0,210299.09375,200626.671875,263433.21875,245348.53125,222778.234375,235386.390625,223770.890625,223110.578125,211670.4375,171001.484375,171301.703125,150148.703125,177533.171875,172421.171875,173049.28125,157630.46875,203506.625,214382.9375,179235.59375,190043.484375,177949.953125,172680.796875,159205.484375,170013.9375,140777.640625,158958.046875,230380.203125,226794.9375,234522.578125,217135.546875,180181.40625,174236.953125,162180.421875,154524.828125,208047.890625,187950.125,249125.96875,264464.4375,294534.96875,261660.390625,187830.859375,166219.6875,259960.5625,216285.640625,253322.859375,213717.484375,167655.015625,172887.703125,203039.40625,177042.078125,193796.140625,196389.625,234568.578125,201685.921875,180561.671875,179191.390625,217744.4375,202737.171875,185712.6875,149632.3125,200803.640625,184918.203125,206731.0,217643.109375,194633.40625,168291.765625,107172.9453125,123269.484375,213580.8125,186373.46875,244432.59375,246097.53125,237091.703125,216164.90625,214371.578125,197508.484375,171426.28125,156264.140625,263730.71875,253744.0625,181334.9375,167402.046875,244624.53125,169204.140625,299670.9375,283038.71875,236669.25,238060.09375,249789.625,229739.5625,183452.390625,175438.421875,197171.859375,196689.015625,205602.90625,200344.0,183331.359375,179999.28125,209783.515625,195738.375,205976.09375,209454.875,209045.21875,208872.90625,205149.515625,203582.1875,200018.046875,193970.296875,234386.859375,226939.859375,230730.25,245871.265625,186501.359375,176067.0,195881.296875,182458.0,240104.265625,243341.71875,225208.890625,216831.15625,198339.984375,187580.015625,210361.046875,233062.71875,192854.296875,206274.78125,165958.171875,164076.90625,246647.875,242076.515625,283861.3125,252414.5625,285188.84375,249996.734375,329306.84375,311457.125,271208.8125,278893.90625,268630.8125,267543.875,220676.109375,210546.890625,194761.4375,216754.390625,239750.703125,218667.046875,213348.265625,239179.484375,183187.046875,184907.578125,191000.828125,183861.890625,244359.09375,231811.4375,213738.9375,192552.875,245736.96875,241479.703125,221917.390625,229245.40625,249091.390625,250727.90625,282120.03125,266172.75,211911.875,205315.09375,224971.578125,209349.5625,171204.90625,187089.546875,189225.734375,203069.78125,219757.90625,199688.359375,224844.78125,218410.328125,177678.71875,170664.703125,210102.015625,182552.015625,215027.015625,218421.640625,276340.25,278339.65625,261916.5625,199650.03125,151560.984375,154556.328125,166228.34375,182034.421875,132773.015625,144146.671875,341862.0,292469.53125,140666.109375,155646.515625,238824.390625,232399.8125,182797.734375,200940.5,214754.859375,188908.203125,273452.34375,253208.46875,244981.0,277746.03125,250658.0625,297153.25,318937.65625,320730.09375,220377.640625,214753.546875
7,197576.296875,182845.328125,196864.875,182835.015625,200160.6875,175185.3125,180783.96875,173413.65625,175527.5,166775.859375,220638.6875,210029.078125,218216.796875,200050.453125,248232.78125,201977.46875,224947.1875,200112.96875,251300.71875,196226.796875,248596.984375,208008.28125,209367.4375,193971.359375,186092.421875,180444.1875,201750.9375,161028.21875,233460.109375,227416.125,246147.9375,228657.671875,204438.984375,207315.359375,209864.9375,200411.328125,263500.3125,245462.359375,222217.625,234840.046875,223533.203125,222925.6875,211409.59375,170690.59375,171083.890625,150092.171875,177607.1875,172221.734375,173255.015625,157918.984375,203070.796875,214095.296875,179141.484375,189816.9375,177730.71875,172335.6875,159237.0625,169644.734375,140371.421875,158671.46875,230124.28125,226233.875,234175.84375,216717.953125,180113.328125,173900.59375,161732.78125,154145.109375,208162.75,189178.3125,248649.28125,263544.0625,294628.625,261296.703125,187750.21875,166047.46875,260235.640625,216375.921875,253856.828125,213584.359375,167947.8125,173083.78125,203190.515625,176978.203125,194388.65625,196228.328125,234738.0,201815.1875,181353.546875,179412.125,218397.890625,202966.640625,185749.515625,149660.109375,201679.953125,185149.765625,207538.375,218138.25,194888.265625,168654.75,107265.3828125,123823.9375,214059.65625,186629.3125,244696.28125,246560.484375,237506.0625,216468.65625,214802.671875,197887.109375,171942.828125,156826.5625,264229.71875,253929.078125,182017.140625,167754.359375,245335.203125,169333.40625,300428.96875,282927.0625,236013.890625,237956.453125,249697.484375,229117.453125,183130.328125,175028.34375,196878.15625,196207.484375,205643.375,199869.921875,183053.328125,179468.5,209844.28125,195681.375,205742.609375,208894.484375,208828.96875,208247.578125,205164.53125,203139.5625,199848.15625,193178.21875,234154.84375,226384.359375,230480.890625,245242.546875,186349.0,175962.140625,195589.015625,182227.3125,239740.0,242907.234375,225010.125,216467.171875,198277.6875,187238.703125,210284.421875,232728.9375,193015.046875,206022.421875,165729.671875,163765.40625,246543.296875,241547.59375,283811.625,251714.1875,284957.8125,249877.4375,330440.3125,311597.375,271066.625,278270.9375,268527.75,267434.21875,220723.234375,210623.21875,195147.578125,216574.921875,239192.03125,218043.703125,212193.203125,238751.515625,182608.609375,184448.5,190671.5625,183506.171875,243939.546875,231109.5625,213930.4375,193101.40625,245403.125,241115.359375,221851.125,229201.3125,249716.890625,250860.109375,281928.875,266086.0625,211978.859375,205473.03125,225153.625,209429.8125,171670.859375,187147.546875,189605.890625,203750.8125,219294.421875,199484.90625,224596.625,218023.921875,178030.828125,171266.953125,210453.609375,182427.859375,215600.4375,219799.5625,276458.8125,278111.9375,261445.703125,198629.796875,151378.75,154313.78125,166204.359375,181376.234375,132400.765625,143657.890625,341745.25,292002.90625,140301.890625,155306.46875,238812.90625,231787.546875,182561.1875,200463.34375,214301.421875,188620.46875,273602.0625,253040.328125,244485.15625,276927.46875,250020.578125,296846.28125,318815.71875,320330.125,219910.65625,214236.4375
8,197290.734375,182786.640625,196932.09375,182814.546875,200974.953125,175811.828125,180845.21875,173697.96875,175440.265625,166804.15625,220482.59375,210092.65625,218363.5,200128.578125,248300.3125,201900.109375,224868.40625,199878.53125,251626.953125,195829.984375,248858.359375,208137.625,209627.109375,194185.921875,185857.28125,180338.734375,201846.8125,160898.90625,233829.125,227400.84375,246355.1875,228990.3125,204624.0625,207368.15625,209631.875,200447.75,263761.25,245285.40625,222143.421875,234956.953125,223198.375,222382.875,211737.296875,170752.71875,171057.390625,150006.703125,177428.765625,171655.890625,173580.625,157948.671875,203253.6875,213945.53125,179139.09375,189647.375,177625.515625,172076.734375,159125.625,169319.46875,140352.859375,158454.390625,230141.0,226132.015625,234141.359375,216547.5,179700.203125,173479.484375,161311.71875,153781.375,208773.3125,189465.171875,248404.703125,263647.71875,294111.3125,261013.5,187456.0625,166247.40625,259940.703125,216474.796875,253673.1875,213508.828125,168238.28125,173188.984375,203242.515625,177303.0625,194652.59375,196062.4375,234712.8125,201850.1875,181850.5,179493.671875,218850.578125,203542.0,185405.671875,149676.484375,201922.34375,185491.96875,208000.328125,218282.65625,194956.828125,168735.859375,107284.890625,124212.21875,214369.078125,186813.703125,244719.390625,246408.6875,237961.453125,216836.421875,214752.109375,198105.4375,173883.515625,157165.234375,265073.6875,254294.671875,183727.109375,168386.046875,245384.375,169446.03125,300569.75,282240.625,236311.875,238022.828125,249938.484375,228694.15625,182725.390625,174634.953125,196435.734375,195478.515625,205413.109375,199351.3125,182651.609375,178951.046875,209579.15625,195261.375,205609.671875,208597.34375,208399.109375,207667.0625,205391.40625,202754.28125,199698.359375,192904.25,234076.40625,226092.140625,230352.359375,245186.984375,185971.828125,175576.03125,195274.078125,181776.328125,239614.1875,242595.0,224658.75,216060.546875,198200.4375,186995.15625,210103.515625,232741.0625,193026.34375,205809.9375,165370.5625,163442.890625,246378.0,241241.96875,283776.90625,251160.296875,284763.75,249551.59375,329771.875,310316.15625,270734.53125,277469.4375,268128.46875,267081.6875,220533.453125,210363.03125,195107.8125,216941.46875,239060.46875,217755.234375,212398.625,238183.0,182383.734375,183992.0,190350.765625,183120.0625,244171.3125,230887.4375,214180.109375,192887.859375,245388.0,240984.21875,222065.234375,229186.9375,249754.765625,250616.578125,281940.21875,265916.3125,212169.171875,205167.328125,224990.84375,209669.71875,171915.921875,187463.515625,189947.921875,204111.828125,219000.046875,199078.359375,224326.4375,217708.3125,177474.65625,171850.15625,210621.953125,182280.34375,216118.15625,220328.65625,277084.9375,277885.6875,260904.015625,198298.96875,150974.375,154111.390625,166043.546875,180771.40625,132426.828125,143524.765625,341827.9375,292287.71875,139922.6875,155134.3125,238215.78125,231357.734375,182018.0,199782.921875,214013.609375,188233.84375,273382.625,252937.546875,244102.96875,276945.5,249878.0625,297243.0625,319003.3125,319922.96875,219349.84375,213957.171875
9,197867.890625,182938.796875,196969.65625,182765.609375,200663.390625,175776.25,180944.40625,173769.75,175937.6875,167453.359375,220678.984375,210544.609375,218851.03125,200382.453125,248367.5625,202189.265625,224897.125,200137.84375,251537.921875,196247.0,248655.40625,208232.703125,209430.15625,193906.875,185693.59375,180163.5,201909.859375,161391.34375,234098.875,227877.234375,246731.9375,229149.5625,205229.34375,207768.796875,209853.4375,200865.203125,264157.15625,245359.078125,222483.203125,235769.65625,223422.765625,222649.296875,211512.046875,171534.59375,171266.578125,150143.359375,177258.03125,171560.34375,173297.25,157856.015625,203653.21875,214498.5625,179384.921875,189741.46875,177996.5625,172349.609375,159218.515625,169648.328125,141068.21875,158751.140625,230564.796875,226873.59375,234415.640625,217116.765625,179749.09375,173677.390625,161733.328125,154182.875,208704.53125,187810.09375,249269.4375,264861.5625,294104.71875,261812.0,187723.25,166954.4375,258983.828125,216391.625,252914.65625,213915.625,167775.5,173216.984375,202655.78125,177929.765625,194213.59375,196108.15625,234609.0,201861.5,180323.25,179593.0,218365.015625,203688.109375,184635.265625,149853.34375,200489.78125,185546.140625,207009.5625,218008.546875,194466.140625,168807.734375,106595.2421875,123895.9609375,213579.703125,186627.796875,244296.9375,245912.65625,237314.109375,216854.3125,213994.78125,197649.203125,173361.484375,156869.515625,264767.46875,254224.0625,183016.515625,167953.015625,245228.703125,169322.09375,299018.9375,281778.1875,237130.875,238358.203125,250147.71875,229169.96875,182800.984375,174781.640625,196593.109375,195468.171875,205337.28125,199705.09375,182743.703125,179223.109375,209467.71875,195020.84375,205635.171875,208813.515625,208336.234375,207665.09375,205654.796875,202996.296875,199994.25,193208.1875,234372.5,226471.4375,230647.28125,245871.71875,185769.125,175427.546875,195492.390625,181854.703125,239921.78125,242748.09375,224705.4375,216054.703125,198491.40625,187110.640625,210308.4375,233178.0625,193095.015625,205916.8125,165568.96875,163634.0,246209.15625,241609.953125,283969.125,251645.953125,285119.125,249575.125,327972.625,308799.78125,270853.90625,277671.59375,268135.75,267135.25,220547.34375,210106.40625,194980.375,217492.78125,239643.234375,218479.546875,213782.421875,238026.890625,183198.15625,184600.90625,190613.78125,183468.609375,244890.03125,231610.6875,213906.609375,193254.109375,245569.390625,241070.171875,221891.515625,229059.203125,249249.078125,250300.28125,282203.96875,265862.84375,212054.71875,204772.5,224707.34375,209786.0625,171354.78125,187352.109375,189576.9375,204037.015625,218896.9375,198869.015625,224327.671875,217850.171875,176931.484375,171288.015625,210505.15625,182182.78125,215618.171875,218282.125,277181.625,277485.4375,261136.765625,199263.328125,151110.765625,154435.234375,165611.25,180681.28125,132706.25,144038.875,342323.625,293114.90625,139965.0625,155310.96875,238437.5,232051.84375,182147.5,200059.140625,214244.265625,188454.9375,273513.5625,253632.0,244417.140625,277475.625,250330.9375,297872.25,319489.53125,320614.71875,219295.296875,214469.0625
10,198519.625,183031.84375,196785.546875,182509.171875,199343.078125,174696.734375,181050.46875,173490.53125,176369.890625,167875.234375,220909.0625,210467.6875,218902.03125,200334.234375,248101.0,202302.015625,225112.203125,200215.875,250909.703125,196733.25,248067.015625,208024.28125,208944.84375,193035.421875,185866.953125,179999.453125,201824.546875,162086.015625,234006.953125,228103.046875,246759.125,228687.359375,205264.296875,207911.40625,209971.40625,200808.796875,264149.59375,245472.875,222473.203125,236157.8125,223825.078125,223602.796875,211132.984375,172737.59375,171606.4375,150754.9375,177677.015625,172219.25,173299.15625,158449.1875,203764.484375,215368.625,179548.265625,189974.5625,178535.46875,172703.9375,159665.203125,170175.46875,141949.21875,159250.828125,230874.84375,227253.921875,234631.953125,217491.765625,180298.125,174178.71875,162626.203125,154875.265625,208187.265625,186771.125,249769.234375,265025.46875,294956.4375,262641.21875,188084.328125,167181.65625,258850.734375,216430.546875,252794.8125,214324.75,166923.203125,173078.203125,201752.4375,177917.515625,193732.921875,196153.046875,234422.65625,201788.734375,178580.875,179465.296875,217510.578125,203364.90625,184340.375,150153.234375,198994.984375,185033.765625,205815.75,217972.03125,193805.625,169051.015625,105689.5078125,123412.4375,212707.40625,186275.859375,243902.21875,245837.53125,236412.46875,216816.15625,213660.1875,197186.765625,171176.40625,156563.015625,263773.34375,253766.4375,181152.46875,167006.296875,245582.34375,168895.03125,298489.6875,282528.875,237044.28125,238410.09375,249732.453125,229655.40625,183246.609375,175159.75,197188.15625,196073.265625,205622.140625,200191.390625,183236.578125,179863.515625,209720.140625,195287.390625,205742.5,209034.515625,209028.390625,208105.765625,205863.640625,203514.96875,200589.796875,193266.234375,234612.328125,226649.65625,230883.1875,245888.78125,185868.578125,175646.3125,195941.953125,182314.015625,240251.34375,243231.75,225170.265625,216547.9375,198914.984375,187355.828125,210743.0625,233219.0625,193384.28125,206045.78125,166241.84375,164109.671875,246304.1875,241937.1875,284154.28125,252580.75,285396.125,249640.140625,328850.3125,309662.3125,271251.65625,278284.5625,268263.8125,267397.1875,221016.546875,210423.453125,194786.9375,217467.78125,239737.4375,219067.421875,214013.3125,238375.796875,183731.4375,185384.109375,190970.328125,183914.921875,245239.8125,232307.265625,213274.796875,193078.125,245657.84375,241173.203125,221271.203125,229054.828125,249390.125,250259.03125,282246.25,266120.0625,211840.46875,204852.140625,224496.828125,209609.921875,170680.15625,186807.90625,188757.84375,203766.765625,218859.0625,198934.390625,224650.109375,218229.765625,177897.96875,170277.203125,210347.65625,182037.921875,214954.125,216830.15625,276713.375,277123.5,262055.3125,200413.640625,151307.3125,154721.625,165726.453125,181607.765625,132835.4375,144466.03125,342524.4375,293561.34375,140054.609375,155308.640625,238960.53125,232487.21875,182424.203125,200501.75,213941.078125,188594.546875,273689.5625,253827.71875,244156.1875,277058.53125,249794.21875,297739.71875,319392.03125,321454.4375,219140.703125,214640.90625
11,198446.0625,182987.65625,196562.6875,182368.890625,198509.359375,173700.90625,181146.84375,173525.625,176276.984375,167727.609375,221038.234375,210128.5,218317.703125,199924.765625,247596.0625,202156.640625,225039.125,199935.078125,250042.921875,196456.75,247614.0,207763.96875,208722.25,192438.953125,186200.3125,180280.578125,201616.078125,162171.09375,233653.765625,227564.53125,246247.953125,228265.640625,204487.0625,207579.140625,209783.890625,200193.078125,263641.34375,245305.796875,222131.390625,235713.265625,223579.0625,223769.1875,211528.546875,173299.390625,171717.34375,151127.671875,178208.921875,172721.5625,174184.46875,159465.796875,203603.453125,215507.421875,179253.140625,190000.171875,178528.78125,172634.1875,159729.984375,170061.515625,142071.8125,159218.140625,230867.296875,226680.078125,234567.1875,217133.71875,180484.515625,174069.28125,162752.59375,154715.546875,208256.46875,188376.734375,249227.09375,263850.125,295356.03125,262286.65625,188060.03125,166513.203125,259726.5625,216823.390625,253474.15625,214106.4375,166762.390625,173004.515625,201920.625,177317.34375,193899.734375,196010.609375,234304.578125,201557.375,178993.78125,178946.640625,217323.53125,202984.703125,184684.625,150044.453125,199285.65625,184312.28125,205881.53125,218012.109375,193841.34375,169133.25,105784.875,123250.4765625,212953.46875,186062.453125,244038.84375,246238.34375,236591.328125,216842.203125,214174.984375,197286.4375,171682.921875,156669.0,263824.375,253473.609375,181847.609375,167361.53125,245920.046875,168766.734375,300018.21875,282621.84375,236413.484375,238070.625,249325.015625,229361.890625,183629.984375,175367.28125,197445.21875,196379.90625,205712.015625,199937.546875,183478.9375,179946.0625,209835.734375,195629.390625,205880.546875,208940.890625,209787.671875,208432.578125,205792.453125,203502.625,200927.78125,193175.671875,234627.671875,226350.234375,230649.15625,245164.5,186189.171875,175889.59375,196004.65625,182406.9375,240152.1875,243447.109375,225329.9375,216839.65625,198818.796875,187409.765625,210594.03125,232776.515625,193309.90625,205802.15625,166440.0,164151.953125,246415.65625,241569.546875,284141.4375,252519.125,285238.46875,249253.1875,331151.15625,311462.09375,271355.40625,277796.78125,267868.0,267131.625,221173.875,210827.515625,194726.15625,217112.921875,239326.890625,218910.421875,213301.453125,238735.46875,183520.546875,185357.84375,190922.0,183737.109375,245043.890625,232263.5,213156.796875,191720.390625,245581.734375,241086.265625,220877.921875,228973.234375,249868.46875,250304.953125,282061.71875,266462.125,211852.109375,205127.140625,224491.640625,209272.890625,170575.8125,186160.765625,188526.65625,203315.1875,219083.4375,199087.40625,224817.921875,218391.265625,179160.328125,170680.359375,210257.515625,181696.3125,215515.9375,218346.640625,276785.09375,277177.1875,262263.5,200352.46875,151082.796875,154463.359375,166371.78125,182363.421875,132668.96875,144258.765625,342077.0,293042.8125,140048.0625,154956.734375,239519.65625,232234.15625,182261.578125,200734.578125,213257.609375,188292.4375,274018.8125,253738.671875,243454.796875,276434.625,249164.4375,297111.71875,318698.53125,321142.65625,219731.484375,214433.03125
12,198182.984375,182879.90625,196505.96875,182366.28125,198804.875,173726.359375,181188.484375,173809.53125,176020.171875,167502.609375,221154.234375,210242.328125,217993.53125,199690.21875,247740.65625,202197.359375,224823.609375,199688.375,249805.234375,196141.75,247802.59375,207754.46875,208926.375,192483.15625,186308.703125,180520.234375,201592.109375,161868.140625,233565.296875,227026.71875,245894.984375,228280.4375,204045.8125,207294.84375,209510.625,200126.203125,263525.96875,245290.53125,222084.390625,235350.953125,223132.265625,223359.15625,211681.328125,172831.96875,171491.5625,150707.8125,178096.8125,172497.25,174722.625,159512.453125,203312.96875,215016.609375,179003.78125,189885.3125,178173.671875,172378.6875,159340.609375,169695.140625,141486.28125,158871.1875,230925.703125,226508.078125,234549.46875,216777.140625,180249.421875,173688.109375,162222.0625,154083.484375,208551.75,189464.8125,248947.34375,263551.09375,295268.125,261712.984375,187849.859375,166225.6875,260318.28125,217072.921875,253906.78125,213689.390625,167165.6875,173069.640625,202783.578125,177202.9375,194221.6875,195891.28125,234367.578125,201366.296875,179930.453125,178654.328125,217879.984375,203268.625,184813.625,149604.375,200283.21875,183989.09375,206502.25,217885.75,194448.71875,168934.34375,106560.578125,123283.4375,213598.28125,186026.53125,244539.828125,246675.578125,237263.953125,217073.828125,214326.640625,197413.15625,173943.265625,156820.484375,264421.4375,253430.9375,183360.6875,168286.109375,245806.84375,168891.453125,301283.5625,282903.09375,236340.0,238065.578125,249498.625,229049.90625,183654.0,175293.28125,197321.515625,196217.921875,205522.25,199596.28125,183331.046875,179559.015625,209657.78125,195539.1875,205994.75,208916.859375,209779.296875,208186.21875,205639.046875,203101.390625,200835.078125,193208.875,234585.3125,226261.0,230653.21875,245067.21875,186336.84375,175812.90625,195872.609375,182137.8125,239806.359375,243337.28125,224918.5,216468.84375,198596.046875,187418.453125,210246.1875,232912.3125,193011.953125,205566.15625,166117.34375,163855.765625,246734.453125,241382.84375,284331.15625,251990.046875,285220.03125,249008.78125,332052.125,311829.59375,271716.3125,277727.0,267843.15625,266798.375,220780.15625,210727.296875,194940.421875,217289.8125,239313.921875,218742.921875,213555.640625,238784.84375,183565.265625,185147.734375,190781.984375,183508.921875,245029.171875,232032.859375,213854.390625,191740.625,245614.9375,241050.640625,221063.75,228862.453125,249868.265625,250422.6875,282124.71875,266575.625,212207.734375,205186.609375,224796.421875,209450.53125,170854.453125,185998.046875,189153.265625,203200.125,219484.421875,199417.375,224772.265625,218320.453125,178785.203125,171725.40625,210185.046875,181696.296875,216480.3125,219528.3125,277535.78125,277548.09375,262066.515625,199892.578125,151090.0,154226.03125,166697.15625,182252.6875,132474.296875,143815.859375,342021.71875,292748.40625,140224.015625,154835.640625,239692.84375,232308.59375,182157.65625,200738.484375,213544.421875,188250.984375,274515.21875,254255.09375,243870.03125,277411.46875,249989.25,297248.78125,318813.53125,320926.625,220295.734375,214598.9375
13,198230.8125,182700.0625,196499.96875,181940.328125,198986.203125,173759.328125,181403.390625,173810.25,176287.75,167788.015625,221103.765625,210326.28125,218133.734375,199738.625,248294.046875,202235.671875,225127.671875,199395.734375,250077.140625,196394.703125,248169.578125,207988.71875,209200.5,192457.5625,186406.515625,179958.828125,201549.046875,161991.375,234008.734375,226958.015625,246010.265625,228402.921875,204423.578125,207631.34375,209408.828125,200620.859375,264034.8125,245572.765625,222288.84375,235596.375,223248.484375,223331.1875,211079.0,172681.875,171299.125,150433.390625,177605.875,172071.0625,174083.75,158796.1875,203107.3125,214948.1875,179277.234375,189566.4375,178382.578125,172368.40625,159220.125,169803.8125,141355.40625,158903.21875,231148.28125,226880.15625,234920.4375,216460.921875,180286.640625,173919.90625,162322.84375,154248.78125,208393.140625,188403.296875,249461.125,264264.53125,295181.6875,261939.625,187824.5625,166829.59375,259772.640625,216800.078125,253523.296875,213652.25,167119.4375,173115.109375,202570.640625,177440.28125,194086.078125,196101.796875,234255.53125,201344.15625,179382.0625,178867.671875,218102.796875,203980.75,184455.1875,149408.609375,200022.046875,184051.015625,206554.6875,218020.34375,194463.703125,168816.546875,106541.640625,123294.6953125,213350.328125,186015.640625,244583.578125,246696.9375,237225.3125,217520.21875,213847.359375,197014.6875,173190.53125,156425.734375,263554.75,253196.859375,182976.59375,167707.609375,245682.703125,168653.15625,300119.34375,283790.625,236702.390625,238449.046875,249910.09375,229335.515625,183785.4375,175345.59375,197446.890625,196329.671875,205573.625,199887.390625,183385.375,179583.90625,209784.921875,195391.53125,206311.890625,209360.234375,209574.78125,207822.828125,205859.0625,203057.765625,200942.46875,193174.71875,234735.125,226637.984375,231237.234375,245372.03125,186369.03125,175941.234375,196218.8125,182263.703125,239811.09375,243206.8125,224637.5,216168.90625,198863.40625,187473.578125,210341.796875,233415.640625,193165.0625,205516.75,166039.03125,163851.46875,246847.921875,241601.21875,284597.125,252002.828125,285415.25,249252.5,330957.84375,310588.6875,271995.4375,278091.65625,268309.5,266869.15625,220496.484375,210501.515625,194985.90625,217602.75,239448.796875,218719.390625,214276.265625,238649.59375,184061.4375,185314.1875,190868.015625,183798.0,245289.546875,231980.0,214061.078125,192876.796875,245735.265625,241219.578125,221302.6875,229167.671875,249605.25,250575.296875,282223.4375,266364.28125,212594.109375,205264.296875,225124.625,210212.25,170861.046875,186327.46875,189418.28125,203348.921875,219825.703125,200172.171875,225169.265625,218407.75,177834.671875,171497.796875,210196.796875,182132.375,216305.828125,217833.078125,277510.8125,277526.28125,262293.9375,199933.140625,151494.96875,154350.921875,166472.34375,181974.25,132699.421875,143698.578125,342234.15625,293102.4375,140438.390625,155192.15625,239402.21875,232781.953125,182480.578125,200619.015625,214338.21875,188557.84375,274603.8125,254812.3125,244719.640625,278497.1875,250734.359375,297990.25,319552.3125,321577.5,219903.984375,214936.25
14,198192.921875,182594.453125,196536.9375,181386.734375,198715.734375,173498.578125,181747.484375,173607.46875,176745.890625,168194.609375,220733.765625,209853.4375,218036.609375,199711.078125,248282.53125,202002.796875,225660.78125,198798.171875,249938.359375,196422.84375,248063.4375,207925.640625,209239.46875,192305.796875,186470.984375,179125.328125,200949.140625,162295.0625,234444.328125,226753.015625,246101.90625,228076.15625,204869.890625,207935.640625,209438.5625,200513.375,264303.09375,245537.296875,222406.875,235571.390625,223410.671875,223254.84375,210815.1875,173383.625,171196.53125,150733.609375,177060.1875,171863.828125,173355.875,158580.703125,203054.6875,215331.59375,179704.859375,188853.40625,178933.25,172395.0625,159396.671875,169889.984375,141831.484375,159039.078125,231173.515625,226310.28125,235112.265625,215574.46875,180542.609375,174280.5625,162795.34375,154845.125,208438.265625,188113.765625,249653.953125,264231.375,294789.0625,262265.6875,187925.46875,166998.703125,259150.71875,216842.328125,252996.5,213923.734375,166847.65625,173372.8125,201601.5625,177409.0625,193961.5625,196381.53125,234037.578125,201282.78125,178919.90625,179286.046875,217946.8125,203938.28125,184537.015625,149742.28125,199270.578125,184524.96875,206585.0,218229.359375,194030.09375,169170.25,105904.25,123634.1328125,212966.984375,186251.59375,244231.734375,246165.859375,236949.296875,217636.484375,214153.0,196919.671875,170982.109375,156180.546875,262623.71875,253130.671875,182554.359375,166634.171875,245732.0,168544.203125,298401.0625,283050.6875,236850.6875,238304.671875,250088.15625,229370.765625,184169.90625,175632.546875,197648.265625,196645.859375,205832.765625,200100.203125,183701.140625,179934.390625,210196.265625,195464.9375,206727.9375,209728.984375,209735.1875,207801.234375,206117.984375,203062.984375,201240.375,192844.78125,234895.5625,226876.296875,231521.046875,245022.046875,186523.734375,176494.78125,196664.6875,182702.109375,240111.390625,243145.421875,224774.75,216359.375,199139.921875,187193.359375,210496.59375,233176.71875,193449.09375,205290.796875,166116.8125,164022.5,246254.421875,241346.953125,284448.59375,251843.453125,285311.78125,249312.953125,329420.15625,309694.75,271499.78125,277072.75,268338.0625,266824.96875,220506.921875,210450.390625,194739.375,217207.65625,239055.6875,218270.484375,213958.484375,238709.515625,183996.875,185254.71875,191037.140625,184102.65625,245126.9375,231719.0625,213309.828125,192388.5625,245864.09375,241370.390625,221192.90625,229449.0625,249715.75,250471.984375,282192.3125,266311.0625,212568.96875,205375.15625,225221.9375,210519.0,170593.53125,186490.953125,189006.125,203111.875,220107.234375,200915.25,225825.1875,218573.703125,177752.375,170662.25,210179.75,182255.046875,215481.140625,216556.484375,276552.8125,277187.0,262218.6875,199736.1875,151628.640625,154359.9375,166107.84375,181578.578125,133047.890625,143644.640625,341750.46875,292749.8125,140309.828125,155401.15625,239707.828125,232892.953125,182721.921875,200621.5,214303.53125,188538.328125,274583.875,254876.765625,244503.90625,277472.625,250009.25,297979.75,319545.625,321667.6875,219765.734375,214854.25
15,197891.609375,182702.3125,196749.828125,181585.328125,199104.125,174089.75,181719.515625,173498.546875,176682.890625,168080.90625,220411.359375,209564.59375,218143.234375,199953.28125,248183.6875,202031.375,225457.21875,198542.4375,250085.015625,196061.171875,247983.5,207588.078125,209193.5625,192705.640625,186010.0,179064.515625,200567.078125,162203.921875,234262.375,226539.125,246131.59375,227890.15625,204903.765625,207856.796875,209219.15625,200274.046875,264108.375,245211.78125,222588.875,235137.46875,223311.703125,223070.625,210882.234375,173535.109375,170870.15625,150739.859375,176770.796875,171914.65625,173502.734375,158779.1875,202934.34375,215494.09375,179782.28125,188627.375,178876.25,172347.875,159527.015625,169642.75,141851.03125,158953.09375,231062.5625,225676.046875,234718.765625,214969.546875,180528.625,174101.65625,162630.265625,154806.84375,209024.046875,188918.625,249308.796875,263702.65625,294722.71875,261986.125,187883.28125,166418.75,259741.515625,217198.828125,252978.203125,213989.296875,167141.59375,173605.328125,201584.71875,177488.953125,194205.953125,196206.859375,234087.09375,201254.3125,179774.71875,179447.578125,218148.609375,203059.140625,185068.21875,150162.1875,199785.265625,184996.71875,207042.25,217833.46875,194163.375,169410.546875,105951.1796875,123863.8515625,213428.34375,186521.71875,244191.59375,245580.5,237207.5625,217001.53125,215040.828125,197539.296875,171799.96875,156613.265625,263710.53125,253662.28125,182874.328125,166960.703125,246120.796875,168722.9375,299193.9375,282326.375,236875.75,237759.375,250024.90625,228935.046875,183933.734375,175546.15625,197156.25,196372.015625,205878.578125,199758.46875,183703.015625,179845.09375,210092.765625,195407.71875,206517.078125,209319.703125,209427.734375,207735.03125,205894.703125,202710.546875,200840.78125,192415.140625,234640.046875,226644.609375,231135.78125,244613.71875,186464.875,176691.90625,196412.8125,182664.5625,240233.625,243147.34375,224902.546875,216542.171875,199035.984375,186909.046875,210421.8125,232782.671875,193405.234375,205241.421875,166039.5,163940.4375,246156.765625,241206.71875,284068.5625,251325.625,285108.5625,248968.578125,330007.125,310557.40625,271512.875,276833.4375,268415.78125,266816.6875,220673.34375,210529.296875,194558.34375,216770.734375,238797.3125,217941.453125,213118.171875,239039.0,183365.484375,185007.515625,191110.859375,184027.03125,244710.71875,231545.953125,212973.390625,191265.828125,246271.890625,241540.09375,221203.640625,229203.359375,250218.34375,250307.140625,282436.03125,266741.78125,212380.71875,205124.109375,225302.5,209857.515625,170718.296875,186471.859375,189006.171875,202742.3125,219992.390625,200730.921875,225725.734375,218278.96875,178189.046875,170748.03125,210337.25,182059.046875,215095.09375,217902.078125,276265.46875,277271.84375,261840.046875,199446.5,151428.40625,154132.671875,166082.84375,181162.46875,133046.6875,143466.09375,341659.71875,292272.875,140098.046875,155048.015625,240271.078125,232410.296875,182565.78125,200446.78125,213941.46875,188016.0,274976.4375,254671.171875,244057.15625,275897.21875,249400.359375,297235.84375,319339.5,321106.6875,220174.9375,214291.5
16,197764.828125,182769.171875,196870.015625,182064.015625,199857.375,174722.40625,181354.546875,173494.765625,176482.859375,167928.3125,220705.015625,209948.828125,218846.859375,200472.3125,248710.671875,202321.34375,224832.265625,198881.84375,250950.21875,196180.96875,248247.671875,207637.21875,209137.34375,192816.375,185521.59375,179481.546875,201176.890625,162089.265625,233689.5,226733.515625,246264.09375,228412.484375,204797.859375,208067.734375,209155.5,200961.109375,264100.375,245258.453125,222897.953125,235262.65625,223507.328125,223504.109375,210828.296875,173118.390625,170594.21875,150463.5,177160.90625,172237.28125,174097.75,159069.828125,202983.390625,215563.3125,179556.46875,189199.0,178481.4375,172358.75,159532.34375,169551.390625,141504.03125,158855.8125,231216.15625,226466.40625,234474.53125,215472.28125,180357.296875,173906.171875,162347.21875,154497.109375,209086.8125,188808.765625,249680.765625,264051.0625,295624.03125,261987.265625,188085.046875,166444.625,260349.453125,216877.15625,253427.5,213865.9375,167459.5,173342.765625,202066.046875,177780.015625,194495.09375,195833.625,234205.921875,201528.0,179923.390625,179292.8125,218129.25,202791.109375,184798.234375,150131.109375,200323.171875,184757.015625,206920.484375,217325.390625,194413.0,169035.484375,106237.203125,123415.9140625,213567.8125,186208.203125,244029.21875,245616.796875,237048.46875,216428.046875,214991.890625,197738.8125,173507.984375,156737.71875,264630.71875,253812.96875,182802.390625,168097.453125,246500.15625,168530.296875,300936.1875,282632.78125,237058.4375,237994.796875,250020.578125,228969.0,183345.34375,175066.65625,196486.0,195791.53125,205557.734375,199500.703125,183501.640625,179558.109375,209526.359375,195241.1875,205774.71875,208603.78125,208750.25,207500.9375,205596.609375,202627.84375,200267.34375,192240.15625,234330.09375,226424.265625,230916.828125,245030.265625,186235.640625,176490.015625,195969.5,182306.359375,240000.5,243000.765625,224816.921875,216453.21875,198926.328125,187026.65625,210461.921875,233044.53125,193258.453125,205487.390625,166062.234375,163728.34375,246897.796875,241774.75,284125.0,251348.453125,285417.09375,248798.4375,331749.46875,310983.6875,272290.34375,278432.6875,269006.96875,267277.0,220960.59375,210827.71875,194810.765625,217180.703125,239521.34375,218629.3125,213445.171875,239143.21875,183677.84375,185507.65625,191148.5,184056.171875,244931.46875,232085.765625,213478.84375,192224.609375,246622.140625,241737.0,221178.546875,228868.34375,250417.4375,250488.0,282540.65625,266874.84375,212056.03125,204557.90625,225171.71875,209178.3125,170742.46875,186348.796875,189204.9375,203055.515625,219184.90625,199640.921875,224766.53125,217583.5625,178790.765625,171413.890625,210825.109375,182099.640625,215516.5,219268.375,277049.46875,277456.1875,261974.5625,199862.953125,151409.34375,154190.390625,166428.703125,181355.359375,133001.921875,143710.4375,342724.71875,293018.21875,140154.234375,154767.203125,240394.046875,232396.15625,182489.59375,200302.09375,214136.859375,187872.53125,275650.875,254975.890625,244549.09375,276649.875,250576.171875,297377.75,319884.71875,321370.3125,220302.359375,214239.46875
17,198039.75,182700.6875,196673.109375,182057.984375,199752.203125,174244.546875,181264.1875,173561.53125,176547.296875,168042.140625,221262.9375,210258.296875,218895.90625,200203.0625,249055.140625,202256.765625,224874.265625,199080.09375,251013.25,196499.3125,248387.140625,207837.171875,209134.359375,192200.5,185823.109375,179684.578125,201738.28125,162184.515625,233589.90625,226889.625,246494.078125,228723.203125,204924.75,208270.140625,209724.09375,201537.546875,264299.0625,245467.046875,223042.234375,235757.609375,223643.953125,223892.34375,211044.34375,173164.921875,170706.546875,150410.5,177461.734375,172292.78125,174184.953125,159225.8125,203489.59375,215661.84375,179514.390625,189457.40625,178482.765625,172255.546875,159453.296875,169679.53125,141577.34375,158844.625,231448.90625,227280.78125,234797.390625,216105.171875,180342.9375,174107.03125,162551.265625,154599.359375,208527.53125,188265.9375,250355.140625,264572.59375,296022.3125,262446.6875,188556.140625,167040.546875,259921.5625,216354.0,253643.625,214142.125,167253.890625,172997.328125,201786.0,177803.34375,194480.03125,195851.84375,234211.390625,201723.359375,178848.15625,179382.609375,217582.0625,203458.40625,184211.578125,150088.890625,199493.53125,184312.953125,206287.46875,217566.90625,194178.234375,168961.078125,105886.9296875,123245.0859375,212989.859375,185885.0,243567.21875,245979.296875,236204.984375,216658.953125,214486.421875,197318.671875,172905.53125,156405.140625,263884.875,253305.28125,182679.5,168434.734375,246156.671875,168373.0,300724.28125,282148.375,237127.3125,238626.625,249928.140625,229464.84375,183356.765625,174900.078125,196614.78125,195831.59375,205167.78125,199535.015625,183502.0625,179598.703125,209253.46875,195247.53125,205731.734375,208514.125,208913.265625,207724.984375,205777.28125,203026.71875,200710.984375,192586.421875,234497.25,226642.296875,231175.15625,245583.734375,186173.859375,176411.796875,195945.953125,182171.453125,239813.09375,242795.21875,224863.421875,216439.046875,199033.546875,187061.578125,210669.796875,233100.8125,193281.203125,205469.859375,166236.6875,163804.5625,246945.265625,242018.109375,284373.5,251684.15625,285648.75,248849.703125,331520.375,309524.28125,272016.9375,278637.3125,268937.59375,267325.125,221155.640625,211097.765625,195164.8125,217477.734375,240058.4375,219331.875,214570.171875,238783.890625,184583.0,186051.25,191230.125,184290.5625,245320.6875,232520.484375,213845.546875,193695.140625,246451.734375,241816.625,220812.859375,228972.453125,250045.53125,250704.5625,282179.4375,266333.65625,211515.796875,204420.1875,224544.671875,209211.34375,170248.15625,186267.421875,188946.65625,203728.1875,218623.859375,198932.453125,224245.9375,217351.59375,178924.546875,171383.390625,210843.265625,182351.859375,216116.0625,218579.1875,277528.1875,277080.375,262026.578125,200319.0,151515.015625,154521.8125,166510.453125,181719.0625,133060.171875,144211.265625,342869.65625,293459.21875,140274.78125,154998.75,240157.703125,233166.71875,182795.046875,200528.859375,214519.984375,188541.59375,275648.5625,255249.296875,245125.46875,278364.875,251689.96875,298165.875,320209.53125,322055.78125,220038.90625,214968.546875
18,198375.3125,182646.8125,196548.28125,181952.84375,199511.53125,173910.515625,181392.359375,173562.71875,176468.046875,167858.859375,221349.765625,210159.96875,218188.484375,199466.6875,248910.1875,202110.828125,225464.265625,198947.5625,250422.078125,196139.90625,248541.03125,207622.390625,209541.625,192303.515625,186412.140625,179778.46875,201818.34375,162111.921875,234131.0625,226693.25,246706.765625,228463.890625,205078.71875,207957.609375,210067.328125,201163.921875,264264.8125,245351.1875,222726.46875,235775.5,223221.0625,223392.03125,211059.578125,173227.875,170800.15625,150331.609375,177266.28125,171913.28125,173833.296875,158946.96875,203740.90625,215449.28125,179643.0,189005.75,178610.78125,172055.546875,159321.75,169623.71875,141614.578125,158906.921875,231228.25,226862.40625,235073.5625,215830.640625,180222.1875,174125.953125,162579.359375,154734.203125,208472.609375,188477.53125,249870.84375,264066.9375,295109.28125,262175.46875,188562.0,166802.546875,259592.796875,216570.546875,253155.265625,214432.765625,167119.390625,172904.046875,201439.703125,177728.046875,194142.90625,195944.765625,234371.984375,201396.40625,178768.46875,179673.5625,217420.609375,203639.140625,184395.828125,150462.34375,199053.234375,184290.03125,206281.109375,218034.796875,193975.109375,169539.703125,105689.5,123655.6953125,212907.765625,186125.640625,243624.96875,245891.265625,236064.078125,216832.734375,214429.84375,197167.6875,172085.765625,156567.53125,263504.96875,253072.5625,182606.8125,167683.453125,246120.53125,168547.828125,299943.125,281905.28125,236938.109375,238382.0,249537.203125,229340.703125,183487.265625,175111.328125,196957.375,196110.484375,205145.390625,199556.84375,183362.0625,179554.09375,209367.265625,195316.65625,206509.96875,208819.109375,209573.90625,208176.515625,206116.296875,203172.046875,201463.34375,193063.015625,234776.34375,226710.5,231027.28125,245206.8125,186071.0625,176327.34375,195858.046875,182063.0,239792.75,242654.515625,225084.390625,216493.171875,199055.390625,186779.515625,210552.765625,232543.9375,193436.78125,205229.59375,166110.03125,163915.671875,246206.34375,241902.609375,284170.125,251311.734375,285189.0625,248702.0625,330345.4375,309027.125,270976.0,277675.65625,268025.125,266506.75,221044.953125,210989.375,194989.078125,216977.359375,239351.109375,219009.6875,214476.75,238331.46875,184392.515625,185410.46875,191225.375,184193.859375,244889.765625,232035.3125,213710.6875,192937.71875,246020.40625,241629.875,220966.8125,229321.265625,249418.984375,250493.125,281872.78125,265763.25,211540.515625,205078.84375,224270.984375,209432.6875,170441.0,186714.921875,188940.5625,203778.296875,219165.15625,199242.578125,224657.5625,217780.1875,178538.6875,171064.671875,210632.796875,182473.625,216122.0625,217540.453125,277058.53125,276677.1875,261501.0625,200225.59375,151243.1875,154531.03125,166287.0,181725.4375,132818.328125,144076.03125,341845.1875,292847.71875,140131.828125,155110.421875,239651.5,233313.21875,182957.984375,200960.234375,214565.03125,188824.75,274837.0,254749.734375,244967.78125,278097.125,250849.640625,297905.9375,319828.90625,321937.625,220446.40625,215187.171875
19,198214.8125,182612.34375,196744.8125,182195.53125,200326.328125,174717.578125,181393.09375,173534.890625,176184.328125,167522.5625,221103.15625,210173.359375,218077.390625,199592.328125,249062.5,202289.25,225718.625,198846.53125,250724.203125,195554.15625,248802.765625,207271.9375,210051.234375,193087.6875,186398.9375,179700.953125,201961.921875,161793.34375,234351.0625,226419.703125,246553.8125,228178.53125,204938.90625,207589.9375,209781.5,200821.578125,264072.96875,245200.0,222195.84375,235161.53125,222908.296875,222859.8125,210595.515625,172901.625,170766.25,150281.375,177422.03125,171833.328125,173866.859375,158845.375,203341.703125,215079.296875,179565.0,188575.140625,178473.984375,171933.578125,159220.828125,169371.375,141298.265625,158935.671875,230632.734375,226123.515625,234806.484375,215083.734375,179904.6875,173725.8125,162178.984375,154576.59375,208751.625,188793.609375,249070.125,263384.375,294521.75,261590.734375,188313.078125,165981.671875,259839.25,216903.875,252892.171875,214197.984375,167354.5,172842.484375,201642.046875,177708.953125,194019.265625,195733.625,234738.140625,201035.328125,179898.21875,179788.890625,217908.515625,203468.296875,184661.609375,150689.5,199926.484375,184642.0,206590.640625,218041.828125,194083.15625,169831.984375,106123.9453125,123966.65625,213371.28125,186388.625,244014.03125,245770.78125,236740.59375,216668.15625,214492.28125,197388.1875,172652.21875,157184.046875,264185.125,253266.71875,182402.859375,167238.578125,246567.09375,168428.546875,300296.5625,282517.4375,236718.234375,237740.875,249348.078125,228416.546875,183301.71875,175133.9375,196819.125,195952.65625,205378.0,199516.078125,183026.703125,179280.8125,209562.78125,195259.5625,206680.328125,208796.140625,209535.421875,207981.015625,206003.3125,202777.578125,201229.015625,192718.484375,234686.09375,226103.046875,230461.15625,244308.703125,185982.171875,176245.90625,195574.46875,181923.3125,239628.734375,242558.3125,225052.671875,216379.65625,198796.9375,186478.0625,210238.328125,232195.0,193403.40625,205062.28125,165706.09375,163734.375,246087.421875,241785.234375,283932.3125,250663.59375,284878.875,248612.90625,330590.6875,310262.875,271002.25,277677.8125,267859.0625,266140.75,220805.125,210803.9375,194696.046875,216790.1875,238723.390625,218516.265625,213551.1875,238406.9375,183583.9375,184588.4375,190965.109375,183804.4375,244380.34375,231563.921875,213800.71875,192167.5625,245622.703125,241192.921875,221509.015625,229318.546875,249185.03125,250132.5,281742.46875,265650.21875,212035.5,205546.046875,224711.59375,209455.359375,171169.265625,187190.34375,189307.734375,203701.0625,219572.4375,199571.921875,224811.90625,218001.125,178537.03125,171286.34375,210929.9375,182397.109375,216049.765625,218212.46875,276733.6875,276801.53125,261312.1875,199996.234375,150951.140625,154337.109375,166371.125,181681.765625,132473.6875,143598.21875,342028.5,292829.25,139882.34375,154946.59375,239151.09375,232576.8125,182643.9375,200807.03125,214139.828125,188036.328125,274346.46875,254345.234375,244400.390625,276935.28125,249799.75,297404.0,319713.125,321516.34375,220662.640625,214524.03125
20,197724.5625,182670.21875,197031.578125,182677.203125,201173.875,175710.515625,181424.984375,173674.328125,175993.828125,167419.625,220960.875,210399.9375,218523.03125,200351.96875,249427.96875,202426.71875,225467.84375,199038.265625,251429.4375,195546.875,248692.0625,207284.03125,210024.765625,193444.421875,185987.140625,179402.171875,201668.984375,161459.625,233998.890625,226465.765625,246284.359375,228052.078125,204762.09375,207393.75,209696.828125,200928.328125,263915.90625,245171.6875,222058.109375,234272.53125,223096.46875,222896.375,210709.4375,172426.40625,170852.21875,150401.203125,177671.953125,172133.90625,174080.828125,159117.984375,203156.859375,214662.671875,179383.890625,188737.921875,178237.40625,171805.609375,159269.578125,169303.046875,141080.578125,158861.484375,230292.296875,225832.078125,234377.671875,214830.0,179868.3125,173599.65625,161918.765625,154409.0,208625.1875,188742.90625,249142.875,263355.875,294700.78125,261571.5,188293.046875,165865.015625,259871.21875,216581.59375,253378.125,213891.375,167618.3125,172987.625,201879.984375,177464.03125,194460.96875,195611.609375,234890.03125,201183.8125,180863.03125,179792.71875,218392.390625,203728.140625,184726.765625,150314.1875,200800.890625,185105.046875,206750.953125,217781.171875,194373.171875,169559.40625,106599.4296875,124089.90625,213828.8125,186458.953125,244066.65625,245981.296875,237280.640625,216716.265625,214625.84375,197611.109375,173455.234375,157477.015625,264735.25,253630.9375,182644.6875,167699.453125,246178.25,168172.03125,300396.9375,282083.3125,236595.171875,237662.34375,249595.578125,227894.515625,183212.453125,174784.984375,196659.65625,195835.578125,205377.09375,199300.15625,182979.515625,179203.734375,209681.46875,195080.515625,206000.875,208658.390625,208925.03125,207610.0625,205612.375,202301.4375,200409.3125,191944.765625,234484.46875,225750.25,230516.625,244091.796875,186170.828125,176360.71875,195525.703125,182023.5,239679.6875,242779.96875,224941.421875,216496.40625,198570.453125,186469.171875,210252.25,232353.890625,193071.390625,204956.8125,165677.78125,163698.71875,246469.6875,240994.171875,283953.96875,250685.21875,285085.59375,248802.859375,330940.8125,310508.15625,271518.625,277195.0,268337.9375,266748.46875,220809.84375,210833.921875,194852.0,217232.296875,239177.921875,218559.515625,213565.328125,238845.5625,183437.84375,184788.859375,190729.203125,183691.890625,244715.140625,231734.484375,214186.8125,193008.28125,245385.75,240925.53125,221558.765625,229019.28125,249699.171875,249905.625,281821.21875,265894.40625,212052.171875,205071.453125,224959.75,209384.09375,171196.078125,187102.953125,189395.59375,203950.6875,218898.5625,199256.90625,224335.0625,217683.484375,178524.375,171412.078125,210919.09375,182302.75,216256.390625,219474.78125,277100.09375,277077.375,261537.65625,199635.53125,151259.53125,154433.859375,166539.140625,181545.875,132539.875,143573.921875,342842.09375,293268.0,140026.890625,155016.421875,238913.046875,232073.9375,182445.8125,199781.453125,213603.421875,187640.375,274459.46875,254363.640625,243881.8125,276935.46875,249833.078125,297793.15625,319831.21875,321286.53125,219416.84375,214062.328125
21,197643.6875,182777.46875,197183.859375,182932.0,201141.59375,175841.78125,181474.5625,173594.828125,175849.5,167197.75,220994.921875,210484.09375,218805.734375,200871.46875,249637.640625,202310.53125,225264.65625,199358.984375,251603.96875,195942.8125,248541.15625,207576.296875,209715.21875,193419.125,185760.140625,179134.859375,200966.859375,161303.828125,233977.875,226714.609375,246499.578125,228089.75,204932.15625,207316.9375,209992.609375,201043.859375,264016.90625,245053.296875,222292.1875,233852.3125,223358.09375,223001.1875,211218.765625,171856.0,170874.421875,150246.890625,177327.953125,172240.421875,173914.890625,158970.640625,203443.078125,214154.421875,179330.96875,189201.640625,178131.859375,171641.4375,159301.015625,169273.78125,140880.09375,158816.53125,230577.875,225837.078125,234362.046875,215095.28125,180095.6875,173841.09375,161859.609375,154292.609375,208555.34375,188720.921875,249407.453125,263520.875,294606.15625,261452.546875,188187.984375,166285.015625,259565.8125,216125.671875,253551.671875,213596.8125,167741.25,173267.03125,202023.78125,177351.5,194934.46875,195761.671875,234643.15625,201332.359375,181227.15625,179652.375,218504.390625,203633.125,184973.0625,149748.890625,201131.34375,185225.265625,207080.0,217593.625,194784.0,169122.640625,106821.125,123988.15625,214066.515625,186445.328125,243919.796875,245721.09375,237357.796875,216688.5,214728.40625,197665.625,173935.921875,157326.71875,264774.5625,253866.0625,183086.484375,168124.390625,246039.328125,168461.109375,299597.1875,281262.5,236616.59375,237855.5,249732.921875,228286.703125,183182.203125,174327.0,196738.015625,195794.21875,205206.40625,198837.0,183073.484375,179036.984375,209613.09375,194802.421875,205777.359375,208665.921875,208641.109375,207552.828125,205515.640625,201990.15625,200216.078125,191888.75,234596.875,226297.75,231029.84375,244609.640625,186317.125,176312.84375,195728.25,182144.9375,239925.171875,242979.453125,225018.703125,216785.375,198579.078125,186673.265625,210320.796875,232776.421875,192793.703125,204815.890625,165850.625,163722.734375,246400.53125,240449.0,283917.40625,250957.09375,285264.90625,248878.984375,330360.625,309800.03125,271291.5,276386.375,268215.625,267095.15625,220921.359375,210834.953125,195109.84375,217508.640625,239951.5625,218812.796875,214058.046875,238618.5625,183898.015625,185372.1875,190967.015625,184040.65625,245271.8125,231994.265625,214059.125,193279.25,245382.984375,240944.328125,221488.78125,228931.421875,249941.5625,249694.0,282039.25,265936.09375,211857.875,204574.203125,224841.265625,209305.0625,171055.984375,186946.1875,189433.34375,203811.296875,218474.546875,198910.4375,224081.828125,217321.484375,178107.46875,171467.71875,210451.890625,182195.578125,216343.390625,219341.890625,277394.21875,277057.75,261340.796875,199210.578125,151630.75,154495.484375,166228.28125,181125.078125,132733.046875,143650.078125,342516.9375,293034.9375,140302.328125,155094.140625,239395.703125,232125.125,182625.90625,199466.734375,213550.609375,188350.015625,274819.4375,254739.171875,243951.5625,277484.5625,250149.1875,297919.34375,319664.875,320969.1875,219056.09375,214363.75
22,197937.578125,182766.15625,197128.28125,182710.765625,200758.8125,175211.015625,181443.890625,173212.203125,175805.984375,166979.71875,221034.21875,210254.21875,218963.234375,200867.3125,249609.15625,202087.09375,225428.515625,199296.171875,251508.328125,196216.421875,248593.421875,207468.03125,209497.046875,192976.421875,185738.265625,178904.015625,200893.15625,161508.859375,234264.65625,226739.0625,246887.140625,227928.953125,205231.609375,207344.34375,210094.671875,200945.578125,264352.6875,244939.921875,222240.953125,234267.765625,223534.3125,223229.796875,211135.25,171977.28125,171000.046875,150162.96875,177172.59375,172204.171875,173633.03125,158553.28125,203522.71875,214161.625,179485.640625,189354.453125,178348.0,171714.765625,159249.5,169196.875,140939.0625,158857.734375,230956.421875,225903.546875,234648.265625,215458.21875,180295.234375,173844.765625,161945.1875,154249.09375,208731.28125,188427.703125,249247.265625,263738.4375,294545.0625,261261.15625,188077.875,166338.890625,259353.484375,216358.328125,253014.765625,213535.6875,167503.65625,173073.453125,201872.5625,177783.28125,194890.09375,195990.4375,234271.6875,201073.109375,180449.03125,179512.875,218350.9375,203418.34375,184970.890625,149781.96875,200591.828125,185048.171875,207198.75,218004.4375,194855.546875,168906.78125,106473.546875,123764.109375,213766.21875,186305.21875,243819.5625,245304.421875,236960.15625,216848.40625,214641.859375,197546.9375,173384.265625,156961.703125,264279.28125,253584.5625,182870.203125,167885.640625,246710.78125,168932.34375,298892.59375,282350.96875,236701.921875,237851.96875,249478.4375,228644.53125,183219.125,174356.09375,196999.390625,195642.578125,205391.765625,198761.046875,183161.84375,178806.140625,209586.640625,194659.609375,206337.921875,208622.90625,208923.6875,207436.875,205740.140625,201997.609375,200811.703125,192146.6875,234867.375,226709.59375,231101.109375,244906.8125,186219.140625,176067.984375,196017.953125,182130.4375,239878.96875,242877.265625,225060.171875,216707.09375,198744.8125,186789.296875,210315.046875,233128.1875,192926.546875,204896.34375,165779.578125,163536.609375,246181.578125,241133.78125,284006.25,251297.75,285298.90625,248860.40625,330516.15625,309938.375,271098.09375,277136.78125,268065.71875,266783.21875,220794.171875,210728.828125,195068.8125,217542.703125,240260.828125,218895.328125,214056.859375,238056.578125,184206.296875,185504.40625,191342.578125,184303.46875,245561.765625,232187.90625,213585.203125,193044.96875,245549.859375,241003.828125,221397.578125,229076.234375,249492.828125,249705.484375,281958.125,265819.59375,212016.53125,204992.15625,224855.953125,209684.921875,171202.171875,186955.015625,189542.1875,203581.6875,218910.5,199110.140625,224467.21875,217501.046875,178152.765625,171542.953125,210396.75,182031.859375,216248.5625,217868.265625,277299.375,276742.1875,261256.59375,199512.96875,151478.796875,154291.0,165772.3125,181041.609375,132677.90625,143578.40625,342066.78125,292753.90625,140083.453125,154961.125,239934.265625,232385.984375,182628.34375,200011.59375,213784.046875,188680.625,274818.75,255023.296875,244371.84375,277292.34375,250141.1875,297415.5625,319593.21875,321129.40625,219594.09375,214647.25
23,197964.890625,182690.765625,197102.125,182538.078125,200243.265625,174633.890625,181566.90625,173272.625,175925.71875,167151.21875,220884.453125,209925.734375,218956.96875,200505.0,248988.953125,201875.421875,225610.1875,199032.828125,251361.125,196179.515625,248242.453125,206788.796875,209392.21875,192431.265625,185914.15625,178910.984375,201342.6875,161931.375,234118.90625,226671.625,246749.515625,227392.390625,205042.015625,207225.390625,209779.09375,200511.515625,264143.71875,244800.8125,221684.6875,234702.078125,223692.65625,223588.65625,210972.984375,172828.9375,171441.15625,150743.171875,177839.703125,172396.0625,173615.390625,158735.8125,203264.53125,214637.4375,179686.34375,189192.265625,178673.09375,172095.296875,159409.5,169526.375,141606.515625,158962.953125,230593.78125,225827.984375,234808.65625,215803.421875,180469.328125,173747.390625,162284.71875,154454.9375,208601.59375,188284.5,248796.984375,263704.375,294544.375,261346.890625,188103.671875,165976.09375,259431.59375,217095.875,252647.171875,214099.265625,166954.6875,172691.625,201337.3125,178036.84375,194578.09375,196165.703125,233952.34375,200960.25,179070.015625,179560.1875,218164.234375,203724.75,184891.265625,150270.0625,199354.921875,184924.625,207053.53125,218862.0625,194366.328125,169046.234375,105690.96875,123746.4765625,213420.796875,186313.390625,243930.359375,245754.234375,236751.390625,217459.71875,214844.21875,197456.421875,171922.671875,156556.296875,263649.6875,253212.921875,182405.3125,167152.578125,246588.421875,168806.34375,298927.1875,283726.59375,236550.28125,237618.453125,249080.0625,228397.296875,183648.34375,175220.796875,197408.78125,196031.546875,205925.765625,199466.875,183492.84375,179340.9375,209930.640625,194919.828125,206886.03125,208760.796875,209335.578125,207625.875,205993.640625,202381.140625,201168.234375,192047.6875,234979.546875,226328.703125,230749.71875,244499.8125,186211.671875,176219.1875,196210.34375,182279.25,240075.90625,243194.34375,225231.921875,216757.171875,198971.09375,186954.953125,210438.546875,232905.40625,193434.609375,205529.84375,165892.28125,163675.109375,245994.1875,241404.421875,284130.6875,251838.8125,284867.9375,248825.421875,331331.65625,310760.625,271197.03125,277458.21875,268193.375,266453.125,220787.34375,210825.65625,194776.15625,217399.484375,239862.3125,218588.484375,213731.875,238521.71875,183819.15625,185133.234375,191335.5625,184107.453125,245574.796875,232148.359375,213321.8125,192900.796875,245691.125,241130.28125,221113.625,229283.203125,249577.25,250127.625,281897.9375,266120.125,212292.828125,205845.796875,225122.890625,210392.40625,171222.0625,186951.15625,189502.265625,203692.6875,219364.5,199730.578125,225179.0,218317.96875,178691.859375,170987.09375,210756.359375,182102.3125,215882.53125,216914.921875,276846.78125,276592.9375,261869.84375,200214.421875,151245.046875,154280.71875,165907.09375,181692.421875,132553.1875,143723.265625,342085.46875,292848.25,139834.890625,154985.0,239471.984375,232430.4375,182563.109375,200157.625,214039.109375,188349.15625,274393.125,254373.90625,244343.34375,276237.625,249419.3125,297047.375,319495.125,321658.09375,219115.546875,214286.65625
24,197633.4375,182637.96875,197367.8125,182748.375,200256.6875,174837.421875,181681.28125,173643.171875,175902.90625,167207.359375,220752.03125,209862.90625,218768.609375,200412.015625,248474.5,201848.0,225349.265625,199109.125,251380.75,196065.3125,247868.046875,206551.4375,209531.53125,192747.859375,186119.484375,179224.71875,201622.9375,162003.765625,233677.734375,226691.53125,246199.0,227297.125,204517.234375,207054.9375,209203.171875,200245.5,263510.59375,244624.484375,221279.203125,234456.34375,223761.109375,223629.046875,211057.1875,172823.546875,171588.890625,151139.328125,178577.65625,172762.015625,173886.71875,159276.90625,202933.359375,214671.421875,179571.578125,189057.703125,178547.515625,172239.515625,159622.109375,169886.53125,141807.890625,158983.515625,229976.15625,225720.625,234614.28125,215872.671875,180524.265625,173876.984375,162410.890625,154631.640625,208375.484375,188794.125,248480.390625,263269.40625,294057.4375,261118.296875,187872.0625,165775.46875,259227.453125,217142.890625,252640.65625,214245.625,166898.953125,172731.703125,201265.078125,177665.203125,194512.328125,196178.859375,233883.734375,201212.5,179246.9375,179521.546875,218338.625,203740.125,185064.515625,150186.4375,199420.21875,184887.78125,207315.53125,219074.125,194088.59375,168989.28125,105755.7265625,123786.2890625,213523.125,186371.875,244420.375,246466.671875,237427.65625,217499.421875,214806.234375,197484.1875,171857.4375,156601.40625,263768.125,252985.828125,182291.140625,166920.921875,245818.59375,168187.796875,300037.1875,282883.71875,236230.71875,237499.0,248933.4375,228095.0,183902.484375,175843.0,197468.9375,196521.453125,206137.703125,199987.125,183702.3125,180017.953125,210295.625,195158.765625,206882.65625,209014.5,209283.75,207917.796875,206014.5,202509.234375,200612.453125,191910.578125,235013.546875,225861.046875,230574.578125,244018.828125,186332.171875,176512.09375,196119.40625,182487.078125,240604.25,243804.96875,225603.8125,217240.1875,198939.203125,187150.28125,210473.21875,232537.359375,193705.953125,206135.375,166093.484375,163932.671875,245774.46875,240771.171875,283909.3125,251627.3125,284059.53125,248649.4375,331015.96875,310996.28125,271022.84375,276553.34375,267956.5,266399.21875,221133.828125,211090.328125,194601.6875,217060.90625,239227.09375,218149.015625,213353.125,239548.71875,183118.25,184644.09375,191220.71875,183897.25,245081.28125,231707.40625,213204.359375,192183.0625,245751.625,241372.421875,221223.34375,229430.046875,250272.546875,250580.765625,282475.09375,266632.0,212435.15625,206059.40625,225639.984375,210384.921875,171286.71875,186916.953125,189721.0,203700.03125,219475.5,199975.578125,225415.8125,218736.3125,178591.375,170693.109375,211004.859375,182290.734375,215255.953125,218007.328125,276182.5,276913.1875,262109.109375,199976.71875,151337.046875,154377.640625,166432.8125,181973.296875,132514.359375,143713.296875,341766.78125,292637.6875,140112.578125,155107.125,239544.703125,232092.8125,182903.125,200463.96875,214440.828125,188459.921875,274853.375,254084.546875,244248.421875,275676.25,248859.0,296942.75,319165.40625,321207.4375,219644.859375,214019.140625
25,197504.1875,182661.03125,197563.796875,182820.78125,201227.046875,175491.953125,181434.1875,173649.078125,175815.75,166988.515625,220898.96875,210084.34375,218656.171875,200598.59375,248862.671875,201994.875,224863.046875,199334.09375,251610.328125,196118.75,248125.890625,207226.21875,209674.28125,193438.921875,185926.953125,179492.75,201546.421875,161657.40625,233481.78125,226677.171875,246007.0625,228076.71875,204562.234375,207325.15625,208943.78125,200645.703125,263682.34375,244840.03125,221590.265625,234395.46875,223775.59375,223715.875,210945.1875,172048.546875,171331.6875,150694.28125,178442.65625,172847.28125,174144.34375,159266.015625,202954.265625,214366.75,179308.140625,189081.671875,178175.328125,171985.703125,159508.59375,169638.0625,141091.75,158685.0625,230202.796875,225997.875,234327.171875,215698.359375,180466.8125,173936.890625,162144.640625,154482.375,208361.34375,188580.984375,248879.703125,263434.1875,294133.09375,260857.78125,187632.453125,166163.296875,258442.515625,216155.4375,252728.859375,213556.125,167555.859375,172902.828125,201871.65625,177351.46875,194667.734375,196075.515625,234294.828125,201390.78125,180797.53125,179238.078125,218826.0625,203612.296875,184920.28125,149511.234375,200922.25,184825.703125,207749.625,218590.21875,194500.796875,168672.90625,106786.2734375,123713.84375,213570.453125,186028.5,244832.015625,246449.671875,238046.9375,217006.484375,213999.53125,197404.140625,173362.265625,156913.015625,264232.25,252462.6875,182294.015625,167788.921875,245422.59375,167807.546875,301206.4375,281424.25,236280.328125,237930.0,249274.875,228347.609375,183384.21875,175216.5,196987.734375,196107.421875,205829.09375,199607.53125,183421.296875,179626.328125,210110.359375,194991.828125,206327.828125,208802.859375,208768.21875,207470.359375,205788.640625,202320.65625,199923.390625,191924.140625,234994.296875,225861.3125,230863.40625,244267.8125,186195.296875,176187.078125,195913.375,182355.703125,240575.03125,243698.421875,225518.609375,217243.5,198632.65625,187049.71875,210564.8125,232947.1875,193416.671875,206051.796875,165865.140625,163677.140625,246171.546875,240859.84375,283849.5,250847.8125,284230.9375,248751.28125,329966.5,309871.375,271154.5,277098.84375,267924.9375,266628.375,221249.765625,211083.0,194897.953125,217106.6875,239234.5,218235.046875,213633.421875,239506.71875,183115.96875,184720.34375,191328.5625,183993.359375,244749.65625,231663.1875,213562.3125,192620.90625,245933.0625,241535.140625,221559.890625,229310.109375,250339.78125,250564.203125,283025.0625,266750.03125,212439.046875,205384.21875,226005.109375,209822.640625,171324.0625,186765.1875,190168.734375,203885.125,219053.375,199370.53125,224918.875,218134.828125,177692.828125,171322.921875,210741.296875,182072.515625,215127.40625,219446.765625,276231.4375,277152.96875,261507.609375,199164.0625,151413.109375,154244.96875,166419.65625,181253.875,132621.671875,143363.171875,341467.8125,292218.40625,140358.203125,155072.4375,240558.671875,232032.859375,183015.640625,200739.671875,214519.34375,188724.640625,275763.625,254907.640625,244598.796875,276918.8125,249906.828125,297383.9375,319395.78125,320470.8125,220876.3125,214475.96875
26,197956.828125,182826.65625,197388.796875,182583.65625,201676.6875,175653.03125,181266.96875,173662.625,175963.546875,167012.4375,221096.28125,210316.203125,218572.34375,200404.578125,249142.265625,202230.75,224963.75,199397.015625,251466.515625,196209.03125,248555.265625,207914.203125,209741.4375,193645.296875,185886.078125,179829.859375,201292.046875,161562.15625,233831.234375,226830.671875,246426.59375,228927.953125,205041.203125,207850.765625,209274.5,201007.890625,264321.0625,245304.640625,222115.796875,235220.34375,223713.375,223949.890625,210857.140625,172066.546875,171239.046875,150257.03125,177562.53125,172354.703125,173931.03125,158743.5625,203479.296875,214335.53125,179427.0,189325.671875,178237.09375,171972.15625,159369.4375,169379.25,140753.609375,158418.453125,230895.078125,226475.78125,234525.09375,215855.078125,180429.640625,173847.875,162013.09375,154300.609375,208221.140625,187346.25,249352.046875,263860.28125,294923.9375,261030.71875,187741.46875,166661.40625,258328.0,215504.21875,253056.578125,213287.375,168022.953125,172940.109375,202303.515625,177404.671875,194493.40625,196038.0625,234688.28125,201279.4375,181385.921875,179081.84375,218981.421875,203975.359375,184633.609375,149282.625,201368.53125,184719.984375,207759.6875,218231.484375,194970.9375,168864.828125,107154.5625,123877.890625,213424.59375,185702.546875,244796.109375,246102.203125,237689.0625,216976.0,213782.421875,197140.421875,173771.78125,156724.6875,264095.375,252297.53125,182124.734375,168140.75,245630.71875,168017.703125,300677.4375,281525.5625,236555.953125,238418.671875,249635.140625,228855.71875,182913.28125,174471.5,196674.859375,195615.890625,205681.890625,199256.765625,183192.625,179019.890625,209828.375,194989.859375,206000.734375,208497.59375,208765.921875,207105.1875,205771.765625,202630.90625,200079.953125,192224.46875,234848.515625,226103.390625,231079.796875,244749.796875,185774.953125,175573.734375,195878.921875,182067.078125,240026.4375,242972.5625,224867.953125,216487.75,198617.796875,186944.390625,210781.15625,233418.1875,193282.609375,205777.046875,165690.015625,163470.078125,246629.578125,241327.28125,284027.9375,251027.125,285167.0,249181.234375,329717.03125,308655.90625,271511.21875,278107.71875,268380.5,266640.90625,220832.71875,210637.59375,195205.640625,217472.3125,239467.578125,218639.3125,214229.515625,238280.21875,183778.671875,185316.3125,191381.59375,184091.875,245040.5625,232040.65625,214358.625,194353.828125,246156.9375,241596.5,221752.84375,229178.84375,249801.296875,250222.84375,282547.15625,266290.59375,212576.25,204896.203125,225703.390625,209677.328125,171293.1875,186853.421875,190232.296875,204413.515625,218622.734375,198929.921875,224701.171875,217686.65625,177282.359375,171396.046875,210207.640625,181783.25,215576.375,218414.875,276864.09375,276925.21875,261009.625,199041.703125,151166.21875,154167.0,165870.453125,180667.125,132718.828125,143338.828125,341623.0,292257.59375,140144.703125,154952.34375,240266.484375,232410.296875,182443.5,200090.265625,214208.90625,188481.75,275159.8125,255049.484375,244803.71875,278242.65625,251100.921875,298001.46875,319920.625,320917.65625,220086.8125,214894.71875
27,198551.078125,183017.5,197198.28125,182484.65625,200794.09375,175284.546875,181511.25,173944.53125,176120.796875,167205.796875,221079.25,210415.5625,218525.3125,200078.28125,248633.640625,202552.609375,225581.015625,199340.75,251006.984375,196206.625,248719.90625,208061.46875,210040.03125,193678.578125,186536.84375,180385.3125,201540.75,161979.3125,234362.5625,227112.296875,246657.796875,229125.0,204728.4375,207951.90625,209338.265625,200715.328125,264065.5,245390.5625,221983.796875,235932.34375,223478.9375,223722.0,210933.46875,172773.203125,171276.21875,150552.484375,177256.5,171959.71875,173607.296875,158775.015625,203690.1875,214535.390625,179728.140625,189673.28125,178539.625,172321.0625,159530.15625,169764.828125,141080.625,158705.765625,230919.28125,226555.296875,234945.125,216261.6875,180363.265625,173860.375,162059.328125,154350.046875,208083.203125,187435.890625,248674.71875,263354.78125,294720.71875,261133.59375,187589.578125,166389.453125,258958.984375,216254.375,253046.765625,213728.953125,167685.03125,172938.5,202203.59375,177547.296875,194025.625,196004.5625,234317.484375,201086.828125,180586.15625,179223.59375,218641.25,203931.015625,184602.78125,149721.859375,200486.40625,184619.28125,207405.171875,218122.21875,194828.390625,169400.4375,106615.0625,124108.8515625,213222.078125,185805.328125,244760.734375,246127.296875,237190.546875,217031.03125,214391.28125,197059.703125,172603.09375,156495.234375,263662.59375,253089.421875,181998.75,166988.109375,246208.328125,168405.09375,299640.6875,282537.875,236354.40625,238167.46875,249432.125,228863.359375,183327.796875,174873.71875,196934.796875,195944.84375,205886.109375,199777.234375,183439.46875,179321.234375,210136.125,195554.125,206419.625,208594.15625,209564.953125,207552.09375,206066.671875,203284.15625,200692.328125,192736.1875,234634.703125,226006.015625,230655.84375,244614.1875,185559.625,175332.703125,195974.640625,182095.640625,239526.25,242461.0625,224434.9375,215841.09375,198963.5625,187275.90625,210497.59375,232910.0625,193615.125,205957.0,166050.28125,163745.46875,246243.921875,241029.390625,283808.34375,251956.25,285136.375,249296.359375,330273.9375,309556.875,271260.09375,277301.34375,268392.75,266332.5,220238.15625,210059.859375,194923.65625,217312.03125,239142.984375,218587.578125,213273.703125,237403.109375,183954.203125,185412.234375,190958.6875,183856.4375,245050.21875,231905.65625,214409.109375,193724.4375,246068.96875,241570.921875,221951.3125,229382.578125,249620.875,250227.078125,281548.46875,265793.4375,212891.21875,205188.640625,225256.671875,209737.21875,171451.671875,187230.90625,189891.953125,204237.125,219226.90625,199499.078125,225170.6875,218061.03125,178171.953125,170866.859375,210065.515625,181935.375,215722.265625,216909.25,276784.375,276922.0625,261283.453125,199469.578125,150898.796875,154240.890625,165806.75,181119.9375,132493.5625,143665.625,341911.3125,292761.4375,139944.625,154915.0,239423.390625,232374.140625,181969.453125,199872.421875,214075.921875,188233.75,274083.5625,254566.34375,244558.25,277485.46875,250503.171875,297872.09375,319730.5625,321572.0,219445.046875,214634.96875
28,198418.5625,182935.046875,196941.265625,182258.140625,199486.25,174632.921875,181568.78125,173960.328125,176125.25,167402.09375,220765.53125,210317.046875,218351.625,199964.203125,247915.3125,202502.3125,225669.890625,199178.203125,250515.21875,195995.765625,248488.53125,207959.5,209789.703125,193382.28125,186740.734375,180539.234375,202010.84375,162203.203125,234447.15625,226856.25,246285.046875,228819.515625,203987.15625,207884.234375,209209.09375,200330.828125,263599.59375,245240.25,221758.421875,235716.453125,223308.3125,223252.6875,211276.15625,173054.390625,171308.9375,151061.203125,177623.875,172109.53125,173887.796875,159517.453125,203532.15625,214637.46875,179662.078125,189734.28125,178475.4375,172437.5625,159714.140625,170197.140625,141321.515625,159049.203125,230587.703125,226307.265625,234996.0,216146.59375,180256.0,173924.109375,162049.0625,154487.296875,208323.15625,189193.6875,248160.734375,262847.59375,294279.71875,261261.828125,187364.53125,166023.96875,259400.1875,217288.515625,252982.578125,213943.765625,167152.265625,172779.40625,202032.40625,177377.09375,194276.484375,195764.421875,233885.421875,201094.828125,180067.609375,179005.984375,218341.890625,203347.46875,184727.171875,149866.65625,200272.90625,184202.84375,207219.046875,217998.609375,194507.234375,169543.015625,106427.984375,123660.65625,213251.578125,185937.15625,244767.640625,246258.28125,237368.84375,216751.890625,214683.328125,197333.8125,172464.640625,156754.0625,263884.375,253700.9375,182786.6875,166733.4375,246426.15625,168735.0,300323.71875,282679.09375,236291.875,237682.203125,249381.4375,228587.234375,183936.890625,175511.5,197193.71875,196187.296875,205833.75,200226.125,183701.765625,179811.90625,210355.890625,195930.203125,206630.671875,208609.96875,210014.546875,207846.859375,206259.25,203418.4375,200899.3125,192811.6875,234417.609375,225629.765625,230471.078125,244439.5625,185858.28125,175431.484375,195970.125,182312.9375,239364.671875,242483.46875,224530.828125,215754.984375,199218.140625,187712.34375,210120.78125,232450.578125,193756.59375,206161.75,166431.21875,163929.03125,246185.375,240641.796875,283639.4375,252352.28125,284901.40625,249055.65625,330984.3125,311473.09375,271324.1875,276359.40625,268130.96875,266458.25,219940.65625,209861.625,194557.796875,216830.421875,238948.671875,218340.890625,212043.75,237855.796875,183381.78125,184799.796875,190452.921875,183544.15625,244681.5,231546.921875,213841.21875,191176.328125,245999.015625,241482.3125,221886.3125,229661.703125,249920.046875,250586.265625,281329.125,266059.3125,212762.265625,205094.34375,225302.609375,209467.25,171257.171875,186868.359375,189533.40625,203241.15625,220073.15625,200120.125,225408.140625,218249.09375,179298.734375,171267.15625,210348.203125,182195.578125,215856.421875,218077.265625,276652.75,277339.3125,262025.4375,199640.5625,150950.921875,154160.84375,166372.796875,181924.0,132395.03125,143830.359375,342184.46875,292991.59375,140099.03125,154961.421875,239558.546875,231915.78125,182022.125,200397.515625,213767.875,188209.421875,274265.9375,254389.125,244103.484375,276483.53125,249535.8125,297556.53125,319283.03125,321392.375,219997.984375,214207.84375
29,197648.953125,182554.59375,196306.484375,181749.59375,198736.578125,174011.703125,181183.3125,173625.625,176047.6875,167578.328125,220459.40625,210095.53125,218004.875,199745.265625,247706.21875,202090.0,225416.109375,199107.5,250121.09375,195763.046875,248227.90625,207846.921875,208835.984375,192722.125,185959.265625,179959.171875,201597.0,161784.796875,234404.34375,226499.40625,246278.71875,228652.03125,204411.671875,208198.75,209817.125,200418.8125,264230.5625,245315.40625,222425.15625,235199.921875,223375.703125,222991.234375,211720.8125,172649.25,171274.53125,150873.46875,177061.875,171843.0,174278.234375,159554.9375,203738.03125,214562.5625,179514.6875,189611.609375,178244.5625,172221.796875,159709.40625,170093.515625,141354.421875,158827.015625,231117.484375,226273.140625,235071.53125,215729.421875,180179.875,173871.65625,162158.09375,154511.796875,208625.8125,189817.640625,249659.390625,263554.0,295545.4375,261799.328125,188052.65625,166638.28125,260125.484375,217237.34375,254046.5625,213621.546875,167314.953125,172745.015625,202185.640625,176860.671875,195073.203125,195542.140625,234553.3125,201226.09375,180412.84375,178374.03125,218278.015625,203249.453125,184944.765625,149326.734375,200869.15625,183614.59375,207311.328125,217808.03125,194671.953125,169329.671875,106560.8125,123054.5703125,213803.453125,185897.0,244665.609375,246234.5625,237676.40625,216561.796875,214763.078125,197392.265625,173909.578125,156663.28125,264641.53125,253374.328125,183705.859375,168123.078125,246566.703125,168961.640625,301668.6875,282474.1875,237264.4375,237853.546875,250295.703125,228712.515625,183608.546875,175196.609375,196916.953125,195671.421875,205482.625,199660.71875,183505.84375,179638.65625,209864.421875,195478.765625,206076.0625,208457.3125,209565.828125,207438.40625,206287.5625,203007.109375,200721.453125,192466.359375,234451.359375,225682.109375,231359.390625,244962.046875,186085.828125,175441.328125,195785.375,182143.484375,239820.609375,242798.703125,224716.890625,215829.21875,199340.140625,187758.59375,210685.625,233122.640625,193613.65625,205960.078125,166271.53125,163771.21875,247218.34375,240899.140625,284216.53125,252135.625,285896.75,249026.046875,332008.4375,311855.40625,272497.5,277079.15625,268647.96875,266973.3125,220098.640625,210044.484375,194508.4375,216838.25,239306.546875,218469.546875,212799.734375,238525.6875,183057.046875,184486.546875,190669.875,183623.359375,244766.75,231588.0625,214051.390625,190803.0625,246763.90625,241891.875,222001.953125,229881.890625,250341.1875,250793.921875,282216.75,266753.875,212414.921875,204366.828125,225504.953125,209166.34375,170888.859375,186099.984375,189593.65625,202878.46875,219914.9375,199818.453125,225231.140625,217797.640625,179311.484375,171871.984375,210858.953125,182341.453125,216383.96875,219415.453125,277446.65625,277437.53125,262605.3125,199685.96875,151278.8125,154022.6875,166614.765625,182076.25,132915.546875,143749.484375,342528.4375,292954.5,140323.546875,154904.75,239198.890625,231693.234375,182171.203125,200199.828125,213276.5,187952.171875,274748.875,253908.59375,243676.3125,277094.28125,249653.421875,297643.28125,319354.90625,321242.96875,219428.484375,213972.390625
30,197471.640625,182430.359375,196101.765625,181981.609375,199315.984375,174454.0,180924.78125,173405.09375,175971.828125,167584.609375,220739.90625,210126.1875,218460.703125,199970.546875,248473.328125,202302.5,225553.515625,199547.875,250845.71875,196225.171875,248738.09375,207951.40625,208842.734375,192875.265625,185422.234375,179498.546875,201030.28125,161474.609375,234381.171875,227272.84375,247018.796875,228848.53125,205301.390625,208224.390625,210224.09375,200652.0625,264830.46875,245587.4375,222897.390625,235206.46875,223554.09375,222967.625,211311.453125,171838.046875,170795.28125,150087.234375,176138.625,171126.25,173965.453125,158516.109375,203729.75,214688.109375,179611.265625,189849.484375,178270.921875,172230.046875,159644.9375,170037.875,141166.171875,158623.734375,231791.90625,226660.0,235275.84375,216269.21875,180287.1875,173851.78125,162467.15625,154541.484375,208566.40625,188636.109375,251061.6875,264802.4375,296555.5,262332.15625,188663.25,167280.515625,260060.046875,216615.921875,254622.6875,213326.359375,167826.625,173366.65625,202472.796875,176924.53125,195083.3125,195874.34375,235284.65625,201428.625,180311.34375,178493.390625,218220.765625,203403.453125,184623.015625,149035.6875,200835.34375,183910.046875,207235.84375,217764.46875,194897.65625,169085.984375,106430.0,123274.3203125,213915.953125,185848.421875,244683.0625,246348.90625,237427.65625,216430.90625,214502.015625,197161.21875,174278.328125,156103.1875,264555.625,252878.28125,182986.59375,168196.90625,246513.25,168701.40625,301504.28125,282919.125,238024.15625,238491.78125,250995.6875,229063.109375,182747.34375,174708.796875,196588.890625,195308.359375,205461.640625,199183.609375,183162.4375,179351.5,209507.828125,194874.671875,205626.578125,208711.6875,208973.34375,207062.1875,206190.03125,202799.90625,200464.21875,192380.953125,234668.09375,226172.453125,231942.984375,245831.875,185832.8125,175159.21875,195699.34375,181838.578125,240376.90625,243035.84375,224704.390625,215845.671875,199302.09375,187619.671875,211253.390625,233986.5625,193570.890625,206061.84375,165944.21875,163674.671875,247719.5,241547.765625,284849.90625,251736.8125,286569.3125,249459.734375,332003.96875,310710.1875,272886.8125,278544.84375,269182.875,267482.8125,220319.984375,210090.1875,194552.5625,217285.875,239742.515625,218800.828125,213544.203125,238195.25,183505.34375,185030.96875,191221.21875,183899.6875,245194.59375,231893.765625,214478.96875,192106.015625,247591.265625,242543.765625,222702.484375,230005.28125,250522.421875,250735.078125,283153.28125,266843.90625,212594.34375,204451.140625,225518.765625,209327.75,171348.609375,186542.625,189941.609375,203507.78125,219429.625,199212.125,225119.5625,217540.171875,178506.96875,171500.78125,210997.765625,182467.09375,216110.046875,218527.8125,277592.21875,277298.40625,262746.15625,200061.46875,151467.875,154161.90625,166348.203125,181904.3125,133202.390625,143656.546875,343055.8125,293601.875,140249.75,154964.1875,238581.28125,231885.078125,182172.6875,200070.171875,213618.703125,187829.171875,274915.6875,253744.125,243837.75,278011.875,249980.390625,297735.84375,319752.125,321671.5625,219351.75,214011.9375
31,198141.046875,182806.359375,196764.484375,182693.328125,200230.734375,175279.328125,181204.109375,173601.875,176327.203125,167922.671875,221206.890625,210345.4375,219273.5625,200655.921875,249032.375,202811.078125,225550.46875,200116.328125,251709.71875,196987.40625,249115.40625,208146.578125,209565.25,193384.9375,185546.671875,179630.25,201091.34375,161639.859375,234038.328125,228257.0625,247233.125,228631.890625,205098.53125,207477.484375,209607.484375,200475.25,264176.84375,245769.15625,222423.6875,235673.703125,223681.5,223102.546875,210585.046875,171293.765625,170512.859375,149770.59375,176574.609375,171159.609375,173166.984375,157743.484375,203178.125,214946.8125,179643.171875,190164.015625,178393.671875,172639.15625,159626.625,170428.640625,141241.03125,159004.875,231307.25,227187.265625,235135.515625,217506.546875,180617.234375,174144.875,162895.6875,154870.015625,208168.71875,187079.53125,250344.78125,265246.125,295487.34375,262613.15625,188155.515625,167046.015625,258522.0,215948.828125,253611.84375,213398.859375,167661.25,173903.03125,202507.140625,177595.703125,194482.09375,196499.328125,234827.765625,201696.4375,179369.015625,179426.125,218165.09375,203572.59375,184170.703125,149598.015625,199914.828125,184819.890625,207101.28125,218002.953125,194731.015625,169024.65625,106253.8515625,123801.0625,213275.578125,186038.65625,244445.046875,246300.921875,236834.25,216587.046875,213889.90625,197328.84375,172794.84375,156025.96875,263615.625,253055.109375,181679.140625,166931.5625,245090.828125,168472.25,299754.21875,282407.5,237587.640625,238702.25,250404.546875,229251.34375,182856.484375,175142.5,197085.46875,195813.75,205849.1875,199753.171875,183284.75,179875.6875,209886.453125,194844.984375,205819.546875,209340.453125,209018.140625,207442.640625,206077.59375,203177.28125,200441.640625,192780.34375,234653.9375,226708.953125,231360.390625,246456.90625,185989.171875,175292.46875,196042.15625,182185.703125,240293.71875,243116.359375,224688.796875,216087.375,199059.03125,187595.265625,210838.046875,233972.859375,193555.71875,206586.328125,166149.15625,163989.140625,246707.875,241776.109375,284537.40625,251368.109375,285657.34375,249853.640625,329270.0,308618.34375,271375.53125,278606.8125,268439.34375,267796.1875,220447.421875,210140.640625,194935.359375,217638.609375,240101.359375,219160.640625,213618.5,237969.171875,184232.78125,185905.671875,191272.109375,184067.640625,245309.96875,232202.984375,214061.015625,192810.90625,246947.78125,242276.4375,222678.1875,229693.453125,250065.578125,250400.84375,282904.9375,266169.28125,212485.546875,205122.484375,225146.140625,209769.5,171720.671875,187395.875,189612.8125,203892.703125,219552.046875,199276.21875,225024.3125,217954.0,177627.453125,170619.421875,209955.9375,182324.171875,214944.640625,217029.5625,276611.9375,277187.4375,262262.6875,200179.453125,151287.921875,154493.4375,166054.0625,181680.3125,132676.328125,143843.703125,343232.0625,294133.53125,140051.734375,155339.03125,238776.640625,232469.734375,182309.171875,200777.65625,214572.671875,188315.046875,274613.125,254083.828125,244659.6875,278249.65625,250221.828125,297874.28125,319973.15625,322014.90625,220487.890625,214594.1875
32,198554.4375,183046.203125,196918.90625,182438.0,199308.546875,174520.578125,181669.15625,173880.921875,176963.921875,168705.78125,221130.703125,210354.25,218807.640625,200377.640625,248148.546875,202476.125,225138.125,199870.359375,250480.0,196847.921875,248129.703125,207766.53125,209285.53125,192597.78125,185771.46875,179604.546875,201025.015625,161741.0625,233733.671875,227965.25,246363.4375,227826.40625,204564.484375,206993.859375,208999.65625,199976.359375,263504.75,245615.15625,222373.265625,236039.609375,223454.5,223061.703125,210931.4375,172024.890625,171172.921875,150366.53125,177415.71875,171800.328125,172970.890625,158111.921875,202968.59375,215031.078125,179526.328125,189755.96875,178475.015625,172840.109375,159549.609375,170550.65625,142035.453125,159480.890625,230819.328125,227177.875,234923.46875,217602.546875,180623.109375,174447.28125,163185.59375,155169.125,207986.015625,186782.25,249588.765625,264813.71875,294685.78125,262708.15625,187863.828125,166659.25,258805.109375,215952.640625,253286.828125,213869.375,166713.515625,173293.015625,202002.65625,177722.671875,194038.28125,196274.28125,234100.890625,201606.71875,178271.046875,179835.921875,217708.0625,203921.78125,184679.921875,150309.46875,198654.953125,184944.046875,206789.53125,217945.796875,194262.8125,169059.515625,105785.140625,123844.8515625,212966.140625,186403.703125,243732.078125,245713.953125,236259.84375,217253.21875,214101.890625,197483.0,171259.046875,156414.984375,263353.96875,253605.28125,181798.6875,166943.796875,244040.46875,168867.796875,298170.5625,280893.59375,236828.609375,238108.0,249446.546875,229281.765625,183935.90625,175930.5,197915.3125,196478.21875,205905.4375,200349.875,183711.078125,180724.671875,210239.875,195188.03125,206247.953125,209588.046875,209615.015625,208274.625,206142.484375,203551.0,201042.859375,193205.796875,234535.375,226990.640625,230964.03125,246389.953125,186773.71875,176316.78125,196419.625,182782.890625,239904.125,243166.953125,224811.671875,216522.84375,198900.796875,187338.875,210557.46875,233266.0,193367.34375,206244.015625,166571.78125,164469.296875,245623.296875,241424.46875,284024.84375,251456.46875,284896.5625,249690.015625,327321.9375,307441.75,270128.9375,277038.40625,267635.125,267346.875,220838.265625,210703.96875,195380.078125,217679.046875,240224.4375,219511.359375,214753.125,238978.171875,184643.03125,186353.90625,191009.40625,184214.828125,245174.796875,232137.234375,213608.34375,193017.84375,245700.3125,241502.515625,221526.875,229154.578125,249324.625,249922.203125,281817.9375,265541.28125,211470.453125,205094.21875,224218.953125,209806.65625,170788.734375,186881.53125,188637.171875,203489.21875,220010.765625,199861.5625,224925.21875,218426.84375,177445.65625,170022.65625,209156.890625,181961.921875,214691.515625,216595.625,276430.3125,276907.3125,261753.5,199920.71875,151231.359375,154792.546875,165806.53125,181148.640625,132277.421875,144303.625,342835.21875,293686.90625,140110.34375,155613.03125,239201.15625,233185.546875,182697.546875,201320.875,214886.15625,188758.875,273994.9375,254299.234375,245255.84375,277696.46875,250668.3125,298081.0625,320030.28125,322033.21875,220569.75,215342.484375
33,198407.25,182871.125,196091.3125,181723.40625,197285.90625,172900.890625,181556.125,173644.203125,176977.359375,168929.71875,220931.546875,210304.046875,217992.140625,199559.578125,247066.671875,201797.015625,224767.984375,199223.65625,248919.15625,196255.046875,247049.140625,207195.53125,208346.03125,191368.296875,185968.375,179370.109375,201139.40625,162040.015625,233560.28125,227303.3125,245617.90625,227823.203125,204599.796875,207602.4375,209244.40625,200057.515625,263833.9375,245521.5,222959.046875,236147.046875,223166.515625,223216.96875,211825.8125,173731.140625,171731.5,151166.375,177585.34375,172435.90625,173864.96875,159194.171875,203355.53125,215617.28125,179276.3125,188984.515625,178538.421875,172555.671875,159317.40625,170055.015625,142514.28125,159557.453125,231181.46875,226618.9375,234767.0625,216523.125,180044.765625,174308.109375,162935.640625,154927.453125,208449.75,188604.796875,249945.71875,264786.71875,295349.09375,262735.0625,188351.828125,166804.375,261005.28125,217072.640625,253925.671875,214702.828125,165988.859375,172433.9375,201218.4375,177387.484375,193782.4375,195385.015625,233928.8125,201424.875,177429.625,179498.546875,216805.796875,203655.203125,184954.171875,150493.84375,197799.125,184407.984375,205790.4375,217280.203125,193724.671875,169011.515625,105074.484375,123476.3515625,212938.515625,186460.140625,243181.03125,245443.25,235875.234375,217467.125,214783.0625,197250.671875,170954.109375,156665.8125,263587.34375,253562.5625,182821.25,167898.359375,245120.53125,169030.21875,298539.3125,280855.8125,236249.59375,237750.828125,249145.421875,229311.28125,184529.609375,176108.765625,197825.125,196630.359375,205352.75,200281.296875,183757.28125,180734.09375,209849.96875,195669.875,206261.328125,209323.921875,209968.46875,208851.53125,205901.328125,203517.171875,201596.234375,193342.875,234469.3125,226892.78125,231062.609375,245844.78125,187109.375,177260.9375,196293.359375,182820.25,239765.78125,243365.046875,224901.234375,216815.796875,198653.578125,186760.234375,210726.765625,232613.53125,192950.734375,204936.046875,166523.96875,164530.671875,245811.890625,241641.171875,284575.1875,252045.890625,285448.03125,249483.125,329484.46875,309326.40625,270758.53125,276765.46875,268119.1875,266778.78125,221266.78125,211374.640625,195123.734375,217494.96875,240093.78125,219556.4375,215208.1875,240037.796875,184543.453125,186240.3125,190856.40625,184307.875,245238.234375,232034.265625,213459.78125,192743.953125,245351.796875,241290.90625,220576.59375,228878.34375,249082.953125,249934.875,281367.125,265814.34375,210692.53125,204818.484375,223527.703125,209381.46875,169616.0,185900.921875,188054.6875,202991.84375,219992.890625,200103.21875,224704.328125,218356.078125,178299.671875,170476.953125,210210.5625,181996.6875,215526.875,218064.890625,277011.03125,277082.875,262061.5625,200089.078125,151513.640625,154931.03125,165808.046875,181185.265625,132608.671875,144605.453125,342417.8125,293455.75,140207.0,155697.296875,240181.296875,233708.453125,182928.953125,201600.421875,214311.625,188868.96875,274487.375,255223.859375,244973.21875,277055.53125,250791.859375,298186.71875,319924.28125,321925.3125,220427.0,215758.765625
34,198233.875,182743.53125,195719.53125,181670.71875,196975.734375,172632.171875,181049.90625,173316.359375,176589.015625,168475.40625,221122.828125,210417.8125,218169.703125,199709.203125,247051.34375,201656.09375,224630.71875,199296.6875,249291.046875,196262.546875,247180.578125,207399.203125,208003.859375,191528.0625,186144.140625,179668.734375,201706.671875,162557.34375,233430.171875,227307.203125,245895.765625,228716.15625,204755.28125,208459.9375,210244.203125,200861.734375,264259.6875,245785.46875,223150.625,236081.265625,223313.328125,223721.390625,212151.0,174384.8125,171394.78125,151236.390625,177444.015625,172762.78125,174470.59375,159576.796875,203807.296875,216363.640625,178969.265625,188853.734375,178414.75,172334.375,159132.359375,169461.375,142075.90625,159288.734375,231230.578125,226475.5,234480.46875,215928.328125,179688.859375,174106.734375,162519.453125,154552.46875,209061.265625,190188.78125,250143.4375,265173.125,295764.53125,262879.6875,188671.359375,167271.296875,261584.90625,217535.96875,253920.609375,215105.703125,166347.46875,172710.375,201029.703125,177234.109375,193965.1875,195320.46875,234116.390625,201780.5625,177802.046875,179260.90625,216586.28125,202937.515625,184354.21875,150358.515625,198191.53125,184215.78125,205179.09375,216800.203125,193680.765625,169220.75,105173.7265625,123196.90625,212917.953125,186274.046875,243084.046875,245831.578125,236013.328125,216912.671875,214866.359375,197449.71875,172069.765625,156736.96875,263511.71875,253176.171875,183529.765625,168392.15625,246296.375,168697.40625,300278.1875,282235.53125,236288.109375,238347.453125,249638.703125,229458.609375,184103.65625,175603.734375,197046.65625,196502.359375,204847.1875,199939.375,183350.75,180083.21875,209065.46875,195943.9375,205717.21875,209260.984375,209707.984375,208983.125,205215.671875,203366.125,201226.640625,193432.96875,234395.296875,226872.65625,230862.203125,245535.84375,186901.78125,177406.609375,196078.703125,182534.046875,239979.0625,243671.6875,225046.515625,216969.375,198189.015625,186478.078125,210523.4375,232549.4375,192466.984375,204148.21875,166187.9375,164236.59375,246476.53125,242460.078125,285043.84375,252430.828125,285965.40625,249560.046875,331798.15625,311533.375,271767.0625,278369.0,268579.625,267098.4375,221276.515625,211532.6875,194729.5,217175.25,239976.140625,219197.453125,214287.265625,240072.0625,184255.34375,185948.53125,190950.1875,184328.46875,245286.265625,232433.09375,213182.28125,192350.953125,245380.21875,241298.484375,220329.515625,228774.015625,249350.75,250316.703125,281756.03125,266496.0,210731.203125,204899.96875,223720.65625,209038.6875,169336.328125,185858.734375,188053.125,202896.515625,219250.03125,199676.640625,224172.4375,218026.609375,178912.25,171289.625,211434.59375,182347.21875,216160.46875,219788.859375,276916.125,277667.375,262221.15625,200144.859375,151645.9375,154777.96875,166132.546875,181811.25,132983.734375,144462.921875,342041.03125,293515.0625,140177.375,155754.578125,240791.578125,233993.0,183028.203125,201482.25,213814.09375,189089.15625,275039.125,255740.953125,244438.140625,277857.3125,250759.671875,298459.125,319527.1875,321714.84375,220342.640625,215909.765625
35,198040.1875,182788.1875,196341.984375,182024.796875,198981.234375,174087.515625,181066.703125,173586.796875,176479.375,167974.046875,221426.6875,210657.828125,218639.359375,200496.328125,248035.96875,202039.734375,224917.734375,199815.296875,250687.765625,196523.8125,248226.4375,207994.109375,208801.8125,193036.3125,186310.28125,180248.59375,201694.84375,162367.59375,233752.0,227451.6875,246666.59375,228997.03125,204951.234375,208476.640625,210885.125,201161.890625,264073.4375,245618.703125,222973.125,235654.96875,223311.015625,223523.296875,211653.953125,172965.21875,170648.3125,150292.9375,176882.46875,172221.671875,173785.328125,158581.578125,203626.90625,215706.296875,178999.21875,189224.0625,178172.5625,172349.625,159171.203125,169041.046875,141456.1875,159003.78125,230673.09375,226689.984375,234427.5625,215989.453125,179972.125,174117.5,162423.328125,154461.625,209232.1875,189384.40625,249958.078125,264841.8125,295156.09375,262478.75,188576.6875,167286.359375,261006.859375,216814.03125,253500.4375,214439.6875,167331.765625,173455.140625,201571.0625,177266.765625,194454.734375,195916.90625,234287.828125,201961.03125,179534.890625,179389.015625,217259.84375,202743.46875,184608.78125,150159.71875,199533.078125,184616.65625,206097.28125,216932.78125,194204.625,169397.203125,106073.2265625,123547.7109375,213436.859375,186252.40625,243374.5625,245704.625,236607.34375,216415.9375,214763.515625,197896.65625,173736.859375,156917.359375,263802.65625,253292.921875,183758.265625,168192.609375,246009.046875,168635.046875,301011.4375,282597.09375,237156.390625,238794.96875,250149.625,229487.890625,183172.828125,174808.296875,196570.640625,196216.0,204795.46875,199375.71875,182857.890625,179420.265625,208606.890625,195518.609375,205378.140625,209349.734375,209195.625,208697.296875,204932.65625,203049.796875,200502.546875,193413.703125,234514.328125,227033.765625,230607.953125,245372.28125,186744.171875,177166.46875,196092.625,182269.859375,240221.0625,243665.21875,225331.515625,217126.9375,198065.40625,186595.9375,210204.578125,232794.640625,192279.484375,204362.546875,165809.796875,163946.4375,246448.734375,242392.359375,284021.71875,251920.703125,285427.15625,249277.984375,330891.71875,310822.65625,271484.65625,278729.0,268034.90625,267220.875,221176.703125,211352.3125,194956.796875,216965.171875,239837.015625,218793.359375,214220.953125,239468.984375,183998.671875,185492.203125,191348.734375,184311.859375,244931.65625,232546.875,213175.328125,192434.59375,245307.90625,241180.8125,220601.875,228877.40625,249457.9375,250054.96875,281969.25,266474.46875,211175.90625,204993.3125,224144.234375,209018.765625,169902.828125,186505.671875,188573.703125,203105.40625,218698.546875,199223.0625,223929.765625,217887.875,178389.21875,170883.671875,210990.3125,182233.640625,216129.203125,218929.765625,276500.90625,277384.25,261414.375,199419.171875,151424.3125,154537.21875,166215.140625,181546.3125,132716.609375,143946.984375,341938.8125,293148.75,140169.828125,155416.03125,239787.390625,233665.375,183181.953125,200897.984375,214201.578125,189149.6875,274112.6875,254507.390625,244708.65625,278860.71875,250799.28125,298425.46875,319425.03125,321529.9375,219781.40625,215660.4375
36,197815.453125,182796.0625,196995.703125,182369.9375,201112.890625,175628.078125,181354.34375,173858.53125,176239.890625,167398.984375,221329.3125,210747.421875,218783.6875,200801.21875,249227.90625,202423.921875,225433.953125,199894.875,251880.453125,196372.609375,249317.4375,208187.5625,210058.984375,194376.640625,186441.796875,180402.171875,201462.203125,161862.03125,234281.046875,227186.9375,247034.859375,228774.6875,205169.578125,208023.015625,210426.109375,200788.375,263731.625,244931.1875,222734.109375,235052.03125,223027.671875,222904.03125,210629.3125,171546.875,170137.265625,149433.15625,176557.125,171630.40625,172979.671875,157656.921875,202950.015625,214462.390625,179319.34375,189326.53125,178111.640625,172243.171875,159271.84375,168849.125,141007.609375,158882.515625,230390.515625,226373.234375,234586.390625,215748.28125,180216.140625,173975.3125,162239.0,154350.546875,208877.875,187665.59375,249540.46875,263954.03125,294437.5,261323.953125,188227.59375,166595.109375,260739.515625,216337.390625,253129.109375,213638.703125,167844.609375,173347.390625,202161.65625,177508.53125,194363.265625,195959.015625,234196.03125,201448.390625,180792.75,179765.203125,218020.75,202934.484375,185510.09375,149921.40625,200777.109375,185289.046875,207173.84375,217301.484375,194712.96875,168882.765625,106766.921875,124142.8671875,213922.40625,186365.0625,243949.578125,245031.953125,236999.359375,216257.203125,214592.59375,197832.375,173938.609375,157156.921875,264304.53125,253689.359375,182737.140625,167348.828125,245246.671875,168798.3125,300217.90625,282269.65625,237500.234375,238281.828125,249759.359375,229124.359375,182559.28125,174306.375,196555.234375,195894.375,205022.453125,198927.296875,182609.09375,178840.125,208830.390625,194986.140625,205724.515625,209003.609375,208868.140625,208291.703125,205219.640625,202573.59375,200257.359375,193153.390625,234704.15625,226851.34375,230472.171875,244722.4375,186507.09375,176793.21875,195914.328125,182004.921875,240011.046875,243199.0,225401.328125,217144.71875,198325.328125,186632.0625,210230.109375,232669.15625,192559.5,204777.125,165381.09375,163583.4375,246275.890625,241525.359375,282919.875,250962.59375,284596.53125,248689.796875,329795.96875,309699.28125,270896.21875,277658.5625,267749.5,266429.25,221153.875,211084.3125,195258.453125,217023.53125,239369.921875,218381.265625,214459.796875,238659.09375,183496.796875,184713.65625,191577.046875,184093.734375,244540.5625,231840.265625,213451.65625,192844.234375,245499.21875,241188.5625,221274.46875,229312.0625,249194.75,249593.90625,281773.21875,265963.25,211847.625,205038.703125,224351.828125,209184.140625,170968.34375,187235.515625,189400.03125,203505.5625,218854.796875,199322.578125,224349.15625,217900.78125,177586.625,169906.28125,209872.515625,181681.265625,215531.53125,216847.796875,276499.25,276630.28125,260879.90625,198901.953125,151163.0625,154337.171875,165988.828125,180936.9375,132365.296875,143403.0,342008.8125,292560.84375,140026.875,154737.125,238937.421875,232593.78125,182840.703125,200631.953125,214720.375,188728.328125,273542.4375,253633.40625,245194.828125,277954.0,250409.8125,297519.75,319604.875,321215.6875,220110.484375,214943.765625
37,197893.9375,182853.03125,197191.859375,182647.078125,201873.296875,176012.21875,181362.875,173798.015625,175810.640625,166932.234375,220820.5,210353.28125,218606.59375,200316.484375,249551.65625,202405.625,225615.65625,199640.328125,252105.1875,196008.875,249538.265625,208054.765625,210563.765625,194501.359375,186461.265625,180281.28125,201916.328125,161799.0625,234412.875,226816.15625,246773.0,228854.40625,204984.140625,207878.90625,210010.609375,200664.765625,263636.3125,244642.5,222425.96875,234935.5,223059.53125,222836.265625,210136.171875,171892.875,170417.53125,149751.609375,177420.59375,172029.703125,173171.6875,158112.421875,202873.375,214316.625,179521.46875,189177.765625,178201.859375,171948.984375,159219.3125,168834.53125,140718.5,158652.765625,230561.734375,225773.9375,234506.984375,215421.09375,180069.609375,173677.375,161761.875,154071.09375,208399.84375,187585.390625,248631.5625,262937.59375,294302.625,260698.890625,187731.296875,165874.84375,260404.40625,216457.71875,253046.6875,213618.984375,167904.125,172926.046875,202485.640625,177668.09375,193605.640625,195584.90625,234347.265625,201150.9375,180891.171875,180187.953125,218557.90625,203315.96875,185193.296875,149732.25,201465.28125,185736.515625,206997.84375,217505.828125,195035.0625,168602.859375,107095.5,124311.875,213646.71875,186504.015625,244346.046875,245062.234375,237031.25,216221.125,213996.78125,197526.578125,172408.03125,157122.15625,264337.03125,253996.28125,181380.234375,166905.421875,245101.921875,168749.171875,299807.1875,282596.46875,236673.890625,237493.046875,249105.046875,228552.8125,182787.90625,174233.421875,196603.359375,195700.703125,205366.015625,199025.5625,182695.703125,178492.953125,209414.28125,195082.859375,206017.59375,208494.90625,208932.34375,208041.3125,205463.265625,202351.71875,200406.484375,192878.375,234549.875,226235.875,230196.5625,243740.96875,186161.984375,176290.453125,195557.546875,181831.984375,239613.03125,242560.796875,225206.6875,216788.484375,198448.71875,186478.828125,210298.421875,232130.28125,192973.609375,204888.453125,165164.25,163193.453125,246408.921875,240907.34375,283040.53125,250669.296875,284339.46875,248504.203125,330495.9375,310558.5625,271212.4375,277056.40625,268326.71875,265955.78125,220934.96875,210681.265625,195186.765625,217094.4375,238652.703125,217783.546875,213744.6875,238099.671875,182920.125,184151.28125,191145.46875,183725.125,244459.515625,231104.984375,213598.734375,193669.6875,245639.171875,241091.359375,221661.609375,229418.6875,249317.9375,250036.25,281657.8125,265731.71875,212175.890625,204990.796875,224522.546875,209259.078125,171621.09375,187565.421875,189683.78125,204052.1875,218917.09375,199425.828125,224607.734375,217723.21875,177703.109375,170024.71875,209675.4375,181449.046875,215242.59375,216984.15625,276608.34375,276670.6875,261135.0,199002.734375,151113.390625,154019.078125,165971.875,181127.03125,132571.171875,143233.703125,341721.5625,291965.1875,139832.078125,154490.484375,239559.125,231869.359375,182144.140625,200410.140625,214333.328125,188252.53125,274508.5625,254387.84375,244785.8125,276464.4375,250197.1875,296971.375,319545.375,320661.0625,220557.109375,214260.015625
38,198200.6875,183058.25,197236.25,182809.984375,201779.59375,175795.609375,181482.71875,174060.015625,175824.5,167004.0625,220586.96875,209877.203125,218242.15625,199838.890625,249329.125,202347.125,225533.046875,199617.5,251406.421875,195929.75,249171.359375,207948.5,210483.640625,194025.84375,186609.234375,180362.890625,202154.0,161679.296875,234324.9375,226783.984375,246423.0,228889.609375,204815.0625,207959.359375,210229.0625,200842.609375,263779.09375,244889.65625,222425.953125,235262.796875,223147.015625,222876.03125,210851.734375,172495.40625,171160.828125,150394.96875,178132.546875,172464.71875,173892.953125,158998.453125,203383.90625,214651.953125,179469.84375,189159.859375,178343.46875,171710.796875,159067.84375,168814.359375,140700.765625,158337.15625,230743.890625,225658.0625,234323.6875,215638.1875,179979.625,173522.140625,161453.46875,153858.171875,208387.78125,189015.1875,247992.671875,262313.09375,294354.65625,260945.796875,187369.5,165825.09375,260157.421875,216655.0625,253512.984375,213870.0625,168171.578125,173287.171875,202551.875,177444.0625,193210.34375,195543.8125,234855.21875,201397.875,180975.703125,180173.171875,218674.90625,203787.265625,184122.5,149705.296875,201528.46875,185656.625,206464.0625,217432.390625,195226.421875,169232.578125,107357.375,124359.015625,213340.5625,186636.359375,244386.75,245670.890625,237112.90625,216327.96875,213709.71875,197513.171875,172093.828125,157000.765625,264550.78125,254130.8125,182441.234375,167775.203125,245553.0,168716.3125,300513.34375,282259.53125,236092.234375,237508.875,249280.140625,228414.296875,183225.828125,174178.0625,196494.109375,195347.21875,205540.015625,199146.234375,182793.421875,178397.75,209691.796875,195342.953125,205793.609375,208398.625,209226.734375,207746.234375,205548.578125,202439.328125,200587.328125,192683.6875,234271.078125,225888.359375,230237.4375,243544.5,186043.796875,175901.0,195404.21875,181809.75,239604.390625,242197.328125,225006.828125,216329.4375,198345.25,186379.09375,210160.59375,231881.234375,193031.890625,204909.0625,165190.875,163080.296875,246366.34375,240343.328125,283659.875,250880.671875,284638.53125,248780.90625,330663.96875,310743.71875,271462.28125,276578.6875,268747.0625,266316.625,220747.046875,210422.53125,195089.203125,217118.5625,238487.6875,217583.546875,213085.875,238166.75,182775.03125,184166.109375,190643.359375,183528.703125,244523.390625,231127.203125,213936.484375,194211.765625,245469.703125,240814.375,221465.140625,228971.359375,249975.671875,250589.65625,281754.40625,265828.375,211806.5,204737.703125,224541.5625,209233.078125,171366.6875,187343.859375,189562.21875,204487.828125,218546.265625,198931.75,224324.1875,217348.453125,178427.25,171256.015625,210288.75,181740.203125,216048.375,219174.328125,276981.125,277314.59375,261246.734375,199080.71875,151212.984375,153936.171875,166166.0625,181212.84375,132877.40625,143380.265625,341632.625,291891.6875,139963.75,154669.296875,240394.84375,232098.203125,182030.59375,199919.453125,213681.765625,188093.609375,275627.3125,255245.453125,244101.4375,276376.3125,250615.078125,297490.90625,319558.46875,320263.375,219788.6875,214066.9375
39,198390.015625,183146.40625,197145.609375,182776.4375,201254.734375,175560.703125,181762.3125,174379.46875,176156.6875,167339.921875,220838.5,209864.765625,218025.625,199922.59375,249453.734375,202468.921875,225516.265625,199620.828125,250955.5625,196093.046875,249142.15625,207822.28125,210463.59375,193628.5,186918.21875,180361.296875,201623.109375,161383.359375,234408.609375,226852.53125,246478.515625,228591.0,205254.53125,207847.3125,210161.171875,201017.625,264242.0625,245214.453125,222979.15625,235354.125,222987.328125,222765.625,211455.953125,172142.1875,171313.296875,150258.75,177437.78125,172137.296875,174097.84375,158879.0,203491.890625,214652.171875,179351.140625,189188.28125,178560.46875,171728.890625,159069.015625,168979.46875,140846.9375,158382.15625,230876.671875,226092.15625,234372.234375,215875.640625,180171.015625,173600.015625,161623.671875,153944.5625,208550.59375,189379.34375,248387.65625,262969.875,294293.375,261297.375,187408.8125,166360.953125,259914.0,216750.96875,253497.71875,213884.234375,168258.3125,173673.828125,202240.0625,177289.640625,193589.046875,195835.5625,234804.65625,201521.078125,181032.890625,179748.953125,218369.84375,203863.765625,183870.734375,149814.84375,200866.28125,185176.515625,206587.359375,217579.53125,195056.40625,169413.65625,107181.109375,124328.0,213481.046875,186653.71875,244367.59375,245895.875,237167.5,216705.484375,214311.25,197754.140625,173607.125,157019.53125,264960.375,254008.9375,184136.828125,168459.046875,246350.078125,168848.96875,300648.0,281896.625,236629.609375,238346.546875,249890.40625,229028.5,183222.234375,174181.8125,196458.125,195014.0,205387.234375,199046.328125,182862.15625,178518.703125,209665.328125,195230.078125,205611.0,208619.09375,209358.578125,207487.640625,205671.0625,202625.296875,200779.03125,192581.96875,234344.0625,226272.84375,230826.234375,244416.96875,186078.640625,175827.90625,195576.125,181969.8125,239718.6875,242355.875,224849.859375,216224.0,198311.671875,186511.171875,210102.953125,232246.9375,192897.671875,205050.390625,165335.21875,163292.453125,246382.953125,240263.84375,284311.90625,251109.0625,285277.9375,249131.578125,330011.78125,309931.125,271087.0,276386.90625,268685.5,266727.5625,220810.171875,210528.90625,194992.90625,217176.046875,239000.09375,218110.421875,213511.109375,238365.5625,183069.953125,184370.03125,190828.953125,183631.640625,244608.5625,231511.78125,214452.421875,193682.046875,245448.703125,240746.671875,221440.328125,228818.734375,250072.609375,250224.296875,281808.71875,265802.90625,211624.234375,204628.34375,224369.09375,209360.890625,171187.453125,187045.96875,189714.40625,204407.015625,218404.265625,198542.71875,224216.015625,217295.609375,178491.9375,172092.0,210674.234375,182107.25,216874.984375,219863.3125,277907.4375,277709.4375,261239.796875,199190.625,151340.046875,154264.0,166269.09375,181034.453125,132978.296875,143490.03125,341895.0625,292429.6875,140251.5,154650.265625,239807.71875,232287.1875,182383.140625,199837.765625,213745.421875,188246.25,275324.71875,254795.109375,244084.78125,277205.28125,250642.75,297704.65625,319718.15625,320379.40625,218979.890625,214316.109375
40,198328.828125,182935.078125,196888.953125,182539.765625,200602.0625,175291.703125,181786.0,174020.0625,176296.25,167525.0,220977.875,210116.671875,218197.96875,200098.0625,249685.578125,202410.828125,225396.21875,199218.8125,251247.0625,196150.1875,249232.8125,207569.90625,210319.71875,193167.40625,186840.15625,179867.671875,201305.34375,161416.828125,234415.34375,226666.21875,246596.15625,228162.484375,205535.25,207457.484375,209601.265625,201031.578125,264654.53125,245286.453125,223229.203125,235073.390625,222885.4375,222908.453125,210747.03125,171964.53125,170820.6875,149908.390625,176740.5625,171825.21875,173652.203125,158273.0,203144.59375,214713.40625,179439.21875,189065.390625,178580.640625,171853.15625,159180.5625,169311.21875,140974.921875,158639.28125,230953.34375,226384.421875,234462.828125,215613.921875,180249.640625,173749.15625,161974.78125,154222.703125,208446.34375,188318.328125,249044.515625,263869.59375,294539.59375,261538.21875,187804.078125,166612.4375,259715.609375,217004.1875,252748.28125,213947.125,167694.765625,173198.84375,201645.9375,177406.453125,194014.90625,195992.984375,234268.15625,201417.6875,180532.640625,179574.28125,218211.25,203580.015625,184416.015625,149826.109375,200013.453125,184831.203125,206927.578125,218031.46875,194585.140625,168696.359375,106432.640625,123939.40625,213606.703125,186529.421875,244375.078125,245795.171875,237074.046875,217004.171875,214894.421875,197647.109375,173853.0625,156988.890625,264762.0,253800.359375,183325.9375,167465.359375,246836.34375,168538.453125,299851.0625,283226.28125,237177.3125,238657.328125,249923.140625,229426.921875,183128.171875,174381.46875,196653.28125,195228.703125,205308.0,199074.703125,183059.640625,178878.296875,209680.765625,194955.84375,205677.09375,208637.03125,209140.0,207506.609375,205738.0,202710.140625,200885.171875,192541.796875,234558.859375,226586.15625,231145.5625,245020.59375,186011.5,176016.15625,195911.59375,182195.640625,239606.125,242620.375,224735.125,216280.640625,198445.859375,186682.71875,210361.171875,232538.71875,192973.5625,205095.28125,165610.96875,163542.640625,246661.125,241216.84375,284661.78125,251594.71875,285750.875,249236.5,330677.4375,310720.84375,271070.0625,277337.78125,268732.15625,266701.0,220743.0,210562.34375,194755.234375,217153.03125,239302.109375,218616.125,214231.328125,238273.84375,183446.703125,184646.953125,191147.703125,183795.765625,244679.4375,231472.90625,214423.15625,193068.03125,245587.90625,240965.09375,221760.96875,229105.21875,249533.390625,249814.78125,281764.34375,265665.0625,212077.703125,204905.03125,224422.34375,209593.515625,171552.84375,187048.453125,189764.5,203887.5,218699.828125,198886.890625,224469.359375,217553.171875,178112.703125,171575.28125,210472.734375,182229.859375,216515.21875,218125.734375,278186.71875,277469.65625,261527.1875,199416.671875,151344.609375,154405.53125,166192.25,181335.546875,132941.96875,143491.359375,341922.0625,292788.25,140145.21875,154547.296875,238775.828125,232045.921875,182605.796875,200209.546875,214164.765625,188279.34375,274135.78125,253951.5,244397.546875,277369.96875,250076.640625,297279.53125,319764.5,320966.8125,219219.640625,214568.96875
41,198053.390625,182701.015625,196763.84375,182271.546875,200310.34375,175040.703125,181520.8125,173374.34375,176131.734375,167429.90625,220882.234375,210229.71875,218577.0,200074.015625,249539.734375,202166.953125,225099.625,198798.5625,251566.359375,196082.984375,248905.96875,207510.265625,209870.828125,192839.09375,186231.828125,179425.546875,201477.15625,161709.0625,234056.671875,226433.171875,246444.015625,227899.3125,205035.984375,207228.015625,209207.328125,200834.078125,264368.375,245192.28125,222511.390625,234852.5,223102.09375,223142.046875,210065.03125,172564.09375,170631.625,150132.015625,177179.25,171953.4375,173497.65625,158403.65625,202913.875,215003.75,179558.03125,188888.46875,178242.703125,171833.6875,159159.65625,169379.078125,140967.546875,158603.515625,230765.28125,226082.875,234334.359375,215319.046875,180043.796875,173688.640625,161995.453125,154295.71875,208454.3125,187936.265625,249261.453125,263723.46875,295155.5625,261750.65625,188218.421875,166386.5,259726.03125,217178.59375,252800.03125,214176.546875,167200.8125,172754.5625,201440.125,177456.421875,194249.25,195942.5625,234266.8125,201473.25,180193.0,179646.65625,218455.34375,203408.0,184909.640625,149772.484375,199850.875,184999.34375,207000.09375,218228.296875,194310.65625,168602.515625,105983.796875,123709.1953125,213518.9375,186446.6875,244297.640625,245982.578125,237119.71875,217027.125,214681.40625,197318.328125,172670.984375,156999.71875,264238.625,253528.8125,182225.125,166556.859375,246261.078125,168000.1875,299678.0,284120.34375,236881.71875,238119.46875,249649.296875,229026.328125,183128.171875,174429.046875,196777.15625,195725.34375,205365.75,199106.984375,183061.71875,178992.953125,209623.34375,194877.234375,205783.953125,208405.75,208791.453125,207568.65625,205602.71875,202666.21875,200664.34375,192507.015625,234476.09375,226226.25,230914.4375,244778.59375,185857.5,176059.375,195972.828125,182112.0,239596.6875,242681.96875,224697.203125,216175.4375,198506.453125,186653.59375,210670.375,232466.15625,193036.109375,205024.3125,165771.65625,163601.53125,246802.703125,241982.453125,284262.59375,251828.25,285500.78125,249109.5,331764.625,311485.46875,271601.03125,278243.0625,268835.9375,266594.46875,220593.421875,210393.125,194672.09375,217054.09375,239230.828125,218625.5,213697.625,238267.953125,183472.9375,184915.46875,190882.03125,183741.125,244718.609375,231397.859375,213973.578125,192966.171875,245556.40625,241251.21875,221828.453125,229280.96875,249440.6875,250321.203125,281795.9375,265896.46875,212493.546875,205333.78125,224875.796875,209720.03125,171692.96875,187200.53125,189525.28125,203494.046875,218817.1875,199288.734375,224641.296875,217656.75,178250.578125,170972.140625,210249.75,182317.546875,215841.234375,217605.484375,277312.625,277150.53125,261648.890625,199502.171875,151225.21875,154262.578125,166055.5625,181596.0625,132805.96875,143584.453125,341883.96875,292691.15625,139781.703125,154759.078125,239167.828125,232061.484375,182659.671875,200285.515625,214204.140625,188000.328125,274105.40625,254148.703125,244302.546875,276830.875,249702.71875,297365.78125,319646.40625,321415.125,219709.5,214481.9375
42,197763.015625,182714.5,196891.75,182230.015625,200531.234375,175030.5,181220.46875,173144.421875,175824.46875,167098.84375,220947.15625,210179.375,218592.46875,199834.5,249211.515625,202095.765625,225020.25,198762.890625,251338.828125,195990.75,248609.203125,207727.3125,209488.109375,193057.296875,185745.390625,179396.171875,201678.453125,161753.734375,233916.171875,226533.828125,246517.875,227973.484375,204756.390625,207391.59375,209303.15625,200769.1875,263893.03125,245225.609375,221915.421875,234872.953125,223458.234375,223151.703125,210550.0625,172885.484375,170936.28125,150439.484375,177697.34375,171905.90625,173780.84375,158735.65625,203015.765625,215013.828125,179496.1875,188881.953125,177966.859375,171720.15625,159208.796875,169320.609375,140842.34375,158446.734375,230548.65625,225863.875,234331.46875,215412.546875,179954.65625,173570.875,161864.484375,154208.671875,208564.125,188307.265625,249372.109375,263457.71875,295375.8125,261866.109375,188384.5,166337.84375,259237.171875,216729.6875,253462.703125,214152.828125,167359.328125,172912.515625,201907.546875,177495.9375,194472.59375,195989.65625,234634.03125,201589.015625,180425.84375,179511.859375,218600.515625,203443.96875,185058.6875,149875.421875,200224.953125,185156.484375,207053.328125,218428.59375,194340.328125,169209.796875,106225.15625,123861.40625,213438.453125,186479.859375,244212.78125,246383.28125,237195.96875,217129.625,214213.15625,197502.875,172230.984375,156910.890625,263911.28125,253036.96875,182383.0625,167201.671875,245355.71875,168176.84375,299780.375,283134.3125,236638.921875,237737.078125,249795.515625,228724.375,182967.40625,174267.734375,196657.5625,195987.75,205315.03125,199057.40625,182886.546875,178710.9375,209563.578125,194898.75,206037.4375,208405.53125,208641.34375,207397.84375,205534.828125,202636.953125,200404.5,192406.21875,234297.671875,225913.3125,230829.828125,244593.375,185732.78125,175692.40625,195769.1875,181802.828125,239812.390625,242831.265625,224791.390625,216112.0625,198508.890625,186721.8125,210686.390625,232575.453125,193056.703125,205293.921875,165700.640625,163577.578125,246666.203125,241966.109375,283817.03125,251265.796875,285062.53125,249003.40625,330972.1875,310412.5625,271672.84375,278096.375,268606.0625,266849.21875,220806.609375,210490.3125,194836.59375,216961.96875,239116.046875,218386.375,212984.484375,238514.640625,183273.4375,184885.546875,190695.828125,183673.203125,244708.859375,231616.0625,213881.96875,192770.984375,245717.5,241428.390625,221783.28125,229430.203125,249798.4375,250938.3125,281973.0625,266334.21875,212663.234375,205543.1875,225297.375,209755.34375,171655.5625,187251.671875,189596.21875,203473.3125,218711.578125,199322.140625,224778.390625,217714.4375,178249.71875,171078.203125,210283.84375,182567.546875,215764.875,218846.96875,276691.25,277188.9375,261400.53125,199575.765625,151244.90625,154268.328125,166116.875,181411.625,132749.109375,143687.46875,342012.125,292427.5625,139809.109375,155123.703125,239671.171875,232212.703125,182590.75,199958.15625,214229.40625,188006.25,274876.21875,254356.671875,244209.421875,276892.03125,249819.890625,297720.90625,319609.96875,321244.28125,219478.15625,214219.421875
43,197558.859375,182735.390625,197077.1875,182417.59375,200813.59375,175189.625,181097.78125,173207.53125,175689.21875,166901.921875,220984.78125,210036.4375,218223.625,199510.78125,248882.84375,202144.953125,225126.859375,198769.71875,250833.296875,195785.40625,248458.953125,207643.90625,209320.3125,193388.640625,185689.609375,179295.484375,201648.65625,161506.453125,234195.796875,226733.75,246751.421875,228105.484375,204941.953125,207372.8125,209416.890625,200689.546875,263752.46875,245100.25,222001.96875,234761.453125,223535.578125,223145.46875,211209.65625,172436.796875,171079.125,150390.625,177575.6875,171728.21875,173711.65625,158604.90625,203248.40625,214552.265625,179480.265625,189033.671875,178012.890625,171734.296875,159504.109375,169592.140625,140927.90625,158613.109375,230431.1875,225987.5,234639.40625,215659.125,180076.734375,173742.84375,161984.765625,154286.96875,208563.328125,188264.953125,249324.65625,263473.1875,294824.28125,261630.125,188175.28125,166214.546875,258730.859375,216095.015625,253297.0625,213740.0625,167558.875,172957.734375,202431.953125,177650.59375,194382.90625,196137.8125,234538.5,201469.0625,180721.546875,179260.875,218369.515625,203403.21875,185125.4375,150050.078125,200490.59375,184786.734375,207191.46875,218813.640625,194348.125,169155.125,106625.21875,123789.453125,213584.234375,186454.40625,244326.96875,246447.109375,237203.40625,217081.375,214232.8125,197840.953125,172337.125,156561.328125,263849.84375,252875.4375,181958.8125,167761.28125,245178.21875,168725.90625,299504.3125,282459.1875,236950.03125,237536.828125,249842.34375,228613.625,182947.203125,174503.453125,196720.484375,196098.234375,205531.828125,199292.875,183078.078125,178836.09375,209832.25,194938.890625,206401.796875,208771.53125,208760.875,207345.265625,205804.5625,202657.65625,200336.21875,192297.84375,234440.625,226038.953125,230963.234375,244723.25,185767.859375,175415.625,195735.84375,181794.234375,240023.390625,243101.71875,224957.296875,216266.0,198640.90625,187067.390625,210362.09375,232672.828125,193392.65625,205935.34375,165729.890625,163638.46875,246368.625,241580.25,283687.0,250856.09375,284826.25,248991.125,329504.53125,309410.53125,271043.4375,277576.59375,268072.9375,267060.21875,221025.859375,210689.609375,194801.8125,216919.703125,238851.59375,218123.078125,213614.9375,238825.625,183282.65625,184804.5,191029.265625,183823.296875,244713.84375,231549.40625,213947.546875,192455.234375,246298.375,241643.40625,221781.34375,229607.671875,249876.09375,250905.078125,282348.0625,266748.34375,212828.078125,205492.515625,225336.921875,209789.21875,171698.3125,187097.4375,189717.5,203338.46875,219064.671875,199545.140625,225130.5625,218010.03125,177721.796875,171041.171875,210357.859375,182602.21875,215660.890625,218750.34375,276821.21875,277303.3125,261353.90625,199741.359375,151441.9375,154368.375,166290.453125,181264.640625,132693.9375,143670.859375,341951.625,292276.125,140138.46875,155305.203125,239031.578125,231971.234375,182534.25,199846.765625,214594.28125,188331.78125,274566.9375,253655.53125,244647.421875,277247.03125,250052.53125,297444.71875,319719.15625,320843.4375,219253.8125,214057.09375
44,197372.328125,182545.484375,197016.875,182448.953125,200305.390625,174988.015625,181148.046875,173208.59375,175816.234375,167044.59375,220702.78125,209860.203125,218166.875,199637.515625,248258.09375,202019.90625,225086.578125,198750.953125,250476.609375,195558.5,247904.015625,207261.8125,209012.703125,193292.90625,185709.890625,179194.59375,201178.6875,161402.0,234132.84375,226683.390625,246474.203125,228151.796875,204647.984375,207164.640625,209147.984375,200279.609375,263421.84375,244711.65625,221757.8125,234565.609375,223510.5,223199.421875,211502.9375,172004.34375,170969.296875,150430.1875,177461.1875,172039.9375,173493.96875,158702.640625,203222.515625,214169.21875,179530.0625,189266.140625,178124.59375,172100.515625,159682.609375,170118.15625,141294.375,158922.171875,230336.515625,226053.515625,234850.859375,215855.765625,180192.578125,174036.296875,162117.09375,154438.203125,208848.46875,188573.8125,248941.703125,263177.625,294282.1875,261116.09375,187784.9375,165640.125,259297.203125,216107.59375,252914.640625,213235.1875,167419.59375,172834.046875,202677.234375,177676.890625,194173.09375,196287.75,234324.734375,201252.671875,180880.203125,179054.828125,218245.5625,203229.765625,185345.5625,150147.734375,200651.328125,184436.703125,207289.09375,218718.453125,194303.6875,168814.65625,106856.15625,123377.3671875,213872.65625,186318.203125,244551.890625,246149.71875,237537.296875,216704.625,214637.078125,197848.0625,172774.296875,156467.265625,264259.75,253338.328125,181930.84375,167772.1875,245783.078125,169129.59375,299841.5625,282618.90625,236951.75,237372.296875,249496.28125,228306.921875,183393.671875,175346.609375,197178.71875,196360.265625,206121.671875,199804.015625,183565.75,179571.0625,210253.140625,195243.625,206655.8125,209185.921875,209005.140625,207781.171875,206079.5,202791.0625,200182.921875,192501.34375,234745.46875,226202.46875,230948.109375,244901.484375,186018.53125,175674.578125,195851.359375,182112.328125,240150.921875,243294.78125,224918.703125,216403.5625,198864.828125,187455.5,210158.703125,232547.421875,193745.15625,206438.734375,166020.03125,163829.375,246229.265625,241091.5625,283365.15625,251364.296875,284417.15625,248937.28125,329692.65625,309489.71875,270767.53125,277305.46875,267567.1875,266931.96875,220728.609375,210497.015625,194468.484375,216979.96875,238719.03125,218055.578125,214055.078125,239007.90625,183338.9375,184880.015625,191169.078125,183907.53125,244937.203125,231379.40625,213582.921875,192050.8125,246574.515625,241969.328125,221401.8125,229489.84375,249716.5625,250714.3125,282631.03125,267162.90625,212802.921875,205468.984375,225233.09375,209798.25,171302.8125,186792.140625,189371.15625,202724.296875,219646.09375,200089.078125,225509.46875,218503.5,177949.265625,171235.265625,210768.234375,182296.5,215539.421875,218126.078125,276976.25,277434.25,261786.984375,199839.96875,151603.71875,154255.234375,166309.640625,181379.78125,132615.140625,143759.234375,341638.1875,292345.3125,140359.515625,155174.25,238664.140625,231565.0,182528.421875,199836.953125,214430.84375,188243.328125,273791.28125,253200.125,244613.03125,276829.53125,249746.0625,297109.34375,319406.71875,320792.53125,219532.34375,213878.859375
45,197502.640625,182478.59375,196730.125,182221.5,199165.65625,174420.859375,181241.609375,173191.375,176060.125,167432.484375,220579.453125,209906.640625,218519.703125,200079.5625,247483.484375,201960.59375,225128.65625,199109.6875,250055.921875,195607.078125,247349.453125,207249.375,208612.453125,192876.4375,185667.234375,179445.46875,200913.46875,161537.984375,233866.5,226975.390625,245960.015625,228196.84375,204341.203125,207355.203125,208976.125,200050.703125,263293.3125,244777.5,221421.296875,234929.765625,223647.578125,223218.921875,211699.171875,172370.125,171064.40625,150743.9375,177677.0,172480.28125,173664.734375,159133.640625,203067.578125,214311.46875,179639.6875,189785.640625,178317.984375,172800.34375,159674.25,170637.296875,141742.40625,159095.453125,230627.75,226486.375,234912.65625,216354.578125,180391.578125,174166.21875,162282.15625,154649.90625,209170.875,189366.140625,248638.03125,263217.34375,294455.625,261184.265625,187580.734375,165410.828125,259726.953125,216781.546875,252981.59375,212979.359375,167268.984375,172995.875,202642.21875,177859.609375,194247.734375,196541.578125,234386.828125,201135.328125,180313.8125,178965.84375,218234.109375,203320.53125,185363.359375,150270.625,200467.125,184502.046875,207126.046875,218371.953125,194178.140625,169133.78125,106484.15625,123156.5703125,213678.84375,186042.375,244464.921875,245872.09375,237787.109375,216768.40625,214786.78125,197613.5625,173230.640625,156485.96875,264503.03125,253195.578125,182997.0625,168080.359375,246533.796875,169370.328125,300003.5625,282108.34375,236400.5625,237658.625,249325.65625,228382.796875,184025.234375,176280.59375,197661.046875,196858.21875,206413.8125,200364.09375,183962.015625,180340.421875,210578.328125,195680.765625,206819.140625,209326.03125,209282.828125,208131.828125,206157.875,203145.453125,200212.984375,192822.203125,234825.9375,226269.5,230934.34375,245314.8125,186159.984375,176069.078125,195992.328125,182482.625,240089.84375,243375.171875,224699.546875,216379.984375,199428.34375,187954.125,210648.375,232976.34375,193858.703125,206714.078125,166499.15625,164122.140625,246314.078125,241034.0625,283367.34375,251908.0625,284271.625,248756.9375,330706.9375,309860.8125,271341.875,277399.34375,267688.6875,266928.65625,220414.03125,210218.734375,194369.40625,217127.90625,239133.078125,218478.109375,213464.375,238700.890625,183478.53125,185130.765625,190950.359375,183833.5625,245112.6875,231719.734375,213122.671875,191139.703125,246295.65625,241883.0625,220891.671875,229263.71875,249733.234375,250492.984375,282409.90625,267016.875,212532.21875,205542.046875,225279.203125,209894.828125,170745.96875,186519.015625,188997.421875,202343.921875,219839.953125,200507.203125,225695.0625,218989.40625,178725.015625,171792.421875,211190.546875,182073.640625,215808.65625,218463.484375,276895.0625,277236.0625,262251.3125,200009.3125,151518.015625,154053.125,166335.890625,181691.234375,132731.703125,143934.046875,341722.96875,292718.59375,140417.578125,154924.890625,239100.09375,231610.421875,182360.28125,199758.859375,213746.359375,187877.546875,274025.40625,253619.40625,243831.890625,276350.6875,249159.6875,297265.53125,318978.96875,321285.90625,219719.703125,213752.796875
46,198005.078125,182584.765625,196494.28125,181996.9375,198088.640625,173704.234375,181180.59375,173187.328125,176336.5,167982.25,220778.421875,210031.171875,218686.109375,200125.96875,247023.390625,202209.625,225258.203125,199516.515625,249317.4375,195939.84375,247077.453125,207470.46875,208338.921875,192234.984375,185616.328125,179589.9375,201424.671875,161853.609375,233806.34375,227674.859375,245695.265625,228012.4375,204593.109375,207503.234375,209174.4375,200283.390625,264159.65625,245493.1875,221815.375,235481.65625,223659.171875,223445.890625,211703.125,173567.1875,171513.78125,151241.9375,177828.5,172523.9375,174115.015625,159432.796875,203365.703125,215049.703125,179932.265625,190318.875,178851.484375,173379.515625,159807.40625,171031.171875,142260.03125,159277.65625,231076.4375,227209.921875,234990.9375,217150.46875,180694.796875,174171.46875,162760.09375,155045.828125,208925.984375,189409.875,248616.25,264090.53125,295019.375,262185.96875,187658.546875,165934.0625,258848.453125,217528.65625,252832.0,213470.515625,166949.765625,173172.125,202322.5625,178598.984375,194609.328125,196818.296875,234193.9375,201155.78125,178455.046875,178993.515625,217790.28125,203775.71875,184968.625,150686.515625,199496.03125,184573.515625,206570.171875,218583.15625,193698.71875,169516.390625,105364.1953125,123212.4765625,212932.21875,185730.078125,243948.625,245906.921875,237211.5625,217468.5625,214717.859375,197158.265625,172221.890625,156221.515625,263591.6875,252425.75,182762.3125,167935.171875,246727.15625,169162.703125,299192.5625,282041.6875,236038.0,238251.875,249367.65625,228801.21875,184570.15625,177003.390625,197983.34375,197203.28125,206278.484375,200979.390625,184262.140625,180955.328125,210709.96875,195833.9375,206923.328125,209230.765625,209515.046875,207909.515625,206263.6875,203536.578125,200741.328125,192730.75,234782.125,226352.453125,230986.0,245714.046875,186004.8125,176076.109375,196168.875,182788.328125,239843.578125,243169.609375,224668.5625,216344.09375,200209.5625,188455.015625,211269.234375,233864.0,194041.765625,206956.203125,166968.75,164363.28125,246291.078125,241473.0625,284338.53125,252018.640625,284772.875,248761.078125,330943.71875,310580.65625,272002.84375,277831.21875,268317.0625,267123.15625,220508.59375,210334.484375,194511.984375,217270.0,239579.59375,219043.671875,212769.984375,238206.59375,183928.875,185715.34375,190816.296875,183780.171875,244990.078125,232289.6875,212999.765625,190179.890625,245997.34375,241231.1875,220800.0,229165.03125,249975.09375,250148.1875,282052.15625,266216.125,212365.5,205579.40625,225511.75,210313.0,170555.015625,186259.8125,188720.875,202708.71875,219908.09375,200624.6875,225701.34375,219135.78125,178814.734375,171810.203125,210891.25,182172.546875,215851.546875,218516.859375,276703.90625,276787.21875,262562.65625,200556.328125,151198.453125,154148.953125,166551.875,182264.234375,132887.125,144118.59375,342320.6875,293269.3125,140265.8125,155051.96875,239384.84375,232101.203125,182247.265625,200182.765625,213650.421875,187944.09375,274576.6875,254060.453125,243507.25,276516.4375,249012.28125,297247.8125,318921.4375,321977.65625,219974.984375,213843.609375
47,198332.515625,182525.03125,196512.578125,182005.40625,197712.28125,173317.078125,180941.65625,173180.515625,176429.40625,168228.171875,220865.953125,209984.796875,218482.140625,199973.390625,246994.015625,202428.90625,225107.625,199616.578125,249042.3125,196335.921875,246801.765625,207555.859375,208267.484375,191981.0,185537.359375,179405.484375,201841.484375,162187.1875,233593.375,227775.90625,245765.859375,227827.0,204708.90625,207228.796875,209604.34375,200578.921875,265042.625,245944.53125,222247.96875,235382.578125,223641.0625,223731.078125,211661.1875,174216.421875,171878.109375,151572.609375,177756.125,172359.890625,174568.671875,159484.71875,204019.875,215898.75,180055.390625,190213.796875,179200.4375,173346.734375,159887.90625,170990.0625,142360.65625,159372.34375,230945.0625,227239.015625,234920.640625,217514.28125,180739.484375,174107.78125,162945.234375,155152.171875,208565.0625,189067.765625,248891.796875,264827.71875,295204.125,262993.46875,187989.90625,166621.09375,258206.203125,217713.015625,252800.765625,214267.703125,166763.546875,173343.875,202289.09375,179004.9375,195169.453125,196861.984375,234022.140625,201367.984375,177243.046875,178919.671875,217339.671875,203985.25,184788.5625,151025.21875,198767.640625,184581.171875,206263.78125,218825.09375,193430.484375,169548.0,104765.0390625,123351.328125,212683.34375,185780.359375,243564.265625,246096.78125,236502.453125,217763.40625,214736.9375,196931.5625,170965.390625,156209.3125,262489.5,252662.78125,181752.265625,167482.171875,246284.84375,168958.03125,298928.5625,282731.625,236145.59375,238597.671875,249572.0,228967.390625,184590.375,177117.015625,197927.109375,196809.109375,206129.765625,201178.828125,184254.71875,181101.25,210343.703125,195597.0,206884.046875,209256.140625,209533.28125,207609.375,206294.109375,203511.671875,201130.25,192451.65625,234928.0625,226522.984375,230924.484375,245703.96875,185922.59375,175798.6875,196112.40625,182711.828125,239694.609375,242769.65625,224850.515625,216372.625,200234.203125,188335.78125,211059.875,234045.96875,194109.625,206862.109375,166888.96875,164365.171875,246082.734375,241829.21875,285106.03125,252248.6875,285258.8125,249068.203125,330442.28125,311310.96875,271872.8125,278044.25,268293.90625,267085.25,220524.390625,210576.09375,194631.71875,217337.03125,239667.078125,219086.9375,212294.671875,238115.84375,184298.453125,186093.609375,190803.734375,183702.265625,245087.890625,232583.296875,213289.5,190471.140625,245724.609375,240817.96875,221197.765625,229026.875,250145.984375,250003.234375,281927.59375,265529.0625,212399.109375,205454.21875,225735.828125,210675.4375,170595.390625,186183.515625,188588.125,203297.453125,220001.78125,200446.390625,225408.09375,218761.921875,178455.859375,171672.015625,210468.734375,182450.203125,215454.09375,218491.546875,276480.0625,276940.625,262609.5,200895.5,151010.84375,154487.078125,166668.984375,182582.3125,132758.1875,144273.625,342600.21875,293441.0625,140077.203125,155515.78125,239369.015625,232431.140625,182380.625,200815.078125,214015.328125,188300.15625,274410.6875,253998.234375,243820.390625,276794.4375,249251.921875,296980.03125,318767.78125,322065.75,220450.40625,213905.03125
48,198351.125,182429.5,196691.96875,182169.421875,198407.25,173700.78125,180967.828125,173161.921875,176244.0625,167839.171875,220868.9375,209979.4375,218157.65625,200075.859375,247212.4375,202352.546875,225046.515625,199750.734375,249251.140625,196562.8125,246869.0625,207577.1875,208508.90625,192213.21875,185579.6875,179203.3125,201543.8125,162016.25,233570.703125,227338.625,246048.625,227771.3125,204579.515625,207035.203125,210155.09375,200562.671875,264834.96875,245544.453125,222261.078125,234957.375,223658.828125,223661.421875,211663.921875,173582.84375,171669.3125,151248.421875,177706.453125,172078.3125,174567.34375,159240.984375,204447.1875,216006.8125,179776.53125,189743.71875,178830.46875,172722.96875,159637.625,170409.40625,141855.703125,159166.8125,230513.34375,226756.4375,234746.96875,217254.46875,180327.8125,173953.046875,162539.65625,154735.953125,208521.109375,189042.109375,249342.875,264656.53125,295141.96875,262931.09375,188302.875,167083.953125,258940.8125,217365.390625,253456.578125,214246.875,167118.34375,173670.203125,202533.5,178454.484375,195328.609375,196490.1875,234346.53125,201521.015625,178000.921875,178957.171875,217385.015625,203830.671875,184790.359375,150719.4375,199100.28125,184639.953125,206494.171875,218311.875,193898.25,169690.46875,105248.6171875,123628.4140625,212989.515625,186048.953125,243680.671875,246204.265625,236290.5625,217325.875,214419.671875,197134.71875,171240.9375,156536.6875,262559.625,253635.03125,181929.765625,167870.96875,245898.5,169057.484375,299596.1875,282782.78125,236274.53125,238419.78125,249935.34375,229034.640625,183894.234375,176304.375,197428.59375,196116.375,205882.375,200548.984375,183841.046875,180632.234375,209723.28125,195313.984375,206703.6875,209318.296875,209504.875,207691.703125,206091.828125,203113.03125,201110.78125,192443.6875,235181.375,226687.0,230756.421875,245614.203125,186019.34375,175691.96875,195805.765625,182245.671875,239826.03125,242649.421875,224944.390625,216387.59375,199502.96875,187645.9375,210659.3125,233442.78125,193788.234375,206239.71875,166321.84375,164159.03125,246038.125,241695.640625,284796.71875,252352.96875,285344.75,249011.40625,330330.65625,311364.0625,271296.15625,277411.75,267658.21875,266658.15625,220320.078125,210479.984375,195027.34375,217278.21875,239731.671875,218796.640625,212563.640625,238209.421875,184432.34375,185851.34375,190796.84375,183697.5,245191.28125,232552.578125,214023.21875,192142.90625,245578.421875,241095.203125,221723.109375,229133.109375,250122.78125,250081.3125,281906.3125,265359.1875,212276.953125,205124.5,225361.5625,210399.96875,170785.765625,186560.359375,188936.3125,203867.421875,219909.328125,200040.953125,224954.078125,218222.25,178464.921875,171549.484375,210398.15625,182431.453125,215421.671875,218819.15625,276504.6875,277284.28125,262016.09375,200451.125,151152.296875,154728.921875,166405.59375,182032.28125,132554.84375,144154.8125,342280.375,293167.53125,140036.421875,155647.21875,239688.71875,232584.09375,182345.46875,200813.609375,213978.875,188357.8125,274416.40625,254286.765625,244025.25,276972.40625,249781.6875,297265.75,318731.0,321487.6875,220341.0625,214031.890625
49,198102.828125,182425.875,196571.03125,182070.5,198964.828125,174002.03125,181338.9375,172962.984375,176027.859375,167329.765625,220859.734375,209954.59375,218048.828125,200201.515625,247238.265625,202103.53125,225280.34375,199770.4375,249130.3125,196409.609375,247372.515625,207406.359375,208801.90625,192094.3125,185828.640625,179022.5,201016.265625,161769.53125,234068.171875,227217.203125,246303.3125,227604.0,204557.65625,207162.09375,210319.609375,200269.203125,264236.0625,245031.09375,222291.890625,234882.390625,223364.90625,223433.796875,211537.984375,173190.21875,171256.203125,150772.453125,177776.84375,171947.328125,174254.046875,159054.15625,204301.75,215622.28125,179426.84375,189496.5,178300.359375,171996.109375,159380.15625,169769.703125,141546.09375,158976.890625,230519.03125,226565.90625,234753.53125,216676.71875,179907.640625,173817.859375,162273.953125,154410.71875,208504.3125,189022.96875,249295.890625,264250.875,295324.6875,262581.03125,188162.15625,167126.265625,259878.796875,217332.640625,253884.828125,213929.546875,167183.796875,173645.265625,202315.875,177922.0625,194764.96875,195840.75,234571.609375,201459.84375,178764.546875,179296.359375,217428.296875,203720.171875,184573.890625,150274.46875,199452.984375,184661.734375,206595.015625,217556.9375,194245.40625,169732.46875,105736.0234375,123809.484375,213138.390625,186204.375,243973.734375,246340.359375,236323.234375,217022.65625,214225.109375,197273.5625,172085.046875,156664.5,263447.6875,254029.359375,182690.890625,168339.03125,246158.59375,168945.921875,300497.3125,283169.75,236226.828125,238127.421875,249882.9375,229104.015625,183240.328125,175278.375,197108.71875,195889.390625,205369.8125,199675.9375,183515.53125,180032.21875,209464.578125,195283.828125,206569.375,209130.59375,209634.484375,207958.09375,205862.703125,202797.25,201116.203125,192654.484375,235286.5625,226662.296875,230613.40625,245515.21875,186067.78125,175810.265625,195684.703125,181995.453125,240125.34375,242788.0625,224917.171875,216382.734375,198970.109375,187101.578125,210824.703125,233083.9375,193393.296875,205528.75,165998.28125,163937.421875,246384.1875,241417.953125,284558.0625,252204.703125,285336.34375,248769.515625,331377.84375,311586.21875,271342.21875,276922.84375,267744.25,266421.25,220395.890625,210339.359375,195472.65625,217211.0,239801.796875,218735.484375,213700.140625,238373.328125,184377.09375,185557.09375,190824.203125,183885.703125,244868.046875,232292.125,214388.890625,193295.9375,245964.5,241490.796875,221791.171875,229634.40625,250146.296875,250273.3125,282148.1875,265609.25,211924.109375,204900.6875,224721.34375,209712.828125,170900.1875,186836.484375,189286.625,204179.40625,219864.8125,199587.1875,224851.28125,217942.203125,178862.953125,171152.609375,210438.1875,182176.765625,215994.8125,218704.53125,276972.5625,277303.15625,261407.59375,199970.765625,151341.453125,154692.71875,166137.796875,181440.921875,132555.015625,143919.71875,341944.1875,292951.96875,140027.3125,155315.78125,239923.953125,232683.359375,182150.1875,200490.0,213694.90625,188226.859375,274916.375,254894.375,244042.859375,277225.21875,250357.328125,297807.75,319138.59375,321051.90625,219678.390625,214467.421875
50,197590.734375,182509.734375,196516.796875,182121.21875,199285.25,174414.03125,181495.75,173119.59375,175895.109375,167075.53125,220642.609375,209945.046875,218387.453125,200344.078125,247637.296875,202033.34375,225206.109375,199488.171875,250218.40625,196187.90625,248425.15625,207569.03125,209314.609375,192873.65625,186174.828125,179355.859375,200668.9375,162297.984375,234252.5625,227359.46875,246826.8125,228368.4375,204522.9375,207709.140625,209799.0625,200408.359375,264049.875,245246.5,222434.84375,235238.5,223234.15625,223262.0,211194.5,172963.375,171035.28125,150494.59375,177816.078125,172548.03125,173927.5625,158889.890625,203298.296875,215484.828125,179132.21875,189275.296875,177862.3125,171603.515625,159190.171875,169224.625,141203.265625,158880.234375,230772.46875,226425.65625,234730.171875,215779.046875,179870.4375,173721.453125,162019.046875,154213.703125,208662.71875,188919.0,248756.328125,264002.09375,294872.78125,261889.875,187654.15625,166589.25,260531.640625,217547.171875,253530.078125,214072.796875,167284.078125,173295.234375,202197.5625,177639.53125,194131.515625,195408.46875,234528.171875,201566.03125,179931.40625,179515.78125,217824.890625,203162.640625,184908.078125,149866.734375,200148.546875,184924.09375,206943.15625,217109.546875,194524.421875,169078.734375,106542.4609375,123608.6796875,213873.890625,186512.5625,244350.140625,245897.890625,237175.203125,216642.65625,214920.09375,197308.3125,173037.046875,156774.4375,264684.78125,253808.78125,183249.484375,167749.1875,246197.828125,168808.65625,301063.15625,283062.125,236507.484375,237970.09375,249459.203125,228943.21875,182876.59375,174484.140625,196822.34375,195549.890625,204990.6875,198978.765625,183137.875,179127.765625,209365.859375,195157.796875,206397.765625,208818.09375,209367.6875,208008.671875,205561.8125,202463.09375,200702.3125,192941.71875,234958.6875,226390.46875,230464.953125,244830.65625,186177.15625,175810.6875,195679.21875,182003.890625,240205.4375,242784.515625,224973.3125,216422.734375,198503.375,186751.796875,210585.546875,233143.109375,192920.796875,205005.734375,165669.796875,163673.21875,246545.109375,241434.0625,284353.46875,251982.828125,285413.21875,249463.9375,331431.5625,311504.625,271561.3125,277667.59375,268425.75,266992.21875,220818.28125,210614.375,195303.578125,217324.046875,239678.546875,218642.671875,214315.921875,238617.359375,183773.125,185156.703125,190913.234375,183912.796875,244998.640625,231765.078125,213736.21875,192753.234375,246295.90625,241374.984375,221709.3125,229769.9375,250037.21875,250113.921875,282455.5625,265903.25,211956.515625,204959.0625,225022.296875,209021.84375,171110.671875,186909.75,189716.296875,203690.515625,219811.265625,199108.03125,224808.71875,217691.265625,178402.109375,171127.390625,210671.09375,182292.421875,216018.65625,218591.453125,277238.4375,277484.8125,261228.34375,199486.28125,151289.015625,154215.015625,166143.15625,181305.90625,132436.296875,143590.25,341865.5625,292761.75,140246.53125,154879.4375,239148.875,232339.875,182339.171875,200478.140625,214031.671875,188357.453125,274461.125,254489.953125,244539.625,277178.21875,250490.6875,297653.4375,319617.3125,320763.71875,219697.765625,214814.890625
51,197421.109375,182794.28125,196955.015625,182667.40625,200576.90625,175561.703125,181366.703125,173964.015625,175866.75,167042.90625,220614.546875,210351.703125,218967.296875,200742.328125,249113.0,202291.671875,224980.84375,199274.265625,252736.203125,196360.328125,249803.125,208368.171875,210170.53125,194675.234375,186367.25,180271.71875,200846.78125,162837.59375,233918.609375,227142.703125,247347.3125,229858.671875,204477.421875,208464.140625,209153.28125,201267.734375,263872.15625,245765.578125,222630.078125,235676.5,223628.875,223258.03125,210674.046875,172039.546875,170663.921875,150045.875,177754.921875,173211.28125,173514.953125,158430.890625,202217.953125,215336.3125,178946.0625,188974.296875,177536.40625,171634.40625,158941.890625,168664.484375,140403.75,158637.8125,230798.1875,226169.65625,234504.4375,215079.734375,179976.203125,173581.15625,161490.625,153871.09375,208866.46875,188676.40625,248913.984375,263492.875,293814.3125,260935.546875,187471.21875,166113.71875,260927.296875,216982.03125,253033.84375,214073.6875,168061.046875,173014.734375,202460.5,176993.09375,193960.546875,195271.984375,234458.421875,201732.3125,182381.828125,179426.546875,219051.890625,202324.34375,185410.46875,149205.5,201662.5,185045.25,207889.484375,217053.375,195343.71875,168360.515625,107964.421875,123327.515625,214864.9375,186629.125,244856.53125,245006.9375,238471.21875,215992.703125,214993.46875,197405.875,174253.0,157051.0,265743.0,253452.078125,183274.921875,167040.515625,245295.71875,168565.765625,300860.34375,281420.46875,237196.6875,237797.34375,249462.125,228704.90625,182476.0,173858.609375,196093.328125,194830.546875,205064.578125,198514.765625,182442.015625,178090.4375,209192.484375,194815.875,205809.875,208466.03125,208713.859375,207727.75,205299.484375,202185.609375,199850.640625,193033.296875,234253.9375,225941.484375,230397.421875,244061.296875,186280.1875,175760.25,195486.703125,181872.1875,239846.75,242737.171875,225026.171875,216456.75,197857.484375,186396.25,209721.375,233008.40625,192416.828125,204746.609375,165063.40625,163320.734375,246195.875,241373.34375,283353.78125,251306.28125,285290.8125,250241.6875,329476.9375,310297.75,271089.53125,278440.9375,268467.46875,267573.46875,221065.015625,210946.359375,194939.5625,217565.8125,239600.15625,218399.375,213823.421875,238614.109375,183107.65625,184555.0,191084.515625,183802.359375,245444.765625,231458.078125,213170.046875,192212.703125,245935.859375,240963.625,221996.140625,229233.59375,249578.0,249621.75,282229.75,266057.8125,212376.765625,204934.46875,225679.703125,208591.4375,171645.9375,187245.625,190515.875,203101.53125,219198.125,198642.671875,224274.140625,217245.859375,177268.140625,171647.015625,210930.515625,182476.984375,215440.5,219214.46875,277093.28125,277697.84375,261173.234375,198824.75,151202.25,153775.6875,166254.90625,181268.046875,132246.1875,143145.984375,342033.375,292732.28125,140576.484375,154608.734375,238856.75,232049.078125,182710.5,200588.0,214617.75,188537.578125,273872.71875,253997.03125,245260.859375,277345.3125,250407.71875,297350.40625,319828.125,320455.21875,220504.5625,214906.78125
52,198031.828125,182965.203125,196966.0625,182698.546875,200966.671875,175577.375,181274.875,174204.9375,176037.875,167382.375,221129.296875,210764.296875,219344.484375,200971.21875,250043.046875,202422.5,225147.203125,199200.359375,253187.25,196472.4375,249831.59375,208290.1875,210292.875,194103.703125,186283.375,180313.703125,202031.84375,162569.078125,233828.21875,226749.984375,246812.578125,229710.15625,204602.90625,208625.703125,209065.890625,201628.671875,263502.5625,245628.53125,222634.765625,235814.921875,223692.59375,223534.6875,210523.5,172270.6875,170507.75,150062.34375,177701.03125,172749.9375,173613.515625,158476.609375,202660.90625,214891.34375,179142.9375,188983.875,178174.9375,172014.234375,159146.84375,168873.171875,140562.546875,158713.015625,230879.0,226217.875,234534.484375,215412.828125,180127.515625,173701.328125,161799.796875,154118.546875,208214.421875,188152.109375,249584.53125,263628.15625,294001.09375,260824.78125,187839.078125,166336.828125,259678.0625,216119.71875,252368.234375,214085.75,167734.734375,172522.703125,201590.0625,176607.15625,193888.609375,195194.421875,234126.96875,201403.953125,181647.65625,179289.890625,219182.0,202784.609375,184521.6875,149178.4375,201079.96875,184276.359375,207431.5625,217645.34375,195206.828125,168670.453125,107492.140625,123454.125,213896.140625,186041.09375,244903.96875,245490.21875,237905.765625,216457.359375,213641.90625,197380.4375,174307.71875,156960.234375,265114.875,253327.671875,182661.390625,167206.015625,245332.375,167872.703125,300407.5625,281647.84375,237205.640625,237931.59375,249590.296875,228654.9375,182751.625,174186.828125,196101.671875,195164.671875,205331.0625,198916.515625,182504.046875,178460.3125,209454.359375,195013.84375,205395.34375,208336.9375,208914.734375,207535.0625,205716.578125,202595.015625,200202.46875,192558.078125,234010.046875,225749.15625,230815.921875,244435.734375,186101.40625,176107.28125,195645.96875,181972.171875,239626.5625,243168.25,224976.515625,216551.671875,197976.796875,186491.28125,209645.921875,232635.84375,192738.875,204994.140625,165304.953125,163350.59375,246182.265625,241404.171875,283181.5,251106.828125,284981.625,249556.90625,329510.84375,310228.625,270929.5625,278180.46875,268140.1875,267114.9375,220928.859375,210972.203125,194887.734375,217711.4375,239736.015625,218699.75,213277.203125,238570.90625,183294.5625,184701.890625,191212.75,184014.28125,245164.453125,232030.84375,213540.9375,192838.4375,245734.34375,241145.96875,221964.03125,228849.46875,249365.984375,250061.03125,281949.5625,266526.84375,212281.03125,204757.59375,225292.828125,208924.484375,171469.640625,187124.09375,190186.578125,203360.625,218655.3125,198728.046875,224148.546875,217285.703125,177863.046875,171736.5,210766.296875,182080.203125,215770.171875,219155.671875,277131.21875,277446.1875,262024.375,199484.34375,151292.25,154169.609375,166474.46875,181945.90625,132564.25,143399.546875,342694.96875,293557.25,140240.921875,154842.359375,240200.34375,232508.8125,182613.109375,200606.84375,214167.078125,188497.515625,275009.90625,254878.0625,244898.40625,278107.625,250277.078125,297742.15625,319694.78125,321087.375,220719.0,215033.90625
53,198672.578125,182781.96875,196437.25,182159.8125,199123.5625,173923.5,181203.953125,173504.21875,176304.125,167984.453125,221436.9375,210509.390625,219409.265625,200691.796875,249240.171875,202249.0625,225213.578125,199376.65625,251584.125,196444.984375,248513.671875,207338.171875,209516.34375,191470.1875,186307.1875,179457.75,203969.015625,162304.15625,233750.34375,227204.15625,245684.015625,228480.03125,204811.0625,208168.390625,209557.21875,201118.515625,263648.84375,245142.21875,222287.734375,235920.734375,223420.203125,223793.84375,211121.328125,173798.65625,171226.515625,150938.375,177845.03125,172043.453125,174206.390625,159265.578125,204297.625,214914.71875,179512.421875,189388.921875,179425.578125,172569.875,159846.796875,170152.203125,142062.375,159293.125,231291.71875,226571.4375,234878.265625,216511.96875,180553.6875,174288.390625,163044.84375,155078.203125,207278.046875,187507.96875,249722.890625,265195.5625,295365.03125,261812.828125,188139.90625,167035.0625,257442.078125,216127.71875,251799.3125,214649.140625,165974.8125,172308.484375,199788.359375,177108.953125,193779.15625,195567.53125,233660.46875,201145.234375,176916.1875,179297.75,217266.09375,204213.140625,183087.328125,150009.0625,197887.125,183691.625,205206.265625,218515.40625,193532.703125,169487.078125,104864.1875,123935.65625,211763.484375,185556.265625,244134.28125,247136.75,235700.140625,217671.21875,213131.984375,197214.328125,172444.109375,156483.9375,262955.5,253357.75,182127.90625,167350.71875,246707.75,167500.53125,299722.53125,283442.21875,236351.921875,238482.328125,249388.78125,229040.5625,184120.796875,175628.53125,197492.0625,196931.421875,205567.078125,200284.796875,183766.90625,180303.78125,210164.5,195920.0625,206038.40625,208928.9375,209950.015625,207974.25,206421.609375,203491.265625,201639.96875,192028.03125,234441.78125,226204.390625,231391.109375,245476.390625,186179.265625,176789.75,196508.703125,182688.359375,240064.46875,243999.9375,225106.484375,216870.328125,199029.53125,187186.171875,210521.140625,232501.421875,193813.984375,205645.84375,166691.59375,164028.59375,246829.34375,241959.234375,284850.78125,251986.703125,285378.75,248664.40625,332190.28125,310987.5625,271797.96875,277721.5625,268561.96875,266549.3125,220832.203125,210920.546875,194610.203125,217466.96875,239894.03125,219372.8125,213219.515625,238862.90625,183991.078125,185700.796875,191197.171875,184288.921875,244773.25,232759.765625,214042.296875,193206.015625,246344.25,242077.484375,221359.59375,229232.046875,249613.296875,251239.984375,282291.0625,267347.375,211741.703125,204919.984375,224388.609375,209907.46875,170386.046875,186327.546875,188445.53125,203886.75,219359.859375,199721.46875,225063.546875,218237.265625,179604.53125,170877.109375,210237.6875,181623.09375,216357.5,217510.625,276982.28125,276917.9375,263274.78125,201115.546875,151285.09375,154967.640625,166341.515625,182687.71875,133148.46875,144441.796875,343544.21875,294623.9375,139482.90625,155537.671875,240756.765625,232930.78125,182233.296875,200801.890625,213180.484375,188477.125,276166.03125,255684.953125,243768.71875,277622.4375,249982.9375,297941.15625,319644.875,322397.3125,220110.75,214983.796875
54,198529.1875,182468.625,196146.578125,181905.265625,197825.59375,172813.28125,181117.15625,173100.640625,176489.09375,168384.703125,221153.078125,210065.484375,219311.84375,200368.34375,248198.421875,202129.578125,224778.265625,199701.234375,250907.359375,196742.359375,247792.40625,207176.171875,208937.09375,190369.546875,186422.109375,179155.265625,205368.265625,162324.75,233197.984375,227998.234375,245180.765625,227944.96875,204883.25,207582.203125,210124.90625,200817.875,264509.40625,245149.5,222164.109375,236130.265625,223621.140625,223880.0,212086.703125,174264.15625,172206.609375,151541.859375,177978.546875,172165.09375,174668.78125,159737.328125,205525.703125,215507.0625,179615.09375,189731.484375,179689.6875,172793.96875,160071.796875,170903.921875,142962.34375,159533.9375,231605.71875,226933.921875,234947.421875,217218.3125,180905.671875,174705.71875,163623.640625,155508.875,207318.0,186820.84375,249996.453125,266579.875,296260.25,262835.0625,188423.921875,167833.546875,257065.578125,216442.046875,252624.8125,215152.609375,165226.15625,173120.390625,199262.140625,177974.65625,194266.9375,196348.0625,233700.90625,201603.21875,174400.84375,179455.6875,215787.984375,204945.21875,182799.0,150588.21875,196210.90625,184314.859375,204213.78125,218812.8125,192494.484375,169954.640625,103504.546875,124336.3203125,211237.015625,185816.453125,243208.28125,247927.859375,234660.484375,218089.5625,214317.71875,197149.953125,170538.515625,156369.484375,261886.71875,253362.078125,182134.5625,167323.4375,246491.40625,167804.140625,298803.4375,282791.15625,236070.515625,238964.21875,249516.015625,229688.109375,185199.625,176576.078125,198600.796875,198048.671875,205682.578125,201205.90625,184616.546875,181442.859375,210451.859375,196418.609375,206926.421875,209706.96875,210461.59375,208655.03125,206426.03125,203932.09375,202253.75,192127.125,234833.765625,226786.328125,231408.609375,245788.96875,186804.34375,177232.765625,197084.328125,183243.484375,240508.796875,244304.71875,225319.5625,217046.140625,199755.484375,187601.828125,211161.09375,232716.109375,194230.046875,205879.546875,167602.59375,164544.90625,247214.921875,242051.625,286482.59375,252004.390625,286515.09375,248647.6875,332597.875,309204.6875,272213.65625,277369.875,269177.4375,266638.90625,220896.53125,210853.46875,194239.140625,217002.6875,240023.96875,219612.734375,213719.046875,239258.0625,184603.625,186427.78125,191250.875,184283.71875,244957.765625,232785.40625,214213.109375,192895.625,246644.984375,242575.171875,220945.4375,229711.984375,249724.046875,251579.34375,282528.21875,267531.125,211448.234375,205434.65625,223926.203125,210594.65625,169814.921875,185946.453125,187461.75,204098.34375,220506.09375,200814.625,225592.828125,219069.15625,179530.921875,170178.171875,209836.515625,181832.546875,216024.671875,216495.46875,276689.15625,276728.65625,263071.03125,201499.28125,151160.484375,155322.84375,165815.84375,182046.140625,133382.359375,145146.3125,343774.9375,294723.59375,139196.421875,155975.421875,239624.390625,233185.09375,182145.78125,201202.515625,213083.046875,188481.28125,275575.875,255320.15625,243477.640625,276499.8125,250139.921875,297494.5625,319775.28125,322828.625,219804.203125,214735.375
55,198079.984375,182348.65625,196154.953125,181818.78125,198685.515625,173244.59375,181251.515625,173314.921875,176513.203125,168309.796875,220919.40625,209983.75,218711.375,199983.53125,248113.75,201945.71875,224541.3125,199316.28125,250682.0,196321.96875,247944.875,207076.171875,209015.4375,191018.640625,186209.078125,179212.703125,204456.59375,161422.265625,233059.15625,227255.40625,245274.765625,227155.6875,204843.578125,206888.6875,210128.453125,200419.421875,265122.3125,245021.71875,222483.46875,235499.953125,223504.3125,223478.34375,212541.515625,173315.65625,172356.609375,151217.328125,177407.375,171863.453125,174924.796875,159617.21875,205403.296875,215024.015625,179521.828125,189304.140625,178994.859375,172341.796875,159612.578125,170199.765625,142406.9375,159147.75,231422.890625,226590.6875,234525.015625,216471.09375,180621.5625,174344.78125,163043.59375,155040.375,207997.484375,186706.3125,250420.453125,265846.0625,296242.8125,262723.53125,188979.125,167776.921875,258776.5,216321.296875,254028.203125,214965.8125,166033.015625,173650.5,200228.375,178341.53125,194983.890625,196454.578125,234215.71875,201741.390625,176262.21875,179705.515625,216199.0625,205085.890625,183742.828125,150652.671875,197454.453125,185089.109375,205410.5625,218573.453125,193128.703125,170278.515625,104097.953125,124707.8671875,212323.59375,186367.390625,242942.046875,247457.921875,235351.4375,218142.015625,215395.1875,197414.5625,170902.28125,156920.296875,262908.9375,253663.78125,182735.8125,167935.890625,245304.421875,168246.703125,298906.78125,281560.875,236591.109375,238733.46875,249727.8125,229451.890625,184785.953125,175994.296875,198244.25,197303.046875,205498.125,200442.09375,184036.09375,180691.484375,210013.796875,195812.359375,206813.8125,209594.578125,210073.5,208604.28125,206041.84375,203432.25,201944.9375,192273.484375,234889.296875,226720.75,231186.4375,245180.15625,186971.140625,177145.390625,196641.640625,182874.390625,240317.859375,243753.453125,225232.0625,216768.03125,199404.0,187029.546875,211162.625,232577.171875,193665.875,205194.75,167060.8125,164266.765625,246953.890625,241286.90625,286187.9375,250827.4375,286723.25,248266.78125,330812.3125,307293.25,271437.40625,276513.9375,268938.8125,266175.53125,220872.203125,210758.546875,194434.953125,216794.515625,239673.890625,219167.953125,214690.8125,239447.71875,184573.453125,185991.9375,191324.140625,184156.828125,245017.84375,232185.046875,214470.59375,192829.796875,245851.625,242033.96875,220956.359375,229589.3125,249826.421875,251091.265625,282019.53125,266771.375,211328.71875,205680.625,223673.375,210529.171875,170124.703125,186247.875,188061.984375,204186.375,220448.96875,200988.96875,225042.328125,218847.015625,178290.4375,170131.640625,209887.359375,182078.28125,215828.25,216827.75,276999.1875,276821.40625,262270.8125,200594.421875,151169.484375,155073.609375,165884.453125,181140.65625,133260.0,144792.21875,343268.9375,293971.3125,139298.5,155636.140625,238884.28125,233682.15625,182375.3125,201064.171875,213765.03125,188326.5,274668.5,254750.5,244107.34375,276998.9375,250684.03125,297647.0625,319950.40625,322548.65625,219556.59375,214663.0625
56,198020.25,182562.953125,196503.875,181914.015625,199971.046875,174399.640625,181449.78125,173540.921875,176288.953125,167812.828125,220940.828125,210095.296875,218059.78125,199605.375,248687.34375,201822.109375,225049.625,198547.3125,250557.5,195266.421875,248521.296875,206605.90625,209642.671875,192139.140625,186098.890625,179102.0625,201957.3125,160592.375,233626.0625,226058.703125,245874.5,226799.515625,204894.71875,206752.515625,209529.765625,199897.0,264950.03125,244641.640625,222592.46875,234533.34375,222821.578125,222847.703125,211756.109375,172436.484375,171511.578125,150520.734375,176811.28125,171240.34375,174610.390625,159260.484375,203904.484375,214140.953125,179523.421875,188581.140625,178513.0625,171806.984375,159265.09375,169333.25,141422.640625,158774.90625,231092.53125,225709.09375,234267.84375,215091.40625,180114.640625,173750.703125,162265.984375,154508.90625,208572.921875,187635.421875,249900.265625,264166.9375,295584.8125,262055.515625,188896.65625,166583.34375,260114.578125,216618.78125,253853.59375,214373.671875,166905.921875,173225.203125,201154.9375,178056.453125,194832.296875,195867.65625,234443.28125,201179.796875,178763.921875,179904.03125,217268.015625,204638.0,184847.859375,150447.640625,199124.328125,185297.296875,206667.28125,218333.0625,194018.578125,170174.453125,105031.3046875,124923.328125,213302.453125,186665.53125,243520.25,246433.171875,236352.078125,217927.203125,215345.765625,197600.6875,172594.8125,157480.515625,264042.9375,253953.859375,183338.21875,167985.109375,245733.15625,168360.578125,299873.0625,282437.875,236868.078125,237957.421875,249356.078125,228404.8125,183595.34375,174851.109375,197168.734375,196097.28125,205319.53125,199196.140625,183154.59375,179289.171875,209639.40625,195004.953125,206185.859375,208806.3125,209367.75,207930.3125,205986.625,202626.1875,201460.65625,192102.78125,234702.390625,226253.3125,231196.453125,244611.09375,186256.171875,176606.421875,195969.125,182199.515625,239905.421875,243117.734375,225020.75,216479.59375,198746.390625,186390.34375,210864.203125,232271.734375,193203.796875,204689.859375,165999.8125,163727.875,246646.796875,241114.671875,284680.5,250525.78125,285783.5625,247998.515625,330692.46875,309142.40625,270995.90625,276445.75,268656.375,265675.40625,220924.96875,210827.65625,194817.0625,217018.4375,239028.53125,218516.8125,214695.203125,239130.734375,183827.359375,185019.359375,191180.09375,183999.984375,244806.078125,231507.375,214336.75,192444.640625,245243.375,241328.421875,221197.9375,229256.59375,250053.4375,250545.03125,281669.875,266155.78125,211630.234375,205416.46875,223903.09375,210049.90625,170756.546875,186733.359375,189195.0625,203954.0625,219461.359375,200247.15625,224622.625,218147.5,177992.96875,170193.46875,210398.546875,181828.09375,216028.53125,217248.625,277313.1875,276919.90625,262173.84375,199932.53125,151212.609375,154469.3125,166426.953125,181208.921875,132885.484375,143854.046875,342766.1875,293310.1875,139509.75,154978.703125,239052.53125,233324.921875,182645.28125,200439.578125,214337.921875,188187.21875,274682.9375,254560.8125,244656.5,277749.15625,250448.21875,298263.15625,320276.625,322239.3125,219330.046875,214631.328125
57,198178.75,182720.65625,196929.328125,182389.59375,200103.21875,175169.109375,181385.34375,173435.046875,176062.453125,167299.828125,220888.796875,210182.671875,218485.765625,200099.8125,249103.515625,202308.703125,225667.953125,198746.28125,251510.359375,195603.21875,249324.28125,207172.078125,210244.0625,193291.578125,186434.078125,179237.671875,200858.65625,161937.3125,233895.609375,226831.296875,246939.140625,228491.0,205021.84375,207519.296875,209034.34375,200569.453125,264552.84375,245223.296875,222371.890625,235052.125,222984.53125,223142.5,210329.765625,172637.546875,170663.171875,150113.890625,177472.40625,172063.203125,173787.25,158703.8125,202494.765625,215295.609375,179759.28125,188860.375,178540.375,171853.0625,159373.09375,169341.046875,140973.296875,158816.96875,231053.125,225844.15625,234598.3125,215225.21875,180152.90625,173743.375,161996.4375,154345.5,208715.78125,188512.515625,248901.84375,263978.25,294685.96875,262288.65625,187843.453125,165962.25,259644.890625,217677.90625,252442.96875,214220.9375,167215.90625,173215.328125,201327.234375,178013.953125,193869.0625,195648.15625,234193.015625,201057.578125,179373.515625,180024.125,217936.65625,203152.75,184790.78125,150213.5,199638.65625,185549.65625,206598.046875,218220.125,194021.875,169482.828125,106102.9765625,124526.390625,213312.4375,186701.484375,244539.9375,245692.046875,237013.234375,217031.046875,214463.078125,197220.25,172719.84375,157584.53125,264103.59375,253772.8125,182960.859375,166836.125,246170.96875,168021.46875,300325.59375,283086.84375,236549.640625,237682.21875,249096.953125,228192.8125,182967.4375,174418.453125,196586.265625,195704.03125,205559.1875,199308.46875,183099.453125,178880.484375,209817.890625,195000.015625,206234.046875,208340.765625,209053.546875,207411.765625,206169.40625,202536.421875,200945.625,192229.578125,234525.734375,226005.21875,231152.5,244754.0,185685.15625,176000.78125,195809.09375,182132.5,239809.171875,242811.359375,224972.4375,216464.515625,198871.28125,186815.34375,210546.203125,232815.875,193383.671875,205403.953125,165589.375,163570.640625,246471.390625,241698.140625,283924.6875,251034.234375,285291.03125,249156.953125,331208.0625,311302.53125,271366.6875,278034.0,268956.34375,266708.1875,221100.421875,210913.765625,194929.515625,217401.078125,239216.78125,218379.375,213248.671875,238440.5625,183445.5625,184766.6875,191012.515625,183896.625,244836.046875,231572.984375,213368.71875,191450.546875,245682.65625,240978.28125,221587.90625,229021.109375,249747.296875,250117.8125,282081.21875,266127.71875,212538.875,205000.71875,225049.03125,209549.671875,171575.03125,187084.109375,190008.140625,203454.796875,218923.4375,199286.46875,224851.3125,217799.859375,178130.53125,170921.953125,211090.546875,181798.140625,216000.4375,218359.84375,277183.03125,277376.9375,261889.90625,200081.421875,151170.234375,154095.546875,166560.765625,181611.46875,132444.6875,143473.6875,342504.875,293094.0625,139993.765625,154733.921875,239303.90625,232163.34375,182725.40625,200311.875,214381.859375,188200.0625,274849.875,254362.859375,244694.546875,277422.65625,249709.640625,297818.3125,319994.625,321481.875,220146.09375,214542.921875
58,198137.984375,182623.875,196817.3125,182599.390625,199393.5625,175011.296875,181526.84375,173495.421875,176308.28125,167304.53125,220551.953125,209856.34375,218738.515625,200601.65625,248622.46875,202747.671875,225591.078125,199487.890625,251481.015625,196699.40625,249327.859375,208177.640625,210029.8125,193591.234375,186429.015625,179696.078125,200481.84375,163311.734375,233840.796875,227973.78125,247391.84375,229855.078125,204980.1875,207907.546875,208874.734375,201523.828125,264269.5,246216.421875,222534.8125,236196.265625,223461.796875,223503.875,209603.984375,172790.65625,170450.359375,150059.96875,177876.65625,172789.015625,173050.359375,158039.84375,202237.59375,216569.515625,179956.3125,189488.875,178640.671875,172228.703125,159593.109375,169684.171875,141234.953125,159106.375,231104.578125,226862.015625,234808.90625,216471.21875,180624.3125,174108.84375,162272.765625,154420.046875,208569.1875,188643.03125,248583.75,264596.65625,294244.875,262792.90625,187119.15625,166534.15625,259140.046875,217764.265625,251924.96875,214514.609375,167264.8125,173479.59375,201442.265625,178154.75,193284.5625,196019.515625,233993.109375,201372.6875,179458.484375,180141.90625,218235.703125,202328.796875,184403.359375,150330.296875,199745.828125,185812.34375,206231.828125,218182.46875,193839.0625,169082.671875,106991.921875,124033.328125,213193.40625,186871.0,245110.890625,245774.5,237338.734375,216548.296875,213844.921875,197161.953125,171902.203125,157594.3125,264002.71875,253683.03125,182221.234375,166683.984375,245663.078125,168118.984375,300352.15625,282482.75,236131.609375,237998.96875,249483.0625,228907.6875,183089.171875,174749.5,196852.796875,195837.703125,205892.984375,199946.6875,183462.59375,179493.703125,210017.734375,195319.609375,206678.296875,208609.09375,209278.640625,207189.453125,206130.28125,202989.75,200560.53125,192636.625,234569.046875,226064.3125,230989.0625,245240.3125,185992.828125,175964.296875,195907.515625,182471.125,240109.546875,242773.859375,224995.0,216481.828125,199276.484375,187395.0625,210401.796875,233553.0,193588.671875,206282.734375,165862.828125,163877.59375,246217.578125,241713.640625,283517.5625,250900.125,285246.03125,250216.265625,330073.0,310140.5625,271396.1875,278803.46875,268761.84375,267818.65625,221004.578125,210764.328125,194824.875,217174.8125,239452.296875,218308.515625,212583.234375,238369.5625,183380.9375,184842.390625,191007.78125,183908.84375,244689.59375,231755.265625,212888.578125,191683.03125,246236.9375,240979.125,221841.796875,228871.0625,249416.09375,250120.515625,282515.03125,266177.21875,212822.96875,204780.0,225794.203125,209368.53125,171951.78125,187030.25,190110.171875,203501.40625,219136.5,198810.046875,225171.484375,217835.875,177853.390625,171760.984375,211157.6875,182126.578125,215939.15625,219587.6875,276962.96875,277745.03125,261016.65625,199783.6875,151099.515625,154205.59375,166221.953125,181602.421875,132366.234375,143713.390625,341571.125,292403.125,140552.484375,154896.796875,239364.421875,231721.90625,182695.078125,200296.671875,214098.03125,188289.375,274179.59375,253683.875,244337.78125,276843.3125,249622.03125,296857.25,318763.1875,320376.78125,220586.859375,214603.015625
59,197840.265625,182758.203125,196601.375,182436.5,199230.0625,174637.484375,181847.578125,174144.03125,176625.203125,167645.046875,220229.546875,209512.921875,217777.421875,199870.953125,247991.90625,202461.796875,225054.53125,199785.0625,250040.96875,196915.09375,248556.0,208658.734375,209288.890625,193243.875,185756.765625,180446.75,199075.0,162412.6875,233918.5,227471.0625,246861.4375,229263.3125,204675.8125,207546.34375,208999.734375,201143.203125,263747.46875,246169.09375,222784.546875,236072.953125,223188.828125,222910.578125,209943.640625,171342.765625,170403.21875,149872.828125,176661.390625,171741.859375,172531.171875,157557.9375,202329.3125,215256.296875,179621.8125,189404.9375,178281.875,172433.65625,159495.984375,169607.640625,141497.71875,159118.515625,230942.28125,227288.953125,234538.234375,216935.59375,180755.046875,174227.546875,162586.578125,154506.375,208705.265625,188594.125,249232.765625,264355.21875,294422.5,262282.90625,187516.84375,166944.140625,260182.71875,216227.53125,252953.015625,214080.3125,167518.828125,173203.265625,202431.078125,177350.53125,193869.671875,196476.578125,234152.9375,201495.140625,181057.484375,179756.09375,218558.515625,203028.46875,185212.96875,150136.78125,200668.703125,185232.0,207042.640625,217932.140625,194481.0625,168866.078125,107337.6875,123676.1796875,214040.984375,186832.296875,244723.625,245842.125,237574.96875,216589.5625,214322.03125,197821.9375,172779.390625,157285.359375,264230.34375,253577.390625,182211.71875,167788.171875,245650.65625,169105.40625,300342.6875,282156.375,236613.03125,238320.578125,250095.84375,229571.859375,183176.609375,175104.890625,197093.828125,195848.15625,205861.765625,199734.296875,183424.34375,179986.65625,209750.84375,195226.796875,206314.1875,209160.6875,209247.125,207281.234375,205643.9375,203176.34375,200083.359375,193115.640625,234549.5625,226463.171875,230923.171875,245675.21875,186445.78125,176199.453125,195962.53125,182460.5625,240320.0,242976.640625,224930.1875,216427.171875,198852.9375,187143.015625,210307.1875,233529.9375,193176.875,206176.8125,166039.625,164207.0625,246090.15625,241544.90625,282506.71875,250899.109375,284728.03125,249954.984375,328512.21875,308981.34375,271213.4375,278194.46875,267772.9375,267761.1875,220694.625,210580.65625,194786.875,216637.265625,239020.25,218058.046875,213638.796875,238777.359375,183173.65625,184736.5625,190980.828125,183948.296875,244357.171875,231251.4375,213507.59375,193366.0,246269.421875,241393.375,221655.90625,228905.109375,249762.140625,250377.078125,282532.84375,266121.09375,212100.046875,204717.453125,225408.125,209465.03125,171340.3125,186674.859375,189682.328125,203899.859375,219301.734375,198869.078125,225069.765625,217858.5625,177364.65625,171345.390625,210428.90625,182183.4375,215666.8125,219017.1875,276626.34375,277325.625,260291.421875,198457.734375,151175.875,154333.203125,165810.765625,181168.96875,132457.203125,143616.265625,340347.75,291285.53125,140859.15625,155122.09375,239207.71875,231995.375,182843.890625,200094.484375,214102.046875,188579.125,273144.09375,252971.5,244093.6875,276834.65625,249929.140625,296881.4375,317985.375,319870.5625,219623.234375,214824.234375
60,197677.5625,183258.28125,197045.328125,182774.5625,200477.578125,175214.328125,181673.71875,174773.4375,176315.296875,167586.125,220424.515625,210028.984375,217431.21875,199400.03125,248658.21875,202206.40625,224834.796875,200181.0625,250230.09375,196921.9375,248307.328125,209167.53125,209078.40625,193740.0625,185355.125,181243.875,198879.109375,160956.546875,233869.765625,226783.234375,246312.3125,228699.71875,204469.1875,207319.453125,209459.28125,200572.828125,263015.03125,245329.71875,222339.6875,235061.609375,223180.0625,222836.625,210580.34375,169291.40625,170365.21875,149467.515625,176028.21875,171172.375,172519.578125,157665.078125,202383.8125,213274.375,179049.828125,189397.046875,177570.84375,172284.171875,159205.390625,169200.609375,141154.078125,158639.890625,230562.1875,226911.296875,234220.984375,216707.140625,180356.515625,174121.015625,162357.0625,154406.796875,208695.0625,188539.65625,249937.9375,263339.0625,294645.5625,261127.765625,188175.546875,166446.28125,261062.65625,215157.296875,254053.546875,212813.265625,168115.046875,172978.15625,203450.5,176231.234375,194613.234375,196485.84375,234474.46875,201421.5,183187.328125,178774.703125,219002.1875,203398.328125,186042.1875,149164.71875,202174.5,184222.171875,208290.0625,217420.40625,195402.234375,168281.75,107646.671875,123031.2890625,214835.859375,186139.25,244219.65625,245403.375,237975.046875,216277.078125,214771.390625,197890.59375,174394.390625,156502.390625,264670.15625,253090.28125,182503.484375,168086.40625,245698.21875,169680.28125,300483.53125,282478.75,237714.953125,238209.75,250284.734375,229909.25,182818.0625,174938.953125,196631.1875,195489.328125,205532.765625,199235.25,182979.921875,179734.90625,209257.328125,194945.9375,205336.84375,209112.65625,208606.21875,207667.078125,205146.796875,202959.90625,199402.5,193718.84375,234235.203125,226972.1875,230754.234375,245754.234375,186294.09375,175899.921875,195895.75,182082.140625,239957.390625,242983.828125,224890.609375,216461.09375,198113.265625,186833.46875,209979.515625,233103.171875,192663.625,205740.375,165725.5625,164051.46875,246250.96875,241700.171875,282190.75,252054.03125,284195.15625,249431.65625,328651.96875,310981.625,271493.5625,278123.78125,267236.5,267534.5,220628.46875,210581.625,195206.140625,216869.140625,239166.546875,218380.546875,214445.265625,238589.171875,183376.71875,184890.984375,190902.015625,183989.6875,244549.921875,231273.734375,213938.765625,193914.078125,245783.21875,241417.390625,221257.78125,228810.375,249875.5625,250205.78125,282265.6875,265870.84375,211711.03125,204619.015625,225060.6875,209307.984375,170800.359375,186562.46875,189627.15625,203798.625,218920.734375,198880.828125,224464.15625,217624.078125,177351.53125,170813.078125,209938.859375,182173.171875,215259.1875,218020.234375,276469.21875,276915.96875,260158.25,197809.546875,151439.125,154149.984375,165799.859375,180892.578125,132266.4375,143231.734375,340488.46875,291239.09375,140973.40625,155194.46875,239071.0,232166.046875,182845.328125,200171.046875,214285.734375,188805.21875,273189.1875,253094.40625,244278.1875,277614.5625,250090.171875,297374.375,318487.40625,320212.59375,219067.703125,214887.375
61,197940.6875,183647.6875,197867.796875,183543.03125,202675.9375,176681.890625,181448.21875,174806.53125,175826.625,167046.25,220968.078125,210745.53125,218343.734375,200341.6875,250203.28125,202413.4375,225222.734375,200765.96875,251958.8125,197027.796875,248807.8125,209376.796875,209737.015625,195001.265625,185669.484375,181267.03125,200316.0,160252.53125,233910.796875,226866.21875,246346.859375,228981.953125,204800.09375,207501.046875,209701.328125,201085.5,262941.90625,244748.765625,221963.765625,234297.375,223743.71875,223511.109375,210821.09375,168616.984375,170585.234375,149401.421875,177024.5625,171948.671875,173031.265625,158324.265625,202714.625,212768.1875,179013.9375,189760.875,177244.1875,171966.9375,159141.9375,168995.8125,140577.53125,158229.59375,230213.96875,226310.296875,234084.53125,216346.171875,180061.03125,173957.40625,161830.640625,154198.453125,208068.28125,188417.765625,249690.0625,262036.640625,294638.34375,260268.875,188107.421875,165635.6875,260878.21875,215372.421875,254184.28125,212068.875,168738.859375,172909.109375,203288.140625,176183.015625,194359.15625,195996.1875,234707.3125,201238.0625,183931.984375,178464.125,219570.90625,203060.765625,185622.5625,148518.59375,203208.40625,184139.375,208803.3125,217308.1875,195750.609375,167941.09375,108021.1953125,122734.890625,214378.40625,185629.296875,244442.8125,245428.46875,238220.765625,216105.25,213974.984375,197215.671875,174650.78125,156278.890625,265382.78125,253101.75,182527.390625,167664.40625,245356.40625,169080.96875,301219.3125,282920.875,237758.28125,237441.828125,249800.59375,229525.078125,182274.625,174239.21875,196009.0,195059.125,205290.234375,198895.078125,182555.0,178932.84375,208978.953125,194759.984375,204775.125,208335.25,208037.9375,207771.796875,205155.03125,202572.78125,199106.0625,193754.21875,233898.328125,226827.828125,230582.40625,245076.90625,186012.46875,175422.640625,195684.109375,181825.484375,239526.59375,242542.765625,224969.953125,216519.921875,197978.359375,186876.125,209682.65625,232706.8125,192727.15625,205706.375,165271.25,163533.734375,246387.796875,241067.5625,283121.03125,253011.59375,284426.125,249262.578125,330561.875,312815.5625,271527.5,278034.0625,267818.28125,267350.625,220791.25,210532.921875,195674.59375,217292.25,239610.84375,218686.9375,213929.765625,238078.421875,183529.046875,184923.71875,190986.390625,184009.90625,244926.15625,231969.34375,213763.46875,193357.5,244784.5625,240513.765625,221115.40625,228434.234375,249575.578125,249852.875,281800.46875,265348.5625,211919.40625,204528.109375,225096.859375,209016.890625,171215.671875,186928.625,190289.90625,203776.984375,218160.0,198487.578125,223859.96875,217222.40625,178307.15625,171001.109375,210077.0,182518.1875,215369.609375,218409.1875,276812.375,277121.53125,260727.125,198255.234375,151443.8125,153893.640625,166105.84375,181067.75,132155.875,143117.296875,341676.625,292164.8125,140806.421875,154988.4375,239293.640625,232194.453125,182431.875,199853.28125,214106.265625,188408.765625,274408.5625,253802.125,244614.734375,278126.3125,250378.078125,297655.625,319806.21875,320866.53125,219095.140625,214573.03125
62,198263.984375,183745.75,198414.40625,183746.203125,204454.421875,177761.421875,181711.03125,174509.46875,175863.8125,166816.015625,221542.03125,211011.90625,218952.078125,201079.171875,250945.46875,202621.84375,225908.921875,200545.09375,252689.125,196462.75,249265.65625,208683.0,210545.3125,195757.515625,186115.71875,180584.5,200432.265625,160018.46875,234539.453125,226929.703125,246940.421875,229192.59375,205467.984375,208245.40625,209772.796875,201566.75,263704.6875,244750.53125,222390.109375,234224.109375,223892.609375,223363.203125,210921.65625,169678.28125,170927.703125,149848.390625,177658.71875,172062.640625,173397.703125,158856.90625,202880.71875,213099.703125,179343.5625,189751.125,177440.34375,171923.15625,159229.203125,169189.046875,140216.703125,158319.609375,230215.21875,225862.40625,234380.484375,215651.8125,180018.84375,173609.4375,161582.8125,154067.171875,207831.53125,188601.921875,249176.796875,261256.90625,294627.53125,259962.671875,187753.03125,165278.265625,260830.59375,215425.359375,254130.484375,211993.875,169025.140625,172540.171875,202751.203125,176371.359375,194075.09375,195513.703125,234817.6875,201181.734375,183607.25,179031.65625,220076.140625,202957.21875,184844.609375,148512.5625,203240.78125,184558.140625,208891.53125,217471.515625,195898.390625,167880.21875,108006.25,122890.5859375,213734.4375,185626.671875,244599.34375,245392.34375,238051.140625,216023.421875,212973.0,197054.109375,174623.4375,156626.34375,265777.375,253359.390625,182770.53125,167543.25,245569.0,168333.03125,301542.0625,282481.5625,237011.828125,236887.671875,249483.484375,228453.546875,182000.546875,173580.109375,195728.40625,194913.21875,205456.265625,198522.625,182414.03125,178159.484375,209157.84375,194618.5625,204692.515625,207790.6875,207989.375,207462.375,205366.84375,202272.234375,199342.796875,192961.8125,233936.640625,226065.65625,230788.40625,244319.953125,185977.484375,175305.375,195566.96875,181704.375,239515.96875,242154.1875,224893.5,216363.375,198084.703125,186844.90625,209951.796875,232571.171875,192878.390625,205741.46875,165043.21875,163164.015625,246293.390625,240150.875,284000.78125,252526.546875,285061.84375,249200.875,331600.8125,311492.875,270999.28125,277218.1875,268638.625,266981.21875,220791.453125,210320.8125,195447.09375,217218.5625,239445.671875,218337.984375,213385.484375,238078.515625,183095.78125,184638.90625,191091.15625,183937.3125,245163.3125,232016.875,213752.15625,193704.640625,244157.34375,239940.96875,221421.59375,228512.0625,249595.21875,249588.296875,281439.34375,264940.09375,212055.484375,204619.390625,224929.21875,209057.0,171757.921875,187500.4375,190719.984375,204115.84375,217512.5625,198188.578125,223740.15625,216972.859375,179285.78125,170842.609375,210497.4375,182618.921875,215552.3125,218801.78125,277023.03125,277065.46875,261650.390625,198417.015625,151207.875,153838.734375,166107.671875,181106.03125,132489.9375,143082.765625,342593.1875,292773.6875,140369.96875,154707.296875,239988.109375,232300.046875,182334.640625,199319.546875,214239.390625,187982.203125,275384.3125,254634.15625,245139.546875,277788.9375,250921.25,298294.8125,321284.125,321540.09375,219062.546875,214302.171875
63,198178.890625,183370.015625,198063.265625,182808.453125,203375.15625,176637.890625,181709.375,173947.984375,176135.8125,167354.0625,221862.375,210981.78125,218642.328125,200450.578125,249741.375,202269.671875,226256.140625,199293.890625,251588.21875,195369.5,248702.90625,207479.328125,210233.09375,194801.5,186364.328125,179770.5625,199925.875,160758.609375,235097.0625,226628.71875,247373.125,229065.359375,205685.859375,209291.3125,210439.484375,201115.328125,264285.34375,244978.625,222847.84375,234752.96875,223594.671875,222795.234375,211445.34375,172303.15625,171347.578125,150694.484375,177596.3125,171862.4375,173905.34375,159274.296875,203026.578125,214020.1875,179361.578125,189334.203125,177942.53125,172204.390625,159257.015625,169611.984375,140429.296875,158681.96875,230562.25,225732.3125,235093.5625,214877.765625,179857.015625,173304.984375,161658.21875,154074.296875,208404.015625,189204.875,249295.1875,261964.71875,294847.0,260393.171875,187952.6875,165514.453125,260584.4375,215637.359375,254353.515625,212197.359375,168479.203125,172176.375,202684.84375,176031.984375,194617.90625,195248.84375,234877.25,201319.6875,182283.53125,179074.234375,219489.328125,202817.34375,184514.328125,148626.21875,201932.78125,184122.484375,208228.484375,217366.375,195752.734375,167881.28125,107187.09375,122601.0,213626.4375,185516.1875,244145.4375,244727.515625,237665.28125,215734.0625,213218.0,197416.84375,174853.6875,156571.078125,265257.125,252931.109375,183311.09375,167716.703125,246378.59375,168371.296875,300643.5,281313.34375,236889.75,237329.421875,249924.640625,227871.828125,182622.40625,173941.25,196007.1875,195244.34375,205723.203125,198744.703125,182799.1875,178282.296875,209734.828125,194802.21875,205164.84375,208125.75,208528.0,207497.84375,205485.4375,202363.4375,199954.78125,192221.859375,234488.265625,225701.09375,231089.53125,244312.828125,186026.09375,175486.71875,195696.65625,181704.640625,239681.109375,242359.34375,224694.296875,216170.671875,198109.8125,186896.484375,210582.21875,232842.3125,192792.734375,205446.0625,165263.6875,163266.34375,246330.890625,240728.078125,284548.8125,251733.375,285470.59375,249152.421875,330788.375,310309.875,270998.84375,277111.21875,268832.125,266877.09375,220629.515625,210322.578125,194770.578125,217328.25,239440.15625,218252.6875,213713.125,238678.4375,182925.6875,184604.3125,190897.703125,183740.578125,245481.015625,231882.640625,213909.84375,193509.46875,245092.265625,240826.59375,221832.515625,229261.265625,249671.65625,249465.234375,281657.28125,265479.34375,212215.171875,204908.0,224844.4375,209149.6875,171430.0,187517.359375,189988.734375,203601.3125,217917.90625,198782.671875,224203.3125,217326.78125,179466.015625,170924.203125,211191.9375,182171.0,215591.34375,218663.234375,277015.71875,276756.09375,262533.75,198947.125,151415.09375,154026.28125,166209.90625,181284.078125,133033.71875,143261.0625,343030.6875,292901.5625,140209.921875,154740.859375,240689.765625,232349.546875,182623.015625,199967.515625,214843.03125,188333.546875,275534.40625,255608.140625,245503.40625,277574.8125,251241.109375,298728.21875,321373.78125,321875.75,219886.046875,214448.703125
64,197939.625,182477.671875,196776.859375,181457.984375,199377.875,173776.65625,180922.46875,172870.0,175969.21875,167736.234375,221606.515625,210544.03125,218338.5625,199705.8125,247487.6875,201560.765625,225927.109375,198188.34375,249989.125,194721.59375,247557.1875,206428.9375,208851.09375,192439.234375,186438.59375,178909.359375,201463.046875,162223.578125,234766.171875,226524.671875,246892.953125,228613.765625,205199.84375,209323.109375,210922.296875,200494.703125,264130.96875,245299.375,222419.953125,235414.6875,223396.171875,223076.703125,212029.09375,175215.109375,171569.140625,151368.71875,177686.703125,172485.75,174679.765625,159575.21875,203744.703125,215534.578125,179268.78125,189216.03125,178624.453125,172367.1875,159293.0625,169913.46875,141281.6875,158951.015625,230937.984375,226075.40625,235498.65625,214894.265625,179732.515625,173449.859375,161840.015625,154168.390625,208877.453125,189521.296875,249229.25,263651.875,295024.625,261682.90625,188156.796875,166167.0,259252.9375,217157.71875,253603.3125,213395.5,167260.453125,172257.828125,202448.453125,176638.6875,194720.34375,195311.015625,234832.828125,201351.125,179638.546875,178567.140625,217853.0,202788.484375,184393.859375,149310.96875,199843.796875,183486.125,206503.828125,217680.1875,194594.0625,168685.59375,106010.890625,122610.8671875,213229.265625,185604.890625,244128.40625,245293.546875,237242.8125,216349.640625,214201.390625,197431.46875,173509.375,156139.40625,264092.65625,252874.1875,183106.09375,167758.5625,246961.5,168634.890625,299349.09375,281406.0,236934.359375,238159.125,250183.375,228344.65625,183801.0,175120.9375,196907.59375,196111.515625,205575.421875,199691.984375,183477.421875,179142.09375,210182.78125,195446.546875,206283.46875,208866.4375,209477.125,208043.8125,205804.546875,202850.921875,200987.703125,192122.8125,235116.234375,226039.90625,231179.296875,244776.65625,185981.671875,175816.328125,195823.625,181987.171875,239936.6875,243088.8125,224864.671875,216298.09375,198549.640625,187351.828125,210819.234375,233264.390625,193016.65625,205209.40625,165858.3125,163647.578125,246683.109375,242071.75,285115.8125,252022.015625,285519.65625,249141.046875,330687.125,311353.53125,271837.53125,277877.0625,268557.125,267037.3125,220727.703125,210696.671875,194331.1875,217503.0,239782.09375,218701.265625,213927.375,238899.15625,183400.796875,184758.03125,190676.96875,183484.125,245418.03125,232295.640625,213642.609375,191707.75,246772.921875,242045.921875,221736.53125,229636.984375,249676.34375,250087.53125,282424.09375,266855.5625,212498.421875,205219.890625,225229.234375,209293.6875,170679.53125,186717.21875,188829.359375,202600.0625,219303.484375,199763.484375,225001.171875,218114.90625,179158.125,171892.59375,211732.765625,181958.125,216214.578125,218590.265625,277381.78125,277139.46875,263180.90625,200702.046875,151850.375,154335.875,166873.4375,182212.484375,133394.5625,143922.25,343188.09375,293277.09375,140461.515625,155037.4375,240039.109375,232053.046875,182463.125,200859.609375,214579.28125,188836.125,275009.71875,255416.78125,244790.6875,277618.59375,250603.109375,297999.4375,319785.0625,321861.34375,220383.4375,214593.96875
65,198074.984375,182176.546875,195998.234375,181385.546875,197158.90625,172830.15625,180576.59375,172402.765625,175797.890625,167535.4375,221221.6875,210226.734375,218579.953125,199896.1875,246780.78125,201728.375,225441.328125,198696.453125,249687.03125,195372.421875,247478.484375,206400.421875,208204.078125,191526.421875,186362.40625,178840.703125,203289.71875,162680.96875,233960.453125,227294.921875,246240.6875,227859.890625,204837.765625,207997.8125,210491.609375,200174.8125,263627.84375,245658.625,221601.734375,235777.390625,223362.3125,223619.0,211854.03125,175147.078125,171268.390625,150943.921875,177465.5,172589.375,174324.5625,158920.4375,204177.09375,216048.78125,179557.265625,189786.90625,179023.9375,172291.53125,159481.9375,169926.71875,142051.84375,158983.890625,231064.21875,226672.3125,235292.421875,216220.359375,180009.140625,173955.46875,162243.671875,154398.375,208928.21875,188906.5625,248817.203125,264840.875,294886.625,262603.46875,187844.703125,166924.546875,258189.6875,218142.21875,252273.796875,214656.953125,166679.109375,172852.28125,201809.453125,178232.046875,193936.5,195908.140625,234549.46875,201208.71875,177744.859375,178724.96875,216977.8125,203445.390625,184251.0,150457.375,198608.515625,184061.34375,205322.265625,218367.09375,193592.671875,169684.171875,105430.2890625,123583.234375,212800.515625,186146.921875,244390.890625,246530.265625,236768.171875,217390.328125,214812.0625,197273.359375,171196.046875,155875.421875,263020.125,253413.21875,182186.0625,167297.171875,246615.625,168589.40625,298333.875,282411.875,236632.328125,238676.828125,249792.265625,229156.71875,184254.390625,175704.765625,197697.875,196776.25,205372.890625,200212.75,183821.484375,179743.171875,210080.046875,195813.140625,207033.859375,209408.6875,210101.5,208381.40625,206157.171875,203260.84375,201735.71875,192657.53125,235244.953125,226598.5,231128.59375,245344.703125,185885.859375,176037.515625,195828.265625,182305.5625,240185.15625,243563.90625,225236.671875,216652.015625,199307.1875,187876.1875,210691.78125,233361.9375,193514.0625,205571.265625,166387.71875,163947.046875,246789.125,242163.84375,284930.59375,252262.421875,285085.65625,249172.6875,330956.15625,310960.125,272221.84375,277789.15625,268094.375,266902.15625,220977.078125,210963.1875,194441.484375,217247.171875,239914.796875,219130.046875,213692.671875,238292.59375,184090.046875,185171.4375,190918.21875,183610.65625,244977.59375,232548.859375,213206.703125,191227.1875,246969.625,242008.015625,221243.90625,229295.328125,249517.734375,250650.015625,282557.28125,267115.1875,212452.015625,205237.234375,225265.953125,209651.03125,170537.0625,186168.25,188495.1875,202649.203125,220055.609375,199996.8125,225492.625,218484.9375,178410.484375,171888.203125,211256.484375,182137.8125,216608.125,217713.53125,277382.28125,277408.71875,262725.90625,201418.625,151783.5,154546.953125,166835.09375,182317.546875,133235.546875,144392.0625,342786.625,293521.21875,140428.78125,155202.484375,238565.546875,231901.953125,182245.21875,200585.15625,213790.234375,188797.046875,274064.125,253742.96875,243834.984375,277420.5625,249522.9375,297108.59375,318825.90625,321903.28125,219329.109375,214489.1875
66,198114.171875,182751.453125,196364.09375,182263.765625,198425.578125,174057.953125,181366.53125,173337.78125,176346.953125,167753.40625,221046.734375,210325.5625,218641.734375,200267.078125,247717.984375,202422.96875,225113.328125,199917.421875,250112.328125,196651.796875,247821.796875,207482.640625,208519.25,192639.90625,186226.953125,179924.65625,202910.59375,162252.46875,233490.21875,227682.28125,246149.9375,227664.6875,204728.015625,207007.296875,210307.5625,200073.796875,263334.84375,245574.921875,221624.125,235510.34375,223547.5625,223644.625,211349.9375,172796.40625,171010.4375,150224.609375,177376.96875,172169.546875,173258.15625,158204.9375,203755.890625,215342.109375,179709.25,190173.421875,178828.765625,172372.578125,159682.75,169843.75,142222.875,158942.015625,230923.296875,226801.5625,234864.3125,217297.09375,180400.96875,174299.8125,162878.796875,154822.96875,209188.53125,188259.203125,249369.40625,264885.5,295119.375,262224.75,187950.5,167308.328125,259316.671875,217032.453125,253293.03125,214329.171875,167263.3125,173516.53125,202059.765625,178572.859375,193974.765625,196563.796875,234427.359375,201332.078125,178577.9375,179312.71875,217588.09375,203969.140625,184745.8125,150795.53125,199233.21875,185023.609375,205996.734375,218073.5,194273.875,169431.40625,105800.921875,123953.625,213540.9375,186441.234375,243788.078125,245878.015625,236533.9375,217021.140625,215163.71875,197433.953125,170836.96875,155941.6875,262948.5,253216.140625,182098.640625,167244.296875,245435.96875,168893.515625,298874.8125,282461.9375,236614.84375,238803.578125,249679.375,229453.78125,184086.796875,175604.84375,197787.21875,196509.984375,205445.875,200007.296875,183747.125,180038.8125,209737.609375,195575.109375,206827.171875,209545.28125,210007.46875,208424.953125,205890.84375,203186.015625,201323.765625,193291.90625,235040.671875,226946.28125,230880.9375,245440.9375,186290.171875,176243.59375,195897.15625,182413.9375,240110.09375,243215.75,225181.796875,216786.4375,199417.28125,187755.1875,210755.453125,233061.078125,193497.984375,205791.71875,166583.453125,164141.359375,246446.5,241181.765625,283904.09375,251231.46875,284651.1875,249247.4375,329830.5,308663.90625,271703.84375,276951.6875,267852.46875,266561.5,220838.703125,210774.078125,194948.15625,217145.6875,239878.671875,219161.125,213943.375,238326.421875,184359.921875,185732.03125,191282.234375,184161.3125,244981.78125,232291.15625,213218.78125,192964.75,245652.015625,241334.59375,220931.5,229099.984375,248939.921875,250141.640625,281556.21875,265889.625,211881.390625,204964.640625,224525.53125,209536.34375,170638.953125,186365.09375,188548.203125,203126.90625,219759.953125,199727.171875,225238.296875,218221.078125,177525.671875,171061.03125,210017.484375,182249.34375,215832.578125,217296.3125,276683.4375,277135.6875,261211.109375,199747.859375,151539.9375,154579.96875,165791.65625,180917.140625,132797.203125,144190.796875,341382.34375,292452.96875,139884.34375,155186.640625,238880.765625,232471.078125,182640.75,200567.34375,213814.890625,188559.109375,273663.125,253460.234375,243928.1875,277310.8125,249444.921875,297170.90625,318854.4375,321208.0,219338.1875,214648.875
67,197550.234375,182929.09375,196636.1875,182358.4375,199524.625,174328.6875,181721.046875,174055.125,176712.65625,168139.671875,220846.359375,210308.015625,218333.640625,200272.078125,248159.453125,202182.75,224741.21875,199826.96875,250221.21875,196923.0,247449.546875,208335.875,208547.0625,193225.984375,186040.34375,180623.375,201572.328125,162349.109375,233797.34375,226607.125,246312.3125,228490.875,204227.0625,207425.015625,210641.5,200122.890625,263351.53125,245051.65625,222330.109375,234827.0,223846.828125,223352.875,211305.515625,172134.1875,170903.796875,150212.203125,177734.171875,172466.140625,173192.1875,158515.65625,203234.03125,214825.4375,179218.1875,189702.0625,178206.03125,172601.65625,159496.078125,169761.796875,141719.5,158963.15625,230625.109375,226347.625,234679.765625,216486.125,180434.921875,174173.90625,162944.5625,154967.671875,209718.75,188725.640625,250304.015625,264021.90625,295525.28125,261385.984375,188514.09375,166985.671875,261283.03125,215659.078125,255680.453125,213610.265625,168035.953125,173508.21875,203439.34375,177308.859375,195110.90625,196560.015625,234742.09375,201857.28125,181038.75,179204.046875,218587.34375,203446.984375,186144.234375,149944.828125,201064.59375,184707.640625,207566.40625,217130.28125,195379.609375,168402.8125,106876.3359375,123143.0234375,214863.34375,186298.40625,243298.40625,244708.140625,237001.015625,215866.734375,215416.71875,197623.4375,172505.09375,155941.140625,263829.625,252835.1875,182671.859375,168160.765625,244673.46875,169601.8125,300459.59375,282134.625,236990.25,238652.03125,250151.296875,229074.859375,184031.84375,175636.96875,197465.609375,196040.359375,205488.8125,199853.640625,183494.171875,180106.78125,209660.421875,195440.03125,206294.1875,209319.65625,209580.21875,208555.46875,205277.171875,202899.546875,200296.328125,193333.875,234907.359375,226831.265625,230502.5,244736.046875,187113.28125,176589.8125,196141.46875,182370.953125,239851.953125,242775.109375,224859.75,216620.09375,198717.90625,187080.234375,210675.15625,232690.84375,192932.65625,205185.671875,166359.828125,164143.59375,246196.96875,240782.546875,283159.34375,250549.671875,284826.40625,249304.078125,329219.875,308569.03125,271544.65625,277073.65625,267955.4375,266731.40625,220592.53125,210652.15625,195328.21875,217424.03125,239756.578125,218747.984375,214334.0625,239177.625,183904.65625,185689.890625,191260.53125,184316.96875,245319.4375,231886.265625,213460.96875,194073.9375,245293.21875,241471.421875,221026.625,229400.96875,249074.875,249893.65625,281263.65625,265698.625,211509.34375,204957.796875,224353.046875,209084.3125,170330.765625,186569.46875,188424.03125,202938.140625,219436.625,199603.734375,224692.125,217954.4375,176900.96875,171666.046875,209292.046875,182459.375,215045.4375,218765.4375,276448.34375,277496.3125,260461.40625,198264.328125,151558.875,154503.75,165361.140625,180223.796875,132610.078125,143731.109375,340323.25,291422.8125,139767.21875,155229.515625,240198.703125,232889.9375,182933.5625,201301.875,214162.890625,188554.625,273959.78125,254904.53125,244440.796875,277394.71875,250147.03125,297670.9375,318671.5625,319733.03125,220990.796875,215141.765625
68,197210.0625,182566.390625,196556.390625,181996.8125,199672.734375,174039.796875,181133.171875,173749.578125,176233.5625,167668.953125,220638.0,210158.125,218404.046875,200331.140625,248166.96875,201792.59375,224894.25,199227.078125,250703.484375,196549.671875,247553.8125,208465.6875,208648.5625,193026.15625,185829.890625,180257.84375,201006.65625,162685.1875,234872.0,226155.484375,246856.8125,229366.328125,204175.84375,208333.40625,210785.765625,200255.75,263433.53125,244784.640625,222911.625,234918.234375,223823.0,222980.15625,211027.53125,172521.40625,170289.296875,149911.515625,177204.4375,172367.6875,173103.953125,158329.265625,203034.375,214441.90625,178868.71875,189364.640625,177632.71875,172494.578125,159102.3125,169614.40625,140922.6875,158823.234375,230357.96875,226114.6875,235018.8125,215417.625,180251.171875,174037.453125,162349.625,154558.28125,209397.203125,189276.40625,249856.578125,262796.84375,294885.3125,260766.375,188281.21875,166313.015625,261525.96875,215463.96875,255390.65625,213574.609375,168352.90625,173116.609375,203886.125,176184.15625,195272.953125,196019.796875,234949.890625,202133.875,182531.953125,178871.46875,219125.015625,202680.375,186441.53125,148820.046875,202281.546875,183850.171875,208213.09375,216900.921875,195495.75,167919.140625,107930.640625,122721.7890625,214829.296875,186050.59375,244245.34375,245354.953125,237723.28125,215675.578125,214888.96875,197603.984375,173580.5,155752.40625,264457.25,253058.5,182212.890625,168466.265625,245128.46875,169699.59375,300051.4375,281915.75,237258.5625,238263.40625,250604.71875,228733.84375,183851.703125,175470.390625,197233.5625,196270.390625,205544.9375,199893.140625,183263.265625,179822.796875,209900.515625,195652.65625,205990.28125,209120.09375,209256.703125,208460.03125,205184.671875,202965.578125,199773.625,193096.328125,234746.734375,226591.703125,230276.546875,244291.09375,187464.390625,176824.078125,196471.5,182291.9375,239791.796875,242883.828125,224701.484375,216505.828125,198215.65625,186830.59375,210044.859375,232511.3125,192599.84375,204766.28125,165718.28125,163807.5,246012.953125,240843.109375,282885.6875,251252.328125,284884.25,249184.5625,329602.0,309612.875,271667.6875,277332.15625,267731.84375,267295.4375,220635.40625,210822.90625,195422.078125,217486.609375,239685.34375,218552.796875,214297.921875,239160.71875,183555.953125,185347.734375,191155.515625,184121.125,245019.703125,231575.296875,213860.734375,194287.140625,246714.828125,242224.40625,221590.34375,229886.96875,250202.34375,250522.15625,282442.3125,266724.71875,212001.625,205205.296875,225366.953125,209165.65625,170420.40625,186720.96875,189064.0,203142.484375,219171.484375,199397.078125,224575.0625,217934.671875,176661.25,172484.390625,209305.484375,182794.546875,215219.953125,219285.53125,276754.1875,277771.1875,260645.40625,198604.46875,151542.09375,154482.109375,165511.84375,180640.96875,132485.65625,143510.21875,341065.46875,292142.5625,140354.71875,155306.53125,240016.546875,232534.875,182765.453125,201015.171875,214139.015625,188711.1875,274431.15625,255161.625,244614.890625,277370.8125,250766.21875,297724.8125,319074.46875,319564.46875,221086.140625,215370.109375
69,197436.4375,182370.140625,196732.515625,181860.203125,200321.109375,174446.546875,181018.859375,173492.375,175860.5,167088.859375,220450.453125,209863.015625,218444.265625,200060.125,248537.296875,201902.09375,225540.21875,199116.53125,251150.984375,196201.484375,248227.015625,208069.984375,209266.265625,193035.15625,185736.171875,179740.84375,201240.65625,162320.140625,235625.453125,226608.453125,247269.484375,228834.515625,205013.203125,208389.0,210784.5625,200373.109375,263447.125,244686.875,223085.421875,235449.578125,223537.0,222720.234375,210735.390625,172451.5625,170117.953125,149608.125,176523.828125,171513.421875,172454.921875,157659.359375,203286.546875,213850.375,179140.4375,189252.390625,177646.203125,172066.15625,158951.8125,169370.3125,140678.375,158548.25,230283.375,226029.09375,235220.328125,215172.53125,179960.640625,173978.046875,161881.65625,154120.109375,208473.8125,188770.953125,248676.375,261948.609375,293975.375,260317.390625,187628.453125,165855.8125,261060.8125,215796.125,253579.296875,213647.671875,168282.75,172931.859375,203175.40625,176220.21875,194282.390625,195617.90625,234803.015625,201731.109375,182192.390625,179309.921875,219293.140625,203137.03125,185207.28125,148775.46875,202108.484375,184079.515625,207906.640625,217305.0625,195400.625,168468.90625,108122.8203125,123370.40625,213920.71875,185939.6875,245402.015625,246702.671875,238039.0625,216469.109375,214390.4375,197695.71875,173271.421875,155939.265625,264476.59375,253219.578125,181730.515625,167907.171875,245841.84375,169255.546875,298850.46875,281477.5625,237080.4375,237661.296875,250468.1875,228725.46875,183551.546875,175009.046875,197131.6875,196394.328125,205546.796875,199453.4375,183047.921875,179371.484375,209854.671875,195500.3125,205949.5,209037.0625,209114.8125,207958.203125,205419.109375,202886.125,199970.6875,193023.90625,234565.390625,226398.78125,230149.59375,244261.171875,187029.8125,176622.953125,196250.34375,182063.859375,239858.59375,242906.765625,224633.625,216317.390625,198251.53125,186795.09375,209667.484375,232300.328125,192668.671875,204843.453125,165157.890625,163418.65625,245668.0,240052.84375,282895.28125,251654.078125,284347.15625,248669.046875,329247.4375,308098.03125,270976.59375,276107.1875,267316.34375,266912.5625,220523.34375,210565.4375,195303.734375,217095.65625,239357.890625,218478.484375,214405.5,238667.9375,183561.78125,185062.453125,191056.9375,184021.984375,244309.40625,231192.65625,214737.203125,195153.359375,247745.453125,242663.1875,222234.703125,230415.421875,250899.671875,250955.890625,283041.09375,266697.21875,212554.796875,205233.09375,225927.28125,209562.1875,171031.25,187196.359375,190178.671875,204273.015625,219095.4375,199435.21875,224778.6875,217905.28125,177153.421875,171106.765625,209380.5,182660.234375,215551.09375,217776.046875,276863.5,277113.5,260759.421875,199020.796875,151365.75,154424.328125,165327.0,180678.375,132284.359375,143514.4375,341835.3125,292768.15625,140462.0625,155118.25,239445.109375,232443.859375,182703.734375,200037.59375,214202.796875,188601.515625,275033.0,254560.984375,244704.953125,277270.46875,251348.46875,297752.875,320159.4375,320839.8125,219560.09375,214980.03125
70,197785.5,182454.40625,196839.1875,181753.234375,200193.921875,174454.96875,181396.46875,173439.9375,175967.15625,167507.390625,220647.8125,209727.640625,217929.953125,199088.96875,248843.140625,201589.28125,225483.8125,198605.65625,250832.359375,195045.671875,248501.578125,206670.140625,209673.234375,192919.125,186002.875,179430.015625,201621.328125,161369.90625,234830.5,225810.71875,246493.359375,226752.25,205344.328125,207297.359375,210418.59375,200317.296875,263352.3125,244422.953125,222529.296875,234695.578125,223233.046875,222725.109375,211927.0,173717.890625,171861.515625,150856.125,177529.5625,171778.140625,173458.53125,158556.25,203959.65625,213992.828125,179420.578125,188292.953125,178262.921875,171785.390625,158925.5625,169184.0,140859.796875,158718.90625,230453.65625,225297.8125,234810.09375,214531.21875,179494.984375,173500.265625,161379.140625,153979.671875,208705.65625,188167.65625,248558.65625,262483.21875,294183.09375,260358.296875,187841.5625,165657.375,260987.453125,216134.125,253496.453125,214285.171875,167555.109375,172576.96875,202801.984375,177188.09375,194169.234375,195576.953125,234403.421875,200927.34375,180714.75,179854.515625,218783.90625,204479.0,185055.234375,150451.78125,200805.875,184897.890625,207547.046875,217712.421875,195121.96875,169421.15625,106978.78125,124033.3046875,214037.625,186251.546875,244880.203125,246872.890625,237693.671875,217243.109375,215483.21875,197998.828125,172473.09375,156679.640625,264249.3125,253375.890625,182805.046875,167964.9375,245984.046875,169147.296875,299712.96875,281868.25,236749.71875,237421.65625,249629.046875,228556.875,183473.90625,175105.03125,196804.359375,195467.609375,205296.28125,198609.71875,182766.78125,178721.640625,209214.015625,194625.984375,206015.09375,208798.84375,209064.78125,207556.578125,205557.5625,201875.96875,200706.875,192549.796875,234651.296875,225761.3125,230109.0625,243794.359375,186108.546875,175846.953125,195173.609375,181586.609375,239766.515625,242729.765625,224608.6875,215869.6875,198324.8125,186006.34375,210172.75,231756.015625,192901.046875,204577.890625,165417.109375,163336.296875,245812.84375,239575.421875,283933.8125,251137.640625,284369.09375,248075.34375,329130.875,306708.71875,270572.6875,275355.53125,267546.53125,265383.65625,220208.53125,210029.265625,194916.515625,216909.21875,238529.640625,218002.390625,214398.875,239004.265625,183513.84375,184805.984375,190697.8125,183593.828125,244864.078125,230861.15625,215120.609375,194760.78125,247152.265625,242565.6875,222109.1875,230602.734375,250813.953125,250910.3125,282231.4375,266070.25,212279.53125,205222.375,225120.375,209828.765625,170790.9375,187268.078125,189763.421875,204515.453125,220079.953125,200456.21875,224976.75,218027.296875,178005.578125,169175.140625,209822.953125,181914.375,215052.375,217047.84375,276567.65625,276868.21875,261743.46875,199112.59375,151015.78125,154002.125,165702.59375,181011.578125,132515.421875,143498.953125,341588.21875,292330.53125,139815.28125,154680.3125,239783.375,233116.3125,182761.25,200251.171875,214556.390625,188127.90625,274960.5,255107.609375,244941.1875,276868.9375,251439.609375,298306.40625,320350.46875,321297.75,219651.09375,214145.96875
71,198392.6875,182806.5,196830.28125,182136.875,199637.1875,174569.4375,181471.578125,173346.578125,176190.90625,168181.671875,221419.6875,210359.625,217935.171875,198919.015625,249445.359375,201630.453125,225274.390625,198368.5,251051.59375,194386.875,249004.171875,205802.796875,209999.203125,192839.1875,186546.53125,179316.359375,201370.59375,161023.609375,233601.890625,225426.171875,245872.59375,226205.765625,205112.0,206734.4375,209628.09375,200626.015625,263325.53125,244603.9375,221524.109375,233936.765625,222959.0,223068.8125,212395.265625,174855.75,173100.78125,151837.609375,178375.265625,172502.84375,175080.140625,159817.296875,203924.390625,214992.484375,179692.5,187746.5625,178883.484375,171854.390625,159102.59375,169350.828125,140919.765625,159187.140625,230873.671875,224892.984375,234679.984375,214311.96875,179580.84375,173297.296875,161206.765625,154148.21875,209266.8125,188298.609375,249496.859375,264191.0625,294951.625,261375.953125,188457.890625,165861.953125,259776.015625,216572.03125,253746.046875,215076.640625,166597.421875,172253.890625,201812.59375,177878.96875,194643.375,195657.15625,233912.0,200359.28125,178990.140625,179956.46875,217695.140625,204597.65625,185367.984375,151727.296875,199120.15625,185277.625,206822.71875,218024.328125,194030.875,169749.046875,105515.1015625,124206.0625,214047.34375,186569.34375,243619.078125,246062.421875,236740.421875,217240.546875,216070.265625,197852.625,171919.609375,157427.03125,263759.625,253537.6875,183635.171875,167985.015625,246147.59375,168775.640625,300872.375,283002.90625,236775.75,237851.046875,249061.921875,228411.265625,183349.65625,175235.671875,196411.015625,194803.59375,205345.78125,198654.90625,182898.9375,178483.828125,209067.75,194178.03125,206013.265625,208416.40625,209141.296875,207302.703125,205988.078125,201378.65625,201496.359375,191729.578125,234806.296875,225246.6875,230745.875,243914.65625,185391.296875,175366.578125,194826.234375,181575.828125,239707.578125,242897.0,224744.109375,215814.421875,198622.4375,185619.796875,210868.84375,231728.5625,193384.125,204670.6875,166172.015625,163561.578125,246565.703125,240891.078125,285180.21875,250907.96875,285214.0625,248270.546875,330608.5625,308672.0,271470.78125,276872.28125,268388.125,265019.53125,220378.78125,210176.34375,194684.59375,217292.734375,238507.921875,218052.078125,213675.859375,239201.15625,183843.6875,185146.765625,190561.875,183324.78125,246108.453125,231287.765625,214138.390625,192370.359375,246291.703125,242036.0,221347.609375,229886.875,250278.921875,250606.609375,281712.0,266244.0625,211918.03125,205032.671875,224400.71875,209841.109375,170203.515625,186671.421875,188563.828125,203669.921875,220508.734375,200842.921875,225089.703125,218153.1875,178691.671875,169401.609375,210944.65625,181270.78125,214812.625,217747.671875,276289.78125,277069.59375,263107.65625,199971.90625,150787.40625,153765.703125,166603.75,181929.53125,132917.765625,143619.59375,342092.4375,292702.15625,139637.0625,154600.65625,240048.609375,233349.09375,182748.296875,200962.859375,214583.59375,187819.96875,274420.90625,255701.46875,244954.78125,276487.125,250583.171875,298479.78125,319883.625,321131.25,220973.984375,213809.921875
72,198691.734375,182975.5625,196986.40625,182684.8125,200465.671875,175405.84375,181514.78125,173531.0,176258.25,167809.953125,221409.15625,210474.046875,218395.203125,199819.453125,250146.8125,202379.484375,225841.875,199055.078125,251836.296875,195406.84375,249612.0,206872.5625,210505.34375,192927.640625,186697.078125,179324.5,200726.0625,161522.40625,233491.9375,226910.09375,246487.359375,228258.875,205209.484375,207346.84375,209056.234375,201281.625,263470.6875,245134.171875,220969.125,234643.609375,222890.5625,223423.453125,210250.078125,173231.890625,171519.78125,150657.0,177335.453125,171842.1875,174434.53125,159363.375,202933.46875,215407.28125,180126.921875,188675.4375,178921.109375,171915.875,159627.234375,169679.96875,141102.1875,159117.75,231190.515625,225620.84375,234802.234375,215323.125,180432.53125,173866.5,162011.125,154473.859375,208441.875,188506.796875,249959.671875,264831.1875,295301.15625,262538.21875,188400.359375,166235.015625,257951.265625,217037.03125,252615.671875,214589.890625,166559.0,172749.140625,199906.6875,177633.84375,194199.703125,195766.0,233790.3125,200401.59375,178384.3125,180099.921875,217364.859375,203562.421875,184207.109375,150761.859375,198625.796875,185500.890625,206103.953125,218358.28125,193274.1875,169855.28125,105326.9765625,124721.9140625,212993.53125,186514.453125,243775.234375,245878.0,236308.1875,217020.40625,214599.75,197293.640625,172445.828125,157919.46875,263760.46875,253464.5,183130.234375,167178.03125,246686.15625,167749.984375,300909.8125,283525.3125,236937.234375,238064.40625,249339.90625,228665.640625,182861.125,174448.703125,196356.03125,195391.609375,205701.890625,199385.40625,183435.078125,179030.40625,209756.03125,194817.171875,205960.203125,208106.546875,209208.625,206920.0,206495.28125,202360.6875,201552.078125,191442.828125,234687.078125,225586.953125,231691.796875,244951.484375,185283.59375,175744.484375,195846.46875,182228.484375,239997.328125,243096.046875,225006.4375,216291.328125,199240.34375,186576.28125,211035.296875,232544.703125,193880.734375,205610.9375,166344.21875,163795.140625,246935.65625,242185.359375,284852.3125,251237.390625,285410.0625,248887.984375,332239.1875,311258.59375,272245.03125,278294.15625,269058.09375,266391.0625,220949.625,210641.171875,194818.546875,217245.0,239154.25,218377.265625,213013.5625,238551.171875,183938.125,185285.046875,190906.234375,183793.46875,245495.390625,231867.0,213393.203125,191241.703125,246041.28125,241362.203125,221216.328125,228906.34375,249843.25,250340.703125,282322.3125,266474.9375,212124.484375,204518.3125,224638.59375,209652.1875,170943.265625,186637.453125,189098.890625,203767.25,218879.5625,199280.75,224869.359375,217690.390625,179152.78125,170721.640625,211678.40625,181352.21875,215962.125,218260.875,276834.75,276851.0,262656.71875,200438.546875,151045.9375,154227.015625,166608.546875,182077.96875,132784.03125,143837.546875,342876.375,293314.9375,140125.21875,154993.5625,239833.234375,232548.78125,182643.671875,200416.484375,214032.84375,187869.96875,274769.125,254732.96875,244315.515625,276792.3125,249503.5625,297776.28125,319823.9375,321795.8125,220239.296875,214200.140625
73,198066.625,182547.125,196881.125,182349.09375,200944.125,175258.0,181656.9375,173676.96875,176022.390625,167024.9375,220258.640625,209237.421875,218075.078125,199941.421875,249470.9375,202205.109375,226078.203125,199293.6875,251416.5,195912.421875,249260.75,207623.515625,210481.046875,192608.15625,186387.6875,179151.40625,201083.265625,161500.65625,233597.71875,227581.25,246614.21875,228951.25,205293.53125,207291.703125,209049.828125,201224.359375,263732.0625,245351.796875,221329.03125,235172.609375,222995.265625,223231.734375,209411.375,171645.90625,170392.1875,149766.203125,176831.109375,171298.09375,173469.140625,158591.890625,203009.328125,214957.796875,180130.109375,189246.703125,178612.859375,171751.9375,159887.921875,169687.265625,141469.890625,158806.875,231298.546875,226344.5625,234415.25,216034.359375,180825.875,174116.28125,162612.109375,154564.046875,207477.390625,187803.625,249376.0,264267.25,295328.25,262697.375,187907.15625,166327.484375,257829.65625,217144.9375,252052.328125,213934.625,167024.328125,173499.796875,199466.9375,177455.78125,193744.765625,195986.703125,234030.21875,200787.71875,178749.234375,180156.875,217774.015625,203669.96875,183516.875,149838.28125,198939.75,185698.203125,206419.0625,218620.953125,193605.015625,170242.4375,105590.4609375,125373.1484375,212720.71875,186650.09375,244463.921875,246575.171875,236751.328125,217637.984375,213992.859375,197322.046875,173115.859375,158320.671875,264478.6875,254036.96875,182651.515625,166912.828125,246931.796875,167486.0,300863.3125,283514.625,236833.640625,237932.90625,249552.21875,229057.375,182542.9375,173885.75,196584.046875,195864.984375,205665.140625,199376.875,183546.0625,179392.796875,209987.46875,195247.796875,206214.578125,208240.5,209218.96875,206859.96875,206402.515625,202944.328125,201185.75,191675.1875,234516.328125,226016.65625,231654.109375,245290.8125,185446.375,175928.90625,196270.234375,182437.8125,240304.1875,242959.21875,225185.765625,216510.609375,199398.671875,187138.625,210924.53125,233014.0625,193902.4375,206000.875,166024.84375,163775.859375,246625.875,242139.234375,284482.59375,251658.0,285113.0625,248946.921875,332400.5625,311925.125,271916.3125,277874.65625,269106.0625,267135.25,221060.796875,210536.703125,194875.296875,216519.96875,238792.90625,217778.171875,213380.828125,238345.140625,183233.53125,184504.984375,191149.28125,184059.375,243874.859375,231591.578125,213960.328125,192153.0,245674.703125,241031.3125,221797.25,228659.75,249982.765625,250324.6875,282714.9375,266181.875,212214.46875,204647.140625,224737.234375,209756.90625,171996.109375,187235.78125,190191.140625,204631.765625,218199.015625,198425.390625,224647.203125,217297.765625,179034.1875,170887.109375,211019.1875,181853.109375,216720.421875,218045.359375,277578.21875,276867.28125,261308.90625,199688.671875,151136.390625,154569.546875,166200.953125,181690.328125,132521.390625,143696.578125,342276.09375,292566.53125,140101.34375,155132.953125,239520.46875,231901.21875,182286.65625,199786.25,213638.5,187935.109375,275077.34375,253460.46875,243754.03125,276795.1875,249287.328125,296814.21875,319576.9375,322090.09375,218694.90625,214237.0
74,197697.609375,182307.046875,196598.296875,181876.875,200236.96875,174510.046875,181700.734375,173650.53125,176149.046875,167334.875,220024.5625,208970.03125,217836.578125,199738.21875,248276.40625,201863.078125,225569.625,199226.5,250332.5,195726.625,248565.796875,207469.40625,209949.609375,192547.234375,186149.953125,179313.421875,201979.0,161116.484375,233604.34375,227223.09375,246122.046875,228157.40625,205173.28125,207064.609375,209399.40625,200883.953125,264230.84375,245641.5,222237.6875,235402.34375,223095.953125,222927.125,210885.8125,172053.453125,171318.203125,150472.125,177516.703125,171896.40625,174066.109375,158749.734375,204064.375,214870.21875,179758.078125,189160.875,178592.328125,171907.015625,159662.640625,169592.171875,141713.21875,158953.0,231515.015625,226928.296875,234224.203125,216318.640625,180496.890625,173854.96875,162519.609375,154539.34375,207514.390625,186831.078125,249090.0,264687.0,295434.5625,262518.09375,187888.8125,166817.953125,258581.859375,216788.59375,253018.6875,214205.640625,167066.46875,173410.03125,200723.65625,177791.046875,194109.859375,196239.328125,234298.484375,201265.328125,178937.34375,179920.96875,217863.375,204391.796875,184039.921875,150261.03125,198892.953125,185500.265625,206840.734375,218387.671875,194089.0,169925.421875,105354.328125,124829.7890625,213019.703125,186819.0,244062.484375,246565.734375,236775.96875,218053.328125,214457.9375,197736.3125,172555.296875,158105.140625,264439.15625,254617.171875,182480.078125,167552.0,245969.28125,168275.234375,300685.78125,282735.375,236654.75,238257.421875,249504.453125,229350.453125,182970.296875,174429.234375,196949.265625,195731.453125,205403.15625,199178.625,183315.265625,179493.265625,209609.078125,195065.234375,206612.59375,208828.21875,209342.296875,207405.625,205950.140625,202796.734375,201017.421875,192151.046875,234485.421875,226260.84375,231131.171875,245316.34375,185848.78125,175865.203125,195801.796875,182203.421875,240186.3125,242847.0,225060.265625,216425.921875,198984.75,186858.3125,210931.578125,233233.328125,193437.34375,205620.0625,166009.25,163749.734375,246365.578125,241874.21875,285225.78125,251638.796875,285529.4375,249036.4375,331170.78125,310861.96875,271244.84375,277362.03125,268889.1875,267055.3125,220752.390625,210376.59375,194792.640625,216442.078125,238605.453125,217722.921875,214094.828125,238839.21875,183106.046875,184407.265625,191166.5,183941.59375,243895.203125,231581.5,214245.65625,192817.6875,245120.625,241043.71875,221849.21875,228667.21875,249797.46875,250191.75,282015.625,265859.09375,211850.296875,205339.609375,224315.765625,209943.6875,171809.046875,187306.25,189639.125,204600.296875,219435.796875,199282.875,224751.53125,217662.34375,178490.375,170806.234375,209839.140625,182179.5,216067.875,218075.703125,277236.65625,277194.25,261065.921875,199327.3125,150971.921875,154471.4375,166309.34375,181485.171875,132705.9375,143544.625,341759.5625,292299.84375,139629.625,155029.46875,239545.421875,232153.5625,182007.53125,200490.21875,213855.046875,188149.1875,274686.125,253785.953125,244122.96875,276391.625,250104.0625,296404.25,319005.75,321354.75,219436.359375,214184.703125
75,198239.3125,182768.53125,196685.984375,182264.03125,199786.40625,174747.59375,181668.140625,173864.78125,176668.84375,168119.703125,221094.171875,210382.609375,218535.546875,200331.171875,248267.0,202726.15625,225302.53125,199676.515625,250142.8125,196515.015625,248445.171875,208064.828125,209689.84375,193220.0,186021.453125,179914.046875,201742.390625,161697.390625,234361.265625,227625.796875,246462.0625,228764.921875,205155.421875,208016.25,209454.328125,201174.046875,264798.875,246047.234375,223005.34375,236137.6875,223179.3125,223076.125,211266.109375,172761.671875,171596.859375,150967.78125,177316.796875,172193.65625,174281.015625,158866.15625,203855.734375,215489.046875,179608.921875,189524.46875,178714.65625,172410.828125,159494.265625,169797.484375,141704.03125,159120.03125,231507.984375,227511.0,234665.421875,216717.421875,180355.546875,173917.609375,162569.875,154667.484375,207860.859375,187439.546875,249516.734375,265391.25,295422.46875,262746.84375,188354.75,167598.015625,258422.4375,216823.171875,253366.296875,214331.078125,166937.4375,173038.796875,201693.953125,178145.703125,194315.09375,196265.328125,234443.28125,201737.8125,179100.3125,179713.421875,217570.046875,203827.078125,184183.234375,150420.0625,199260.734375,185151.203125,206379.46875,217924.78125,194175.71875,169174.890625,105639.078125,123754.40625,212564.90625,186524.3125,243679.390625,245807.015625,236382.96875,217280.703125,213864.921875,197786.59375,172169.625,157189.8125,263644.71875,253754.25,182225.3125,168148.375,244508.375,168861.296875,300045.40625,281430.3125,236650.59375,238567.53125,249729.3125,229305.140625,183464.484375,175011.078125,197115.15625,195837.421875,205259.421875,199513.28125,183267.375,179774.296875,209386.515625,195155.015625,206415.28125,209217.390625,209245.578125,207952.609375,205719.84375,203182.453125,200884.8125,192893.703125,234497.5625,226748.296875,231333.71875,245888.15625,186369.359375,176334.46875,195827.4375,182376.734375,239874.546875,243083.40625,224798.734375,216526.8125,198717.859375,187056.59375,210915.40625,233718.171875,192961.828125,205504.390625,166144.71875,163977.15625,246551.546875,241763.546875,285075.46875,251209.109375,285917.5625,249644.546875,329932.21875,309775.8125,271053.4375,277940.375,268882.9375,267416.9375,220738.71875,210748.546875,194745.40625,217114.65625,239608.140625,218959.734375,213667.5625,238764.0625,183622.75,185226.4375,191169.4375,184012.625,244799.96875,232224.859375,213664.1875,192228.828125,245088.0625,240874.4375,221405.21875,228552.15625,249154.625,249949.96875,281351.875,265870.6875,211675.15625,205451.78125,224268.625,209642.671875,171204.65625,186930.671875,188707.359375,203699.890625,219489.1875,199450.59375,224623.921875,218067.890625,178378.96875,171557.296875,209889.15625,182324.625,215781.671875,218978.203125,276651.0625,277130.9375,261805.921875,200104.671875,151269.390625,154524.046875,166521.109375,181771.109375,132985.375,143951.953125,342281.375,293453.90625,139815.890625,155214.5625,239459.375,232437.421875,182222.71875,200814.109375,213957.671875,188661.078125,274550.53125,254479.453125,244342.0625,276892.3125,250277.421875,296981.25,318753.71875,320977.8125,220322.484375,214610.234375
76,198604.640625,183234.0625,196994.171875,182863.84375,199683.671875,175241.484375,181476.796875,174045.90625,176546.6875,167927.3125,221602.359375,211054.984375,219131.5625,200728.515625,248749.203125,203335.125,225250.515625,199877.953125,250731.75,197386.1875,248579.984375,208612.734375,209742.578125,193579.296875,185926.15625,179994.921875,201154.53125,162421.171875,234849.109375,227977.3125,246870.578125,229265.0,204953.25,208381.5625,209002.765625,201240.0625,265016.0625,245912.90625,223423.5,236129.6875,223262.0625,223188.46875,210892.765625,172669.90625,170884.53125,150660.453125,176638.75,171963.28125,173682.75,158566.328125,202826.203125,215751.421875,179474.171875,189741.6875,178385.578125,172500.234375,159462.015625,169965.25,141422.84375,158912.609375,230906.984375,227225.421875,234786.390625,216668.875,180452.5625,174168.8125,162649.203125,154710.890625,208312.796875,189106.328125,249441.0625,264667.59375,295067.53125,262794.25,188481.578125,167325.734375,258865.0,217508.078125,252610.703125,213845.765625,167078.875,173495.40625,201949.296875,178382.640625,194181.8125,196005.0625,234388.46875,201918.515625,179495.265625,179602.28125,217207.625,202892.75,184410.09375,150123.390625,200082.328125,185080.59375,206078.171875,217926.75,194138.140625,169096.0,106372.734375,123693.515625,212547.875,186243.21875,244128.40625,245689.296875,236582.828125,216565.375,213521.25,197684.203125,173377.0625,156669.640625,263654.21875,252760.21875,182597.546875,168130.3125,244618.546875,168727.734375,299815.09375,281757.0625,236743.875,238136.703125,249862.015625,228839.734375,183259.15625,175004.796875,196876.078125,196053.671875,205201.765625,199716.15625,183229.0625,179790.0,209358.34375,195395.515625,205741.390625,209096.4375,208878.3125,208119.421875,205652.59375,203517.890625,200657.296875,193336.5,234527.609375,226983.109375,231491.53125,245898.984375,186436.375,176631.375,196155.375,182595.6875,239719.6875,243279.609375,224778.921875,216654.671875,198694.6875,187437.25,210600.5625,233615.4375,192899.5,205688.078125,165977.296875,164113.40625,246863.890625,241540.125,283981.59375,251288.5,285607.375,249895.421875,330052.84375,310620.53125,271221.84375,278621.53125,268941.5,267622.8125,220929.75,211011.65625,194648.984375,217410.65625,240113.203125,219479.828125,212997.765625,238187.140625,183683.703125,185422.03125,191123.09375,184056.078125,244852.765625,232138.40625,213396.90625,191450.421875,245304.71875,240481.640625,221323.75,228877.3125,249234.5625,250049.96875,281526.875,266043.96875,211907.28125,205176.484375,224593.53125,209369.921875,171094.25,186832.453125,188899.390625,202999.96875,218506.0,199065.703125,224236.4375,218088.8125,178675.46875,171682.53125,210978.359375,182433.515625,216361.609375,219344.65625,277010.75,277083.625,262458.46875,200607.3125,151596.9375,154600.890625,166674.765625,182498.75,132954.578125,144288.125,342372.1875,293792.25,140417.359375,155372.625,238550.640625,232209.0625,182559.03125,200001.578125,213702.703125,188803.6875,274241.71875,253787.9375,243910.421875,278021.375,249445.0625,298035.53125,318938.625,321298.125,219347.59375,214738.53125
77,198219.078125,183252.390625,197212.90625,183081.234375,200082.390625,175471.453125,181216.375,173971.03125,175988.328125,167275.6875,221064.96875,210521.640625,219136.15625,200694.34375,248813.09375,202775.375,224685.71875,199638.359375,251442.53125,197271.375,248493.109375,208236.03125,209620.328125,193525.859375,185823.296875,179730.703125,201289.0,162082.484375,234165.28125,227524.765625,246426.21875,228475.359375,204369.15625,207471.609375,208677.4375,200442.640625,264939.5,245421.796875,223251.0,235209.53125,223309.40625,223063.296875,211263.25,171423.046875,170412.703125,150144.296875,176659.234375,171889.484375,173515.578125,158392.375,202436.265625,214952.984375,179091.328125,189506.484375,177697.78125,172199.890625,159293.90625,169762.25,141088.453125,158716.796875,230170.109375,226525.578125,234261.765625,216382.78125,180368.734375,174149.890625,162439.59375,154541.390625,208901.9375,189833.609375,248921.203125,263750.5625,294506.03125,262143.703125,188097.78125,166447.40625,260505.171875,217555.4375,252608.234375,213298.9375,167575.71875,174001.59375,202319.0,178232.90625,194334.921875,195724.890625,234376.984375,201872.515625,180340.59375,179380.953125,217339.8125,202865.859375,185304.171875,149898.265625,200736.578125,185059.625,206681.421875,218070.515625,194371.40625,169017.046875,106747.671875,123923.3203125,213501.390625,186226.078125,244492.15625,245976.375,237166.703125,216495.21875,214231.4375,197567.984375,174918.46875,156497.515625,264329.25,252809.8125,183679.96875,167555.984375,245880.875,168437.234375,300326.9375,282758.15625,236809.5625,237759.53125,249575.265625,228540.25,182920.671875,174978.9375,196688.140625,195956.953125,205317.40625,199717.859375,183110.46875,179593.875,209483.640625,195306.671875,205373.265625,208926.859375,208747.515625,208037.265625,205408.328125,203141.5625,200156.0625,193064.53125,234469.8125,226715.734375,230731.078125,245167.140625,186182.921875,176178.859375,196119.875,182351.671875,239618.859375,243027.75,224893.640625,216533.859375,198499.546875,187257.78125,209954.75,232989.375,193035.453125,205757.40625,165715.21875,163931.09375,246736.734375,241751.8125,283405.5625,251685.5,285294.3125,249604.5625,330638.5625,311950.4375,271059.15625,278570.9375,268426.6875,267197.375,220932.515625,210847.0,194520.453125,217346.75,239808.359375,218848.046875,213525.953125,238082.0625,183488.75,184936.109375,191049.265625,183963.359375,244837.78125,231580.21875,213543.953125,191672.34375,245403.03125,240615.625,221368.484375,229259.40625,249858.8125,250315.328125,281956.0,266045.625,212024.953125,205195.46875,224825.984375,209551.078125,171146.953125,186857.640625,189504.265625,203011.859375,218492.890625,199323.3125,224165.28125,217947.71875,178450.28125,171172.0,211381.140625,182372.15625,216333.265625,218494.078125,277249.65625,277390.96875,262120.828125,199938.0,151423.859375,154310.859375,166720.96875,182317.234375,132733.140625,143926.234375,342043.5625,292963.96875,140690.671875,155194.78125,238297.171875,232038.765625,182616.1875,199977.171875,213923.28125,188474.140625,273808.46875,253491.453125,244202.328125,278647.9375,249569.890625,298677.0625,319561.21875,321501.65625,219319.390625,214642.671875
78,197734.890625,182968.375,197212.390625,183020.078125,200652.875,175654.53125,181005.09375,173754.25,175783.140625,167140.015625,220606.5,210334.796875,218964.890625,200839.4375,248552.234375,202168.046875,224054.046875,199473.484375,251607.875,196625.546875,248209.078125,207784.5625,209256.140625,193669.796875,185619.6875,179775.5,201386.578125,161459.875,233293.609375,227010.046875,245961.359375,228030.828125,203962.859375,206914.75,208763.9375,199736.0,264832.875,245120.734375,222539.921875,234697.203125,223306.484375,223133.453125,211418.234375,170244.703125,170132.359375,149762.90625,176911.765625,171893.453125,173699.578125,158416.90625,202486.5,214074.3125,178874.4375,189457.0625,177488.359375,172120.828125,159120.296875,169524.578125,140955.453125,158678.59375,229895.640625,226332.421875,233926.765625,216298.546875,180132.234375,173967.234375,162161.78125,154333.15625,209159.71875,189477.03125,248825.703125,263859.96875,294093.09375,261319.015625,187664.75,166264.65625,261092.953125,216912.3125,253275.640625,213252.359375,167931.953125,173555.953125,203027.703125,177874.765625,194483.140625,195680.625,234476.890625,201930.71875,181059.71875,179040.640625,218178.203125,203263.625,185666.28125,149703.078125,201233.5,184798.34375,207285.3125,218075.21875,194789.328125,168602.328125,106841.1953125,123501.5703125,213924.046875,186313.34375,244533.4375,245999.265625,237416.28125,216660.765625,214389.4375,197308.21875,174901.671875,156146.234375,264502.0,253038.921875,183812.078125,167297.046875,246167.78125,168662.953125,300438.53125,282341.625,236666.328125,238043.15625,249138.265625,228732.09375,183128.78125,175317.953125,196946.75,196017.0,205572.03125,199920.5625,183090.4375,179585.890625,209913.09375,195216.4375,205649.796875,209124.03125,208792.859375,207981.015625,205285.5,202782.1875,199622.96875,192767.453125,234346.265625,226655.03125,230041.296875,244852.59375,186119.84375,175775.578125,195895.796875,182045.5,239635.4375,242891.765625,224965.484375,216492.59375,198305.171875,187082.296875,209469.609375,232857.59375,193053.125,205709.578125,165633.96875,163704.46875,246201.921875,242185.046875,283276.125,251583.21875,285228.625,249399.28125,330491.96875,312008.28125,270641.5,278105.28125,267556.40625,266789.71875,220900.90625,210781.65625,194680.84375,217526.609375,239765.203125,218552.8125,214016.609375,238239.9375,183561.953125,184857.359375,190981.03125,183928.90625,245285.40625,231558.640625,213682.5625,192230.078125,245689.65625,241322.0,221284.140625,229118.890625,250020.21875,250430.78125,282276.53125,266147.28125,212043.734375,205475.8125,225193.4375,209895.109375,171228.34375,186749.6875,189776.671875,203346.671875,219064.203125,199601.71875,224547.28125,217986.171875,177648.96875,171572.578125,210693.734375,182237.140625,215644.8125,217976.109375,276782.5,277494.375,261211.109375,199266.828125,151184.234375,154063.390625,166354.140625,181205.328125,132512.75,143464.609375,342241.375,292750.25,140519.9375,155061.75,239150.421875,232121.5625,182447.953125,200772.09375,214475.890625,188451.0,274208.125,254562.65625,244901.046875,278243.625,250266.78125,298304.65625,319967.03125,321267.625,220775.09375,214772.40625
79,197722.359375,182601.34375,196904.703125,182676.375,200215.03125,175392.3125,180771.078125,173254.671875,175862.765625,167331.484375,220809.671875,210606.8125,218914.5,200951.21875,247979.21875,202136.046875,224222.921875,199264.609375,250983.40625,196099.421875,247913.046875,207565.875,208957.71875,193560.421875,185504.828125,179714.515625,201197.265625,161426.90625,233056.375,226906.5625,245938.078125,228076.890625,204021.8125,207019.75,208717.625,199717.375,264576.625,245078.484375,222119.234375,234890.953125,223407.703125,223479.84375,210905.9375,170794.734375,170100.234375,149869.375,177032.6875,171844.171875,173980.109375,158620.4375,202523.890625,214131.4375,179071.53125,189665.953125,178020.171875,172294.8125,159128.359375,169601.515625,140912.09375,158638.734375,230153.0625,226499.78125,234239.296875,216305.1875,179911.265625,173802.640625,161943.09375,154244.125,208989.671875,189100.15625,248790.421875,264015.03125,294251.75,261138.109375,187323.859375,166295.84375,260507.203125,216920.03125,253184.03125,213696.203125,167634.265625,173099.46875,203360.703125,178021.734375,194137.921875,195873.234375,234417.671875,201913.90625,180272.671875,179005.78125,218824.375,203454.390625,184867.375,149687.203125,200957.375,184581.84375,207154.4375,218272.390625,194729.296875,168764.390625,106588.4609375,123260.90625,213414.34375,186517.1875,244564.28125,246126.484375,237387.3125,217081.515625,213899.171875,197141.4375,173595.09375,156306.015625,264295.6875,253213.359375,182775.234375,167528.890625,245853.703125,169056.984375,300282.9375,282804.53125,236220.796875,238119.40625,248880.8125,228933.5,183554.40625,175634.390625,197392.453125,196495.09375,205948.59375,200211.3125,183171.078125,179573.671875,210387.96875,195392.859375,206116.40625,209346.65625,208815.0625,208114.875,205683.34375,202944.859375,199727.75,192910.15625,234325.65625,226805.96875,230113.71875,245037.765625,186171.0,175946.46875,195783.03125,182029.5,239996.546875,243216.609375,225141.421875,216744.671875,198530.546875,187368.21875,209725.84375,233174.578125,193201.15625,205735.75,165660.4375,163637.40625,246105.53125,241749.140625,283434.53125,251667.671875,285076.59375,249310.296875,330593.34375,311788.25,270784.71875,278047.59375,267526.625,266834.28125,220905.359375,210850.640625,195024.640625,217682.515625,239913.671875,219018.125,213818.046875,238421.90625,183890.921875,185451.109375,190924.09375,183892.1875,245354.046875,231911.921875,213840.375,191943.9375,245993.703125,241631.5625,221460.609375,228952.875,249708.953125,250616.9375,282508.15625,266527.03125,212290.828125,205615.96875,225566.203125,210146.25,171340.640625,186744.4375,189767.484375,203439.75,219335.015625,199629.546875,225050.578125,218373.984375,177468.6875,172253.90625,210180.75,182307.546875,215747.546875,218518.953125,277004.0625,277479.5625,261295.453125,199698.953125,151181.5625,154275.765625,166074.078125,181064.828125,132389.5625,143436.078125,342776.125,293632.84375,140022.328125,155116.546875,239514.90625,232228.21875,182279.71875,200623.75,214596.34375,188724.796875,274890.875,255112.359375,244857.71875,277810.0625,250401.421875,297709.03125,319958.28125,321321.6875,220822.8125,214798.90625
80,197971.109375,182399.453125,196503.28125,182155.28125,198968.609375,174469.296875,180604.9375,172684.0,175975.09375,167502.625,221121.03125,210527.265625,219110.796875,200870.140625,247250.765625,202179.578125,224723.3125,199014.484375,250403.875,196074.40625,247751.875,207399.640625,208701.515625,192734.71875,185593.578125,179331.46875,201520.453125,161980.203125,233320.671875,227163.390625,246030.765625,227961.0,204112.609375,207313.453125,208451.21875,199789.375,264325.6875,245153.125,222122.890625,235406.453125,223680.078125,223758.5,210620.59375,172350.15625,170533.984375,150506.890625,177435.84375,172017.671875,174199.71875,159036.25,202549.859375,214744.421875,179406.59375,189862.359375,178588.015625,172476.609375,159232.609375,169912.40625,141132.59375,158698.953125,230532.796875,226695.765625,234752.65625,216536.265625,179887.140625,173787.40625,162038.84375,154380.5,208857.3125,189219.5,248375.65625,263592.15625,294556.71875,261447.828125,187241.328125,165975.484375,260140.28125,217512.03125,252553.015625,214002.328125,167124.359375,173460.171875,202825.8125,178338.40625,193749.953125,196221.0,234259.59375,201709.5625,178763.4375,179227.265625,218659.109375,203415.171875,184249.625,149768.140625,199848.78125,184469.984375,206693.984375,218448.46875,194233.0625,169461.578125,106122.875,123588.7578125,213014.25,186474.171875,244409.734375,246458.578125,237299.453125,217434.859375,214014.9375,197166.578125,171959.78125,156477.1875,263869.71875,253498.171875,182103.0,167310.015625,246206.421875,168943.65625,300063.03125,284189.59375,235861.71875,237830.125,249183.640625,228854.9375,183905.609375,175742.25,197675.9375,196934.25,206233.984375,200332.390625,183382.484375,179662.65625,210461.984375,195592.21875,206272.359375,209275.796875,209093.734375,208216.15625,206185.15625,203338.640625,200306.640625,193032.578125,234349.4375,226653.984375,230375.1875,245077.53125,186130.65625,176278.953125,195858.8125,182234.171875,240333.296875,243392.9375,225267.265625,216871.15625,199058.96875,187750.28125,210353.453125,233279.9375,193609.765625,205887.203125,165802.609375,163744.671875,246299.109375,241083.625,283857.75,252461.671875,284719.28125,249113.21875,331188.125,311723.75,271194.625,278014.21875,268032.84375,267101.78125,220906.171875,210875.484375,194961.234375,217521.6875,239831.515625,219421.421875,213504.671875,238736.015625,184120.25,185867.078125,190986.734375,183868.453125,245153.890625,232307.921875,213540.265625,191408.578125,246011.578125,241374.234375,221631.390625,229064.546875,249566.015625,250747.0625,282533.9375,266605.34375,212419.46875,205383.4375,225539.640625,210064.859375,171039.078125,186736.859375,189413.53125,203146.15625,219231.5625,199544.828125,225267.90625,218588.28125,178302.375,171842.46875,210469.6875,182429.453125,216328.375,218847.671875,277485.1875,277520.625,262283.0625,200475.765625,151329.21875,154552.453125,166107.546875,181819.25,132411.34375,143600.75,343323.75,294530.84375,139726.328125,155157.46875,239583.890625,232394.203125,182360.328125,199774.75,214296.921875,188697.546875,275328.9375,254677.796875,244439.4375,277745.71875,250217.859375,297882.3125,320210.78125,322030.90625,219387.859375,214614.40625
81,198034.953125,182540.859375,196440.0625,182057.421875,198433.5,173904.671875,180727.125,172717.765625,176020.265625,167499.40625,221134.359375,210387.109375,219436.015625,200851.609375,247245.40625,202326.015625,224773.8125,199173.21875,250835.015625,196518.5625,248146.390625,207638.46875,208627.1875,192391.3125,185705.6875,179335.484375,202453.921875,162527.25,233528.09375,227544.0625,246256.640625,228193.203125,203993.234375,207672.859375,208525.4375,199687.125,264685.46875,245190.203125,222401.234375,235818.15625,223812.265625,223520.703125,210877.96875,172985.015625,170751.53125,150855.4375,178229.40625,172458.46875,173928.90625,159194.015625,202687.203125,215181.6875,179494.71875,189968.375,178663.234375,172588.453125,159379.171875,170102.5,141619.296875,158850.265625,230744.359375,226743.703125,234846.0,216923.921875,180147.640625,173905.59375,162446.390625,154600.6875,209095.453125,189144.71875,248379.109375,263475.3125,294461.5,261839.953125,187573.34375,165968.75,260169.234375,217768.1875,252504.359375,213893.046875,167105.4375,173838.125,202436.546875,178281.0,194109.328125,196462.1875,234298.78125,201707.15625,178641.953125,179110.390625,218093.71875,203081.671875,184963.5625,149740.4375,199394.515625,184367.359375,206610.71875,218192.15625,194122.953125,169566.140625,105992.9140625,123681.1796875,213238.46875,186015.875,244001.734375,246268.375,236977.53125,217035.234375,214635.8125,197149.671875,170478.453125,155802.734375,263169.78125,253517.609375,181877.984375,166592.140625,246186.71875,168519.140625,298781.3125,283031.875,236017.359375,237925.96875,249750.9375,228634.84375,184096.734375,175873.984375,197648.046875,196999.765625,206023.09375,200286.484375,183531.75,179965.5,210208.328125,195640.765625,206345.671875,209205.25,209441.21875,208180.140625,206243.84375,203540.40625,200642.6875,193040.984375,234296.09375,226487.125,230576.421875,245089.453125,186221.90625,176293.28125,196052.0625,182460.375,240112.625,243170.40625,225095.875,216689.4375,199333.171875,187922.5625,210618.1875,233123.390625,193691.78125,206160.625,166040.84375,163860.375,246164.546875,241469.0625,283767.34375,252501.328125,284679.75,248894.015625,330804.1875,311378.25,271039.15625,277433.8125,268008.5,267112.21875,220979.578125,210984.984375,194731.140625,217534.265625,239646.109375,219242.828125,212981.703125,238723.28125,184114.171875,185792.703125,191198.09375,183982.65625,245099.4375,232398.578125,212831.171875,191543.8125,245780.875,241114.484375,221465.453125,229286.546875,249652.15625,250327.609375,282181.375,266217.3125,212437.359375,205225.671875,225358.359375,209746.8125,170735.34375,186674.4375,189188.125,202690.578125,219324.71875,199639.171875,225242.640625,218478.546875,178633.28125,170825.234375,210536.84375,182343.390625,215733.875,218204.671875,276697.34375,277177.9375,262466.3125,200484.6875,151422.171875,154480.5,166050.953125,181881.265625,132491.90625,143732.515625,343672.3125,294483.4375,139774.96875,155087.984375,239580.65625,232453.546875,182514.0,199763.859375,213968.140625,188220.390625,275481.75,254082.5625,244189.21875,276660.40625,249412.75,297687.0,320474.21875,322389.71875,218892.09375,214317.65625
82,197663.25,182756.921875,196510.25,182262.296875,198662.21875,173998.171875,181222.34375,173429.828125,176060.84375,167304.453125,220704.046875,210145.421875,219105.21875,200474.46875,247753.4375,202483.75,224624.890625,199376.875,251116.4375,196813.75,248437.78125,208032.796875,208887.5625,192970.546875,185793.828125,179827.1875,202903.34375,162555.296875,233456.890625,227381.203125,246335.90625,228637.0,203870.859375,207534.1875,208955.828125,199716.921875,265283.65625,245352.78125,223081.8125,235650.546875,223684.5,223175.890625,211447.390625,172786.984375,170793.515625,150725.5,178983.71875,173114.796875,173787.265625,159107.109375,203195.625,215527.640625,179220.84375,189785.9375,178485.59375,172523.71875,159574.1875,169915.8125,141789.59375,158942.734375,230925.078125,226659.234375,234356.421875,216804.53125,180452.40625,173930.1875,162611.09375,154693.875,209227.421875,188205.125,248991.078125,264170.71875,294544.9375,262447.84375,187812.703125,166485.296875,259972.328125,217493.90625,253102.734375,213931.453125,167346.859375,173697.921875,202981.0,178247.90625,194770.796875,196355.296875,234567.1875,202001.0,179510.890625,178853.15625,217632.46875,202736.890625,185881.96875,149759.15625,199793.125,184528.75,206797.515625,217889.5625,194324.90625,168979.4375,106061.84375,123413.7890625,213695.8125,185950.609375,243754.34375,245556.3125,236742.6875,216483.890625,214973.421875,197035.90625,170471.59375,155921.984375,263160.0,253635.25,181808.515625,166514.5,245195.421875,168307.71875,298240.75,281239.8125,236282.59375,238166.828125,249661.234375,228519.03125,183961.671875,175829.109375,197367.078125,196691.015625,205588.609375,200208.5625,183335.25,179998.984375,209935.671875,195600.84375,206686.75,209297.8125,209345.78125,208298.1875,205902.328125,203354.046875,200513.984375,193255.859375,234307.65625,226605.109375,230724.0,245283.03125,186490.40625,176084.78125,196133.96875,182499.125,239738.34375,243039.046875,224924.5625,216649.5625,199043.90625,187765.65625,210552.15625,233110.25,193192.34375,206273.015625,166165.453125,163900.828125,246349.703125,242107.53125,283182.40625,251220.5625,285241.25,248961.1875,329539.0625,310816.3125,270973.78125,277651.59375,268126.5625,267039.8125,220932.828125,210992.65625,194811.6875,217648.703125,239198.25,218516.828125,212774.609375,238786.84375,183706.109375,185355.546875,191238.796875,184042.765625,244835.65625,231997.5,212835.0,191784.75,245399.1875,241042.234375,221345.859375,229533.328125,249717.796875,249920.75,281674.1875,266097.125,212674.25,205497.0,225205.46875,209675.421875,171041.5625,186729.90625,189640.1875,202550.015625,220137.828125,200338.546875,225326.203125,218599.390625,177629.484375,170564.859375,209879.8125,182166.40625,214655.921875,218103.5625,275979.96875,277299.125,261722.96875,200034.90625,151256.296875,154268.765625,166319.15625,181601.765625,132617.6875,143866.5625,342930.34375,293323.09375,139723.59375,154918.3125,239233.078125,232301.125,182541.75,200761.875,213936.671875,187860.6875,274853.28125,253786.84375,244162.109375,275741.84375,248860.359375,296708.78125,319834.4375,321428.6875,220073.015625,214197.125
83,197162.515625,182477.921875,196103.234375,181641.84375,197680.421875,172857.96875,181571.375,173761.21875,176155.625,167278.59375,219754.265625,208996.3125,217749.109375,199386.15625,247091.34375,201597.296875,224678.421875,198829.265625,249418.015625,196339.59375,247184.171875,207628.6875,208543.03125,192143.140625,185888.046875,179772.3125,202637.21875,162522.8125,233570.9375,226299.75,245767.5625,228107.125,203979.65625,206976.140625,209713.890625,199884.546875,265047.84375,245646.90625,223272.953125,235096.65625,223651.09375,223439.1875,212440.21875,173851.515625,171770.890625,151270.375,179379.75,173839.171875,174352.4375,159423.34375,204280.1875,216025.703125,179023.09375,189214.671875,178597.984375,172372.984375,159695.4375,169731.53125,142012.703125,159027.875,231101.1875,226594.953125,233976.765625,216063.09375,180472.90625,173950.65625,162630.375,154801.578125,208754.0,187431.03125,249024.8125,264564.625,295051.6875,262857.53125,187802.703125,166964.375,259053.1875,217065.265625,253568.703125,214597.921875,167045.734375,173473.296875,203286.234375,178342.859375,194784.984375,196249.28125,234733.078125,202189.65625,179189.84375,178822.140625,217409.609375,203438.65625,185857.5,150239.859375,199444.765625,184560.953125,206582.828125,218176.453125,194214.34375,169156.0625,105796.1328125,123466.9140625,213747.9375,186545.046875,243812.3125,245831.015625,236839.15625,217327.828125,215253.1875,197163.34375,171353.09375,157086.953125,263593.90625,254271.1875,182032.953125,167669.171875,245096.03125,168720.40625,299443.15625,282007.9375,236141.171875,238232.34375,249239.875,228799.25,184096.84375,175832.828125,197514.03125,196547.546875,205331.578125,200109.53125,183292.109375,180012.71875,209761.328125,195713.796875,207195.0625,209489.25,209362.109375,208643.71875,205630.71875,203049.75,200670.71875,193409.9375,234691.5625,226792.125,230671.21875,245110.828125,186662.28125,176219.84375,196007.484375,182470.796875,239977.390625,243254.5,225015.078125,216838.171875,198806.921875,187296.765625,210559.046875,233047.0,192937.296875,205616.109375,166255.328125,164073.875,246596.3125,241777.15625,283561.75,250913.640625,285515.375,249115.796875,329268.53125,310345.9375,271429.34375,278014.75,268479.53125,266996.90625,220738.53125,210785.828125,194840.5,217067.875,238492.015625,217718.328125,213358.296875,239428.15625,182939.0625,184568.59375,190952.671875,183900.765625,244303.59375,231678.359375,213614.015625,192060.859375,245269.53125,241222.734375,221194.25,229603.71875,249926.84375,250358.359375,281641.0625,266470.53125,212459.203125,205788.3125,224912.0,209898.90625,170936.828125,186500.5625,189399.234375,202953.578125,220786.203125,200873.421875,225503.8125,218885.921875,177045.03125,171310.984375,209424.546875,182188.625,215052.375,219027.765625,276600.5,278209.625,261237.890625,199855.546875,151064.609375,154292.28125,166822.0,181956.734375,132909.0625,144111.15625,340791.15625,291513.65625,139606.296875,154914.859375,239268.78125,232330.234375,182500.296875,201317.34375,213761.359375,188231.921875,273851.375,253763.828125,243769.4375,276365.8125,249381.53125,296292.40625,318097.78125,319947.78125,220577.296875,214401.03125
84,197338.5625,182093.984375,195717.671875,180836.765625,196669.921875,171578.046875,181244.84375,173228.53125,176165.09375,167586.28125,219638.359375,208549.53125,217304.015625,199062.390625,246304.65625,200803.859375,224752.546875,198542.40625,248095.78125,195884.734375,246053.984375,207044.328125,207756.40625,190550.859375,185838.578125,179236.53125,202749.265625,162416.375,233958.203125,225907.703125,245269.34375,227206.328125,204288.484375,207068.1875,210371.953125,200258.296875,264181.53125,245662.109375,222513.15625,235036.390625,223834.21875,223867.203125,213004.796875,175148.375,172829.53125,152120.703125,179066.796875,173792.453125,174992.609375,159958.75,205130.765625,216017.796875,179211.265625,189070.1875,178838.1875,172414.109375,159660.15625,169980.421875,142435.515625,159052.046875,231037.484375,226802.859375,234407.765625,215936.265625,180252.03125,174063.671875,162704.046875,154860.125,208227.953125,187989.796875,248795.046875,264282.5625,295490.75,262636.375,188088.46875,167176.65625,258403.3125,216963.59375,253689.515625,214965.546875,166450.734375,173170.796875,202514.59375,178092.140625,194670.265625,196273.90625,234542.140625,201930.125,178130.25,178743.796875,217397.953125,204463.734375,185158.203125,150787.5,198572.015625,183938.671875,206199.0625,218452.34375,194017.53125,169862.4375,105388.859375,123495.890625,213266.4375,186558.5625,243712.265625,246776.59375,236734.859375,218334.5625,215316.328125,197465.234375,171607.421875,156901.71875,263479.0625,254217.75,182241.390625,168783.75,246135.65625,169314.640625,300032.4375,283093.0,236135.359375,238409.546875,249449.28125,229234.796875,184488.125,176205.796875,197919.578125,196633.5,205283.96875,200084.6875,183672.65625,180375.953125,209757.609375,195851.03125,207179.328125,209509.71875,209836.828125,208644.34375,205759.796875,203077.65625,201322.71875,193067.390625,235087.890625,226679.703125,230589.828125,244822.4375,186550.046875,176419.390625,195878.234375,182462.828125,240242.15625,243312.140625,224977.046875,216641.96875,199078.453125,187070.140625,210784.328125,232812.578125,193325.34375,204992.1875,166477.65625,164188.328125,246347.65625,241265.671875,284985.125,252343.0625,285333.90625,248956.921875,330744.125,310755.125,271735.34375,277181.21875,268166.375,266796.125,220497.75,210525.21875,194661.578125,216551.75,238727.5,218088.9375,213773.078125,239401.984375,183144.140625,184665.328125,190816.9375,183827.671875,244390.53125,232045.296875,214046.515625,192408.5625,245611.1875,241488.1875,220962.890625,229464.390625,250063.59375,250845.21875,281859.46875,266613.0,211756.234375,205663.53125,224648.34375,209907.84375,170180.453125,186073.1875,188032.09375,203265.734375,220403.328125,200501.71875,225379.5,218784.75,178243.6875,171963.234375,209808.0,182396.859375,216265.359375,219298.015625,277253.59375,278088.09375,261656.8125,200165.953125,151142.578125,154518.328125,166773.390625,182455.890625,133165.015625,144401.046875,340110.125,291445.59375,139689.328125,155179.53125,239370.578125,232560.546875,182209.296875,200872.421875,213234.640625,188631.328125,273669.59375,253829.78125,243224.1875,276844.0,249872.75,296691.1875,317245.625,320061.90625,219582.3125,214404.484375
85,198191.921875,182539.40625,196201.734375,181628.9375,198328.0625,173273.6875,180913.96875,173014.578125,176235.46875,167930.640625,221181.078125,210373.125,218723.5,200190.234375,247647.96875,202124.8125,225035.75,199862.96875,249709.859375,196628.140625,247274.484375,207643.40625,208192.0,191729.953125,185821.28125,179631.84375,202598.375,161943.34375,234256.65625,227561.5625,245798.0,227838.640625,204704.25,207962.765625,210098.953125,200824.359375,263445.84375,245591.796875,221785.96875,235776.84375,223928.96875,224089.53125,211930.0,173834.625,172350.1875,151618.90625,177895.5625,172715.734375,174924.109375,159862.25,204540.375,215338.21875,179525.390625,189961.25,178748.34375,172657.296875,159610.8125,170291.734375,142173.546875,159001.046875,230785.96875,227287.078125,235288.0625,217090.125,180260.046875,174141.953125,162532.3125,154685.375,208135.046875,188878.921875,249577.59375,264650.40625,295769.15625,262386.25,188397.546875,167356.34375,258820.4375,216962.828125,253823.171875,214264.484375,166587.5,172694.375,201670.0625,177379.359375,194709.34375,196201.5625,234236.0625,201415.0,178412.84375,178573.96875,217603.09375,203836.734375,184178.921875,150302.765625,198827.46875,183375.609375,206224.796875,217911.875,194050.65625,169064.5,105550.578125,122694.2421875,212680.34375,185533.5625,243564.765625,246312.96875,236419.578125,217065.484375,214334.34375,197297.328125,172099.15625,155547.1875,263360.1875,252805.890625,182345.59375,168287.859375,246232.578125,169078.453125,300037.9375,282884.9375,236636.796875,238656.703125,249983.078125,229558.34375,184178.546875,176183.8125,197496.171875,196318.328125,205576.390625,200319.40625,183849.4375,180462.859375,209878.953125,195694.21875,206342.265625,209127.0,209902.625,208048.65625,206031.234375,203428.953125,201341.71875,192752.640625,234828.859375,226383.34375,230797.890625,245521.71875,186150.28125,175967.125,195988.796875,182354.515625,239847.109375,243010.0,224693.859375,216181.921875,199313.015625,187501.046875,211015.265625,233141.140625,193652.59375,205813.59375,166661.84375,164051.71875,246679.765625,241656.65625,285590.40625,253021.25,285350.53125,249131.453125,332370.3125,311583.84375,272104.875,277564.875,267911.65625,267016.78125,220281.453125,210340.421875,194623.1875,217249.359375,240154.765625,219666.640625,213403.984375,238444.9375,184516.0,186062.015625,191012.671875,183973.265625,245488.40625,232902.78125,213569.328125,192107.921875,246105.65625,241499.359375,220984.140625,229139.3125,249614.84375,250463.5,281900.0625,266299.71875,211747.171875,205057.28125,224716.359375,209525.71875,170099.984375,186035.140625,187702.84375,203041.671875,219698.25,199723.234375,225025.71875,218294.984375,179650.453125,171729.65625,210600.109375,182379.796875,216351.828125,218688.25,277125.1875,276940.03125,262554.03125,200724.0,151399.734375,154650.34375,166367.15625,182276.015625,133111.859375,144484.203125,342518.78125,293922.09375,140146.0,155368.484375,239387.15625,232689.90625,182034.21875,200643.953125,213314.609375,188393.265625,274383.59375,254477.6875,243816.546875,277067.46875,250286.78125,297416.0625,318810.96875,321659.4375,219733.859375,214349.828125
86,198932.640625,183387.0,196944.703125,183133.84375,200286.78125,175709.46875,181291.875,173627.234375,176612.453125,168187.125,222422.875,211981.9375,219496.15625,200877.71875,249282.265625,203809.96875,225843.8125,201458.734375,251208.921875,197655.125,248826.34375,208670.234375,209302.703125,194071.734375,186268.75,180685.84375,201140.75,161874.765625,234502.328125,229266.921875,246778.015625,229400.515625,205306.046875,208783.09375,209738.734375,201259.375,263139.375,245738.984375,221730.046875,236433.84375,223607.984375,224089.625,210320.828125,172113.015625,171180.28125,150454.203125,176542.265625,171582.390625,173819.4375,159017.25,203338.296875,215083.1875,179869.65625,190826.28125,178719.515625,172925.328125,159662.59375,170303.25,141699.53125,159127.40625,230723.03125,227399.0625,235791.390625,218084.78125,180663.609375,174393.515625,162516.390625,154663.15625,208120.546875,188862.609375,250272.78125,264940.84375,295633.375,262286.65625,188100.828125,167391.84375,259333.859375,216630.03125,253645.03125,213547.0625,167170.53125,172521.34375,201401.6875,176944.890625,194023.875,196130.515625,234105.9375,201146.5,179114.609375,178719.03125,217776.375,202634.328125,183404.140625,149411.046875,199553.53125,183744.921875,206198.671875,217294.546875,194071.859375,167769.921875,106111.8125,122154.7890625,212110.25,184901.34375,243733.515625,245203.265625,236179.859375,215407.90625,213091.25,197030.71875,172078.984375,155362.015625,263381.625,251710.96875,181797.578125,167125.3125,245635.703125,168539.5,299901.0625,282498.84375,237033.125,238532.34375,250161.40625,229946.6875,183661.796875,175596.609375,196923.46875,196122.328125,205930.328125,200558.0,183744.484375,180172.40625,209986.71875,195642.0,205690.625,208794.1875,209578.953125,207744.84375,206089.171875,203777.609375,200890.8125,193169.609375,234399.828125,226673.09375,231218.5,246338.828125,185971.9375,175778.21875,196389.671875,182483.6875,239708.984375,242900.4375,224777.234375,216397.46875,199313.53125,188006.5625,211016.734375,233615.9375,193593.71875,206902.875,166620.65625,164100.953125,247207.546875,241922.78125,284781.34375,252306.96875,285261.03125,249642.859375,331989.125,310705.875,272363.53125,278653.59375,268171.625,267351.90625,220523.21875,210534.578125,194793.0,217694.953125,240893.53125,220365.484375,213128.140625,238055.40625,185170.21875,186800.5,191190.421875,184212.28125,245973.78125,233216.5,212947.375,192072.828125,246322.5625,241376.0625,220982.765625,228701.15625,248788.921875,249753.6875,281939.15625,265796.25,212074.46875,204385.59375,224786.46875,209185.578125,170559.140625,186220.875,188540.46875,203059.828125,219139.109375,199110.453125,224874.1875,217933.59375,179603.421875,171037.796875,210886.140625,182026.984375,215591.75,217992.125,276629.46875,276209.9375,262607.53125,200595.734375,151646.78125,154713.96875,165875.09375,181464.140625,133052.234375,144360.765625,343972.9375,294790.53125,140721.09375,155422.4375,239866.40625,232767.84375,182488.4375,200655.609375,213962.484375,188329.15625,274845.78125,254942.140625,244662.109375,277370.5625,250683.21875,297660.03125,320328.375,322348.40625,220381.5,214675.75
87,198987.25,183505.65625,196922.171875,183217.25,200050.96875,175517.5625,181747.96875,173953.140625,176861.75,168221.015625,221823.921875,211150.375,218590.6875,200368.515625,249123.0,203487.140625,226148.265625,201384.453125,250492.328125,197356.265625,248787.203125,208567.078125,209554.703125,194004.515625,186776.140625,180646.90625,200439.0625,162023.015625,234521.734375,228969.53125,246976.40625,229470.109375,205804.75,208715.234375,210176.484375,201603.3125,263615.875,245778.921875,222275.203125,236127.3125,223101.796875,223533.453125,210121.484375,172633.484375,170833.265625,150301.8125,176252.65625,171345.40625,172777.046875,158338.34375,203379.8125,215489.0,180076.90625,190451.859375,178959.71875,172822.765625,159710.703125,170127.390625,141741.453125,159322.46875,230897.484375,227050.484375,235412.921875,217684.828125,180850.703125,174661.5,162781.125,154823.8125,208046.078125,188743.703125,249626.1875,263835.25,294999.75,262009.15625,187625.703125,166922.046875,259375.609375,216443.546875,252817.75,213464.046875,167189.15625,172752.328125,201062.78125,177450.1875,193223.84375,196070.375,234018.828125,201155.59375,178705.625,179324.484375,217500.609375,202875.359375,183315.09375,149640.0625,199309.96875,184704.09375,205832.359375,217432.046875,194029.328125,168382.703125,106173.5859375,123088.5703125,211960.421875,185441.296875,243948.96875,245469.859375,236182.65625,216026.359375,213144.578125,197330.75,170671.328125,156500.265625,263251.625,252323.28125,181023.640625,167120.140625,246044.75,168545.09375,299079.84375,282253.96875,236912.078125,238065.90625,249970.015625,229933.75,183603.15625,175153.53125,197095.3125,196330.484375,205825.21875,200259.78125,183700.875,179940.5,209915.40625,195718.421875,205866.125,208882.546875,209577.734375,207916.75,205956.390625,203624.078125,201094.625,193446.234375,234616.5625,227027.6875,231298.765625,245762.625,186260.1875,176410.0,196568.375,182815.953125,240114.078125,242995.09375,225140.734375,216919.46875,199303.96875,187738.03125,210810.703125,233142.25,193537.625,206466.796875,166420.78125,164274.359375,246674.109375,241148.859375,283982.1875,251944.65625,285131.96875,249466.09375,330494.3125,308845.9375,271672.90625,277375.90625,268255.46875,266836.75,220971.28125,210808.40625,194814.046875,216685.03125,240015.171875,219311.953125,213073.3125,238269.4375,184460.171875,185988.09375,191259.46875,184317.421875,244774.609375,232365.4375,213386.375,192729.359375,246103.65625,241306.703125,221146.75,228920.984375,248632.28125,249608.0,281808.09375,265441.75,211788.484375,204327.203125,224568.3125,209210.828125,170841.828125,186519.59375,189060.03125,203655.65625,218793.4375,199038.515625,224869.78125,217978.59375,179085.28125,170626.390625,210706.9375,181822.375,215565.859375,217699.3125,276322.4375,276059.25,261824.40625,199771.640625,151560.796875,154721.640625,165539.125,181147.03125,133083.484375,144270.765625,342261.09375,292722.8125,140672.359375,155422.0,239945.53125,232568.921875,182903.53125,200203.0,214170.453125,188581.703125,274543.59375,254059.796875,244247.0,276613.875,250029.609375,296933.40625,319661.53125,321571.75,219460.296875,214654.703125
88,198225.703125,183086.0,196739.75,182477.0625,200422.484375,174975.3125,181753.546875,173849.375,176483.234375,167720.390625,220632.0,209690.890625,217841.3125,199925.671875,249141.984375,202249.0625,225301.328125,200168.328125,250603.8125,196207.265625,248801.859375,208003.328125,209752.375,193276.90625,186527.828125,179812.546875,201430.6875,161223.296875,234086.390625,227503.53125,246538.4375,228447.71875,205708.1875,207911.734375,210622.171875,201936.046875,264140.4375,245373.515625,222923.953125,235105.890625,222947.09375,222665.5,210839.5625,172247.703125,170790.609375,150293.953125,176933.65625,171578.078125,172884.953125,158121.46875,203963.453125,215072.84375,179725.484375,189411.484375,178608.546875,172103.03125,159545.796875,169695.40625,141386.609375,159139.765625,230871.78125,226761.5625,234435.6875,216442.8125,180436.265625,174234.9375,162447.84375,154529.765625,208214.15625,189122.5625,249084.890625,262867.1875,294489.75,261521.515625,187703.375,166210.171875,259750.859375,216326.6875,252578.5625,213040.203125,167410.03125,172936.421875,200923.640625,177649.546875,193699.65625,196033.28125,234072.328125,201047.84375,179864.328125,179904.90625,217624.234375,203671.296875,184072.0625,150137.59375,199889.328125,185463.65625,206413.953125,217846.609375,194473.53125,169401.875,106256.359375,124167.4765625,213284.140625,186282.234375,244308.28125,246261.5,237109.109375,217022.125,214226.265625,197759.765625,171626.328125,157424.671875,263994.6875,253655.03125,182215.25,167921.484375,246415.03125,168668.890625,299638.84375,282204.875,236730.890625,237872.796875,249791.09375,229148.953125,183081.234375,174582.53125,196902.203125,195819.0,205475.171875,199274.078125,183426.921875,179486.0,209533.90625,195184.421875,205902.28125,208834.3125,209315.140625,207462.359375,205623.328125,202731.359375,200963.234375,192619.125,234858.609375,226265.625,230940.3125,244733.53125,186361.15625,176438.3125,196025.03125,182467.671875,239987.84375,242748.46875,225056.1875,216578.921875,198846.390625,186874.5625,210396.453125,232455.015625,193381.109375,205461.265625,166038.203125,164025.828125,246092.1875,240402.140625,283701.6875,251807.828125,285283.3125,249044.9375,330120.0,308666.5,270875.0,276064.4375,268340.125,266449.8125,220904.515625,210540.0,194620.453125,215996.609375,238803.015625,217886.921875,212637.453125,238048.84375,183223.953125,184638.296875,191180.953125,183990.203125,243685.46875,231151.640625,214507.59375,193201.78125,245645.9375,241084.515625,221905.171875,229717.15625,249579.578125,250115.0625,281565.15625,265589.84375,211659.78125,204785.40625,224667.921875,209480.328125,171370.53125,187203.65625,189950.203125,204300.734375,218803.703125,199235.40625,224568.875,217816.421875,178827.734375,170827.265625,210902.015625,182060.90625,216071.984375,218371.578125,276540.125,276649.6875,261227.953125,198922.109375,151237.234375,154408.390625,165744.78125,181347.359375,132733.5,143927.125,340826.34375,291517.03125,140399.75,155232.875,239461.75,231950.34375,182880.484375,199948.390625,214220.515625,188379.5625,274212.125,253401.484375,243962.796875,276183.40625,249372.890625,296705.71875,318838.375,320658.375,219166.984375,214213.671875
89,197473.140625,182993.28125,197318.421875,182694.375,202741.4375,176477.296875,181696.15625,174075.75,175904.640625,167107.75,220466.515625,209833.296875,218036.78125,200059.703125,250433.375,201944.046875,224672.40625,199385.140625,252377.125,195574.296875,249777.921875,208249.625,210686.109375,194283.5625,185951.03125,179688.046875,201606.046875,160312.421875,233739.65625,226375.3125,246562.71875,228773.359375,205288.984375,207553.859375,210436.5625,202074.625,263829.375,244691.6875,223139.296875,234271.15625,222942.34375,222106.390625,210885.40625,169972.5625,170151.28125,149360.765625,176779.546875,171183.90625,173162.53125,157815.796875,203460.8125,213631.5,179189.390625,188923.640625,177542.46875,171475.796875,159196.84375,169123.953125,140406.875,158706.40625,230712.328125,226271.484375,233853.6875,215315.71875,180035.078125,173462.296875,161612.8125,153945.109375,208476.6875,188988.78125,249747.609375,263039.28125,294405.5,260800.15625,188172.8125,165810.921875,260789.4375,215628.984375,253456.078125,212363.078125,168473.796875,172922.640625,201553.265625,176552.234375,194699.453125,195913.84375,234429.890625,200879.875,183372.109375,179983.1875,218873.28125,203751.921875,185108.21875,149603.421875,202268.28125,185675.515625,208234.984375,217899.40625,195425.453125,168974.625,107167.4765625,124181.328125,215126.546875,186661.765625,244710.046875,245833.515625,238350.46875,216558.1875,214859.96875,198023.765625,175584.625,157610.859375,265552.1875,253927.46875,184221.546875,168487.109375,245965.78125,168826.203125,301184.125,282282.71875,237231.3125,238009.703125,249913.59375,228514.15625,182032.390625,173615.640625,195923.0,194744.0,205314.375,198301.484375,182788.640625,178635.65625,209145.0,194356.875,205181.484375,208237.21875,208353.890625,206604.59375,205273.953125,201898.015625,199671.578125,191635.921875,234383.5,225294.640625,230810.296875,244436.625,186018.390625,175627.5625,195455.765625,181621.609375,239421.265625,242346.5625,224796.046875,215881.703125,197975.546875,186371.25,210014.4375,232496.328125,192895.15625,205326.921875,165433.03125,163533.90625,246297.03125,240702.890625,283327.09375,251122.25,285281.9375,249064.625,330476.96875,309966.875,271011.15625,277194.4375,268641.71875,266840.84375,220722.984375,210228.90625,194759.28125,216722.96875,238579.21875,217438.171875,212774.171875,237541.78125,182499.40625,183909.46875,190989.671875,183519.359375,244121.59375,230528.359375,214967.1875,193746.125,245241.125,240771.140625,222460.3125,229767.078125,250269.125,250292.6875,281672.03125,265769.15625,212083.390625,205074.140625,225135.8125,209693.0625,172026.6875,187891.59375,191332.8125,204729.078125,218546.59375,199007.6875,223938.875,216997.0625,178034.28125,171374.203125,211164.9375,182265.1875,215837.921875,218953.421875,276991.21875,277375.53125,260918.875,198155.53125,151377.625,154031.78125,165978.953125,180752.09375,132321.21875,143180.453125,341747.0625,292269.375,140649.28125,154975.328125,239070.109375,231550.078125,182789.578125,200051.234375,214540.40625,187894.015625,274155.59375,253896.015625,244850.890625,277208.46875,250044.578125,297593.0625,319699.53125,320517.125,220048.140625,214193.828125
90,197637.5,183124.1875,197868.171875,183332.9375,203600.265625,177431.40625,181692.375,174344.859375,175781.5625,167026.796875,220978.984375,210672.671875,218425.234375,200226.515625,250761.203125,202326.375,225181.046875,199326.84375,252852.8125,195551.203125,250066.828125,208503.140625,211183.75,195167.0,186086.21875,180140.765625,200621.28125,160938.90625,233865.734375,226190.546875,246925.234375,229893.796875,205084.25,207932.75,209885.234375,201853.125,263454.28125,244317.46875,222890.890625,234293.953125,222910.0,222215.203125,210375.21875,170123.328125,169828.3125,148903.390625,176111.09375,170840.59375,172803.78125,157637.796875,202718.65625,213182.0625,179241.921875,188949.5,177199.578125,171633.984375,159103.15625,168961.265625,140122.25,158557.078125,230869.96875,225527.859375,234119.625,214857.328125,180114.0625,173451.765625,161461.9375,153949.953125,208343.953125,187777.296875,250241.765625,263111.6875,294417.4375,260135.703125,188304.421875,165732.515625,261035.4375,214844.375,253662.171875,212713.953125,168784.28125,172864.546875,201965.765625,175857.484375,194591.28125,195585.15625,234592.09375,201035.609375,184234.171875,179804.15625,219649.625,203554.046875,185310.03125,149074.609375,203188.390625,185325.671875,208900.375,217850.15625,195713.53125,168737.109375,107834.640625,124018.34375,215153.3125,186581.734375,244798.515625,245161.09375,238280.234375,216204.9375,214496.859375,197980.84375,176331.71875,157531.0625,265692.875,253408.6875,183410.640625,168365.296875,246029.421875,168948.171875,300044.6875,281913.625,237969.921875,237927.875,250197.453125,228616.578125,181870.25,173308.0,195568.78125,194685.546875,205432.71875,198362.859375,182540.078125,178180.5,209287.25,194363.375,204938.984375,208017.03125,208010.953125,206843.5,205445.21875,201997.453125,199080.9375,191745.40625,234151.828125,225440.078125,231038.90625,244372.234375,185803.6875,175461.46875,195635.765625,181533.796875,239601.09375,242678.265625,225020.375,216081.125,197844.375,186544.28125,209975.46875,232652.734375,192802.265625,205578.0625,165147.15625,163326.90625,246280.875,241132.515625,283028.25,250662.609375,285119.0625,248877.734375,330019.28125,310071.34375,271309.78125,277807.125,268550.40625,266683.125,220943.390625,210437.828125,195144.046875,217392.171875,239017.59375,217936.625,213795.109375,237698.25,182909.234375,184330.921875,190972.609375,183590.15625,244777.125,230498.140625,214781.734375,194393.46875,245661.171875,241195.28125,222412.640625,229369.265625,249982.921875,249996.671875,282207.34375,265961.46875,212324.03125,205035.0625,225287.6875,209728.609375,172092.171875,187860.578125,191548.484375,204729.46875,218293.140625,198951.75,223969.3125,216794.640625,177032.171875,171227.453125,210693.40625,181994.0625,215002.1875,217797.671875,277012.3125,276996.625,260966.609375,198234.125,151795.9375,154075.109375,165799.125,180216.890625,132514.453125,142968.609375,342609.59375,292740.625,140664.703125,154830.875,238756.0,231668.515625,182640.0625,200019.046875,214473.75,187746.296875,274217.75,254288.40625,245159.34375,277262.59375,250354.0,297818.65625,320485.09375,320770.3125,219932.15625,214350.421875
91,198143.921875,183074.34375,197796.015625,183392.953125,202356.78125,176436.796875,181702.96875,174459.0,175955.6875,167157.703125,221196.734375,210719.578125,218606.453125,200228.78125,249784.3125,202527.8125,225897.59375,199449.53125,252252.828125,195743.078125,249378.8125,208094.859375,210892.734375,194744.234375,186704.984375,180519.21875,200703.671875,162305.15625,234133.828125,226713.875,246879.296875,229846.640625,204915.53125,208178.0625,209519.328125,201295.75,263469.375,244331.21875,222387.6875,234951.203125,223286.671875,222781.3125,210324.546875,172685.609375,170470.5,149733.9375,177099.4375,171598.796875,172480.546875,157982.125,202746.453125,214001.0625,179644.25,188901.125,177967.71875,172040.125,159360.0625,169259.171875,140770.53125,158720.5625,231012.546875,225212.9375,234617.234375,215015.046875,180247.421875,173927.46875,161968.21875,154413.390625,207956.328125,186456.125,249460.875,262460.78125,293996.9375,259626.109375,188024.40625,165564.171875,259526.953125,214512.796875,252589.21875,213650.828125,168032.953125,172795.984375,201691.015625,176532.46875,193893.859375,195465.46875,234363.015625,201275.34375,181749.046875,179826.609375,219142.859375,203506.375,184890.625,149369.609375,201841.90625,185088.46875,207837.25,218008.0625,195053.890625,169585.34375,107517.375,124378.875,213950.234375,186330.09375,244910.078125,245642.796875,237431.109375,216612.359375,214061.46875,197527.328125,173051.28125,157367.9375,264432.125,253422.859375,181320.109375,167372.46875,245840.578125,168489.484375,297936.0625,280640.40625,237652.046875,237439.578125,250030.34375,228639.046875,182700.234375,174038.140625,196347.375,195675.171875,205816.140625,199152.28125,183002.859375,178560.40625,209865.703125,195117.484375,205897.453125,208578.15625,208857.53125,208035.65625,205946.375,202587.203125,199887.921875,192536.734375,234587.671875,226059.90625,230944.671875,243962.359375,186066.171875,176201.375,195990.25,182117.109375,240340.0,243549.34375,225426.5,216877.453125,198560.109375,186858.921875,210116.3125,232321.359375,193359.390625,205505.546875,165463.40625,163459.296875,245727.453125,240280.90625,282804.3125,250365.75,284856.90625,248286.3125,327830.71875,307150.875,270819.9375,275971.4375,268032.9375,265927.0625,221202.25,210838.15625,195242.28125,217249.578125,239070.703125,218212.5,214266.3125,238737.75,183477.0,184951.0,191065.921875,183992.75,244711.390625,230863.078125,214592.296875,194437.125,246843.53125,242253.671875,222364.34375,229774.5,249834.25,250278.671875,282760.9375,266556.0,212410.78125,204991.640625,225264.5625,209686.109375,171816.15625,187444.78125,190860.640625,204485.484375,219000.25,199638.25,224936.328125,217893.90625,176690.796875,170033.953125,209988.890625,181652.484375,214426.65625,216276.8125,276416.5625,276363.625,261145.671875,198919.4375,151584.796875,154205.03125,165523.03125,180526.09375,132683.0,143381.90625,341807.59375,292206.5625,140194.25,154822.234375,239474.21875,232262.203125,182757.703125,200113.875,214319.703125,188091.265625,274911.46875,254811.671875,244620.890625,276257.46875,249702.0625,297616.34375,320261.21875,321073.40625,219660.015625,214546.78125
92,197979.484375,182772.421875,197547.0,183120.875,201504.484375,175564.734375,181713.453125,174444.265625,175915.53125,167037.984375,221087.8125,210314.15625,218753.140625,200338.921875,249189.03125,202348.84375,225829.53125,199198.3125,252278.234375,195915.5,248935.453125,207690.0625,210471.453125,194038.578125,186735.34375,180392.4375,201634.734375,162702.140625,234118.78125,226891.828125,246538.40625,229041.609375,204570.671875,207946.5,209463.9375,200854.5625,263505.125,244511.40625,221819.890625,235292.296875,223895.375,223295.53125,210988.0625,173763.421875,171136.6875,150642.0625,178774.109375,172708.609375,173138.046875,158726.34375,203147.46875,214606.625,179623.484375,188731.140625,178399.515625,171967.125,159428.203125,169433.109375,141202.484375,158784.859375,230729.4375,225302.296875,234608.359375,215058.234375,180137.421875,173845.953125,162043.59375,154458.265625,207955.75,186623.671875,248488.328125,262398.53125,293708.34375,259639.515625,187896.578125,165509.21875,258127.703125,214912.84375,252142.234375,214297.8125,167656.046875,172780.09375,201575.234375,177153.015625,193965.78125,195571.484375,234263.03125,201268.375,180375.34375,179879.984375,218709.5625,203544.765625,184806.125,149765.03125,200919.75,185263.84375,207124.859375,218073.4375,194596.828125,169992.640625,106985.65625,124612.34375,213613.6875,186236.546875,244888.828125,246185.15625,237201.953125,216876.5625,214371.03125,197298.234375,172519.96875,157223.765625,264404.90625,253616.28125,182205.046875,166982.421875,245227.203125,168026.140625,299308.53125,279855.03125,236546.4375,237232.59375,249245.8125,228249.234375,183243.453125,174702.046875,197033.1875,196189.03125,205951.15625,199371.515625,183311.203125,178991.890625,210103.125,195470.8125,206773.078125,208798.515625,209453.65625,208462.8125,205981.359375,202660.125,200386.640625,192709.0,234647.15625,226165.28125,230541.734375,243662.90625,186382.703125,176547.515625,195850.734375,182255.984375,240509.53125,243710.765625,225416.015625,217105.5625,198858.03125,186810.75,210317.953125,232091.03125,193537.5,205225.34375,165678.640625,163536.1875,245670.53125,239768.25,283200.65625,250123.796875,284613.21875,248098.625,326852.125,305375.625,270378.4375,275242.46875,267895.84375,266029.6875,221147.75,211058.421875,195376.484375,217267.8125,238956.859375,217863.953125,214382.859375,239649.515625,183340.859375,184795.53125,191014.421875,184068.359375,244892.109375,231587.515625,214273.0625,193920.28125,247182.359375,242591.328125,222211.78125,230404.796875,250194.765625,250794.484375,282905.40625,266898.96875,212580.03125,205017.796875,225247.265625,209615.09375,171521.515625,187286.921875,190182.359375,204275.375,219887.484375,200080.734375,225392.375,218542.390625,177495.859375,169589.609375,210189.15625,181694.34375,215022.625,216882.1875,276597.125,276852.65625,260917.078125,198794.375,150955.0625,154000.328125,165639.921875,180591.53125,132357.890625,143385.703125,341297.0625,291820.125,140023.609375,154920.671875,241117.734375,233061.625,183007.734375,200291.140625,214577.5,188429.953125,275951.0625,255871.953125,244762.328125,276921.71875,250234.71875,298406.21875,320364.875,321572.03125,220199.40625,215054.890625
93,197477.953125,182405.25,197059.515625,182551.015625,200904.8125,175075.03125,181439.734375,173980.765625,175806.796875,167004.953125,220812.9375,209922.21875,218575.640625,200306.734375,248724.921875,201799.328125,225288.921875,198560.390625,251601.546875,195684.046875,248539.1875,207438.328125,209757.828125,193039.984375,186108.765625,179670.59375,201466.71875,162230.078125,233957.234375,226285.40625,246335.703125,228387.484375,204457.5625,207561.8125,209560.984375,200699.546875,263678.5625,244860.109375,221477.34375,234991.53125,223921.03125,223575.609375,211639.546875,173065.140625,171156.625,150676.46875,178349.5625,172949.859375,174319.3125,159266.21875,203522.46875,214674.859375,179271.6875,188619.375,178060.546875,171697.375,159183.234375,169241.5625,141095.25,158662.59375,230513.28125,225382.078125,234307.9375,214797.328125,180039.765625,173543.515625,161820.078125,154178.28125,208327.78125,188168.21875,248714.203125,263537.90625,294403.53125,260660.984375,188037.578125,166049.203125,258822.46875,216129.390625,253050.046875,214637.421875,167634.34375,172805.59375,201898.625,177027.984375,194297.125,195550.4375,234497.15625,201216.84375,180776.6875,179614.46875,218695.09375,203802.671875,184912.203125,149805.890625,200794.796875,185020.78125,207055.421875,217821.5,194678.421875,169399.609375,106753.2421875,124218.34375,214001.484375,186345.265625,244563.265625,246048.890625,237447.59375,217039.859375,214821.078125,197398.1875,175337.421875,157152.859375,265464.21875,253505.1875,184667.140625,167873.46875,246096.828125,168155.484375,302257.09375,281824.46875,236330.390625,237787.921875,248983.578125,228395.546875,183253.71875,174822.71875,196964.734375,195970.078125,205361.53125,199000.53125,183072.21875,179057.5,209635.171875,195233.25,206635.78125,208618.984375,209203.890625,207872.65625,205549.25,202307.40625,200294.171875,192340.953125,234492.109375,226123.390625,230624.46875,244151.953125,186302.859375,176097.21875,195575.46875,181997.328125,240177.515625,243238.59375,224965.3125,216627.65625,198447.09375,186482.640625,210457.765625,232433.984375,193008.625,204880.984375,165536.15625,163449.546875,246235.796875,241047.625,284528.5625,250701.390625,284775.125,248619.921875,329809.78125,308513.40625,270926.6875,277427.5625,268210.28125,266726.0625,220863.078125,210930.765625,195655.984375,217593.578125,239154.6875,217854.75,215361.515625,239691.859375,183366.15625,184637.78125,190896.65625,183887.46875,245394.296875,232075.0,213939.84375,193841.65625,246739.265625,242350.390625,221668.140625,230122.15625,250493.015625,250834.671875,282883.71875,266884.53125,212471.015625,204822.734375,225034.0625,209454.359375,170878.484375,186975.046875,189232.21875,203892.765625,219915.625,199706.75,224932.171875,217940.125,178823.21875,170700.46875,210961.4375,181988.71875,216649.59375,218372.140625,278005.5,277629.75,260855.109375,198495.34375,150815.78125,153928.453125,166212.53125,180930.84375,132276.125,143098.796875,341745.125,292012.25,140057.578125,154936.59375,241440.5,233205.4375,182570.046875,200085.515625,214464.53125,188415.546875,275904.53125,256114.046875,245143.265625,278715.09375,251807.390625,298934.5625,320411.625,321558.03125,220007.59375,215219.828125
94,197581.953125,182385.390625,196454.5625,181938.515625,199798.078125,174287.34375,181159.953125,173482.40625,176059.59375,167432.046875,220662.75,209709.640625,217998.59375,199829.375,248013.75,201448.28125,225123.265625,198196.203125,250124.984375,195295.171875,247882.015625,207050.296875,209050.703125,192012.765625,185751.09375,179186.4375,200722.78125,161717.015625,233970.21875,225804.75,246228.140625,227709.046875,204579.140625,207296.3125,209682.484375,200362.171875,263741.15625,244963.40625,221600.203125,234645.15625,223244.015625,223457.0,211522.671875,172599.0,170923.4375,150216.53125,176730.15625,172131.203125,174465.390625,159102.90625,203419.015625,214512.421875,179166.078125,188617.71875,177965.6875,171744.140625,159075.8125,169144.828125,141030.875,158690.734375,230665.65625,225396.015625,234374.125,214759.28125,180028.015625,173655.5625,161956.46875,154154.953125,208573.984375,189424.546875,249486.078125,264325.15625,295164.28125,261563.546875,188122.109375,166639.90625,260417.25,217243.25,253799.796875,214466.890625,167285.84375,172620.53125,202012.359375,177009.96875,194215.703125,195579.203125,234662.46875,201126.359375,180658.15625,179421.859375,218332.234375,204027.09375,184775.640625,149768.984375,200291.609375,184571.0,206815.53125,217606.96875,194494.453125,168854.828125,106470.15625,123807.734375,213947.734375,186465.796875,244312.625,246155.28125,237384.0625,217160.859375,214728.015625,197338.90625,175651.390625,156998.65625,265322.59375,253716.0,185007.671875,168051.015625,247123.625,168228.296875,302841.28125,284931.59375,236880.28125,238118.84375,249599.515625,228958.046875,183458.21875,174914.046875,196866.390625,195905.65625,204827.40625,198983.359375,182994.078125,179215.140625,209100.953125,195162.0,206149.65625,208771.859375,209081.390625,207574.0,205359.40625,202330.859375,200631.5625,192323.15625,234719.484375,226282.640625,231030.0,244860.65625,186160.109375,175918.859375,195602.71875,182014.453125,239864.890625,242924.78125,224474.640625,216115.703125,198215.609375,186319.296875,210370.046875,232610.28125,192649.234375,204670.140625,165636.046875,163588.109375,246642.46875,241808.390625,284723.25,251243.390625,284937.40625,249054.21875,332249.84375,311542.0625,271667.84375,278636.25,268394.0,266650.28125,220469.125,210476.53125,195483.984375,217593.34375,239206.265625,218455.328125,216042.6875,239471.671875,183786.8125,185039.59375,190772.546875,183706.921875,245393.890625,231939.5,213762.46875,193913.28125,246368.609375,242044.46875,221007.28125,229125.3125,250542.265625,250919.84375,282620.96875,266670.53125,212035.46875,204507.375,224742.046875,209241.15625,170204.921875,186368.53125,188445.46875,203419.171875,219534.765625,199215.265625,224545.90625,217405.984375,179085.625,171652.84375,210914.703125,182329.953125,217310.640625,218579.296875,278314.6875,277604.53125,261680.640625,199356.03125,151157.9375,154307.0,166561.078125,182033.6875,132477.328125,143295.890625,342080.71875,292621.84375,139933.46875,154831.015625,240527.390625,232874.359375,182052.515625,199992.578125,213993.28125,188306.484375,275032.90625,255394.40625,244913.546875,279111.46875,252107.1875,298488.34375,319951.75,321279.59375,219320.6875,214790.125
95,198020.421875,182476.34375,196218.703125,181721.53125,198731.328125,173693.6875,181274.0,173248.578125,176356.046875,167855.90625,220878.5625,209753.109375,217786.296875,199439.453125,247779.078125,201644.296875,225312.578125,198225.390625,249513.140625,195344.296875,247590.09375,206699.625,208874.109375,191607.203125,185867.40625,179145.734375,200830.515625,161550.265625,233917.875,225925.546875,246119.046875,227279.796875,204625.1875,207418.546875,209682.40625,200143.671875,263493.1875,244952.109375,222035.765625,234881.703125,222822.09375,223230.734375,211233.296875,173127.296875,171034.6875,150260.984375,176527.125,171485.1875,173980.609375,158937.96875,203205.828125,214724.5625,179284.5625,188642.171875,178377.171875,171926.875,159199.0625,169351.328125,141217.671875,158917.390625,230732.296875,225578.203125,234679.34375,214999.40625,179904.90625,173704.671875,162119.109375,154277.390625,208764.015625,189993.59375,249453.28125,264346.84375,295317.3125,261918.78125,188043.921875,166725.234375,260825.671875,217800.421875,253848.828125,214432.765625,166820.515625,172499.90625,201788.078125,177507.859375,194298.09375,195836.46875,234422.515625,201132.671875,179397.203125,179606.96875,217627.203125,203848.265625,184602.078125,150017.9375,199486.578125,184624.84375,206493.15625,217832.296875,193948.171875,168897.359375,105831.4921875,123748.484375,213482.796875,186518.046875,243964.1875,246540.4375,236861.53125,217185.25,214588.3125,197341.65625,173141.53125,156946.890625,264193.4375,254073.5,183839.984375,167611.265625,246685.46875,168231.40625,301560.65625,285408.625,236716.125,237854.21875,249928.6875,228857.375,183754.609375,175051.40625,197064.53125,195923.546875,205003.84375,199156.546875,183225.984375,179346.84375,209135.40625,195207.765625,206143.109375,208957.84375,209374.9375,207709.40625,205567.203125,202649.984375,201266.125,192396.546875,234862.28125,226271.03125,231135.828125,245045.0625,186168.53125,176161.09375,195729.640625,182082.375,239708.015625,242780.734375,224441.5,215997.265625,198460.265625,186398.515625,210302.046875,232479.3125,192806.09375,204754.9375,165940.234375,163834.546875,246885.546875,241570.96875,283809.0,251291.671875,284920.0625,248986.90625,331838.6875,311742.125,272037.1875,277822.03125,268472.90625,266362.40625,220223.15625,210218.140625,194855.953125,217417.53125,239183.5625,218803.234375,214912.203125,239337.78125,183631.328125,185153.390625,190669.890625,183590.53125,245266.875,231967.921875,213399.078125,192669.484375,245689.09375,241206.4375,220609.0,228383.0625,250165.46875,250956.484375,281882.6875,266133.0625,211709.546875,204711.78125,224420.125,209296.8125,170206.890625,186205.90625,188301.875,203157.109375,219351.75,199160.921875,224493.109375,217495.703125,178707.921875,172048.234375,210299.046875,182614.203125,216730.140625,218859.578125,277231.9375,277521.6875,262612.40625,200584.453125,151389.390625,154533.671875,166507.0,182561.46875,132603.078125,143807.28125,342275.65625,293244.8125,139830.78125,154796.96875,240088.609375,232732.34375,182208.296875,200444.421875,213836.75,188093.59375,274713.9375,254792.1875,244424.03125,277954.34375,250968.828125,297998.03125,319484.15625,321390.9375,219706.953125,214318.921875
96,198093.609375,182323.609375,196284.421875,181624.28125,198151.75,173461.75,181389.515625,172993.9375,176349.609375,167908.390625,220931.265625,209765.109375,218073.921875,199495.484375,247998.875,201772.984375,225310.1875,198400.875,249753.640625,195600.21875,247851.046875,206709.265625,208885.625,191544.34375,185975.59375,179037.5625,201152.328125,161871.09375,233920.875,226291.703125,246483.796875,227590.96875,205002.65625,207880.5,209876.171875,200559.140625,264000.375,245523.09375,222596.84375,235584.890625,223068.296875,223334.96875,211628.203125,173754.421875,171370.21875,150692.09375,177004.265625,171801.546875,174014.046875,158918.453125,203705.203125,215552.15625,179449.21875,188752.6875,178676.609375,172007.96875,159288.328125,169493.4375,141364.546875,159050.84375,230841.0625,226166.84375,234972.75,215364.140625,179814.703125,173576.65625,162137.078125,154395.28125,208872.734375,189616.8125,249311.40625,264745.1875,295480.71875,262650.3125,188091.625,166671.3125,260185.984375,217817.875,253841.828125,214829.3125,166682.328125,173036.375,201850.703125,177946.140625,194686.78125,196078.4375,234192.390625,201423.71875,178180.015625,179747.09375,217327.796875,203569.15625,184828.3125,150403.84375,198989.25,184757.09375,206335.796875,218071.828125,193863.171875,169071.21875,105366.84375,123633.828125,213276.765625,186558.140625,243649.0625,246369.75,236586.71875,217342.59375,214991.609375,197570.125,171776.40625,156946.796875,263584.09375,253843.171875,183057.84375,167755.359375,245814.921875,168577.6875,299931.09375,282973.15625,236459.046875,238030.40625,249846.8125,228551.03125,183684.375,175030.296875,197159.0625,195790.640625,205326.3125,199118.546875,183278.203125,179264.09375,209531.375,194959.953125,206418.265625,208922.234375,209575.0625,207620.453125,205808.109375,202673.125,201642.828125,192323.578125,234935.78125,226281.9375,231352.671875,245183.328125,186101.65625,176126.453125,195793.171875,181956.0625,239902.15625,242919.640625,224914.546875,216292.390625,198749.5,186432.65625,210461.875,232821.125,192992.65625,204814.28125,165995.78125,163836.140625,246963.15625,241960.953125,284172.21875,251667.15625,285469.8125,249138.546875,331042.21875,311377.03125,272076.8125,277802.125,268642.4375,266859.34375,220582.578125,210621.625,194507.09375,217422.25,239628.21875,218746.6875,213763.9375,238893.796875,183382.84375,185018.484375,190854.5625,183770.046875,245482.21875,232451.046875,213364.984375,191433.3125,245621.4375,240951.828125,220897.859375,228571.546875,249524.546875,250343.265625,281691.125,266125.78125,211787.390625,205234.859375,224285.515625,209643.328125,170684.734375,186450.375,188615.375,203200.9375,219342.25,199404.453125,224628.40625,217711.59375,178292.578125,172061.046875,210168.3125,182603.203125,216308.40625,219456.953125,277052.875,277781.78125,262493.25,200698.265625,151377.890625,154357.0625,166494.671875,182067.09375,132901.375,143966.75,342175.5,293078.46875,139814.03125,154931.453125,239554.109375,232582.65625,182540.59375,200788.390625,214046.0,188181.625,274532.03125,254243.375,244212.65625,277463.25,250331.53125,297742.09375,318913.4375,321174.71875,220406.59375,214311.25
97,198043.265625,182380.3125,196495.015625,181604.40625,198478.875,173678.25,181372.328125,173013.578125,176496.96875,168144.125,220638.984375,209873.546875,218220.125,199639.125,248216.8125,201722.84375,225208.625,198776.125,250133.25,195690.953125,248093.265625,206835.171875,208930.40625,191814.28125,185995.9375,179067.03125,201021.0625,162056.671875,234376.015625,226587.640625,247049.359375,227784.3125,205542.15625,207832.65625,210331.546875,200532.4375,264926.75,245978.3125,222884.109375,235713.203125,223125.953125,223278.0,211933.1875,173305.375,171555.65625,150648.9375,176894.078125,172109.359375,174039.484375,158458.84375,204040.46875,215752.390625,179686.1875,188990.234375,178638.71875,172150.953125,159276.015625,169529.9375,141325.640625,159018.984375,231299.71875,226545.203125,235266.90625,215814.53125,179966.9375,173762.21875,162333.140625,154609.921875,208797.953125,188146.59375,250040.046875,265072.0625,295644.125,263053.375,188452.53125,166618.1875,259839.78125,217171.59375,253952.828125,214596.390625,166926.03125,173534.609375,202151.3125,177945.5625,194816.28125,195911.4375,234463.25,201477.046875,178124.734375,179647.828125,217675.15625,203340.734375,185331.8125,150548.109375,199115.0,184794.671875,206442.984375,217756.84375,194204.6875,169003.484375,105601.5546875,123497.484375,213406.28125,186617.96875,243776.875,245810.359375,236910.84375,217317.796875,215467.609375,197646.640625,171710.03125,156709.578125,263530.71875,253280.6875,182419.28125,167546.640625,244957.875,168836.296875,298794.8125,280868.0,236937.515625,238362.78125,249950.859375,228730.8125,183628.90625,175028.46875,197158.734375,195832.71875,205407.953125,199374.515625,183298.828125,179462.015625,209738.75,194713.46875,206244.46875,208877.5625,209578.828125,207585.59375,205911.84375,202478.25,201635.109375,192483.125,235113.375,226479.6875,231681.578125,245426.4375,186243.828125,176138.65625,195904.171875,182020.703125,240085.5,243176.5,225156.015625,216480.03125,198860.78125,186402.25,210604.921875,233084.6875,193003.203125,204629.84375,166084.140625,163885.578125,246575.421875,242088.71875,285109.5,251979.6875,286162.9375,249653.796875,330017.875,310232.75,271559.15625,278090.65625,268664.71875,267212.4375,221020.390625,210985.15625,194728.734375,217478.65625,240065.796875,218741.453125,214471.578125,238807.046875,183856.59375,185358.359375,191045.234375,184037.59375,245561.40625,232549.125,213803.140625,192136.078125,246375.59375,241761.1875,221365.984375,229106.578125,249411.359375,249612.640625,282263.8125,266537.78125,211889.796875,205091.46875,224530.625,209632.84375,170788.828125,186353.203125,189032.359375,203344.90625,219267.5625,199514.40625,224708.59375,217775.140625,177483.796875,170973.40625,210239.1875,182313.796875,215805.484375,218534.734375,277516.78125,277623.90625,261992.4375,200048.546875,151346.0625,154299.96875,166389.859375,181329.203125,133116.890625,143934.796875,342031.0625,292679.25,139835.796875,155199.890625,238473.15625,232740.65625,182616.078125,200730.84375,214370.53125,188849.65625,273887.34375,253723.6875,244583.125,278260.9375,250999.578125,297955.03125,318987.0,321049.25,220103.3125,214849.59375
98,198160.703125,182796.84375,196792.03125,181868.6875,199410.578125,174336.109375,181416.65625,173401.59375,176687.65625,168394.9375,220693.859375,210171.421875,218167.875,199711.828125,248454.5,201959.015625,225394.65625,199100.59375,250373.75,195808.3125,248092.40625,206850.265625,209121.75,192487.484375,185973.59375,179406.765625,200845.265625,161435.953125,234667.484375,226660.6875,247037.484375,227413.390625,205562.09375,207182.5625,210397.015625,199721.609375,264720.25,245773.09375,222735.921875,235057.65625,222954.828125,222959.875,211347.8125,172000.953125,171422.65625,150300.078125,176878.921875,171833.203125,173885.953125,158301.09375,203394.0,214912.5,179693.28125,189101.234375,178459.796875,172227.671875,159246.15625,169536.828125,141291.125,158846.53125,231487.75,226397.046875,235147.796875,216068.125,180080.46875,173992.40625,162468.921875,154668.40625,209123.328125,187888.8125,250447.265625,264378.5625,295685.875,262791.3125,188804.03125,166423.84375,260439.015625,216856.59375,254245.359375,213924.390625,167403.4375,173224.625,202254.5,177830.84375,194606.5,195540.90625,234768.0625,201327.828125,179153.25,179358.59375,217983.890625,203029.234375,185342.671875,150376.0625,199759.03125,184879.03125,206646.671875,217345.390625,194295.9375,168836.921875,106063.625,123581.609375,213461.546875,186521.75,244016.4375,245652.578125,237123.578125,216937.671875,215160.0625,197467.65625,171475.171875,156564.8125,263650.65625,253001.921875,181749.765625,167315.453125,244895.703125,168817.421875,299435.5625,281502.53125,237121.25,238123.40625,250016.59375,228823.875,183599.15625,174898.578125,197071.765625,195802.453125,205276.3125,199681.453125,183359.28125,179643.328125,209508.46875,194716.375,205732.984375,208747.09375,209410.875,207786.40625,205773.3125,202505.90625,201194.15625,192693.5625,234981.078125,226441.21875,231342.3125,245425.171875,186537.6875,176323.3125,195912.109375,182144.25,239787.421875,242899.078125,224859.171875,216249.21875,198717.84375,186509.6875,210496.375,232710.03125,192930.34375,204614.625,166198.671875,163971.203125,246292.578125,241726.46875,284810.09375,252005.3125,285861.34375,249768.859375,330115.28125,310110.75,271253.15625,277735.75,268516.25,267128.6875,220822.109375,210708.46875,194850.703125,217211.65625,239872.328125,218692.734375,214849.0,239154.109375,183991.0625,185386.046875,190852.984375,183943.03125,245122.109375,232111.859375,213619.46875,192905.453125,245882.96875,241605.703125,221068.015625,228849.671875,249858.1875,249675.71875,282248.8125,266182.65625,211619.765625,204596.09375,224709.921875,209191.25,170489.96875,186199.515625,189282.921875,203395.375,218650.328125,199085.640625,224310.0625,217548.109375,177768.875,170337.40625,210392.359375,182268.703125,215400.75,217830.34375,277159.8125,277279.90625,262081.453125,199895.90625,151336.734375,154422.03125,166198.453125,181086.921875,132878.25,144153.03125,342304.4375,292851.71875,140104.71875,155393.046875,238130.234375,233154.1875,182524.3125,200512.15625,214445.265625,189160.921875,273630.375,253729.359375,244871.390625,278264.4375,251162.171875,298290.75,319642.53125,321543.21875,219282.65625,215182.390625
99,198299.953125,182958.875,196941.84375,182048.03125,200013.171875,174691.390625,181248.03125,173429.03125,176270.84375,167811.296875,221162.796875,210227.953125,218322.6875,199896.453125,248768.34375,202205.203125,225749.59375,199066.40625,250532.453125,195866.625,248271.03125,206973.0,209334.90625,192914.203125,185954.78125,179456.5,200941.0625,160886.6875,234322.875,226734.015625,246904.0,227453.671875,205422.0,207010.75,210118.265625,199664.703125,264121.25,245703.71875,222686.421875,234766.84375,223263.875,223038.921875,210670.390625,171476.515625,171025.484375,150153.71875,177184.703125,171700.40625,173866.84375,158724.984375,202800.703125,214424.328125,179434.328125,189077.78125,178340.90625,171979.03125,159238.59375,169401.015625,141296.921875,158622.140625,231033.46875,226432.359375,234697.953125,215944.328125,180024.265625,173877.609375,162277.9375,154427.6875,209472.8125,189195.953125,249684.984375,263580.625,295771.6875,262986.0625,188695.8125,166357.546875,260865.796875,217340.796875,254332.09375,213745.859375,167827.859375,173082.375,202270.84375,177916.890625,194470.640625,195693.9375,234704.578125,201448.921875,179933.625,179182.671875,218031.84375,203087.703125,184692.234375,150104.859375,200155.5,184908.578125,206726.71875,217568.890625,194275.828125,169048.96875,106189.9375,123879.9375,213182.375,186336.453125,244263.203125,245947.265625,236844.4375,216722.546875,214335.34375,197289.765625,171891.609375,156763.171875,263893.625,253202.5,182040.578125,167768.71875,246058.40625,168700.53125,301168.6875,283309.3125,236740.6875,238064.921875,249810.421875,228591.0625,183256.890625,174550.515625,196852.921875,195627.984375,205044.015625,199447.78125,183174.890625,179273.625,209261.59375,194885.78125,205715.09375,208523.03125,209131.890625,207761.578125,205677.953125,202754.390625,200862.453125,192616.3125,234803.484375,226230.421875,230799.171875,245388.078125,186357.484375,176147.734375,195765.28125,181996.4375,239476.59375,242417.96875,224713.296875,216175.46875,198504.6875,186768.9375,210453.953125,232683.40625,192847.59375,205016.328125,165840.6875,163675.796875,246514.625,241944.0625,284135.1875,252007.234375,285188.46875,249413.078125,332267.03125,312050.09375,271702.3125,278058.25,268516.6875,267429.375,220692.671875,210555.15625,194678.859375,216821.859375,239538.734375,218681.890625,213471.4375,238572.15625,183552.5625,184747.90625,190855.125,183856.15625,244619.953125,231763.59375,213278.953125,192500.5,244792.3125,240621.4375,220805.59375,228268.890625,250024.84375,250408.671875,281730.0625,265603.96875,211556.28125,204790.015625,224682.84375,209087.671875,170692.3125,186627.09375,189572.328125,203600.953125,217782.984375,198377.3125,223963.25,217318.34375,178978.828125,171236.625,210812.3125,182487.34375,216062.78125,218827.921875,276879.5,277324.0,262077.765625,200198.734375,151216.015625,154451.203125,166356.796875,181569.53125,132584.640625,144131.65625,342304.75,293088.71875,140423.28125,155289.484375,238628.40625,232818.640625,182634.171875,200420.609375,214289.984375,188904.921875,274064.9375,253974.171875,244525.265625,277612.0625,249928.3125,298102.21875,319577.46875,321619.28125,219256.109375,215051.234375
100,198396.171875,182724.4375,196904.671875,181885.671875,199923.03125,174386.28125,181077.875,173107.171875,175841.203125,167154.078125,221293.734375,210064.015625,218572.4375,200034.375,248819.6875,202070.640625,225928.25,199001.65625,250776.1875,195803.546875,248514.375,207138.90625,209408.65625,192755.578125,186097.5,179112.40625,201456.8125,161344.296875,234020.375,227042.71875,247020.234375,227928.046875,205324.390625,207389.4375,210040.28125,200327.015625,264040.9375,245695.515625,222549.1875,235127.96875,223638.53125,223340.046875,210538.53125,172526.953125,170968.21875,150311.9375,177682.96875,172055.09375,173746.9375,158863.875,202946.828125,214787.859375,179503.609375,189244.390625,178491.5625,171932.046875,159416.921875,169640.875,141416.84375,158716.6875,230568.484375,226544.875,234733.25,215832.90625,180125.40625,173822.671875,162302.71875,154402.203125,208909.28125,189010.859375,248857.046875,263584.5,295508.9375,263000.59375,188086.390625,166471.5625,259973.21875,217463.859375,253725.5625,213821.390625,167622.25,173429.90625,202146.640625,177931.078125,194328.859375,196201.984375,234504.90625,201377.375,179419.828125,179433.578125,218094.328125,203677.671875,184151.515625,150049.1875,199708.90625,184824.75,206628.953125,218221.046875,194362.28125,169540.484375,106084.0234375,124205.7109375,212776.125,186298.828125,244501.734375,246151.03125,236516.8125,216837.25,214040.359375,197356.34375,172555.1875,156722.21875,263727.21875,253519.890625,182595.640625,167485.6875,246536.421875,168518.0625,301128.53125,283580.03125,236372.109375,238250.125,249502.640625,228408.53125,183294.875,174781.890625,196952.078125,195932.46875,205289.671875,199436.375,183269.609375,179216.34375,209704.84375,195210.03125,206256.9375,208558.390625,209182.953125,207560.0625,206093.40625,202963.15625,201222.21875,192464.125,234851.9375,226108.875,230834.9375,245268.578125,185910.84375,175857.03125,195808.96875,181990.453125,239582.6875,242407.90625,224837.046875,216362.171875,198837.921875,187184.875,210733.25,233046.71875,193174.828125,205631.015625,165656.703125,163433.734375,246599.8125,241850.296875,284279.15625,251677.03125,285023.75,249184.1875,332855.0,312136.875,271965.9375,278369.75,268601.8125,267517.71875,220858.09375,210669.53125,194694.71875,216897.03125,239455.828125,218846.375,212531.625,237737.15625,183622.046875,184676.4375,191163.8125,184045.546875,244631.5,231607.296875,213671.453125,192707.9375,245143.734375,240676.78125,221506.75,228436.828125,249629.125,250706.84375,281666.40625,265623.9375,212063.953125,205385.5,224806.65625,209463.8125,171302.265625,187121.421875,189556.21875,203818.984375,218011.953125,198467.875,224541.5625,217738.234375,178553.3125,171399.109375,210731.984375,182370.90625,216319.453125,218763.484375,277086.71875,277269.0625,261917.015625,200329.046875,151147.703125,154542.890625,166569.15625,182185.1875,132564.171875,143815.484375,342083.0,293264.25,140248.0,155142.953125,239185.421875,232157.09375,182829.046875,200711.03125,214059.75,188717.296875,274615.46875,254209.296875,244215.265625,277619.9375,249114.328125,297789.0,319416.09375,321491.375,220075.1875,214923.328125
101,198225.640625,182531.96875,196816.890625,181718.0625,199341.421875,173858.96875,181273.078125,173128.8125,175964.84375,167298.984375,220997.453125,209970.640625,218577.046875,199908.859375,248430.640625,201916.78125,225735.890625,199404.859375,250877.46875,196218.25,248362.203125,207327.21875,209160.671875,192456.046875,186215.6875,179148.78125,202052.0,161823.015625,233976.21875,227404.546875,246867.015625,228061.15625,205063.203125,207537.953125,210047.734375,200371.25,263932.0625,245333.265625,222229.765625,235365.734375,223661.703125,223438.203125,210861.453125,173097.09375,171427.25,150673.75,178165.359375,172390.5625,173920.625,159037.0,203274.296875,215156.671875,179809.9375,189633.484375,178815.5625,172459.59375,159850.609375,170384.3125,141848.90625,159077.8125,230748.890625,226531.375,235167.203125,216367.09375,180486.34375,174067.671875,162783.234375,154801.734375,208295.109375,188084.96875,248792.71875,263962.625,295132.25,262190.46875,187622.15625,166449.171875,259021.4375,217107.921875,253244.90625,213639.265625,166978.515625,173314.09375,201897.078125,177663.109375,194131.796875,196379.703125,234337.0,200999.390625,178614.25,179388.671875,217973.34375,203950.953125,184205.59375,150064.46875,198993.328125,184392.234375,206518.515625,218604.953125,194372.203125,169419.75,105901.4375,123870.046875,212686.578125,186083.828125,244256.921875,246057.5,236463.859375,216763.453125,214195.03125,197482.796875,171928.421875,156195.859375,263162.375,253343.3125,182143.84375,166639.765625,245932.203125,168546.578125,299317.0625,282350.03125,236208.234375,238049.171875,249358.421875,228468.203125,183956.84375,175754.359375,197421.546875,196464.75,206065.390625,200146.875,183936.515625,180005.28125,210557.296875,195534.34375,206681.359375,208852.296875,209653.921875,207605.046875,206490.140625,203146.453125,201558.546875,192507.953125,234720.46875,226152.609375,230937.875,244967.296875,185747.65625,175767.921875,196089.125,182341.484375,239906.671875,242663.125,224836.609375,216309.5625,199554.21875,187693.578125,211020.515625,233024.640625,193967.59375,206327.53125,166304.171875,163770.046875,246386.34375,241389.53125,284908.28125,251651.0625,285042.78125,249249.546875,331154.0,310767.90625,271876.15625,277738.9375,268607.125,267065.6875,220645.625,210411.3125,194670.78125,217167.75,239460.546875,218832.671875,212447.609375,237943.59375,183910.1875,185267.671875,191191.703125,184077.828125,244894.59375,231692.15625,213723.828125,192887.34375,245866.515625,241243.734375,221931.515625,228975.90625,249308.0,250249.0625,281835.5625,265826.375,212387.96875,205598.453125,225085.078125,209795.28125,171282.0625,187001.96875,188918.859375,203459.28125,219270.765625,199509.171875,225588.9375,218492.78125,177807.0625,170672.796875,210337.484375,182140.90625,215230.734375,217540.671875,276678.875,277064.1875,262350.25,200334.546875,151340.6875,154655.21875,166473.546875,182343.421875,132739.90625,143977.40625,342361.96875,293437.625,139984.875,155252.21875,239619.5,232187.265625,182640.375,201039.390625,213818.078125,188725.40625,274895.5625,254570.765625,244200.265625,277301.96875,249260.5,297487.15625,319684.1875,321962.03125,220556.234375,214746.875
102,197684.0625,182362.59375,196596.9375,181776.015625,198806.265625,173456.6875,181383.453125,173410.375,175964.25,167454.125,220755.296875,209840.671875,218429.3125,199860.875,247829.75,201876.703125,225319.734375,199831.0625,250490.671875,196802.328125,247925.609375,207628.71875,208748.265625,192135.578125,186101.953125,179607.25,202279.484375,161638.953125,233759.4375,227556.90625,246368.703125,227994.609375,204997.859375,207433.453125,210030.84375,200317.25,263862.53125,245055.796875,222360.390625,235283.15625,223666.734375,223552.265625,211563.390625,172295.6875,171829.515625,150868.515625,178315.578125,172520.375,174456.46875,159497.625,203550.125,215171.6875,179811.3125,189851.453125,178929.375,172815.546875,160031.03125,170557.28125,142078.84375,159166.40625,231169.671875,226893.953125,235268.921875,217179.0,180718.109375,174198.671875,162937.8125,154982.546875,208465.9375,188750.453125,248886.5625,264245.28125,295119.1875,261603.5625,187647.015625,166298.15625,259085.59375,216936.96875,253306.203125,213361.984375,166847.34375,172972.484375,202095.765625,177591.171875,194206.34375,196232.5625,234275.921875,200978.0625,178488.8125,178892.328125,217744.0,203705.765625,184501.078125,150041.578125,198776.078125,183959.953125,206595.78125,218554.625,194303.953125,168874.109375,105734.3359375,123113.7890625,212954.640625,185736.5625,243771.3125,245935.375,236608.546875,216561.78125,214145.484375,197349.25,171581.515625,156129.234375,263254.53125,253048.921875,182033.859375,167068.921875,245828.78125,168858.671875,299036.1875,281483.53125,236386.3125,237996.171875,249443.125,228840.875,184327.203125,176444.625,197791.578125,196487.53125,206436.421875,200646.875,184228.65625,180645.390625,210824.953125,195665.234375,206755.390625,208960.328125,209982.171875,207804.59375,206335.734375,203258.640625,201165.15625,192523.015625,234653.53125,226251.921875,230678.46875,244841.03125,186048.140625,175892.53125,196250.09375,182598.265625,240213.734375,242877.984375,224934.0625,216235.4375,199828.4375,187855.15625,211168.890625,232970.078125,194392.0625,206666.875,166745.125,164116.09375,246212.765625,241652.75,285407.125,252287.78125,285197.40625,249220.921875,330315.71875,310839.53125,271776.03125,277573.0,268630.09375,266896.78125,220352.703125,210058.734375,194424.15625,217131.4375,239592.34375,218707.796875,212605.203125,238456.46875,183750.03125,185370.96875,191070.828125,183864.890625,244946.75,232148.046875,213347.484375,191794.953125,245904.984375,241346.890625,221435.171875,229326.40625,249354.40625,250040.453125,282053.84375,266063.28125,212197.28125,205519.8125,225231.40625,209887.234375,170741.59375,186541.953125,188517.125,202914.625,220198.421875,200261.515625,226010.0625,218711.515625,178789.921875,171152.09375,210479.296875,182264.25,215080.578125,218115.25,276447.25,277296.625,262446.46875,200121.453125,151467.390625,154515.75,166334.90625,182000.765625,132872.84375,144281.796875,342524.65625,293034.3125,140083.109375,155267.625,239728.0,232267.953125,182354.359375,201159.765625,213844.53125,188677.6875,274603.59375,254621.9375,244091.890625,276716.375,249503.578125,296986.46875,319240.5,321837.65625,220682.609375,214489.5
103,197546.953125,182294.828125,196542.890625,182190.5,199073.453125,173828.234375,181351.21875,173641.03125,175702.1875,167235.6875,220669.546875,209892.21875,218608.4375,200228.203125,247814.125,202004.125,225065.921875,199627.796875,250708.921875,196597.109375,248333.859375,208012.703125,209215.6875,192188.359375,186091.796875,179816.546875,202453.9375,161875.765625,233580.09375,227479.15625,246227.734375,228446.328125,205086.796875,207497.25,209826.671875,201280.375,264363.6875,245049.78125,222776.1875,235362.890625,223718.015625,223508.765625,211858.875,172606.75,171915.09375,150882.359375,178542.859375,172695.671875,174238.375,159211.328125,203911.765625,215162.5,179776.421875,189547.375,178766.171875,172591.09375,159644.375,170012.375,141606.9375,159018.1875,231219.921875,227090.921875,235005.203125,217092.328125,180463.515625,173964.84375,162321.578125,154572.171875,208531.390625,188778.9375,248416.296875,264100.78125,294853.84375,261301.15625,187526.359375,166151.203125,259389.640625,216767.78125,252702.53125,213543.796875,166931.828125,172961.953125,202104.359375,177834.0625,194099.5,195958.4375,233980.96875,201258.015625,178769.328125,179082.609375,217755.390625,203535.921875,184436.203125,150314.40625,199070.421875,184391.515625,206501.28125,218360.65625,194076.65625,168967.359375,105893.0234375,123299.1484375,213240.5625,185936.125,243817.828125,245911.390625,236731.0625,216710.109375,214164.40625,197312.421875,172610.53125,156888.703125,264064.0625,253309.078125,182634.3125,167875.484375,246264.34375,168822.90625,300299.125,282074.625,236489.84375,238096.75,249391.578125,229209.078125,183972.484375,176115.3125,197660.4375,196080.171875,206151.03125,200318.328125,183758.0625,180325.5,210420.390625,195562.328125,206528.953125,208672.78125,209725.0625,207659.71875,206165.875,203065.0625,200631.53125,192267.3125,234664.234375,225940.1875,230434.203125,244672.8125,186371.46875,176219.953125,196104.59375,182453.6875,240070.8125,242888.78125,225032.4375,216281.328125,199676.828125,187499.015625,211216.15625,232941.328125,194169.9375,206413.1875,166222.046875,163890.296875,246057.84375,241782.671875,285292.8125,252288.9375,285731.9375,248973.28125,330635.8125,310862.3125,271308.84375,277973.90625,268703.1875,266969.5625,220372.75,210022.4375,194311.1875,216900.578125,239520.390625,218652.609375,213330.140625,238607.78125,183370.828125,184841.9375,190903.765625,183560.1875,244745.015625,232135.15625,213826.9375,191496.828125,245837.484375,241230.296875,221540.421875,229470.046875,249330.484375,250269.234375,282211.90625,266216.8125,212190.453125,205466.390625,225202.953125,209915.109375,170948.046875,186594.90625,188882.296875,203102.71875,220233.03125,200148.515625,225481.515625,218352.21875,179328.8125,171670.921875,210670.984375,182157.71875,216127.5,219402.015625,277205.25,277485.71875,261549.890625,199436.96875,151176.625,154224.03125,166127.875,181350.265625,132748.203125,143872.453125,342105.5,292319.90625,140057.734375,155007.625,239411.234375,231633.203125,182296.90625,200915.640625,213964.609375,188198.828125,274050.3125,254085.703125,243971.53125,276452.6875,249668.8125,296738.15625,318549.28125,320680.15625,220701.859375,214077.21875
104,198203.109375,182743.5,196947.53125,182854.828125,200097.953125,175176.71875,181537.65625,173884.53125,175771.34375,167206.875,220906.21875,210528.640625,219169.84375,200737.46875,248814.625,202728.71875,224933.140625,199544.15625,252126.109375,196224.96875,249881.015625,208562.40625,210429.921875,193301.0,186355.484375,179926.875,202246.84375,162394.453125,233574.796875,227654.25,246627.78125,229337.46875,204843.9375,207777.5,209124.484375,202253.078125,265246.5625,245226.5,222928.6875,235687.734375,223606.375,223138.875,211286.5625,173541.0625,171619.59375,150881.71875,178237.46875,172575.265625,173556.03125,158475.5625,204023.84375,215176.8125,179826.46875,189130.9375,178587.109375,172345.515625,159302.8125,169684.53125,141147.171875,158980.90625,231206.9375,226569.0,234668.3125,216415.125,180230.34375,173725.609375,161698.28125,154125.4375,208064.609375,187189.28125,248241.46875,263861.03125,294378.59375,261147.046875,187402.140625,166192.25,259283.25,216474.28125,251692.15625,214120.390625,166545.75,172879.84375,201022.734375,177677.484375,193956.09375,195803.1875,233417.890625,201424.015625,179437.421875,179661.03125,217707.0625,203362.640625,184336.171875,150464.34375,199459.15625,185155.859375,206347.046875,218227.96875,193731.6875,169344.046875,106084.921875,123985.515625,213386.1875,186308.5625,244118.859375,245779.671875,236781.390625,216870.046875,214495.140625,197467.046875,173209.671875,157334.203125,264531.4375,253645.53125,182711.59375,167293.75,246225.375,168286.5,300419.34375,283020.28125,236373.4375,237820.328125,249169.71875,229186.703125,183338.84375,175181.171875,197057.015625,195819.34375,205926.859375,199812.171875,183347.453125,179621.4375,210038.84375,195311.625,206136.65625,208475.953125,209165.84375,207339.75,206225.390625,202942.671875,200503.375,192171.9375,234284.4375,225621.328125,230604.828125,244602.46875,186060.9375,176274.453125,195973.953125,182234.796875,239584.21875,242826.703125,224790.328125,216205.5,199372.03125,187130.9375,211023.203125,232777.890625,193856.625,206244.609375,165782.125,163641.28125,246304.109375,241365.09375,284434.90625,251491.578125,286307.53125,248966.8125,330597.4375,310365.375,270948.1875,277948.21875,268713.15625,267032.375,220450.984375,210268.390625,194348.1875,216807.09375,239286.5625,218694.546875,213352.671875,238525.140625,183326.046875,184715.5,190716.703125,183405.125,244630.71875,231596.4375,214387.1875,191715.40625,245821.0625,241116.109375,222299.21875,229355.859375,249497.984375,250304.25,282049.96875,266274.5,212603.484375,205359.21875,225189.71875,210002.234375,171896.5625,187161.015625,189565.953125,203570.34375,219858.984375,199894.0,224852.65625,218084.1875,178422.671875,170569.484375,210603.953125,181670.296875,216013.078125,218838.953125,277475.34375,277021.8125,261257.6875,199069.390625,150792.609375,154042.359375,166063.15625,181003.5625,132609.90625,143333.890625,342349.75,292657.21875,139977.0625,154946.25,238685.28125,231159.59375,182226.21875,200099.890625,213953.15625,187663.0625,273793.8125,253340.03125,244066.671875,276046.125,249481.8125,296978.5625,318948.71875,320522.625,219861.5625,213594.21875
105,198681.5,183142.890625,197000.65625,182979.546875,200527.75,175866.46875,181623.53125,173945.859375,176242.90625,167538.78125,221337.203125,211082.734375,219227.8125,200896.125,249441.203125,203384.859375,224799.421875,200126.921875,252308.25,196457.953125,250300.96875,208762.78125,210405.90625,194097.0625,186388.28125,180209.453125,201247.546875,161898.609375,233573.875,228210.640625,246584.703125,229591.109375,204499.4375,207883.984375,208700.375,201786.375,265154.28125,245475.9375,222313.765625,235775.609375,223227.859375,223087.96875,210650.671875,172374.8125,170913.15625,150499.71875,176678.046875,171864.25,173789.875,158529.734375,203714.078125,215007.234375,179572.390625,189360.375,178530.25,172311.515625,159376.484375,169601.03125,141236.8125,158920.8125,231145.125,226297.9375,234406.421875,216463.421875,180463.359375,173876.65625,161871.484375,154186.75,207818.203125,186810.40625,249306.15625,264518.46875,294546.78125,261802.765625,187929.75,166820.78125,258778.765625,216368.703125,252004.234375,214360.015625,166432.578125,172762.953125,200327.734375,177281.046875,194502.203125,195993.234375,233516.515625,201491.21875,179897.78125,179542.40625,217501.421875,203172.34375,184602.484375,150007.859375,199621.609375,185082.859375,206709.5625,218135.578125,193650.609375,169282.796875,105828.125,124028.109375,213314.1875,186197.609375,243973.96875,245654.75,236857.34375,216972.890625,214506.921875,197247.171875,173162.21875,156940.703125,264273.625,253632.21875,182777.265625,166601.015625,245751.828125,168034.640625,299981.875,282976.375,236799.53125,237976.96875,249289.140625,229154.1875,183071.125,174729.4375,196802.59375,196083.515625,205858.921875,199789.875,183312.203125,179470.4375,209959.875,195282.578125,206091.234375,208930.09375,209071.96875,207560.84375,206150.859375,203257.921875,200687.65625,192529.671875,234180.09375,226156.796875,231157.109375,245415.265625,185842.515625,176150.84375,196164.90625,182405.546875,239689.0625,243223.28125,224715.578125,216375.28125,198821.015625,187094.65625,210641.375,233160.609375,193528.484375,206191.125,166057.984375,163859.96875,246969.890625,241477.96875,283763.59375,251007.25,286172.84375,249220.4375,330478.84375,310623.625,271299.84375,277854.84375,268396.8125,267091.25,220672.578125,210732.765625,194668.359375,217099.0,239640.765625,219093.921875,212805.921875,238290.84375,183978.109375,185410.3125,191005.03125,183727.28125,244922.75,231816.5,213699.046875,190569.078125,245985.78125,241328.90625,222068.25,229314.625,250019.421875,250291.640625,282053.875,266617.96875,212701.59375,205111.140625,225093.921875,209934.34375,171898.046875,187166.140625,189682.0,203413.21875,219915.96875,200044.203125,224983.921875,218375.46875,178015.59375,169983.34375,210720.515625,181558.84375,215429.671875,217681.09375,276984.28125,276673.15625,261924.234375,199707.921875,150953.625,154196.265625,166478.78125,181233.390625,132595.8125,143547.46875,343439.28125,294106.53125,140205.609375,155157.328125,238055.390625,231591.703125,182126.015625,199823.171875,213970.375,187735.390625,273805.46875,252963.484375,244221.484375,276310.15625,249183.4375,297067.46875,319647.71875,321612.5,219084.515625,213879.46875
106,198438.203125,182886.234375,196420.609375,182473.40625,199718.5625,175155.984375,181302.609375,173621.984375,176635.03125,167924.625,221163.34375,210778.984375,218575.109375,200605.890625,248880.75,203086.671875,225066.734375,200441.703125,250787.484375,196651.9375,248973.28125,208207.171875,209368.046875,193373.6875,186128.46875,180099.40625,200761.109375,161247.546875,233746.34375,228285.21875,245935.65625,229040.234375,204431.046875,207735.390625,208963.390625,200691.046875,263633.8125,245463.75,221105.046875,235590.375,222912.578125,223335.625,210296.171875,171244.1875,170492.71875,150085.71875,175793.875,171303.640625,174298.71875,158946.625,203362.359375,215007.3125,179389.515625,189933.671875,178587.15625,172283.03125,159492.25,169553.421875,141464.453125,158774.78125,230798.84375,226708.09375,234393.84375,216853.734375,180545.6875,174191.8125,162431.6875,154556.40625,208087.125,188043.53125,250330.125,265455.8125,295114.78125,262843.375,188466.21875,167703.40625,258400.578125,216814.890625,252985.765625,214340.359375,166932.28125,173094.28125,200797.734375,177583.46875,194738.15625,196249.890625,234194.90625,201472.078125,179309.96875,179411.59375,217635.09375,203550.25,184470.53125,149830.28125,199478.609375,184779.625,206901.046875,218103.9375,193811.546875,169394.21875,105513.59375,124120.0234375,212987.296875,186189.953125,243817.859375,246019.109375,236755.921875,217560.625,213931.6875,197066.453125,172846.109375,156747.921875,263701.3125,253573.390625,182683.859375,167259.578125,245912.703125,168398.84375,299852.25,282914.75,237384.953125,238645.0,249673.6875,229356.28125,183150.328125,174897.8125,197020.3125,196434.703125,205601.375,199899.671875,183267.5,179720.828125,209899.40625,195525.640625,206366.421875,209342.796875,209470.96875,208083.640625,206001.046875,203439.859375,201029.703125,192790.15625,234569.828125,226869.5,231455.75,246156.5,186174.765625,176303.21875,196281.59375,182668.359375,240209.484375,243649.25,224954.203125,216752.703125,198493.015625,187204.546875,210427.96875,233719.421875,193207.15625,205721.6875,166230.96875,164045.34375,247060.625,241859.828125,284043.5625,251115.453125,285165.71875,249107.453125,331218.28125,310973.71875,271642.1875,277600.25,267965.28125,266677.34375,221074.359375,211036.125,195242.953125,217415.75,240023.78125,219415.046875,213125.703125,238104.265625,184552.953125,186030.109375,191388.46875,184173.109375,245016.140625,232360.421875,212859.84375,190342.4375,246144.671875,241664.484375,221266.59375,229512.140625,250005.046875,250398.09375,282244.21875,266699.3125,212245.734375,204879.59375,224674.78125,209701.484375,170935.96875,186722.25,188874.828125,203294.09375,220084.6875,200155.8125,225190.140625,218622.140625,178509.0,171132.09375,210934.359375,181680.421875,215927.765625,217485.15625,276699.96875,276795.71875,261959.015625,200369.21875,151459.109375,154550.234375,166466.328125,181325.75,132560.8125,144017.609375,343457.84375,294677.875,140100.890625,155199.6875,238448.390625,232188.421875,182190.765625,200388.28125,213817.640625,187914.5625,274253.84375,253448.234375,244169.484375,276812.8125,249331.28125,296744.90625,319704.09375,321958.65625,219361.046875,214493.984375
107,198016.0625,182575.78125,196210.15625,182181.53125,198826.328125,174452.203125,180956.46875,173208.421875,176447.890625,167818.984375,220526.6875,210075.171875,218274.296875,200302.515625,248221.359375,202556.21875,225589.953125,200098.859375,250191.1875,196635.4375,248056.671875,207775.4375,209162.703125,192761.375,186178.6875,179530.5,201505.453125,161849.84375,233813.296875,227924.15625,245685.078125,228699.28125,204379.53125,207827.75,208973.65625,200415.046875,262741.8125,245446.84375,220758.03125,235571.453125,223192.28125,223512.234375,210257.390625,172635.703125,170960.953125,150596.546875,177059.40625,171692.171875,174192.171875,159151.828125,203175.6875,215644.1875,179580.3125,190045.515625,178694.625,172265.0625,159584.59375,169856.671875,141626.09375,158802.40625,230711.5625,227057.65625,234590.9375,216705.125,180424.515625,174281.828125,162629.28125,154793.359375,208276.34375,188778.28125,250084.234375,265351.03125,295334.5625,263383.53125,188417.6875,167859.9375,258460.171875,217597.015625,253020.734375,214573.421875,167185.203125,173585.046875,201017.796875,178124.328125,194255.59375,196313.296875,234413.671875,201495.9375,178507.984375,179670.265625,217926.296875,204052.21875,184113.21875,150353.359375,198956.71875,185060.0,206476.28125,218157.390625,193904.34375,169727.671875,105389.8203125,124301.015625,212834.96875,186446.5625,244163.796875,246659.921875,236560.59375,218099.875,213788.984375,197372.03125,171877.625,157118.0625,263397.25,253552.890625,181956.71875,168207.75,246407.546875,168888.015625,299441.4375,283501.75,237131.234375,238697.171875,249785.59375,229376.9375,183115.828125,174967.65625,196828.671875,196255.609375,205359.453125,199725.4375,183239.203125,179767.375,209703.765625,195606.59375,206515.078125,209071.828125,209553.046875,208180.71875,205971.65625,203223.875,201160.5,192711.8125,234611.046875,226807.953125,231136.625,245682.03125,185975.171875,176082.578125,196059.71875,182555.515625,240310.265625,243414.3125,225021.515625,216723.90625,198798.609375,187355.828125,210461.953125,233582.828125,193349.328125,205455.6875,166114.9375,163973.203125,246581.390625,241791.78125,284550.9375,251738.828125,284470.71875,248973.984375,332135.28125,311229.375,271593.4375,277136.90625,268046.6875,266290.875,221155.359375,210937.296875,195308.375,217352.828125,239703.4375,219009.921875,213278.140625,238269.40625,184207.953125,185968.8125,191279.015625,184341.75,244601.0625,232279.703125,213113.421875,191911.828125,245748.828125,241269.5625,221248.75,229443.03125,249624.953125,250354.609375,282183.5625,266260.40625,212077.25,204940.46875,224507.28125,209714.34375,170859.015625,186859.84375,188432.3125,203793.765625,219622.421875,199743.625,224868.171875,218180.234375,178867.828125,171880.03125,210804.59375,181742.296875,216346.796875,217989.09375,276585.3125,276828.4375,261581.09375,200295.0,151410.984375,154633.265625,165859.53125,181319.84375,132687.828125,144114.015625,342400.4375,293786.1875,139465.078125,155085.296875,239313.34375,232417.453125,182232.75,200175.109375,213437.484375,187792.953125,274914.21875,254178.34375,243903.3125,276258.8125,249633.921875,296777.125,319492.3125,321503.40625,219231.453125,214202.390625
108,197742.828125,182757.53125,196851.234375,182507.890625,199743.25,175048.796875,180998.65625,173252.71875,175890.46875,167102.984375,220450.921875,209794.703125,218649.109375,200471.28125,248390.625,202511.046875,225625.046875,199871.71875,251036.125,196720.65625,248111.390625,208092.109375,209604.4375,193832.8125,186444.96875,179571.78125,202387.71875,162674.828125,233651.703125,227896.09375,245945.4375,229058.3125,204310.90625,208136.515625,208908.90625,200854.953125,262915.96875,245726.28125,221432.921875,235514.546875,223818.703125,223662.265625,210574.28125,173325.875,171191.0625,150970.59375,178545.921875,172603.640625,173703.4375,158941.390625,202911.359375,215816.15625,179432.640625,189927.1875,178390.25,172178.25,159656.140625,169969.171875,141385.84375,158839.53125,230784.4375,227035.265625,234558.921875,216392.40625,180490.203125,174122.125,162337.21875,154553.828125,208181.921875,188672.546875,249238.984375,264348.9375,294829.0,262622.96875,187892.765625,167063.71875,258784.140625,217366.3125,252795.75,214261.296875,167551.6875,173649.5625,201423.0625,177647.703125,194015.265625,196226.0,234404.140625,201696.609375,179817.0,179410.109375,218360.53125,203399.90625,184711.8125,150258.640625,199632.5,185220.90625,206781.25,217922.4375,194397.71875,169127.65625,106221.2265625,123690.125,213560.78125,186330.46875,244697.4375,246629.296875,237329.390625,217384.765625,214384.578125,197500.390625,172006.078125,157083.28125,263934.40625,253500.9375,181945.5625,168232.75,245928.65625,168964.921875,299839.34375,283103.65625,236714.609375,238394.34375,249827.0625,229336.390625,182781.21875,174549.015625,196232.671875,195722.015625,205324.234375,199424.171875,183117.5,179341.515625,209470.015625,195410.1875,206345.78125,208931.109375,208940.8125,207955.296875,205632.421875,202881.09375,200318.375,192883.71875,234324.28125,226504.703125,230602.03125,244965.84375,185493.5,175299.453125,195760.078125,182193.25,240151.21875,243003.421875,225109.234375,216603.171875,198872.59375,187533.9375,210163.953125,233361.46875,193452.515625,205796.0625,165970.953125,163830.765625,246295.625,241561.171875,284079.375,252218.390625,284441.78125,249556.71875,331364.3125,311413.1875,271573.8125,277446.09375,268252.9375,266984.1875,220938.625,210754.59375,195091.125,217256.421875,239326.1875,218214.0625,213070.359375,238581.15625,183521.34375,185427.890625,191191.90625,184327.484375,244389.0625,231998.90625,213655.40625,192957.21875,245267.78125,240547.171875,221665.3125,229135.65625,249757.109375,250155.328125,282203.34375,265999.53125,212516.578125,205117.5,225215.15625,209742.09375,171768.765625,187431.6875,189483.0625,204164.46875,218992.625,199060.046875,224572.5625,217565.984375,178659.8125,171548.859375,210315.640625,182129.34375,216045.9375,218842.484375,276603.1875,276992.9375,261344.921875,199625.984375,150998.109375,154373.859375,165788.578125,181614.5625,132734.890625,143806.484375,341855.8125,292754.59375,139517.546875,155009.234375,239699.96875,232361.078125,182156.640625,199514.796875,213378.703125,187910.140625,274946.40625,254213.53125,243844.484375,276071.21875,249957.6875,297120.9375,319316.34375,321054.28125,218745.953125,213780.28125
109,197799.1875,183306.875,197734.625,183236.828125,202284.25,176626.484375,181319.140625,173869.765625,175794.34375,166790.125,221120.125,210338.265625,219076.796875,200886.40625,249441.375,202560.4375,225397.953125,199957.203125,252258.28125,196423.03125,248428.125,208380.296875,210013.28125,195478.859375,186448.15625,180452.765625,202583.328125,162386.25,234000.40625,227546.234375,246216.921875,229549.765625,204525.015625,208227.703125,209518.546875,201137.953125,262510.21875,245400.5625,221721.953125,234984.546875,223957.234375,223370.0,210587.328125,171848.703125,170427.140625,150035.15625,178199.015625,172683.828125,172736.953125,158002.171875,202533.8125,214457.375,179044.671875,190006.21875,177727.6875,172079.6875,159474.390625,169491.984375,140749.1875,158728.25,230370.0625,226544.484375,234277.828125,215929.828125,180373.1875,173940.15625,161890.84375,154073.875,208362.921875,188354.0,248667.109375,263024.375,293803.59375,260419.453125,187227.984375,165922.171875,259075.046875,215623.8125,253019.140625,213093.828125,168459.296875,173132.78125,202628.40625,176507.15625,193762.328125,196062.46875,234626.109375,201617.65625,182817.703125,178993.09375,219094.53125,202305.46875,185754.828125,149298.65625,202280.09375,184969.921875,207849.171875,217473.359375,195362.609375,168098.546875,108081.875,123171.5859375,214687.703125,186061.703125,244910.984375,245740.859375,238593.234375,215907.5625,214662.5625,197414.1875,173508.6875,156495.5625,264763.34375,253408.171875,182453.640625,167509.46875,245284.5,168542.84375,300194.5625,281594.9375,236844.953125,238241.078125,249946.78125,229374.515625,182447.015625,174007.109375,195969.875,195505.546875,205476.453125,199278.390625,182759.921875,178697.53125,209312.875,195226.859375,205716.40625,209123.03125,208225.4375,207945.171875,205039.140625,202564.453125,199015.640625,193324.578125,234069.015625,226580.171875,230301.546875,244668.90625,185798.765625,175238.578125,195624.171875,181978.203125,240003.96875,242964.59375,225361.421875,216876.4375,198352.4375,187568.984375,209638.953125,233205.828125,192954.21875,205908.953125,165659.59375,163670.203125,246182.421875,241019.453125,282753.21875,251415.640625,283960.46875,249725.296875,328743.03125,309609.71875,271451.5,277669.3125,267947.9375,267517.96875,221026.25,210848.609375,195324.40625,217308.609375,239184.671875,217845.265625,213564.953125,238643.25,183224.5625,184831.515625,191271.90625,184120.328125,244551.359375,231654.59375,213673.328125,193397.875,245448.25,240744.015625,221750.609375,229262.765625,249970.984375,249992.84375,282301.75,265981.21875,212737.796875,204993.359375,225699.953125,209451.28125,172106.3125,187729.921875,190629.0625,204030.171875,218720.796875,198915.8125,224438.6875,217446.875,177790.484375,170989.984375,210051.546875,182242.0,215390.0625,218528.78125,276543.1875,277273.0,260848.265625,198704.640625,151148.5625,154093.234375,166015.765625,181410.3125,132443.28125,143331.640625,341813.34375,292184.90625,140473.6875,154851.984375,240135.421875,232235.984375,182428.765625,199847.796875,214038.90625,188233.796875,274739.40625,254355.828125,244461.796875,276971.6875,250362.578125,297414.0,319827.59375,320811.125,219488.734375,214284.859375
110,198147.078125,183533.453125,197754.453125,183352.25,202638.625,176692.203125,181413.71875,174147.953125,176188.71875,167443.984375,221603.875,211009.59375,219160.453125,200806.484375,249895.015625,202263.3125,225270.125,199539.34375,252561.09375,195820.28125,248437.28125,207870.5,209972.1875,194955.546875,186179.125,180619.1875,202400.609375,161855.5,234620.171875,226470.515625,246313.921875,229111.890625,204678.5625,208088.90625,210041.234375,200798.578125,262550.375,244496.5,221724.953125,234544.34375,223601.640625,223000.3125,210714.046875,171990.15625,170306.484375,149709.578125,177325.765625,172122.90625,172535.625,157885.4375,202693.46875,213557.78125,179197.90625,189776.140625,177719.4375,172251.015625,159254.984375,169422.171875,140782.171875,158803.0,230052.296875,225785.625,234388.015625,215247.5,180047.234375,173892.28125,161868.125,154143.890625,208777.84375,188121.828125,248709.171875,262345.65625,293538.71875,259353.125,187366.84375,165379.046875,259015.75,214778.5,253137.515625,212830.8125,168402.296875,172564.953125,203032.296875,176473.390625,193619.765625,195857.53125,234674.9375,201274.765625,182908.75,179145.4375,218954.703125,202634.390625,185843.640625,149139.578125,203064.015625,184690.34375,207723.25,217540.015625,195437.0625,168390.46875,108280.328125,123492.8046875,214556.921875,186066.109375,244470.265625,245184.59375,238206.09375,215621.640625,214643.765625,197532.421875,173672.53125,156123.84375,264583.03125,253195.609375,182413.5,167126.828125,245448.75,168276.046875,299148.75,281126.53125,236860.4375,237877.75,249704.046875,228934.8125,182926.546875,174426.109375,196457.265625,195929.65625,205642.125,199491.59375,182818.4375,178755.25,209449.375,195284.828125,205286.375,208990.90625,208333.34375,208206.859375,205181.765625,202591.46875,199242.546875,193230.234375,234056.34375,226640.96875,230454.25,244413.640625,186317.046875,176127.53125,195787.46875,182103.546875,239795.375,243150.78125,225289.015625,216990.8125,198309.25,187355.796875,209890.296875,232534.765625,192738.4375,205447.859375,165628.21875,163715.796875,246195.765625,240378.796875,282446.90625,250478.140625,283732.0,248783.9375,327469.5,307193.0,271134.5625,276903.34375,267737.65625,266706.90625,221212.15625,211075.046875,195333.15625,217407.25,239174.640625,218297.4375,214035.796875,238705.6875,183396.796875,184793.90625,191068.625,183839.875,245006.234375,231519.3125,213649.15625,193403.1875,246010.09375,241584.375,221447.484375,229628.375,249811.265625,250083.53125,282063.65625,266087.03125,212303.09375,204877.09375,225098.546875,209335.25,171267.40625,187294.96875,190143.828125,203565.453125,218788.640625,199537.25,224415.078125,217824.34375,177105.109375,170663.046875,210283.34375,181818.015625,214831.140625,217305.734375,276381.21875,277222.875,261267.5625,198887.09375,151600.15625,154096.828125,166083.140625,181081.296875,132503.75,143379.234375,342039.84375,292438.90625,140816.984375,154803.8125,240553.390625,232561.0,182874.140625,200517.34375,214713.03125,188357.703125,275024.5,255252.15625,245079.546875,277733.40625,250509.109375,298145.125,320731.96875,321291.625,220541.40625,214919.3125
111,198056.390625,183026.078125,196923.484375,182509.765625,200277.84375,174890.71875,181240.71875,173730.296875,176331.3125,167919.6875,221181.203125,210639.90625,218710.84375,200183.234375,248725.03125,201858.125,224972.6875,198852.921875,251151.5625,195735.9375,247858.640625,207261.28125,209266.578125,192916.703125,185786.71875,179800.25,201909.515625,161796.96875,234593.5625,225928.375,246249.84375,227990.28125,204526.046875,207747.0,209816.171875,200211.484375,263882.03125,244556.84375,222270.390625,234752.5,223392.5,223156.796875,211473.453125,173289.515625,171117.890625,150628.609375,177399.0,172126.625,173709.71875,158991.078125,203341.046875,214350.15625,179415.328125,189188.90625,178134.484375,172351.953125,159218.875,169759.5625,141339.796875,158938.5625,230319.109375,225708.40625,234718.90625,215236.59375,179952.734375,173853.984375,162168.1875,154516.9375,208887.65625,188463.1875,249204.3125,262999.875,294488.75,260812.234375,188107.703125,165878.140625,259414.65625,216016.703125,253461.75,213704.890625,167570.5,172731.328125,202775.546875,177497.234375,194232.4375,195797.25,234658.0,201357.921875,180495.734375,179296.703125,218085.71875,203638.09375,185265.71875,149757.03125,201185.203125,184497.421875,206888.953125,217867.40625,194789.734375,169263.546875,106779.875,123687.4765625,213620.453125,186210.5625,244001.84375,245587.25,237022.796875,216464.046875,214805.8125,197677.8125,172884.125,156277.828125,264017.0625,253142.671875,182508.75,167655.75,245515.09375,168680.96875,299140.71875,281918.125,236643.609375,237698.578125,249527.09375,228462.203125,183709.734375,175347.328125,197103.796875,196224.625,205501.8125,199630.59375,183218.71875,179351.8125,209636.234375,195305.390625,205657.34375,208880.140625,208970.625,208249.828125,205702.109375,202813.21875,200440.9375,192789.921875,234441.5,226488.671875,230774.796875,244503.53125,186386.46875,176473.96875,195913.703125,182180.078125,239735.671875,243175.0,224954.0625,216619.8125,198642.609375,187011.390625,210505.359375,232255.296875,192964.28125,205102.65625,165910.25,163840.03125,246431.875,240685.6875,283571.21875,251079.109375,284672.625,248462.875,329284.15625,308160.125,271101.53125,276766.1875,267976.5,266253.03125,220926.640625,210925.546875,194849.515625,217414.0,239231.984375,218695.171875,214053.046875,238887.15625,183609.234375,185068.765625,190846.671875,183763.78125,245409.46875,231712.90625,213916.453125,192894.0,246175.65625,241826.46875,221228.8125,229545.625,249779.734375,250333.015625,281885.71875,266268.875,211840.765625,205061.546875,224587.34375,209514.484375,170446.359375,186534.15625,189257.0,203176.03125,219043.875,199847.890625,224593.15625,218094.65625,177562.9375,170976.671875,210360.9375,182012.625,215126.9375,217692.75,276721.5,277270.625,262288.15625,199832.125,151633.359375,154309.71875,166276.84375,181514.359375,132914.125,143788.4375,342198.71875,292971.0,140351.484375,155005.53125,240138.359375,232852.796875,182792.078125,200652.96875,214537.046875,188459.0625,275089.15625,255497.15625,244831.109375,277827.59375,250424.0625,298519.71875,320358.125,321602.25,220468.09375,214867.125
112,197585.0,182593.3125,196518.609375,182040.171875,199400.8125,174248.171875,181288.96875,173577.25,176222.3125,167628.984375,220519.03125,209794.625,218061.25,199742.171875,247755.90625,201877.5,224825.25,199005.8125,249806.078125,196033.171875,247594.5,207387.21875,208955.375,192617.71875,185584.546875,179546.203125,200987.84375,161484.078125,234228.84375,226412.984375,246238.0625,227596.171875,204565.796875,207358.5,209412.5,200067.578125,264514.28125,245372.140625,222798.34375,235125.84375,223342.09375,223189.734375,211604.859375,172350.265625,171178.59375,150691.875,177332.25,172165.9375,174169.5,159168.578125,203516.0,214830.125,179269.9375,189016.75,178055.953125,172120.3125,159256.296875,169632.828125,141393.09375,158846.484375,230574.28125,226299.234375,234618.90625,215903.078125,180128.828125,173817.859375,162251.953125,154483.21875,208697.375,188842.703125,249547.125,263828.375,295298.1875,262162.375,188202.5,166551.953125,260453.734375,216883.78125,254053.34375,213984.359375,167650.8125,173245.875,202890.640625,177782.78125,194623.9375,196020.765625,234778.65625,201615.4375,180235.25,179265.53125,218007.390625,203702.640625,185017.5,149771.546875,200562.265625,184593.453125,207041.46875,217828.09375,194774.046875,169153.140625,106412.7265625,123518.3203125,213553.421875,186354.9375,244216.640625,246014.90625,237084.109375,216736.140625,214717.0625,197718.109375,173091.171875,156722.328125,264270.375,253440.1875,182816.640625,168110.265625,245243.28125,169080.640625,300554.0625,282557.59375,236678.46875,238014.625,249846.046875,228765.34375,183538.4375,175257.09375,197047.921875,195879.859375,205302.796875,199342.90625,183222.890625,179442.59375,209503.734375,195073.28125,206053.171875,209103.140625,209126.71875,207926.796875,205608.0625,202804.96875,200517.0,192771.421875,234694.015625,226454.203125,230871.140625,245065.875,186317.765625,175977.96875,195777.078125,182022.3125,239918.671875,242985.65625,224885.625,216365.0625,198510.96875,186837.296875,210516.765625,232866.3125,192919.59375,205334.6875,165908.296875,163778.046875,246671.03125,241479.875,284183.875,251876.6875,285364.84375,249193.625,331204.78125,310608.125,271383.4375,277610.125,268179.9375,266912.8125,220558.59375,210529.15625,194664.71875,217125.875,239020.4375,218302.484375,214102.265625,238874.0625,183422.1875,184918.890625,190957.6875,183854.015625,245099.015625,231569.84375,214090.875,192943.953125,245898.359375,241489.640625,221447.59375,229204.96875,249979.515625,250378.109375,282093.1875,266237.40625,211833.234375,205129.125,224719.71875,209568.734375,170710.703125,186421.625,189574.59375,203324.625,219206.46875,199415.6875,224707.640625,217895.09375,178255.796875,171233.234375,210049.109375,182597.90625,215697.09375,218685.3125,277186.84375,277489.90625,261988.5,199653.171875,151440.203125,154379.609375,166292.8125,181750.890625,132923.65625,143736.453125,341776.5625,292665.1875,140236.828125,155079.375,239478.953125,232438.421875,182499.0625,200518.53125,214105.515625,188550.46875,274606.21875,254673.0,244391.25,277457.59375,250399.03125,297820.75,319295.1875,320946.09375,219928.484375,214561.890625
113,197608.953125,182668.25,196699.09375,182266.4375,200134.421875,174880.9375,181480.53125,173777.828125,176254.828125,167481.515625,220493.03125,209729.328125,218020.96875,199800.0625,248100.0,202180.75,225022.453125,199448.5,250065.984375,196116.109375,248082.328125,207673.296875,209370.328125,193279.203125,185703.859375,179771.140625,200739.53125,161107.328125,234123.390625,226928.015625,246366.375,227913.71875,204858.90625,207288.890625,209297.546875,200343.640625,264303.65625,245567.65625,222872.796875,235270.546875,223240.703125,223001.390625,211103.671875,171216.765625,170813.4375,150143.78125,176981.734375,171815.0625,173737.296875,158630.578125,203346.703125,214514.71875,179305.84375,189172.3125,177972.15625,172032.59375,159333.859375,169493.546875,141263.875,158815.5,230717.0625,226542.6875,234490.484375,216248.453125,180293.296875,173865.671875,162265.0625,154408.328125,208433.71875,188459.625,249562.921875,264008.6875,295369.875,262118.0625,187968.484375,166566.171875,260623.390625,216585.296875,253939.671875,213700.953125,167858.71875,173285.234375,202570.0625,177505.796875,194350.765625,196100.421875,234666.609375,201490.875,180710.5625,179392.390625,218159.46875,203488.109375,184880.109375,149589.5625,200812.484375,184837.46875,207262.75,217790.875,194842.453125,168883.5,106608.3671875,123623.15625,213656.078125,186360.421875,244406.71875,245954.265625,237314.859375,216578.0625,214443.390625,197693.3125,173405.125,156979.359375,264549.125,253594.8125,182756.265625,167857.453125,245178.21875,168858.4375,300920.40625,282640.75,236777.03125,238123.203125,249899.0,229027.1875,183156.171875,174813.796875,196803.765625,195672.578125,205380.625,199228.59375,183142.421875,179309.4375,209468.046875,194977.140625,205981.109375,209079.515625,209011.390625,207662.296875,205543.640625,202789.453125,200280.3125,192786.046875,234540.15625,226424.625,230944.84375,245368.515625,186259.453125,175816.921875,195784.53125,182015.578125,239941.921875,242870.5625,224961.0,216385.578125,198448.796875,186899.71875,210458.875,233149.21875,192942.59375,205665.265625,165846.8125,163736.671875,246758.625,241692.328125,284077.0625,251691.96875,285382.6875,249455.5625,331264.34375,310857.28125,271496.4375,277973.28125,268365.8125,267250.09375,220564.609375,210445.03125,194749.40625,216957.828125,238932.953125,218141.234375,214100.703125,238731.21875,183328.703125,184796.0625,191095.71875,183929.390625,244704.265625,231400.484375,214080.84375,193027.546875,245657.09375,241256.859375,221660.59375,229010.875,249960.90625,250240.703125,282144.84375,266061.8125,211947.140625,205013.125,224748.078125,209532.828125,171206.28125,186694.875,190052.78125,203581.03125,219171.09375,199175.578125,224657.421875,217696.921875,178309.71875,170905.296875,209968.0625,182579.046875,215699.734375,218501.03125,277275.875,277422.9375,261570.046875,199233.390625,151383.453125,154348.234375,166196.328125,181518.859375,132736.15625,143556.4375,341834.0625,292543.40625,140360.796875,155042.484375,239260.765625,232176.015625,182474.765625,200459.109375,214118.359375,188477.3125,274444.34375,254203.875,244457.34375,277372.3125,250409.75,297492.71875,319327.78125,320863.375,219798.75,214527.5
114,197935.296875,182815.4375,196834.3125,182418.9375,200356.984375,175111.15625,181517.25,173813.734375,176337.25,167641.46875,220774.875,210091.859375,218350.046875,199986.21875,248585.375,202336.078125,225213.0625,199454.859375,250696.015625,196080.875,248441.34375,207695.265625,209631.109375,193251.359375,185839.421875,179760.828125,201107.890625,161183.75,234288.171875,226999.4375,246532.125,228157.96875,205028.4375,207500.8125,209425.28125,200546.234375,264336.3125,245367.296875,222834.765625,235308.6875,223206.578125,223002.078125,210975.5,171597.375,170852.53125,150151.453125,176987.3125,171647.9375,173612.46875,158594.21875,203344.109375,214442.59375,179528.640625,189245.875,178171.515625,172173.296875,159408.90625,169667.96875,141350.53125,158906.203125,230868.34375,226439.1875,234673.78125,216183.53125,180317.015625,173924.53125,162365.046875,154536.234375,208303.0625,188097.390625,249476.4375,263899.3125,295226.40625,261895.09375,188021.75,166344.46875,260016.265625,216389.25,253465.828125,213645.0,167615.3125,173092.453125,202058.484375,177520.859375,194180.625,195971.296875,234500.328125,201313.5625,180208.984375,179491.9375,217992.65625,203588.5,184691.109375,149722.625,200493.875,184878.734375,206992.828125,217931.640625,194608.4375,169048.5625,106383.828125,123803.5,213325.53125,186255.046875,244267.78125,245837.515625,237014.5625,216627.6875,214334.984375,197660.09375,173177.28125,156890.234375,264303.5625,253451.1875,182588.484375,167603.0625,245243.0,168605.546875,300402.9375,282490.84375,236748.75,237965.328125,249679.375,228831.1875,183261.296875,174860.984375,196879.078125,195844.75,205514.484375,199413.90625,183269.359375,179399.921875,209645.65625,195109.40625,205874.171875,208845.21875,209049.21875,207634.484375,205802.09375,202915.25,200509.0625,192617.046875,234418.015625,226331.6875,231090.5625,245291.5625,186181.59375,176047.71875,195948.078125,182141.75,239817.078125,242876.71875,224922.625,216391.453125,198690.625,187019.15625,210647.296875,232946.796875,193160.0625,205736.796875,165931.359375,163801.78125,246727.15625,241483.765625,284084.6875,251451.84375,285404.3125,249222.3125,330738.5625,310034.3125,271413.4375,277705.15625,268520.6875,267101.46875,220683.34375,210581.421875,194734.484375,217055.046875,239175.234375,218467.703125,213967.0,238619.359375,183513.203125,184956.828125,191081.078125,183963.59375,244779.625,231565.859375,214060.703125,192744.296875,245657.734375,241247.0,221580.671875,228975.453125,249804.921875,250190.671875,281980.90625,266004.625,211960.03125,204976.46875,224668.421875,209552.15625,171196.109375,186732.1875,189942.5625,203590.015625,219014.046875,199275.046875,224653.09375,217741.171875,178159.953125,170746.09375,210138.65625,182353.34375,215565.40625,218159.453125,277179.9375,277255.0,261908.375,199461.71875,151438.890625,154369.546875,166276.609375,181452.203125,132762.328125,143629.671875,342306.0,292924.625,140339.4375,155098.96875,239245.21875,232330.734375,182564.609375,200419.53125,214242.171875,188447.96875,274607.0,254302.34375,244588.53125,277652.40625,250354.0625,297843.84375,319772.40625,321399.8125,219824.40625,214628.765625
115,197820.3125,182790.71875,196845.796875,182439.984375,200321.25,175086.765625,181427.390625,173736.921875,176235.796875,167450.234375,220631.546875,209964.671875,218286.921875,200002.0625,248409.921875,202278.875,225288.84375,199556.8125,250592.84375,196163.203125,248131.703125,207829.0625,209475.71875,193330.3125,185795.734375,179864.90625,200895.84375,161507.640625,234463.59375,227056.203125,246512.0,228472.046875,204878.609375,207648.4375,209441.703125,200534.265625,263907.46875,245407.375,222341.421875,235326.109375,223349.328125,223145.890625,210749.90625,171790.4375,170849.6875,150252.1875,177068.546875,171777.5,173470.15625,158598.828125,203245.65625,214554.65625,179558.921875,189411.171875,178136.265625,172227.0,159472.953125,169751.734375,141407.40625,158891.328125,230626.125,226486.6875,234725.0625,216243.5,180371.421875,173964.609375,162344.9375,154504.78125,208306.328125,188314.625,249348.015625,263822.375,295078.03125,261901.203125,187898.65625,166392.734375,259499.203125,216382.265625,253386.640625,213653.484375,167745.96875,173031.28125,202248.578125,177340.15625,194092.90625,196111.578125,234595.40625,201347.609375,180582.296875,179357.0625,218186.0625,203390.25,184785.015625,149587.890625,200881.96875,184793.96875,206996.484375,217947.640625,194629.15625,168965.3125,106740.6875,123639.7578125,213405.1875,186242.640625,244535.15625,245897.3125,237244.21875,216431.890625,214228.1875,197639.4375,173147.703125,156801.5625,264266.125,253403.4375,182387.140625,167577.8125,245379.09375,168728.328125,300394.8125,282746.90625,236656.96875,238019.453125,249834.71875,228977.375,183187.296875,174870.609375,196826.390625,195900.640625,205565.828125,199528.984375,183339.34375,179457.40625,209668.109375,195238.140625,205953.390625,208899.40625,209007.578125,207647.859375,205759.421875,203011.609375,200314.15625,192721.453125,234483.015625,226381.359375,231058.078125,245339.484375,186045.421875,175855.46875,195936.203125,182150.796875,239963.453125,242942.109375,224965.984375,216424.34375,198749.8125,187225.9375,210612.90625,233100.75,193198.0,205922.921875,165965.75,163849.59375,246766.609375,241534.5625,283889.125,251709.703125,285011.125,249349.578125,330839.65625,310280.5,271652.40625,277823.78125,268329.46875,267255.6875,220651.734375,210516.53125,194653.046875,216952.0,239029.25,218239.3125,213649.734375,238559.265625,183292.96875,184763.59375,190967.46875,183887.40625,244756.5625,231586.578125,213938.34375,192806.078125,245965.90625,241378.828125,221597.96875,229022.15625,249899.84375,250330.96875,282303.59375,266184.5625,212125.09375,204872.28125,224927.328125,209528.671875,171238.140625,186699.75,189973.609375,203612.421875,218928.421875,199079.796875,224777.90625,217727.515625,178205.15625,170935.5,210245.6875,182351.171875,215557.375,218267.1875,277065.0625,277315.125,261795.859375,199417.28125,151477.703125,154375.484375,166209.84375,181619.5625,132819.734375,143668.125,341905.75,292600.90625,140535.109375,155113.25,239339.921875,232065.65625,182495.5,200220.125,214083.03125,188428.84375,274481.0625,254155.734375,244296.171875,277301.03125,250077.75,297585.5625,319430.65625,321138.75,219589.203125,214504.171875
116,197795.9375,182504.40625,196573.609375,182148.984375,199250.296875,174256.484375,181161.34375,173322.9375,176079.015625,167372.921875,220497.03125,209763.09375,218487.828125,200074.8125,247980.203125,202058.078125,225195.953125,199446.96875,250649.265625,196200.984375,247790.609375,207782.609375,209123.328125,192585.703125,185840.796875,179592.234375,201671.375,162342.953125,234139.703125,227249.0,246231.375,228664.6875,204539.625,207692.5,209266.375,200747.953125,263413.8125,245487.578125,221463.609375,235493.390625,223716.46875,223648.46875,210738.234375,173170.546875,171374.765625,150812.1875,177979.265625,172497.15625,173811.078125,158969.8125,203493.953125,215407.21875,179598.515625,189397.171875,178405.21875,172398.34375,159607.703125,170041.28125,141772.5,159052.21875,230534.578125,226396.40625,234842.8125,216305.5,180480.734375,174012.515625,162448.671875,154587.375,208091.609375,187827.1875,249318.984375,264472.90625,295049.1875,262342.40625,187841.828125,166515.71875,258156.5,216652.03125,252937.390625,214212.765625,167245.71875,172998.96875,201798.453125,177484.9375,194132.6875,196192.34375,234405.59375,201363.421875,179415.328125,179206.71875,217828.421875,203397.421875,184666.484375,149805.390625,200091.03125,184660.25,206541.15625,218177.625,194132.609375,169292.59375,106401.0703125,123611.5,213279.40625,186173.640625,244535.859375,246088.5625,237112.953125,216584.625,214386.84375,197348.8125,172514.65625,156742.1875,264004.71875,253550.640625,182098.484375,167231.578125,245473.453125,168481.984375,300182.875,282977.53125,236496.359375,238151.078125,249668.0625,229036.9375,183417.984375,175255.40625,196996.875,196113.484375,205636.78125,199908.59375,183598.453125,179747.0625,209887.078125,195485.625,206267.71875,208970.078125,209255.140625,207746.296875,206034.140625,203166.953125,200713.640625,192612.203125,234649.890625,226316.34375,231061.390625,245409.03125,185768.296875,175661.015625,195970.421875,182283.984375,240068.515625,243136.203125,225030.0,216431.90625,199058.984375,187434.5,210764.890625,233234.5625,193546.15625,206068.078125,166263.59375,163928.46875,246796.46875,241922.75,284300.90625,251905.390625,284807.09375,249418.8125,331100.96875,310488.875,271945.1875,278256.0,268259.5,267371.5,220616.234375,210475.6875,194582.21875,217121.6875,239122.421875,218334.375,213084.75,238581.671875,183421.75,184922.171875,190822.84375,183731.3125,244943.84375,231895.296875,213643.671875,192052.796875,246255.53125,241459.015625,221609.6875,229073.8125,249957.296875,250448.984375,282698.8125,266472.6875,212356.515625,204779.609375,225161.890625,209597.34375,171174.8125,186532.796875,189638.71875,203372.796875,219343.734375,199149.765625,224961.6875,217853.359375,178440.015625,170940.375,210475.703125,182285.453125,215472.375,218422.4375,277276.71875,277573.375,262153.6875,199880.859375,151333.84375,154479.75,166335.65625,182025.3125,132810.21875,143931.109375,342126.6875,292919.03125,140412.71875,155177.15625,239380.109375,232006.71875,182197.921875,200510.03125,213815.703125,188290.234375,274394.5,254137.890625,243935.703125,276941.875,249588.859375,297337.5625,319143.9375,321238.0625,219855.65625,214322.125
117,198672.1875,182422.640625,196222.40625,181606.96875,197119.78125,172531.890625,181020.078125,172816.859375,176407.25,168191.328125,221286.5,210302.90625,219357.53125,200436.640625,248123.28125,201997.328125,225168.203125,198838.5,251138.484375,196367.453125,248012.5625,207471.3125,208756.640625,190664.9375,186337.25,178917.796875,203697.203125,163612.28125,233744.734375,227258.015625,246275.1875,228323.203125,204638.203125,208072.265625,209980.625,201359.828125,264397.75,245611.265625,221740.875,235893.796875,224120.90625,224243.0,212032.171875,176567.625,172607.53125,152089.921875,179454.90625,173504.171875,174840.5,159865.078125,204575.625,217134.671875,179836.34375,189137.34375,179574.5625,172974.546875,159738.6875,170654.046875,142658.84375,159578.203125,231296.34375,226114.34375,235497.28125,216225.875,180569.328125,174269.390625,163069.9375,155259.015625,207927.734375,186928.796875,249424.71875,265330.34375,294855.3125,263068.03125,188400.5625,166655.203125,256393.8125,217137.203125,252064.203125,215418.953125,165770.390625,173073.40625,200554.0625,178463.109375,194721.296875,195974.296875,233804.8125,201464.546875,175554.25,179201.609375,216601.0,204246.671875,184141.234375,150940.875,197041.734375,184382.65625,205383.3125,218787.625,193038.828125,170409.171875,104652.359375,123948.34375,212135.890625,185835.421875,243490.765625,246349.734375,235600.78125,217769.234375,214701.0625,196811.171875,170414.046875,156224.796875,262467.78125,253467.578125,182025.859375,166907.859375,245517.84375,168013.890625,298339.25,281719.28125,236399.828125,238355.21875,249032.015625,228509.4375,184698.046875,176541.5,198038.234375,197033.859375,205770.734375,200691.25,184175.234375,180500.953125,210491.109375,195983.578125,206892.8125,208971.9375,210110.15625,208260.765625,206875.390625,203512.578125,202296.5625,192206.40625,235060.578125,226310.0625,231361.390625,245224.15625,185949.453125,176409.46875,196395.046875,182835.890625,239974.609375,243475.859375,224937.515625,216498.0625,199731.34375,187476.75,211265.875,232832.859375,194137.703125,205711.75,166883.765625,164217.875,246177.1875,241483.125,285585.875,251606.546875,285830.875,249001.546875,329556.53125,308212.65625,271281.65625,277201.0625,268343.9375,266921.53125,220851.046875,210989.65625,194710.953125,217759.359375,240397.421875,219702.75,212656.9375,238473.953125,184825.65625,186257.59375,191021.078125,184001.546875,245759.65625,232891.21875,213332.9375,190803.65625,246346.828125,241692.484375,221043.515625,229440.09375,249514.0,250386.578125,282162.46875,266639.09375,212270.140625,205116.1875,225009.140625,209948.5625,170237.34375,186123.515625,188232.4375,203043.15625,220071.609375,200285.828125,225419.03125,218675.46875,178434.390625,171012.125,210628.390625,182095.171875,215375.828125,218281.015625,277080.25,277571.09375,263401.78125,201235.8125,151214.953125,154762.5625,166821.25,182136.03125,132927.453125,144596.546875,343278.25,294243.40625,139653.609375,155493.265625,239357.40625,233102.71875,182349.03125,201441.09375,213910.671875,188556.5625,274605.96875,254724.3125,243963.421875,277587.75,249228.5,297941.6875,319123.71875,322230.25,220940.5,214639.75
118,199170.671875,182848.421875,196431.8125,181751.015625,197069.578125,172261.046875,181198.53125,173111.265625,176857.71875,168817.125,221957.5,210834.5625,219507.84375,200639.921875,248646.125,202207.765625,225175.203125,198913.375,250968.421875,196965.765625,248155.171875,207804.140625,208543.6875,190633.5,186708.46875,179382.453125,203317.0625,163911.25,233972.265625,226966.046875,246641.578125,228232.484375,205089.53125,208625.046875,211438.015625,201435.953125,265682.875,245701.125,223408.84375,236064.453125,224079.796875,223976.46875,213164.3125,176923.65625,172564.9375,152256.90625,179060.109375,173441.953125,174755.8125,159720.828125,205032.46875,217166.78125,179629.84375,189327.59375,180024.671875,173313.984375,159574.296875,170589.46875,142820.40625,159699.28125,231664.734375,226259.625,235683.015625,216309.453125,180545.0,174571.890625,163439.0625,155689.953125,208355.609375,187985.953125,249495.734375,264672.15625,294288.90625,262462.03125,188767.65625,166842.484375,257718.484375,216930.03125,252489.0625,215273.0,165798.578125,173252.375,201127.875,178412.515625,195244.84375,195870.515625,233714.65625,201865.984375,175380.921875,179021.6875,216968.296875,204706.78125,183963.671875,150954.84375,196811.453125,183941.46875,205572.71875,218641.390625,193347.453125,170284.703125,104661.1796875,123663.125,211616.078125,185467.6875,243117.46875,246455.03125,235037.96875,218369.5625,214203.265625,196654.765625,169680.90625,155445.125,261344.21875,252738.46875,182173.328125,167408.0625,246232.40625,168593.078125,296541.0625,280387.78125,236517.96875,238586.921875,249318.953125,228503.8125,185450.328125,177240.03125,198765.890625,197776.296875,205781.359375,200941.078125,184215.03125,180818.15625,210559.734375,196255.125,207136.328125,209222.953125,210452.03125,208878.09375,206654.421875,203653.640625,202366.875,192667.4375,235500.625,226767.078125,231286.15625,244936.28125,186964.640625,177263.796875,196698.359375,183213.484375,240152.890625,243722.703125,224960.109375,216872.765625,199431.90625,187356.78125,210847.015625,232552.25,193684.265625,205237.546875,166882.03125,164442.328125,245226.765625,240379.046875,285456.09375,251676.75,286577.09375,248748.125,327523.46875,306836.8125,270360.84375,275487.71875,267900.1875,266397.0625,221153.90625,211518.046875,195033.71875,217780.578125,241180.453125,220248.953125,213038.015625,238247.3125,185666.03125,187079.453125,191456.484375,184609.03125,246097.6875,233237.71875,213486.53125,192354.96875,246715.53125,242432.5625,220466.515625,230071.8125,249045.3125,250468.609375,281513.875,266651.46875,211899.703125,205507.984375,225020.421875,210040.671875,169239.390625,185964.0,187503.4375,203570.21875,220166.5625,201146.40625,225835.453125,219460.09375,178067.703125,171602.28125,210439.109375,182097.953125,215412.796875,217744.65625,275761.0625,276812.96875,262984.0625,201084.578125,151423.4375,154839.796875,166461.03125,181655.71875,133029.375,144697.609375,342536.90625,293647.96875,139513.46875,155710.078125,239595.609375,234030.4375,183053.640625,201341.296875,214321.453125,189273.3125,274626.4375,255001.96875,244132.859375,277802.3125,249518.96875,297902.71875,318612.375,321959.40625,220848.5,215209.40625
119,198273.609375,183051.15625,196924.390625,182445.671875,199395.125,173869.4375,181257.46875,173840.78125,176539.953125,168195.390625,221413.484375,210561.0625,218471.953125,200166.171875,248689.84375,202184.09375,224863.8125,199594.453125,250404.671875,197258.15625,247967.640625,208520.0625,208620.5625,192678.953125,186330.6875,180559.234375,200847.328125,162650.25,233943.65625,226615.0625,246453.3125,228669.796875,205109.71875,208505.203125,211318.046875,200663.390625,265233.25,245337.828125,224278.15625,235653.296875,223498.28125,223096.796875,212218.21875,172892.578125,171096.90625,150730.828125,177273.9375,172370.8125,173511.015625,158481.28125,203795.453125,214849.453125,178841.9375,189600.96875,178748.828125,172716.34375,159097.703125,169599.78125,141699.4375,159067.15625,230938.359375,226688.6875,234654.5,216136.46875,180273.015625,174375.0625,162750.40625,155017.625,208806.015625,189368.015625,249587.078125,263219.5,294240.96875,260816.15625,188381.625,166710.15625,261848.71875,216060.0,254107.5625,213433.265625,167502.40625,173263.484375,202959.359375,177006.203125,194978.46875,195778.25,234283.34375,202040.046875,179796.265625,178762.71875,218931.328125,204180.515625,184277.109375,149262.703125,200161.15625,183767.375,207327.53125,217552.125,194923.5625,168702.171875,106667.40625,122900.9375,212752.546875,185483.28125,244022.875,246177.875,236515.4375,217544.203125,213520.78125,197030.8125,171834.546875,155484.5,262554.125,252293.96875,182160.03125,167974.609375,246955.59375,169325.03125,297550.8125,281028.5625,236883.15625,238236.53125,250099.6875,229053.515625,184459.625,176205.421875,198012.046875,197188.171875,205534.8125,200166.203125,183434.078125,180107.96875,209821.203125,195832.71875,206377.953125,209178.59375,209679.546875,208821.71875,205335.734375,203225.25,200566.234375,193652.859375,235324.359375,227034.625,230595.78125,244590.078125,187619.5625,177090.109375,196353.921875,182780.546875,240299.796875,243508.71875,225193.375,217197.125,198110.390625,186965.78125,209628.390625,232615.4375,192476.84375,204938.578125,166002.59375,164127.921875,245189.046875,240371.5625,283689.3125,252007.828125,285783.625,248817.640625,328323.65625,309328.90625,270621.53125,276083.71875,267614.0,266228.84375,221270.65625,211416.921875,195300.3125,217164.828125,240238.171875,219113.546875,214286.546875,238483.09375,184762.1875,186301.109375,191456.046875,184662.921875,245343.703125,232198.59375,214059.5625,195799.25,246898.109375,242788.0,220768.21875,230026.625,249129.796875,250746.921875,281742.28125,266334.8125,211528.09375,205219.59375,225188.59375,209514.40625,169521.90625,186305.578125,188568.640625,204509.15625,219534.96875,200374.3125,225233.46875,218952.3125,177745.421875,171674.125,210416.4375,182317.453125,215516.3125,217354.328125,275298.65625,276039.03125,260729.90625,199040.890625,151494.328125,154495.078125,165300.875,180942.140625,132678.71875,143827.703125,340864.0625,291713.25,140106.0625,155386.75,239867.671875,233785.921875,183263.3125,200237.859375,214686.296875,189544.265625,274460.875,254619.96875,244562.296875,277296.78125,250785.140625,297299.25,318972.71875,320895.25,219437.546875,215486.25
120,197613.140625,182725.609375,197016.0,182588.046875,200407.1875,174776.46875,181237.0625,173873.9375,176055.140625,167438.515625,220903.359375,210143.34375,217670.734375,199476.640625,248299.1875,201917.1875,224839.203125,199477.65625,250238.609375,196749.125,248050.828125,208514.71875,208916.1875,193293.3125,185932.171875,180479.96875,200321.9375,161574.703125,233419.109375,226503.671875,245996.125,228710.40625,204853.421875,207917.90625,209642.484375,200354.328125,263930.0625,244940.21875,223273.734375,235149.109375,223063.53125,222880.15625,210857.65625,170961.328125,170725.5625,149913.171875,177030.875,171739.84375,173129.28125,158137.65625,202634.375,213711.21875,178742.328125,189184.71875,177861.59375,171907.109375,158890.53125,169029.3125,140967.15625,158594.890625,230395.0625,226693.078125,233924.09375,215580.453125,180003.96875,173893.015625,162015.21875,154239.21875,208702.40625,188393.9375,249430.609375,262944.28125,294689.09375,260547.265625,188006.65625,166401.84375,262706.125,215764.421875,254372.984375,212692.296875,168082.5625,173278.09375,203059.421875,176987.6875,194382.046875,195901.984375,234575.75,201717.15625,181242.75,179014.984375,219305.75,203870.671875,184750.375,148968.234375,201043.53125,184348.59375,207851.0625,217452.15625,195149.9375,168434.703125,106967.9375,123123.1328125,213605.71875,185937.953125,244197.8125,246008.03125,237305.265625,217102.578125,213879.0,197416.453125,172837.734375,156461.5625,264053.34375,253041.96875,182053.03125,167791.90625,246084.375,168806.21875,299809.8125,281827.625,237032.953125,237727.296875,249848.703125,229065.53125,183471.0,175044.515625,197114.0625,196274.796875,205457.296875,199407.296875,183034.3125,179428.796875,209412.15625,195320.953125,205808.625,208715.046875,209116.5,208216.921875,205050.046875,202760.1875,200083.875,193596.625,234671.984375,226774.515625,230369.21875,244359.296875,186972.78125,176513.609375,195900.453125,182153.9375,240085.03125,243039.765625,225253.921875,216965.75,197784.921875,186537.28125,209566.203125,232489.796875,192336.390625,204743.0625,165440.796875,163665.078125,245926.234375,240932.984375,282766.875,251123.25,284769.75,248713.359375,329519.46875,310004.71875,271077.375,277583.25,268024.28125,266221.625,221228.921875,211089.921875,195242.8125,216934.640625,239245.09375,218461.453125,214841.25,239049.984375,183794.25,185409.4375,191091.984375,184165.75,244686.453125,231337.40625,214095.546875,196148.8125,246323.703125,242129.03125,221328.609375,229363.703125,249488.984375,250810.171875,282078.375,265855.59375,211474.546875,204840.328125,224876.84375,209342.53125,170463.828125,186782.578125,189339.078125,204604.234375,219176.515625,199430.78125,224400.25,218025.703125,177560.4375,170913.453125,210652.15625,182355.53125,215541.125,217601.65625,276523.0625,276362.625,259998.84375,198256.390625,151156.96875,154244.390625,165229.4375,180625.4375,132315.9375,143305.15625,341109.71875,291632.03125,140150.890625,154979.59375,239982.921875,233611.421875,182851.15625,200220.765625,214758.46875,189150.28125,274477.5625,254552.515625,245166.0,277683.5625,251838.8125,297856.9375,320353.90625,321157.03125,219426.015625,215486.46875
121,197791.421875,182335.96875,196769.34375,182234.515625,199768.828125,174513.40625,181297.28125,173289.75,176060.78125,167370.953125,220983.265625,209936.96875,217828.71875,199419.8125,248035.546875,201835.015625,225350.8125,198890.265625,250074.234375,196209.734375,248289.8125,207919.703125,209173.390625,192482.703125,185885.5625,179527.5,201183.0625,161697.203125,233505.5625,226595.765625,246174.234375,228263.53125,204823.609375,207588.109375,209033.703125,200775.5625,263618.90625,245036.921875,222130.34375,235072.875,223288.46875,223496.421875,211186.078125,172613.84375,171477.171875,150646.5625,177722.703125,171891.515625,173978.109375,158989.53125,203075.875,214693.390625,179426.078125,188708.921875,178223.25,171745.4375,159152.609375,169287.15625,141156.234375,158622.90625,230452.09375,226386.921875,234248.875,215569.46875,179897.765625,173570.875,162014.03125,154271.453125,208545.65625,187916.796875,249084.40625,263776.625,294946.75,261653.28125,188114.34375,166602.71875,260050.40625,216709.359375,253560.375,213795.859375,167515.625,173459.09375,202448.765625,178378.109375,194209.0625,196511.140625,234598.078125,201520.109375,179267.765625,179547.078125,218259.203125,204045.203125,185081.015625,150401.890625,199478.140625,185101.703125,206732.25,218360.90625,194252.015625,169384.3125,105810.328125,123792.6953125,213265.46875,186408.609375,243620.28125,246337.0625,236712.90625,217434.015625,214320.21875,197608.75,172080.71875,157270.09375,264095.53125,253581.78125,182707.015625,167927.5625,244875.34375,168468.265625,300909.5,281747.40625,236664.15625,238044.453125,249425.453125,228899.0625,183523.671875,174939.609375,197061.609375,195933.90625,205618.703125,199348.140625,183239.078125,179364.578125,209608.328125,195176.640625,206154.1875,208698.3125,209292.859375,207716.03125,205685.53125,202629.796875,200879.578125,192642.609375,234341.3125,226515.046875,230763.90625,244609.0625,186083.234375,176056.265625,195674.203125,181879.203125,239906.71875,242785.171875,224930.765625,216293.1875,198521.046875,186406.515625,210467.4375,232474.453125,193019.734375,204867.9375,165601.21875,163485.953125,246553.125,241167.390625,283500.65625,250394.75,284704.90625,248662.921875,329344.34375,308457.34375,270794.40625,277941.9375,268285.46875,266470.0,220745.234375,210520.9375,194883.6875,217184.609375,239182.84375,218595.078125,214236.828125,239164.4375,183421.34375,185068.5625,190855.140625,183736.234375,245019.84375,231714.734375,213757.5,193850.34375,245959.859375,241533.40625,221443.0625,229104.484375,249736.140625,250694.359375,282115.25,265914.25,211780.40625,205085.28125,224546.734375,209830.6875,170818.109375,187043.765625,188825.984375,204082.671875,219367.140625,199463.390625,224534.09375,217874.109375,178077.359375,170997.09375,210621.5625,182201.046875,215826.0625,218301.578125,277383.71875,277228.0,261459.953125,199484.453125,151008.0625,154345.515625,166280.015625,181438.75,132624.828125,143704.703125,342015.625,292637.21875,139765.65625,154998.953125,240276.109375,233785.078125,182494.53125,200979.265625,214332.421875,188653.359375,274711.1875,255189.59375,245080.359375,278218.625,251632.1875,298622.15625,320443.46875,321603.84375,220499.859375,215167.28125
122,197733.703125,182307.046875,196532.140625,181991.484375,199508.921875,174365.6875,181325.1875,173140.96875,176147.734375,167569.859375,220887.546875,209844.65625,218245.0625,199873.015625,248015.109375,201911.765625,225499.046875,198887.734375,249808.515625,196000.25,248332.234375,207333.625,209249.421875,192461.734375,185755.75,179269.265625,200929.15625,161852.34375,234012.40625,226676.703125,246723.4375,227908.390625,204871.578125,207496.765625,209924.171875,200715.078125,264304.0,245309.578125,222294.078125,235316.1875,223646.953125,223917.84375,211996.90625,173208.78125,171374.21875,150961.171875,177097.78125,172049.015625,174536.921875,159395.578125,203922.265625,215239.3125,179628.84375,189045.515625,178358.28125,171999.796875,159459.390625,169550.859375,141286.78125,158750.296875,230805.265625,226426.84375,234550.375,216128.671875,179965.578125,173581.09375,162278.90625,154624.90625,208735.484375,189398.46875,249333.546875,264538.625,295371.34375,262419.96875,188384.25,167030.0,259700.921875,217689.171875,253783.90625,214591.078125,167442.0,173301.53125,202697.09375,178470.453125,194479.03125,196718.46875,234760.75,201457.578125,179060.78125,179595.328125,217763.890625,203954.96875,185032.5625,150667.875,199483.96875,185097.75,206262.984375,218315.375,194239.609375,169310.765625,105714.453125,123689.625,213230.546875,186486.125,243467.375,246244.84375,236476.71875,217238.28125,214277.171875,197718.75,173047.921875,157198.046875,263934.03125,253195.328125,183912.578125,168568.609375,245388.34375,169122.0,301053.3125,282306.71875,236607.609375,238541.46875,249825.5625,229124.234375,183607.546875,175011.90625,197086.375,195640.921875,205522.046875,199565.390625,183244.234375,179441.53125,209703.75,195097.875,206272.0,209110.34375,209362.296875,207644.484375,205683.75,202705.0,200889.46875,192260.28125,234505.59375,226494.453125,230932.25,245140.515625,186111.265625,175831.4375,195603.0,181879.9375,239800.15625,242742.015625,224557.125,215908.0625,198756.734375,186655.015625,210658.5625,232906.328125,193186.625,205329.515625,165914.09375,163653.078125,246802.078125,241764.296875,284482.21875,251550.5625,285310.75,248989.71875,330621.8125,309996.0625,270972.5,278379.9375,268295.03125,267029.46875,220160.890625,209859.734375,194624.453125,217273.96875,239411.609375,218530.9375,214175.5625,238814.53125,183062.84375,184790.359375,190840.234375,183482.53125,245570.6875,232392.5,213807.796875,193085.6875,245963.453125,241477.90625,221273.5,229143.71875,249683.953125,250376.546875,282076.09375,266265.65625,211899.59375,205256.5625,224661.234375,209906.359375,170652.921875,186892.109375,188395.484375,203600.21875,219311.5,199392.125,224698.34375,217878.9375,179073.421875,171688.390625,210472.3125,182222.625,216445.265625,218660.6875,277311.75,277572.125,262410.375,200262.359375,151223.09375,154396.90625,166725.25,182298.078125,133051.796875,144108.453125,342006.40625,292745.90625,139792.75,155135.140625,240325.953125,233265.59375,182563.625,200738.84375,213863.234375,188395.5,274659.9375,255345.34375,244573.75,277749.40625,251081.9375,298414.125,319572.875,321137.125,220211.765625,214627.28125
123,197693.921875,182715.328125,196523.15625,181994.25,198969.234375,174172.25,181575.203125,173708.703125,176239.34375,167847.046875,220774.046875,210099.5625,218463.984375,200214.375,248071.046875,202115.125,225128.015625,199287.78125,250117.796875,195944.296875,248346.890625,207040.59375,209283.484375,192825.984375,185878.515625,179648.75,200715.046875,161770.8125,234054.734375,226891.15625,246893.15625,227851.484375,204772.1875,207521.0,210339.375,200233.546875,264793.0625,245462.703125,222898.765625,235485.1875,223537.25,223560.1875,211804.5,172522.4375,170781.5625,150377.734375,176268.40625,172070.21875,173923.515625,158826.90625,203870.625,215033.328125,179478.25,189875.75,178266.90625,172333.296875,159662.71875,169821.625,141531.96875,158968.984375,231367.34375,226783.15625,234682.65625,216585.96875,180361.6875,174016.375,162628.109375,154848.765625,208851.25,189108.984375,249688.515625,264564.59375,295518.5625,262168.53125,188323.734375,166877.046875,260853.15625,217246.5,253802.609375,214278.3125,167286.75,172921.859375,202368.859375,177420.484375,194650.03125,196217.09375,234422.671875,201258.5625,179962.84375,179140.25,217328.390625,203396.0,184985.140625,150013.859375,199980.59375,184560.578125,206675.140625,217766.984375,194531.25,168822.640625,106012.859375,123534.0625,213779.609375,186265.46875,243385.359375,245389.765625,236595.078125,216768.546875,214757.53125,197563.25,174034.828125,156528.96875,264115.125,253239.53125,183636.8125,167936.3125,246153.421875,169219.703125,300039.46875,282993.125,237005.3125,238449.546875,250029.28125,229378.6875,183593.828125,175148.375,197201.734375,195770.296875,205418.21875,199852.53125,183382.40625,179782.390625,209793.578125,195237.03125,206085.0625,209454.9375,209348.796875,208066.1875,205570.984375,203075.4375,200807.796875,192957.875,234807.5625,226772.359375,230892.078125,245572.03125,186513.15625,176225.6875,195906.390625,182252.75,239786.234375,242981.765625,224602.671875,216306.203125,198876.34375,187338.984375,210354.125,233132.71875,193247.5625,205800.984375,166253.4375,164264.421875,246614.03125,242155.625,284290.8125,252331.125,285724.65625,249358.0625,331823.78125,311637.875,271669.375,278556.15625,268305.59375,267274.4375,220347.453125,210052.703125,194560.953125,216983.609375,239608.46875,218782.546875,214206.109375,238420.515625,183082.3125,184752.984375,190982.015625,183447.484375,245281.65625,232406.984375,213617.6875,192879.703125,245609.34375,241313.171875,221200.625,229029.515625,249470.21875,249710.25,281854.40625,266229.625,211798.09375,205180.234375,224764.046875,209585.984375,170728.484375,186578.859375,188589.875,202898.09375,219078.140625,199214.703125,224538.328125,217903.296875,178530.03125,171442.140625,210389.9375,182211.34375,216130.359375,217993.21875,277014.78125,277398.40625,262144.21875,200199.328125,151351.390625,154363.609375,166433.34375,182026.953125,133035.375,144193.234375,341850.65625,292681.90625,140141.484375,155228.734375,239346.0,232319.078125,182828.28125,200070.03125,213854.15625,188278.328125,273872.25,254023.359375,244335.6875,277151.15625,250265.78125,297771.28125,319081.71875,320998.5625,219370.0625,214291.359375
124,198148.75,183226.546875,196939.15625,182414.625,198989.65625,174427.84375,181913.59375,174317.59375,176388.25,168023.875,220958.140625,210456.171875,218694.46875,200418.53125,248562.671875,202484.6875,225000.3125,199739.359375,251191.28125,196150.421875,248640.4375,207173.53125,209524.390625,193188.796875,186325.40625,179945.46875,201552.625,161716.078125,233902.0,227241.171875,246738.40625,227918.53125,204769.8125,207503.40625,209787.59375,200241.234375,264427.9375,245449.609375,222988.765625,235270.109375,223359.90625,222933.078125,211145.765625,172058.46875,170568.03125,149915.765625,176671.21875,172209.78125,172942.140625,158171.34375,203329.125,214883.328125,179570.265625,190302.296875,178449.5625,172543.828125,159690.78125,170053.75,141830.203125,159075.234375,231351.75,226814.578125,234888.28125,216752.234375,180648.65625,174347.4375,162755.703125,154805.96875,208514.109375,186845.8125,249355.640625,263681.90625,294857.5625,261196.234375,187784.90625,166417.828125,259970.078125,215951.671875,252823.09375,213576.484375,167197.578125,173082.515625,201978.90625,176991.5,194443.28125,195793.4375,233927.34375,201300.9375,180517.71875,178936.703125,217429.75,202705.203125,185088.890625,149939.8125,200237.78125,184231.953125,207213.015625,217768.125,194688.015625,168926.484375,106243.5,123749.34375,213978.546875,186002.65625,243712.0625,245147.171875,236909.40625,216541.234375,215105.984375,197143.171875,172800.71875,155945.3125,264264.03125,253536.890625,181631.3125,166275.125,245018.875,168465.953125,298799.875,282255.84375,236981.765625,238298.75,249776.484375,229493.34375,183607.65625,175443.546875,197508.171875,196258.609375,205594.25,199900.53125,183600.9375,180052.8125,209906.75,195417.3125,206134.625,209587.953125,209432.90625,208472.359375,205890.125,203296.421875,201022.515625,193688.609375,234974.75,227111.078125,230824.796875,245666.109375,186613.625,176664.90625,196201.015625,182577.1875,239984.578125,243269.484375,224910.453125,216809.4375,199241.40625,187804.078125,210188.984375,232959.515625,193514.015625,206039.328125,166296.609375,164513.265625,246323.875,241357.953125,283447.65625,251327.765625,285464.84375,249468.234375,330362.875,309977.5,271611.625,277470.5625,268114.21875,267038.6875,220880.34375,210748.109375,194841.0,216718.640625,239606.3125,219111.890625,213491.5,238310.375,183604.828125,185023.8125,191144.296875,183766.78125,244370.875,231780.71875,213265.84375,192103.515625,245436.296875,241161.765625,221696.234375,229177.75,249574.96875,249591.125,281814.28125,265922.15625,211891.078125,205317.90625,224907.4375,209554.578125,171291.53125,186864.765625,189318.171875,202555.96875,219331.203125,199661.078125,224700.453125,218184.453125,177032.734375,170827.453125,209903.5,182067.875,214767.875,217106.015625,276617.84375,277014.875,261636.265625,199994.578125,151373.65625,154444.890625,166130.453125,181403.6875,132887.515625,144041.8125,341767.84375,292824.53125,140472.578125,155362.203125,238401.046875,231814.859375,182695.234375,200372.546875,214044.390625,188272.4375,273520.6875,252881.359375,244243.78125,277080.96875,249194.4375,297038.1875,318820.03125,321284.0625,219692.0,214431.34375
125,198531.890625,183460.65625,197430.84375,182914.96875,201135.5625,175637.921875,181831.546875,174423.875,176339.234375,167734.28125,221031.484375,210403.828125,218680.484375,200406.609375,249403.421875,202596.453125,225263.734375,200028.65625,251885.1875,196197.375,249001.34375,207379.0625,209829.546875,193995.34375,186406.3125,180033.609375,201887.0,161202.296875,233977.203125,227256.3125,246702.015625,227874.359375,205034.90625,207217.890625,209696.59375,200479.375,263840.46875,245133.546875,222942.953125,234810.375,223446.84375,222681.390625,210771.703125,171051.9375,170416.984375,149766.984375,177231.484375,172020.09375,172766.5,158133.765625,202896.21875,214352.390625,179568.140625,190007.453125,178379.640625,172329.296875,159478.34375,169669.828125,141381.546875,158783.4375,230661.625,226403.8125,234711.5625,216466.234375,180378.046875,174105.234375,162324.15625,154443.109375,208260.109375,187015.5625,249065.484375,262621.03125,294392.40625,260437.765625,187388.015625,166238.65625,259302.75,215502.828125,252699.71875,213018.875,168106.53125,173407.28125,202677.734375,177150.1875,194066.9375,195644.515625,234237.515625,201460.546875,181635.4375,179331.484375,218859.140625,202703.703125,185114.78125,149895.84375,201382.921875,184448.53125,207835.890625,217657.203125,195375.4375,168843.546875,107009.421875,123692.984375,213963.28125,186009.484375,244738.28125,245866.34375,237784.671875,216347.21875,214330.390625,197064.53125,172209.25,156173.46875,264703.21875,253283.0,181051.671875,166140.5,244175.375,168210.71875,299748.125,281353.84375,236637.609375,238111.875,249806.640625,229334.0625,183162.34375,175052.453125,197157.484375,196003.0,205590.125,199433.046875,183166.234375,179488.8125,209680.328125,195135.015625,205960.0,209225.234375,209207.28125,208139.9375,205859.65625,202832.03125,200586.9375,193338.984375,234830.28125,226763.59375,230600.921875,245094.890625,186539.5,176469.21875,195981.546875,182324.140625,239939.09375,242861.40625,225045.6875,216652.109375,198997.203125,187390.8125,210041.953125,232857.15625,193383.484375,205896.453125,165851.765625,163806.40625,246196.390625,240395.1875,283344.71875,250709.25,284944.9375,249271.859375,328998.0,308848.5625,270990.15625,276525.375,268062.8125,266766.78125,220926.046875,210890.21875,195332.515625,216783.390625,239262.890625,218556.6875,213498.703125,238627.828125,183785.0625,184977.59375,191167.359375,184176.015625,244022.234375,231208.546875,213694.375,192740.25,245383.90625,241034.21875,222215.34375,229449.21875,249782.625,250253.71875,281934.125,265451.5625,211953.28125,205256.546875,225206.4375,209548.921875,171705.84375,187554.140625,190136.265625,203446.390625,219437.953125,199778.28125,224658.734375,217963.71875,177439.671875,170669.546875,209619.5,182226.375,214507.59375,217479.296875,276564.5625,276759.90625,261075.046875,199194.75,151488.984375,154468.9375,165813.046875,181002.53125,132678.90625,143570.734375,341451.21875,292327.5625,140528.921875,155270.046875,239066.96875,231869.078125,182480.609375,200787.53125,214194.328125,188465.328125,274513.4375,253639.84375,244332.984375,277081.90625,249390.71875,296813.375,319276.8125,321138.40625,220093.515625,214773.875
126,198243.078125,183093.0625,197321.59375,182784.109375,202531.046875,176229.265625,181405.859375,173895.171875,175985.046875,166990.453125,220648.28125,209996.671875,218147.359375,199978.5625,249444.171875,202251.71875,225307.953125,199695.859375,251402.359375,195688.515625,248863.296875,207213.703125,209911.609375,194332.125,186146.40625,179832.21875,201035.875,160671.140625,233920.796875,226815.75,246602.8125,227870.078125,205103.0,206867.890625,209973.265625,200267.609375,263877.03125,244679.578125,222820.375,234479.296875,223214.984375,222676.65625,210582.71875,170163.5625,170511.71875,149855.609375,177125.015625,171381.359375,173649.109375,158717.515625,202570.484375,213672.5625,179383.140625,189223.5,177988.484375,171768.75,159288.875,169059.828125,140498.875,158416.328125,230323.890625,225832.859375,234236.28125,215728.8125,179949.875,173668.484375,161697.609375,153953.46875,208588.515625,189762.8125,249096.625,262781.96875,294699.09375,260676.875,187722.78125,166163.6875,260367.390625,216400.03125,253371.5625,213302.0625,168546.140625,173228.671875,202630.21875,177281.578125,193936.546875,195588.15625,234591.390625,201372.015625,181940.0,179854.25,219505.0,203468.78125,185142.9375,149774.03125,201788.59375,185213.140625,207690.0,217553.703125,195394.4375,168559.046875,107145.0625,123689.4609375,214087.953125,186589.5625,245125.6875,246334.609375,238237.203125,216502.765625,213865.265625,197636.296875,173408.890625,157447.734375,265239.09375,253265.25,182871.875,167720.8125,246041.34375,168749.5625,301848.0,282374.90625,236477.4375,237630.15625,249900.28125,228706.0,182563.34375,174140.671875,196266.78125,195328.640625,205398.671875,198972.703125,182626.234375,178635.421875,209427.75,194774.46875,205766.1875,208501.5625,208769.328125,207248.421875,205452.796875,202201.890625,199939.40625,192197.609375,234501.875,225708.296875,230419.375,244214.75,186114.296875,175949.546875,195555.921875,181861.546875,239707.921875,242246.65625,225008.6875,216233.796875,198422.84375,186615.265625,210186.546875,232692.0,193071.203125,205397.328125,165428.25,163079.234375,246240.3125,240779.0,283740.625,251204.328125,284648.59375,248882.4375,330224.3125,310890.6875,271037.3125,276884.625,268415.15625,266447.6875,220694.03125,210616.296875,195231.984375,217133.1875,238760.359375,217644.75,213924.328125,239000.53125,183209.078125,184360.90625,190988.90625,184210.453125,244514.296875,231164.40625,214158.953125,193524.6875,244959.75,240633.640625,221927.109375,229248.25,249822.578125,250575.9375,281895.59375,265366.65625,212052.828125,205017.28125,225170.625,209537.90625,171689.46875,187577.25,190268.75,204342.71875,218717.671875,199074.484375,224313.21875,217356.5,178962.3125,170903.84375,210411.6875,182370.75,215877.203125,218978.734375,276988.78125,277063.5,260906.28125,198706.6875,151395.734375,154325.5,165687.5,181034.875,132427.90625,143217.78125,341352.78125,291946.21875,140089.578125,154867.46875,240434.375,232024.578125,182590.046875,200128.25,214083.328125,188393.765625,275491.09375,254977.015625,244462.609375,276767.34375,250307.3125,297380.59375,319987.21875,320745.21875,219695.5625,214628.40625
127,197377.046875,182352.609375,196857.203125,182362.109375,201799.703125,175968.828125,181080.03125,173286.75,175486.28125,166320.515625,220198.140625,209702.359375,217803.0,199672.140625,248769.78125,201988.609375,225114.046875,199057.65625,250819.296875,195123.359375,248595.484375,206810.734375,209916.46875,194013.8125,185837.625,179393.59375,200247.984375,160395.53125,233803.484375,226438.9375,246387.234375,227800.0,204877.578125,206621.890625,209429.59375,199686.109375,264202.28125,244577.921875,222352.421875,234322.03125,222627.9375,222512.953125,210341.546875,170121.78125,170569.875,149792.484375,176759.671875,171071.78125,174568.953125,159058.390625,202412.359375,213380.90625,179307.75,188620.546875,177564.703125,171243.296875,159142.890625,168771.03125,139878.765625,158214.71875,230502.9375,225482.5,234008.546875,215182.59375,179740.0625,173359.9375,161112.078125,153476.28125,209169.625,191120.9375,248854.390625,263642.34375,295238.1875,261604.890625,188105.234375,165995.953125,261350.203125,217523.5,253744.859375,214051.4375,168060.34375,172960.125,201816.875,177328.25,194251.203125,195636.34375,234608.40625,201146.84375,181565.0,180132.625,218725.8125,203539.46875,185009.609375,149730.984375,201266.53125,185884.15625,207053.203125,217739.375,194594.046875,168613.265625,106755.4453125,124199.265625,214170.078125,187195.53125,244835.71875,246268.59375,237997.296875,216740.984375,214600.859375,198270.609375,174515.234375,158333.921875,265359.25,253680.140625,184168.03125,168918.875,247890.0,169099.296875,302770.125,284149.125,236538.953125,237434.15625,249839.796875,228095.125,182192.328125,173505.0,195685.140625,194802.46875,205277.765625,198581.84375,182491.671875,178180.625,209260.0,194434.671875,205829.109375,208011.859375,208352.65625,206497.90625,205198.1875,201871.671875,199547.359375,191415.40625,234252.75,224979.875,230428.265625,244051.40625,185429.484375,175392.0,195231.578125,181482.421875,239693.875,242260.296875,224768.171875,216006.453125,198229.046875,186231.65625,210495.265625,232443.546875,192905.234375,205016.0625,165105.90625,162876.0,246644.890625,241919.765625,283913.03125,251630.4375,284778.875,248727.234375,332730.125,313846.375,271764.5625,277805.6875,268782.84375,266328.8125,220485.875,210341.234375,194912.953125,217499.515625,238541.234375,217316.8125,213873.296875,238944.484375,182662.78125,183871.828125,190767.734375,183841.609375,244747.921875,231151.71875,214006.671875,192851.296875,245049.015625,240601.46875,221586.796875,228962.203125,250273.5,250503.15625,282121.09375,266171.375,212468.203125,205056.90625,224926.015625,209677.25,171796.03125,187078.75,190194.796875,204044.765625,218099.671875,198545.640625,224256.53125,217070.984375,179193.125,171502.359375,211064.34375,182236.578125,217277.6875,220302.953125,277570.78125,277693.5,261143.9375,199235.875,151045.53125,154037.671875,166062.015625,181471.828125,132401.78125,143164.078125,341850.25,292657.4375,139690.53125,154538.125,240473.015625,231588.796875,182384.125,199319.84375,213683.484375,187801.6875,275603.59375,255196.359375,244388.84375,276911.6875,250604.921875,297943.84375,319878.4375,320582.25,219419.40625,214005.75
128,196932.890625,182084.171875,196660.15625,182256.953125,200943.59375,175793.484375,181045.03125,173256.640625,175315.875,166473.53125,220315.359375,209935.4375,218083.84375,199892.484375,248344.40625,202035.09375,225156.796875,198799.96875,250783.46875,194878.078125,248695.4375,206692.59375,209915.875,193840.625,185641.515625,179209.796875,200664.046875,160253.71875,234144.59375,226628.484375,246493.9375,227787.0,204838.234375,206686.234375,208831.671875,199607.25,264038.875,244747.328125,222061.625,234361.03125,222410.296875,222393.65625,210372.328125,170679.546875,170248.140625,149450.140625,176750.703125,171412.140625,174361.640625,158561.21875,202537.078125,213542.140625,179427.5,188784.078125,177395.796875,171170.296875,158931.109375,168762.390625,139785.890625,158228.890625,230745.96875,225868.9375,234332.28125,215286.171875,179603.65625,173068.234375,160788.65625,153266.140625,209701.265625,190523.65625,248738.828125,263855.28125,295356.78125,262129.90625,187809.78125,165916.25,261945.203125,217910.1875,253954.609375,213858.515625,167811.828125,172802.875,202026.8125,177340.6875,194446.28125,195497.671875,234763.4375,200876.546875,181996.40625,180138.265625,218231.984375,202735.5,184933.8125,149644.15625,201280.53125,185761.03125,207138.015625,217487.34375,194488.34375,168750.15625,107009.2578125,124440.4375,214389.484375,187165.671875,244847.03125,245862.5625,237930.28125,216375.03125,215564.515625,198300.390625,175035.234375,157708.3125,265293.71875,253854.859375,184261.4375,169111.53125,247819.84375,169018.046875,302464.0,284674.6875,236732.234375,237522.421875,249765.984375,228034.09375,182108.796875,173506.453125,195717.59375,194529.640625,205143.75,198207.515625,182479.75,178183.4375,209059.109375,194039.84375,205691.3125,208044.859375,208272.453125,206450.703125,205337.203125,201786.34375,199581.59375,191573.5625,234090.0,225156.953125,230647.234375,244687.03125,185301.796875,175180.453125,195127.703125,181200.546875,239595.78125,242492.265625,224487.875,215908.421875,198443.96875,186370.25,210547.734375,232670.921875,192836.0625,205066.421875,164976.78125,162938.734375,247000.375,242462.734375,284090.6875,252114.078125,285189.59375,248931.703125,334022.28125,314743.3125,271923.03125,278385.5625,268889.375,266698.53125,220344.140625,210139.125,195062.5625,217642.484375,238870.359375,217782.171875,214402.953125,238737.375,182947.953125,184223.484375,190707.25,183429.5625,244588.375,231048.125,214023.765625,191629.171875,245493.546875,240749.21875,221628.015625,228850.34375,250653.90625,250311.546875,282191.875,266513.125,212599.046875,205083.390625,224802.0,209448.578125,171781.953125,186814.40625,190257.75,203209.9375,218522.140625,198706.3125,224372.796875,217093.46875,178785.515625,171863.15625,210904.3125,182165.8125,217752.96875,220532.125,278147.96875,277866.40625,261325.59375,199686.953125,151017.03125,153718.0625,166516.953125,181585.859375,132455.28125,143124.515625,342734.65625,293589.375,139901.703125,154538.375,239050.859375,230972.984375,181975.125,199292.890625,213750.25,187245.140625,275270.375,254501.5,244535.734375,277632.96875,250923.640625,298059.34375,320041.6875,320867.15625,219306.515625,213621.71875
129,197523.484375,182506.203125,196531.5625,182162.765625,199742.015625,174924.984375,181115.953125,173421.0625,175759.03125,167416.078125,220935.34375,210496.515625,218480.0,200235.6875,248032.265625,202014.609375,225310.421875,198863.3125,250582.78125,195248.859375,248491.75,207220.0625,209566.984375,193229.65625,185918.40625,179436.890625,201770.46875,161170.421875,234436.390625,227218.21875,246620.859375,228586.046875,204743.90625,207531.015625,209065.171875,200608.671875,263640.3125,244912.0,222074.078125,234776.8125,222640.84375,222791.0,210788.484375,172470.578125,170489.09375,149750.28125,177256.03125,171996.0625,173529.5625,158208.15625,202837.046875,214545.75,179666.71875,189220.625,177956.34375,171787.953125,159018.328125,169299.921875,140428.5,158648.0625,231048.421875,226719.90625,234990.203125,215710.71875,179636.875,173224.8125,161342.4375,153725.625,209743.8125,189788.546875,249164.9375,263849.71875,295065.0625,261963.28125,187585.125,166022.734375,261641.390625,217668.03125,253762.6875,213236.875,166979.65625,172588.734375,202277.28125,177372.15625,193981.765625,195245.625,234585.1875,200931.078125,181149.671875,179688.96875,217909.75,202512.234375,185091.859375,149983.859375,200673.125,184920.375,206968.6875,217260.078125,194429.375,168949.28125,106796.4453125,123951.515625,214436.203125,186732.421875,244790.203125,245397.609375,237730.484375,216098.046875,215899.65625,197790.78125,174119.171875,156792.78125,264842.34375,253664.71875,184011.53125,168545.796875,247705.65625,168911.078125,300929.625,283819.34375,236906.203125,237459.296875,249574.734375,228503.875,182750.109375,174463.03125,196408.125,195294.140625,205272.015625,198835.015625,182880.171875,178951.265625,209350.25,194458.125,205799.71875,208466.640625,209002.46875,207308.71875,205900.171875,202254.75,200532.15625,192363.28125,234206.859375,225833.765625,230988.75,245139.140625,185779.765625,175696.078125,195548.109375,181563.765625,239615.171875,242824.484375,224742.0,216105.546875,199053.5625,186840.09375,210749.21875,233133.25,193194.78125,205348.0625,165567.65625,163443.578125,246767.8125,242346.4375,284495.09375,252817.234375,285365.46875,249149.640625,333122.375,313233.0625,271553.28125,278561.40625,268768.15625,267057.21875,220632.859375,210335.09375,195020.28125,217536.171875,239410.84375,218729.796875,214745.390625,238881.734375,183728.796875,185150.1875,190760.09375,183383.296875,244778.078125,231471.0,214196.4375,190445.34375,245654.78125,240626.765625,221469.015625,228761.03125,249973.609375,249970.0625,281791.8125,266080.0,212362.390625,205194.5625,224716.59375,209051.34375,171176.828125,186592.125,189704.59375,202610.578125,219390.6875,199366.515625,224837.78125,217688.65625,178713.515625,171411.5,211084.703125,181964.328125,217104.515625,219409.421875,277986.90625,277431.0625,261824.1875,200143.234375,151392.078125,153818.28125,166547.65625,181380.265625,132473.4375,143402.71875,343367.75,293929.40625,140294.71875,154774.703125,238346.984375,231218.71875,182254.171875,199918.59375,214290.984375,187305.96875,274888.09375,254012.390625,244687.421875,277432.125,250674.71875,297676.15625,320330.375,321441.34375,219331.453125,213835.53125
130,198075.4375,182830.625,196296.234375,181835.65625,198357.359375,173591.171875,181207.828125,173377.125,176215.484375,167973.296875,221280.921875,210608.4375,218479.09375,200220.09375,247789.921875,201804.734375,225254.875,198876.40625,250028.84375,196109.703125,247770.6875,207815.3125,208985.71875,192138.40625,186238.0625,179561.78125,202052.28125,162553.75,233965.5,227310.546875,246209.703125,229354.640625,204209.890625,208308.546875,209312.265625,201451.546875,263606.71875,245033.375,221762.96875,235072.703125,222949.828125,223284.609375,211114.390625,174424.65625,171169.109375,150648.65625,177679.171875,172467.96875,173395.40625,158721.328125,203043.546875,215670.4375,179671.484375,189139.625,178666.65625,172345.421875,159360.359375,169945.828125,141047.625,159022.78125,231186.453125,226890.21875,235143.765625,215761.359375,179905.4375,173933.9375,162179.921875,154302.265625,209262.203125,189843.125,249304.359375,263751.28125,295023.25,261937.203125,187936.421875,166177.046875,260469.921875,217644.1875,253504.046875,213504.984375,165702.140625,172507.0,201861.3125,177497.234375,193560.5,195314.15625,234272.21875,201422.796875,178939.71875,179116.96875,217498.953125,202675.421875,184793.3125,150311.40625,199385.828125,184037.796875,206119.578125,217596.65625,193799.71875,169238.65625,106026.875,123410.390625,213780.140625,186464.265625,244537.953125,245847.609375,237357.203125,216517.875,215299.40625,197308.203125,172175.625,156788.59375,264184.375,253539.5,183134.84375,167703.21875,247855.421875,168730.953125,299873.6875,282638.9375,236917.171875,237470.046875,249439.984375,228910.953125,183699.28125,175560.953125,197057.140625,196274.796875,205581.015625,199973.875,183512.921875,179995.21875,209953.921875,195376.203125,206315.890625,208676.421875,209724.453125,208026.59375,206246.765625,202863.78125,201295.796875,192865.3125,234611.953125,226171.921875,230992.125,244747.6875,186185.03125,176277.71875,196148.875,182359.953125,240008.34375,243263.0625,225195.453125,216421.09375,199496.265625,187101.765625,211044.78125,233049.328125,193697.828125,205451.890625,166228.734375,164067.15625,246272.375,241732.671875,284808.59375,253054.15625,285239.75,249234.421875,332165.4375,312416.1875,271838.71875,278304.21875,268628.25,266995.5625,221149.546875,210760.15625,194672.59375,217175.09375,239577.609375,219168.890625,213775.0,239234.671875,184039.828125,185539.6875,190799.078125,183720.484375,244846.140625,231978.359375,213959.453125,190037.21875,246184.21875,241114.53125,221416.09375,229056.09375,249614.46875,250248.515625,281977.71875,266509.96875,212353.953125,205507.296875,224849.65625,209079.46875,170676.765625,186299.78125,188875.734375,202512.578125,219826.5,200011.453125,225485.265625,218457.75,178711.125,171003.71875,211546.234375,181629.546875,216429.71875,218578.078125,277047.53125,277193.15625,262137.546875,200563.40625,151546.515625,154251.296875,166339.953125,181466.34375,132540.1875,143924.984375,343196.53125,293597.03125,140385.609375,154933.625,239356.671875,231702.265625,182688.65625,200796.234375,214177.625,187889.5,274638.28125,254098.875,244158.0625,276341.875,249231.9375,296849.96875,319264.09375,321415.59375,219942.3125,214306.28125
131,197777.375,182712.984375,196484.09375,181872.625,199075.9375,173890.53125,181404.796875,173575.421875,175858.140625,167338.4375,220993.5,210242.46875,218361.375,200170.90625,248387.515625,201719.109375,225050.21875,198702.09375,250280.765625,196459.34375,247787.5625,207884.734375,209050.171875,192222.34375,186031.96875,179474.328125,201435.1875,162475.65625,233394.046875,226606.59375,245918.5625,229053.46875,203883.375,207772.203125,209259.296875,201023.0625,263728.46875,244755.265625,221294.234375,234615.078125,223209.5625,223178.875,211151.875,173911.96875,171087.5,150824.75,177466.046875,172447.9375,173867.625,159048.609375,202922.15625,215280.015625,179289.5625,188700.171875,178378.9375,172068.953125,159396.625,169733.9375,140671.640625,158775.09375,230788.53125,226050.3125,234519.53125,215131.375,179866.265625,173975.234375,161914.40625,154010.453125,209282.890625,191112.15625,248638.203125,263086.8125,294951.21875,261828.703125,188028.734375,166013.34375,260192.984375,218053.578125,253775.515625,213903.9375,165955.90625,172527.59375,201836.59375,177527.6875,193910.140625,195329.34375,234468.8125,201518.90625,179184.109375,179305.359375,217947.765625,202525.34375,184688.859375,150093.390625,199520.859375,184084.484375,206164.671875,217654.984375,193765.90625,169182.84375,106241.046875,123405.046875,213743.625,186681.875,244479.734375,246561.765625,237580.21875,216847.578125,214809.75,197307.1875,172811.421875,157269.5,264483.375,253875.5,183075.96875,167796.765625,247617.171875,168552.328125,301232.75,283177.59375,236725.5625,237388.453125,249406.578125,228450.875,183642.5,175391.328125,196823.359375,195792.625,205534.65625,199791.09375,183378.78125,180043.703125,209958.84375,195300.359375,206199.140625,208353.5625,209292.3125,207648.875,205878.140625,202600.171875,200589.28125,192486.703125,234637.828125,225716.609375,230550.375,243845.734375,186213.328125,176237.984375,196009.1875,182370.953125,240053.4375,243182.359375,225016.796875,216321.125,199136.609375,186793.25,210802.953125,232470.5,193591.171875,205188.953125,165947.359375,163962.28125,246037.125,240989.640625,284242.90625,252484.03125,284784.875,249039.71875,332294.1875,313771.65625,272292.125,277729.96875,268541.0625,266433.53125,221002.625,210595.640625,194535.484375,216889.640625,239241.359375,218549.875,212939.125,239347.53125,183312.53125,184824.25,190654.5,183799.609375,244503.734375,231909.265625,213780.21875,190500.59375,246648.140625,241788.484375,221816.921875,229741.359375,250613.953125,250948.921875,282519.46875,267266.9375,212441.203125,205413.953125,225127.703125,209278.515625,170901.671875,186604.375,188845.875,202924.28125,219678.8125,200043.109375,225356.234375,218287.609375,178739.421875,171610.984375,211477.15625,181599.40625,216907.9375,219755.140625,276492.5,277576.4375,261491.28125,199720.671875,151179.59375,154173.828125,166280.328125,181747.96875,132451.25,143884.703125,342516.96875,292697.125,140166.28125,154676.3125,239793.328125,231289.265625,182373.453125,200659.765625,213565.765625,188052.96875,274086.25,253864.515625,243541.5625,276002.09375,248386.578125,296482.34375,318389.75,320569.9375,219970.359375,214242.75
132,197547.828125,182802.734375,197050.0625,182430.9375,201367.953125,175498.796875,181484.203125,174037.5625,175156.90625,166393.40625,220788.609375,210206.3125,218623.6875,200607.359375,249543.078125,201924.171875,225001.25,198646.15625,251464.21875,196227.359375,248791.25,207873.625,209789.140625,193296.0,185716.140625,179559.828125,201204.890625,161457.46875,233456.15625,226256.140625,246253.78125,228563.75,204125.09375,206853.359375,209155.515625,200256.625,263746.875,244336.84375,221203.375,234063.84375,223267.28125,222983.421875,210751.046875,171787.796875,170502.921875,150199.53125,176841.03125,171864.671875,174206.765625,158796.578125,202675.53125,214097.03125,179046.109375,188644.3125,177729.28125,171600.015625,159277.75,169241.609375,140260.484375,158416.796875,230312.984375,225394.5625,233931.765625,214724.140625,179565.0625,173245.609375,161104.03125,153379.953125,209591.8125,192411.0625,247939.03125,262480.90625,294318.5625,261054.765625,187495.546875,165605.4375,259883.1875,218215.578125,253429.96875,213501.546875,167019.609375,172578.125,201733.734375,177256.828125,194335.734375,195094.71875,234567.5,201027.3125,181256.515625,179865.359375,218886.75,202652.546875,184969.5,149708.359375,200601.390625,184724.015625,206941.28125,217499.75,194335.328125,169104.65625,106877.109375,123785.3671875,214555.6875,186948.234375,244489.546875,246429.078125,237953.96875,216774.515625,215019.6875,197561.953125,175464.90625,157351.734375,265439.0,254242.671875,184587.0625,168386.203125,248162.84375,168350.0,302555.625,285157.125,236506.078125,236981.546875,249417.421875,227790.078125,182707.015625,174592.5,196311.046875,194908.78125,205411.59375,198987.40625,182827.015625,179412.921875,209503.890625,194654.265625,205540.640625,208040.421875,208493.65625,206903.359375,205434.796875,202101.796875,199517.609375,191876.40625,234225.203125,225144.171875,230229.640625,243494.703125,185889.59375,175852.015625,195386.25,181796.453125,239731.171875,242778.140625,224432.578125,215944.203125,198603.6875,186521.75,210355.90625,232080.8125,193199.21875,205126.390625,165423.515625,163384.578125,246145.65625,240798.171875,283262.875,251932.53125,284252.3125,248627.484375,332150.125,315076.4375,271932.75,277385.03125,268325.375,265780.0,220259.703125,209957.1875,194517.359375,217133.8125,238970.859375,217939.078125,212483.203125,238963.859375,182322.5625,184041.265625,190254.296875,183368.0625,244502.109375,231857.84375,214037.6875,191153.75,246379.625,241628.765625,222104.390625,230087.9375,251165.75,251087.15625,282464.46875,267053.875,212364.21875,205011.875,225168.1875,209524.1875,171329.796875,187238.421875,189339.171875,203527.03125,219039.625,199444.578125,224782.0625,217645.390625,178933.65625,172634.625,211406.640625,181931.171875,217743.859375,221159.3125,276743.5625,277998.5,261051.9375,199058.984375,150825.234375,153759.65625,166359.5625,181996.84375,132284.5,143606.828125,342211.90625,292449.1875,139888.671875,154372.59375,239409.234375,230758.546875,181885.28125,199716.140625,213423.453125,187506.65625,274118.1875,253825.53125,243508.984375,276588.46875,248816.890625,297049.78125,319055.71875,320217.8125,219666.609375,213695.0
133,197749.953125,183058.84375,197089.453125,182510.25,202032.28125,175803.21875,181308.390625,174042.84375,175312.046875,166470.875,221024.03125,210426.15625,218607.625,200742.6875,249602.296875,202084.546875,225199.390625,198954.046875,251139.140625,196086.21875,248955.78125,207769.328125,209902.515625,193282.265625,185508.5625,179596.84375,201327.21875,161208.484375,233563.5625,226847.828125,246270.4375,228211.171875,204128.046875,206785.484375,208706.0625,199807.0625,263645.15625,244447.046875,221179.53125,234363.390625,222987.15625,223246.53125,210046.5,171400.9375,170349.375,150057.03125,176443.703125,171439.25,174544.75,158978.203125,202632.203125,214111.859375,179204.671875,189111.296875,177949.515625,171615.859375,159346.984375,169346.125,140944.0,158524.984375,230329.984375,225701.078125,233922.4375,215358.546875,179610.046875,173044.859375,161194.0625,153512.3125,209265.9375,192637.15625,247974.09375,262655.78125,294179.15625,260838.890625,187093.75,165693.84375,259030.515625,218538.21875,252644.640625,213226.515625,166917.203125,172583.984375,201153.625,177047.40625,194278.53125,195184.234375,234345.28125,200871.296875,181066.90625,179770.875,219213.953125,203038.953125,183941.46875,149121.71875,200595.921875,184585.171875,207086.484375,217651.546875,194490.125,169402.078125,106749.1640625,123906.6484375,214134.984375,186775.53125,244594.5625,246462.3125,237785.03125,216829.265625,214680.515625,197649.296875,176042.046875,157088.9375,265896.78125,254216.171875,185623.46875,168416.21875,250084.546875,168148.90625,302265.96875,286315.28125,236438.875,236831.40625,249751.375,228205.28125,182331.953125,174567.421875,196352.921875,195002.921875,205330.15625,199094.078125,182844.765625,179325.78125,209229.046875,194650.59375,205249.90625,208148.34375,208482.171875,206576.671875,205468.28125,202356.25,199492.21875,191828.875,234042.953125,225274.296875,230377.109375,244268.546875,185551.671875,175628.375,195255.4375,181713.546875,239685.046875,242722.453125,224112.015625,215726.359375,198585.75,186696.546875,210365.953125,232236.875,193025.9375,205477.15625,165602.875,163204.453125,246382.34375,241114.265625,283613.0,252892.03125,284431.90625,248580.515625,333161.0,316543.375,271527.78125,277568.78125,268139.84375,265729.5,219886.0,209775.78125,194669.0,217607.359375,239075.171875,218257.015625,211819.359375,238645.328125,182351.578125,184251.296875,189928.546875,183052.96875,244880.421875,232127.8125,214218.46875,192072.046875,246092.875,241380.609375,221825.46875,229581.171875,250576.0625,250961.5625,282193.4375,266626.625,212077.828125,204695.34375,224918.71875,209747.1875,171010.234375,186886.4375,189337.46875,203894.40625,218387.578125,198666.75,224511.765625,217392.75,179713.4375,173045.90625,211876.765625,182393.328125,218335.921875,220947.015625,277355.625,277993.6875,261577.171875,200341.578125,151004.15625,153966.75,166376.75,182395.3125,132542.5625,143922.125,342529.6875,293530.5625,140024.9375,154747.265625,240331.03125,231292.59375,181930.5625,199879.90625,213424.203125,187122.59375,275639.21875,255067.0,243641.390625,276792.71875,249519.78125,297455.53125,319669.78125,320831.71875,220501.640625,213558.03125
134,197855.078125,182977.09375,196725.484375,182135.6875,200845.84375,174932.5625,181206.28125,173682.453125,175983.203125,167198.5625,221120.078125,210364.25,218250.859375,200304.328125,248748.0625,202094.90625,225330.28125,199302.140625,249923.765625,196069.078125,248257.859375,207467.484375,209410.890625,192651.8125,185503.9375,179499.140625,201272.484375,161584.171875,233558.78125,227348.0625,246006.40625,227945.953125,204033.09375,207202.15625,208593.890625,199787.203125,263610.90625,244874.484375,221347.546875,235029.875,222869.90625,223441.609375,210038.890625,172426.703125,170614.984375,150437.734375,176615.828125,171614.359375,174602.390625,159281.5625,202871.984375,214838.3125,179412.0625,189493.59375,178450.1875,171906.6875,159441.0,169649.71875,141654.625,158794.34375,230623.671875,226236.859375,234271.171875,216132.140625,179938.609375,173485.234375,161873.359375,154112.328125,208787.609375,191578.796875,248560.28125,263338.34375,294776.46875,261514.484375,187322.96875,166205.96875,259127.53125,218573.078125,252757.75,213602.875,166531.875,172596.234375,201171.234375,177177.359375,194194.328125,195593.046875,234292.921875,201190.03125,179644.953125,179383.96875,218802.984375,203206.65625,183047.328125,148909.609375,200019.046875,184190.140625,206832.015625,217791.546875,194343.515625,169474.484375,106370.5234375,123700.6796875,213136.359375,186462.984375,244642.546875,246679.28125,237412.65625,216913.875,214110.515625,197604.8125,174597.984375,156929.34375,265469.21875,253925.859375,184877.265625,168143.671875,250249.59375,168320.640625,301476.09375,285569.59375,236530.609375,237274.84375,250043.453125,228966.6875,182775.0625,174945.203125,196678.96875,195486.625,205214.03125,199521.859375,183156.265625,179568.984375,209311.125,195006.375,205479.5625,208505.046875,208894.484375,206851.375,205677.296875,202801.296875,200105.140625,192202.921875,234244.8125,225838.28125,230702.984375,245149.53125,185641.0,175726.09375,195577.25,182007.1875,239829.328125,242901.046875,224293.359375,215880.703125,198773.453125,186961.015625,210582.734375,232651.125,193043.984375,205695.515625,165996.484375,163490.890625,246523.1875,241453.96875,284546.59375,253742.3125,285005.84375,248935.421875,334175.0,316498.15625,271603.0,277847.1875,268211.28125,266263.375,220170.21875,210145.140625,194906.234375,217648.53125,239254.1875,218723.0,212055.296875,238709.140625,183082.046875,184847.828125,190160.203125,183276.03125,245049.4375,232183.296875,214051.5625,192706.421875,246013.59375,241437.125,221434.859375,228971.171875,250049.015625,250803.8125,282109.53125,266490.40625,211858.09375,204629.6875,224729.03125,209694.578125,170529.6875,186222.484375,189100.375,203800.640625,218442.265625,198520.1875,224506.734375,217487.796875,180050.4375,172502.265625,211840.734375,182532.953125,218030.234375,219827.921875,277556.9375,277684.1875,262039.984375,201242.1875,151338.703125,154429.375,166299.84375,182467.0625,132925.015625,144233.96875,342690.8125,294117.1875,140340.671875,155277.59375,241008.890625,232077.375,182246.15625,200553.515625,213416.015625,187406.84375,276298.8125,255700.765625,243787.5,276579.75,249887.109375,297314.15625,319518.75,321314.0625,220942.734375,213914.890625
135,197971.3125,182795.5625,196799.03125,182335.375,200034.265625,174839.9375,181358.5625,173632.734375,176128.515625,167524.40625,220857.359375,210196.65625,218595.484375,200281.90625,248632.0625,202256.265625,225238.328125,199427.65625,250942.9375,196059.828125,248443.375,207515.578125,209510.5,193178.203125,186064.640625,179693.40625,201489.15625,161724.875,234087.234375,227093.75,246518.125,228336.359375,204801.0625,207583.75,209756.671875,200608.140625,264078.34375,245262.34375,222335.625,235200.03125,223400.171875,223223.234375,211109.671875,172414.0625,170937.703125,150389.765625,177257.8125,172101.09375,173811.921875,158766.4375,203405.046875,214871.21875,179497.46875,189449.578125,178331.921875,172230.25,159459.484375,169702.359375,141277.625,158880.859375,230875.328125,226359.359375,234721.125,216132.046875,180243.90625,173912.796875,162222.921875,154452.6875,208586.6875,188787.1875,249296.15625,263970.71875,294969.46875,261827.65625,187971.890625,166455.15625,259661.21875,216826.875,253287.875,213948.234375,167360.28125,172993.453125,201976.140625,177400.328125,194295.0,195873.65625,234388.53125,201341.234375,180122.40625,179407.171875,218044.625,203316.34375,184751.390625,149906.953125,200297.734375,184742.578125,206848.671875,217847.875,194473.28125,169028.4375,106404.328125,123718.328125,213566.359375,186289.90625,244304.78125,245909.953125,237155.75,216711.4375,214521.421875,197469.8125,173097.328125,156744.609375,264193.34375,253380.9375,182792.109375,167636.984375,246092.328125,168714.640625,300164.8125,282713.65625,236729.3125,238068.546875,249745.703125,228905.03125,183298.171875,174975.515625,196896.3125,195863.609375,205507.6875,199583.875,183253.75,179458.5,209730.75,195182.453125,206096.25,208906.765625,209166.25,207755.78125,205793.25,202838.9375,200569.921875,192582.59375,234616.390625,226256.5625,230874.21875,245070.9375,186139.921875,176008.9375,195889.125,182195.296875,239891.734375,242977.671875,224885.9375,216404.921875,198844.25,187137.59375,210513.3125,232971.6875,193298.109375,205681.75,165988.0625,163808.78125,246489.15625,241529.1875,284253.5,251839.1875,285243.96875,249199.1875,331023.8125,310971.875,271537.65625,277645.84375,268350.125,266958.3125,220675.890625,210538.1875,194849.59375,217196.90625,239407.515625,218534.421875,213623.203125,238572.53125,183558.875,185015.421875,190997.015625,183860.671875,244906.984375,231880.0,213787.0625,192286.890625,245814.546875,241275.625,221540.203125,229230.53125,249819.71875,250232.765625,282094.1875,266243.96875,212181.125,205096.765625,224970.609375,209563.828125,171127.78125,186808.53125,189453.21875,203405.46875,219222.328125,199450.0625,224812.078125,217914.109375,178438.453125,171202.578125,210461.65625,182149.03125,215909.71875,218451.546875,276961.9375,277269.1875,261838.21875,199783.96875,151345.375,154329.34375,166239.0,181609.40625,132738.6875,143789.359375,342209.9375,292953.96875,140180.484375,155071.03125,239379.671875,232049.625,182477.25,200292.25,213973.28125,188215.40625,274574.125,254268.65625,244252.390625,277031.9375,249879.8125,297429.625,319370.09375,321153.5,219741.734375,214353.984375
