time,ROI_001,ROI_002,ROI_003,ROI_004,ROI_005,ROI_006,ROI_007,ROI_008,ROI_009,ROI_010,ROI_011,ROI_012,ROI_013,ROI_014,ROI_015,ROI_016,ROI_017,ROI_018,ROI_019,ROI_020,ROI_021,ROI_022,ROI_023,ROI_024,ROI_025,ROI_026,ROI_027,ROI_028,ROI_029,ROI_030,ROI_031,ROI_032,ROI_033,ROI_034,ROI_035,ROI_036,ROI_037,ROI_038,ROI_039,ROI_040,ROI_041,ROI_042,ROI_043,ROI_044,ROI_045,ROI_046,ROI_047,ROI_048,ROI_049,ROI_050,ROI_051,ROI_052,ROI_053,ROI_054,ROI_055,ROI_056,ROI_057,ROI_058,ROI_059,ROI_060,ROI_061,ROI_062,ROI_063,ROI_064,ROI_065,ROI_066,ROI_067,ROI_068,ROI_069,ROI_070,ROI_071,ROI_072,ROI_073,ROI_074,ROI_075,ROI_076,ROI_077,ROI_078,ROI_079,ROI_080,ROI_081,ROI_082,ROI_083,ROI_084,ROI_085,ROI_086,ROI_087,ROI_088,ROI_089,ROI_090,ROI_091,ROI_092,ROI_093,ROI_094,ROI_095,ROI_096,ROI_097,ROI_098,ROI_099,ROI_100,ROI_101,ROI_102,ROI_103,ROI_104,ROI_105,ROI_106,ROI_107,ROI_108,ROI_109,ROI_110,ROI_111,ROI_112,ROI_113,ROI_114,ROI_115,ROI_116,ROI_117,ROI_118,ROI_119,ROI_120,ROI_121,ROI_122,ROI_123,ROI_124,ROI_125,ROI_126,ROI_127,ROI_128,ROI_129,ROI_130,ROI_131,ROI_132,ROI_133,ROI_134,ROI_135,ROI_136,ROI_137,ROI_138,ROI_139,ROI_140,ROI_141,ROI_142,ROI_143,ROI_144,ROI_145,ROI_146,ROI_147,ROI_148,ROI_149,ROI_150,ROI_151,ROI_152,ROI_153,ROI_154,ROI_155,ROI_156,ROI_157,ROI_158,ROI_159,ROI_160,ROI_161,ROI_162,ROI_163,ROI_164,ROI_165,ROI_166,ROI_167,ROI_168,ROI_169,ROI_170,ROI_171,ROI_172,ROI_173,ROI_174,ROI_175,ROI_176,ROI_177,ROI_178,ROI_179,ROI_180,ROI_181,ROI_182,ROI_183,ROI_184,ROI_185,ROI_186,ROI_187,ROI_188,ROI_189,ROI_190,ROI_191,ROI_192,ROI_193,ROI_194,ROI_195,ROI_196,ROI_197,ROI_198,ROI_199,ROI_200,ROI_201,ROI_202,ROI_203,ROI_204,ROI_205,ROI_206,ROI_207,ROI_208,ROI_209,ROI_210,ROI_211,ROI_212,ROI_213,ROI_214,ROI_215,ROI_216,ROI_217,ROI_218,ROI_219,ROI_220,ROI_221,ROI_222,ROI_223,ROI_224,ROI_225,ROI_226,ROI_227,ROI_228,ROI_229,ROI_230,ROI_231,ROI_232,ROI_233,ROI_234,ROI_235,ROI_236,ROI_237,ROI_238,ROI_239,ROI_240,ROI_241,ROI_242,ROI_243,ROI_244,ROI_245,ROI_246
1,1763851.375,1657317.625,1824743.5,1682185.625,1769825.75,1641980.0,1728866.25,1692856.75,1763490.625,1689864.5,1832692.75,2059260.625,1753481.625,1795506.25,2011619.0,1872682.125,1806757.5,1745574.0,2102224.5,1820282.125,1817919.625,1703968.875,1677684.25,1513179.5,1816216.375,1588001.5,1591714.5,1442991.875,2083176.5,1900777.0,1874255.0,1678896.25,1623797.625,1571525.5,1673846.75,1595378.625,1658407.125,1534147.875,1762904.375,1867671.125,1682703.125,1911610.5,1520936.625,1282811.5,1263783.125,1195567.5,1384737.0,1490744.375,1447655.375,1319385.25,1540388.625,1532697.25,1682594.5,1520178.5,1671081.625,1823482.75,1762771.875,1603874.375,1422365.25,1580825.5,1468798.0,1454424.0,1782141.125,1840539.25,1618727.125,1648849.125,1539624.5,1642322.25,1499284.125,1543461.375,1915086.25,1721106.25,1807082.125,1696000.0,1555227.25,1235108.875,1936910.25,1681279.0,1596501.0,1757341.875,1206776.375,1277381.625,1394939.875,1409885.25,1504370.875,1431788.875,1564540.0,1519234.625,1246371.0,1340931.75,1524633.125,1403796.625,1304944.75,1196711.75,1467248.25,1340240.625,1489292.875,1543961.125,1507772.5,1450583.125,1173190.0,1134143.25,1491970.75,1347956.875,1662268.25,1749349.75,1568862.125,1536047.75,1467101.5,1478829.125,1419239.75,1291231.125,1835409.5,1701384.5,1417709.875,1384996.125,1530020.75,1391042.375,1896225.625,1979270.5,2011169.875,1796282.75,1927762.125,1844483.875,1857162.625,1964627.0,1866153.75,1972009.375,2057592.125,2052684.875,1932703.125,1890376.625,1958957.875,2130391.0,1530998.625,1461225.875,1915672.125,1853880.375,2033755.5,2040372.375,1623512.375,1572977.25,1861824.5,1798591.0,1786015.375,1634639.75,1860839.25,1984927.875,1936558.5,1798463.0,2043302.5,1901142.75,1921406.375,2015344.625,1764024.5,1761849.25,1499968.375,1487743.875,1983802.25,1731783.375,1839273.375,1698227.625,1726926.75,1683946.75,1818951.375,1672784.5,1645852.625,1392553.125,2138232.0,2021049.375,1683918.5,1570150.75,1611059.5,1433403.75,1942979.25,1984154.625,1603853.125,1827169.375,1751673.625,1971498.625,1806860.875,1713032.75,1699813.375,1834404.625,1880532.625,1915532.0,1837016.5,2010266.875,1697868.5,1719087.625,2003987.75,2037105.875,1739372.5,1895791.875,1846462.5,1809811.75,2005591.625,2061877.25,1748724.875,1642659.125,1643122.375,1555502.0,1353117.625,1381971.875,1428705.0,1484116.0,1715893.875,1647737.125,1937993.5,2005182.25,1038261.625,1068035.75,1235462.875,1194733.75,1344811.875,1249301.625,1895702.0,1626247.5,2150870.5,1802434.25,1371787.875,1374301.25,1588076.375,1669445.25,1384982.625,1414043.625,2681701.0,2259068.75,1422758.75,1329784.125,2289960.5,2314210.75,1424195.625,1693465.0,1728915.125,1623396.875,2775918.25,2321389.75,2156721.75,2326227.25,2395306.25,2667401.0,3000699.0,2938495.0,1636331.125,2180564.75
2,1771059.875,1670037.625,1824588.25,1690433.875,1773054.5,1650851.875,1731719.625,1700451.0,1770502.25,1697878.75,1835168.0,2066258.875,1756889.625,1803952.375,2012798.125,1880437.375,1807465.5,1750447.375,2104431.25,1828402.0,1818202.125,1714223.5,1677085.625,1528231.5,1818854.625,1595085.5,1586415.875,1439511.5,2085254.625,1905056.625,1876451.5,1691537.625,1625917.0,1582606.125,1681872.75,1605148.125,1661950.875,1534217.75,1766519.625,1870528.25,1681647.25,1912557.25,1525226.5,1273056.5,1261315.0,1192073.25,1381794.375,1490599.625,1448278.125,1316547.125,1543726.625,1529435.5,1684915.75,1525106.125,1672447.125,1830355.625,1768707.125,1607849.75,1425230.375,1579681.75,1468600.75,1454560.125,1782987.75,1842167.0,1620176.0,1649579.875,1545716.25,1645159.5,1488722.75,1535341.5,1916739.875,1721496.5,1802587.25,1693531.0,1561734.875,1234228.125,1939585.875,1672127.375,1597707.375,1748740.0,1215257.5,1275793.25,1400318.875,1402367.625,1515851.625,1428607.625,1566577.875,1515274.0,1252745.375,1336768.0,1526889.875,1399413.75,1306923.5,1187215.5,1474878.75,1334772.0,1499426.0,1540911.625,1513461.25,1445806.375,1175339.875,1129347.375,1491148.125,1343613.375,1659442.125,1745215.25,1566575.25,1532588.25,1464285.25,1475737.875,1417376.125,1280749.0,1832580.5,1700293.25,1409573.5,1375654.375,1518073.5,1391970.25,1893451.0,1959649.375,2016752.625,1793690.75,1932283.375,1847614.875,1852758.75,1964573.625,1863926.625,1973282.625,2063718.375,2058235.75,1929510.375,1892908.25,1961182.75,2134145.75,1536721.25,1461232.75,1918821.375,1857803.125,2038887.125,2043747.5,1625462.625,1577676.25,1868797.625,1804448.75,1789215.25,1637357.125,1853816.0,1980149.625,1940332.875,1800059.0,2045459.5,1902395.875,1925963.0,2019455.375,1767696.125,1767566.125,1500155.625,1485898.75,1989744.875,1734919.0,1840774.25,1701986.375,1723174.875,1686536.0,1812483.375,1671115.375,1644181.0,1392656.375,2130433.5,2011845.75,1679977.75,1569523.375,1610090.0,1432756.0,1948971.625,1989627.5,1603071.5,1825534.0,1752990.25,1970047.875,1804807.125,1713817.125,1699753.25,1838990.125,1884512.875,1919938.125,1837753.875,2013547.625,1692019.375,1717054.125,1997647.625,2034200.5,1746148.125,1895330.25,1841294.75,1804471.875,2003297.0,2059799.75,1751589.625,1639996.0,1644472.25,1551797.875,1353899.875,1379278.0,1429820.625,1479278.0,1708687.375,1653565.125,1939845.75,2011813.25,1034458.75,1070901.25,1231900.625,1198528.75,1338968.625,1245963.75,1891287.0,1620049.25,2150421.75,1806992.75,1371320.5,1374136.875,1589381.125,1669992.625,1382349.0,1416382.0,2678603.5,2258152.25,1419378.375,1329840.375,2265906.25,2312047.75,1427919.125,1690742.25,1726508.875,1622199.625,2751256.5,2306801.5,2152392.25,2318025.75,2387530.5,2657371.75,2994386.25,2930704.0,1635568.5,2175702.25
3,1765723.5,1663901.625,1824277.625,1688033.25,1769066.875,1650164.25,1728640.0,1695537.375,1765186.25,1693089.75,1832923.25,2063483.0,1755435.0,1802219.5,2011686.5,1878861.0,1805381.875,1748487.25,2101755.5,1827374.5,1815255.0,1709652.125,1675720.75,1525448.0,1816593.5,1592136.625,1586552.0,1439700.75,2084842.625,1901286.625,1874658.75,1687920.75,1623689.125,1580953.875,1678840.125,1603423.5,1659771.5,1532934.125,1761908.125,1869226.5,1679627.625,1907752.25,1524188.625,1268873.125,1258886.375,1188462.125,1383084.625,1498413.125,1448624.375,1317983.25,1542457.25,1524769.25,1684405.125,1526322.5,1671627.25,1826913.0,1768748.25,1605896.75,1422158.75,1576901.5,1466179.625,1454661.5,1783274.75,1840936.625,1620824.5,1650527.75,1544506.875,1640210.875,1488341.75,1532942.375,1915150.875,1719689.25,1800218.125,1690650.125,1561589.625,1232839.875,1937343.375,1666824.25,1595793.25,1745016.125,1212835.25,1275311.0,1400328.375,1401659.5,1512797.875,1427278.75,1566735.75,1514596.0,1252261.75,1339114.75,1526182.0,1401876.75,1304356.0,1186509.5,1474383.375,1337526.0,1496656.375,1541626.0,1510415.0,1445757.375,1175319.25,1130791.125,1490485.875,1344258.625,1662979.75,1747855.125,1567814.25,1533467.0,1461894.625,1477011.375,1418146.375,1284693.625,1833610.25,1698773.875,1409098.0,1376997.0,1516203.375,1387913.125,1895249.0,1963877.75,2019073.375,1793490.625,1931041.875,1846387.5,1854885.75,1964526.25,1864918.125,1976827.875,2064072.375,2054577.875,1929924.75,1892573.5,1964187.125,2135126.75,1538042.125,1462121.875,1914152.875,1857970.25,2037181.375,2039611.75,1621464.0,1574761.75,1865679.125,1803127.25,1787513.0,1637084.75,1851614.875,1979621.5,1940409.875,1798253.0,2043660.625,1902370.875,1928933.375,2023666.5,1768163.125,1767077.0,1499470.375,1485454.0,1989287.0,1733533.25,1841297.625,1700620.5,1722035.0,1686311.875,1810743.5,1668213.0,1642771.0,1393143.625,2133523.5,2010389.375,1679998.875,1569875.25,1610126.375,1434683.375,1949618.75,1989237.625,1599386.375,1822142.0,1750774.5,1965043.125,1809333.5,1716689.75,1698531.5,1836437.125,1884570.25,1921103.625,1834685.5,2008994.5,1695557.5,1718153.5,1998226.5,2034547.375,1747106.25,1893905.25,1844816.625,1808476.125,2005882.125,2061607.875,1754075.125,1644593.375,1645810.25,1555992.75,1353053.375,1378967.125,1431054.125,1482443.25,1709392.625,1655021.625,1943037.5,2012110.0,1032596.0,1070512.125,1231741.75,1197634.0,1340175.375,1247163.5,1893627.5,1622705.5,2152557.0,1811292.75,1372586.5,1376206.375,1591352.625,1675053.5,1383298.875,1417333.0,2679243.0,2260329.25,1419730.75,1330584.25,2271517.25,2318310.0,1427675.375,1691890.625,1725468.625,1621582.375,2754744.25,2313267.5,2153383.25,2321462.0,2391925.5,2663091.5,2996536.25,2934009.5,1635789.25,2179286.25
4,1762739.375,1659283.375,1823596.75,1684956.875,1769933.875,1648677.5,1725349.625,1694191.625,1758666.0,1686304.75,1829794.5,2057801.0,1753805.0,1799116.375,2014131.75,1877423.5,1805126.875,1745876.0,2102698.5,1828103.0,1813473.625,1703812.625,1675633.5,1521445.125,1814236.125,1589053.75,1584796.875,1436440.25,2083843.5,1895577.75,1872207.0,1681766.625,1622270.125,1575877.25,1675613.25,1593565.0,1657738.75,1531920.0,1758093.75,1866100.25,1676578.125,1902183.625,1522225.75,1267016.0,1257687.375,1186557.625,1385868.0,1504241.25,1448433.625,1318494.0,1542323.0,1522770.5,1682808.875,1527171.0,1668572.125,1822743.875,1764809.875,1603234.625,1420394.125,1575549.25,1463954.25,1454444.5,1783064.625,1839959.75,1620308.125,1650228.75,1539306.5,1631334.125,1489106.5,1532052.875,1912107.75,1717248.125,1799226.0,1689173.875,1557888.25,1231402.75,1932964.375,1666468.375,1593278.375,1744339.125,1209180.25,1274088.75,1395812.125,1402503.625,1508743.75,1423588.5,1564723.25,1514310.875,1250688.5,1343214.75,1525564.625,1405881.75,1302481.625,1188110.375,1471370.625,1340500.0,1493522.5,1541531.75,1506213.5,1444294.375,1174491.0,1133234.125,1489435.375,1344699.75,1668454.5,1752804.125,1570034.125,1535566.25,1459384.75,1478786.0,1419008.0,1288973.375,1833271.125,1698060.75,1409421.875,1378760.625,1518462.625,1382648.0,1895843.0,1971866.5,2015910.0,1790509.25,1927820.5,1838897.625,1856748.125,1961440.625,1863977.0,1978736.875,2062706.5,2046488.0,1929323.25,1889584.75,1966194.375,2134133.0,1539292.25,1462883.25,1906533.75,1852854.875,2033086.0,2033706.25,1617019.5,1568634.875,1860221.25,1798281.25,1784109.0,1634471.75,1855437.5,1981444.875,1938076.75,1794830.5,2040784.25,1900135.875,1926064.625,2021918.0,1765337.75,1764672.875,1498186.5,1484394.0,1985079.125,1731060.125,1840224.25,1697151.875,1722075.125,1684162.25,1813018.0,1668637.625,1643243.875,1395337.0,2135975.25,2012286.0,1679689.625,1569292.75,1609605.75,1435791.625,1943985.75,1984161.75,1596581.0,1821102.25,1749221.25,1965087.0,1810368.125,1715970.0,1696337.625,1832283.875,1882208.625,1918998.875,1832401.125,2004143.375,1706914.125,1724795.5,2009509.0,2041081.375,1751388.5,1901286.25,1852548.0,1814165.875,2011208.25,2063235.0,1762157.625,1651392.0,1652144.875,1559504.75,1359086.0,1388678.25,1435438.5,1488148.25,1721121.125,1659381.125,1949010.625,2007663.0,1034729.625,1066739.625,1232753.0,1195105.75,1342086.125,1246242.5,1893601.25,1625128.125,2152389.5,1809076.75,1373586.5,1377143.25,1589821.25,1676249.0,1385170.875,1415760.625,2682458.5,2262591.75,1420731.625,1330184.25,2283004.75,2319922.75,1427255.125,1693786.875,1727274.875,1621090.25,2766426.25,2322621.25,2157197.5,2324790.75,2395569.5,2666305.25,3001664.75,2939375.25,1637680.5,2181789.25
5,1767957.0,1665949.625,1825421.0,1689169.25,1774689.5,1649412.375,1729224.75,1702440.75,1760742.125,1688142.25,1829654.75,2058728.25,1752325.125,1795486.5,2018207.5,1880713.125,1807599.0,1746803.75,2105964.25,1832772.125,1814149.25,1705831.875,1677211.75,1526310.5,1815753.875,1593512.625,1578905.0,1430373.625,2082775.25,1895272.625,1872621.125,1682386.625,1623576.125,1575290.125,1676743.625,1589104.0,1659377.875,1531604.375,1761083.0,1864892.0,1674866.125,1903313.5,1522393.0,1265571.125,1260334.75,1188733.125,1386165.5,1499644.25,1448351.375,1316818.0,1543480.0,1525490.375,1680975.125,1527885.875,1667172.625,1826220.75,1761376.75,1603147.125,1423381.0,1578823.75,1463515.875,1452786.375,1784001.375,1840666.25,1619825.5,1649459.875,1537300.5,1629135.25,1489582.5,1531292.0,1910205.5,1715394.25,1798182.625,1690450.625,1555836.25,1229352.625,1935211.625,1671110.625,1593942.75,1744677.0,1211196.5,1271917.0,1393078.25,1401668.25,1510630.625,1418985.625,1563272.25,1513099.375,1251010.75,1342418.25,1526340.25,1405706.25,1303218.375,1187299.625,1469964.375,1336867.25,1496964.75,1539245.625,1507690.75,1441978.0,1174149.625,1131718.5,1488453.125,1343083.5,1670541.25,1755296.375,1570741.75,1535176.25,1459261.75,1479075.375,1419075.0,1287547.5,1832053.625,1699244.25,1408719.625,1377301.875,1520712.75,1382563.375,1894546.0,1970702.25,2011712.375,1788020.75,1925254.5,1834026.5,1858406.375,1958594.875,1861928.625,1978303.0,2063525.5,2045083.5,1928609.625,1889211.375,1966476.25,2133523.5,1539220.75,1460487.875,1905172.25,1847423.75,2032407.875,2033228.375,1616731.75,1567618.625,1856146.75,1794245.25,1782632.125,1632057.625,1862500.875,1984848.625,1936767.0,1793740.5,2040716.0,1898189.25,1919230.625,2014795.875,1760953.25,1763782.625,1496026.75,1480974.375,1982505.75,1729911.375,1840029.375,1696769.125,1722886.0,1681987.0,1817036.125,1672530.625,1644256.25,1394468.0,2134692.0,2014504.5,1678007.875,1566768.125,1608605.625,1432531.125,1938364.125,1980345.0,1599066.25,1824083.75,1750277.875,1971990.125,1804269.5,1711225.25,1696782.625,1833798.5,1880247.25,1915729.5,1833261.25,2004315.375,1714718.375,1728974.625,2019911.875,2048068.875,1754303.375,1908787.0,1854292.25,1815815.0,2014002.625,2062541.875,1769276.0,1652090.625,1657263.125,1557060.0,1366973.125,1397646.5,1439720.0,1489787.25,1730557.625,1662720.625,1951252.625,2003748.875,1036414.6875,1064433.0,1233176.875,1194911.75,1341775.5,1244861.5,1891704.25,1624216.25,2149795.75,1802383.625,1373333.625,1375488.25,1587318.75,1670314.0,1385210.5,1413501.0,2682260.5,2259736.75,1420006.375,1328655.375,2285380.75,2313948.0,1429250.75,1693927.875,1730508.75,1620979.875,2768307.75,2321145.0,2160382.0,2323175.0,2394710.0,2662604.0,3002268.75,2936864.75,1640236.75,2180146.25
6,1766499.875,1663098.5,1828501.75,1688810.25,1769410.75,1644334.5,1733020.375,1701148.625,1761264.625,1689240.375,1829192.625,2059508.5,1748494.625,1787263.5,2017814.75,1878465.125,1807728.875,1745323.375,2104969.75,1828973.75,1816496.25,1704430.375,1677541.0,1521625.125,1817937.5,1595351.25,1578055.625,1430902.625,2083812.375,1898991.0,1876919.375,1681190.375,1625778.0,1576975.875,1675621.625,1593890.375,1660910.375,1533281.5,1764043.0,1869587.125,1675603.25,1905446.5,1522780.75,1267381.25,1262683.625,1189574.125,1384950.75,1494288.125,1448175.875,1317145.75,1539337.25,1528177.5,1679678.75,1524917.625,1669281.375,1828166.0,1759804.25,1601320.875,1420810.375,1577957.5,1464008.625,1451669.625,1786628.375,1842062.5,1619926.5,1649002.5,1535306.375,1632039.25,1495246.25,1537509.75,1911130.75,1714476.125,1798701.25,1691363.25,1555018.5,1228303.625,1940081.25,1675404.375,1594477.875,1747809.0,1208103.625,1271777.75,1391840.625,1403122.0,1508794.25,1423247.625,1563350.5,1514655.625,1249182.375,1340610.75,1526547.875,1406578.625,1302742.625,1189166.875,1466332.125,1335065.125,1495488.75,1542771.75,1507524.625,1446859.125,1173704.125,1131822.875,1490686.25,1346489.875,1670195.625,1757711.875,1570720.625,1536331.625,1463965.25,1479901.625,1418732.75,1286514.125,1834428.25,1699671.5,1412092.25,1379442.25,1524331.75,1393243.25,1895971.0,1971642.25,2011957.5,1793688.25,1923442.75,1838672.125,1865592.875,1961329.0,1866868.5,1981431.125,2065745.75,2048851.25,1932047.75,1890097.0,1968574.375,2136410.0,1538367.125,1459235.0,1909153.875,1849033.375,2034847.0,2034497.125,1618506.0,1571791.875,1852117.0,1793489.25,1784463.0,1631330.875,1866869.875,1987855.625,1937104.0,1795326.375,2043518.125,1900378.375,1916517.875,2012591.875,1759804.25,1761398.25,1494795.625,1478898.375,1982068.375,1726767.875,1840658.375,1697524.375,1724117.625,1680511.25,1820333.0,1672193.375,1645568.875,1390305.25,2138576.5,2016374.625,1679441.5,1565843.25,1609140.625,1429025.75,1938985.125,1981783.875,1603409.5,1826808.375,1750677.5,1973109.5,1800716.625,1708187.75,1700060.0,1837399.375,1880806.25,1914070.0,1833028.25,2003602.125,1711412.5,1726543.625,2019432.5,2049144.0,1751196.75,1907318.625,1851362.875,1816269.25,2013620.125,2064618.5,1767964.75,1653725.625,1655476.375,1559190.75,1363144.125,1397140.75,1435927.25,1490795.0,1730239.375,1663679.25,1951249.75,2007594.125,1036862.5625,1066018.875,1234611.5,1195915.0,1343487.125,1247163.875,1894022.75,1624810.375,2148325.25,1802229.875,1372812.375,1375319.5,1587874.5,1666016.0,1384889.5,1413706.5,2681244.5,2257458.5,1419810.125,1328823.125,2282837.25,2310333.0,1427841.25,1690601.25,1730127.75,1621003.375,2768105.0,2315802.25,2159501.0,2323222.5,2394672.25,2663008.25,3002198.25,2934409.5,1637650.375,2179821.5
7,1757590.5,1649154.875,1828254.875,1682370.75,1759322.125,1637316.875,1729668.25,1690174.125,1756159.625,1683929.375,1827051.875,2054551.375,1745893.125,1781652.25,2014264.375,1873043.0,1803916.625,1742350.0,2103924.0,1820445.875,1819671.125,1700926.375,1674882.125,1510025.125,1816457.0,1591721.0,1583528.125,1433886.0,2086448.875,1904739.125,1879937.75,1679366.625,1625829.25,1579052.125,1673272.0,1601950.875,1659903.375,1537411.375,1761290.0,1877402.125,1677436.625,1903232.0,1523217.625,1268555.25,1259523.0,1183378.75,1382546.5,1493246.25,1447135.75,1317670.75,1533306.375,1524584.375,1678514.125,1521992.5,1670320.5,1824429.625,1758721.625,1598690.375,1413106.375,1571043.5,1465401.25,1452956.375,1786457.0,1845162.25,1619156.75,1648152.75,1530867.25,1634677.0,1501203.0,1549769.875,1914488.5,1717252.5,1800791.0,1690284.375,1554327.125,1230857.25,1936965.75,1674806.625,1592896.5,1751934.125,1200552.75,1271891.25,1391646.125,1405878.375,1506347.0,1433643.875,1563824.625,1516591.625,1247639.375,1341310.875,1528635.75,1411308.25,1302813.375,1195265.875,1463219.25,1338112.25,1490659.75,1550871.875,1503087.75,1454518.375,1173628.5,1135426.875,1497113.125,1354578.0,1669761.875,1759144.375,1571659.75,1541481.5,1471476.125,1480689.125,1417917.5,1285129.5,1837100.75,1698919.625,1417115.75,1383790.875,1526226.5,1409408.0,1897873.75,1974658.875,2014318.375,1801961.625,1923168.375,1846692.125,1870476.375,1969088.75,1877836.125,1985473.625,2065743.25,2050194.5,1935277.25,1888806.875,1970681.875,2140191.5,1541571.875,1462946.25,1911415.875,1856663.25,2034398.0,2035147.25,1619794.875,1577510.375,1853307.875,1796283.125,1788729.75,1632129.5,1870056.125,1990485.125,1938239.375,1797513.125,2046419.0,1905079.5,1919390.0,2017891.125,1761105.75,1758761.125,1496508.625,1481900.75,1979562.75,1724225.625,1837966.75,1697435.75,1723886.375,1680630.0,1817689.375,1667261.5,1646823.75,1389555.25,2140685.75,2015133.375,1682481.125,1567400.75,1609789.5,1430010.875,1941520.75,1985274.375,1603949.0,1825818.5,1749136.75,1965536.0,1802011.375,1707316.625,1700166.75,1835574.125,1882178.0,1914936.5,1830595.375,2000139.25,1702511.875,1724502.875,2015839.875,2047583.875,1751994.625,1907452.375,1850975.375,1816093.75,2012251.5,2069978.125,1764279.0,1659191.875,1654122.625,1566051.875,1354554.5,1395038.0,1428876.0,1492869.625,1729245.625,1667464.625,1955684.0,2016617.125,1037665.6875,1067606.375,1235027.5,1194656.375,1344706.75,1247331.25,1894819.75,1624873.0,2147940.0,1805990.125,1372432.375,1376006.75,1588537.125,1665775.75,1384626.625,1414668.625,2682351.5,2259722.5,1420872.125,1330158.5,2278654.5,2311077.75,1422895.75,1687852.875,1728652.875,1622717.0,2769325.75,2313166.0,2157114.0,2326425.5,2394770.75,2667671.75,3004210.0,2937652.75,1632166.5,2182667.25
8,1755925.0,1646560.75,1824775.0,1683997.75,1760541.875,1640569.0,1724610.75,1689033.875,1755489.0,1681683.5,1826983.75,2052797.75,1747771.875,1784907.0,2010803.375,1875010.25,1799740.875,1745538.125,2105323.25,1822894.5,1818972.875,1707356.5,1671568.625,1516483.375,1812617.625,1593132.75,1584425.25,1430399.625,2084215.875,1910723.0,1874778.25,1684100.5,1620723.0,1579773.25,1670632.0,1607922.5,1656996.375,1537861.125,1755846.125,1877872.375,1678714.375,1903049.25,1522603.125,1264340.25,1256919.875,1178847.5,1378400.125,1487963.875,1445595.75,1314967.25,1531824.625,1518460.25,1675548.125,1524390.25,1667243.875,1823457.125,1757751.125,1600462.0,1411237.5,1569070.25,1466884.625,1454097.5,1781378.125,1848207.25,1618375.125,1648618.625,1532294.5,1641068.75,1502557.875,1553990.125,1916977.5,1722017.125,1801646.125,1691224.5,1557260.25,1234913.25,1931832.0,1674265.25,1595087.125,1754714.625,1202625.625,1270880.875,1394424.625,1404456.875,1514275.5,1437695.5,1565068.75,1515996.375,1249243.375,1341581.625,1533700.375,1412061.0,1303461.125,1197315.5,1464158.75,1337565.0,1495133.375,1553527.0,1501926.0,1455179.125,1174145.25,1134472.875,1500041.875,1356194.625,1669945.125,1755255.75,1572597.625,1542811.125,1474409.875,1478614.0,1416726.875,1284269.5,1834859.875,1698824.5,1416684.0,1383974.375,1523995.5,1412006.875,1895006.625,1972187.75,2017018.5,1803042.0,1923407.5,1851355.75,1864075.125,1976186.375,1883939.75,1979415.0,2062131.25,2052440.75,1932708.625,1889692.0,1966041.125,2138019.0,1545163.125,1464900.875,1910319.5,1861408.125,2029472.375,2038734.0,1619373.875,1581903.625,1861518.125,1798719.0,1790399.0,1633778.5,1879855.0,1995944.625,1941520.0,1800709.0,2047177.75,1906949.5,1922764.5,2023242.875,1758466.0,1760497.5,1498093.625,1486485.0,1974707.875,1726868.75,1832918.625,1698387.25,1722344.25,1682047.375,1811130.625,1665569.5,1644707.875,1390886.75,2135276.5,2014140.625,1681858.25,1568368.875,1607878.0,1431870.5,1940366.125,1985852.125,1601715.875,1823048.625,1747161.75,1961034.625,1802629.5,1707118.25,1696551.0,1830466.125,1880751.75,1915938.5,1828932.25,1999206.125,1699754.25,1725326.75,2016279.0,2046880.625,1754952.375,1912963.25,1850903.75,1814683.375,2010648.125,2071709.5,1762601.625,1656968.375,1656781.25,1565345.5,1357785.5,1394148.375,1431492.0,1491071.0,1730653.0,1666781.25,1955980.875,2016754.75,1035826.9375,1067584.625,1232809.625,1192568.625,1341378.625,1245307.875,1890339.125,1623081.5,2147293.75,1801807.25,1371624.375,1373538.0,1586994.75,1662960.625,1383194.75,1412072.0,2680218.75,2258914.5,1421022.0,1328883.25,2282247.75,2312561.75,1421407.0,1690287.125,1730597.25,1624818.0,2769399.5,2316103.0,2158347.75,2328203.75,2395194.25,2670884.25,3002975.75,2938578.25,1632998.875,2184926.25
9,1762039.5,1655938.5,1821901.875,1689550.0,1770658.0,1647160.875,1723705.75,1694435.25,1761304.25,1686099.875,1829149.5,2055704.875,1752020.5,1792825.25,2010447.25,1878039.75,1799594.25,1750121.75,2105590.25,1829161.375,1815738.5,1713809.75,1671490.75,1529225.0,1811599.125,1595771.0,1583882.0,1430695.125,2078930.25,1910875.25,1867083.5,1687200.75,1616278.875,1577265.25,1666652.125,1607767.125,1655283.5,1533668.75,1754895.125,1870592.875,1680080.25,1907631.625,1520597.0,1265843.25,1260314.25,1184212.5,1376082.0,1478930.0,1445016.375,1313738.75,1532210.375,1521269.5,1675584.875,1526341.625,1665985.25,1825663.0,1759502.125,1604269.625,1416288.625,1574342.875,1467998.5,1454114.75,1777865.5,1846120.75,1620073.125,1650708.0,1540150.25,1648129.25,1501814.75,1549986.625,1916423.25,1722553.0,1802829.25,1695269.375,1561188.125,1235998.0,1931893.5,1679015.75,1600003.5,1758684.375,1209518.125,1273650.75,1393866.125,1403189.75,1520445.0,1436527.375,1566663.875,1518041.25,1249701.125,1341496.75,1533948.875,1406393.0,1301158.875,1195550.375,1463700.875,1335878.625,1501165.5,1551254.5,1504793.625,1452029.375,1173693.5,1130519.5,1496561.625,1352829.5,1668307.75,1749577.5,1570429.75,1537852.75,1470458.5,1474324.375,1413903.75,1285325.875,1829185.5,1697801.0,1412870.125,1379918.0,1522065.75,1403032.625,1890581.75,1969471.5,2019636.125,1800259.0,1924665.125,1852260.75,1855919.625,1976015.625,1879162.875,1969743.625,2058509.25,2057774.625,1930264.875,1892955.625,1958474.875,2133150.25,1541478.25,1463203.875,1910590.625,1860536.375,2028351.0,2043305.125,1620018.125,1581855.375,1868172.75,1800794.75,1787724.625,1635260.0,1885361.875,1999221.125,1944501.375,1803928.5,2046883.125,1905497.375,1925033.875,2024492.875,1757054.375,1763876.75,1498034.125,1488572.5,1975647.875,1731052.625,1833968.0,1699346.75,1722765.875,1683048.625,1810243.125,1668612.375,1641900.75,1389847.0,2131914.5,2017256.5,1680049.125,1568379.125,1606159.5,1431308.125,1940224.375,1985157.625,1601353.625,1822633.75,1747078.0,1964031.375,1802765.625,1709306.5,1696874.875,1830725.25,1879704.5,1916296.375,1829939.375,2002493.75,1702432.25,1724734.0,2012738.375,2043081.0,1750270.375,1911160.125,1846501.125,1812082.125,2007807.75,2068378.875,1756640.25,1646385.375,1654437.875,1559545.25,1363561.75,1388609.125,1437227.5,1486499.75,1725666.75,1657600.375,1945585.125,2008859.875,1033841.8125,1068066.125,1232481.625,1193207.0,1338761.0,1245994.125,1887124.25,1623214.25,2146045.0,1796050.875,1370905.875,1371476.75,1585832.875,1660279.625,1382722.625,1409319.875,2675614.25,2255373.5,1420835.375,1326693.875,2289638.75,2314109.25,1423093.375,1693225.125,1731490.125,1624489.625,2768741.0,2320645.75,2159240.25,2326849.0,2395615.0,2669520.5,2996976.25,2935354.0,1636972.125,2183621.0
10,1763259.875,1658197.0,1822405.0,1686630.625,1775474.625,1643488.125,1725113.375,1691631.25,1764405.625,1688868.75,1831214.875,2056274.875,1755784.375,1799077.875,2014134.5,1876000.0,1803510.875,1747731.125,2104570.75,1825965.75,1816285.375,1708885.75,1674872.25,1522479.875,1813400.375,1589482.25,1592221.375,1440947.25,2078560.125,1905256.75,1866049.0,1682857.375,1619464.375,1572537.5,1667816.75,1601389.375,1656918.75,1532381.5,1759803.625,1866072.0,1684075.25,1915881.875,1520871.75,1279376.375,1265055.625,1194055.75,1377300.25,1474011.125,1447274.625,1319129.25,1534319.0,1531013.5,1681705.25,1522663.125,1670136.375,1824402.375,1762716.625,1604683.375,1421138.625,1580576.0,1469376.0,1455209.5,1779804.0,1841400.625,1620911.875,1650545.125,1541888.5,1644709.375,1502729.0,1551242.75,1914354.375,1720413.75,1805996.625,1698040.5,1558436.5,1234424.625,1932567.625,1684383.25,1598898.125,1761898.375,1208476.0,1278228.75,1390335.0,1409946.125,1509956.125,1436202.0,1566597.125,1521677.25,1247442.75,1341907.375,1527502.0,1402282.375,1300593.375,1200028.375,1462229.75,1340374.0,1495680.5,1548085.125,1506799.625,1451679.625,1172822.875,1133275.0,1494581.5,1354031.875,1663108.5,1748072.625,1567301.875,1535358.0,1468347.875,1473252.75,1411226.625,1286615.625,1827399.125,1697009.0,1414207.25,1379454.625,1526219.75,1401600.125,1891087.75,1972967.125,2017832.375,1800023.0,1927261.875,1850286.75,1854154.375,1969903.75,1868078.375,1969986.875,2055611.75,2058576.75,1933259.875,1893084.875,1955722.25,2132390.0,1531659.25,1463409.125,1914259.75,1859843.125,2031748.25,2044300.75,1624353.125,1578708.5,1866789.0,1803782.0,1785130.875,1635774.0,1868654.875,1991971.875,1940886.0,1802173.5,2046420.75,1903521.75,1925845.125,2021993.0,1762886.0,1764504.75,1499204.375,1490151.5,1982466.25,1733288.875,1840541.25,1698817.0,1726637.25,1684568.625,1814502.25,1671818.375,1643044.0,1388975.625,2135342.75,2022086.5,1683190.75,1569336.125,1607998.0,1431605.25,1944114.125,1986401.75,1604097.25,1825831.0,1750716.25,1969085.5,1805334.125,1713098.125,1701720.25,1835206.875,1881594.625,1917292.0,1835361.875,2009077.75,1699590.75,1720930.875,2000823.75,2035246.625,1742458.75,1899024.0,1841357.125,1808663.75,2003147.75,2064465.75,1745822.0,1639153.75,1643513.25,1557833.25,1356514.75,1380066.625,1432153.125,1485046.125,1712832.625,1648261.625,1934683.5,2006079.75,1035961.8125,1068485.75,1235322.375,1194077.0,1341684.0,1247363.25,1890441.0,1625932.0,2146725.5,1799325.375,1371368.5,1373366.125,1587442.75,1666782.5,1384010.25,1411319.625,2674547.0,2255597.25,1422487.375,1328095.75,2289553.75,2316031.25,1422786.5,1693370.75,1729389.375,1625122.625,2768501.5,2320561.0,2157106.25,2327327.5,2395702.0,2668127.75,2992020.75,2933685.5,1635992.5,2183161.0
11,1759591.5,1654117.625,1824449.25,1682672.0,1776067.375,1640071.25,1724156.0,1688709.125,1761486.375,1686820.75,1833314.5,2058069.75,1758596.0,1803551.25,2017365.375,1876675.375,1806181.375,1743890.75,2104232.0,1823472.5,1818485.0,1704524.5,1677362.0,1512379.0,1814337.125,1583532.75,1597768.0,1445936.0,2081050.25,1900579.75,1868504.125,1680025.5,1624813.75,1568944.375,1674446.75,1592374.875,1657947.25,1533689.75,1764363.0,1865610.125,1688542.5,1926217.625,1520815.5,1289353.875,1267964.0,1203671.75,1379686.75,1474309.625,1450906.625,1325161.75,1540306.5,1535129.875,1686039.5,1519763.25,1672162.25,1821394.0,1763119.5,1604084.25,1420616.875,1582466.875,1469804.875,1456191.625,1782114.5,1840065.125,1619199.875,1649148.125,1537940.5,1637387.75,1501146.0,1549652.25,1912742.0,1719715.125,1807489.625,1697582.625,1553206.625,1234003.625,1933010.375,1683441.0,1595326.0,1759744.125,1205054.125,1277586.75,1392025.875,1415284.375,1499529.25,1433466.125,1565552.25,1521322.5,1244750.125,1340917.0,1522477.5,1401584.625,1303380.625,1202768.125,1463604.75,1343042.375,1488040.375,1542511.75,1507174.5,1450025.625,1172203.375,1136221.125,1493208.375,1351752.125,1659250.625,1748312.75,1567002.375,1536032.25,1469357.5,1476537.5,1412895.375,1289872.0,1832201.875,1699480.5,1417323.75,1383744.875,1531335.75,1397896.5,1894390.0,1978103.375,2011178.625,1797491.0,1926770.375,1845643.25,1852707.25,1965349.125,1859033.0,1973368.0,2053832.75,2056047.0,1933190.625,1890986.125,1956558.625,2132749.0,1525843.625,1463550.5,1915347.75,1858236.625,2031989.875,2042929.25,1626048.25,1575407.875,1860784.0,1802417.625,1784192.125,1635897.375,1850882.75,1981144.5,1935287.75,1798039.625,2044449.0,1900841.25,1923159.0,2016930.75,1766589.125,1764734.875,1500376.125,1492161.125,1984824.0,1734305.125,1841569.75,1697964.875,1729367.875,1687028.0,1817767.875,1674084.125,1644505.25,1391256.375,2138750.5,2025778.5,1686807.375,1571622.75,1609994.875,1433849.125,1945734.875,1987155.5,1606988.75,1829981.625,1755357.625,1973668.5,1808084.0,1714939.0,1703065.75,1835063.375,1881770.625,1917257.0,1843577.0,2018516.125,1694589.875,1717165.125,1995241.75,2032208.0,1738920.0,1892879.25,1841439.875,1807267.875,2000886.125,2060554.625,1743434.0,1640487.75,1637411.375,1556606.5,1351014.375,1379077.5,1426841.75,1485312.375,1709132.625,1646402.75,1932331.75,2006914.75,1037273.0625,1067881.875,1235515.125,1193333.875,1344892.0,1248609.5,1896091.25,1627790.0,2151577.0,1804828.75,1371204.5,1374143.125,1589888.875,1675848.25,1384043.5,1414201.875,2678232.5,2257824.0,1423487.375,1330443.25,2289512.75,2315651.25,1420448.625,1690485.25,1726915.875,1624612.75,2772216.0,2318712.75,2154866.25,2327342.25,2395266.0,2668848.0,2993931.0,2935484.25,1632992.5,2180945.25
12,1759519.875,1654802.875,1825726.625,1684821.375,1775813.0,1643199.75,1724252.25,1695447.625,1760596.625,1687378.25,1835002.875,2063647.0,1758158.0,1804255.625,2015694.5,1880520.125,1804786.25,1745371.875,2102996.5,1824572.75,1818151.25,1706298.125,1677092.625,1516692.5,1814770.125,1586885.0,1593840.0,1444084.125,2081155.0,1898909.75,1869417.125,1680259.625,1626157.625,1569508.5,1676888.75,1586062.625,1655848.0,1533547.0,1765887.375,1865143.0,1689521.875,1929121.875,1516854.5,1290690.875,1269927.625,1210206.25,1383800.25,1480846.875,1451269.375,1324131.75,1544746.5,1534518.5,1684703.75,1520754.625,1670316.125,1822116.75,1762996.5,1605605.25,1420259.25,1581974.25,1469469.125,1455435.25,1781182.125,1840794.25,1619103.625,1649910.5,1539974.75,1640235.0,1494428.875,1539605.625,1911593.25,1720113.0,1807094.125,1696540.75,1552022.625,1235023.125,1935949.875,1679807.375,1598223.0,1756106.0,1206756.0,1275913.0,1396593.625,1411293.625,1502009.75,1428146.0,1565488.125,1520220.5,1243015.75,1338839.25,1521441.375,1400218.875,1305341.0,1195726.125,1465911.875,1338677.375,1487244.125,1538389.0,1507542.0,1445878.125,1171412.875,1132201.875,1488601.625,1342308.125,1659645.5,1746677.25,1568042.625,1534673.75,1467585.875,1480084.0,1418602.75,1294494.5,1837215.125,1703781.5,1417368.5,1386684.375,1531841.875,1382404.625,1895696.625,1981256.5,2004012.25,1791725.375,1923261.125,1840941.375,1851166.25,1964726.875,1856895.75,1972424.375,2055431.875,2056101.125,1929108.125,1891122.25,1957062.875,2130560.0,1527186.25,1460063.25,1912405.375,1852733.25,2030990.625,2042594.5,1622479.375,1572527.0,1857262.125,1796901.0,1783323.875,1636731.375,1855964.5,1979098.875,1934580.375,1797663.5,2042582.375,1898859.375,1919520.375,2012943.25,1764580.0,1765770.875,1500301.625,1492649.125,1983420.75,1735033.625,1838202.25,1698279.0,1727000.75,1686063.875,1819498.375,1675916.25,1644128.5,1394616.75,2133367.75,2023556.625,1683723.375,1573348.875,1609536.625,1435310.625,1943487.625,1985543.625,1606005.5,1830778.0,1755930.5,1977441.375,1807867.5,1714108.5,1700203.375,1831355.5,1880042.125,1915035.875,1847151.625,2023943.25,1695796.125,1717117.375,2002575.875,2036851.125,1735344.0,1896101.375,1845672.125,1808028.25,2004158.25,2058023.625,1749557.625,1643602.25,1641943.625,1552891.25,1355160.625,1382951.25,1430466.125,1483357.75,1718167.25,1647685.25,1934530.625,2004219.5,1036564.5625,1067653.625,1232626.625,1194017.0,1344774.375,1251179.0,1898243.5,1627096.875,2156425.25,1805907.375,1369713.375,1372688.625,1590151.625,1675098.125,1383566.125,1414726.625,2683811.75,2259571.0,1421903.5,1330074.0,2292153.25,2314047.25,1420802.375,1687141.25,1725024.125,1620093.875,2778277.5,2319671.25,2153467.5,2323327.5,2392984.0,2666770.25,3000341.75,2939294.0,1633227.5,2174622.75
13,1763018.125,1658419.875,1826342.375,1684297.0,1773232.375,1643267.25,1728655.375,1700523.75,1764280.875,1692417.625,1834876.75,2065895.75,1755802.75,1802370.125,2012216.875,1880973.75,1803249.125,1747372.875,2102164.5,1822491.625,1818263.125,1707292.0,1676684.25,1521478.5,1815951.375,1590589.75,1593267.375,1447089.5,2081290.125,1900158.625,1871380.625,1679918.625,1627349.625,1574739.875,1675671.125,1589759.625,1655641.75,1534266.5,1767499.75,1867365.25,1688830.375,1922617.25,1516078.875,1293013.5,1270504.625,1209890.125,1389043.75,1489797.5,1449658.625,1320030.5,1544848.0,1537085.5,1683120.25,1521903.375,1670427.875,1824099.25,1764428.875,1605010.25,1423581.0,1581464.0,1469938.75,1455934.375,1780375.5,1841121.0,1619283.625,1649168.875,1543085.75,1645517.25,1491789.375,1537982.125,1912223.0,1722677.125,1808023.25,1697666.125,1553020.75,1236570.5,1939480.75,1680214.375,1601124.375,1756786.875,1209001.5,1278404.75,1397923.25,1408189.375,1505730.375,1427885.875,1565048.125,1520871.0,1244054.75,1337761.125,1523058.125,1399269.875,1307590.5,1191026.875,1468588.375,1336160.625,1487889.375,1540949.625,1508284.75,1446559.625,1172445.875,1130165.125,1487257.25,1339259.875,1659653.875,1745064.875,1568142.625,1532875.375,1465018.25,1481645.5,1422359.375,1293551.375,1836897.625,1705828.375,1418868.5,1387144.875,1531879.625,1377112.375,1895333.25,1979486.0,2002191.125,1791223.75,1923669.875,1841409.75,1851296.0,1961001.0,1859241.875,1969461.0,2057626.75,2053008.75,1928387.0,1890521.25,1955177.25,2127118.75,1530887.125,1458995.375,1911715.25,1848947.625,2034000.5,2041664.625,1622028.0,1571255.25,1862922.125,1796584.125,1784430.625,1637944.5,1863049.125,1981504.75,1935232.375,1797898.0,2043662.25,1900835.75,1919234.625,2013309.75,1764886.25,1764794.625,1501848.375,1492303.0,1985001.0,1734325.75,1837025.25,1698560.125,1723754.25,1682122.125,1820062.0,1676171.0,1645228.625,1395829.0,2128380.5,2017125.75,1680483.25,1573266.375,1609864.75,1435647.875,1943812.625,1985885.625,1602896.125,1828724.875,1754409.375,1978306.875,1806592.875,1712531.875,1698666.875,1831792.625,1880750.75,1913555.75,1844694.375,2020921.875,1696190.0,1719772.375,2007410.875,2039719.0,1734071.375,1897141.0,1847168.5,1807336.25,2007331.75,2060612.875,1750783.75,1642530.875,1645701.5,1552385.375,1356566.75,1383664.625,1430734.375,1480548.75,1718574.625,1644614.5,1934799.75,2001579.25,1038862.125,1068271.875,1232773.75,1196058.375,1344494.375,1251355.625,1896409.875,1624851.0,2156753.75,1804651.375,1369804.5,1373983.0,1588955.625,1670142.875,1385020.125,1414876.125,2687185.0,2261409.5,1421419.0,1329686.125,2286894.5,2313604.25,1424164.25,1688909.375,1724956.625,1619408.75,2777605.5,2320451.75,2153826.25,2321332.25,2390907.0,2662558.25,3004517.25,2940754.25,1634703.5,2174261.0
14,1767755.625,1662391.375,1825984.5,1678219.375,1774613.625,1643615.0,1733149.625,1695899.625,1767310.5,1696099.0,1834917.5,2063772.125,1757073.625,1803290.875,2013132.875,1877425.0,1805879.875,1744229.875,2104453.25,1820869.5,1820127.0,1704377.875,1677768.75,1513968.75,1818085.125,1586874.125,1596663.0,1449814.0,2083417.0,1901132.5,1874009.625,1677898.625,1628284.625,1576855.625,1674939.875,1597265.5,1658124.625,1535676.0,1767526.75,1869908.375,1687396.75,1917349.875,1520960.875,1293407.25,1269424.0,1205698.5,1390110.75,1491677.125,1450581.25,1319880.0,1543145.0,1539986.25,1685101.875,1521419.0,1673008.375,1823481.0,1765194.75,1601602.625,1425655.875,1579417.125,1469188.375,1457164.375,1782072.25,1840049.0,1617996.75,1646628.375,1539969.75,1643922.25,1495644.25,1542481.625,1915306.5,1724238.125,1809123.0,1698034.125,1553498.375,1237691.25,1940326.0,1683480.875,1595725.25,1760173.625,1206716.375,1280816.25,1394323.0,1410823.625,1502020.25,1433606.375,1563206.25,1521132.5,1246028.625,1339514.25,1523877.625,1402114.375,1307369.5,1193942.625,1468999.25,1339140.125,1485529.75,1545704.375,1507723.25,1451043.875,1173648.75,1132946.625,1490014.375,1344519.625,1659005.75,1746269.25,1566649.375,1533223.125,1464086.0,1480622.0,1419941.75,1289091.875,1833853.25,1702742.75,1419624.875,1385150.0,1531397.125,1388204.75,1896096.0,1972529.375,2007149.5,1795077.75,1928481.5,1845201.125,1853598.125,1954794.0,1860883.625,1966993.25,2058333.125,2046606.0,1931052.625,1887520.25,1955116.125,2125480.75,1531443.25,1462156.75,1913073.125,1847416.625,2038920.75,2038109.875,1624920.75,1569953.25,1868690.875,1800298.875,1788003.625,1637306.125,1859026.125,1981819.125,1936080.0,1797674.625,2043988.75,1901782.875,1919891.375,2014765.375,1768010.0,1761524.25,1503411.75,1490571.375,1989628.875,1731334.75,1838475.25,1697720.25,1725822.75,1681744.25,1821602.0,1675239.625,1646571.625,1394868.5,2139375.0,2018027.125,1683853.5,1571267.875,1611422.375,1435095.0,1945428.375,1987340.0,1603582.25,1828319.375,1755258.25,1975999.0,1807191.625,1711709.0,1700069.25,1836353.625,1882592.0,1914668.0,1842021.375,2016686.75,1692819.25,1721213.625,2005702.625,2038024.625,1742448.625,1896634.625,1845878.0,1807317.25,2007055.0,2063486.125,1747571.125,1641126.25,1642306.5,1555849.75,1353638.125,1384158.375,1424719.875,1480941.5,1710859.5,1642641.5,1934601.125,2000923.25,1040118.9375,1069339.25,1235737.25,1195945.0,1344414.75,1247884.5,1894201.625,1623603.625,2153788.25,1802696.75,1371093.25,1375937.75,1588094.0,1670299.375,1386118.875,1415254.125,2685027.25,2261183.5,1423216.25,1330954.75,2282472.75,2311594.75,1424819.25,1692459.125,1725720.125,1622640.25,2773422.25,2318947.5,2154430.5,2322979.75,2392022.5,2662514.0,3003052.25,2938127.0,1633995.25,2179189.25
15,1770624.875,1664277.625,1824408.875,1675709.75,1779478.5,1648138.375,1734702.75,1690349.5,1769735.375,1696795.5,1836927.25,2063487.125,1759071.75,1802450.875,2015345.25,1872574.25,1810812.125,1741020.25,2104931.0,1820764.625,1819672.5,1699704.0,1678814.875,1503438.875,1819878.0,1582055.125,1595080.125,1445649.5,2085727.25,1898665.0,1874907.25,1674320.5,1625896.0,1572069.25,1673601.0,1594386.5,1659087.875,1534838.0,1764683.125,1867557.5,1683790.875,1916037.875,1523103.25,1288047.0,1266801.625,1201590.875,1386620.75,1489569.375,1450418.625,1321485.75,1541885.75,1538894.625,1687916.75,1520307.75,1675415.625,1823626.75,1765665.875,1602792.25,1426669.5,1580538.75,1466743.875,1455682.5,1783424.5,1837587.375,1618288.75,1648061.375,1539171.0,1643805.875,1498937.625,1540129.0,1917353.25,1721867.5,1808720.125,1695404.75,1553545.875,1237159.875,1940159.875,1685547.5,1590927.5,1760643.625,1204130.25,1280253.5,1391232.625,1412790.375,1497911.625,1435747.375,1562698.625,1520796.625,1245883.375,1343366.5,1522286.5,1406046.625,1303744.875,1196887.875,1466865.25,1342160.125,1484850.25,1545754.0,1507486.75,1451142.625,1171768.5,1134091.375,1490418.875,1347221.25,1661077.25,1749081.75,1565719.125,1534281.625,1463937.875,1478594.75,1418365.75,1290629.875,1833390.5,1697556.25,1416715.25,1383481.75,1530180.625,1393873.75,1896385.75,1970398.0,2011535.375,1796029.625,1930826.5,1845419.375,1856454.75,1957018.5,1858455.375,1967761.75,2058505.0,2047568.5,1934589.0,1888681.5,1958727.125,2127422.75,1525922.875,1460226.875,1913019.375,1845008.25,2041066.25,2038070.375,1623718.25,1567839.75,1859199.0,1798532.25,1789603.0,1635489.625,1853691.5,1981226.125,1936683.625,1798827.875,2038552.375,1895651.875,1917867.875,2011802.125,1768659.125,1760909.5,1501978.625,1486552.5,1992807.0,1731873.5,1841649.25,1698271.5,1730199.75,1684881.25,1824614.5,1674454.0,1645947.875,1393922.375,2152838.0,2025731.5,1686262.375,1569309.125,1611741.25,1434111.5,1942123.25,1983261.125,1606112.625,1829909.5,1755632.375,1973949.125,1807232.375,1711036.25,1702677.375,1839637.375,1883045.625,1917416.0,1840390.125,2015610.125,1693762.75,1720697.375,2005666.5,2035473.75,1750165.625,1897152.125,1846142.0,1810111.5,2004615.5,2058699.625,1747374.25,1641379.125,1637703.25,1556390.75,1355218.375,1385747.25,1424496.5,1483694.125,1713346.75,1642188.5,1934283.375,1997706.75,1036921.6875,1069900.625,1236983.875,1194213.875,1343955.375,1246642.125,1894849.25,1624895.0,2151168.0,1801092.625,1371635.125,1374623.375,1587736.375,1671169.0,1384925.25,1414747.875,2680424.75,2258816.25,1424532.5,1331358.375,2292634.75,2310825.25,1423442.25,1692698.375,1726219.0,1622356.125,2778456.5,2319805.0,2153198.75,2324685.0,2394936.75,2666878.25,2998351.0,2936520.75,1633582.5,2179898.25
16,1768026.5,1660432.125,1821869.25,1677485.375,1777956.0,1647954.0,1731902.75,1690062.25,1769906.625,1694195.75,1837252.375,2064912.875,1756539.5,1797199.75,2013169.75,1869306.25,1812280.0,1743414.5,2101521.0,1820258.5,1816996.125,1699176.125,1678075.375,1503607.875,1817838.125,1582539.375,1590018.625,1442045.25,2085879.625,1897761.0,1876595.875,1673573.625,1625117.25,1569786.125,1674417.375,1586792.375,1659635.625,1533856.625,1763788.5,1865039.75,1680773.875,1913816.625,1519779.0,1285667.5,1263778.75,1199145.625,1383884.375,1490824.875,1446327.75,1320424.25,1543071.0,1538117.375,1686054.625,1519643.5,1673962.0,1824266.625,1765219.75,1607966.0,1426558.125,1584448.75,1466664.25,1453586.125,1782471.75,1837029.75,1619126.375,1650363.25,1542749.875,1646404.625,1500175.875,1537273.625,1917821.625,1721472.125,1809092.625,1695317.25,1555308.5,1237959.75,1940506.5,1685376.0,1595081.875,1758217.5,1206236.0,1279288.25,1395169.0,1412233.25,1501905.625,1432958.625,1563972.0,1520330.875,1245309.375,1344686.125,1524002.375,1405161.875,1303621.75,1196643.5,1467454.625,1342041.25,1490022.875,1542607.75,1509663.0,1446940.375,1169953.75,1133649.125,1488874.375,1344737.0,1663304.125,1749992.875,1568142.125,1534735.5,1465513.75,1478640.625,1423173.375,1295749.875,1836135.75,1697672.25,1417437.875,1386990.375,1532352.875,1385882.75,1894578.25,1979107.75,2010942.75,1795052.375,1928652.625,1843131.125,1852807.0,1961243.125,1853996.75,1968173.375,2057197.875,2052505.125,1933984.875,1891120.75,1957416.125,2128637.0,1522150.875,1454560.875,1912896.875,1844464.125,2037636.125,2041606.375,1620812.0,1567776.375,1847892.625,1794490.375,1787503.75,1634889.25,1848830.375,1980242.625,1933149.125,1797614.875,2032651.875,1890235.875,1915741.125,2007059.625,1765074.125,1763300.75,1500063.625,1484250.875,1988486.25,1735543.875,1841774.625,1698442.25,1730218.5,1685500.125,1824779.5,1674410.125,1646658.375,1394379.875,2145826.0,2028432.875,1682874.375,1570238.375,1612628.75,1434921.5,1937642.125,1977147.125,1605418.125,1831082.375,1753204.125,1975156.5,1804605.5,1710270.625,1702792.875,1838002.875,1881228.5,1917962.0,1838800.0,2014789.125,1700087.25,1721056.625,2004372.625,2032235.75,1745471.75,1895220.625,1845925.375,1810338.5,2000013.875,2051149.125,1750011.25,1641482.75,1638198.625,1552783.125,1362301.5,1387203.25,1431512.5,1484608.375,1721404.25,1638296.0,1932031.375,1994612.5,1036568.5,1068555.375,1236498.125,1194734.125,1345788.5,1250380.375,1897598.375,1627171.75,2151453.5,1801051.625,1372856.375,1373476.375,1587511.5,1669333.5,1384176.375,1414253.0,2682252.5,2259498.5,1425305.5,1330505.625,2304181.75,2315271.25,1426057.625,1693911.125,1729272.375,1621640.625,2788189.25,2325857.0,2155163.25,2326502.75,2397131.5,2669631.25,3000152.0,2939164.75,1637736.125,2178270.25
17,1765563.0,1658897.875,1820757.875,1675204.25,1768310.625,1639223.875,1729907.0,1690064.375,1765583.5,1690879.5,1834983.125,2063267.375,1752362.125,1792996.75,2011011.625,1866696.25,1810720.875,1746400.25,2099092.75,1816163.75,1816468.125,1698598.625,1678334.625,1504652.0,1815173.125,1582096.625,1589137.625,1443501.875,2084146.625,1899383.25,1877538.875,1672335.875,1626840.375,1569041.625,1674976.0,1585896.375,1660374.0,1535045.0,1763632.125,1866376.625,1680532.375,1909829.0,1516672.375,1289680.75,1262422.875,1199056.875,1383469.75,1491753.125,1444785.75,1318736.5,1543623.0,1540036.5,1682951.875,1517372.125,1671779.5,1821702.125,1763978.75,1607268.375,1425501.125,1583534.875,1468734.625,1453487.0,1781587.375,1838793.0,1618269.25,1648280.75,1541919.125,1644019.625,1498253.875,1538239.25,1919295.375,1722668.25,1810916.375,1697559.25,1556622.75,1239254.75,1936962.25,1684787.25,1597562.125,1759313.875,1205425.625,1282209.25,1396483.25,1413153.625,1501465.25,1434743.375,1563425.875,1521374.5,1243992.25,1343144.25,1524986.75,1402696.125,1304204.0,1197999.875,1467568.625,1342711.25,1489038.0,1543706.75,1507492.625,1446244.375,1169417.5,1135493.5,1488335.875,1344067.125,1663913.625,1749813.375,1570077.5,1537108.375,1467612.5,1480098.375,1424294.625,1296222.5,1838927.125,1703570.0,1421993.375,1390068.875,1534652.375,1378737.875,1895799.0,1988460.5,2008705.0,1795574.25,1928055.625,1841678.625,1852314.125,1959523.0,1854365.25,1967293.125,2056134.625,2050646.375,1932319.125,1888088.5,1955074.375,2127145.0,1524239.5,1455791.625,1913421.25,1846253.875,2033040.125,2039644.75,1622062.0,1567479.125,1851634.75,1796418.125,1785089.875,1634106.25,1849220.75,1981601.875,1930293.375,1795953.125,2034671.75,1893422.875,1916658.625,2007081.0,1762973.75,1760746.25,1500297.5,1485500.625,1983256.375,1732962.25,1840976.25,1695634.875,1728277.375,1682609.75,1822876.25,1674566.375,1649764.375,1395825.75,2129787.0,2022593.375,1682484.25,1571466.625,1615305.75,1436289.875,1937943.625,1977553.5,1604177.125,1830152.375,1752268.625,1977627.5,1802850.375,1711085.375,1699723.625,1834136.875,1877641.625,1914596.625,1838081.75,2013928.5,1705480.125,1723006.75,2003296.5,2032598.625,1738616.25,1893998.75,1845773.875,1807212.5,1999003.0,2050725.125,1751189.25,1643660.125,1640160.375,1553513.75,1360379.5,1387570.5,1432981.625,1486543.875,1723879.25,1639082.875,1932939.75,1996758.125,1041578.875,1067463.125,1236754.0,1196624.375,1349124.75,1253119.125,1901127.625,1628104.25,2152341.0,1802075.75,1374053.0,1375388.25,1587088.125,1669445.5,1385668.625,1415596.875,2688222.75,2262360.25,1425904.125,1330405.625,2296646.75,2318676.75,1428924.75,1697471.25,1732439.875,1625201.625,2785288.25,2330427.0,2159614.25,2328350.5,2397491.75,2668376.0,3007323.25,2942195.25,1640875.625,2180805.25
18,1767971.125,1664084.125,1823103.5,1673155.0,1766349.25,1635206.0,1732490.375,1689036.625,1764660.0,1692371.25,1834562.5,2060532.875,1752600.0,1793885.875,2012558.5,1865578.25,1810663.5,1746297.5,2099324.0,1812259.0,1818573.25,1696596.25,1681414.125,1501120.75,1817638.0,1580223.125,1591787.25,1444821.625,2083979.625,1898514.5,1874991.25,1670629.375,1625464.125,1565198.75,1672029.875,1590475.625,1659119.875,1535557.375,1762068.25,1866515.625,1681534.75,1908519.375,1516122.625,1291266.125,1262586.625,1200172.375,1382511.25,1487803.25,1447704.25,1318797.125,1540712.625,1538900.5,1686350.5,1516772.125,1674258.25,1821761.125,1766213.375,1603186.5,1426364.125,1580920.5,1468837.25,1454063.375,1782570.375,1840043.0,1617942.125,1646862.75,1540230.375,1641900.75,1492075.0,1535197.375,1918172.625,1721337.375,1809523.5,1696386.625,1554098.75,1236369.875,1931761.5,1683455.75,1591666.875,1761355.375,1200537.125,1284563.625,1388950.125,1411010.25,1493082.5,1438271.125,1561526.75,1521863.0,1242214.75,1342602.0,1521154.125,1402018.125,1301094.875,1198737.875,1463597.0,1343545.75,1481229.375,1546015.0,1501425.125,1448801.375,1168632.625,1134994.125,1486910.75,1344880.5,1664982.875,1749741.75,1568067.75,1539178.75,1465747.5,1480486.0,1418278.75,1292694.125,1838329.75,1705069.875,1419953.375,1385915.375,1531838.25,1378591.25,1898396.75,1982897.5,2008616.375,1796031.25,1930175.375,1841052.625,1859740.875,1960055.125,1857824.5,1969276.375,2058346.875,2048242.5,1934193.125,1885589.625,1960548.25,2127757.0,1526775.375,1460068.0,1913440.875,1848102.875,2035020.25,2037499.875,1623987.625,1565983.75,1858796.375,1799764.75,1785351.25,1634021.625,1857574.625,1984457.875,1934421.625,1798051.375,2041031.5,1898435.375,1918873.0,2010608.125,1767271.375,1757329.5,1501168.375,1487089.75,1988207.875,1729589.0,1843638.25,1694460.625,1728534.375,1682450.125,1822351.25,1674474.0,1649862.625,1396553.25,2132902.25,2017364.875,1687286.875,1570504.25,1615548.25,1435956.75,1941255.0,1982596.0,1605451.5,1827545.0,1754314.0,1976530.625,1804008.625,1712593.125,1698584.625,1834247.375,1878379.625,1914006.375,1838461.5,2015172.125,1704545.625,1723212.0,2008395.875,2037654.5,1743126.625,1897983.625,1847912.25,1806455.5,2003839.625,2054914.75,1751129.125,1646900.375,1640650.75,1557566.0,1352018.0,1387616.125,1428608.75,1488832.25,1723067.875,1645535.625,1937496.5,1999723.0,1042534.5,1068611.25,1236914.875,1196472.625,1348147.375,1250842.625,1901136.0,1625825.875,2152195.0,1802643.25,1372895.375,1375813.625,1588142.75,1671830.0,1387105.875,1415821.625,2686225.0,2260759.25,1424825.75,1330534.25,2281259.5,2317147.75,1426349.875,1697310.375,1729484.0,1627314.5,2772515.75,2326695.75,2157244.5,2326628.75,2395341.0,2666353.0,3004955.75,2941473.5,1637654.5,2184118.25
19,1767465.125,1661599.625,1825145.125,1678464.0,1777770.625,1642851.375,1731443.75,1690790.125,1768812.875,1694039.5,1834096.75,2058502.0,1756615.625,1798511.75,2013254.875,1869324.25,1809512.375,1744984.875,2100907.0,1817913.0,1819960.625,1702619.375,1682143.0,1508844.5,1820799.375,1585237.375,1590211.875,1442959.25,2084093.625,1896942.125,1874975.0,1678649.5,1622350.0,1567819.25,1672840.875,1596374.5,1657640.125,1533759.0,1763100.125,1863632.375,1682316.75,1912012.375,1515660.0,1285832.375,1263227.375,1201442.25,1382278.875,1485638.875,1448651.625,1319095.75,1539480.375,1532601.25,1690021.5,1522191.125,1674156.5,1825974.75,1769461.75,1604621.75,1425614.0,1582172.75,1467683.0,1453846.875,1782951.375,1839523.0,1618731.5,1648593.375,1544849.125,1644863.0,1487828.125,1527806.5,1912388.5,1720923.5,1804424.75,1694293.875,1551972.0,1233059.25,1931957.125,1678196.875,1589039.75,1755700.375,1203918.0,1277867.125,1387674.25,1401119.25,1497945.0,1433807.0,1562202.0,1517431.375,1244438.125,1342047.375,1522898.75,1400125.625,1300843.125,1190959.125,1462975.25,1338644.875,1485836.75,1541530.75,1504216.75,1448973.0,1170822.75,1128694.5,1484184.5,1340806.25,1666385.25,1747823.875,1567415.875,1535500.625,1460155.75,1480645.5,1418117.875,1291469.5,1835586.875,1699544.375,1412465.875,1381420.125,1527170.5,1374752.0,1896288.75,1971669.375,2010312.625,1794958.75,1928725.25,1842433.375,1858423.875,1961115.125,1860859.125,1969566.0,2060764.75,2052001.875,1930940.375,1887044.0,1963793.375,2129863.0,1530539.25,1459768.375,1914814.75,1850216.75,2040171.75,2042209.875,1621612.0,1567729.25,1859894.25,1797264.125,1787055.5,1636332.75,1865350.875,1984228.25,1939486.25,1798848.125,2045101.875,1900867.25,1920402.875,2013132.875,1769274.75,1761719.25,1500549.0,1486753.875,1994336.75,1732771.625,1842183.75,1695680.875,1728604.5,1686228.75,1821519.875,1674695.125,1645297.5,1395341.875,2147075.0,2020720.0,1686806.875,1570056.875,1612050.75,1435434.375,1944198.625,1985258.75,1606035.625,1826208.0,1753941.375,1970371.0,1807247.375,1714021.75,1699981.125,1835836.5,1883128.75,1917378.125,1839098.25,2015821.0,1700810.375,1720495.0,2011669.0,2040614.875,1748305.625,1901026.625,1848303.25,1809705.0,2007366.375,2059648.625,1752328.75,1645499.5,1644022.375,1554942.75,1356656.5,1388050.875,1431365.125,1484727.25,1720638.0,1647299.125,1938646.5,2000790.625,1035150.5,1068851.375,1235049.875,1195039.0,1342806.5,1248920.0,1894823.0,1623054.375,2153970.75,1803013.375,1371404.375,1371948.625,1590633.625,1672270.625,1386697.125,1412746.0,2678627.5,2257410.0,1422737.625,1329391.875,2286995.25,2315393.75,1423812.875,1694372.0,1725250.625,1624066.75,2771771.0,2321847.5,2152030.75,2322729.0,2393347.25,2667744.75,2996583.0,2939309.0,1635935.625,2180796.75
20,1760768.5,1648547.25,1825113.25,1681886.5,1779646.25,1644623.875,1727797.375,1691896.75,1767933.5,1690000.75,1830214.25,2053851.625,1757131.375,1799315.375,2011949.625,1871638.0,1805720.375,1741016.875,2102604.5,1822361.375,1818866.0,1706616.125,1678918.875,1517158.75,1819968.875,1590163.75,1587611.75,1441164.5,2082210.125,1896445.5,1878706.125,1685411.625,1621604.625,1573310.875,1675625.875,1596914.625,1658003.375,1532702.75,1764618.75,1862949.0,1683337.0,1914446.125,1515071.375,1279725.125,1263380.75,1199456.5,1386568.25,1492632.75,1446474.25,1319801.375,1540131.75,1527214.375,1685974.5,1523843.0,1669597.875,1825074.125,1767616.375,1606629.75,1423320.875,1584042.0,1468093.375,1453170.125,1781569.0,1836724.625,1618841.625,1649333.625,1546993.875,1644357.125,1489559.0,1528457.5,1909911.875,1721539.625,1803591.125,1694764.75,1552893.875,1233007.375,1933450.875,1673907.625,1593459.375,1749661.875,1210285.0,1271505.25,1394839.375,1398156.875,1509127.75,1428390.875,1564618.0,1514417.375,1247680.5,1341543.75,1528057.625,1401711.75,1304202.625,1185187.0,1467791.75,1335225.625,1494621.125,1539365.375,1512087.0,1450273.875,1174884.625,1127265.5,1485184.625,1338988.375,1665784.375,1746974.5,1570094.0,1532931.0,1458448.625,1481226.125,1424068.0,1293642.25,1835448.5,1697881.375,1412238.0,1383567.625,1526763.25,1371690.5,1895704.0,1978200.5,2011221.375,1795067.0,1926830.125,1844656.75,1853839.25,1957505.875,1867355.375,1966785.625,2059241.625,2052904.375,1927251.25,1888060.125,1958907.25,2128274.25,1533613.625,1460100.875,1918869.125,1851417.25,2039458.125,2043077.0,1619571.0,1570167.375,1862088.75,1793439.625,1786776.75,1635846.0,1869059.0,1984202.0,1938758.0,1797017.125,2048976.875,1904700.125,1922494.625,2015007.125,1764328.625,1764251.125,1499287.125,1484889.25,1991246.125,1733256.375,1837958.0,1696086.5,1727311.625,1686325.875,1820139.875,1674505.625,1642836.375,1392549.25,2144011.75,2024809.5,1680920.625,1570520.0,1610045.0,1434439.25,1946208.625,1985210.625,1604339.625,1827135.625,1750134.125,1964742.0,1811974.875,1717042.0,1699564.875,1833494.375,1882846.625,1916730.75,1838660.5,2011633.0,1701018.125,1718493.125,2007122.75,2040729.0,1739459.75,1896046.0,1847427.75,1813277.125,2008597.5,2067452.75,1749407.125,1639984.75,1645832.375,1551069.75,1360890.875,1383225.5,1435488.625,1480996.875,1714205.375,1644422.625,1936282.0,2002894.375,1031096.375,1067458.0,1234200.125,1194095.625,1341389.5,1250557.0,1891242.25,1625144.0,2155528.75,1804850.25,1371498.75,1369915.5,1589931.375,1670707.125,1385518.875,1411949.0,2677903.75,2258823.25,1421326.375,1327987.75,2302737.0,2316364.75,1423735.25,1695004.0,1725950.375,1621013.0,2782885.25,2323896.75,2153123.5,2324095.5,2393746.5,2670908.5,2996925.25,2940316.0,1637315.625,2176759.75
21,1757691.375,1645130.0,1825220.875,1679186.375,1769511.375,1637185.125,1727876.75,1690045.5,1760476.875,1684554.875,1828025.625,2050228.375,1754286.125,1796073.0,2011535.0,1868484.875,1804520.125,1737343.25,2104033.25,1816354.875,1817225.25,1699745.5,1676540.375,1510314.5,1818229.125,1587090.875,1591062.875,1441192.875,2081475.125,1895397.125,1878253.5,1677668.125,1621563.0,1569436.5,1672453.625,1593255.125,1658759.75,1533196.0,1763075.0,1864576.0,1685120.25,1911584.625,1516362.0,1277808.0,1261919.875,1193598.25,1390003.75,1498636.5,1444835.875,1321143.375,1537337.25,1526410.5,1680443.125,1518155.875,1668567.625,1820959.125,1762566.125,1604924.25,1422969.375,1582432.875,1469736.625,1452839.375,1780907.625,1834908.0,1619218.75,1649428.0,1541204.875,1639119.75,1493834.625,1541257.0,1914176.25,1721259.125,1808887.875,1696998.375,1554390.125,1234424.0,1932395.5,1679206.75,1597011.375,1754449.875,1208413.5,1275738.375,1395926.25,1407394.625,1507185.625,1431999.0,1566107.25,1518093.5,1246730.75,1342753.125,1527653.25,1406710.625,1305584.5,1192388.0,1469423.125,1338886.375,1491232.625,1545649.625,1510754.25,1453364.125,1174508.125,1133409.625,1490758.875,1346207.0,1662884.625,1748845.125,1570844.5,1537005.5,1463376.125,1480504.875,1423471.875,1293847.125,1836615.875,1702765.25,1419690.625,1386898.5,1530309.125,1382487.625,1899450.25,1993882.625,2013217.25,1798069.0,1930619.375,1845904.375,1857222.375,1954553.0,1872782.875,1966546.75,2056511.25,2049155.625,1931944.25,1888446.125,1955430.375,2125423.25,1532051.75,1463756.75,1921485.375,1850968.875,2033968.5,2037969.875,1622583.0,1569768.625,1867295.25,1795420.75,1784351.0,1632066.875,1870862.25,1986695.625,1937206.75,1798307.875,2051935.25,1907199.125,1925260.875,2017288.25,1761407.375,1760411.625,1498975.375,1484941.75,1984643.875,1730178.5,1838421.375,1697107.25,1725832.0,1682975.0,1820267.25,1673545.875,1645160.375,1390019.875,2130290.5,2023192.875,1680247.75,1570596.375,1611422.0,1432084.375,1946612.0,1984664.5,1603427.875,1828326.5,1749106.875,1965570.5,1813916.0,1717536.375,1697774.0,1830922.25,1879322.25,1913658.75,1837096.5,2006258.125,1700804.0,1718552.875,2001549.0,2039302.125,1728300.75,1890691.125,1848629.0,1812914.875,2008966.75,2071711.125,1742218.875,1637521.875,1641810.75,1554475.25,1351388.25,1376654.875,1430203.25,1484106.0,1709374.625,1644394.375,1935611.125,2004716.0,1037065.3125,1067714.125,1235892.25,1194123.0,1345492.625,1251941.25,1894731.75,1628266.0,2152129.25,1805557.375,1371022.875,1372433.375,1585639.625,1668698.375,1384447.5,1414522.875,2682416.5,2261129.0,1420588.25,1328020.125,2294834.0,2316726.75,1421669.5,1695711.375,1727317.75,1620616.375,2781011.0,2324090.0,2155642.5,2327775.25,2393378.0,2668538.0,2999957.0,2941335.25,1634599.875,2178580.0
22,1761227.5,1654765.625,1823211.0,1678849.25,1770116.25,1639216.125,1725087.625,1689610.5,1755024.875,1682560.625,1828997.625,2052221.5,1754221.25,1797224.25,2010177.625,1867962.25,1805199.125,1740940.375,2106016.5,1815416.625,1817415.75,1699638.5,1675537.125,1508892.5,1815676.125,1585448.625,1595201.625,1442400.0,2082488.75,1897116.875,1874705.5,1674464.375,1620937.25,1567183.5,1670795.625,1598022.375,1658514.5,1533150.875,1762408.625,1864998.375,1685260.375,1906561.25,1519310.625,1278011.625,1259652.75,1189839.0,1385883.125,1492496.875,1444249.75,1319331.875,1536066.625,1527845.25,1678533.75,1518255.0,1668008.375,1821831.0,1758126.5,1604273.0,1418695.875,1578586.75,1471590.25,1453355.875,1780960.875,1838442.125,1619078.75,1649754.5,1536077.625,1636935.625,1497175.375,1551268.75,1918343.0,1723414.25,1811931.875,1700373.0,1557429.125,1237344.375,1933989.375,1686041.75,1598756.25,1762111.5,1207556.875,1279214.75,1392783.375,1409726.75,1507062.75,1436399.125,1566750.625,1520800.75,1246692.875,1341684.125,1528266.5,1405573.375,1305999.375,1198683.375,1466857.875,1339517.625,1491126.75,1547404.625,1506015.125,1451305.0,1172875.5,1135249.875,1494353.125,1351733.125,1661288.25,1748951.625,1569804.125,1538283.375,1466884.125,1478232.25,1418921.75,1290774.5,1834966.125,1704336.625,1421814.0,1385024.625,1531545.375,1395306.125,1898366.75,1991632.875,2017798.75,1800459.375,1933709.125,1848825.5,1855208.375,1956083.125,1871126.875,1968306.375,2056440.0,2050562.625,1931706.75,1889084.0,1956947.75,2127845.75,1533169.5,1464497.625,1919417.625,1852994.125,2029310.5,2037948.0,1624955.0,1571040.75,1869746.75,1800675.625,1783704.75,1632405.75,1869220.625,1985956.625,1939266.875,1800116.875,2048820.625,1904664.375,1926365.5,2018871.25,1760964.5,1761209.375,1499549.5,1489824.25,1978426.75,1731911.875,1835979.625,1697721.625,1725314.375,1684344.875,1819385.125,1673213.25,1646836.5,1390665.25,2133311.5,2024240.625,1685190.125,1571552.75,1612341.375,1431754.75,1943851.875,1982346.625,1602943.5,1826430.875,1750244.125,1967977.0,1809868.125,1712544.5,1697306.0,1831266.375,1879413.375,1915256.5,1834554.0,2004417.5,1696980.0,1718783.75,2000602.625,2035807.875,1732492.875,1894557.75,1848663.375,1810086.875,2006081.875,2066194.625,1744834.0,1642064.25,1643294.0,1558012.25,1352157.75,1380788.5,1427588.75,1485667.875,1713686.125,1649657.5,1939077.75,2005731.5,1041396.9375,1068650.125,1235529.5,1194670.375,1346318.625,1250345.0,1895457.875,1626023.5,2146624.25,1801584.0,1369698.375,1373401.75,1583197.25,1665872.625,1383008.125,1413592.0,2682224.25,2260099.25,1420771.5,1329140.625,2276429.25,2312362.75,1420548.375,1691622.0,1728232.375,1620385.0,2766243.25,2317008.75,2155198.0,2325723.0,2392311.5,2663007.25,2996521.75,2937807.25,1632071.5,2178770.0
23,1763260.0,1658492.0,1820587.125,1680895.25,1775783.25,1646134.375,1721644.0,1690629.0,1757459.5,1685608.5,1829213.375,2055219.375,1754525.0,1798417.0,2007191.25,1870806.25,1804035.25,1746781.25,2105736.0,1821736.75,1818151.25,1707448.125,1675283.625,1516710.875,1812439.5,1588618.75,1594667.625,1444255.75,2082762.625,1901303.625,1873623.0,1683466.75,1621344.0,1572622.75,1674465.625,1604255.5,1657867.0,1533292.75,1762755.625,1865916.625,1683172.875,1904473.0,1521926.75,1279185.5,1259326.5,1189381.5,1380373.625,1484034.25,1444844.625,1315522.0,1539816.375,1528915.375,1678486.625,1523333.125,1666609.375,1823713.125,1757322.25,1604666.5,1414105.75,1578402.25,1472242.75,1454977.0,1780910.25,1842945.375,1616650.375,1649143.25,1535954.0,1639667.5,1502321.5,1551988.375,1918254.25,1726308.875,1809753.0,1701365.75,1559913.625,1238809.125,1937738.5,1684253.0,1599864.625,1762417.0,1210515.125,1275334.75,1394457.0,1406542.25,1514362.0,1432668.625,1566245.375,1519419.5,1250228.5,1339704.75,1530331.125,1403195.125,1306889.875,1197825.875,1467395.625,1338247.0,1497632.875,1542877.75,1507961.25,1448355.125,1175817.875,1134303.75,1495643.625,1352204.375,1661753.125,1749369.625,1570126.875,1534701.25,1467692.625,1476452.875,1418730.75,1289056.0,1833824.625,1700076.875,1417049.5,1382262.375,1530402.75,1399703.125,1894812.375,1977720.0,2017793.375,1799739.375,1930187.0,1851013.5,1849291.0,1962535.0,1868685.375,1970994.75,2056464.125,2055103.0,1926758.875,1889954.875,1958809.75,2133129.75,1536520.375,1462058.5,1915451.375,1858084.875,2027089.625,2041389.625,1623446.125,1574473.875,1866914.375,1801665.375,1785919.875,1635288.375,1861912.0,1982489.875,1939329.75,1797865.375,2043228.5,1901352.0,1924833.5,2018181.25,1759306.0,1765074.625,1500033.625,1494622.375,1974371.125,1734458.75,1832074.375,1697045.75,1727539.0,1688069.5,1815888.875,1672978.25,1646457.875,1393216.125,2147397.5,2027662.5,1687720.375,1572321.625,1611958.125,1433842.5,1940057.625,1979581.5,1601473.5,1822742.25,1749237.25,1967674.125,1805798.0,1709456.0,1699056.0,1832627.875,1880836.875,1918092.75,1831940.0,2004589.125,1694637.25,1718376.75,2001745.125,2034398.375,1741277.5,1898236.75,1846906.5,1810236.375,2003402.375,2060626.875,1754336.625,1648281.625,1650020.875,1556886.5,1362321.625,1387904.25,1431396.875,1484313.875,1718892.25,1653431.75,1943233.375,2007244.0,1039059.875,1067648.125,1234036.5,1193971.75,1342936.125,1247495.0,1892784.0,1624253.625,2145361.0,1797627.375,1370144.0,1371812.375,1584702.5,1664187.875,1382177.375,1410184.875,2679633.0,2259547.75,1422292.5,1329461.5,2279307.75,2306554.0,1422766.625,1688771.75,1730790.375,1620684.0,2765755.25,2314000.5,2155073.0,2323834.75,2394444.75,2664372.25,2994665.0,2935567.0,1634178.5,2175973.75
24,1762130.0,1654089.5,1823901.875,1683162.625,1767512.375,1642043.625,1727233.25,1692216.375,1764300.375,1690897.375,1831074.625,2057217.25,1750983.625,1790943.375,2006867.125,1870647.25,1804288.5,1748031.125,2100637.0,1820596.5,1817998.0,1706265.75,1678046.875,1513431.5,1813531.125,1590101.875,1593070.875,1446172.875,2082941.0,1902318.25,1873535.5,1684701.75,1624223.25,1572476.75,1674199.125,1598209.875,1657678.25,1534277.125,1761421.5,1869981.25,1681916.5,1907367.75,1524640.375,1282872.25,1262285.125,1189236.875,1382259.0,1486221.25,1446905.25,1316309.375,1541041.125,1530267.75,1680854.625,1520600.5,1671311.625,1822685.25,1761806.125,1604012.125,1421286.125,1583373.375,1470739.375,1456545.0,1782303.625,1843398.5,1616026.5,1649296.25,1537852.75,1644783.375,1511382.75,1554863.125,1916061.625,1724094.0,1807734.125,1697691.875,1556559.25,1235584.125,1939679.25,1682289.375,1598882.125,1759665.125,1207324.0,1274188.375,1397976.5,1414230.625,1508803.0,1428311.25,1564922.5,1519075.5,1250333.625,1341403.25,1526191.625,1405920.375,1306565.875,1201384.875,1470567.0,1343704.0,1491481.625,1542512.125,1509812.625,1452151.875,1178341.625,1138819.5,1498307.125,1355211.5,1660032.375,1751646.125,1569994.75,1535192.375,1472081.125,1477338.125,1418583.125,1290100.125,1836662.375,1699250.625,1417066.125,1385444.875,1532545.75,1404412.75,1896943.75,1977884.875,2010219.5,1797670.75,1925571.5,1845846.75,1855568.5,1970190.25,1869493.75,1975695.375,2054610.875,2054804.5,1933264.5,1892521.125,1958807.75,2134229.0,1532186.5,1462130.0,1916461.25,1862536.125,2028484.0,2041907.625,1624797.125,1576324.625,1862932.625,1798532.5,1787141.625,1634572.125,1853271.125,1982947.125,1935145.0,1796502.0,2041608.75,1900622.0,1922394.625,2015843.25,1762320.125,1762490.375,1500193.75,1492433.875,1977856.75,1732396.125,1838573.25,1699577.25,1729292.375,1686058.5,1814183.625,1671334.375,1646603.375,1392423.25,2145746.25,2023051.5,1686573.0,1570491.25,1611868.375,1433733.875,1940587.125,1981338.875,1601835.375,1824261.625,1749800.0,1970372.625,1806229.875,1711743.5,1701332.5,1834315.25,1881400.625,1916895.75,1832510.75,2005490.375,1693406.25,1716514.875,1999999.625,2035582.125,1736502.625,1890998.125,1846107.75,1810755.25,2004454.875,2060750.375,1751405.875,1647081.875,1645953.625,1555861.5,1353269.625,1381515.0,1426914.375,1485574.0,1713451.875,1649598.0,1941399.75,2008446.625,1039866.5625,1066862.875,1236624.875,1193173.875,1343775.125,1247393.75,1895124.25,1627570.875,2148022.75,1799177.375,1371944.125,1373625.0,1587273.75,1665776.25,1384110.375,1411729.5,2681746.5,2260274.75,1423955.0,1329034.125,2290824.75,2306982.0,1423991.5,1691343.375,1732076.875,1622846.5,2778112.5,2317790.5,2156699.0,2327727.0,2396716.25,2668280.0,2999671.5,2938608.75,1636074.0,2178424.5
25,1763009.125,1654944.125,1828527.5,1686716.75,1757122.875,1637476.875,1733681.25,1694745.875,1766055.75,1692719.0,1835036.75,2060775.75,1748938.5,1786325.0,2010330.875,1870645.75,1806943.5,1747918.5,2098459.0,1817677.0,1818930.5,1701740.875,1680277.125,1506981.25,1816714.0,1589513.625,1593582.75,1448346.75,2083714.25,1900536.375,1873148.625,1677321.375,1628317.25,1568397.5,1671293.25,1591877.5,1657969.625,1534038.75,1761033.5,1873342.375,1681541.75,1910788.0,1528273.375,1286564.75,1265645.75,1189987.5,1388428.875,1494981.875,1449353.875,1320482.625,1539190.25,1533316.75,1684330.25,1513602.875,1676769.25,1821767.75,1765718.875,1602088.25,1429791.0,1584874.125,1469225.25,1456205.5,1783381.25,1841450.625,1618595.625,1649835.875,1537543.0,1646735.875,1514797.375,1558152.875,1915260.625,1718993.875,1807694.375,1694115.875,1552371.125,1232146.0,1940514.5,1684456.875,1596268.5,1759384.5,1201594.75,1278365.375,1397104.5,1421980.375,1495121.875,1430693.625,1564134.875,1520525.875,1245872.0,1342132.625,1519509.25,1406469.25,1304654.625,1205928.125,1469774.625,1347818.0,1478550.875,1545031.5,1505833.125,1456128.125,1175068.375,1142215.125,1497733.125,1356326.625,1656199.125,1750113.125,1567014.0,1537880.75,1474374.625,1478945.5,1416265.25,1290910.375,1837910.75,1702406.0,1421624.5,1388984.125,1534210.125,1406787.625,1898836.25,1984764.5,2004716.75,1795307.625,1925464.375,1839044.75,1865896.5,1972056.125,1869884.875,1978188.625,2053580.625,2051887.25,1942586.5,1894255.5,1957233.625,2131164.25,1525796.875,1465008.125,1921547.0,1863802.625,2032175.0,2040121.75,1629344.5,1576752.25,1863628.375,1799475.75,1786546.0,1632621.25,1850608.75,1985712.375,1933315.25,1799364.875,2041421.75,1901496.875,1920946.875,2014999.75,1769359.75,1756653.375,1501245.75,1486609.625,1985051.25,1728767.0,1846719.625,1703330.25,1727735.625,1681440.375,1817192.125,1670093.875,1647231.0,1389826.25,2137351.0,2015629.375,1686419.375,1567983.75,1611814.375,1431030.75,1944148.0,1986242.75,1603722.75,1829178.875,1752735.625,1974694.5,1807256.875,1714506.25,1700526.125,1834884.375,1881905.0,1914912.0,1835312.0,2006591.0,1692582.375,1714629.625,1996856.25,2034162.5,1731317.5,1884417.5,1844775.75,1806972.75,2004955.875,2060905.25,1741013.25,1639431.875,1634871.375,1556860.625,1338262.375,1371765.125,1418404.125,1485791.875,1705102.625,1644944.375,1934842.875,2010334.0,1043404.5,1068336.5,1239945.0,1194397.0,1347812.5,1248819.375,1898510.0,1628316.5,2149315.5,1803274.875,1373325.75,1378232.375,1589098.5,1669365.5,1387593.25,1416896.125,2684829.5,2259555.5,1424551.25,1329732.125,2289942.5,2313311.75,1424845.75,1694926.125,1731268.625,1625554.625,2780143.0,2320205.5,2159134.75,2329813.5,2395759.25,2666195.5,3004321.5,2940561.0,1637622.5,2184416.25
26,1766721.625,1661785.875,1827065.25,1685758.0,1763186.125,1644260.0,1732070.375,1695287.75,1763094.125,1691310.625,1836071.125,2063949.625,1752830.75,1795152.625,2013897.875,1874309.375,1808070.75,1747485.875,2103624.0,1822430.125,1820050.25,1704347.75,1676968.875,1510898.5,1816734.875,1588131.375,1594926.0,1448084.75,2084535.125,1899771.0,1871822.25,1674335.0,1628341.25,1569409.25,1674049.625,1594007.125,1659135.625,1533076.875,1762895.5,1870704.875,1681066.25,1910825.875,1530745.125,1285335.625,1266157.0,1191557.75,1390055.625,1498722.5,1451719.0,1322117.25,1541033.875,1536265.625,1685142.25,1513419.375,1675172.5,1821351.75,1764875.875,1600090.375,1426688.25,1579979.75,1470047.75,1454651.5,1781963.125,1839066.5,1618474.75,1648027.5,1534904.375,1642333.0,1508868.75,1551960.625,1916513.75,1717410.875,1807601.25,1694310.375,1553847.375,1232830.25,1940998.625,1683319.875,1594587.125,1759176.375,1203046.75,1280223.875,1394552.625,1417132.625,1494891.5,1433904.375,1564059.25,1520374.25,1244042.625,1339544.875,1517484.5,1404095.25,1304123.25,1202513.875,1467148.625,1343570.75,1479002.0,1545500.0,1504059.25,1453255.5,1170619.0,1138483.375,1494028.25,1351940.5,1655498.25,1746637.875,1564404.0,1536422.0,1470640.25,1477806.0,1416414.875,1290098.5,1834396.375,1701689.75,1421516.375,1386038.125,1531024.875,1401904.25,1895750.0,1979500.0,2007947.125,1793428.75,1927898.75,1839823.0,1863659.25,1968846.75,1867055.5,1975919.75,2053856.875,2049853.625,1940057.375,1893005.75,1955500.125,2128332.0,1526688.0,1465731.25,1918640.625,1859271.125,2033609.5,2037111.375,1628496.5,1576295.75,1865824.0,1804126.25,1786893.875,1632606.0,1849769.875,1983999.25,1934577.0,1800892.375,2038635.125,1901759.5,1920671.5,2016301.125,1771172.5,1756249.875,1503279.5,1485429.75,1986670.75,1727861.25,1845046.0,1702954.25,1727168.75,1681494.875,1820318.875,1671228.875,1648143.75,1390775.0,2140383.75,2015854.0,1687354.625,1567178.125,1611528.0,1430288.25,1944048.875,1987380.25,1603947.375,1830297.75,1753433.375,1974705.125,1806300.625,1715605.75,1699223.5,1835039.625,1882042.0,1916212.25,1836808.5,2007618.75,1693317.875,1715396.5,1996750.875,2030747.75,1738823.0,1888897.125,1843062.25,1804212.0,2002751.125,2059211.0,1738966.0,1635319.75,1632845.625,1557051.875,1341306.375,1373615.375,1418887.375,1481774.125,1705162.875,1645414.5,1931901.5,2010365.5,1041905.125,1068991.75,1239222.0,1195025.125,1348280.375,1248197.25,1897043.5,1625239.5,2149709.25,1805716.0,1374545.25,1379536.75,1591441.875,1674692.625,1388644.5,1419132.375,2682792.25,2258376.75,1424480.75,1331484.375,2287582.75,2317720.25,1427097.125,1697226.875,1731662.125,1627761.625,2774761.0,2321088.0,2160946.25,2328635.0,2396256.75,2665449.75,3002584.5,2937156.25,1639808.125,2187568.5
27,1769754.5,1665867.25,1824296.375,1682229.5,1770832.5,1648542.375,1730867.25,1694761.375,1764285.25,1690641.0,1834694.75,2064255.5,1755416.0,1801480.25,2014211.5,1877056.5,1809635.125,1747623.875,2106404.5,1825838.0,1818857.25,1707333.625,1673675.375,1516747.875,1816153.625,1588059.75,1596601.25,1445139.375,2086721.625,1903151.0,1871359.375,1675587.625,1624811.5,1572213.125,1680328.75,1594994.375,1661380.125,1533777.75,1764699.0,1866846.75,1680270.125,1907918.375,1531219.25,1280298.875,1264177.125,1189460.875,1386632.25,1498331.75,1451376.125,1320190.25,1545769.625,1535766.375,1684203.375,1519029.25,1672483.25,1823000.375,1762295.125,1601612.75,1422119.625,1579328.625,1471815.375,1454455.25,1782296.125,1839555.0,1615279.625,1645827.75,1535078.375,1638096.375,1506571.625,1544291.0,1917314.875,1719318.625,1807347.375,1695967.5,1557587.75,1234980.625,1942005.5,1680246.0,1596396.625,1756169.625,1209986.375,1277884.75,1397775.25,1410409.75,1505857.875,1432654.75,1565003.25,1517475.125,1247106.75,1338913.5,1521447.375,1404526.625,1307933.5,1198598.625,1470024.125,1339602.125,1490700.875,1545408.375,1510798.5,1449704.375,1171520.625,1134202.5,1495172.125,1350561.0,1659102.0,1747343.875,1566934.25,1534483.875,1469658.625,1475304.25,1417107.375,1287496.375,1831348.875,1698497.0,1416326.5,1381625.625,1527527.375,1399859.25,1892558.25,1968037.75,2015921.625,1794565.625,1930916.5,1844617.375,1855618.375,1970848.125,1864090.25,1976465.625,2054920.75,2050600.625,1934864.0,1893658.0,1957562.875,2129770.0,1529646.25,1463169.0,1910887.75,1854351.375,2033343.0,2037213.625,1623776.75,1576868.375,1863309.125,1805048.375,1788129.875,1634087.75,1844960.0,1980530.125,1933337.0,1797369.875,2037312.0,1900896.5,1921621.375,2018135.0,1767624.875,1762001.125,1503891.625,1487457.0,1983342.25,1731517.875,1839910.625,1701449.5,1728562.0,1684344.75,1817865.25,1671574.125,1648336.0,1392337.625,2141917.5,2018921.75,1686604.25,1567280.125,1610581.75,1432191.625,1940669.375,1984609.375,1602958.25,1828111.375,1751921.875,1972134.375,1804315.625,1715076.75,1702082.0,1838318.625,1882290.125,1918744.125,1835969.5,2008183.0,1691800.875,1716936.75,1998931.25,2030559.25,1745930.625,1894558.75,1843012.5,1806406.25,2001195.0,2058545.25,1742212.625,1637602.5,1639340.25,1555134.625,1347373.75,1377137.0,1423211.625,1478850.75,1709806.25,1646671.375,1935056.25,2007158.875,1037879.625,1066581.75,1236630.5,1193504.0,1345719.375,1247028.625,1894405.75,1625411.625,2149771.5,1804801.0,1374888.375,1377624.25,1592711.625,1677684.5,1386353.5,1416561.5,2677287.25,2256925.25,1423804.375,1332356.75,2292847.75,2317906.25,1427562.625,1700302.375,1735110.125,1630468.125,2774628.75,2322416.25,2163229.25,2330844.75,2400499.5,2671143.25,2998868.5,2932664.25,1640503.625,2189931.0
28,1768403.0,1662901.75,1825429.375,1685007.875,1762684.25,1641174.625,1734823.375,1695215.0,1766786.5,1691361.25,1833725.5,2061961.375,1750649.625,1792660.125,2012537.125,1875726.625,1812768.375,1750095.125,2102556.0,1822355.0,1817736.625,1704873.375,1676908.625,1516551.5,1817872.0,1590169.75,1595588.75,1443474.5,2088276.5,1907636.875,1874662.75,1676219.375,1622854.875,1571337.875,1679650.625,1591778.875,1662134.125,1534679.375,1762429.0,1867392.875,1677812.5,1903090.5,1529684.625,1276051.375,1261518.0,1184273.25,1383237.125,1498706.0,1446186.0,1317269.625,1544749.25,1531697.25,1683138.875,1520554.0,1673709.125,1826436.625,1760572.25,1604344.875,1423885.375,1585213.875,1470182.0,1454663.0,1785293.875,1842036.625,1616162.125,1647123.125,1538248.375,1640181.625,1511758.75,1544820.875,1917285.5,1719148.875,1807894.0,1695677.0,1559554.75,1234330.875,1943781.125,1682739.25,1599603.25,1755765.625,1212352.375,1277949.0,1401831.375,1411885.25,1510393.125,1431937.375,1566146.25,1517223.75,1249191.125,1341775.375,1525589.625,1406200.375,1309716.125,1200875.0,1472943.75,1342070.125,1496306.0,1546198.875,1516303.625,1452089.625,1174895.375,1134909.0,1498183.625,1353740.0,1661850.625,1751021.125,1570612.25,1536192.375,1471897.75,1474759.25,1415373.25,1286323.125,1832042.375,1697573.875,1412698.875,1380645.375,1526550.125,1402018.0,1892130.375,1965217.5,2019905.625,1798702.375,1933797.875,1847265.375,1859075.0,1979167.375,1866674.0,1981422.75,2057286.625,2055467.75,1937540.375,1896665.125,1962471.375,2134104.5,1527942.125,1461467.75,1913028.375,1855701.0,2034536.125,2041375.625,1623666.875,1578569.25,1859660.875,1802810.125,1787927.5,1635298.125,1849008.25,1984797.0,1933035.75,1795896.0,2040285.875,1900960.75,1922210.625,2018763.5,1764643.0,1764747.125,1500976.75,1486250.5,1982043.5,1734655.625,1839770.625,1701852.5,1729089.125,1685335.0,1815073.375,1668533.625,1646609.125,1390186.375,2140240.5,2019318.25,1685296.75,1567249.0,1609834.125,1432617.5,1939236.875,1983308.75,1602893.125,1824799.625,1749548.25,1969023.5,1803089.375,1713229.75,1704219.5,1840714.625,1880981.625,1917528.5,1832339.25,2004917.75,1691715.25,1716853.5,2000905.0,2034199.75,1742526.375,1893171.5,1843778.125,1810167.5,2002992.375,2060828.625,1742970.375,1639850.625,1642830.0,1554376.75,1343655.5,1372840.875,1425102.5,1481136.625,1712486.75,1646772.125,1937862.0,2006607.5,1036067.8125,1065127.125,1234734.125,1193142.75,1343690.5,1246860.375,1894265.25,1627726.0,2145488.75,1799529.75,1373079.125,1375801.625,1588757.5,1670293.125,1383866.625,1412347.5,2674636.25,2254239.5,1422482.75,1331132.75,2297301.5,2316642.75,1425680.25,1701131.0,1735567.25,1629544.25,2777561.0,2324207.5,2163923.5,2331733.5,2401373.0,2672559.25,2999971.5,2932999.75,1640076.75,2189610.75
29,1763564.375,1656534.75,1827065.625,1688940.75,1756610.375,1635947.5,1733515.0,1695048.75,1763807.125,1691026.875,1832721.75,2058726.875,1747168.125,1785657.75,2010923.0,1872598.75,1811051.25,1750281.5,2099849.25,1819515.25,1818062.5,1702447.875,1681454.5,1513997.75,1819017.125,1590398.875,1588055.5,1440620.0,2085563.5,1905778.375,1876164.75,1677551.75,1621749.25,1568479.875,1671930.625,1591013.125,1659859.625,1534145.75,1758518.125,1868032.375,1678138.625,1903679.625,1525156.0,1274826.5,1260520.75,1186563.375,1382222.625,1495817.25,1442030.125,1317291.0,1536803.25,1528836.75,1681218.75,1516808.75,1673444.125,1825636.875,1761337.625,1604449.75,1425268.375,1586218.5,1466706.625,1452925.75,1784982.375,1840786.25,1620887.875,1650344.875,1540135.75,1643969.875,1511154.125,1548681.875,1917545.625,1718613.0,1809244.875,1694763.0,1558799.25,1233557.25,1942597.375,1686660.125,1600764.5,1760326.875,1208466.5,1280641.5,1398150.375,1415455.125,1505837.25,1432942.125,1566453.375,1521318.375,1246534.375,1342374.875,1524796.625,1404141.625,1305549.5,1202204.125,1468403.375,1343118.875,1491715.25,1545175.625,1511816.75,1454573.0,1174238.75,1135619.375,1495838.875,1352813.5,1660922.625,1751397.5,1569683.25,1537967.5,1471142.625,1476745.125,1415488.25,1290267.875,1834510.875,1701146.25,1415974.125,1382995.625,1528123.0,1398465.125,1893335.75,1976429.375,2015514.0,1800454.25,1932172.375,1846627.625,1865849.375,1977996.75,1869499.5,1979131.25,2058710.625,2058744.125,1939093.75,1895157.5,1961611.875,2133535.5,1525855.0,1461156.75,1918984.375,1857170.125,2035205.75,2043686.75,1626383.875,1577181.25,1860625.0,1800127.75,1786241.625,1634733.875,1863560.0,1991051.0,1936970.75,1800046.5,2042610.5,1902230.0,1920838.5,2016529.75,1762962.5,1761481.0,1497932.75,1485024.0,1983253.875,1733133.25,1842579.0,1700713.5,1728753.875,1685277.75,1818086.375,1667860.375,1645068.125,1389154.125,2142140.25,2020224.875,1683932.625,1568499.875,1610659.625,1431855.75,1941760.75,1984420.75,1604408.5,1823753.375,1748751.25,1969253.375,1804393.5,1712962.0,1701301.5,1836918.625,1877939.375,1913677.125,1831470.75,2002524.75,1699358.0,1716846.0,2001585.625,2036831.5,1732404.0,1889591.375,1844359.875,1810680.25,2005984.5,2063541.25,1742544.25,1637945.875,1640279.75,1554510.875,1342286.5,1369578.625,1428428.0,1483978.125,1712879.625,1646264.25,1936063.125,2007665.375,1037373.25,1066916.625,1233190.125,1194525.25,1343850.375,1248594.75,1896399.0,1628082.25,2143074.0,1795607.75,1370761.125,1373982.5,1583499.0,1660533.125,1383745.25,1411487.875,2678609.5,2253729.5,1421636.25,1328925.375,2294067.75,2313585.75,1424153.375,1694238.25,1728165.875,1622502.875,2778334.5,2324430.0,2157788.25,2325328.25,2394330.25,2664820.75,3002330.75,2936787.5,1637496.0,2180239.75
30,1760525.625,1654871.375,1824929.375,1689117.75,1768144.125,1641840.625,1724231.25,1696346.5,1761288.125,1689245.0,1830864.375,2058287.625,1751980.625,1793905.875,2007382.5,1873488.125,1804704.625,1749759.125,2101486.0,1824104.375,1817392.875,1708102.875,1680191.5,1521605.75,1815145.375,1592043.375,1582555.125,1435795.5,2081938.125,1901952.5,1873735.0,1684213.25,1620464.875,1572149.25,1672115.625,1597196.875,1657849.25,1534039.0,1762438.375,1866432.625,1684040.25,1910916.875,1520069.25,1276005.625,1261766.125,1195255.0,1383334.5,1492016.75,1444013.625,1318813.0,1534561.75,1530281.75,1679083.75,1519505.5,1667554.25,1824147.25,1762854.5,1605058.5,1421444.125,1581411.75,1468270.25,1451763.25,1781550.125,1839678.875,1621813.25,1650791.5,1541759.75,1643998.25,1498647.0,1547216.0,1915931.375,1723759.25,1808465.75,1696880.0,1556948.125,1236282.125,1936678.125,1681494.0,1602056.75,1758191.125,1210567.375,1276417.875,1395516.625,1409838.75,1508462.375,1429292.5,1566912.125,1520127.375,1245992.375,1337477.25,1525071.5,1399195.875,1305609.5,1195488.5,1465883.75,1336336.25,1493358.875,1540582.75,1508757.875,1450118.0,1173036.625,1131345.125,1492260.75,1345645.375,1660932.125,1746882.75,1569065.875,1535207.25,1467867.125,1478017.625,1420351.625,1293338.0,1834937.5,1706789.75,1419884.0,1385499.25,1529308.375,1387996.5,1893074.0,1985058.0,2010499.875,1796524.0,1926387.875,1844573.25,1856185.375,1966219.375,1866657.75,1970058.75,2058545.625,2058172.75,1930158.0,1890261.625,1955739.75,2128742.75,1530840.625,1458401.25,1917786.875,1855450.875,2033399.625,2045019.5,1625526.0,1575081.125,1863548.0,1796926.875,1785272.375,1634805.875,1868772.0,1987707.625,1938319.0,1800452.125,2042077.0,1902336.375,1920491.875,2013835.25,1760135.125,1762683.875,1499077.25,1488854.75,1980972.375,1732728.5,1838292.0,1697049.0,1726160.875,1685381.75,1818148.75,1673573.75,1644066.625,1393180.0,2133594.75,2021208.0,1679418.0,1571857.375,1609980.625,1433787.25,1945449.375,1985067.25,1604780.5,1826724.25,1750362.25,1973907.0,1806452.125,1714740.125,1698468.625,1832846.0,1877446.375,1912996.0,1836204.75,2007999.625,1706177.75,1718781.75,2002768.0,2036679.375,1728918.0,1891084.75,1844312.125,1807100.125,2005643.5,2062901.625,1747042.625,1635247.125,1641937.625,1550868.875,1353099.25,1374869.5,1435676.375,1481223.625,1713722.5,1644551.75,1934479.75,2005689.875,1038977.625,1067890.875,1231090.5,1194674.625,1343520.125,1251186.625,1896165.5,1627325.0,2149901.5,1799757.5,1370702.5,1372516.125,1584540.5,1663670.5,1384668.75,1413170.875,2683063.25,2257600.5,1421068.5,1328136.375,2289453.75,2311649.75,1424913.75,1686247.0,1723673.375,1618714.5,2776236.25,2320992.25,2152814.25,2320421.75,2389869.0,2661259.25,3000927.25,2938608.75,1635143.125,2171468.75
31,1760896.625,1658947.875,1820398.375,1690461.75,1780565.625,1649908.875,1717509.0,1699054.875,1762044.5,1687467.75,1828909.375,2060787.625,1756930.625,1803227.0,2002741.125,1878286.875,1800947.875,1751755.625,2103098.75,1831350.0,1814585.875,1718781.0,1674564.625,1537412.125,1808320.375,1598166.875,1583904.125,1435911.0,2080587.875,1903624.0,1874161.25,1693272.875,1618837.625,1580957.625,1678272.125,1606279.0,1657350.0,1534395.625,1768140.0,1865736.0,1686164.875,1912918.125,1517530.375,1277386.5,1262777.125,1198097.125,1383916.375,1491724.5,1446948.25,1316805.375,1539468.375,1532542.5,1676429.875,1528448.25,1660045.875,1827363.875,1760146.75,1606364.25,1415111.0,1579077.75,1471901.125,1452794.75,1779846.875,1843210.25,1619772.375,1648830.375,1545340.875,1642874.25,1488648.5,1540357.875,1912335.5,1728091.0,1804610.0,1699652.0,1557793.875,1238148.375,1934154.875,1673013.5,1605529.375,1749491.625,1220204.25,1268458.125,1402046.375,1399113.125,1520326.375,1421852.875,1567282.5,1513970.125,1252027.875,1333493.375,1530866.375,1396298.25,1311620.875,1186537.0,1470382.25,1329358.25,1505851.5,1536082.75,1515206.75,1443761.625,1176350.125,1127064.125,1491456.125,1339829.5,1665223.625,1744202.25,1572884.0,1530471.375,1464059.875,1477929.75,1426780.375,1293366.875,1833939.25,1709531.875,1418065.125,1387122.75,1527254.125,1379375.875,1893795.75,1985014.875,2012065.875,1791554.375,1922585.25,1844314.125,1841659.5,1959554.375,1865752.875,1964698.375,2058445.625,2058181.375,1918978.25,1888796.5,1953571.0,2127583.75,1538319.125,1452805.75,1915372.25,1854963.0,2030261.625,2046066.875,1621064.625,1575993.0,1862602.125,1793570.125,1784237.75,1635771.75,1867044.0,1982998.125,1938024.5,1796092.625,2042194.625,1900427.5,1921559.375,2013222.625,1755203.5,1768315.0,1499797.25,1492316.5,1973624.875,1734421.375,1828085.75,1694886.625,1721773.875,1683861.625,1812604.125,1678814.25,1641494.5,1397097.875,2119427.75,2020591.375,1674702.625,1574513.875,1607259.875,1437123.875,1945522.0,1984239.75,1602629.5,1828107.125,1749210.125,1973813.875,1807906.5,1715736.0,1697896.75,1833628.125,1877856.875,1913610.5,1838080.625,2013018.25,1705526.5,1720278.5,2006826.125,2037883.5,1734927.125,1897332.375,1845866.625,1807228.0,2005250.875,2062130.125,1754005.0,1634538.25,1650390.75,1545948.125,1366974.125,1381404.75,1442237.75,1475359.375,1717371.5,1643892.625,1935400.0,2002984.75,1036841.6875,1068055.25,1230424.875,1195104.25,1341676.75,1252279.0,1893029.125,1627185.375,2157189.25,1804345.0,1372242.75,1372586.875,1588885.75,1672351.375,1384369.5,1412501.625,2681675.5,2261483.75,1420592.5,1329057.625,2295105.75,2315844.75,1427037.75,1687293.75,1727674.875,1620788.5,2775874.0,2321932.75,2156709.5,2322112.0,2395637.75,2667878.75,2999433.75,2938652.5,1638558.5,2172636.0
32,1760958.125,1659471.875,1819208.5,1689729.125,1778241.0,1648263.5,1718721.0,1696985.875,1760807.625,1685544.375,1829286.75,2060451.0,1756069.375,1800801.625,2002613.0,1877484.0,1801431.375,1749606.25,2102198.75,1830172.0,1812766.375,1720993.625,1671107.5,1535828.5,1807537.25,1599463.375,1585910.875,1442011.625,2079905.75,1906500.875,1878545.0,1696027.375,1618133.375,1582698.0,1674424.375,1608169.0,1656359.875,1534155.5,1763747.0,1868606.125,1681993.25,1911774.5,1515918.375,1281328.75,1264017.875,1199396.625,1384361.5,1490574.125,1447665.0,1316238.375,1539193.5,1533747.125,1674821.75,1529066.125,1659239.125,1827720.75,1756614.875,1605367.5,1413865.625,1579155.5,1469945.0,1454323.375,1779850.0,1845868.375,1620098.125,1648686.375,1545832.5,1642330.0,1491977.0,1536360.625,1910344.625,1724057.75,1802466.875,1698337.625,1557546.875,1236092.875,1938021.75,1673258.75,1604561.875,1749788.5,1219761.75,1269546.125,1405670.375,1398729.25,1518841.125,1418276.75,1565639.25,1514462.625,1254438.0,1336705.5,1533120.375,1397512.625,1311580.5,1185958.5,1470674.625,1331653.75,1505941.0,1535147.0,1517255.0,1444286.5,1178810.75,1128998.625,1490645.5,1341009.0,1667396.125,1746805.75,1574192.125,1530363.0,1462376.25,1480334.25,1429802.875,1296082.0,1836991.5,1709357.125,1417828.125,1391158.625,1527670.875,1380921.75,1901270.25,1990921.375,2012562.625,1790395.375,1920901.0,1843788.75,1842986.75,1958473.75,1867898.5,1963354.0,2056937.0,2057021.125,1918435.625,1889924.125,1953823.25,2129504.5,1538251.5,1451521.5,1917801.75,1856002.25,2028046.125,2043809.125,1618414.25,1576004.625,1858941.75,1791120.25,1782068.625,1634601.75,1868015.625,1984100.875,1940006.125,1796002.875,2044801.25,1899146.875,1920403.875,2012159.875,1753222.5,1767039.75,1496676.0,1490139.625,1970531.25,1733097.625,1826686.0,1695901.625,1722483.625,1681998.125,1814198.875,1677830.0,1640149.625,1396531.0,2125338.25,2021843.375,1678263.375,1574014.375,1608018.375,1437646.375,1943837.25,1984412.0,1602483.0,1827369.0,1747416.5,1968569.0,1811558.5,1715792.0,1697793.25,1835188.5,1876823.875,1912651.125,1836723.0,2012035.5,1700982.625,1718057.5,2007918.875,2040088.0,1736935.0,1899646.375,1850231.75,1814014.375,2008782.75,2065352.75,1752715.75,1634457.125,1650499.0,1546005.5,1367512.625,1381451.5,1439455.75,1473965.5,1718932.75,1644536.25,1935600.5,2003218.0,1034915.5,1070034.75,1234055.375,1197356.375,1343881.0,1252865.625,1894649.0,1628566.875,2158274.75,1801702.125,1373021.75,1373274.0,1590475.125,1672911.375,1384515.375,1411734.625,2681245.0,2262773.5,1422402.625,1330145.0,2306116.25,2320840.25,1427051.75,1694442.375,1730658.25,1622098.25,2782838.0,2329737.0,2160631.75,2325639.25,2402407.75,2674409.25,3002759.75,2940968.75,1642600.375,2177368.5
33,1759395.125,1652512.25,1826050.625,1682738.25,1769993.0,1638011.125,1729824.625,1691833.875,1763371.375,1687884.875,1833625.375,2057195.5,1752759.875,1790177.75,2008713.875,1869524.25,1804685.0,1743666.875,2098159.75,1816256.0,1816113.125,1707772.75,1676279.875,1510833.625,1816521.125,1591901.25,1594212.25,1446167.875,2079841.625,1904788.25,1881610.75,1686713.75,1622179.75,1574232.375,1666854.125,1598237.375,1656170.125,1534814.25,1757841.75,1874084.875,1680819.25,1916327.625,1515084.0,1290348.5,1268348.625,1205646.875,1388240.375,1490194.125,1450392.25,1322400.875,1537706.25,1536742.75,1679353.25,1519667.75,1670246.875,1823528.5,1760471.625,1604639.25,1425377.625,1582700.625,1465286.25,1456351.625,1780172.5,1844008.625,1621332.0,1650971.75,1542998.5,1645640.875,1499111.875,1539972.0,1910717.625,1717586.625,1805108.875,1694372.125,1551054.75,1233646.125,1938731.625,1680447.625,1595762.75,1759573.5,1203591.875,1279331.875,1397088.5,1412040.375,1497058.75,1423006.5,1562414.25,1521703.0,1246782.25,1344826.25,1523204.875,1403671.75,1304514.875,1196471.25,1465169.0,1343786.625,1483117.625,1539159.625,1507727.0,1453163.625,1176423.25,1137984.875,1491319.75,1348707.125,1661074.0,1751536.875,1568867.125,1536111.875,1467403.875,1483875.625,1427219.5,1299545.5,1843043.125,1705106.25,1422739.0,1394612.0,1535634.125,1389830.0,1908087.0,1992864.625,2006656.625,1794483.25,1920488.375,1840616.5,1855601.375,1961910.625,1866729.375,1965881.75,2054592.0,2054702.625,1931507.25,1892180.625,1954063.75,2130978.75,1529142.875,1458829.375,1921926.5,1856579.375,2031064.375,2042968.375,1620951.375,1573199.125,1856489.5,1791611.0,1781572.375,1632855.0,1859375.625,1983553.125,1937068.125,1799602.875,2045671.5,1899320.125,1917396.5,2008956.625,1760205.125,1760422.5,1495337.0,1486531.5,1981031.125,1731310.5,1838884.25,1700187.25,1729104.25,1682342.875,1823343.5,1672780.875,1643625.5,1393055.875,2144644.5,2023870.25,1686387.875,1571001.375,1612057.5,1434944.625,1944738.875,1986088.875,1605609.0,1827726.25,1750721.5,1968666.375,1815032.875,1715087.125,1700158.5,1835292.25,1878710.125,1913935.125,1838133.75,2011758.125,1691989.125,1713283.5,2000332.625,2037321.0,1732120.75,1891806.125,1850962.0,1817891.875,2009686.625,2067388.0,1741220.125,1636023.75,1635934.625,1551678.75,1351212.5,1376593.5,1424008.0,1479963.0,1710298.25,1642415.0,1933758.875,2006568.75,1038245.25,1070934.25,1239380.375,1197488.25,1349058.375,1252683.25,1900964.125,1630710.375,2156435.0,1799758.625,1373047.5,1374489.875,1590650.75,1669593.375,1386705.625,1414907.125,2685392.25,2262044.75,1426141.625,1331451.25,2307282.0,2320412.25,1424435.25,1699384.125,1729982.625,1624226.0,2792020.75,2331782.5,2158595.0,2329764.25,2402367.0,2675691.25,3007978.0,2944430.0,1639424.875,2183136.5
34,1762089.125,1650096.5,1834030.625,1676924.375,1766820.875,1633262.375,1743298.75,1689889.75,1773055.625,1697040.625,1839226.875,2058367.75,1750169.875,1782833.0,2015045.75,1863834.0,1809813.0,1742003.75,2093465.875,1801154.75,1821306.375,1691593.0,1686010.625,1489704.625,1825191.875,1582317.0,1606718.875,1444794.875,2082181.875,1899148.5,1880044.0,1671031.125,1627551.5,1564180.875,1668527.5,1588025.0,1658497.375,1536472.625,1760129.375,1875396.875,1683762.25,1920182.125,1517790.5,1295797.25,1271923.0,1207555.375,1391580.375,1493908.5,1453153.0,1327043.375,1542978.5,1540120.625,1686826.875,1512324.5,1683525.5,1822445.0,1767385.625,1606341.0,1438976.25,1589441.5,1464181.25,1457397.5,1781688.5,1839812.375,1620930.875,1651997.25,1544244.75,1654952.375,1502215.625,1545884.625,1914319.625,1717208.125,1809892.375,1692940.875,1547003.875,1235072.375,1937355.875,1687498.875,1589557.75,1767995.0,1191410.5,1287866.125,1387944.5,1424605.875,1479389.875,1432266.125,1560621.75,1527523.25,1239080.625,1349622.75,1511149.25,1409484.25,1300887.875,1208002.875,1463624.25,1354552.125,1464331.625,1546252.25,1500164.375,1460780.625,1173254.375,1146446.0,1493910.375,1355554.625,1654207.625,1753953.125,1563790.75,1541987.25,1474173.125,1484219.25,1421596.0,1299325.125,1843990.0,1699069.625,1425975.25,1392807.375,1541314.625,1395629.25,1903992.75,1984086.25,2004469.375,1800995.625,1925667.875,1840670.125,1865439.125,1972719.875,1863623.125,1970781.125,2055689.5,2057278.25,1946350.625,1895659.75,1957524.25,2131314.75,1518378.125,1464279.625,1923385.0,1854738.5,2039266.625,2045596.625,1625752.25,1570833.5,1856272.125,1795255.875,1784406.125,1633392.375,1844558.0,1980121.125,1930797.125,1801827.0,2041592.875,1898583.125,1916654.125,2007886.25,1769986.5,1758228.125,1498667.5,1485642.375,1995635.25,1733436.625,1852095.375,1704602.625,1732082.5,1682448.125,1827326.0,1668876.875,1648440.0,1390607.0,2149389.5,2022904.875,1687893.0,1568670.625,1614156.875,1432830.75,1946098.625,1986194.75,1606556.625,1827274.0,1753852.125,1973932.625,1811725.125,1712794.25,1702566.125,1835056.0,1882690.0,1917061.5,1839499.75,2013370.5,1684005.0,1711379.625,1994496.0,2032533.125,1729453.0,1883834.625,1846628.375,1813137.625,2005922.625,2062398.875,1731038.25,1639581.0,1623710.625,1558005.5,1332151.75,1370837.625,1409542.25,1487034.125,1698901.5,1638066.0,1930524.25,2007685.625,1042268.5,1069346.875,1240677.875,1195122.25,1350029.0,1251388.25,1903005.375,1629960.125,2151733.25,1802649.0,1372560.875,1376333.625,1590548.25,1669371.5,1387577.375,1417803.5,2684973.5,2257954.25,1427170.125,1332825.75,2294505.75,2317064.25,1422200.125,1696977.0,1728257.25,1627324.875,2787427.25,2323005.75,2154439.5,2331001.5,2395610.5,2669922.75,3005997.75,2942224.5,1633093.625,2186885.25
35,1770129.625,1658739.75,1830985.125,1677557.75,1768422.125,1640198.0,1740709.25,1689764.625,1776293.25,1702764.25,1840054.25,2063829.75,1751589.75,1790172.5,2015979.0,1866149.125,1813428.375,1745066.125,2095364.0,1804531.125,1821327.25,1691496.5,1686983.75,1493386.125,1822894.125,1578584.125,1604475.125,1444888.25,2086186.75,1896064.5,1875629.75,1666293.125,1628509.0,1564094.5,1674604.75,1591502.875,1660384.0,1536504.875,1764503.25,1870168.25,1684496.875,1918939.375,1519207.125,1291666.375,1268538.0,1202132.0,1387787.25,1494024.125,1450970.5,1323657.0,1546012.375,1539171.125,1688771.375,1515492.125,1682828.75,1824502.75,1767376.0,1608340.375,1433662.0,1588337.5,1465862.625,1456148.5,1783993.375,1837743.375,1620054.75,1650969.25,1546531.125,1659059.0,1499762.0,1544300.0,1918399.75,1722128.0,1809762.25,1694987.0,1552441.0,1238668.375,1938406.125,1687209.625,1591112.25,1767389.375,1196711.125,1286299.375,1388524.5,1420249.5,1486716.625,1437070.25,1561470.0,1525922.5,1240167.25,1345923.375,1513103.0,1406242.875,1302300.5,1205477.875,1465949.75,1350259.0,1472520.75,1548017.5,1502319.0,1455664.375,1171778.75,1141723.25,1492100.375,1351328.75,1656946.875,1751395.875,1564426.25,1541348.75,1471141.125,1480761.5,1417553.625,1294198.75,1838151.625,1695976.0,1421429.125,1386080.875,1533782.625,1393030.375,1894801.375,1975545.375,2008046.125,1801146.375,1932197.5,1845341.75,1863435.625,1977393.75,1859162.625,1970206.375,2059465.625,2061516.125,1945280.25,1894633.125,1961509.875,2130884.25,1518222.125,1460902.125,1920616.375,1850726.625,2043967.875,2047132.25,1628621.875,1570753.625,1859247.625,1799539.0,1787999.125,1635798.75,1844321.875,1978315.5,1932262.0,1801936.5,2039234.25,1897581.75,1920776.5,2013055.75,1771764.75,1763363.125,1502312.625,1485750.25,1997422.25,1738523.75,1851280.0,1702096.5,1728276.5,1682351.875,1822905.0,1669837.125,1649075.5,1391163.25,2141304.75,2021006.625,1684360.25,1569327.5,1613258.875,1433437.875,1946271.125,1985547.0,1604577.5,1826718.625,1753781.25,1975856.375,1805588.625,1711194.0,1700566.75,1834442.875,1884078.75,1919188.375,1839067.25,2014915.375,1687538.75,1716366.75,2000621.0,2034353.75,1736957.5,1891148.0,1845122.375,1806736.25,2004121.625,2055694.0,1736853.875,1642937.625,1629717.25,1558533.125,1333670.5,1374031.125,1414912.125,1487881.375,1702635.625,1638086.25,1930443.125,2003028.25,1040622.3125,1067300.875,1236944.625,1193778.375,1346255.0,1248997.375,1897464.25,1624418.25,2147859.25,1804849.75,1371761.125,1376187.0,1589794.25,1671079.0,1385896.5,1416009.625,2679933.75,2254322.0,1424362.875,1332098.75,2281829.5,2313861.0,1422655.125,1691108.375,1726566.125,1626919.625,2771790.25,2315553.75,2152624.5,2327527.0,2389372.0,2663316.5,2999238.25,2936624.5,1632412.5,2184198.5
36,1772715.625,1663770.5,1822991.625,1680391.375,1772500.875,1647533.375,1728592.0,1690211.0,1769953.125,1699102.625,1835881.75,2065393.125,1755671.75,1801847.25,2014010.875,1872200.75,1812200.0,1746629.0,2101383.0,1819798.375,1816942.0,1701023.0,1680140.125,1509022.125,1816051.25,1583063.125,1590680.0,1447351.0,2086839.5,1898019.25,1871272.0,1672179.0,1625848.5,1570353.625,1675885.625,1597423.875,1658545.375,1533844.25,1765002.875,1863951.75,1682133.375,1916629.625,1514535.0,1286756.5,1261962.75,1198040.75,1380894.375,1487132.0,1447086.625,1318832.5,1542429.625,1535579.75,1685702.25,1523548.375,1672254.75,1825996.875,1763159.125,1608062.0,1418149.625,1581142.125,1466699.5,1453949.0,1785076.625,1839060.375,1620206.5,1650873.125,1545288.625,1653675.625,1492295.375,1536038.125,1915701.25,1722857.25,1804444.25,1695763.0,1556993.375,1237405.125,1936654.875,1680438.75,1593317.625,1757727.0,1206113.0,1278000.5,1392146.125,1406320.0,1505371.0,1436485.25,1562719.875,1518917.875,1244268.25,1339716.25,1523564.625,1401039.25,1301888.5,1193852.75,1466068.25,1337897.875,1490234.125,1543673.625,1506184.0,1445426.125,1170430.75,1128573.0,1486746.25,1340828.625,1664463.125,1748651.375,1568269.25,1535681.5,1462463.75,1476807.625,1417090.25,1288904.875,1834023.0,1695346.625,1414012.25,1379396.875,1527780.75,1383254.0,1891595.375,1971354.625,2006929.875,1794702.75,1931033.25,1846701.625,1854758.25,1968552.625,1856498.25,1967237.625,2061542.625,2058117.625,1932058.25,1888295.0,1962894.125,2131799.25,1528524.625,1457483.0,1914531.0,1846700.375,2039753.125,2044771.125,1625836.375,1569683.25,1860132.875,1799381.125,1787851.125,1637307.75,1857923.625,1981528.125,1937368.625,1800114.625,2043167.75,1897574.25,1924840.875,2018222.875,1766360.125,1767659.25,1501311.625,1485195.375,1989054.625,1739436.875,1840102.25,1695444.125,1725018.25,1684704.5,1819527.75,1673465.625,1646526.625,1391834.125,2137659.5,2020341.75,1682356.375,1571250.875,1611825.125,1433827.75,1945637.625,1985130.25,1604692.375,1827981.125,1754836.0,1974372.875,1804051.875,1711819.375,1698703.125,1833958.0,1883399.25,1919100.0,1840050.75,2016818.75,1698193.0,1723038.375,2009040.875,2040065.625,1745385.375,1903571.5,1847194.0,1807387.875,2005395.0,2055191.625,1754718.875,1647403.875,1645347.75,1555667.25,1355267.375,1388963.375,1432581.25,1486463.125,1718982.375,1644642.5,1936376.0,1997700.25,1037263.6875,1066908.875,1234463.25,1194277.5,1343125.625,1247487.375,1893150.625,1621663.0,2150791.75,1805187.0,1371947.375,1373528.375,1589665.0,1671674.875,1384857.125,1413395.625,2679528.75,2255964.25,1422387.125,1329698.75,2285986.5,2314708.75,1424661.5,1692155.625,1726816.25,1624379.0,2770813.5,2321044.25,2154018.25,2326217.75,2392303.5,2668347.0,2999067.0,2938272.0,1636700.75,2182077.25
37,1766907.0,1657916.625,1821407.625,1678929.875,1773694.0,1646051.5,1726799.0,1690813.375,1764571.5,1692412.25,1832492.25,2060858.75,1756179.375,1800933.75,2012827.875,1873835.125,1808501.375,1742297.375,2102950.5,1824057.75,1815007.375,1701499.5,1676424.875,1511624.75,1814834.75,1586296.25,1584538.5,1444634.5,2083963.25,1898763.875,1869132.125,1674429.125,1623840.0,1571489.25,1673298.625,1591988.375,1656308.875,1531814.625,1765038.375,1862095.125,1681383.75,1914825.625,1511782.625,1285965.125,1259763.375,1197861.0,1379242.375,1482040.625,1445554.875,1318158.25,1540528.5,1533615.0,1684038.5,1525711.125,1668488.0,1825314.125,1761548.5,1604670.25,1414326.125,1578275.375,1467221.0,1451798.75,1785065.375,1839782.125,1620124.75,1650453.375,1542683.25,1646529.25,1488140.375,1532113.5,1911783.25,1719083.0,1803419.375,1693765.375,1554161.5,1233514.125,1933582.125,1677227.5,1593018.375,1749872.375,1206000.125,1274187.5,1391393.875,1401455.875,1510750.25,1436049.75,1562898.625,1515357.5,1243839.25,1337871.25,1528942.375,1404774.375,1299172.125,1189932.25,1464439.125,1333513.75,1494473.75,1543883.25,1505186.5,1444894.0,1168586.25,1124472.625,1484659.375,1338037.125,1668933.375,1749844.0,1571056.625,1533334.25,1460379.875,1476982.5,1417396.625,1289685.25,1834851.5,1698436.625,1413225.375,1379815.625,1534253.125,1375864.5,1893370.0,1975916.875,2005365.5,1792412.75,1927350.75,1844877.25,1855402.25,1959801.25,1863383.875,1971471.375,2063021.875,2048594.0,1926654.125,1883785.125,1965986.0,2133053.5,1536895.375,1459039.375,1909212.125,1844249.0,2034960.5,2038014.5,1619206.375,1566443.875,1856003.25,1795069.5,1786666.875,1636977.75,1870829.875,1989294.75,1937777.0,1797947.875,2046753.875,1898395.75,1923337.625,2017546.375,1762830.0,1763775.75,1498328.75,1484472.5,1984308.375,1731781.75,1833882.375,1692367.75,1725575.25,1685827.375,1822729.0,1675343.125,1646136.75,1391565.75,2138873.0,2020476.875,1682518.0,1572150.25,1611946.75,1432700.375,1942879.125,1982931.375,1605580.125,1828919.375,1755526.375,1973366.125,1803896.5,1711309.5,1700537.25,1834490.625,1883277.625,1916742.125,1842102.125,2016193.25,1705723.5,1724429.625,2011185.625,2042653.375,1743766.0,1904596.25,1847271.375,1810759.625,2006129.25,2058879.875,1766717.0,1654760.0,1655245.625,1558032.25,1368485.25,1399955.375,1439528.25,1489322.0,1730807.125,1654023.25,1945702.25,1998101.125,1037822.3125,1068784.75,1236180.875,1195388.5,1343677.0,1250280.875,1896093.375,1625758.75,2154186.25,1804765.125,1371781.875,1371592.25,1588371.0,1670431.625,1383868.125,1413599.125,2683119.5,2259360.25,1422556.375,1328063.125,2292983.5,2317759.0,1423805.5,1694783.875,1726985.625,1621268.875,2781019.25,2326935.5,2154551.5,2326750.75,2395881.0,2672633.25,3002313.25,2943390.5,1636625.25,2180797.25
38,1762333.375,1653444.875,1823434.25,1675807.5,1769462.625,1640217.875,1729917.75,1689766.125,1760783.5,1686914.5,1831155.625,2056185.75,1753320.125,1795061.75,2012297.625,1871919.0,1806377.125,1737290.375,2102073.0,1820413.25,1818325.625,1697265.625,1676801.0,1504707.5,1816571.5,1583485.125,1588921.75,1441689.875,2083418.375,1897266.375,1871887.5,1675564.25,1625564.125,1570626.75,1673812.5,1587077.0,1657791.75,1532877.5,1766960.375,1865218.125,1683371.0,1913981.0,1515512.625,1286002.875,1262696.75,1199069.5,1382875.125,1484118.75,1446739.875,1318714.75,1542865.75,1532639.375,1685280.875,1522723.0,1671685.0,1822610.5,1761687.625,1601294.125,1418217.875,1576127.75,1468429.125,1451905.625,1784308.625,1839309.375,1618511.25,1647849.875,1535891.625,1637118.375,1488853.75,1533866.375,1914287.125,1719452.125,1806017.625,1692468.375,1551644.25,1233338.75,1931858.625,1676468.75,1591555.5,1749691.5,1201489.5,1273484.875,1388885.875,1403143.875,1505216.25,1435282.375,1563131.125,1516215.0,1241113.75,1338031.0,1528895.875,1410117.875,1298860.5,1192021.0,1462836.125,1335679.75,1490056.625,1547966.375,1501663.125,1449458.625,1168115.25,1129694.75,1485569.5,1341770.0,1670029.25,1751717.25,1570958.5,1536167.125,1463124.25,1479326.5,1416577.875,1290816.875,1834651.5,1700533.875,1414786.125,1383488.875,1534578.125,1380123.125,1893689.625,1976903.125,2009582.75,1795441.25,1926932.625,1845244.125,1864879.625,1960366.125,1873697.625,1979362.125,2064751.875,2043634.0,1931942.625,1884531.0,1970313.0,2132603.5,1539826.375,1461849.375,1909168.0,1847002.5,2036990.0,2033288.625,1618306.5,1567083.125,1855853.625,1795334.75,1789647.75,1637176.375,1876317.625,1993412.125,1937591.875,1796994.625,2045651.75,1900744.375,1920285.0,2016365.125,1764413.875,1758933.625,1498986.75,1484300.875,1985516.75,1725366.75,1835547.0,1692892.125,1726720.375,1684178.375,1824767.75,1674733.25,1647222.5,1392271.25,2141738.0,2021729.5,1684531.0,1571059.75,1611945.125,1432044.25,1939662.625,1981250.375,1603506.125,1828546.0,1752819.625,1970984.625,1801967.125,1707693.375,1701187.125,1834580.0,1883087.125,1915491.125,1841627.5,2013301.875,1706247.875,1723234.375,2012528.875,2042563.0,1747232.875,1904328.875,1845636.375,1810200.375,2005026.125,2060868.25,1769093.625,1660684.125,1658027.75,1562684.875,1366045.5,1400329.5,1435336.125,1493051.125,1736089.5,1661855.625,1954140.25,2004368.125,1037048.1875,1068941.875,1236325.0,1195113.375,1344044.875,1250490.75,1897499.75,1626363.25,2153370.75,1804392.75,1369663.75,1371619.875,1586438.625,1669417.125,1381905.5,1413997.5,2685053.5,2261392.5,1422050.375,1327346.125,2286940.25,2313871.75,1420349.0,1690170.875,1726648.625,1619621.875,2779893.0,2319413.25,2153284.75,2324995.0,2393425.0,2666518.5,3001211.75,2942597.0,1631799.875,2176669.25
39,1761596.875,1654575.75,1825265.125,1678926.125,1764766.375,1635300.875,1728679.75,1690345.125,1757472.375,1684462.625,1831490.25,2056060.375,1750340.75,1791733.75,2012180.25,1871436.75,1805134.25,1739234.5,2101157.75,1817043.125,1820863.0,1696899.25,1678828.25,1505031.0,1816842.5,1583085.125,1592440.625,1443029.625,2082929.375,1896699.0,1875577.5,1676871.75,1626656.125,1568112.875,1675380.0,1588211.375,1658831.5,1533812.5,1765502.625,1866307.75,1684123.0,1913822.75,1518873.5,1286524.375,1267129.0,1201170.25,1385887.75,1487353.25,1449045.5,1319254.5,1543245.75,1531504.75,1685191.25,1518415.25,1672739.75,1820951.5,1761792.75,1600031.0,1419965.5,1573833.125,1467824.0,1453286.375,1781669.625,1839257.5,1617551.875,1646220.375,1529148.625,1629558.5,1491228.75,1536669.625,1916341.0,1720492.5,1806661.125,1692834.375,1551817.375,1232571.875,1930925.75,1675828.5,1591141.125,1752721.125,1200006.0,1272961.375,1389880.75,1404375.5,1500735.125,1432419.625,1563821.375,1518053.375,1239862.75,1338251.0,1525026.0,1407828.875,1301641.875,1193917.375,1461889.0,1337802.125,1485469.125,1546617.5,1500537.125,1450042.625,1169495.625,1133855.125,1486136.5,1343405.375,1668222.25,1752451.75,1569200.375,1538554.0,1465460.125,1479758.5,1417064.875,1289828.75,1834260.125,1698823.25,1414892.375,1384007.875,1528875.75,1384474.5,1895313.0,1971512.0,2010676.125,1796574.25,1926140.0,1845221.25,1871088.5,1964943.625,1877996.375,1981458.625,2062511.875,2046828.125,1936605.75,1887674.25,1969962.125,2132053.0,1536831.375,1462928.0,1913414.875,1853530.375,2038037.625,2035006.75,1622359.375,1571029.75,1859319.0,1799371.875,1789633.375,1636362.25,1878992.5,1992555.375,1939270.375,1797585.0,2044141.875,1902927.875,1919794.375,2016289.0,1765555.375,1757974.125,1500009.375,1485148.75,1986589.375,1726157.375,1839859.25,1695407.625,1726552.5,1683467.375,1821435.875,1673662.625,1645622.25,1392247.5,2142569.75,2023165.125,1685538.5,1568793.625,1610047.5,1431452.0,1939034.75,1980922.625,1602453.5,1827872.625,1750001.25,1969085.375,1801727.0,1706093.875,1697855.875,1831759.5,1879144.875,1913334.75,1839159.0,2012713.125,1703460.375,1723401.375,2014440.125,2041813.0,1753172.625,1907796.0,1846059.375,1810840.25,2005275.875,2061183.125,1764198.375,1658279.625,1654462.0,1561316.625,1359892.625,1396033.75,1432290.875,1492756.375,1737361.0,1662490.5,1953977.375,2009530.125,1035099.8125,1067144.125,1235301.5,1194685.125,1343948.5,1246716.5,1896335.375,1622988.25,2153573.0,1804540.375,1368749.625,1372293.5,1587950.75,1668217.125,1382396.375,1414103.375,2684612.5,2260958.25,1421703.375,1327594.375,2285290.25,2309321.25,1420306.75,1688293.75,1728113.0,1621046.75,2776474.75,2314864.0,2154630.0,2324804.25,2394573.75,2665198.25,2999980.5,2940674.75,1631151.625,2177331.25
40,1761972.875,1656288.0,1824330.125,1681675.0,1764808.75,1634347.25,1726881.0,1691253.75,1758854.75,1685971.625,1833815.5,2057698.25,1750238.625,1790023.25,2012313.75,1870352.75,1804561.25,1744085.375,2100553.5,1813149.875,1818258.0,1697851.0,1678957.125,1508714.75,1816588.75,1585451.0,1589069.0,1439831.75,2080442.375,1897227.125,1874431.5,1674466.125,1623611.875,1563568.875,1672931.25,1588903.875,1656485.75,1533354.625,1761734.625,1863525.875,1683397.875,1911520.25,1521214.375,1284851.625,1268127.375,1201057.375,1385288.25,1485602.875,1449051.625,1320597.25,1539479.875,1530835.0,1682995.375,1515243.75,1670838.75,1821103.875,1762669.75,1599554.875,1420598.125,1575365.5,1466768.875,1453344.75,1779681.875,1839175.25,1618119.25,1646931.5,1532318.25,1633283.25,1495617.0,1539860.0,1915793.0,1718631.25,1808260.875,1694349.375,1552252.25,1231299.625,1933641.375,1680371.25,1593110.125,1757502.0,1202255.5,1276424.375,1392773.625,1407464.875,1499016.25,1431030.75,1564548.0,1520999.25,1241683.375,1340258.5,1521357.625,1403227.75,1304196.125,1196212.5,1463933.125,1339829.75,1482026.75,1543266.5,1503316.125,1449168.0,1170632.75,1134412.5,1487189.375,1344137.375,1665195.875,1751428.0,1568190.125,1538335.625,1466764.875,1480584.125,1418574.625,1291832.25,1836586.5,1701717.0,1417914.625,1384613.625,1530786.125,1381068.875,1899868.75,1978911.75,2010542.625,1796971.25,1927595.25,1843934.125,1870070.25,1966225.875,1877845.125,1978118.125,2058646.875,2050204.25,1935741.0,1888350.125,1966125.0,2132093.5,1530598.875,1461805.0,1916385.75,1855430.75,2033841.625,2036634.375,1621815.0,1570800.125,1859591.75,1799387.125,1784373.875,1633302.75,1880371.125,1991416.625,1940555.0,1800236.625,2044460.0,1902614.25,1920291.0,2013982.125,1764136.875,1757198.0,1498998.375,1486991.5,1985833.75,1727559.625,1841841.75,1697533.25,1725813.625,1683095.875,1818218.25,1673046.5,1643523.0,1391443.25,2138023.5,2021940.5,1683923.375,1568214.375,1608905.75,1431241.0,1939349.875,1979076.75,1603650.75,1827001.125,1750547.875,1970646.125,1804063.5,1709669.5,1695597.25,1829344.25,1875032.875,1909826.125,1837976.125,2012035.5,1702711.375,1723704.5,2013220.875,2040596.75,1745664.375,1906217.875,1848930.25,1812538.5,2007919.625,2061219.375,1754223.75,1650162.5,1647019.75,1557384.75,1354412.0,1390584.25,1430795.625,1489315.875,1731877.125,1657994.5,1946771.125,2008901.125,1038399.6875,1068242.125,1237560.75,1196818.5,1347120.375,1248544.875,1898916.25,1624547.25,2153113.5,1802937.375,1370687.875,1373354.625,1588735.875,1666145.75,1384924.625,1415486.625,2684014.0,2258430.0,1422570.75,1329195.0,2288219.5,2312805.0,1423177.5,1692776.0,1728588.625,1621571.75,2777087.75,2319771.25,2157432.5,2325701.75,2397172.25,2666798.0,3001473.0,2941175.25,1634040.75,2181638.25
41,1764337.625,1659204.375,1821138.25,1676517.125,1770634.5,1638958.875,1727381.75,1688286.875,1761800.25,1687441.125,1834843.625,2057741.875,1754423.5,1795060.625,2013382.25,1868903.25,1806524.75,1744571.375,2103951.75,1815732.25,1816311.125,1699910.875,1675047.75,1508073.75,1817019.5,1584643.125,1587580.25,1436609.75,2082295.25,1900171.25,1872335.375,1675063.625,1622542.375,1566790.875,1671893.625,1591489.125,1656131.5,1534184.125,1762086.375,1864275.125,1683831.0,1908066.375,1525863.125,1281174.875,1264402.25,1196793.25,1383687.0,1484154.25,1448117.375,1320674.875,1537790.375,1530829.125,1682938.25,1517050.25,1669957.375,1820625.125,1764958.125,1600352.875,1421533.75,1576544.625,1468328.125,1454564.625,1781086.625,1839786.25,1617938.875,1647954.5,1537807.875,1639176.625,1497749.5,1541770.75,1916813.125,1719021.625,1809359.375,1695891.0,1554657.625,1234726.0,1936513.25,1684608.25,1593506.625,1762121.625,1205002.625,1280178.125,1392067.625,1410720.875,1499677.375,1433237.25,1564934.125,1522105.0,1246128.375,1343227.25,1522890.375,1403386.75,1303832.125,1196695.25,1466670.75,1341829.625,1482959.75,1544294.5,1505921.375,1450310.5,1170753.5,1133954.0,1489925.125,1347802.375,1663309.375,1748973.375,1567595.5,1537257.75,1464995.125,1482139.5,1417644.625,1291578.25,1836154.25,1704204.25,1418028.75,1384017.0,1528962.875,1386152.375,1899701.625,1983437.5,2014893.5,1799404.75,1931554.125,1844268.875,1863169.75,1963006.625,1872205.5,1974242.375,2057742.75,2047961.875,1932925.75,1887523.125,1961597.875,2131208.5,1530112.625,1461248.25,1914288.5,1852679.125,2031752.625,2035503.75,1619847.375,1568054.0,1860292.125,1798549.5,1783991.125,1632542.375,1871195.625,1987667.125,1941599.0,1802004.125,2043692.5,1901219.875,1920659.875,2012821.75,1764839.75,1758009.375,1500301.0,1488888.75,1985731.125,1728595.0,1840215.0,1697241.375,1726617.5,1683026.875,1817638.875,1671889.75,1644605.75,1393148.125,2138976.5,2020327.375,1685023.0,1569258.5,1610130.75,1433340.0,1938290.125,1978850.5,1603384.125,1826097.375,1753146.25,1971543.0,1806540.125,1713136.5,1698335.0,1832446.25,1877847.25,1913064.5,1836855.25,2009051.25,1699184.875,1721863.875,2008676.5,2037664.0,1742171.5,1903011.25,1849739.375,1809597.25,2006716.5,2060017.875,1748055.875,1644308.875,1642781.0,1556258.625,1353606.625,1387653.375,1427382.25,1485195.875,1725369.625,1654871.25,1942785.375,2005263.5,1040412.3125,1070164.125,1238454.875,1197280.75,1348048.75,1250330.375,1898665.375,1626500.75,2150100.75,1801352.625,1372046.125,1375130.0,1586262.25,1667831.625,1385751.25,1415756.625,2684330.25,2259641.5,1422779.75,1330807.375,2282885.5,2314900.75,1423982.75,1694924.25,1726961.625,1621731.875,2771858.75,2319999.75,2156899.75,2324747.5,2395467.0,2664738.75,3001809.0,2940955.75,1635199.25,2181648.25
42,1765953.125,1661402.5,1823509.5,1675938.75,1775642.5,1644610.25,1728983.75,1688880.0,1762625.5,1687500.25,1833780.875,2059955.375,1757083.0,1801744.875,2016292.625,1872702.5,1808664.125,1744407.25,2107885.25,1823395.5,1818220.25,1703400.25,1674734.5,1510381.625,1817689.875,1584715.5,1592316.875,1444202.875,2085049.625,1903694.375,1872746.25,1679036.875,1624703.625,1574999.625,1673792.875,1595337.125,1659040.625,1535148.0,1762460.25,1867679.625,1684808.0,1909970.75,1527220.25,1281579.75,1261403.875,1193389.0,1383577.625,1488297.25,1448743.25,1319175.75,1540677.75,1531797.5,1684081.375,1519954.75,1671099.25,1819999.625,1766687.125,1602604.75,1423351.125,1577907.875,1469021.25,1456024.0,1781736.625,1840826.625,1617522.875,1648769.125,1538896.0,1639051.5,1499097.0,1544568.0,1914458.25,1720166.75,1806611.625,1695548.375,1557406.375,1236727.875,1936756.125,1683815.75,1593694.5,1760522.875,1206430.875,1280394.875,1390973.5,1413376.375,1503227.375,1435347.0,1564674.25,1519751.25,1249124.375,1345539.0,1524999.0,1405047.875,1303049.125,1197118.5,1467073.75,1343592.25,1488530.875,1546363.0,1507022.0,1452892.875,1171704.375,1134854.125,1493224.5,1352028.25,1661013.75,1748389.625,1566466.25,1535373.375,1463288.75,1480228.625,1416126.375,1287462.125,1831668.0,1698509.125,1413689.375,1380214.0,1522845.375,1399501.125,1894251.625,1973816.0,2013995.25,1798232.625,1929762.75,1843481.375,1854196.0,1958027.625,1860555.75,1969403.875,2055712.0,2046417.75,1932044.75,1889321.75,1954255.25,2128475.5,1531271.25,1462821.75,1909187.125,1851916.875,2031438.75,2036515.5,1621907.125,1569303.875,1862325.375,1800240.625,1785955.125,1633896.75,1857516.75,1983095.875,1940164.375,1799862.5,2042659.75,1900799.875,1921387.5,2015514.25,1766786.0,1760902.75,1501065.875,1489187.5,1985827.25,1731715.625,1839598.625,1697203.5,1728210.0,1685013.875,1818799.75,1671620.25,1647352.125,1395982.375,2145096.5,2022189.75,1686772.75,1569492.25,1610903.875,1435730.25,1939171.375,1983665.25,1604163.0,1826769.75,1754751.625,1973028.875,1808325.625,1714881.25,1702868.375,1837605.625,1883338.75,1919886.375,1835764.75,2009761.0,1691910.0,1718445.375,2000573.0,2032970.875,1744988.25,1897687.125,1845720.375,1808072.375,2002116.25,2060519.125,1744916.875,1639328.0,1640450.75,1555774.875,1356874.75,1385059.5,1425385.125,1482160.625,1718520.25,1647694.875,1936982.25,2000597.875,1036942.125,1069241.0,1235514.75,1193460.625,1343333.625,1246690.375,1893239.75,1625501.5,2149931.0,1802414.125,1371252.5,1376016.125,1586996.75,1671791.375,1384948.625,1413892.875,2683358.5,2263782.5,1422081.625,1331220.375,2284645.0,2312145.0,1423181.125,1694216.625,1726407.625,1623194.875,2769904.0,2319500.25,2154499.0,2324905.75,2395269.0,2667374.25,2999366.5,2939156.0,1635381.875,2179633.75
43,1764257.125,1659582.25,1829493.25,1684252.125,1776442.625,1648751.625,1729086.375,1695957.375,1763905.625,1688746.5,1833004.75,2064477.375,1755763.75,1801395.0,2018338.5,1879044.125,1807929.25,1747404.5,2107540.0,1826723.375,1819364.625,1706485.125,1679156.25,1518539.375,1817004.375,1588274.0,1595011.125,1451344.625,2082568.125,1902302.625,1872759.5,1679966.25,1625179.75,1578872.5,1673982.75,1598645.5,1660280.0,1534097.5,1760891.25,1868800.25,1684741.375,1914257.0,1524018.5,1283307.875,1261768.75,1191186.0,1383311.75,1492614.0,1447261.5,1317631.25,1541822.125,1534120.5,1682966.625,1520502.125,1671922.0,1821417.5,1765455.875,1603993.125,1424487.125,1582186.0,1467613.0,1454884.5,1779599.625,1840116.625,1618336.75,1649618.875,1541098.125,1640502.375,1505421.875,1552227.25,1909753.625,1720721.625,1804430.625,1696125.375,1557764.625,1234519.25,1939314.125,1684627.75,1598095.375,1755205.375,1209151.625,1279898.875,1394773.75,1416180.0,1509914.125,1435004.0,1564881.375,1518803.125,1250578.0,1346227.375,1526160.125,1403821.75,1305313.75,1199593.125,1469042.875,1344035.875,1495461.125,1547402.25,1510706.375,1453767.0,1174613.0,1135658.0,1496709.625,1354246.0,1658286.25,1749011.0,1566551.625,1533612.125,1466919.875,1475685.375,1417245.875,1286498.75,1829469.0,1695300.125,1415015.0,1380264.125,1525317.625,1405258.875,1890381.625,1972864.875,2008666.875,1793655.375,1925596.375,1841446.625,1847309.75,1954552.875,1853087.875,1965457.875,2052287.5,2049496.625,1932075.875,1891173.875,1947602.125,2126001.5,1528706.625,1463924.75,1907814.25,1851661.0,2028809.75,2038495.125,1623840.25,1573276.0,1863950.25,1800740.625,1784346.5,1633741.5,1854091.375,1982559.625,1935305.625,1796953.5,2042783.0,1900086.25,1922595.625,2017959.5,1765712.75,1762789.375,1498099.0,1488489.5,1983864.0,1733506.125,1839976.0,1698399.0,1727428.625,1685506.375,1818541.375,1673061.0,1648441.875,1395568.5,2140389.5,2023156.25,1682532.25,1569299.375,1609629.75,1435413.0,1943873.625,1988328.25,1606333.0,1828846.875,1753986.875,1975765.125,1808667.625,1716557.5,1705182.375,1838595.875,1884952.75,1919924.875,1836152.125,2011661.25,1691855.25,1718560.0,1995278.375,2031948.125,1738120.625,1889257.25,1842588.5,1810677.25,2002533.5,2063626.875,1741923.0,1635334.75,1638330.125,1556369.25,1358938.75,1379867.625,1427943.0,1481468.625,1709164.5,1638377.125,1927697.125,1997473.875,1036231.625,1068021.875,1232798.875,1191754.5,1340575.875,1246931.5,1890237.5,1626186.5,2149682.75,1801718.875,1370240.625,1375038.625,1588666.0,1669822.0,1384273.125,1411950.375,2680073.75,2262882.75,1421516.5,1330136.0,2292033.25,2309915.0,1423293.125,1692742.125,1727506.875,1623006.125,2773547.0,2321562.0,2153935.75,2325447.5,2394433.0,2668978.0,2996599.5,2934424.75,1634995.25,2178269.25
44,1763645.0,1658128.75,1829594.25,1684144.5,1774587.5,1648741.75,1728347.75,1697246.5,1763695.625,1690343.0,1833011.0,2064793.5,1754676.5,1798082.25,2017054.125,1878229.0,1807034.625,1746460.5,2105897.25,1824299.25,1819181.0,1705420.875,1679436.0,1517471.0,1815255.5,1586969.75,1594758.0,1446592.375,2081951.125,1896382.125,1873194.375,1676339.75,1625955.5,1577103.5,1675056.125,1601011.5,1660421.0,1533586.875,1763354.375,1868680.25,1683910.625,1911683.75,1524460.0,1282039.5,1261641.625,1186092.375,1382667.0,1494280.125,1444176.125,1316794.75,1540294.875,1536520.875,1682673.75,1520552.75,1672357.375,1822347.25,1763610.0,1603004.25,1423425.125,1583031.125,1468782.25,1454367.25,1780143.125,1837877.5,1617870.375,1648740.75,1539750.75,1640853.0,1510701.75,1558175.375,1913500.125,1722721.0,1806929.375,1698503.0,1557386.75,1234922.0,1942208.125,1688262.0,1600046.75,1755127.125,1210460.5,1280308.125,1397779.25,1417376.625,1511582.5,1435178.375,1565662.125,1520569.375,1251756.125,1344644.75,1527473.0,1403474.625,1307670.25,1201622.5,1472266.625,1343261.875,1496650.25,1548961.875,1513531.75,1451782.875,1176009.0,1135476.625,1499259.375,1355480.5,1658123.375,1748919.75,1567897.875,1534863.875,1471629.375,1474208.875,1417776.25,1287128.625,1831873.375,1699147.0,1419802.5,1384151.125,1528874.625,1405769.25,1889505.0,1977424.25,2010217.625,1794257.25,1928646.125,1843286.375,1846857.0,1954579.625,1856002.625,1968156.75,2053280.25,2048412.875,1932472.0,1890129.625,1949979.625,2126556.75,1528560.25,1463308.375,1913452.625,1849408.75,2028951.875,2035616.25,1625687.0,1574076.875,1866710.375,1800838.25,1786011.125,1632896.375,1853668.0,1982508.625,1931398.375,1795790.5,2041067.5,1897825.125,1922581.0,2016823.75,1765304.25,1761966.375,1498784.375,1488535.5,1982266.125,1731589.375,1839946.0,1698863.0,1726701.0,1683250.125,1816145.375,1672856.0,1648209.5,1392985.0,2133320.5,2020470.0,1680745.625,1569728.25,1610011.75,1433485.375,1946211.125,1987484.75,1604574.25,1829110.0,1752226.125,1973283.0,1806659.875,1714486.0,1702999.625,1834977.375,1882962.375,1914810.25,1835980.75,2007486.125,1698871.875,1722075.5,2001304.75,2036508.0,1736343.25,1889840.875,1844949.0,1809731.0,2006469.0,2062691.0,1745535.25,1638942.75,1639599.0,1559403.75,1357073.875,1378400.625,1429571.25,1483611.75,1709807.75,1640210.375,1929865.5,1999929.875,1039411.3125,1067422.625,1231852.25,1192984.25,1342654.5,1248899.0,1891640.875,1626836.75,2146094.0,1800179.75,1370693.875,1375181.375,1586230.375,1666531.875,1384696.875,1411486.0,2678341.5,2259062.0,1421914.375,1328616.875,2287573.75,2308712.75,1424787.0,1691978.0,1729558.0,1623513.625,2771315.25,2319493.25,2156239.5,2325978.25,2392022.25,2665244.5,2997879.25,2931088.75,1635370.75,2179265.75
45,1765055.5,1658881.25,1824958.0,1675466.125,1772171.125,1644611.375,1728562.0,1690982.125,1760673.375,1689688.125,1832945.75,2061347.875,1755010.25,1797457.25,2015289.125,1873130.125,1808638.375,1741191.75,2106269.0,1821756.75,1820084.625,1701372.625,1676102.5,1507166.375,1814875.75,1581587.125,1596050.625,1441951.5,2086191.0,1893619.5,1875902.375,1671903.25,1628094.0,1572002.875,1677881.375,1597832.375,1661741.75,1535000.25,1766307.375,1868081.25,1683327.75,1907732.375,1526417.5,1281216.375,1260511.0,1184685.125,1384257.125,1495070.875,1444782.375,1317360.0,1541614.875,1534929.5,1684916.25,1519697.0,1672382.875,1820697.375,1763322.375,1601627.75,1423480.625,1580369.875,1471801.625,1455431.875,1784260.375,1837174.125,1615492.0,1646100.375,1533851.875,1634915.625,1508265.0,1552244.375,1920460.75,1723203.0,1810527.625,1697587.0,1557449.625,1236078.625,1939825.625,1687898.375,1596511.25,1757864.125,1208668.25,1279986.875,1396732.375,1415253.5,1505486.75,1436610.75,1565801.125,1519602.125,1250585.75,1342291.25,1527632.125,1405793.375,1307491.25,1201567.5,1471641.625,1342425.625,1492362.25,1548360.0,1511897.0,1449863.375,1174255.875,1136002.875,1497744.375,1354134.5,1661555.375,1749180.875,1569571.25,1537568.125,1470499.25,1476665.5,1417050.625,1286423.875,1834374.5,1700955.75,1419345.5,1385182.25,1527002.125,1403174.75,1891108.0,1976082.25,2015751.75,1797599.375,1934037.625,1846904.25,1853281.0,1955800.25,1860942.5,1972586.375,2056687.25,2042747.5,1932896.25,1888368.75,1958008.375,2127811.0,1530953.375,1462324.625,1917802.0,1848999.875,2033848.125,2032164.625,1627731.5,1571627.0,1866933.375,1801649.25,1790156.875,1633079.75,1848890.375,1980128.875,1931369.0,1794387.0,2038885.625,1897021.5,1920195.375,2013982.0,1767715.375,1759426.5,1503874.375,1488596.5,1984170.25,1729211.125,1840927.75,1698574.375,1727583.5,1682465.0,1816768.625,1671652.125,1648645.125,1393084.625,2135398.5,2018288.625,1685907.25,1570042.125,1613357.125,1433290.625,1942352.875,1983511.875,1601495.5,1828002.0,1751984.125,1969408.125,1804219.0,1710142.375,1697930.25,1831519.25,1879767.25,1912030.625,1836526.5,2005311.375,1701364.0,1722559.25,2008393.75,2039201.125,1744145.0,1896115.5,1848515.125,1806734.75,2006982.75,2058353.0,1751781.875,1645861.75,1643235.375,1560352.875,1352906.75,1383683.5,1427649.625,1486485.0,1718668.25,1647633.75,1939106.625,2003300.75,1039361.125,1066410.0,1232640.0,1192755.375,1344069.0,1246285.375,1893110.625,1624748.875,2146028.0,1802545.0,1371826.0,1376697.375,1585080.625,1670391.75,1385266.625,1412981.0,2679485.25,2258140.75,1422664.0,1328987.875,2283016.0,2310607.0,1425550.75,1694848.75,1730523.875,1625055.75,2767996.75,2319026.25,2157987.75,2327447.75,2393368.5,2665326.25,2999181.25,2933351.25,1637447.875,2182368.0
46,1763424.375,1656688.875,1821437.625,1675108.375,1772776.625,1643578.375,1728081.75,1688707.0,1760326.125,1687833.625,1830866.125,2057736.875,1755136.375,1798700.5,2013798.625,1872916.5,1808928.0,1742433.25,2106382.25,1823161.125,1819785.625,1702380.0,1674422.875,1508814.125,1816287.625,1583969.875,1597100.25,1445462.625,2087406.25,1898535.875,1876554.25,1673597.5,1626319.125,1570063.25,1677167.875,1593973.125,1661044.75,1535209.5,1762847.625,1867781.0,1681958.75,1907393.625,1524191.75,1279751.625,1261347.75,1189820.25,1386520.5,1493553.25,1446360.75,1317748.625,1543535.5,1528885.625,1685006.875,1519621.125,1670895.875,1820847.75,1762982.875,1602828.75,1425414.875,1581259.375,1472447.875,1455707.375,1785248.75,1839556.0,1614521.625,1645431.0,1534033.875,1633233.0,1505376.5,1542878.5,1919472.625,1722203.875,1810615.0,1696203.25,1558295.125,1234770.0,1937440.5,1684125.125,1596426.625,1758682.875,1209930.375,1278210.0,1396963.0,1410423.5,1505901.625,1436179.5,1566135.875,1516828.25,1249231.375,1341378.0,1529350.75,1406373.75,1306815.875,1198846.75,1469214.875,1340771.25,1493079.25,1545093.0,1512000.125,1450258.625,1174074.25,1135787.25,1494000.25,1350462.375,1665806.375,1749322.0,1571540.625,1537426.75,1466784.625,1478240.0,1417649.75,1286163.625,1833083.5,1698788.25,1416071.125,1384014.625,1526863.75,1397647.25,1894022.375,1975487.75,2018007.625,1797243.75,1933518.375,1847847.5,1859751.25,1958584.625,1860936.25,1971260.875,2057915.25,2044412.375,1932321.375,1888909.25,1961141.375,2127974.0,1532178.625,1462021.375,1913930.0,1852002.375,2036348.0,2036334.375,1625363.875,1572031.0,1864313.0,1801262.0,1789013.625,1635094.625,1848141.875,1978387.375,1934796.875,1793422.5,2039137.125,1899411.25,1917953.0,2013146.375,1767440.875,1759992.5,1504654.375,1489354.0,1985984.125,1730399.5,1840122.0,1699109.375,1727099.875,1684499.5,1819107.875,1672115.0,1648067.125,1394477.875,2139363.75,2019793.5,1687183.5,1570071.25,1614621.125,1435040.625,1937555.75,1981148.5,1602005.625,1827440.75,1751671.5,1968590.375,1802380.5,1709006.75,1696039.25,1832023.125,1878403.25,1913814.25,1836829.25,2008156.375,1698839.625,1720748.0,2005477.375,2036492.25,1743279.875,1895637.75,1848360.25,1807887.75,2005157.75,2057654.375,1752046.375,1647076.75,1646613.0,1557786.5,1352856.75,1388034.0,1428857.375,1486743.0,1719318.375,1648722.0,1939467.5,2002591.75,1036087.3125,1066635.25,1233914.0,1193274.75,1342401.125,1245406.25,1890843.125,1622656.0,2147973.75,1802241.125,1371291.0,1375500.375,1586116.875,1671787.375,1384203.75,1413956.375,2679463.0,2257750.0,1421957.25,1330422.25,2287256.75,2311988.0,1424056.875,1696721.625,1728623.875,1622335.5,2769070.0,2321161.0,2154970.75,2324598.5,2392959.0,2664989.25,2993543.5,2934240.75,1637142.5,2179820.0
47,1760429.125,1652794.125,1820100.375,1680516.25,1770087.0,1642726.25,1727974.0,1690728.625,1763051.0,1689155.0,1828917.125,2055936.875,1753850.75,1796663.25,2009296.625,1872954.625,1806560.0,1749182.375,2102019.25,1821942.625,1816283.625,1705837.0,1673860.0,1517285.75,1817278.75,1591117.375,1595731.875,1444970.75,2082385.25,1905091.875,1873589.75,1679371.5,1620411.75,1572876.5,1672462.375,1595768.375,1657568.875,1534029.125,1756459.5,1869613.625,1679402.875,1905409.0,1521657.625,1276256.625,1262578.5,1191949.75,1386101.875,1491414.875,1444752.0,1316624.25,1540875.125,1526688.5,1681994.25,1521586.5,1670717.5,1824331.625,1762160.5,1605628.0,1424599.375,1583575.25,1470624.75,1455912.625,1781325.125,1842932.0,1616410.875,1648210.5,1538597.5,1640708.625,1506749.875,1544788.375,1916014.5,1722640.625,1809363.125,1699377.25,1558916.375,1236230.125,1939753.625,1684988.25,1600540.5,1761127.375,1211424.875,1278757.125,1397776.125,1409768.375,1510686.625,1433268.5,1566511.375,1518755.25,1249093.625,1341914.0,1528135.5,1404486.625,1305843.25,1196842.125,1467932.75,1340575.125,1494466.0,1543237.625,1512937.0,1452775.875,1175110.25,1135018.625,1492331.875,1349375.25,1665783.0,1750095.0,1570910.25,1535531.375,1466657.875,1477707.75,1417555.75,1287738.5,1831358.25,1697386.125,1414703.875,1383321.875,1529821.625,1395804.375,1894964.25,1973504.625,2015305.375,1796769.75,1930603.0,1847761.625,1863698.125,1967510.625,1860750.375,1969775.0,2058990.75,2054415.0,1933828.75,1892175.375,1960495.125,2130312.25,1530948.375,1461813.875,1911283.25,1855218.25,2034740.0,2043991.625,1622062.75,1575789.75,1862149.5,1800912.25,1785530.0,1637365.875,1853773.125,1980370.5,1937708.75,1795768.875,2039986.75,1901219.0,1918192.875,2014169.875,1763880.375,1764044.125,1501018.5,1491612.25,1984952.875,1734295.625,1838060.25,1700244.75,1727172.875,1687158.5,1818463.125,1672253.0,1645310.25,1393208.75,2145513.5,2024696.875,1684050.0,1570959.375,1612640.0,1435530.75,1937812.125,1981408.625,1603490.875,1825483.75,1749454.625,1967276.875,1802219.375,1710677.875,1698192.25,1833832.25,1878606.875,1916456.125,1833255.875,2007051.25,1699262.25,1719615.75,2001688.5,2034455.0,1737196.875,1892985.25,1845580.125,1811127.5,2005043.5,2060027.625,1749502.875,1643788.0,1645992.25,1554955.375,1354406.5,1384062.75,1432669.5,1485057.75,1714661.75,1646528.375,1935595.125,2003013.25,1035666.9375,1067516.875,1234592.125,1194717.25,1341372.125,1247704.875,1889546.625,1624046.25,2146359.0,1797939.75,1370559.125,1373070.125,1585384.125,1664609.375,1382842.0,1413252.875,2678409.0,2256772.5,1421432.625,1330398.125,2291661.75,2308960.0,1423042.25,1692890.125,1727306.0,1618698.125,2773670.25,2320575.5,2152465.25,2320777.75,2390326.75,2662174.25,2991696.75,2933887.25,1634623.25,2173726.25
48,1762826.0,1654530.5,1819309.25,1682661.875,1764650.5,1640684.125,1729129.25,1692104.75,1765246.875,1693421.625,1830970.375,2059581.875,1753253.75,1793168.875,2004421.75,1870547.625,1805613.0,1751906.75,2096885.25,1817820.0,1811140.25,1705702.625,1672992.75,1517305.125,1815589.5,1592268.875,1592260.75,1437833.875,2076973.625,1906589.75,1870115.25,1681421.375,1615759.625,1575186.875,1668706.375,1597480.375,1655355.5,1534546.125,1754266.75,1871015.375,1680087.25,1906879.375,1518681.375,1277796.5,1262106.375,1193597.125,1384644.375,1490867.625,1443992.375,1316837.625,1537674.5,1531917.625,1679820.25,1523699.75,1671043.875,1827427.125,1761348.875,1608297.375,1420444.0,1583723.375,1468122.625,1456161.0,1778556.125,1844583.375,1620124.125,1651700.75,1543029.375,1649326.5,1503115.75,1549213.0,1914845.375,1723546.875,1807958.125,1701836.75,1557358.625,1240184.25,1941045.375,1688400.25,1601425.875,1762823.875,1209255.25,1281858.375,1396976.5,1413721.75,1509169.375,1430666.75,1565120.75,1522629.5,1247951.5,1341175.25,1522735.75,1401831.875,1305240.125,1196595.25,1467304.0,1341491.375,1492440.125,1543174.25,1509968.375,1452869.125,1172826.375,1134098.5,1490242.25,1347571.125,1662719.375,1751738.25,1568656.625,1535404.25,1466435.125,1477744.75,1417906.25,1292024.125,1833033.875,1699378.75,1415174.875,1384715.875,1533084.25,1389591.625,1894022.75,1974539.375,2010086.375,1797300.75,1929607.25,1846902.375,1863481.375,1974217.0,1861627.25,1971434.125,2061254.125,2061402.0,1934158.0,1893763.125,1961616.125,2133213.25,1528223.375,1459366.125,1913508.375,1853416.375,2033711.0,2047351.125,1621225.75,1576327.0,1857788.5,1799915.0,1783997.0,1637070.625,1861313.625,1985233.625,1936950.75,1799397.125,2041170.875,1899844.5,1920095.875,2014258.75,1760916.375,1767060.75,1498269.75,1491956.625,1983475.25,1736990.5,1837585.625,1699637.0,1727816.375,1687419.0,1817122.75,1673175.0,1642969.375,1392365.25,2146917.75,2027108.0,1682292.75,1572991.75,1611104.25,1434615.0,1941771.25,1982173.375,1604072.375,1824187.125,1749391.25,1969303.375,1805217.125,1713537.375,1699834.75,1833931.875,1878205.625,1916658.375,1833151.375,2007784.125,1702244.75,1718034.875,2003455.5,2036558.875,1734186.875,1894112.875,1844246.0,1811858.875,2006431.625,2061446.875,1750142.625,1641601.125,1643770.25,1553172.125,1353654.375,1378904.375,1433878.5,1483885.5,1714490.125,1645091.75,1935592.875,2004204.0,1038698.375,1067209.75,1235766.375,1194796.5,1343473.5,1249632.75,1892936.0,1627330.25,2148055.25,1799612.375,1372044.625,1373042.0,1585924.75,1662278.875,1383033.875,1413814.5,2680034.5,2257614.0,1422661.75,1329766.5,2292324.75,2311275.0,1423584.625,1688207.625,1727561.375,1619734.75,2780254.0,2321071.0,2154165.25,2322896.75,2391034.5,2664280.75,2999803.25,2937937.25,1633538.0,2173587.0
49,1768389.125,1661837.125,1819409.125,1684168.125,1769040.375,1644172.25,1728925.0,1694099.75,1767189.5,1694909.75,1833833.375,2064402.25,1754619.5,1794863.75,2004527.375,1871832.75,1806310.375,1750616.125,2096476.875,1818865.125,1808366.125,1706299.0,1673070.25,1517017.875,1812954.625,1590022.0,1589162.625,1436748.375,2078109.875,1904717.625,1868077.625,1680658.125,1616387.875,1575927.125,1669645.25,1597583.5,1656355.375,1536282.0,1758863.625,1869436.0,1684672.75,1914472.625,1515305.625,1285483.0,1262256.125,1200359.875,1384370.375,1490263.5,1447981.125,1320120.625,1538937.875,1536774.625,1679647.375,1524961.0,1668571.0,1828343.125,1760880.125,1609823.125,1418403.625,1583048.5,1467198.75,1455361.0,1780021.125,1843873.75,1621917.25,1652130.875,1547171.75,1652862.75,1493875.875,1545521.5,1914781.25,1724824.375,1805667.125,1701406.625,1556102.125,1241429.0,1939416.5,1687044.875,1599219.5,1761606.375,1209430.375,1281703.125,1396507.5,1412902.5,1509090.375,1430228.375,1563285.375,1522892.125,1247273.625,1338520.125,1524068.625,1399106.375,1306395.875,1194628.5,1467441.25,1338531.625,1496043.0,1543738.375,1508139.5,1448398.875,1170611.625,1130829.125,1487012.875,1342440.0,1661267.125,1750444.0,1569068.25,1536023.125,1463936.0,1478799.125,1420881.75,1295662.375,1835099.75,1704900.875,1417417.0,1388436.625,1535797.75,1379052.375,1894297.375,1984907.375,2009425.625,1796788.0,1929811.5,1845177.125,1855082.125,1968608.125,1859490.125,1970455.875,2060882.75,2058609.25,1928704.0,1892080.375,1960639.875,2131807.75,1529306.25,1455917.5,1912576.25,1848703.0,2033366.25,2046179.625,1620351.25,1573903.75,1855682.625,1797789.25,1784178.375,1635600.875,1863682.625,1986771.25,1936235.375,1800311.875,2043164.125,1898690.75,1922378.625,2014458.375,1759975.625,1767502.125,1497419.625,1489705.375,1981855.25,1736680.375,1836398.0,1698500.75,1725894.75,1684919.75,1818006.25,1676846.375,1643097.625,1394398.5,2136451.5,2024253.375,1681640.5,1574130.625,1610636.125,1434399.875,1944755.25,1983178.25,1604488.125,1826952.75,1752544.0,1974942.0,1808318.5,1715484.5,1699545.5,1834413.375,1879107.875,1916261.875,1839736.125,2014893.75,1700903.125,1716929.0,2003683.375,2037864.125,1731566.75,1895301.0,1844815.25,1808696.875,2006486.25,2061370.75,1751326.625,1640831.625,1646238.5,1553001.75,1355617.125,1381222.5,1432370.375,1482082.625,1713784.5,1642527.625,1935363.125,2000805.875,1041757.6875,1067592.875,1237593.5,1196635.375,1346597.375,1252264.0,1895493.5,1627380.625,2155150.0,1804892.0,1373311.125,1374029.375,1589887.625,1670178.125,1385223.25,1415641.875,2683479.25,2259554.5,1423236.5,1330207.625,2286537.5,2319687.5,1423835.625,1688526.75,1727139.25,1623051.5,2779483.25,2321273.75,2155529.25,2325637.75,2392225.5,2665913.25,3004261.0,2941030.25,1634509.125,2177990.25
50,1770363.5,1667412.875,1823236.875,1686131.0,1776956.75,1647614.875,1728701.375,1696735.0,1768632.75,1693459.875,1834384.25,2064079.25,1755658.25,1799430.25,2008984.625,1874877.5,1807703.0,1749133.125,2099356.5,1823283.375,1813045.875,1708838.625,1676230.0,1519636.5,1814399.125,1590720.0,1588500.25,1443305.25,2084433.375,1903299.25,1871233.75,1681878.625,1621947.75,1575896.375,1673751.875,1598956.5,1658482.875,1535773.625,1765942.75,1867778.75,1685668.75,1917964.875,1515921.75,1290264.875,1264451.5,1203930.75,1383872.625,1488435.875,1453056.375,1322652.125,1541344.25,1536858.5,1681202.0,1524433.25,1667558.875,1827804.125,1762069.0,1608267.25,1419195.5,1580444.5,1468671.0,1454225.75,1783017.625,1842428.375,1619819.875,1649558.75,1545782.125,1649872.875,1487808.625,1537724.875,1916771.625,1725547.25,1805300.625,1700469.0,1556746.0,1239488.625,1936299.75,1681249.875,1597546.0,1759746.0,1210952.375,1277102.75,1395117.0,1406208.25,1510763.75,1430750.0,1563595.75,1520049.625,1247231.5,1337421.75,1527961.625,1398159.125,1306286.125,1192200.125,1466678.75,1334429.875,1498102.625,1543620.375,1508876.625,1445513.625,1172556.375,1127901.125,1487597.25,1341003.5,1660401.75,1747204.875,1569675.875,1534681.5,1463667.875,1479310.125,1422810.25,1294825.0,1836028.75,1708282.0,1418907.875,1388716.875,1533660.75,1379701.875,1897296.625,1986238.625,2012302.125,1796342.25,1928769.625,1844926.25,1845083.625,1960800.5,1859285.0,1967681.75,2057265.75,2053029.5,1925390.125,1890996.625,1955769.375,2128803.75,1533582.625,1457572.0,1912949.875,1850274.25,2033479.375,2044195.625,1621593.875,1574093.75,1861352.625,1797736.125,1786233.625,1635488.375,1856217.25,1982635.875,1936831.0,1798186.625,2044131.375,1900876.875,1924190.125,2016940.625,1761618.0,1766084.875,1498600.0,1487938.5,1980772.0,1734603.25,1834854.0,1699001.375,1724977.625,1684107.75,1821383.25,1678325.625,1645512.25,1394879.0,2130294.25,2020604.25,1682572.0,1572677.875,1610052.375,1433610.75,1945895.125,1986303.0,1604515.375,1829830.625,1754792.5,1976448.5,1810087.0,1715078.375,1700812.75,1838290.875,1882926.125,1918298.75,1842404.0,2018214.5,1693522.0,1716671.75,1999246.5,2035015.125,1735255.125,1894028.0,1844403.375,1805811.125,2003875.25,2062030.25,1747295.375,1639139.625,1646546.375,1553353.375,1357960.75,1383294.25,1428242.375,1478446.5,1706088.75,1639931.875,1932733.5,1999727.25,1041597.875,1068887.5,1238416.0,1198367.625,1347655.75,1253113.75,1896043.25,1625327.75,2158313.5,1805935.75,1373492.375,1374339.75,1593259.625,1677238.875,1388534.875,1416115.5,2684771.0,2260934.0,1423112.625,1330723.25,2283531.25,2321541.75,1425121.625,1692858.0,1727760.75,1625535.875,2774258.25,2319255.0,2156636.75,2325599.25,2394335.0,2665264.0,3003067.75,2940433.0,1638123.125,2181867.75
51,1766864.5,1664043.75,1828259.875,1688274.625,1775846.125,1645440.5,1729535.375,1699061.875,1767360.875,1691526.375,1833521.75,2061743.0,1755704.125,1800093.75,2012798.125,1876820.125,1807811.375,1747893.25,2103527.75,1827069.0,1820957.125,1709766.375,1679204.125,1521342.5,1817999.125,1593780.5,1587001.75,1447849.25,2087032.0,1902563.75,1877372.125,1685248.625,1626111.25,1574477.25,1675609.75,1597433.875,1658491.25,1532572.0,1768408.375,1868326.125,1681588.75,1915885.0,1517090.625,1287325.75,1266757.875,1202278.625,1383131.5,1485792.625,1452342.75,1320840.625,1541073.0,1534155.375,1683235.5,1523116.625,1669849.75,1827038.75,1764302.0,1605334.875,1418580.125,1577794.75,1469879.375,1453595.625,1784259.875,1842007.375,1618929.125,1648513.75,1541089.5,1643832.125,1488221.0,1531857.5,1915869.375,1722238.75,1806365.125,1696472.875,1556442.875,1235478.5,1933489.625,1674875.875,1598419.75,1754318.125,1209167.625,1271700.375,1394820.75,1400809.875,1508128.75,1429962.125,1565937.125,1516459.25,1245835.625,1338573.25,1525223.875,1399267.625,1304589.375,1191525.25,1464871.875,1333869.25,1491398.0,1540981.0,1507735.875,1446094.125,1174513.875,1128394.0,1490458.75,1342859.375,1660531.625,1746277.875,1569211.5,1532911.5,1465510.625,1478861.25,1423709.875,1294156.125,1838120.625,1705419.5,1417494.125,1385517.125,1528134.0,1383390.125,1899328.0,1975555.75,2010923.75,1795162.75,1922102.875,1843995.5,1843416.875,1961239.5,1866403.375,1968647.25,2054838.25,2053923.625,1927214.125,1891503.0,1953197.625,2128995.5,1535366.375,1462726.875,1917550.125,1856391.625,2034377.875,2044001.625,1623395.25,1576064.125,1864359.375,1797330.0,1786725.375,1636007.5,1852889.0,1981128.5,1935292.0,1795929.0,2044320.75,1903315.25,1924022.5,2018730.375,1763024.25,1764503.625,1500382.125,1487111.625,1981425.0,1732699.875,1835052.375,1698508.375,1727013.875,1685549.0,1824028.5,1675602.125,1647035.625,1391680.0,2135307.0,2018118.875,1682956.625,1570140.625,1609308.25,1431232.625,1946108.125,1989025.625,1604911.375,1829494.875,1754114.875,1975249.875,1810528.875,1714393.375,1704333.5,1841798.0,1885541.125,1920051.125,1838853.125,2016802.5,1688969.125,1716592.625,1996582.25,2032814.875,1742698.75,1892267.375,1843501.25,1807636.125,2001201.25,2063994.75,1744258.875,1638819.875,1641819.0,1551577.75,1356594.75,1379912.375,1426609.125,1476702.5,1701861.0,1642242.125,1932752.875,2005925.0,1036910.375,1068326.25,1236211.125,1195262.125,1345964.625,1251007.375,1897219.875,1626166.875,2156003.25,1804627.375,1373697.375,1373316.875,1592092.625,1673579.5,1388563.0,1414994.375,2683182.75,2261240.25,1423482.0,1329329.25,2295333.5,2317390.25,1427535.25,1694283.625,1729445.75,1625766.75,2779240.5,2322928.25,2158282.0,2325039.0,2397420.25,2669125.25,3004693.0,2941174.75,1641389.125,2182386.5
52,1761733.625,1655642.25,1829178.25,1690485.75,1770137.75,1641690.375,1729600.0,1700179.625,1764096.5,1688300.125,1832391.75,2059735.0,1754506.125,1795361.25,2012797.0,1877848.0,1803104.375,1745931.875,2104921.75,1826220.125,1822312.25,1708233.5,1678117.625,1522061.875,1817589.75,1594334.125,1584331.875,1447224.625,2083612.375,1901352.375,1877270.125,1685350.75,1625497.5,1570996.75,1673583.125,1593167.5,1657205.25,1531072.5,1766627.375,1868769.875,1680997.75,1914946.75,1515593.125,1282584.0,1267109.75,1201765.125,1384506.625,1487028.75,1446995.875,1318752.125,1539007.5,1531479.625,1682845.75,1520793.5,1671149.875,1825565.25,1764755.375,1603787.5,1419417.625,1579546.75,1469064.875,1453528.75,1782401.875,1841371.375,1621065.625,1649510.25,1539461.25,1640621.75,1495110.5,1534301.0,1911648.375,1717074.375,1806513.0,1691154.125,1553923.0,1231961.125,1935105.25,1672714.125,1600479.75,1749787.375,1206181.5,1269231.625,1397321.25,1401047.875,1504067.875,1427644.75,1566970.75,1515878.5,1243250.25,1339211.75,1522369.5,1401452.625,1304481.625,1192568.25,1464129.75,1335527.75,1486016.0,1538278.625,1505336.0,1446230.0,1172485.0,1130757.875,1490853.875,1343359.0,1661787.625,1746933.0,1569563.125,1533843.0,1467791.875,1479381.625,1425233.375,1297721.625,1840299.5,1703323.5,1418067.125,1386787.0,1529468.375,1380046.125,1898506.75,1977496.5,2007170.875,1794088.625,1914441.5,1841674.0,1850464.5,1965799.875,1874628.75,1973086.0,2054417.25,2056867.25,1929508.75,1892261.875,1954740.25,2130670.75,1532946.625,1462586.625,1917365.625,1858567.5,2033307.75,2043656.0,1621359.125,1576074.75,1858949.5,1793937.125,1784080.25,1635274.125,1863324.5,1986695.625,1933652.0,1797046.5,2045000.875,1903306.125,1921829.125,2016431.375,1761763.75,1762151.875,1500081.75,1486240.375,1981593.375,1730591.625,1837412.375,1697035.375,1728528.75,1683680.5,1822182.0,1673015.125,1645695.375,1388808.75,2141109.0,2018139.375,1681766.5,1568477.0,1609270.0,1429803.0,1946171.125,1987892.0,1605775.5,1828164.875,1751034.5,1975017.0,1808654.125,1714556.25,1703490.0,1837355.875,1882199.75,1916262.25,1837204.25,2015411.875,1695787.125,1718388.25,1999700.875,2035260.5,1740363.5,1891903.625,1845324.0,1810969.0,2001977.5,2064119.375,1747746.125,1640507.25,1640612.25,1549414.75,1354223.625,1377597.625,1430248.0,1480874.5,1708519.5,1646980.625,1936544.625,2010772.5,1034386.3125,1067004.375,1233228.875,1192682.125,1344918.625,1251097.125,1898848.875,1628774.125,2154474.5,1803931.625,1372906.875,1372312.875,1588180.75,1664739.5,1385224.375,1414344.875,2682842.25,2260234.0,1423484.5,1327521.625,2306320.25,2318567.75,1427898.75,1693190.125,1731300.25,1624872.125,2788022.5,2330782.5,2160384.25,2326897.5,2398725.25,2673956.25,3008535.25,2943808.0,1640421.875,2182976.5
53,1761323.0,1654545.25,1826963.5,1690207.875,1767864.25,1639522.375,1728438.0,1699232.375,1761361.375,1686121.0,1832679.75,2058139.0,1753007.625,1792890.625,2011259.375,1876578.5,1799165.5,1744512.875,2101313.5,1821371.0,1819340.25,1705927.25,1677199.125,1520403.0,1814923.25,1591234.375,1584032.125,1442202.375,2081383.0,1900647.875,1872812.5,1681794.75,1624792.5,1567426.75,1672868.0,1591200.625,1657532.625,1532828.75,1766116.375,1866942.375,1685426.75,1916749.0,1515411.375,1281076.125,1265885.0,1202348.875,1385913.375,1490460.875,1445522.875,1320261.0,1537758.5,1530478.75,1680823.75,1517249.375,1669948.25,1823324.625,1762823.625,1603299.0,1422547.5,1581858.25,1467943.25,1453289.0,1779852.625,1839447.0,1621463.5,1649440.5,1539030.875,1640655.75,1498520.375,1539958.25,1911792.5,1716022.25,1806225.625,1690565.75,1551353.5,1231563.5,1935698.625,1673388.375,1598683.875,1752091.125,1205078.125,1271483.125,1397115.625,1403360.375,1500102.875,1426395.625,1564852.0,1517805.75,1241034.75,1338268.25,1523200.5,1403395.375,1305559.75,1193862.125,1465120.875,1337017.125,1485079.25,1538133.25,1503994.75,1446315.875,1170129.0,1132585.5,1489482.75,1343508.0,1661308.75,1746349.375,1569019.125,1535899.0,1469165.5,1481192.625,1424940.25,1299204.875,1840314.0,1706560.875,1420652.875,1390674.0,1534929.75,1380693.75,1899375.0,1989066.5,2007153.625,1794128.0,1917483.875,1841770.5,1857360.75,1968645.75,1876958.0,1976668.625,2054106.5,2056637.0,1931305.125,1892215.5,1956468.875,2130209.0,1529175.0,1459131.5,1914593.75,1857610.125,2031898.125,2042149.75,1621047.75,1574668.0,1856880.125,1793410.75,1783689.625,1633854.125,1872849.5,1991152.125,1935105.75,1800071.875,2045744.375,1903971.375,1920377.125,2013317.625,1760798.75,1759223.875,1499067.875,1484971.5,1980575.125,1729181.875,1840780.75,1697590.875,1727748.375,1680111.375,1818486.0,1672121.875,1644395.125,1389297.875,2138944.0,2019074.25,1682438.0,1568385.0,1610167.75,1430881.75,1946026.0,1985390.875,1605326.875,1827265.0,1749144.875,1973828.625,1807989.5,1714635.75,1696875.25,1829436.125,1876789.125,1911082.125,1839525.75,2013542.5,1705815.125,1721358.0,2005462.125,2039551.75,1736505.25,1894394.25,1848654.25,1811133.5,2005328.875,2063268.875,1749866.875,1640320.125,1642038.25,1550791.75,1352847.375,1378345.125,1431814.5,1486344.625,1715309.375,1648743.375,1939122.0,2010812.875,1037800.375,1067591.5,1233576.125,1194790.625,1345738.875,1252157.625,1900678.0,1628509.5,2155154.25,1803698.5,1372422.125,1373614.875,1587315.75,1665303.0,1384598.125,1414676.875,2684407.0,2258260.75,1423880.875,1328073.5,2299015.5,2322757.75,1426729.25,1695504.75,1733466.125,1625742.625,2784851.5,2330397.0,2163655.25,2331014.5,2400585.5,2672855.75,3010121.0,2943694.0,1637954.125,2186685.0
54,1763425.5,1658381.625,1824983.625,1689411.25,1769617.0,1639720.25,1725400.0,1697050.25,1759336.25,1686578.625,1833404.375,2057639.5,1753176.0,1796544.875,2011175.375,1875963.5,1802385.125,1746115.5,2100131.0,1821738.875,1819008.375,1706955.375,1679020.375,1521113.0,1813481.375,1589810.5,1584608.5,1433182.375,2082149.0,1901956.25,1872452.0,1683421.0,1624943.5,1568508.875,1675870.125,1590405.375,1657885.125,1533792.0,1766143.625,1865122.375,1685989.5,1917699.0,1518722.5,1279833.125,1265215.125,1201530.25,1384445.5,1488770.5,1449104.25,1322059.625,1539286.0,1529772.5,1679423.375,1518017.0,1667275.5,1822744.875,1760985.625,1603682.125,1421239.125,1581013.25,1467543.75,1453435.375,1779213.125,1839498.625,1620191.25,1649029.25,1538322.0,1639814.25,1491882.5,1538645.75,1912469.125,1719026.875,1804512.0,1693248.75,1550650.875,1231429.625,1930953.625,1672866.625,1593829.5,1752591.0,1205975.125,1274128.375,1394826.125,1402726.125,1498634.875,1425448.625,1562412.25,1517261.625,1241868.875,1337359.375,1523700.25,1402556.375,1306362.5,1193002.875,1467289.125,1336424.875,1485014.375,1538315.875,1503824.25,1446311.625,1171639.75,1132123.5,1487913.625,1342326.75,1661559.625,1745191.25,1568098.875,1535568.25,1466878.25,1481627.0,1423580.75,1295339.875,1839108.25,1706565.875,1418861.25,1389846.0,1532737.75,1384156.625,1901633.625,1987402.875,2009246.375,1791746.375,1926646.125,1842201.25,1856953.75,1967765.5,1874551.625,1976204.125,2054402.875,2057594.875,1930555.25,1891474.5,1956913.75,2129381.75,1528373.5,1459142.875,1918219.625,1857476.875,2032221.125,2042490.25,1625129.125,1574422.75,1861734.75,1797250.375,1785355.625,1633874.75,1873593.875,1990131.75,1938557.625,1801045.625,2046178.875,1905567.5,1921156.0,2013764.25,1760499.75,1760638.25,1498516.75,1484624.75,1979646.75,1731650.75,1840555.0,1698554.5,1726146.375,1681411.875,1817368.625,1672461.625,1644055.625,1391374.25,2133833.0,2020121.375,1683671.625,1569884.375,1610463.75,1433143.25,1944469.625,1984172.25,1603467.875,1826219.5,1750042.875,1971031.625,1810435.5,1713895.5,1693334.0,1828445.375,1876531.5,1912507.875,1840526.25,2011602.875,1706987.125,1721296.625,2009515.375,2041324.25,1743482.375,1899247.875,1849837.25,1810108.25,2007060.5,2064920.5,1748304.875,1637241.125,1640846.125,1552333.375,1354266.125,1378058.75,1430865.0,1485294.125,1717318.75,1649840.0,1938524.0,2010740.25,1038849.25,1068218.25,1234820.5,1195532.5,1345205.625,1249585.125,1901057.875,1626569.25,2155602.75,1802511.25,1373586.875,1374187.125,1589895.875,1672411.75,1386399.625,1413494.125,2683699.0,2256974.5,1424932.25,1329490.625,2290319.25,2319486.0,1426157.375,1696996.25,1733904.0,1626704.0,2778033.0,2322816.0,2164419.0,2331804.5,2403465.25,2669760.5,3007106.5,2940799.75,1637878.75,2185843.75
55,1762445.375,1657128.25,1824198.125,1686872.875,1772757.5,1640724.75,1724496.75,1693036.25,1759793.125,1688497.625,1832941.75,2056581.125,1753067.5,1797306.25,2012000.5,1875295.75,1807222.25,1747048.875,2103342.0,1822675.625,1819366.0,1707781.625,1680154.375,1520412.5,1813348.0,1588717.375,1586371.625,1431627.375,2081684.5,1901754.5,1874354.375,1685108.375,1623066.0,1570434.375,1677869.0,1589985.0,1657075.75,1533068.0,1764211.875,1864375.0,1682083.375,1915266.75,1521929.5,1281154.75,1265909.375,1200932.0,1384219.625,1487484.25,1450828.0,1322516.625,1542228.125,1531746.5,1679107.5,1521815.5,1667169.375,1823503.125,1761663.25,1604382.125,1420523.0,1581978.625,1467835.125,1454513.5,1780008.25,1840929.0,1619947.875,1649606.625,1539026.375,1639367.625,1489677.25,1536671.75,1911448.375,1721963.25,1804113.875,1695797.375,1552007.625,1231499.5,1930778.5,1676956.0,1592197.75,1752379.875,1206029.0,1274772.125,1394650.125,1404068.25,1500792.5,1424701.5,1562099.125,1517442.5,1244428.5,1338765.625,1522879.5,1400920.0,1306249.875,1192821.75,1468182.0,1336093.75,1485687.875,1538875.875,1504650.125,1445337.5,1173758.375,1131524.5,1487757.5,1341187.375,1663189.875,1747049.625,1568326.125,1534368.0,1464635.125,1480250.125,1422193.25,1291702.5,1838461.0,1700173.625,1416307.125,1385296.75,1527786.0,1382947.375,1900986.625,1979292.5,2010588.125,1790260.375,1929696.0,1841842.75,1856278.25,1965208.75,1868860.25,1972860.25,2056381.75,2057943.375,1930219.625,1891337.0,1958164.25,2130762.25,1528188.375,1459256.125,1922326.375,1855422.625,2031269.125,2042486.25,1626005.625,1573209.0,1862981.375,1799029.875,1784778.375,1634012.5,1870141.5,1988457.125,1940888.125,1801169.875,2044498.25,1902878.875,1921876.125,2015105.75,1759847.25,1763767.375,1497854.625,1486809.625,1980455.0,1734571.25,1839082.0,1698248.375,1727073.0,1685102.25,1819486.375,1673747.25,1643895.125,1392821.875,2136820.0,2025938.875,1683688.375,1571476.75,1610471.75,1435184.375,1941970.875,1982085.0,1602804.125,1825599.0,1750212.125,1968061.5,1810906.0,1712500.625,1696653.875,1831442.75,1879449.375,1916096.0,1838344.5,2010348.5,1701772.125,1718326.875,2009286.5,2039493.625,1747335.25,1900418.375,1849201.0,1810900.0,2005975.25,2064345.125,1747779.875,1635355.5,1638756.0,1550683.25,1355822.5,1377141.625,1431193.75,1481407.625,1718258.75,1649824.75,1936965.5,2008013.375,1036270.1875,1067637.875,1234433.375,1193262.75,1344229.0,1247488.125,1899407.375,1627516.75,2154029.5,1800688.75,1373861.625,1372565.5,1590452.75,1672626.75,1386208.625,1412230.0,2681912.25,2257727.25,1424864.5,1330109.0,2295903.5,2313221.5,1425076.375,1694271.875,1732141.25,1624281.125,2780119.25,2320454.5,2161052.75,2329767.75,2403569.0,2671350.75,3001848.25,2940122.75,1638687.875,2180776.5
56,1760256.875,1653078.0,1823822.375,1678992.125,1772701.625,1640090.0,1727857.75,1689654.5,1763734.375,1691170.25,1832048.25,2054893.625,1751262.375,1793192.75,2011516.5,1870873.5,1806898.25,1743979.875,2103959.5,1816876.0,1818416.5,1704090.25,1679010.375,1512018.875,1814417.875,1585549.0,1591365.25,1443352.5,2081074.25,1898058.5,1874091.0,1679632.5,1622358.75,1568263.125,1676643.625,1592899.5,1657561.75,1533578.875,1764211.5,1863910.375,1681869.5,1913057.0,1522329.875,1287645.75,1267308.0,1201734.875,1387611.875,1490318.0,1449007.625,1321900.25,1542954.125,1537376.125,1680313.25,1521642.0,1670712.125,1823538.0,1762959.875,1604470.875,1425685.0,1584855.5,1470049.0,1454668.75,1781674.875,1840406.25,1619040.0,1649581.75,1541023.375,1643006.5,1498073.5,1541755.0,1915852.5,1723783.0,1808263.625,1698429.375,1555262.75,1235255.625,1937069.5,1683898.875,1595452.5,1760199.0,1205840.0,1277045.5,1395056.625,1409628.625,1503453.375,1427512.875,1563789.25,1521084.5,1245870.75,1340606.25,1523385.75,1402436.375,1305648.875,1195591.5,1467888.875,1338753.75,1487814.625,1541832.25,1506259.375,1446973.875,1173782.375,1133843.75,1491065.875,1345464.375,1663130.25,1749797.75,1568212.375,1535230.75,1467636.625,1479407.5,1419089.75,1288922.625,1837415.5,1698880.75,1418852.25,1382715.375,1528720.5,1388142.5,1898348.375,1980133.75,2012870.75,1794782.25,1928508.125,1844175.875,1859156.875,1964092.75,1863390.375,1971151.75,2059328.625,2053745.25,1933660.375,1890938.125,1960596.0,2132135.5,1528147.5,1457804.0,1918886.875,1852331.375,2030629.25,2040141.125,1623097.5,1570432.625,1861500.25,1798220.375,1784994.75,1633242.0,1863227.375,1986620.125,1938877.125,1800946.125,2041991.375,1899069.625,1921312.5,2014464.125,1761295.0,1762801.125,1499463.0,1489282.5,1983145.0,1733360.625,1840222.0,1697751.75,1728807.75,1685609.375,1820360.625,1673674.375,1644782.125,1394257.625,2137108.5,2027225.5,1684823.75,1571890.625,1611597.5,1436261.875,1940694.875,1979643.125,1603745.0,1826295.625,1749996.25,1967661.875,1807216.875,1711337.25,1700442.75,1832229.375,1880704.875,1914779.625,1837565.875,2009850.875,1696733.0,1717400.5,2007544.625,2038010.5,1738684.625,1896501.5,1848602.5,1810949.25,2006129.25,2060292.125,1748528.375,1639232.125,1641026.75,1551995.125,1352997.75,1379236.125,1430053.75,1481668.5,1719255.25,1648538.0,1938552.0,2003144.375,1037584.5625,1068312.375,1234787.375,1193937.0,1344771.25,1248918.5,1897359.625,1628211.25,2150901.75,1800303.75,1372044.25,1372827.25,1587507.375,1668028.625,1384439.375,1413310.5,2682276.5,2259197.75,1423101.0,1330523.375,2293468.75,2310934.5,1422705.625,1692358.375,1728898.625,1619997.875,2777918.0,2320261.25,2156347.0,2327413.0,2398278.25,2670646.75,2997738.0,2939588.75,1636219.625,2178803.5
57,1759180.375,1652664.125,1824595.25,1678343.875,1767595.75,1639151.0,1728172.75,1693427.75,1765617.5,1690761.75,1830736.25,2054302.25,1750728.25,1792136.75,2010394.875,1870203.375,1803550.875,1743277.875,2103039.0,1817806.5,1818936.125,1706767.75,1677104.25,1513221.75,1815056.0,1589899.375,1593741.25,1450598.375,2081607.875,1898281.625,1873025.25,1682116.5,1623778.625,1569674.875,1673730.25,1597942.125,1658054.5,1534009.25,1765830.875,1866167.625,1683682.25,1912848.0,1521477.875,1288848.125,1267322.0,1199958.625,1388934.125,1491282.625,1447699.5,1319047.0,1539631.875,1537524.0,1682030.0,1521362.875,1671945.75,1824374.5,1762050.625,1604824.875,1426271.25,1583263.75,1472029.375,1454315.625,1783019.125,1841493.75,1617425.125,1648949.875,1543148.125,1645693.0,1502485.75,1546093.625,1916586.5,1723451.25,1808503.0,1698091.125,1555438.75,1236486.0,1938523.875,1681351.875,1597766.625,1761018.0,1208005.0,1276693.25,1394754.25,1409658.75,1506122.375,1428102.0,1564933.875,1519420.75,1248005.75,1340031.125,1526324.75,1403800.75,1305403.5,1195543.75,1468304.875,1340036.875,1491710.75,1542433.875,1508142.375,1449969.375,1174596.5,1135150.125,1494117.5,1350439.75,1663043.75,1748847.875,1568052.125,1535121.625,1469743.125,1479436.125,1417025.125,1285844.5,1834554.875,1703483.25,1419616.375,1383828.75,1528702.75,1398631.625,1896645.0,1981786.875,2012213.5,1796543.25,1925625.25,1845073.0,1856868.5,1964300.875,1866303.75,1972089.0,2060022.75,2052563.625,1933807.375,1890500.75,1961397.0,2132522.75,1532953.125,1458929.625,1915127.875,1855084.375,2033629.625,2041705.5,1622312.125,1571945.5,1863345.375,1797273.75,1786487.875,1634674.125,1860174.25,1983537.75,1935518.5,1798608.125,2044011.25,1901783.0,1920922.375,2014266.625,1764049.25,1762948.75,1502235.25,1489456.125,1984863.25,1732377.0,1837778.0,1697770.75,1727070.125,1683722.0,1816367.625,1671860.75,1644363.0,1394697.0,2131524.25,2018395.375,1685507.875,1571285.75,1611457.125,1435381.875,1942674.0,1981939.0,1603822.375,1827221.625,1751750.75,1971050.0,1805343.0,1711875.25,1700218.875,1833421.875,1881520.375,1914193.875,1837689.375,2008830.125,1695016.75,1718649.125,2008239.125,2039407.5,1736192.25,1896589.375,1847996.0,1810144.625,2008149.5,2061656.875,1751361.25,1643383.0,1647443.25,1555038.125,1352522.625,1382704.875,1429618.125,1482553.875,1720874.125,1650016.375,1943000.0,2005655.0,1038922.1875,1068912.375,1235090.5,1196040.125,1344539.0,1249187.0,1894752.625,1625120.625,2149657.25,1800935.625,1370540.875,1374275.125,1585849.375,1667915.375,1383269.875,1413348.375,2681238.25,2259139.75,1420758.625,1330210.0,2281948.25,2310023.25,1422167.0,1694374.0,1726647.375,1619684.625,2768798.25,2317575.25,2153672.5,2324208.0,2392778.5,2665281.0,2995664.5,2936368.25,1634401.125,2178623.75
58,1760557.625,1656127.875,1826848.75,1687854.375,1763616.125,1641187.375,1726903.25,1699219.75,1763870.875,1687469.0,1830319.75,2056117.875,1752496.0,1794208.0,2012231.375,1874776.5,1802990.5,1746612.75,2104684.25,1827549.375,1819777.125,1713370.375,1676732.375,1522545.875,1816167.875,1597905.625,1591362.0,1445375.625,2080419.5,1901974.75,1871382.125,1688668.75,1622650.75,1574223.5,1670417.625,1599014.375,1656479.0,1531721.75,1761847.875,1868076.375,1681234.375,1909759.125,1522068.5,1280424.875,1263434.125,1191922.75,1385754.625,1493373.875,1446603.25,1316149.125,1535351.0,1529786.625,1683672.625,1522367.875,1671930.125,1825753.25,1762853.25,1605459.75,1422049.0,1579547.125,1469773.25,1453889.75,1782364.25,1842357.875,1617947.25,1649491.75,1544274.5,1643287.75,1501501.0,1545833.25,1909144.625,1719726.125,1803478.625,1693209.375,1551304.375,1231382.0,1936123.75,1675089.875,1595624.375,1749116.625,1208310.875,1272861.875,1394229.625,1406666.0,1507038.375,1426501.0,1564014.625,1513569.25,1250117.875,1340809.625,1527341.0,1403167.625,1304142.125,1193640.0,1468713.125,1340230.75,1493107.875,1540820.75,1509539.25,1451278.5,1175678.0,1134181.25,1493991.5,1350919.25,1663054.75,1748542.875,1568496.875,1533105.625,1466352.875,1477931.375,1417121.75,1285829.5,1831804.75,1701763.875,1415182.375,1383269.875,1524954.75,1398572.125,1895259.625,1977363.75,2007304.0,1792731.625,1922294.75,1841793.25,1853480.75,1965677.625,1871666.625,1972674.375,2057544.875,2055982.625,1932088.875,1891705.5,1960034.125,2132861.0,1535190.125,1462515.625,1915460.5,1858986.5,2035442.875,2044932.625,1622482.625,1574962.75,1863704.75,1796571.375,1785118.875,1636510.875,1865036.75,1983717.0,1935881.875,1797600.0,2046529.625,1905076.875,1920850.875,2015181.5,1766146.125,1765080.375,1501850.375,1487452.875,1986413.625,1733608.0,1835530.25,1699289.25,1725073.25,1682508.5,1812533.75,1669829.0,1642408.25,1392426.75,2136717.75,2014971.125,1683373.375,1569632.625,1609802.125,1433048.125,1944981.25,1985940.0,1602964.375,1826661.125,1753095.375,1973917.125,1806999.125,1713788.625,1698447.875,1835246.875,1882599.25,1917647.5,1834033.25,2005369.0,1698670.5,1719192.5,2008771.375,2040006.125,1745411.125,1901354.625,1847393.5,1811943.5,2007717.0,2066201.0,1755130.375,1642462.125,1648968.625,1554036.625,1357476.625,1384578.625,1432306.0,1482812.125,1722403.75,1650732.5,1942459.75,2010831.875,1036293.6875,1067152.125,1233847.875,1194108.75,1343533.5,1247434.375,1892239.125,1623525.875,2148891.5,1801178.5,1371133.0,1374603.75,1586793.25,1670531.5,1383125.875,1412211.375,2677370.75,2257462.0,1420075.875,1329597.125,2288758.0,2310638.0,1424654.5,1696989.125,1727291.0,1623027.75,2771643.0,2321111.0,2153892.75,2322976.75,2392041.0,2665084.25,2996030.5,2934940.75,1637416.75,2178880.0
59,1764523.125,1658641.5,1825915.375,1685479.0,1763641.75,1642719.875,1730875.25,1694467.625,1762862.125,1687966.25,1832206.125,2059646.5,1754236.375,1796181.625,2015725.125,1872804.5,1806096.125,1745565.5,2106018.0,1826923.25,1818723.25,1704853.5,1677633.0,1511053.75,1819025.125,1590929.75,1593261.5,1441241.375,2080031.625,1899416.125,1869137.25,1676747.125,1621877.625,1570123.625,1668723.5,1593470.875,1656205.875,1530605.25,1755009.75,1864324.875,1679563.625,1906119.375,1524928.75,1275008.875,1259047.375,1183559.25,1382593.0,1497732.625,1445190.75,1317016.75,1535097.875,1525671.875,1686414.5,1517094.375,1675477.375,1823412.75,1766795.875,1603578.625,1423929.75,1578821.75,1465813.625,1452418.75,1781600.375,1837476.25,1619998.75,1650307.75,1542487.125,1641099.375,1505252.125,1547488.875,1910873.875,1716573.75,1804660.625,1689419.25,1551104.625,1229569.0,1938256.25,1677985.5,1592546.75,1748301.125,1202805.25,1277269.0,1393075.5,1413392.0,1501001.375,1434990.375,1563500.5,1515423.5,1248101.625,1344938.875,1523182.375,1405801.0,1301714.875,1198486.125,1468343.125,1344818.875,1486766.875,1545719.625,1507776.0,1454609.0,1173281.5,1137332.625,1494422.125,1353018.875,1661408.25,1751857.125,1567746.0,1535592.375,1465686.5,1475544.75,1414662.25,1288396.375,1831436.125,1695628.875,1415044.625,1379568.875,1525318.0,1395119.5,1892989.25,1975322.625,2007240.625,1794540.25,1926755.25,1841184.25,1858426.25,1966753.75,1866390.375,1972962.0,2055897.375,2053811.25,1936974.625,1891134.125,1959000.0,2131611.25,1528046.5,1466507.375,1914527.375,1855790.5,2033438.375,2039685.875,1622546.5,1572069.25,1861252.625,1799828.5,1784018.75,1633862.5,1865234.375,1987202.25,1937987.5,1800518.125,2043593.625,1901530.25,1920923.875,2015866.25,1769388.5,1761046.125,1500653.25,1484854.75,1989588.875,1732158.75,1843425.625,1700897.625,1726531.0,1682642.25,1814215.375,1668100.375,1644618.5,1390353.625,2142395.25,2016709.5,1683244.25,1567190.5,1610671.75,1431563.5,1942577.875,1985131.75,1602439.625,1826405.125,1753005.125,1973071.125,1806824.0,1714300.75,1699502.625,1835564.875,1882485.75,1918223.0,1831534.875,2003855.875,1702461.125,1719780.5,2006963.25,2038206.625,1746765.875,1900577.625,1847674.5,1813191.375,2006301.75,2064317.375,1751572.375,1643658.125,1641186.25,1557000.75,1354202.875,1384543.625,1429553.625,1486870.375,1722789.0,1649276.875,1936787.125,2007844.375,1037250.3125,1066500.625,1234434.5,1191654.375,1344416.875,1247316.5,1893366.375,1625263.625,2144750.25,1801455.375,1372129.375,1376212.75,1586748.375,1670816.25,1383737.875,1414032.125,2677459.5,2256834.0,1422061.25,1330473.75,2296545.25,2314330.5,1425028.625,1694709.125,1727830.25,1623975.5,2778372.75,2325596.5,2154910.75,2324945.0,2393085.0,2667335.25,2997520.75,2935900.75,1637200.875,2181494.25
60,1766001.0,1657419.125,1821270.125,1672825.75,1764608.125,1639606.0,1733855.25,1683257.875,1762847.875,1692255.0,1834028.75,2061529.625,1755245.375,1798048.25,2015302.625,1866688.25,1809783.5,1741541.25,2104356.25,1816808.75,1817818.375,1690779.5,1677659.875,1489911.875,1819211.25,1576143.875,1598663.0,1442039.625,2084241.25,1896353.125,1870818.5,1661360.625,1625497.875,1562637.25,1669288.875,1588174.125,1658687.875,1534265.5,1754996.5,1862085.875,1683395.75,1908639.625,1525459.625,1278483.375,1259399.125,1183982.875,1381196.0,1494777.75,1446273.5,1320322.375,1537300.625,1530507.25,1688569.375,1510815.75,1677061.75,1818931.25,1766768.875,1599673.625,1428537.0,1579941.875,1464794.75,1452192.75,1783510.625,1834508.25,1621130.375,1650089.625,1538880.75,1643031.625,1509197.0,1549209.375,1920709.625,1717168.625,1809823.375,1690361.375,1555026.5,1234101.125,1941503.875,1684973.125,1591649.625,1761527.5,1197704.375,1286599.125,1392480.625,1423330.0,1492403.75,1446645.5,1564160.875,1521995.875,1243588.75,1346126.25,1518569.25,1410654.125,1301084.0,1206166.125,1466397.625,1349860.875,1479147.125,1553443.25,1503495.625,1458880.5,1169494.0,1142510.625,1495725.625,1356094.625,1660577.375,1753461.625,1566423.625,1541436.0,1470151.375,1475879.5,1412983.875,1291950.75,1833926.75,1696323.625,1420717.875,1380955.0,1530404.0,1397224.5,1892419.75,1979659.375,2011657.625,1801081.25,1935480.125,1844873.625,1863321.625,1965642.0,1856663.5,1972725.625,2056359.625,2048189.625,1941506.5,1887256.75,1958582.625,2129146.5,1521308.875,1467290.875,1914058.75,1851343.625,2032817.5,2032170.25,1625140.0,1568133.75,1859249.5,1804382.0,1785993.25,1630273.125,1855853.125,1986880.75,1937817.875,1803022.5,2041148.25,1896976.5,1921564.625,2015700.125,1771814.0,1754691.25,1501109.0,1484372.625,1989723.625,1728810.625,1850904.75,1699782.375,1729059.875,1683151.625,1818953.25,1668352.125,1649966.5,1390603.375,2136315.0,2013421.375,1686666.875,1565956.5,1612682.25,1431848.125,1939797.875,1983689.625,1602538.75,1828309.625,1752948.125,1971401.125,1805364.625,1714275.5,1703214.875,1836819.5,1882198.5,1915903.25,1835248.875,2008535.5,1699264.0,1719420.125,2003197.5,2036034.625,1736618.5,1893522.0,1847569.0,1810470.0,2006764.5,2059638.375,1740884.25,1647208.0,1632435.5,1565139.25,1340545.875,1381601.5,1420261.625,1490102.75,1719176.75,1648687.75,1933611.125,2002227.375,1041292.5,1068779.25,1237873.375,1193364.375,1347132.125,1249519.75,1898349.75,1627281.375,2143494.0,1803152.375,1371893.0,1378104.75,1587043.625,1671637.875,1385125.75,1416823.875,2682861.25,2258832.75,1424506.0,1331473.5,2287767.25,2319867.75,1422128.875,1691999.125,1727905.625,1625008.0,2775697.75,2323599.25,2156338.75,2328547.25,2394744.25,2667506.5,2999710.75,2937585.75,1633542.125,2185922.75
61,1764423.625,1654193.125,1820443.5,1669442.0,1767262.875,1638745.0,1731686.75,1678354.25,1764028.875,1693492.375,1834779.25,2060719.0,1755537.25,1797360.0,2011520.25,1864691.0,1812848.375,1740818.125,2100960.5,1812248.625,1818432.0,1690721.0,1678074.25,1486619.25,1817018.0,1572605.125,1599325.5,1442653.25,2090040.0,1900180.125,1879389.0,1665615.5,1629124.125,1566360.5,1671883.125,1593505.625,1662064.625,1538305.25,1760997.625,1869591.75,1685377.875,1911709.625,1524466.125,1281749.5,1262346.125,1187905.125,1381240.625,1488454.875,1448462.5,1321563.0,1539013.375,1536018.75,1687394.875,1512581.375,1674423.875,1817205.5,1761957.0,1598733.375,1428132.875,1581313.125,1467021.75,1454050.25,1785759.25,1837142.25,1619366.375,1649190.125,1536677.5,1646460.75,1510544.625,1550937.5,1924966.5,1720235.75,1811470.125,1694908.375,1558810.25,1238282.875,1942125.375,1688216.125,1593734.25,1769930.0,1199987.75,1286977.875,1393726.125,1423874.125,1494430.625,1446382.125,1565070.125,1524302.5,1242935.625,1344209.125,1520333.25,1412622.125,1302650.875,1207737.75,1464699.375,1350308.375,1481068.75,1555034.0,1504633.0,1461072.0,1170959.875,1143379.25,1497557.5,1357181.375,1660682.625,1752381.125,1567234.0,1542209.0,1473402.5,1478323.75,1416380.625,1294643.875,1837414.5,1701374.25,1423685.25,1388031.5,1534584.75,1403369.125,1895297.375,1985027.75,2016260.75,1805235.0,1938237.75,1848264.75,1860551.25,1964020.125,1855945.0,1969860.25,2056028.25,2046902.875,1939295.375,1886044.5,1957233.0,2128042.0,1523881.0,1463937.75,1917980.875,1852550.0,2035263.625,2032866.625,1628495.125,1570124.75,1860388.0,1803085.75,1789870.75,1631202.75,1843039.125,1980215.25,1934750.125,1800686.125,2041304.5,1895970.125,1922434.875,2014896.125,1769835.0,1755216.25,1501653.875,1485576.625,1984897.0,1727915.75,1846278.75,1697936.625,1730315.375,1684188.0,1822616.125,1670786.0,1652320.125,1391138.125,2136563.5,2015962.25,1688623.75,1567147.125,1613284.25,1432556.25,1942553.875,1985273.25,1603896.0,1830157.125,1752687.5,1969878.375,1805710.625,1715052.75,1705043.5,1839382.5,1883419.625,1917124.5,1837780.75,2011238.375,1689240.625,1716180.875,1996280.25,2032959.75,1729987.375,1887820.375,1844749.25,1807484.125,2006079.0,2058251.5,1735029.375,1646536.125,1631369.125,1566910.0,1333475.125,1377807.0,1414222.25,1487281.625,1709842.625,1646002.5,1934215.75,2001080.375,1042179.8125,1071189.625,1240717.25,1196494.125,1349153.875,1251956.25,1901013.75,1628893.375,2147808.0,1804446.125,1371162.25,1376590.625,1589767.75,1672966.5,1386362.125,1415981.625,2684908.25,2261529.75,1425265.625,1330502.5,2283529.25,2319958.5,1421484.75,1694388.25,1729784.125,1628580.375,2773820.25,2320177.75,2156796.75,2331169.5,2395575.25,2667833.25,3000799.75,2939035.25,1634538.75,2186633.0
62,1765376.5,1652296.0,1826561.125,1672114.375,1773658.625,1644867.125,1731678.25,1682215.375,1767905.625,1691124.125,1836159.375,2060157.625,1755167.625,1794963.0,2011102.875,1864105.5,1815035.125,1740010.625,2099750.0,1813605.5,1820165.75,1697696.125,1681155.75,1493348.125,1818635.25,1577242.625,1599465.75,1444628.375,2093751.625,1902736.375,1887346.25,1677332.875,1629294.5,1577566.0,1675155.125,1607179.625,1664840.875,1538095.375,1765677.75,1879155.625,1682071.75,1910377.25,1527394.375,1281794.125,1264477.625,1187559.125,1383240.0,1489929.5,1450064.375,1321010.875,1542305.5,1536632.5,1684776.625,1517467.125,1674570.125,1818147.625,1759481.875,1601474.875,1424836.75,1581680.125,1469624.25,1455727.5,1785024.0,1837980.625,1615408.375,1647992.875,1535556.625,1647100.125,1511650.75,1553862.125,1924319.0,1723256.625,1810261.75,1699428.5,1561869.25,1239542.75,1941730.375,1687216.625,1595300.75,1768224.5,1205689.125,1280349.25,1394202.125,1417102.875,1505066.75,1439551.5,1565444.125,1522521.25,1247041.625,1345451.25,1526659.875,1411668.125,1304097.375,1204026.25,1466629.125,1347744.75,1489383.875,1552234.375,1512002.625,1461543.0,1177068.5,1141160.625,1500515.75,1359675.25,1660079.375,1751960.25,1569117.125,1538561.5,1473188.625,1480109.25,1417724.5,1292244.75,1838202.375,1700500.375,1421546.375,1390151.375,1533825.75,1412731.375,1898182.375,1982992.5,2021501.375,1807535.0,1936737.75,1851135.125,1854932.375,1962589.25,1862493.0,1966920.625,2054832.5,2046162.25,1937316.375,1889389.5,1955671.375,2128476.0,1531586.0,1461644.875,1920709.125,1855005.125,2037997.75,2036524.25,1628473.75,1575153.375,1864817.0,1800275.75,1794266.125,1635032.375,1833040.5,1974065.125,1932849.125,1795345.625,2038819.0,1895955.625,1923317.625,2016173.75,1766647.125,1760147.25,1501380.5,1486203.875,1981547.875,1729523.875,1839017.0,1698820.375,1729564.25,1685669.25,1824164.875,1673094.25,1651205.25,1391150.5,2147579.0,2028265.375,1688005.875,1569234.375,1613753.75,1432790.5,1945766.125,1986251.125,1605806.125,1830842.125,1752762.25,1967566.5,1806437.875,1713435.375,1705281.75,1841221.625,1885513.25,1921190.25,1835399.625,2007383.0,1678857.625,1713558.25,1990734.375,2029719.75,1736017.625,1888700.0,1841599.25,1807394.75,2002958.125,2057741.625,1738361.625,1645217.25,1636120.375,1561745.125,1341457.125,1379061.5,1414350.125,1483417.875,1702670.375,1640775.25,1936300.25,2000747.0,1041070.1875,1071562.375,1240916.25,1197011.5,1348200.875,1251668.5,1897995.5,1628411.125,2149157.25,1803042.25,1370206.0,1373788.875,1591982.625,1671741.125,1386194.0,1413257.0,2679793.75,2261926.0,1424706.75,1329642.625,2285653.75,2311785.5,1423086.375,1696027.625,1730933.625,1628059.125,2772639.5,2314750.5,2154757.0,2329786.25,2394947.25,2667443.5,2997194.25,2936957.25,1635615.625,2182519.25
63,1767694.375,1655080.25,1831537.375,1675678.375,1776788.25,1648068.375,1734003.0,1690125.0,1769624.625,1690601.25,1837126.75,2061631.875,1754392.5,1793980.0,2013630.125,1866091.75,1813731.375,1740105.75,2101086.25,1815854.5,1820497.5,1702120.0,1683094.125,1501565.875,1820865.125,1582811.125,1598941.5,1446048.125,2091760.5,1901439.375,1884555.625,1681208.125,1626320.5,1580774.0,1675321.375,1610966.0,1663611.625,1535497.0,1765657.875,1878577.5,1680361.875,1910686.375,1526864.875,1283908.25,1265367.0,1190124.0,1385122.125,1493329.75,1450983.375,1320791.25,1544607.125,1535887.25,1682851.25,1519899.375,1675643.75,1820890.75,1760851.0,1604009.25,1422301.375,1580847.25,1469104.875,1455936.375,1782682.25,1838300.375,1614807.25,1647697.125,1536219.25,1645022.0,1505567.375,1548803.25,1919989.375,1723105.25,1806734.125,1699209.625,1559985.25,1238055.125,1939876.625,1683452.0,1593661.625,1761239.5,1207665.0,1276439.75,1393545.5,1410590.0,1508590.875,1434128.25,1564067.25,1519869.375,1248903.75,1345931.5,1528060.0,1407618.0,1304965.75,1198747.125,1469032.0,1343289.0,1492273.375,1547341.0,1514140.625,1456980.0,1178283.375,1137063.75,1498237.375,1356946.625,1660703.125,1751504.125,1569412.875,1536400.375,1469803.125,1481028.5,1417093.375,1289398.25,1837442.75,1697947.625,1418738.875,1386776.625,1530501.0,1409237.5,1898840.0,1976019.5,2019703.625,1804710.0,1933389.875,1851404.5,1852692.75,1961589.375,1867458.625,1967425.0,2055332.625,2046096.375,1936502.125,1891901.5,1956290.25,2129486.75,1534830.0,1460654.625,1918784.25,1853638.375,2038122.625,2038386.75,1625142.25,1576607.0,1865198.75,1799658.125,1793207.875,1636961.25,1839640.125,1976696.125,1935212.75,1793753.375,2038114.625,1897306.875,1923293.625,2017914.125,1764764.625,1762916.125,1499385.25,1486325.75,1982516.5,1731703.625,1838107.375,1700317.75,1727562.75,1685474.375,1823362.375,1674071.75,1648339.0,1391609.5,2150380.5,2031501.5,1686043.25,1570687.75,1613037.25,1433095.25,1945126.625,1985918.5,1606186.125,1830170.0,1753474.625,1968459.5,1807683.125,1711154.625,1704752.5,1840193.875,1884964.0,1921087.5,1835094.875,2006797.0,1680316.0,1714844.125,1994886.125,2031428.75,1745023.375,1894402.375,1843112.25,1809361.625,2002152.875,2058539.375,1744898.125,1644834.125,1640393.25,1556400.875,1353513.625,1382962.5,1419419.875,1482150.0,1705805.25,1638782.875,1938021.5,1999824.25,1039568.75,1069994.75,1238934.0,1195778.875,1345908.625,1249457.25,1895510.0,1626467.75,2148760.5,1801741.125,1370235.25,1373716.0,1591724.0,1670720.0,1385684.0,1413073.375,2676778.75,2259896.25,1423954.375,1330429.125,2285801.25,2309352.75,1423851.5,1695087.25,1729412.25,1624213.0,2770701.25,2313022.5,2154281.5,2327301.75,2396740.75,2668291.0,2996039.0,2935859.5,1634259.5,2181298.25
64,1767481.875,1659604.5,1828367.5,1680755.875,1769867.375,1642679.25,1733438.25,1695364.25,1766857.125,1692176.75,1835724.25,2062244.5,1752390.625,1791788.375,2012414.625,1869757.375,1808721.25,1744607.75,2100718.25,1815467.5,1818082.75,1703033.75,1680158.625,1509853.875,1818331.75,1588038.875,1593171.875,1443123.125,2085051.25,1900730.25,1876164.0,1678267.75,1622998.5,1574049.125,1672825.25,1599845.125,1659310.75,1533937.375,1762853.0,1871347.0,1681601.75,1911117.0,1520638.0,1286132.125,1263957.5,1194799.875,1386160.5,1494234.875,1449020.5,1319487.0,1541948.375,1535432.5,1681316.75,1519378.25,1673136.875,1823697.875,1762841.25,1604397.125,1422559.75,1580130.875,1467607.75,1454837.625,1780977.0,1840538.5,1617984.0,1648282.5,1539290.25,1644266.25,1496867.375,1541899.25,1916101.75,1721316.375,1806124.375,1696585.25,1554692.25,1236001.25,1937048.5,1681648.0,1593948.5,1756710.875,1206067.25,1278120.75,1393846.25,1409193.75,1503755.125,1431387.625,1562883.75,1519824.625,1246059.375,1342153.125,1523444.875,1403419.875,1305065.625,1195714.625,1468334.75,1339946.375,1487911.5,1543806.625,1508317.25,1450990.875,1173143.375,1133734.5,1491774.75,1348695.375,1661911.625,1750033.5,1568398.875,1536541.75,1466726.875,1480696.5,1419816.875,1291210.5,1837721.625,1701786.5,1419041.375,1386172.75,1530533.875,1393594.375,1899016.625,1977217.75,2011217.375,1797508.625,1929635.25,1846243.5,1856401.375,1962195.625,1870312.375,1971173.625,2056898.125,2049458.0,1934584.0,1891471.25,1958872.0,2129801.75,1532278.25,1459974.5,1917513.0,1851501.25,2035499.375,2039918.125,1623093.375,1573906.125,1862337.25,1798246.25,1787811.0,1635384.625,1860211.25,1985663.5,1936741.0,1797162.875,2042784.875,1900918.375,1922321.125,2016291.125,1763570.875,1761379.5,1498637.375,1486016.125,1984211.0,1731833.25,1839895.625,1699476.25,1727370.0,1683193.5,1821164.75,1673295.625,1646323.375,1392244.625,2142541.25,2022814.875,1684240.375,1570932.375,1611722.5,1433191.25,1943964.0,1984987.25,1604501.0,1827366.25,1752712.625,1972234.5,1809453.625,1712100.125,1700686.625,1835326.625,1881257.125,1915778.125,1836778.625,2009691.875,1692978.5,1718051.0,2004712.25,2037391.125,1743393.25,1896666.125,1847902.75,1810789.25,2005915.5,2062771.375,1748016.75,1642349.0,1641873.5,1554504.5,1354524.625,1381076.25,1425321.75,1482337.125,1713528.875,1642141.125,1938681.375,2002294.5,1039138.75,1068575.125,1236724.75,1195416.125,1345595.875,1248896.75,1897000.25,1626138.75,2151020.0,1802186.875,1372344.625,1375370.75,1589045.625,1669612.875,1386100.125,1414874.625,2681427.0,2259276.25,1423530.375,1330687.875,2287760.5,2314498.0,1425331.625,1695650.875,1729207.0,1623790.125,2774901.75,2319867.5,2156963.5,2327711.5,2397925.75,2668763.75,3001831.75,2940018.75,1636372.125,2182869.25
65,1766500.5,1660164.25,1822781.75,1683295.125,1765093.625,1640664.25,1730894.375,1696016.25,1765602.5,1692671.875,1832922.875,2060919.125,1751138.25,1791374.5,2008614.0,1870677.875,1805299.75,1748445.25,2099603.5,1815408.5,1816205.875,1702353.75,1675997.0,1514538.375,1815236.875,1590475.875,1589941.25,1442409.0,2081892.875,1900228.875,1873066.75,1675885.375,1622154.25,1570357.875,1673190.375,1592812.0,1657859.875,1533352.125,1761799.625,1866762.375,1681415.125,1906402.375,1518620.375,1284776.125,1261599.375,1193205.0,1387102.75,1497472.375,1446176.25,1317235.125,1539946.0,1533988.25,1681030.875,1519047.5,1670549.875,1825014.0,1763767.625,1604909.0,1423362.25,1580007.5,1469100.625,1453576.5,1780574.125,1840393.875,1619671.5,1648905.75,1541667.5,1645005.125,1494802.75,1540858.375,1916342.625,1721139.5,1808935.0,1696303.5,1554520.375,1235728.25,1935343.875,1681633.125,1597601.125,1756157.0,1206848.625,1278746.75,1394901.25,1408029.25,1504874.625,1431420.5,1563994.125,1519846.5,1245347.875,1339777.625,1522339.0,1402655.125,1304889.75,1194457.75,1467848.625,1338594.75,1487698.25,1543847.5,1506414.75,1449636.625,1171027.0,1132389.875,1489835.625,1345104.5,1662398.375,1748780.125,1568371.25,1535692.375,1465974.25,1478826.0,1422016.75,1291713.875,1836766.0,1703732.375,1418701.5,1385909.375,1530773.0,1386119.5,1897919.25,1980754.625,2009122.5,1794012.0,1928764.375,1842570.125,1859908.0,1963642.75,1871263.375,1974364.75,2058065.625,2052415.875,1932942.625,1891006.625,1960235.25,2129551.75,1531521.625,1460776.0,1916572.125,1851798.75,2033438.875,2040792.75,1623001.875,1572377.25,1862183.625,1798158.125,1786432.25,1634218.875,1869741.625,1990112.0,1935918.875,1799288.5,2044458.0,1902434.25,1922295.5,2015030.875,1763084.0,1760428.0,1500537.625,1485736.75,1983524.125,1731246.375,1839420.75,1698332.125,1728429.0,1682523.875,1819335.375,1672361.25,1646439.5,1392605.25,2137804.5,2019015.5,1683120.75,1570053.875,1611455.0,1432923.5,1942903.625,1983047.125,1602669.25,1825160.375,1750141.25,1971994.375,1808686.125,1713345.75,1698085.375,1832861.875,1879844.5,1914132.125,1835510.875,2008697.75,1700494.875,1719501.125,2007591.0,2038907.125,1739048.375,1894632.875,1848965.875,1810258.375,2007306.875,2064067.125,1749115.875,1640834.25,1643839.625,1554000.25,1351636.625,1378435.75,1428951.75,1482510.25,1717370.625,1646466.0,1939540.5,2005410.0,1039065.25,1067967.875,1235097.625,1195379.875,1345235.5,1249591.375,1896572.25,1626652.625,2151913.25,1802646.625,1373616.875,1375042.75,1587197.25,1667038.25,1386645.25,1415172.875,2684868.75,2260768.25,1423218.125,1329803.375,2291879.0,2314722.75,1427473.125,1696181.25,1731532.875,1624797.5,2779773.75,2324600.75,2158884.5,2327703.25,2396218.25,2666665.25,3004565.25,2941761.5,1639906.875,2181289.0
66,1765818.625,1658897.625,1820604.25,1684472.625,1772008.125,1646484.125,1726988.625,1695063.0,1766280.25,1691912.625,1830829.75,2060439.5,1752650.375,1796819.125,2007269.5,1873155.125,1805462.5,1748871.25,2099629.5,1820943.375,1814676.375,1704557.125,1673748.875,1519754.125,1813803.75,1590888.25,1591006.5,1446002.0,2081753.0,1899289.375,1872495.625,1677418.625,1622134.375,1571747.625,1677331.875,1595173.625,1658615.875,1532153.875,1763350.375,1862610.375,1680454.5,1904551.0,1518813.25,1283596.875,1261954.625,1194836.5,1385818.375,1495558.625,1445752.125,1316946.875,1543262.875,1533859.25,1681161.375,1522731.75,1667768.75,1826630.5,1762160.0,1606539.375,1420246.25,1580754.0,1469913.25,1452342.25,1780979.375,1839090.125,1620602.375,1650287.875,1543526.0,1644702.375,1495439.0,1536285.5,1913208.625,1720481.875,1807249.625,1696709.75,1558149.75,1235072.375,1937500.75,1681497.75,1599676.25,1754867.375,1211324.0,1274708.875,1397294.875,1403181.25,1512363.0,1429472.75,1565286.625,1516279.5,1248004.5,1339008.25,1526325.625,1401628.875,1305903.375,1191100.125,1468793.25,1335506.875,1494866.875,1540595.5,1510679.25,1447468.0,1172604.875,1128566.75,1489630.875,1342563.25,1663755.0,1748126.125,1569852.875,1533184.875,1464914.875,1477535.375,1423079.375,1290657.25,1834839.375,1700232.875,1415636.5,1382629.625,1530189.625,1380938.0,1895812.0,1978246.625,2011299.125,1792841.375,1927490.25,1843778.0,1860398.75,1965352.875,1866951.0,1973361.25,2060870.375,2054456.75,1929028.625,1889854.875,1960295.375,2130415.0,1532866.0,1458521.5,1911704.375,1850390.625,2031604.625,2041123.75,1620925.625,1571845.75,1859229.625,1798250.625,1785687.625,1634730.875,1868659.25,1988924.5,1938855.75,1799422.125,2040891.125,1899322.875,1921534.625,2014743.5,1760830.25,1763968.5,1499099.75,1486734.75,1980248.0,1733205.875,1835668.25,1696899.5,1727540.75,1685559.875,1818703.75,1673547.75,1645772.75,1393060.125,2139944.5,2021683.125,1681121.0,1569668.5,1610116.125,1433595.125,1940789.375,1981515.625,1603399.375,1825930.5,1748676.875,1969702.375,1804929.125,1712838.375,1700521.5,1835550.5,1880561.5,1916665.75,1835642.5,2009305.625,1701332.0,1718607.25,2004009.375,2034867.125,1737771.625,1894407.125,1845733.0,1809621.25,2003246.875,2058109.625,1752882.25,1641922.875,1647937.875,1550420.75,1358162.0,1383501.25,1434517.875,1481347.75,1719675.875,1648949.625,1939999.75,2002579.875,1036540.9375,1067523.25,1233151.125,1195199.0,1343174.25,1250792.375,1893903.125,1626825.625,2153177.5,1802549.875,1372769.5,1373129.875,1588335.625,1666176.625,1385949.75,1414104.125,2684528.75,2261231.0,1422519.5,1329579.875,2298088.75,2313957.5,1427499.25,1693810.375,1731504.875,1623551.25,2782034.5,2326352.25,2159590.25,2324951.0,2396619.75,2668098.25,3003892.75,2940181.5,1639971.25,2178346.5
67,1765110.125,1659703.5,1821743.5,1683837.0,1777863.875,1646927.75,1724747.75,1692633.75,1763895.625,1689798.625,1831257.375,2060652.25,1754543.25,1800282.75,2010096.625,1876653.875,1807179.375,1746868.625,2100167.75,1823943.375,1814073.0,1704946.625,1674955.625,1519982.25,1813581.0,1589034.5,1590888.5,1445002.125,2080616.875,1898658.625,1870405.875,1677220.5,1622631.25,1569528.125,1680036.0,1592930.625,1657900.125,1531973.5,1764995.625,1859928.625,1681607.75,1911852.0,1518201.625,1283603.125,1264278.375,1203174.625,1381844.0,1483697.5,1446154.0,1318982.625,1546462.125,1534198.375,1681494.125,1525437.75,1665877.0,1826595.0,1760111.5,1605721.0,1418027.0,1581332.0,1468040.75,1452736.375,1781350.625,1840154.625,1621359.875,1650156.75,1543469.75,1642365.625,1499132.625,1535097.625,1909029.875,1719988.375,1804583.5,1697284.75,1557769.25,1234735.75,1942376.125,1685304.875,1598651.5,1757153.625,1211859.25,1274456.75,1399245.125,1404526.375,1509616.875,1428434.25,1565319.25,1516709.5,1247653.25,1338155.0,1527217.625,1400322.125,1307222.5,1191539.5,1468796.0,1334867.25,1496043.75,1537377.25,1510594.0,1443271.375,1171743.25,1126557.375,1488162.625,1340855.75,1664275.375,1748111.125,1570548.625,1534323.875,1465723.75,1478249.5,1423140.25,1293175.0,1833634.0,1700165.125,1416272.0,1383090.125,1533060.625,1377861.5,1895340.375,1978155.5,2008937.625,1792661.0,1925227.25,1844089.125,1862619.875,1966371.0,1861639.0,1971600.75,2063209.25,2054281.875,1926634.25,1887003.25,1961552.375,2131049.25,1529817.25,1454972.75,1908189.5,1846169.875,2031084.625,2040310.0,1619089.375,1568935.75,1853900.875,1795111.75,1781611.0,1633976.875,1868284.125,1987258.625,1941655.375,1799415.125,2038934.25,1896540.25,1917856.625,2011589.25,1759290.125,1766232.25,1495748.25,1489623.375,1980503.5,1734341.5,1834270.0,1694227.25,1725028.875,1687935.125,1820200.625,1675253.25,1644713.625,1393803.625,2141230.25,2022557.125,1680462.25,1570691.375,1609097.125,1435194.25,1939459.25,1980989.5,1605863.875,1827664.625,1750866.625,1972620.0,1801264.5,1711377.25,1701401.0,1835774.25,1879179.125,1915165.625,1839956.0,2015013.25,1701984.875,1719226.5,2003228.375,2032540.875,1734922.125,1894746.5,1844524.625,1808689.25,2000782.125,2052754.75,1754096.125,1644248.25,1648388.375,1550442.0,1362608.875,1388793.0,1437339.25,1482338.875,1721247.25,1650197.625,1937988.0,1997993.375,1035245.3125,1067788.375,1232385.25,1195156.875,1342679.25,1251075.75,1893312.25,1625528.25,2155168.75,1803168.75,1371773.25,1373268.875,1587442.25,1668004.25,1383715.25,1414408.125,2685707.0,2260544.75,1421373.75,1330304.625,2297239.5,2316443.0,1425012.875,1689692.0,1727836.75,1620816.375,2780723.25,2326826.0,2158768.0,2322687.5,2396180.0,2669767.75,3004757.75,2940556.75,1636166.5,2176693.25
68,1765323.0,1661571.0,1826757.75,1681870.5,1777509.375,1642073.875,1726770.75,1691941.125,1759667.5,1686804.375,1833355.25,2060992.375,1755940.625,1799621.0,2015340.375,1877798.75,1809078.25,1743939.375,2104379.75,1823245.625,1819000.875,1702682.125,1679335.375,1514710.125,1816257.75,1587551.875,1589809.5,1440605.0,2082316.125,1900236.25,1872061.125,1678897.25,1625212.125,1568493.125,1679306.75,1588253.5,1657058.25,1534782.25,1766580.625,1865063.0,1684254.625,1920330.125,1520046.125,1281712.375,1265684.125,1206292.0,1379657.0,1475229.125,1447499.0,1320691.75,1544473.625,1530565.75,1683887.5,1524809.5,1668836.625,1824170.75,1761737.125,1604144.375,1419351.75,1579828.0,1468700.375,1456100.375,1782532.625,1842985.125,1618773.875,1647050.75,1537728.875,1637973.0,1502013.5,1542018.0,1911354.375,1722589.0,1806033.625,1698569.75,1554714.125,1236895.625,1941106.375,1686647.5,1597142.75,1762038.875,1207954.625,1277706.25,1397870.75,1409377.75,1499892.375,1432155.25,1565847.875,1521987.125,1245428.875,1338889.375,1525082.0,1400997.625,1307830.375,1196483.0,1468017.25,1338239.875,1490179.875,1541598.0,1506353.0,1442415.375,1170968.25,1129946.0,1488957.5,1344423.5,1663461.125,1748347.625,1569848.25,1538091.375,1468089.5,1479787.75,1419634.25,1294819.875,1831872.5,1701192.125,1417434.5,1386257.5,1532304.875,1386741.5,1893606.375,1974688.5,2007634.875,1796128.75,1924500.375,1843302.125,1859683.25,1963936.125,1859649.125,1971770.125,2060237.75,2051300.375,1929138.75,1887098.375,1961146.625,2129662.25,1527250.0,1458013.75,1910479.875,1847596.875,2034350.625,2039523.375,1621212.625,1567868.5,1855688.25,1794121.75,1780906.25,1633877.875,1860918.375,1983024.875,1937076.25,1796865.5,2040871.25,1898661.5,1915453.5,2009878.25,1762579.875,1765494.625,1497401.125,1493180.5,1985536.0,1733097.5,1837871.0,1694789.625,1722465.25,1687255.5,1821764.125,1675803.5,1644812.75,1395248.75,2136584.5,2022391.375,1682301.875,1571747.375,1610603.375,1435914.5,1939416.0,1981405.875,1606389.625,1828040.375,1754284.375,1976685.625,1802019.5,1709865.125,1699816.25,1832814.375,1878533.625,1913238.75,1842823.5,2019485.0,1700880.875,1723201.375,2004591.625,2033701.625,1740186.875,1894363.625,1845953.75,1806564.125,2002000.125,2055560.5,1752107.75,1646678.875,1645751.375,1556714.0,1360533.625,1389273.875,1433798.25,1487009.75,1718884.125,1649854.875,1935138.875,2001387.75,1035621.6875,1067349.875,1233607.875,1193654.875,1342648.125,1246734.375,1892324.75,1621901.625,2153993.75,1805513.75,1371031.75,1374127.125,1585467.5,1670536.25,1382233.0,1415331.5,2685388.0,2259279.75,1420446.75,1330021.5,2287208.5,2314169.5,1422809.0,1686851.625,1725183.875,1618001.375,2774463.75,2320370.25,2155275.25,2321851.0,2392033.0,2666167.0,3003269.25,2939641.5,1632488.5,2175551.5
69,1764935.625,1661927.625,1831082.5,1685268.75,1778939.625,1643449.875,1729391.25,1696485.75,1759641.125,1687387.25,1834748.25,2061583.75,1756270.625,1797614.375,2017005.125,1878600.625,1809685.875,1744433.25,2109032.25,1824767.25,1823496.875,1705181.625,1682262.75,1517341.0,1820350.125,1592322.0,1588851.875,1441781.625,2084435.25,1903555.5,1878778.25,1686186.375,1626976.125,1572862.125,1676428.75,1590715.5,1657046.75,1536766.25,1766699.0,1870861.625,1684646.75,1919419.125,1519315.125,1281044.375,1265985.375,1203962.75,1382197.125,1477346.25,1449070.25,1320168.875,1539791.0,1527327.75,1685384.25,1524560.375,1672838.0,1824780.375,1764402.75,1605175.375,1420241.125,1579335.125,1471076.375,1457344.625,1784532.0,1844981.125,1615568.375,1645932.125,1533394.375,1636700.0,1497534.5,1542921.75,1913509.0,1723567.375,1807570.375,1697364.875,1553114.375,1237175.875,1933920.5,1680916.125,1597740.75,1760445.375,1206984.875,1276729.625,1394705.75,1406585.5,1500609.25,1431547.125,1566468.625,1522603.5,1246066.125,1340277.5,1525746.25,1401169.125,1306647.75,1196956.125,1466178.25,1338513.875,1488527.5,1544884.5,1505079.625,1445052.875,1172899.625,1131891.125,1490827.125,1346303.0,1663408.0,1748609.875,1569201.25,1537561.875,1467010.125,1479950.875,1417897.0,1292533.375,1831625.375,1698190.875,1413706.125,1383829.875,1528256.25,1391176.375,1891389.0,1967620.5,2010402.625,1797538.0,1922104.5,1843509.75,1851634.25,1960976.0,1860136.5,1971101.875,2057118.75,2051714.875,1930567.125,1890329.125,1958109.625,2129072.25,1531544.625,1462320.125,1914869.125,1855228.0,2035245.0,2041533.125,1622363.5,1570358.0,1860526.25,1795165.25,1783369.5,1635499.625,1853501.375,1979140.375,1931681.0,1794848.5,2043994.75,1902274.25,1917259.0,2012293.625,1765044.0,1764219.0,1500218.25,1493569.25,1987320.5,1731724.125,1839929.75,1698437.375,1722570.375,1685718.125,1819862.0,1674767.375,1643673.375,1395945.5,2132682.75,2022587.5,1682799.125,1571356.75,1611046.0,1434651.125,1940511.0,1982696.0,1604430.75,1826329.75,1753623.875,1974631.625,1807274.625,1710731.0,1699713.5,1833050.875,1879260.0,1914186.625,1840245.125,2017569.875,1700732.5,1725738.375,2005047.25,2036181.0,1749368.5,1896364.875,1845825.0,1806825.875,2004261.875,2062215.875,1752685.875,1646290.875,1646514.75,1557778.625,1363164.75,1389253.875,1433120.25,1489051.125,1716103.875,1647193.0,1934734.625,2008492.125,1034686.5625,1066197.125,1234735.5,1192965.375,1341837.125,1243536.125,1891110.0,1620607.875,2152796.25,1805671.0,1371424.625,1373406.875,1587992.375,1669629.25,1383656.875,1414592.625,2681958.25,2256893.5,1421322.125,1328470.125,2288330.25,2310538.5,1423913.0,1687743.25,1726492.875,1618828.375,2775371.0,2317184.5,2153586.5,2322127.0,2390949.0,2664979.0,3001063.75,2937146.0,1634397.625,2176596.75
70,1763208.5,1660394.0,1828770.0,1688172.0,1775794.875,1643876.875,1732000.625,1698763.0,1764368.5,1692292.375,1835123.75,2060408.5,1753876.0,1792227.25,2012936.5,1875848.0,1809978.25,1747993.5,2105376.75,1820544.75,1820804.0,1705708.125,1683255.875,1520442.25,1822916.75,1595717.125,1589705.25,1445222.5,2083878.125,1904222.75,1884674.875,1685418.125,1626597.375,1572869.875,1672422.75,1593155.125,1657134.875,1535741.0,1763763.625,1870445.25,1682040.375,1910366.125,1515786.75,1283178.125,1264542.625,1200365.875,1385855.625,1485183.25,1447176.625,1318627.125,1537286.25,1529329.375,1684911.75,1521959.75,1674698.875,1826546.0,1764748.625,1603693.75,1422874.125,1582082.625,1470030.5,1455100.375,1785970.25,1844081.375,1615089.875,1647355.875,1535799.125,1640322.875,1495036.125,1541263.5,1913109.875,1720697.25,1808713.625,1694337.375,1550871.875,1234706.75,1931337.25,1680196.5,1597571.875,1756301.0,1206836.0,1276585.875,1391198.375,1406037.875,1504424.25,1427738.375,1564633.125,1520557.875,1246691.875,1341191.875,1526254.0,1401914.625,1303406.125,1196599.0,1464061.75,1338148.25,1487610.625,1544138.375,1505484.625,1449586.5,1173691.625,1132604.75,1491135.75,1345829.25,1662275.375,1748621.75,1568452.25,1535681.5,1464698.25,1477864.25,1418896.0,1290144.625,1833920.0,1698678.0,1412742.25,1379890.25,1529670.0,1386834.625,1893626.0,1973291.375,2009674.0,1794327.0,1921660.75,1843189.125,1854258.125,1964255.625,1864907.75,1971153.375,2059805.0,2055058.875,1932165.5,1890668.75,1959991.0,2131516.25,1534805.0,1461515.0,1920186.0,1859141.0,2035219.75,2043987.625,1621103.875,1571453.875,1861043.625,1794158.5,1783656.625,1635892.75,1857645.375,1980583.875,1932115.5,1796431.875,2045410.5,1903069.75,1920013.125,2014025.125,1765725.875,1759960.125,1499957.625,1489882.5,1988685.875,1729797.375,1839220.0,1698181.75,1725639.25,1682135.25,1816886.0,1672170.375,1642464.625,1394553.625,2135420.75,2020161.125,1682167.375,1569800.375,1609887.75,1433097.875,1943363.625,1983831.75,1602422.75,1824029.25,1750779.625,1971229.375,1809689.0,1712682.25,1699054.5,1835261.125,1878087.625,1912894.75,1835376.0,2010220.5,1702742.75,1723714.25,2006963.0,2039459.25,1744650.75,1898907.0,1844908.5,1808285.875,2007455.0,2064198.125,1751515.125,1643614.25,1646814.0,1554959.5,1362188.875,1386205.5,1433289.5,1487375.75,1716526.625,1645474.375,1937158.875,2010305.375,1036744.3125,1067338.625,1235689.875,1196159.625,1344186.75,1247684.75,1893280.625,1623676.375,2151466.25,1801642.125,1372553.5,1373282.875,1589572.875,1666322.75,1385591.875,1413362.875,2679687.5,2255165.75,1423522.125,1328195.5,2295006.5,2312681.5,1425548.375,1691490.75,1728841.25,1623781.75,2780285.25,2322516.75,2154964.5,2323997.5,2392463.5,2665938.0,3000690.25,2936250.5,1637872.875,2180036.0
71,1761410.0,1658234.125,1824135.75,1684421.125,1764728.125,1636084.125,1733280.0,1694994.875,1765807.0,1693950.875,1833167.25,2056354.75,1751269.0,1788916.875,2008690.625,1871306.875,1809344.5,1749477.375,2099866.25,1814085.625,1818755.0,1702620.875,1682562.25,1517379.625,1821532.125,1592071.375,1591676.625,1444050.875,2085030.625,1902781.125,1883767.5,1678418.25,1625414.125,1568823.125,1669953.625,1592849.875,1657509.875,1535472.625,1761925.125,1868888.0,1680507.0,1905397.875,1516160.0,1283320.75,1261875.5,1196462.125,1386825.875,1492368.875,1444954.625,1317914.625,1537437.75,1530852.875,1685429.875,1518162.0,1674414.875,1825078.875,1764906.0,1600055.375,1426182.625,1583339.875,1468147.125,1455013.625,1786374.125,1843025.5,1615784.375,1647737.75,1538405.875,1641330.875,1497015.125,1543272.125,1915089.375,1720736.125,1809470.75,1693748.125,1550045.0,1234455.875,1932441.375,1683042.25,1594042.875,1754590.875,1205010.75,1278901.0,1389429.0,1412097.25,1502015.75,1428870.375,1562658.75,1519687.625,1245918.25,1341479.625,1524330.125,1404063.625,1301267.875,1197542.875,1463699.875,1340312.375,1485277.375,1544091.0,1505566.625,1452600.5,1172988.0,1134233.375,1489458.75,1346122.875,1661548.375,1747747.375,1567734.25,1535712.0,1463453.875,1475935.5,1417292.75,1287711.875,1834300.375,1702751.375,1414146.125,1380091.125,1529041.625,1387179.875,1895350.375,1977943.75,2007866.25,1792614.625,1927393.5,1843833.5,1863043.0,1969458.0,1871285.125,1972361.625,2063541.875,2056201.25,1934870.875,1888820.0,1965753.625,2133267.25,1533178.875,1460604.75,1923451.75,1858206.5,2041578.125,2044745.375,1623244.375,1572077.375,1861565.25,1796131.25,1784990.375,1636190.25,1865273.375,1983372.5,1936146.75,1797734.875,2044837.0,1903833.5,1921442.0,2015327.0,1768375.375,1756624.5,1500887.625,1486918.0,1994100.125,1730089.0,1839266.625,1695660.0,1726390.75,1679025.25,1816576.625,1671323.5,1643864.125,1393771.875,2140299.25,2016981.125,1682956.875,1569276.625,1610042.5,1433632.25,1944072.25,1983918.5,1601271.625,1823153.125,1750232.25,1970567.375,1806815.625,1712318.25,1695819.625,1834492.875,1877008.0,1911952.75,1833945.375,2005355.875,1703078.375,1721122.625,2009502.375,2042232.875,1737408.875,1900149.75,1845601.25,1808333.875,2008936.125,2063128.75,1748627.25,1641625.875,1644243.0,1555654.75,1352171.625,1380293.375,1430552.75,1486000.25,1719456.75,1649615.375,1941194.625,2010684.125,1038633.0625,1068249.5,1235631.25,1197467.75,1345686.625,1249789.625,1894844.5,1625761.5,2148790.25,1799670.125,1371044.5,1372923.5,1586687.0,1667147.875,1384796.75,1412432.375,2677804.0,2254899.25,1423256.75,1329135.125,2288434.75,2314558.75,1423200.375,1693578.875,1727718.25,1625691.375,2774121.0,2323095.25,2154219.75,2325714.25,2392724.25,2665790.0,2998387.75,2936483.0,1636049.5,2181219.25
72,1756872.625,1652327.625,1823477.5,1683098.625,1759962.5,1631113.75,1730363.375,1691895.0,1760484.625,1688545.0,1828519.5,2050385.5,1749815.625,1790184.25,2008717.375,1872215.625,1804435.25,1747865.125,2102430.0,1817976.625,1821268.0,1707840.125,1677538.625,1519218.875,1816467.875,1590281.875,1591491.875,1442168.125,2083979.5,1902274.875,1876148.625,1681473.25,1622054.375,1569775.5,1668897.75,1595801.625,1656859.875,1536002.0,1761634.125,1868654.75,1681243.75,1907858.375,1517578.625,1281633.75,1261662.625,1195357.0,1386306.875,1493679.25,1445776.625,1317690.25,1536424.625,1529372.625,1684054.625,1518718.375,1671191.125,1824351.25,1764795.75,1601125.375,1425697.125,1583723.875,1468223.125,1456344.375,1784599.25,1843832.25,1617901.25,1649615.75,1539860.125,1640639.0,1497446.0,1543504.5,1915258.875,1723894.875,1807391.875,1695220.375,1552862.375,1235428.5,1932205.25,1678473.0,1594249.5,1753154.5,1205264.5,1277113.125,1391750.5,1413439.5,1502503.0,1428500.625,1564256.125,1517659.375,1247066.75,1342163.75,1524343.0,1405768.125,1301018.375,1194936.5,1463244.75,1341042.375,1488551.5,1542235.875,1506109.5,1452337.5,1173393.125,1135677.125,1488402.125,1345589.0,1664215.125,1748920.125,1568298.0,1534842.625,1462763.125,1476867.5,1416914.625,1287371.0,1833346.625,1701640.5,1413390.25,1382100.75,1524873.25,1387930.125,1893742.625,1973898.5,2010650.5,1794052.0,1927938.125,1844235.5,1865239.625,1970336.0,1874383.0,1972801.875,2063499.375,2057010.375,1934844.75,1890871.5,1965770.25,2132769.75,1532242.625,1461092.75,1918695.75,1857305.5,2043965.875,2045286.0,1625384.875,1574432.125,1861546.0,1798261.125,1787248.875,1636910.375,1872113.0,1988309.75,1940252.0,1799170.375,2044138.625,1906379.0,1921154.625,2017116.125,1767384.125,1758895.5,1502578.25,1487634.25,1993151.875,1732996.375,1840205.375,1698127.25,1725765.25,1681177.5,1817448.75,1672243.375,1645312.625,1393817.0,2141365.0,2019314.5,1684022.625,1570618.75,1610347.5,1435004.25,1940410.125,1982629.625,1600715.0,1823994.125,1748604.0,1968410.5,1804621.375,1711972.625,1693333.25,1830345.875,1877154.625,1913068.625,1834293.75,2004619.375,1703516.375,1720351.75,2010225.625,2043450.875,1737182.75,1900323.0,1847099.625,1812094.75,2008153.25,2066095.375,1749192.75,1641124.75,1644022.375,1555751.875,1347942.25,1379029.5,1431796.875,1485283.125,1722388.75,1656391.0,1943716.875,2012134.0,1034906.3125,1066353.0,1233824.125,1193348.25,1342299.125,1246334.125,1893678.375,1626395.875,2148764.5,1800447.75,1369309.75,1371497.125,1585156.625,1668469.125,1382658.25,1411066.5,2675424.25,2255487.25,1421359.75,1329434.0,2285739.5,2313796.25,1420085.625,1693180.0,1724411.625,1622075.125,2770364.25,2320370.5,2151456.5,2326391.5,2394116.0,2669871.5,2995321.25,2938755.75,1632824.875,2178893.5
73,1752776.0,1646086.625,1824748.625,1685956.75,1764015.25,1634510.125,1725779.375,1691536.0,1755495.375,1683266.875,1826167.5,2048185.375,1749095.875,1791890.375,2011393.875,1874323.5,1798720.5,1746111.625,2105759.5,1825228.0,1821039.0,1714044.25,1672624.875,1522212.625,1812258.75,1590900.125,1591207.125,1443089.625,2078117.0,1900798.125,1870306.875,1687296.875,1620094.875,1573289.875,1668066.125,1595862.5,1655729.125,1534912.625,1759391.75,1868686.375,1682291.25,1910601.625,1517436.875,1280780.5,1263758.75,1194482.375,1386965.625,1493801.25,1446181.0,1317899.125,1534822.125,1530065.25,1679268.0,1520057.25,1667544.375,1824617.25,1761724.625,1603999.75,1422227.0,1584103.875,1467952.125,1455730.5,1780163.125,1842934.5,1621077.875,1652651.5,1540813.375,1642804.25,1498623.375,1545109.0,1912881.375,1723361.625,1805366.75,1696543.125,1553450.75,1235340.0,1932877.75,1672530.5,1599728.5,1754534.5,1205927.75,1274411.0,1394159.0,1411927.625,1504908.625,1424449.25,1566509.125,1517664.625,1248342.75,1343790.875,1525963.625,1407765.0,1301127.75,1194701.75,1462690.75,1341350.125,1491520.125,1539873.25,1505776.875,1452020.125,1174037.0,1139139.375,1490937.5,1347073.125,1665171.75,1751910.375,1569348.25,1535117.875,1465436.75,1479388.625,1419856.375,1291531.875,1834606.25,1700181.75,1417087.75,1386498.625,1526712.0,1387891.375,1893665.25,1981505.375,2010386.25,1794217.625,1920478.375,1839681.375,1863567.0,1970457.625,1875619.5,1974906.0,2059787.375,2058208.375,1933781.25,1894289.125,1960745.25,2132784.75,1533256.625,1461999.125,1912407.875,1856670.5,2034991.875,2044313.0,1623296.25,1575359.875,1859616.375,1795334.25,1785555.75,1635324.625,1877040.0,1994195.375,1940322.875,1802211.125,2044679.125,1906458.25,1919601.875,2015648.75,1761568.875,1761329.875,1500952.5,1489309.5,1982189.75,1732433.25,1840750.25,1701343.375,1728480.125,1683295.0,1816961.0,1671591.375,1645182.875,1392690.875,2136812.5,2023632.0,1684352.625,1571853.0,1610112.25,1435162.5,1939595.25,1983099.875,1601803.0,1827673.0,1746554.125,1967912.0,1804424.125,1713382.375,1694705.25,1827002.875,1876891.375,1912252.375,1834055.0,2003791.875,1704651.5,1719953.0,2009691.375,2043137.125,1734391.625,1899123.875,1848187.75,1816421.25,2008809.75,2069593.5,1749628.625,1642255.75,1644838.375,1555102.125,1352307.375,1382466.0,1434080.625,1485687.625,1721205.375,1660235.75,1942697.125,2011391.5,1034967.4375,1065306.125,1233806.5,1190339.0,1341695.0,1246478.5,1894103.375,1628054.75,2149441.5,1798756.625,1371515.875,1373122.875,1585146.0,1666113.0,1382428.0,1411043.0,2677267.0,2258751.5,1421977.25,1329963.25,2292029.5,2313142.0,1420705.25,1693071.125,1723934.0,1618781.5,2777335.75,2320720.0,2151363.25,2325872.5,2393121.25,2669789.5,2995742.25,2939475.5,1632540.875,2176817.25
74,1758791.5,1651889.5,1824838.5,1687219.875,1769677.125,1643080.75,1722989.0,1692873.5,1756177.875,1684768.125,1829457.375,2055960.875,1752421.375,1798092.0,2013247.125,1874667.625,1798997.375,1746401.625,2103976.5,1828057.375,1817227.375,1708812.875,1673693.875,1518664.0,1811817.625,1588449.25,1593555.625,1443121.375,2076915.0,1897555.25,1869433.875,1681785.5,1623055.625,1572449.125,1669071.5,1591390.375,1656472.875,1533095.125,1757672.875,1867249.625,1683370.5,1911809.5,1519593.875,1280194.375,1264046.375,1190811.125,1387979.375,1497925.125,1445275.375,1318287.25,1536741.125,1533001.125,1677056.875,1518882.75,1666232.375,1822196.375,1758391.625,1603921.75,1416745.0,1579712.75,1467546.375,1454409.0,1776507.25,1839476.375,1621519.875,1651444.875,1538354.5,1642608.0,1498480.875,1547415.375,1912651.25,1719303.875,1805575.125,1696880.125,1551996.625,1234262.875,1934796.625,1673777.75,1600586.75,1756275.875,1205172.0,1275594.125,1393083.5,1412342.5,1504458.125,1426255.0,1565610.75,1519350.875,1247519.0,1343880.75,1526100.75,1408020.375,1301516.75,1197524.75,1464530.0,1342313.25,1488671.5,1541855.5,1505669.75,1451356.0,1173552.25,1139955.375,1493471.5,1349736.0,1662094.625,1751445.625,1569377.125,1536610.75,1468246.5,1480184.5,1420069.25,1293106.125,1835878.875,1702640.375,1421513.875,1389168.625,1529671.0,1390511.625,1893772.75,1988135.75,2005339.25,1791379.625,1920293.625,1836204.375,1857575.5,1968461.125,1873505.0,1975540.375,2054615.125,2056278.875,1931260.75,1892035.5,1956258.25,2131916.0,1534950.75,1465384.75,1912741.875,1855080.875,2026574.75,2039858.5,1622952.0,1574554.875,1862980.125,1796959.375,1783660.375,1632690.25,1875152.0,1992485.75,1936770.75,1802497.125,2046250.0,1903042.75,1920611.125,2014447.875,1758717.0,1761405.625,1498390.5,1489025.25,1973516.0,1729737.25,1838399.0,1698696.125,1729794.5,1682657.75,1815823.0,1670849.875,1645018.625,1391944.375,2134070.25,2021847.75,1683729.875,1572236.0,1610799.375,1434314.75,1944280.125,1987097.5,1604169.875,1831749.625,1750232.75,1973041.375,1804639.0,1713831.5,1698346.25,1829316.75,1877550.25,1912230.125,1835912.75,2006918.875,1703916.0,1720572.375,2007626.25,2041423.5,1734555.75,1898894.375,1847509.0,1813756.25,2009270.5,2067728.125,1749579.875,1643382.625,1643990.25,1556219.375,1356413.875,1385512.125,1432828.125,1486691.625,1716609.0,1659878.625,1940677.75,2008853.25,1040481.125,1065776.0,1235532.5,1191373.25,1344592.625,1249450.5,1895399.625,1627938.0,2147968.5,1798551.75,1373169.75,1376787.25,1584694.25,1667095.375,1383612.875,1413335.5,2682141.25,2261981.0,1422975.125,1331007.25,2288336.0,2312286.0,1422138.375,1693264.625,1726139.125,1619949.625,2778161.5,2320053.0,2153963.5,2324071.75,2389231.0,2661750.25,2999225.75,2935935.25,1632722.875,2178092.0
75,1769319.125,1663684.25,1824262.125,1686655.125,1775027.125,1652737.75,1723196.375,1694651.625,1759690.0,1688713.25,1833899.875,2066470.0,1757934.125,1806610.25,2013894.25,1876736.875,1803706.0,1746756.625,2103927.5,1829119.875,1815745.25,1701722.625,1676560.5,1513958.375,1813366.875,1584961.0,1594473.0,1441356.5,2080663.0,1896494.375,1867549.125,1672688.25,1624532.125,1568820.75,1671090.25,1591113.5,1657325.75,1531804.5,1758913.5,1863033.875,1684882.125,1912927.0,1522951.25,1281072.375,1262500.25,1189224.375,1386410.75,1499515.5,1445386.625,1317663.75,1539836.5,1533310.5,1679621.25,1518088.125,1667044.75,1819604.125,1759323.0,1603496.625,1414688.625,1575264.25,1467591.0,1452740.5,1777142.625,1837090.25,1619653.125,1647949.0,1536101.125,1638854.0,1493963.0,1543825.5,1911738.25,1716339.25,1805308.5,1694203.125,1553891.0,1230137.125,1936770.125,1679342.25,1596466.25,1753001.0,1204732.75,1278053.875,1391736.125,1410262.375,1505930.125,1433869.625,1563372.625,1517668.125,1246938.25,1342338.75,1525034.875,1404901.75,1302473.875,1196551.875,1466922.75,1342101.125,1487004.125,1545971.125,1507366.0,1449372.125,1173181.75,1134782.75,1492220.25,1348279.25,1660321.5,1749487.0,1568708.125,1535805.0,1465078.25,1478600.625,1419023.0,1290718.625,1835460.125,1701036.125,1418200.625,1384618.375,1529017.75,1387356.25,1893534.375,1979403.375,2004783.75,1790527.625,1927821.125,1841298.5,1849427.625,1961447.0,1867343.875,1971302.625,2052408.125,2051889.125,1928123.25,1887225.125,1953886.75,2129391.0,1534657.875,1467718.375,1914126.125,1852192.375,2025502.25,2035324.25,1624667.375,1573860.0,1867319.25,1804021.5,1784733.25,1631834.75,1869921.75,1987457.5,1935517.25,1799787.375,2046335.625,1899747.375,1924013.5,2017328.25,1760356.875,1761527.375,1497807.625,1486817.5,1975021.75,1729996.625,1834847.25,1695283.75,1726488.25,1683392.25,1817223.5,1671793.875,1645684.875,1391912.375,2139016.5,2017972.625,1682598.0,1571112.125,1611572.5,1432146.75,1946456.375,1988599.375,1605088.75,1830645.875,1755032.375,1975768.125,1806687.625,1713891.75,1700773.875,1834457.125,1879872.875,1915096.125,1837715.875,2013539.5,1702690.375,1721573.625,2004795.125,2039904.0,1741286.375,1899121.875,1846127.25,1810482.75,2007110.375,2064330.25,1752129.25,1643312.125,1643573.25,1556213.375,1358189.75,1386275.625,1431906.375,1486017.875,1715220.375,1654480.375,1939333.75,2005502.375,1041483.0625,1066250.375,1235170.125,1193204.375,1344499.0,1250248.25,1895327.625,1625869.625,2148582.25,1803360.0,1371386.75,1376693.0,1586227.75,1670748.125,1384473.875,1415434.875,2683967.75,2260922.5,1422216.75,1330477.375,2284257.75,2314401.0,1421793.125,1693982.625,1727468.625,1623131.25,2775337.75,2322349.0,2156315.5,2323849.5,2391512.75,2662708.5,3003264.0,2936654.25,1633596.375,2181581.0
76,1772663.0,1666606.0,1823247.125,1681618.375,1776413.875,1654797.625,1725912.625,1693006.25,1762816.0,1690698.875,1835082.125,2068249.125,1758734.375,1806183.5,2015481.5,1876660.875,1807256.5,1744282.625,2106371.0,1826938.375,1817115.5,1700077.75,1676510.625,1509876.375,1814506.5,1581455.5,1591910.5,1440870.375,2082223.0,1898515.5,1865053.125,1669962.375,1622807.625,1568931.5,1673971.0,1592339.125,1657811.5,1532181.375,1762857.0,1860943.0,1685848.75,1913569.875,1524314.875,1284843.75,1262699.375,1193328.75,1384343.375,1495980.625,1447833.75,1318568.25,1541875.0,1532289.0,1683428.25,1518338.875,1669899.375,1819796.125,1763568.375,1604106.125,1420901.0,1577021.5,1467218.875,1451557.5,1780410.0,1836386.625,1619173.125,1647381.375,1537599.75,1637659.375,1491388.625,1537652.625,1911730.375,1716851.625,1805238.0,1690761.625,1557154.25,1227187.0,1938239.75,1683194.375,1594015.625,1752687.875,1204684.25,1280012.5,1392890.25,1407177.75,1506671.75,1439636.0,1562876.875,1516696.0,1246269.625,1341381.875,1523615.75,1402079.75,1305226.625,1196062.5,1468701.875,1341387.875,1488016.75,1548067.5,1508168.0,1448278.125,1172902.75,1131358.125,1489910.0,1345267.5,1661564.5,1749452.625,1568368.875,1535094.0,1462003.875,1477396.5,1420671.25,1290889.75,1834909.375,1697172.5,1415426.875,1380523.625,1529637.75,1381016.25,1896042.75,1975760.25,2010210.25,1795820.375,1932142.75,1849013.25,1849666.75,1955768.75,1862690.5,1969352.75,2054116.875,2047331.625,1929590.375,1886702.5,1955204.125,2128183.25,1529846.0,1464119.0,1912195.125,1848826.25,2028344.75,2033742.625,1623993.75,1571559.375,1864526.25,1806211.125,1786300.875,1633069.5,1863848.0,1986075.5,1937369.875,1798681.875,2042892.875,1897539.0,1923907.125,2018218.75,1764032.75,1761195.875,1499102.5,1484965.125,1982928.75,1731201.0,1836437.375,1696441.0,1724439.0,1684495.0,1820918.0,1672791.0,1647302.625,1391702.375,2141511.0,2017316.0,1683173.5,1568303.5,1611679.625,1429893.5,1942857.375,1984053.875,1603947.25,1826490.375,1755437.25,1972592.375,1808121.0,1714186.875,1700060.125,1835279.625,1881883.75,1917147.25,1838245.5,2015087.25,1700590.375,1720679.25,2003622.25,2037749.875,1745675.5,1897813.0,1846525.625,1809743.75,2004117.375,2060229.875,1753042.75,1643721.75,1643313.375,1555864.625,1357370.0,1385202.375,1430186.875,1484908.375,1718051.75,1647222.875,1937550.25,2001799.75,1039091.5,1068243.75,1233809.625,1195019.125,1343842.75,1250571.75,1896204.75,1625142.875,2151998.75,1805814.25,1370287.375,1374012.75,1588992.5,1670603.125,1385583.25,1415799.0,2683011.5,2259361.5,1422010.125,1328627.5,2287584.25,2318107.75,1422462.0,1694877.75,1727404.625,1624115.875,2776307.5,2325746.75,2157407.0,2326116.5,2397121.0,2670397.5,3003109.5,2941361.5,1636166.75,2183405.5
77,1771566.0,1663589.625,1821818.125,1673762.625,1774999.0,1648301.0,1731136.625,1690033.0,1768547.25,1694691.625,1835303.875,2064461.0,1756374.375,1799060.125,2017049.375,1872489.125,1809144.375,1742060.25,2104687.75,1819943.375,1816005.375,1698216.875,1676182.25,1506299.875,1816289.5,1578880.875,1589688.625,1441737.875,2082234.75,1899196.75,1865700.5,1668999.125,1621474.75,1572245.875,1677206.375,1591972.5,1659565.0,1533863.375,1766779.625,1862539.125,1684677.0,1913421.875,1523892.125,1288379.75,1264145.75,1198709.5,1384128.125,1490815.5,1450134.625,1321444.875,1544504.375,1534912.5,1686375.25,1520041.0,1674397.875,1822317.375,1768896.125,1604929.0,1429088.0,1582969.25,1467504.5,1452878.75,1782842.0,1836074.875,1619900.75,1649233.125,1543536.5,1642213.625,1493750.375,1534291.625,1915761.875,1720987.875,1806690.5,1692941.875,1557743.5,1232176.875,1937859.875,1684537.625,1593706.375,1758444.5,1207236.375,1281759.25,1396449.5,1408344.875,1504537.625,1440502.75,1563281.875,1519597.125,1245375.5,1340842.25,1523075.25,1400756.0,1308573.625,1198977.75,1471540.25,1340880.125,1491202.625,1547216.625,1509652.25,1447902.5,1171682.125,1131138.5,1489401.875,1344859.75,1664305.125,1749492.125,1569038.75,1535567.875,1464349.5,1478601.5,1420679.375,1292365.5,1835398.75,1699315.0,1417943.25,1382567.25,1531008.375,1381715.625,1898053.375,1981911.75,2014036.875,1800632.0,1933702.5,1851011.75,1854875.25,1954035.25,1858346.0,1971194.875,2056043.25,2044114.25,1933241.625,1889783.25,1959179.25,2127926.0,1524092.625,1456949.625,1908333.0,1845161.5,2033190.125,2033926.875,1621456.625,1567765.625,1858455.75,1802933.875,1787128.625,1635964.625,1855183.375,1984552.375,1937976.625,1798920.375,2038048.0,1894637.5,1920069.0,2014351.25,1768099.375,1761719.75,1501334.25,1485880.5,1990600.875,1732235.25,1842274.0,1699603.875,1725404.125,1685104.75,1821613.5,1673146.625,1648207.125,1392572.0,2133837.75,2018086.5,1683641.375,1568659.375,1612286.75,1431819.875,1938707.25,1978243.125,1602831.0,1824724.875,1754485.25,1970188.5,1805850.5,1712020.75,1698311.875,1833318.125,1883251.0,1917348.125,1839598.5,2013050.25,1698573.5,1719834.5,2003895.25,2033848.5,1745763.375,1896823.375,1847225.75,1807746.875,2001930.25,2053176.25,1751361.0,1644317.375,1643319.375,1557040.75,1355175.875,1384259.0,1428233.375,1484988.625,1719045.375,1640892.125,1934387.125,1995857.0,1037971.625,1070979.25,1234555.875,1196641.0,1345378.375,1251680.25,1897546.25,1625990.25,2152173.0,1802650.125,1370703.75,1373518.0,1589377.125,1670523.875,1385485.5,1414702.0,2680513.75,2258731.25,1422363.75,1328665.625,2288420.5,2318083.75,1424727.5,1695079.75,1727687.875,1623965.375,2772613.5,2322953.0,2157231.0,2327386.25,2397385.75,2669011.5,2996492.25,2939696.5,1638118.5,2182878.5
78,1770692.875,1661900.75,1819861.625,1673613.75,1774743.25,1644091.875,1734085.625,1691527.0,1774950.125,1697918.375,1835490.625,2063478.125,1755581.625,1795534.25,2013098.125,1871049.375,1809769.25,1744837.0,2098938.75,1815106.5,1810727.0,1698400.25,1675509.125,1509389.0,1816821.375,1582449.5,1587831.625,1441941.25,2083206.75,1899226.0,1867537.875,1670426.125,1620183.125,1575048.125,1677571.125,1595954.0,1660534.875,1534649.75,1766766.75,1864699.375,1683128.625,1912981.25,1523168.75,1287972.75,1263501.125,1199529.875,1383287.375,1485591.875,1448351.875,1320777.375,1545042.375,1539351.875,1686180.25,1524618.875,1675550.375,1825275.0,1771525.0,1607062.625,1431471.375,1586808.75,1468704.125,1455512.75,1783749.125,1838697.5,1620202.375,1649817.375,1550954.375,1647953.0,1497356.25,1537248.25,1917724.625,1726024.75,1807134.125,1699065.875,1557852.125,1240099.875,1938956.75,1685220.125,1596968.25,1760449.375,1213511.125,1281802.125,1400371.375,1410669.75,1508355.375,1435548.125,1563484.75,1521859.0,1247577.375,1339534.125,1525124.5,1398649.25,1310108.875,1198444.0,1473279.75,1339531.75,1498960.125,1544623.375,1514634.75,1447597.5,1171547.75,1129826.5,1490000.5,1344946.625,1667054.75,1749593.25,1570347.375,1534614.125,1466206.25,1479706.625,1417860.5,1290870.125,1835599.375,1704461.0,1417405.625,1385637.375,1530477.5,1387201.5,1896256.25,1983569.125,2013346.25,1797800.625,1933888.5,1847653.625,1854622.375,1954866.125,1850977.375,1970096.625,2057032.375,2046265.125,1933363.875,1892666.125,1960999.75,2127182.0,1523917.125,1452382.875,1904926.625,1843373.25,2037736.75,2037478.625,1619302.75,1568273.625,1854730.625,1798539.0,1786856.875,1638744.875,1848033.0,1980355.625,1935844.25,1796772.0,2035939.5,1892233.875,1917522.0,2010676.875,1768522.125,1765703.375,1502639.625,1488413.625,1992142.75,1735061.875,1844346.25,1700857.125,1726406.375,1686021.0,1818123.375,1674355.125,1646590.875,1394391.0,2128562.75,2021088.5,1681209.125,1573351.5,1612540.125,1437005.75,1938849.25,1977761.875,1602990.5,1826185.125,1753181.125,1971669.125,1802750.0,1709420.5,1699211.0,1833527.5,1883968.25,1917022.625,1839845.375,2013545.5,1700738.125,1720830.0,2005056.875,2033322.875,1742092.375,1896897.875,1847351.625,1807628.125,2002606.625,2050101.75,1753190.0,1643458.375,1647024.125,1557014.0,1356096.0,1384888.125,1431511.0,1484230.625,1717864.75,1635568.625,1932025.75,1989986.75,1037920.5625,1071249.875,1236155.5,1197299.75,1345508.75,1252160.25,1895711.75,1626821.75,2148938.25,1798787.25,1370661.25,1374465.625,1587068.375,1671460.25,1383679.125,1412762.875,2678725.75,2257461.5,1421810.375,1330382.375,2290648.75,2314937.25,1425704.375,1694262.0,1729214.375,1623582.375,2769673.5,2320824.75,2156371.5,2325026.5,2394603.0,2662327.0,2992717.25,2934667.25,1638396.75,2179357.25
79,1765842.875,1659054.5,1818899.375,1680467.875,1770971.125,1643142.875,1728693.25,1694778.5,1771889.875,1692981.375,1833350.375,2063391.75,1754317.0,1795097.75,2005664.75,1873511.375,1807939.875,1749585.25,2093739.5,1816394.75,1808462.5,1703600.125,1672875.375,1516290.5,1812652.75,1590532.75,1587070.75,1441713.5,2084731.0,1902179.5,1869691.375,1678481.25,1621526.5,1576477.625,1677525.875,1600390.0,1659819.625,1534145.625,1765515.5,1868466.125,1683759.25,1914473.0,1522640.25,1285615.125,1263136.625,1198126.875,1382432.875,1484245.75,1447108.625,1318383.125,1543616.375,1540070.5,1682488.25,1527286.5,1671045.125,1826949.875,1766562.625,1609404.25,1426401.5,1582837.5,1470521.375,1456687.5,1782981.25,1843595.375,1620036.75,1648393.5,1549180.125,1647049.625,1498683.0,1545379.625,1918112.25,1727294.875,1807716.125,1701914.75,1560669.125,1242587.0,1942166.375,1684662.375,1602329.625,1759096.375,1216166.5,1279334.25,1400095.625,1409382.25,1515093.375,1429107.5,1565748.125,1522389.75,1248751.5,1337579.25,1526807.75,1397786.0,1309532.25,1193975.125,1470854.625,1337148.75,1502047.5,1543290.375,1515817.375,1449093.625,1172651.125,1129770.375,1490409.25,1344447.0,1665753.5,1749548.625,1570334.0,1533779.75,1466449.25,1478443.5,1417090.25,1288487.625,1834076.5,1706090.5,1414066.5,1386035.75,1529695.125,1392016.25,1893724.25,1977260.875,2015154.25,1794857.375,1932579.875,1844418.375,1852133.375,1963208.0,1848011.25,1968899.25,2058051.25,2054632.375,1932125.75,1894791.5,1959035.125,2128467.5,1528382.0,1454144.375,1908541.875,1849171.125,2037866.125,2045349.25,1621342.25,1574996.75,1857595.875,1796955.5,1787566.75,1638841.75,1846326.5,1976735.0,1933883.0,1794091.875,2039292.125,1895524.0,1919227.625,2011947.125,1765108.875,1769615.125,1503291.625,1489443.125,1986013.875,1737866.0,1841011.75,1700258.125,1727883.0,1685665.625,1816173.875,1675815.25,1644304.75,1394430.375,2136655.5,2025315.125,1681218.625,1574722.375,1610649.25,1438004.25,1943115.25,1983780.75,1604269.25,1828579.875,1751818.375,1973964.0,1802924.5,1710927.875,1701277.5,1834962.5,1882967.5,1917410.75,1839951.625,2015278.5,1700470.25,1720138.75,2005883.0,2036949.375,1738012.0,1896908.0,1847342.25,1809114.375,2005373.375,2056311.75,1755306.25,1641660.25,1650189.625,1555224.25,1355932.75,1383737.25,1433655.0,1481572.375,1718242.125,1635480.375,1933315.375,1994154.625,1039135.25,1069557.75,1236137.75,1197597.625,1344199.125,1250427.0,1893585.625,1627024.375,2149748.0,1798820.25,1371291.875,1374653.375,1587106.75,1670104.75,1384591.75,1412443.375,2682364.0,2258188.25,1421385.625,1330470.0,2292768.5,2310854.5,1425674.25,1691760.0,1731581.25,1622309.625,2774637.0,2320456.5,2157141.0,2322697.75,2394147.0,2660577.5,2997451.75,2934618.0,1638000.375,2175127.0
80,1757207.375,1652546.875,1822349.75,1683423.5,1762471.375,1636850.625,1725218.625,1694080.25,1762820.125,1687004.875,1831702.75,2059717.75,1751759.125,1792691.625,2006340.375,1873043.25,1805366.875,1748774.0,2092933.625,1816457.375,1813702.25,1705129.0,1673179.5,1513086.875,1810922.5,1592415.625,1591022.25,1441529.25,2083058.625,1903520.5,1872184.0,1682265.5,1624379.375,1571459.875,1676117.75,1597317.375,1658458.0,1533093.625,1763154.125,1871493.625,1684305.125,1917994.5,1519538.375,1284302.75,1266469.75,1199242.0,1383221.875,1486811.75,1450172.125,1320546.125,1542391.0,1536403.875,1681041.375,1521953.5,1669393.375,1826659.75,1759496.125,1607833.375,1421063.625,1578924.25,1471393.5,1454857.875,1780847.25,1843547.625,1619403.125,1648804.25,1540336.75,1643599.125,1499443.625,1549675.5,1920203.0,1722182.125,1810027.875,1699695.875,1560161.5,1239537.875,1939829.75,1684952.875,1600372.25,1760612.5,1208692.125,1277966.875,1395079.5,1410280.625,1508104.5,1430830.625,1567427.875,1522254.625,1242946.375,1338177.75,1523182.0,1403184.375,1305353.0,1194206.75,1466328.0,1338342.75,1491655.625,1545873.0,1508280.75,1453955.5,1171844.25,1134224.375,1490514.625,1347106.375,1660639.625,1749070.25,1567836.375,1535826.5,1468285.5,1478415.625,1417711.375,1290414.0,1834990.25,1704403.75,1416626.5,1387007.5,1530428.25,1395805.5,1896120.0,1975918.875,2017643.875,1798518.625,1931750.75,1844022.875,1854926.375,1974636.875,1855937.5,1971575.625,2057136.0,2060948.5,1934495.375,1895577.25,1956405.625,2131958.75,1527483.625,1460397.625,1917504.0,1857342.75,2033352.125,2049103.625,1625655.0,1579413.5,1862617.0,1798947.875,1788673.5,1635836.125,1851464.125,1980632.875,1934244.0,1796169.5,2046148.125,1903825.375,1923753.625,2017136.0,1763191.875,1766660.875,1502783.375,1487792.75,1980453.25,1736692.125,1839514.25,1700477.875,1730324.0,1684150.125,1819657.125,1674751.375,1644196.125,1391231.5,2144227.5,2025863.375,1686613.75,1570323.25,1609225.125,1432996.625,1946614.375,1988811.75,1606455.875,1828789.5,1751925.625,1973797.125,1808127.0,1715278.25,1701579.625,1835764.625,1881725.5,1918395.625,1841077.375,2015112.125,1692793.5,1715673.125,2003578.25,2038509.75,1735765.375,1894142.0,1846740.5,1810524.125,2007131.25,2066265.25,1747460.75,1639944.875,1642851.75,1555410.25,1345621.75,1377091.75,1425725.375,1480866.125,1715783.875,1640036.875,1934582.0,2004611.625,1039857.8125,1068683.375,1236073.875,1196503.25,1345818.75,1249035.375,1897561.0,1628265.25,2154014.25,1803588.25,1373039.5,1374260.5,1591170.375,1670745.0,1387324.625,1414632.875,2686114.0,2259411.5,1423026.375,1329281.5,2292136.75,2311874.25,1426108.125,1693210.125,1733276.875,1623967.0,2779675.75,2320378.5,2159787.25,2327015.0,2398133.0,2667254.25,3002749.0,2939007.75,1638723.625,2179255.75
81,1757322.0,1651878.125,1826464.0,1681373.75,1758230.625,1632114.0,1729657.0,1691428.625,1759971.25,1688158.25,1833711.75,2057505.0,1752102.125,1792171.25,2013352.75,1868686.0,1805983.0,1743385.75,2097967.0,1814899.875,1819714.5,1702642.125,1677246.125,1502625.5,1815100.625,1585981.625,1595124.125,1441274.375,2080215.0,1901561.875,1874256.375,1678660.375,1623757.75,1564635.5,1669660.75,1594911.5,1657225.875,1533030.375,1758397.625,1871170.125,1683090.5,1918851.0,1515891.0,1282924.875,1268016.25,1199136.625,1383431.0,1488627.25,1450776.25,1322803.0,1538579.625,1533614.25,1683037.25,1514965.0,1672415.875,1823632.875,1757465.5,1602864.25,1420729.375,1580885.125,1468842.875,1452432.125,1780351.25,1839668.625,1619030.125,1651299.875,1537914.375,1645191.625,1503512.875,1547626.375,1919068.75,1716709.0,1809527.5,1696117.25,1553719.75,1236213.625,1935039.5,1686922.125,1592225.625,1761726.375,1199764.0,1279601.0,1391606.875,1415888.75,1493514.875,1437274.875,1564045.375,1520650.0,1238788.0,1342084.125,1519651.875,1409421.0,1300635.875,1199134.5,1463753.25,1343400.875,1481022.875,1548301.0,1501550.125,1457632.125,1170618.75,1138497.125,1490940.625,1352010.0,1658655.625,1749399.875,1565527.125,1538617.375,1468508.5,1480510.375,1416426.625,1294515.5,1838243.75,1702738.625,1422029.375,1389831.125,1530411.25,1399047.375,1901587.625,1986785.5,2012360.375,1800686.75,1930352.125,1845041.125,1859844.5,1973859.25,1867839.75,1971793.375,2055145.75,2058317.125,1936724.125,1891665.0,1956667.125,2132590.0,1523267.125,1464397.5,1921956.0,1856652.0,2031178.875,2043587.375,1626390.0,1576434.125,1861844.25,1799812.625,1787062.625,1632565.375,1862218.5,1989521.5,1936589.125,1800975.875,2049437.375,1907252.625,1925834.5,2019761.125,1763736.75,1759584.625,1499754.375,1485483.5,1981261.0,1732088.625,1840677.0,1699865.125,1730665.375,1683061.875,1823871.5,1673044.25,1645961.875,1389062.75,2140643.0,2023412.875,1689903.375,1567413.5,1610762.375,1429440.25,1946064.625,1987936.0,1607844.75,1828314.0,1752940.875,1973164.625,1812915.875,1717194.5,1701258.0,1836636.875,1881768.25,1918252.125,1840029.0,2013341.5,1688167.0,1712303.75,2001006.875,2038111.25,1733664.625,1891036.0,1847081.0,1812958.375,2008140.0,2070649.25,1737120.75,1639904.5,1632468.75,1557532.75,1335368.0,1371632.25,1417806.125,1483186.75,1710266.125,1644738.875,1934702.625,2007750.25,1038392.5,1068527.125,1236863.125,1193695.25,1348485.375,1250422.5,1902019.5,1629118.375,2153696.0,1806453.75,1372869.75,1373288.875,1592020.625,1672763.375,1386330.5,1415439.375,2683132.75,2258951.5,1424803.125,1328651.5,2293076.75,2317948.75,1425378.0,1697718.75,1732021.625,1626854.375,2778934.25,2323893.75,2159855.75,2332739.25,2400829.5,2674599.5,3003527.25,2942428.0,1638696.5,2186441.0
82,1766411.125,1659691.0,1825247.875,1680358.625,1763537.75,1638102.25,1730697.0,1690546.625,1762103.625,1690491.125,1835193.0,2059501.625,1754213.5,1795989.75,2013899.5,1867915.0,1808547.25,1742156.875,2103388.0,1818432.625,1820444.625,1704017.375,1678745.375,1503100.0,1816921.0,1582371.625,1594368.0,1443232.375,2083033.75,1901891.75,1876505.625,1679092.625,1623669.75,1568069.625,1668242.75,1598290.125,1657738.25,1534608.25,1759086.125,1870332.875,1682146.5,1915016.875,1518030.625,1282804.375,1264591.375,1196679.5,1383122.0,1489451.0,1447737.0,1320806.625,1536781.375,1534039.0,1683250.5,1515758.75,1671924.25,1821032.375,1758680.0,1600390.5,1420187.5,1580754.25,1466186.625,1452728.625,1782071.75,1839348.625,1618854.75,1650851.25,1539307.625,1645390.125,1506243.75,1545261.125,1915087.875,1718039.0,1806059.25,1694632.375,1551316.5,1235215.875,1937235.375,1685175.875,1590080.75,1759116.625,1200839.25,1279350.125,1393592.0,1415659.75,1494066.625,1436467.125,1561132.875,1518658.0,1243618.0,1343535.25,1523396.75,1407519.875,1301979.875,1199793.375,1464812.75,1343585.375,1483645.875,1545491.25,1503331.25,1453968.375,1172030.125,1136690.875,1491676.125,1352020.125,1661026.5,1749408.375,1566785.125,1538369.25,1466813.75,1480136.75,1416688.625,1294044.25,1837256.875,1701556.75,1421411.875,1389124.0,1529340.375,1397554.875,1900843.375,1990848.25,2007518.0,1797476.75,1927854.125,1845347.375,1860305.875,1965388.875,1872195.125,1969704.0,2056369.0,2052154.375,1933749.75,1886624.75,1959124.25,2130599.0,1527140.25,1462342.375,1919738.125,1852451.25,2033480.5,2037580.875,1624673.0,1572699.25,1859343.5,1798461.5,1785644.25,1632072.5,1868351.625,1990685.875,1938777.0,1801908.875,2046029.375,1903010.125,1923269.125,2017492.0,1763361.625,1757878.125,1497706.0,1485119.25,1982584.0,1729376.5,1838827.375,1696833.75,1728065.25,1683458.75,1822705.75,1673254.75,1646991.75,1391456.625,2138754.25,2022224.0,1687295.5,1568743.0,1611987.75,1431181.125,1943170.25,1984728.875,1606100.375,1828911.625,1753263.375,1973180.375,1809843.5,1714586.875,1700974.75,1837198.75,1881321.125,1916759.875,1837799.875,2011790.5,1691888.375,1714757.125,2002628.0,2038190.375,1735644.625,1894000.125,1847538.125,1812064.5,2007356.5,2066049.5,1740228.125,1642289.625,1635293.125,1557041.5,1342221.125,1376365.875,1421988.875,1484111.25,1711825.375,1649513.125,1937913.375,2005168.0,1036946.125,1068001.125,1236010.75,1192622.625,1346804.125,1250938.875,1898257.625,1626395.5,2150834.5,1803662.125,1371082.875,1372697.25,1588573.0,1670696.75,1383967.75,1413822.5,2680140.0,2259729.0,1423812.25,1328873.125,2291721.75,2318125.75,1423864.5,1695206.125,1729413.375,1625706.0,2776018.75,2324482.5,2157180.0,2330717.5,2396981.0,2672561.5,3002604.25,2941478.75,1636292.0,2184147.25
83,1768014.5,1660979.5,1823705.125,1680446.375,1772971.5,1645036.75,1730028.0,1690414.875,1764276.25,1690074.875,1833686.375,2059004.75,1754087.125,1797844.75,2011599.25,1872050.125,1808305.125,1745024.875,2105239.75,1822444.875,1819426.875,1705128.25,1678687.25,1511433.625,1817365.125,1584377.0,1593884.125,1447331.75,2087351.875,1903055.5,1877039.625,1680603.75,1626750.125,1573313.25,1674814.375,1596698.375,1659135.5,1535158.125,1764417.0,1869288.375,1682006.5,1910813.875,1523747.625,1285266.5,1263088.125,1196803.0,1385203.25,1491531.875,1448235.5,1320500.625,1541671.875,1533501.875,1683367.75,1517934.75,1671439.625,1821078.0,1762915.875,1601007.125,1421725.25,1579184.875,1466544.25,1453758.25,1782972.875,1839617.75,1617150.375,1647502.125,1537065.25,1641353.375,1504587.0,1545556.375,1914153.375,1721005.5,1805163.25,1693705.375,1553849.0,1233295.375,1939905.25,1679517.5,1592663.625,1755731.5,1204806.375,1277054.375,1396158.125,1410788.75,1502808.0,1434068.5,1562684.75,1518012.375,1247878.0,1341965.25,1526829.25,1404628.625,1305619.5,1197936.75,1467820.875,1340836.375,1488454.0,1543904.0,1506590.875,1449736.875,1173664.0,1134747.5,1492583.25,1348819.75,1661673.0,1748770.25,1568850.625,1536666.375,1467493.25,1478573.625,1419564.0,1291057.125,1834557.5,1700012.875,1418677.25,1385690.625,1531659.25,1392462.5,1895662.0,1981990.875,2011104.625,1796257.0,1927073.625,1844268.0,1856437.0,1963572.25,1866992.0,1971833.125,2057195.0,2048110.125,1932172.625,1887063.375,1958657.25,2130172.75,1532285.25,1461291.0,1913602.75,1854500.0,2033689.5,2036288.75,1622659.5,1572243.25,1860603.125,1799373.0,1786402.25,1633086.25,1860491.375,1984886.375,1937029.75,1798673.5,2041140.75,1900286.875,1920726.5,2015836.0,1764087.875,1758952.125,1498823.375,1484694.125,1983322.75,1729072.625,1838137.625,1696316.75,1726042.5,1684190.375,1820028.125,1672835.125,1647105.125,1393300.5,2141043.0,2020752.25,1683990.5,1569181.125,1611423.875,1433323.0,1941457.375,1983363.0,1602935.25,1827947.375,1752582.0,1970969.0,1804916.0,1712752.375,1700342.125,1836374.875,1881108.125,1915187.375,1836942.125,2010038.5,1694456.875,1719469.75,2003851.5,2036515.5,1740309.625,1897040.5,1845709.625,1807855.125,2004088.125,2061006.625,1747715.0,1644295.125,1642591.125,1556219.5,1353844.25,1384452.5,1427352.0,1483757.0,1715917.625,1650799.0,1939610.25,2004634.625,1038609.875,1068151.25,1235911.5,1194429.125,1344443.125,1249184.625,1894001.625,1624052.25,2151291.5,1802054.25,1371519.375,1374196.875,1588454.75,1669790.0,1385437.0,1414326.875,2682244.0,2261083.5,1422883.75,1330454.375,2288864.25,2315253.0,1423647.5,1691311.125,1728526.875,1624251.375,2777304.5,2321068.25,2156190.75,2327212.25,2393975.0,2668028.5,3002339.75,2939850.5,1635162.375,2180981.0
84,1763799.375,1655771.375,1827247.0,1680320.375,1780350.75,1647758.75,1732939.0,1691486.5,1767489.375,1690590.625,1833121.125,2056764.375,1754137.625,1796957.5,2014051.0,1874141.125,1807475.625,1745300.125,2106348.5,1823155.125,1820781.625,1704075.375,1681414.25,1513945.625,1820464.0,1586028.375,1595624.0,1447836.75,2087933.0,1901219.25,1875817.875,1678629.875,1627129.875,1571518.75,1677025.75,1593459.5,1659800.25,1534065.0,1766095.0,1868177.875,1681420.375,1909210.125,1525400.625,1285455.625,1264873.875,1197236.0,1387718.5,1494619.875,1450875.625,1322020.5,1545648.25,1533032.125,1685518.0,1516629.375,1674744.125,1821378.125,1767359.125,1601957.625,1426874.25,1580164.25,1467466.25,1453715.875,1783148.25,1837395.375,1616183.625,1646857.875,1537695.375,1642907.375,1500036.125,1543230.75,1915834.125,1720891.25,1806100.0,1692054.125,1553927.75,1231014.875,1935332.5,1674289.125,1591730.375,1752870.625,1204073.375,1276387.625,1394417.75,1409427.75,1503439.75,1436143.5,1563813.5,1517446.625,1246756.125,1342283.0,1525124.25,1406633.75,1305408.5,1197888.875,1469707.25,1342361.75,1487270.0,1546103.75,1506353.125,1451321.5,1174048.5,1136985.875,1493439.625,1348504.5,1660450.5,1748449.75,1568552.75,1536023.25,1468360.5,1479582.5,1420936.875,1290912.25,1835659.375,1698498.5,1418389.875,1385197.125,1533440.0,1391591.5,1895073.25,1974851.125,2014618.875,1798475.0,1928599.25,1844188.0,1852139.875,1965295.0,1863729.125,1974235.125,2055168.75,2047064.5,1934849.875,1889731.75,1955801.375,2130117.75,1532198.5,1464679.375,1910195.25,1857166.0,2033482.0,2037049.0,1621821.875,1572374.375,1864417.5,1800731.5,1787557.75,1633968.5,1850303.875,1982253.0,1933646.625,1796690.375,2039540.0,1901410.625,1921709.625,2017567.5,1766725.5,1758212.5,1499974.875,1483013.875,1986544.375,1729145.625,1841226.75,1698571.625,1725861.875,1683199.125,1821065.625,1672161.5,1648089.5,1392169.0,2137489.0,2016988.0,1682743.375,1568235.25,1611756.25,1433647.75,1943320.625,1985181.375,1603074.25,1827196.875,1752964.375,1969779.625,1806199.375,1714522.5,1701681.75,1836889.375,1883832.25,1916344.625,1836503.625,2008516.5,1690515.5,1720136.875,2001676.75,2034340.25,1742777.0,1896627.625,1844113.25,1806879.5,2002534.125,2061182.375,1747390.625,1643980.25,1641659.0,1557805.25,1355903.875,1386093.875,1425000.0,1483802.375,1714289.625,1648568.25,1938277.125,2005303.75,1040943.6875,1069063.5,1238318.125,1196080.375,1345194.625,1248250.75,1895672.0,1624802.25,2151742.0,1803485.125,1373359.5,1375961.25,1590693.25,1672659.75,1387706.125,1416468.875,2682715.5,2259950.0,1424490.875,1331874.375,2288101.25,2316236.75,1424311.25,1694142.875,1727122.125,1624794.875,2779085.25,2319048.75,2154894.75,2327279.5,2395114.75,2668176.5,3001387.25,2939819.5,1635067.625,2183635.75
85,1765480.125,1656195.75,1829246.625,1681695.625,1783671.875,1650695.625,1730421.75,1695056.75,1769164.25,1691754.375,1833391.25,2058708.5,1755379.125,1796485.0,2013507.25,1873478.75,1808258.0,1744489.375,2105594.75,1824035.375,1820515.0,1707319.125,1680877.5,1516453.75,1819243.25,1589503.625,1592957.875,1442346.5,2086591.0,1899407.875,1875376.75,1681434.0,1623137.25,1573485.875,1677265.75,1598701.375,1660575.0,1534031.125,1767512.0,1868320.875,1681181.625,1909361.625,1522487.75,1282089.25,1264829.625,1195898.0,1386536.25,1495045.375,1449288.875,1320157.75,1546113.75,1535927.5,1683282.625,1521033.75,1672508.5,1823774.375,1765251.125,1605992.5,1424455.375,1579733.125,1469152.0,1454474.125,1783361.75,1838286.25,1618894.5,1649905.5,1543206.25,1648006.75,1492152.5,1537336.25,1916273.5,1722392.5,1805817.625,1694242.125,1555005.75,1233661.625,1933144.0,1673379.75,1593982.625,1751325.375,1207499.625,1274492.125,1393610.25,1405269.75,1508175.25,1431268.5,1564114.125,1515875.75,1247545.125,1342231.25,1526045.25,1404124.875,1305940.25,1194788.125,1470140.25,1340992.875,1491577.625,1542825.625,1509341.5,1450112.5,1175074.75,1134566.125,1493133.625,1346622.625,1661579.875,1748249.375,1569361.375,1534388.625,1467450.875,1480130.0,1423171.375,1292434.75,1837899.0,1697175.375,1416558.75,1385816.25,1530372.75,1389701.125,1896731.375,1969129.75,2014331.25,1798513.25,1929063.5,1846595.875,1850561.875,1963636.0,1868752.875,1973399.25,2056565.875,2051057.25,1932912.0,1891421.25,1956547.625,2129447.5,1535567.375,1463103.625,1914224.875,1854060.25,2035733.125,2040297.5,1623259.625,1573391.375,1866736.875,1797234.375,1789394.5,1635832.625,1853996.5,1982978.0,1933870.625,1797380.5,2039692.875,1899102.875,1922557.875,2016868.25,1763751.625,1762908.875,1499543.5,1484883.875,1985013.875,1732466.75,1840246.75,1698814.25,1727015.75,1683427.25,1821498.875,1674195.375,1648162.875,1392485.625,2136732.75,2018978.625,1682403.625,1570184.125,1612336.625,1434271.75,1945692.375,1985951.75,1605965.25,1828710.0,1753387.5,1971442.5,1807356.625,1713211.75,1703726.75,1837832.75,1884782.0,1919556.0,1836547.375,2010180.375,1690007.375,1718158.375,2002117.375,2034819.5,1745452.125,1899876.375,1844599.25,1808953.875,2003172.375,2058680.125,1751038.375,1643178.625,1644053.875,1554741.75,1361297.75,1386557.0,1427019.625,1482153.5,1716652.625,1649076.125,1941560.0,2004489.875,1038766.3125,1068538.25,1236709.0,1196035.375,1344307.25,1248988.125,1895487.75,1624960.75,2151416.0,1803416.375,1373915.125,1375377.25,1589617.75,1670029.125,1386305.375,1415409.5,2680159.0,2258452.75,1425468.375,1330859.375,2289013.25,2314014.75,1426262.375,1695107.875,1726687.625,1624683.125,2777356.75,2317022.5,2153836.25,2325430.5,2394691.0,2668030.5,3000597.5,2938600.75,1634882.875,2181798.25
86,1767175.875,1657748.375,1825124.5,1681882.5,1779691.625,1648365.625,1725028.75,1695275.25,1766031.0,1691604.125,1831673.625,2060649.5,1754437.5,1794661.75,2008163.0,1873377.0,1807430.375,1745402.75,2102682.75,1822429.125,1817096.125,1709439.5,1675592.5,1520704.375,1814617.625,1593711.5,1588103.5,1437624.375,2084210.25,1899818.25,1874637.75,1685447.125,1620657.25,1578899.875,1681368.75,1601995.625,1661067.875,1534806.875,1769511.625,1867833.625,1682440.0,1910061.625,1520786.375,1280809.125,1264016.25,1196111.625,1384077.625,1490864.125,1446995.75,1318896.625,1545368.0,1536320.625,1678518.875,1527718.125,1666398.75,1827651.125,1761072.75,1610720.5,1418517.875,1579554.125,1471811.0,1455667.25,1782346.0,1841744.75,1621872.375,1651297.0,1544896.0,1646693.375,1489542.375,1537925.875,1915163.25,1724785.875,1805207.25,1699583.0,1559532.875,1237986.0,1937896.125,1679284.375,1600883.75,1755449.875,1214175.75,1272395.25,1396659.875,1399983.625,1517477.0,1422234.5,1565968.5,1516079.5,1250393.25,1339643.75,1528622.125,1397972.75,1308391.125,1190867.75,1469377.25,1335078.0,1499122.0,1537522.875,1513892.125,1444720.375,1175177.75,1128072.375,1492315.875,1343189.25,1663307.875,1748865.625,1571093.375,1533157.75,1468000.75,1477300.375,1425706.125,1292092.875,1837089.25,1696919.375,1414632.125,1383220.0,1528379.25,1383022.5,1895348.25,1966808.5,2016065.25,1796253.0,1928337.75,1848306.5,1853557.0,1961579.0,1871927.5,1973506.125,2060860.625,2055537.375,1928526.375,1893250.0,1960076.375,2129912.25,1538879.875,1456806.0,1918244.0,1850840.875,2034850.375,2043363.375,1624121.625,1575157.625,1864822.875,1794451.25,1790361.875,1636735.625,1863655.75,1983578.875,1936639.75,1798088.0,2040226.125,1895280.75,1921127.875,2012476.375,1758069.75,1770319.75,1498996.125,1489707.5,1978775.125,1736970.25,1837226.625,1698019.25,1728154.25,1686422.625,1817644.375,1675269.875,1645807.0,1393509.25,2142177.0,2025521.125,1683050.375,1572096.625,1611123.0,1434274.5,1944046.875,1982489.0,1605117.625,1827528.75,1751216.125,1969679.5,1804779.0,1709150.375,1701324.625,1834184.875,1880608.25,1918896.375,1837202.375,2011221.0,1698264.25,1718754.625,2005298.875,2035558.375,1747276.75,1902141.0,1845807.0,1808875.125,2003426.125,2053327.75,1757730.75,1642232.125,1650624.0,1548376.25,1368184.125,1387853.5,1433781.0,1480703.25,1722321.125,1649102.625,1945127.125,2003189.125,1035200.75,1066501.875,1231583.625,1194832.0,1341576.125,1249013.125,1891988.125,1624322.5,2153091.25,1803430.625,1373850.75,1374126.625,1588398.0,1665355.5,1384367.125,1413125.625,2680289.25,2258588.5,1423977.625,1329430.5,2289858.75,2311304.5,1428968.875,1691107.625,1731807.25,1625183.5,2774692.5,2317194.25,2159060.5,2323842.25,2394499.0,2666937.25,3001536.75,2936031.0,1638165.125,2177762.25
87,1761020.875,1652710.5,1822557.0,1680745.375,1770847.875,1638884.75,1728519.75,1690146.625,1763276.375,1691343.625,1830245.25,2057033.5,1751224.25,1790609.375,2007252.25,1872938.25,1805507.875,1745741.875,2101847.75,1817603.5,1816510.625,1704849.625,1676033.0,1518989.5,1816602.5,1592968.375,1587245.5,1439245.625,2080866.625,1900299.875,1874446.5,1681863.625,1621452.125,1575729.125,1679448.5,1596851.625,1659570.25,1534071.375,1765331.375,1865528.25,1682608.75,1909165.875,1519938.75,1282618.5,1264006.375,1196677.75,1382853.25,1485173.375,1447448.625,1320204.375,1540914.0,1530467.75,1680323.25,1525699.75,1668610.875,1828487.0,1762202.25,1609232.25,1421812.375,1584183.5,1471213.875,1455672.75,1781339.375,1842373.75,1622129.625,1649343.0,1543192.375,1643403.5,1497078.875,1543211.125,1914254.625,1724012.875,1805339.75,1700664.5,1560209.0,1238663.875,1938202.875,1684865.5,1600600.875,1763064.625,1212767.625,1274230.125,1397471.0,1403915.75,1512649.875,1422632.375,1566848.75,1519657.875,1250696.25,1339560.375,1527218.75,1398888.75,1307249.0,1192498.875,1467416.375,1335501.25,1496717.375,1539099.125,1511838.75,1444776.375,1173532.625,1128473.75,1492827.125,1346071.5,1664385.75,1750273.75,1570857.625,1535507.375,1469245.25,1475657.5,1423554.25,1290971.25,1834035.25,1700147.25,1416709.375,1381215.875,1530173.75,1383741.625,1894262.75,1976185.125,2017280.875,1795330.0,1926783.625,1845725.5,1859759.25,1965291.5,1870092.25,1973193.875,2062287.75,2056292.125,1931514.5,1894178.5,1961951.875,2130512.25,1534190.25,1455313.125,1917632.125,1851594.625,2032463.0,2043905.875,1622820.5,1573557.25,1860814.125,1795520.25,1786805.25,1634932.625,1867050.5,1984729.875,1939340.75,1798770.875,2042740.5,1897384.75,1920419.0,2010599.875,1760347.5,1769049.5,1498649.75,1490817.5,1980031.0,1736872.875,1839400.75,1698077.375,1726606.875,1686135.375,1814467.75,1672163.25,1643833.5,1392309.0,2138214.25,2024389.375,1682749.875,1569735.625,1609474.5,1433530.5,1940983.375,1979515.375,1600694.5,1823449.75,1747529.75,1965488.125,1805584.375,1709938.25,1698601.875,1831626.625,1878235.375,1914723.375,1835492.75,2006765.25,1704297.5,1720563.0,2004685.25,2034787.5,1743854.25,1897341.25,1847547.375,1807728.625,2004183.25,2055131.25,1753301.875,1640233.125,1647921.0,1548241.875,1362571.375,1383655.0,1433874.0,1482386.875,1719447.875,1644357.875,1941032.625,2003592.375,1036102.9375,1065739.375,1231676.125,1193276.375,1341987.375,1248008.0,1891780.75,1625963.875,2152537.75,1803945.5,1373389.125,1373561.375,1588896.0,1668599.625,1384869.875,1412952.0,2680163.0,2257060.75,1422527.25,1329815.0,2290398.5,2315308.75,1428040.625,1690446.75,1734792.375,1626005.125,2771667.5,2322279.25,2163516.5,2325840.25,2397104.5,2667896.0,2999324.25,2932879.0,1641530.0,2180506.5
88,1754886.625,1647556.625,1823242.625,1682094.875,1765191.625,1632739.25,1733048.25,1687824.0,1763566.5,1690007.25,1829771.875,2051862.0,1748968.5,1788656.625,2008857.125,1870675.5,1804176.625,1745339.25,2101893.0,1816722.25,1817929.75,1702110.625,1679608.25,1516478.25,1820618.625,1591518.875,1587916.125,1443555.625,2078078.625,1899790.25,1876553.5,1678182.125,1622187.375,1570094.75,1671843.625,1592067.875,1657061.25,1532918.875,1758360.375,1864732.625,1681001.625,1908048.375,1517705.875,1281621.25,1262857.875,1195491.125,1382862.75,1484041.125,1446870.0,1319658.625,1536367.0,1524461.625,1683989.875,1521399.625,1674681.75,1827173.25,1764482.25,1604725.875,1425320.625,1586640.0,1468090.375,1455534.5,1781363.375,1841500.625,1620056.125,1647828.0,1541416.375,1642169.625,1504579.0,1546153.25,1914708.5,1723271.0,1806863.625,1698794.25,1556224.125,1238622.125,1934574.25,1681936.0,1596963.875,1765586.375,1207929.5,1276029.625,1396372.625,1410975.125,1502822.875,1426348.5,1565542.125,1522788.5,1249391.125,1341328.5,1525579.0,1402943.75,1304840.0,1196141.25,1466860.0,1339898.25,1490072.875,1541006.375,1508320.5,1448988.375,1173433.75,1133922.75,1493780.25,1351072.125,1665237.875,1750212.0,1570818.125,1537610.0,1469122.125,1478550.625,1420693.5,1291103.625,1832201.5,1705585.375,1420355.375,1386019.375,1533740.25,1394677.375,1895963.25,1987023.375,2012035.25,1795342.375,1923238.75,1840847.625,1863596.75,1970252.0,1869208.5,1970846.375,2060947.25,2055673.875,1935461.5,1892699.625,1962022.125,2130009.0,1530735.375,1458202.5,1918300.0,1854072.875,2033881.0,2044477.625,1622208.75,1570018.5,1860194.625,1795067.0,1781938.75,1634166.5,1863640.375,1984670.375,1939419.625,1799104.625,2045020.625,1902194.5,1920403.625,2011675.125,1765426.25,1763043.625,1498613.375,1488924.25,1986150.75,1733641.75,1840894.0,1697371.375,1725049.5,1682521.875,1815766.0,1670126.5,1643944.0,1391785.5,2131683.75,2020890.625,1681355.875,1568817.625,1609950.375,1434259.125,1941132.75,1980121.375,1599295.0,1823372.125,1744692.375,1965023.125,1810025.0,1713363.0,1700243.625,1834247.375,1879380.125,1912807.125,1832649.0,2002527.375,1702852.125,1719655.125,2000691.75,2034191.125,1736455.125,1891706.625,1848710.75,1808986.75,2005089.625,2061567.125,1746859.0,1639821.125,1642682.75,1551428.25,1354864.5,1378355.5,1431152.5,1483621.5,1713049.5,1642017.375,1935063.125,2006576.5,1040221.625,1066945.875,1236232.5,1193463.875,1344927.625,1248706.125,1894188.5,1628257.125,2149948.5,1802115.0,1372801.5,1373520.75,1587247.625,1672259.375,1385698.625,1413478.375,2679535.5,2256682.0,1422721.5,1330493.5,2293830.25,2316876.75,1423999.125,1692916.375,1729585.875,1623698.875,2774338.75,2325400.5,2158846.0,2326409.75,2396668.5,2667899.0,2997291.0,2932995.75,1638806.375,2182239.25
89,1758116.125,1650803.25,1821230.375,1682698.625,1762469.0,1633483.0,1728543.625,1690499.25,1762764.25,1687965.0,1828794.375,2052228.0,1750666.875,1792757.375,2007048.0,1868029.625,1804211.375,1745115.875,2102260.25,1820476.375,1817629.875,1704667.875,1677377.5,1516494.5,1817869.5,1592131.5,1592206.0,1446120.625,2079508.75,1900691.625,1879178.25,1680913.125,1623508.875,1572515.25,1667787.5,1591514.875,1655842.0,1533627.875,1754460.375,1868268.25,1681880.125,1910117.5,1516207.75,1276222.0,1262102.0,1193283.125,1386541.625,1489965.375,1446309.5,1317853.375,1535149.625,1522766.875,1682559.125,1521414.0,1673974.625,1824511.625,1763499.75,1602444.375,1421039.875,1582100.125,1466928.625,1456348.625,1781218.25,1842018.875,1616754.875,1648459.0,1538107.875,1640623.125,1504931.375,1548509.875,1915295.75,1724185.125,1807930.75,1697544.125,1553915.625,1237757.875,1933152.25,1674486.625,1597765.25,1759814.0,1206426.375,1274808.125,1395693.75,1411528.75,1502627.5,1426506.25,1564117.375,1521161.875,1247439.0,1339269.5,1525842.375,1402290.25,1303954.125,1197671.75,1465941.25,1338662.875,1487233.0,1538487.875,1507776.75,1450155.875,1173834.0,1135278.625,1494307.875,1351370.875,1663542.125,1748660.125,1570183.625,1536969.125,1468907.375,1480113.75,1418828.625,1288694.25,1831404.625,1705387.5,1420553.0,1389307.625,1533734.75,1404334.25,1896134.625,1982926.25,2006829.5,1795558.0,1921553.875,1840228.25,1862612.125,1968207.0,1868265.875,1970462.0,2059759.75,2054049.875,1932566.375,1889054.5,1961948.75,2130432.5,1534211.125,1461919.375,1922511.125,1858014.875,2036100.375,2044176.625,1624337.25,1569946.125,1864373.125,1795527.625,1781621.125,1635848.125,1857447.875,1982125.0,1937696.25,1798792.5,2045122.5,1904608.75,1920421.625,2013818.125,1765636.5,1760788.875,1500100.25,1488153.375,1987153.25,1731304.875,1837929.625,1696616.625,1726352.375,1683150.0,1817055.25,1671729.125,1645079.25,1393912.375,2136742.0,2020927.125,1682674.5,1572291.125,1611978.875,1435998.5,1943934.875,1983669.625,1600639.5,1826601.5,1745567.375,1966982.125,1812712.875,1715088.0,1700048.25,1834120.625,1879561.125,1914822.875,1833432.75,2003189.5,1699994.625,1717921.625,1999455.25,2034298.125,1733304.875,1890946.625,1848150.125,1810146.875,2005300.875,2064532.25,1748542.625,1642033.375,1642761.75,1551682.625,1354502.0,1378813.875,1431101.75,1482710.125,1712194.0,1646545.375,1934628.875,2010623.5,1041533.3125,1067549.625,1237825.0,1194689.0,1345403.0,1248387.5,1894525.375,1627421.25,2150698.75,1801762.125,1373560.25,1375444.0,1586063.625,1670465.375,1385419.125,1414686.625,2684221.25,2262084.75,1423522.375,1331044.625,2296103.0,2312856.25,1422897.375,1693046.875,1725818.875,1619934.25,2783027.5,2322721.75,2153663.25,2325179.0,2394289.5,2666645.25,3003108.0,2939481.75,1634852.75,2178266.75
90,1764523.5,1657414.25,1821610.25,1683262.875,1762414.5,1637271.625,1724955.625,1695450.5,1762871.875,1689489.25,1830369.75,2059221.75,1754544.875,1797123.875,2008044.875,1870714.0,1806272.5,1745677.5,2105386.25,1824882.75,1818500.875,1706531.375,1675819.875,1516454.125,1814328.125,1592207.625,1596046.875,1444411.75,2083065.375,1904065.125,1880130.25,1684729.75,1624977.125,1577300.0,1666123.125,1592812.5,1656326.375,1534635.125,1754332.875,1871127.375,1684712.75,1911923.625,1516075.75,1273048.0,1262680.875,1190218.875,1388642.25,1493275.375,1446701.125,1315893.0,1533345.0,1524723.125,1681256.125,1522150.25,1670569.75,1821786.625,1763301.0,1603225.375,1419355.375,1580236.875,1468038.0,1456983.5,1781166.75,1843001.0,1616377.25,1650434.75,1537739.25,1641819.5,1499830.875,1545350.875,1913816.625,1723708.125,1807894.5,1694578.25,1554617.5,1233595.5,1931425.25,1672903.375,1599642.75,1751186.875,1206228.75,1273632.375,1393883.375,1406126.5,1506692.875,1428824.25,1565849.125,1517280.75,1245261.125,1337141.0,1525401.75,1400272.25,1303324.5,1196626.5,1462517.25,1335581.375,1487454.625,1538447.75,1506424.125,1448619.625,1172322.0,1132346.75,1495218.5,1349537.125,1661702.625,1748352.0,1568489.125,1535808.5,1469358.5,1477503.75,1416451.0,1285307.0,1832514.375,1698284.375,1416332.125,1382724.0,1527341.75,1401812.5,1893638.25,1966998.0,2009195.25,1796796.625,1923366.875,1844469.25,1858058.375,1963951.75,1865754.5,1971331.875,2058732.375,2053970.625,1929654.375,1888659.5,1960542.125,2132102.75,1535376.125,1464061.75,1923320.75,1860294.75,2034750.25,2043849.0,1624480.75,1572326.125,1864868.5,1798137.0,1783208.875,1636717.375,1856708.375,1980929.75,1937457.125,1798991.125,2045467.125,1904377.0,1921461.625,2016151.375,1764854.625,1762453.0,1501719.25,1489072.25,1985717.75,1732187.875,1837931.0,1698495.5,1727857.25,1686330.625,1816362.0,1672634.375,1646056.75,1394813.625,2142386.25,2018514.5,1684200.875,1573285.75,1611917.875,1436428.375,1945471.625,1987038.875,1602510.25,1827494.875,1750822.625,1971489.5,1811679.375,1714757.75,1699560.125,1833298.875,1880137.25,1918489.75,1835645.875,2007298.875,1697781.5,1718664.75,2002320.0,2035648.75,1739088.0,1894172.0,1846591.5,1810595.125,2005704.25,2064263.625,1752298.625,1643416.875,1643096.375,1551435.875,1357942.875,1383202.625,1431907.875,1483139.375,1715642.625,1649266.5,1937360.25,2010993.875,1037198.875,1066708.125,1235432.5,1194119.125,1343152.875,1245318.25,1894201.25,1625706.5,2151952.75,1803922.5,1373616.5,1376949.5,1587898.125,1666676.875,1384293.875,1415479.875,2686787.5,2264400.75,1423840.125,1331046.125,2295018.0,2311962.0,1424206.875,1693185.75,1728147.25,1619675.125,2786087.0,2320560.0,2154185.75,2325762.5,2397095.75,2669272.5,3007407.75,2944926.0,1635046.0,2177835.5
91,1765309.125,1658884.125,1826585.0,1685128.875,1766662.0,1640772.875,1727145.625,1699353.125,1764086.375,1692347.25,1833549.375,2064552.375,1755850.75,1796417.625,2014308.625,1876758.25,1806551.0,1745979.25,2106259.25,1826364.625,1819635.625,1702980.875,1677480.25,1513869.125,1813924.25,1590067.5,1589511.5,1440453.875,2082920.0,1903780.375,1875728.375,1681991.5,1624719.125,1574458.0,1668994.375,1590685.375,1657779.25,1534404.0,1760750.375,1867297.0,1685707.125,1912677.625,1520277.0,1277384.0,1263425.875,1190390.625,1383529.0,1487939.625,1445786.375,1315938.25,1534153.25,1529522.375,1683105.875,1521840.25,1670307.25,1821212.875,1764620.25,1605400.25,1422297.375,1582406.125,1471092.875,1456141.125,1781883.125,1841836.75,1618823.625,1650877.5,1538967.25,1642121.625,1497971.625,1540390.75,1914074.5,1721715.0,1811619.5,1694416.875,1556201.5,1232423.125,1937140.0,1682624.375,1603093.125,1753891.625,1207125.5,1276084.375,1394362.75,1403658.25,1509062.625,1434243.5,1570096.875,1518803.5,1244390.0,1340916.375,1523225.625,1401074.125,1304611.875,1195403.375,1462959.25,1338141.375,1489124.0,1544616.25,1505515.75,1448317.875,1171573.375,1131915.375,1494818.75,1348179.0,1661822.5,1749312.25,1568649.5,1535120.0,1470409.875,1477460.625,1417394.25,1288687.25,1837573.5,1696032.75,1414477.875,1378618.375,1524978.5,1390093.5,1893235.625,1963260.0,2013584.25,1798018.0,1926287.25,1846813.5,1852662.375,1960384.0,1860054.75,1970641.625,2055227.875,2054652.75,1930916.75,1892628.625,1956042.625,2131463.75,1528863.75,1462366.75,1916320.625,1856346.375,2029977.375,2043421.875,1620833.75,1572318.875,1858561.375,1799068.75,1783449.5,1634779.375,1857641.875,1980832.625,1935205.75,1797995.125,2044873.5,1900643.0,1921337.375,2015107.125,1765530.125,1764845.75,1502196.875,1492581.5,1984849.375,1734675.75,1841567.75,1700838.375,1729554.5,1686219.5,1818969.875,1672082.25,1646888.125,1393216.5,2144893.0,2019153.75,1684875.375,1570964.125,1610255.0,1434344.25,1943484.75,1985282.25,1606498.875,1827862.25,1756018.0,1978265.875,1806480.875,1711457.625,1703228.5,1836475.25,1880778.5,1918763.75,1837334.875,2014293.125,1697249.0,1720964.5,2003928.25,2037159.0,1743206.75,1894451.5,1844601.375,1811447.625,2004838.75,2061479.75,1752233.25,1642779.625,1642514.5,1554857.5,1359266.125,1385886.875,1431346.5,1485178.125,1718043.625,1644949.125,1936343.5,2005513.125,1034511.8125,1067230.625,1234161.875,1193736.5,1343987.5,1246707.625,1896551.75,1626135.625,2151084.75,1803358.5,1370869.625,1375015.75,1588302.125,1663007.375,1384312.625,1413536.625,2683293.25,2260744.25,1423202.25,1328890.0,2292933.25,2313715.5,1423432.25,1694867.875,1729840.75,1622351.375,2781706.0,2322037.0,2155841.5,2326260.25,2399305.0,2671357.25,3004224.0,2944213.75,1635380.875,2181373.75
92,1764207.375,1658911.875,1826747.625,1680783.875,1767239.25,1639956.125,1727945.625,1695491.0,1761801.625,1691777.375,1833891.0,2061765.75,1755359.125,1797276.375,2016703.75,1875060.875,1804843.125,1742321.75,2101171.5,1819829.375,1818005.0,1695491.125,1676170.875,1503267.875,1813028.5,1583205.75,1585262.25,1442379.25,2082459.875,1896721.0,1868573.625,1672957.5,1625659.5,1565174.0,1675818.375,1587377.375,1658549.5,1534616.5,1768457.625,1861691.125,1686499.5,1917273.5,1526312.5,1285605.125,1265361.125,1196975.125,1379918.5,1483554.0,1446301.0,1320527.75,1538993.375,1535681.25,1684636.625,1519717.375,1671302.375,1820875.5,1763400.0,1604002.625,1423537.0,1581281.375,1473722.0,1454453.0,1782532.0,1838413.375,1618860.875,1648329.125,1535936.125,1638008.75,1504689.625,1545258.5,1917719.25,1719431.5,1815562.75,1699483.625,1556317.5,1236684.125,1949271.875,1695189.625,1603175.125,1768907.5,1205641.875,1281484.125,1395662.875,1412266.75,1502665.625,1437612.125,1568748.875,1524887.0,1243750.625,1345014.5,1520221.375,1403954.125,1305758.375,1198492.875,1466761.25,1343227.0,1485917.0,1550700.375,1505024.75,1450445.5,1171334.875,1135293.0,1491934.875,1348425.125,1660680.625,1749917.5,1567825.625,1536521.75,1470376.25,1480691.125,1418649.75,1294065.125,1839816.625,1701967.0,1418037.0,1383824.375,1531282.125,1386877.75,1895789.0,1979626.0,2012654.75,1797517.375,1929025.875,1844840.875,1853432.75,1956087.0,1852681.5,1969527.875,2052202.75,2050649.25,1933119.375,1891722.375,1953287.25,2128514.5,1521467.0,1459716.875,1909565.875,1850284.625,2026596.5,2038118.5,1620364.875,1568812.0,1854369.875,1799800.375,1784336.5,1631393.75,1853504.25,1981011.0,1932672.625,1796962.875,2042345.375,1897022.75,1919354.375,2011910.75,1766439.375,1763025.75,1502341.0,1496081.5,1983218.125,1733662.25,1842677.625,1700023.625,1730845.25,1685705.75,1823362.625,1671878.0,1647380.25,1392824.625,2149331.5,2025572.625,1688659.25,1570244.0,1610789.875,1431798.625,1940331.75,1981553.75,1608778.5,1829861.625,1756940.375,1978612.375,1802119.625,1709308.75,1702439.0,1835750.375,1879084.375,1914561.5,1840787.375,2019595.0,1700558.375,1721743.75,2002711.875,2036363.0,1738988.375,1890854.375,1844630.125,1810030.25,2003031.625,2057733.125,1746573.375,1642422.125,1639920.375,1560266.125,1351925.25,1383344.75,1427141.375,1487074.625,1716762.5,1642502.25,1932693.75,2000380.5,1038085.5,1069821.875,1236286.875,1195028.75,1347751.0,1251982.0,1899379.75,1626777.0,2150557.5,1801115.0,1368158.125,1373158.875,1586640.375,1664203.75,1385691.875,1411973.125,2683139.75,2260237.5,1422171.375,1327402.875,2284745.5,2312684.25,1421559.0,1693807.625,1729258.75,1622355.25,2773538.25,2321948.25,2156564.0,2324574.5,2395168.0,2665684.0,3000761.0,2940299.0,1633359.5,2180376.0
93,1765291.875,1660489.875,1824481.5,1676488.25,1764608.0,1637437.75,1729303.375,1688959.0,1762388.25,1690787.25,1834349.0,2058466.375,1755380.75,1799433.0,2013717.375,1869285.5,1806673.5,1739531.75,2096790.5,1811039.875,1816837.0,1693980.25,1676218.125,1495250.25,1814561.75,1578747.5,1590530.25,1446610.25,2084489.0,1893966.125,1868714.25,1669369.375,1627075.0,1561891.5,1675698.75,1592211.375,1658000.5,1535805.25,1767918.375,1863017.875,1687471.125,1921422.375,1524326.75,1291063.375,1266579.0,1203021.75,1381937.875,1483457.125,1448633.0,1323133.375,1539565.75,1539516.125,1684809.125,1517802.75,1672611.5,1822062.625,1762125.25,1601876.0,1424584.625,1581478.0,1472018.625,1454088.5,1783049.125,1838182.5,1617978.0,1647719.25,1536450.875,1640015.875,1508851.125,1549916.25,1917045.5,1717865.875,1811371.75,1700774.375,1553384.5,1238306.75,1947757.5,1696124.0,1595223.75,1773301.375,1201585.0,1283245.0,1393354.75,1421500.625,1490542.0,1435754.0,1562126.625,1525739.375,1242877.25,1342678.0,1518966.875,1405961.375,1304015.75,1201699.75,1467044.875,1343760.25,1479092.25,1549463.625,1502627.375,1452139.5,1169735.75,1136294.25,1490158.375,1349561.875,1659267.875,1749895.75,1565297.625,1538747.625,1468701.125,1480697.125,1416518.25,1293303.5,1836219.5,1706210.375,1420416.125,1387739.375,1535998.75,1393987.125,1897958.0,1991317.75,2007386.875,1795320.375,1928068.125,1843561.0,1857557.875,1957248.25,1853808.625,1969581.375,2054262.125,2047982.875,1934108.375,1887142.375,1955399.875,2128137.75,1521442.0,1458277.25,1910867.25,1849251.0,2029150.875,2034643.125,1623720.625,1567497.25,1854810.125,1799863.625,1785097.75,1630764.875,1853453.0,1984060.375,1935209.0,1798177.625,2041816.125,1898406.375,1919070.125,2011865.5,1766812.375,1758965.75,1500870.0,1494518.25,1982630.25,1731109.375,1841002.25,1698421.375,1727855.625,1686826.375,1822790.625,1672169.25,1645996.5,1393584.125,2144702.75,2026686.25,1689234.25,1570496.875,1611958.0,1432166.625,1939712.875,1981948.0,1605650.5,1829925.25,1755293.625,1974508.0,1804086.5,1712280.75,1698339.875,1833128.625,1879546.125,1912577.25,1842713.625,2018910.25,1701378.125,1719702.25,2003260.375,2035558.5,1737421.125,1891795.25,1846722.875,1808082.875,2003474.375,2058226.0,1741852.875,1642733.75,1636119.875,1561078.25,1345242.125,1379810.375,1423272.625,1487570.5,1714829.625,1644266.5,1932838.5,2000319.875,1040414.875,1071031.375,1238026.25,1195813.625,1348682.125,1252925.5,1899758.625,1627419.875,2151312.0,1801635.0,1368746.75,1373610.25,1587091.125,1671092.25,1385348.5,1413325.375,2684447.75,2260715.75,1422299.875,1329210.75,2279421.75,2312192.0,1421781.75,1692034.75,1729444.375,1620909.5,2767068.5,2319575.75,2156501.25,2324827.75,2392491.25,2661237.25,2997481.25,2936621.75,1633269.625,2177844.5
94,1766404.125,1659566.75,1827434.625,1682436.75,1768392.125,1639374.875,1733906.75,1690098.625,1768898.125,1691843.0,1836634.5,2061503.125,1754622.5,1796827.875,2011775.75,1870491.625,1810652.25,1744289.25,2096919.0,1811336.25,1817891.25,1701131.375,1680589.125,1503088.125,1819157.5,1584230.25,1592456.625,1444959.625,2086509.375,1900827.625,1875778.375,1675752.875,1626839.875,1569331.625,1672048.0,1599208.0,1658634.625,1536443.625,1765398.375,1870557.5,1685279.0,1918792.25,1519478.25,1292179.625,1264913.375,1202140.0,1383785.875,1483990.25,1449552.5,1320602.375,1538191.25,1538626.125,1684482.875,1519771.25,1673576.125,1826050.125,1763349.0,1604844.125,1425356.75,1585670.125,1468777.5,1456121.5,1784503.0,1842699.625,1618688.75,1649847.5,1542259.875,1647751.625,1503027.75,1545960.375,1912497.875,1719262.625,1805418.0,1697764.875,1551646.0,1236387.625,1936629.125,1686097.875,1591617.875,1762102.0,1203079.25,1280294.875,1392562.5,1418312.625,1491027.0,1431235.25,1560923.125,1521090.375,1243681.75,1338687.25,1520721.375,1404550.75,1302870.375,1199434.0,1466702.25,1340748.125,1480116.75,1544041.25,1503006.75,1451941.5,1170412.25,1134264.625,1490910.5,1348724.875,1660212.25,1749124.625,1565623.375,1536936.875,1467946.0,1478263.75,1416367.625,1291195.875,1834194.0,1706365.75,1419077.5,1386543.125,1534381.0,1394996.5,1897977.625,1985561.125,2003910.625,1794337.75,1925473.25,1845690.875,1855817.875,1963284.5,1862668.75,1971417.25,2057875.875,2051758.375,1933329.375,1889195.75,1957376.0,2131083.0,1527240.125,1457540.25,1916094.5,1853345.875,2035621.25,2040587.875,1626024.625,1573053.375,1857045.375,1798387.0,1785596.25,1634707.875,1855586.375,1985006.5,1936280.5,1797884.0,2042227.375,1900877.5,1920804.125,2014700.75,1765847.875,1760071.75,1498794.625,1490098.0,1983629.375,1731878.0,1838826.75,1699236.25,1724713.625,1686485.375,1819199.25,1673717.375,1644207.0,1393669.625,2134668.5,2022329.5,1683774.875,1571335.0,1611304.25,1434555.25,1941842.875,1984828.5,1602626.875,1828704.75,1754666.25,1975724.5,1807166.625,1714689.375,1700867.375,1836924.875,1883940.125,1915563.375,1840746.0,2016360.0,1695533.0,1717667.625,2004729.375,2036598.125,1741188.75,1894690.0,1846229.625,1808984.125,2004994.75,2061970.125,1744685.625,1642029.75,1637343.5,1557497.875,1348600.25,1378732.25,1423854.375,1485337.25,1712464.625,1642011.125,1934506.5,2001528.75,1038114.5,1069662.125,1236869.125,1195958.125,1346554.375,1250506.0,1898194.25,1628308.625,2153145.25,1803490.25,1371361.625,1374280.25,1589745.0,1676146.125,1384618.75,1414715.375,2682092.25,2258569.5,1423020.375,1331197.25,2289356.5,2314915.25,1423534.25,1693991.125,1729242.75,1623720.0,2771239.5,2320273.5,2155559.5,2328696.25,2394049.0,2665668.5,2995633.25,2937385.25,1636367.875,2180269.25
95,1767722.375,1659977.625,1830823.625,1687988.375,1775136.625,1645388.0,1736312.375,1693789.5,1769813.125,1691457.625,1837210.75,2064914.25,1753624.0,1795208.0,2012268.875,1874260.375,1811926.75,1749530.125,2098325.0,1818721.625,1819242.5,1707018.375,1682761.75,1513742.75,1820715.5,1589656.375,1591341.375,1442778.125,2088076.125,1905319.5,1881218.5,1682723.0,1626974.375,1576342.375,1673605.875,1598645.5,1660091.375,1534722.0,1766748.875,1875744.0,1680141.625,1912463.125,1520424.0,1288571.375,1263659.25,1197521.5,1384690.875,1486747.625,1449081.125,1318459.5,1541195.75,1535033.5,1683423.5,1521627.25,1672216.125,1827055.25,1763330.0,1607189.25,1424648.0,1586283.375,1467000.25,1456673.875,1785335.375,1844338.875,1619050.5,1649885.125,1543276.25,1648750.625,1497736.875,1541279.875,1912216.25,1721053.75,1804761.25,1695704.0,1554080.125,1235740.125,1934199.875,1677445.875,1594986.375,1753894.0,1208063.625,1278751.375,1393196.375,1409994.5,1503782.125,1429608.875,1563610.25,1518477.125,1245519.0,1339384.0,1524775.25,1403246.375,1302301.125,1195171.75,1467432.875,1339434.375,1488904.5,1541546.75,1508408.75,1452623.625,1173929.25,1134049.375,1490759.125,1346615.375,1661881.25,1749232.875,1567804.375,1533117.625,1465873.375,1477621.375,1417782.75,1292076.125,1834770.875,1704000.375,1416572.875,1383936.75,1529523.875,1389287.25,1897084.75,1977009.125,2005876.25,1795165.75,1927942.125,1845032.125,1855068.875,1968571.375,1868690.25,1973172.25,2060071.125,2055165.5,1933033.375,1894180.125,1958857.875,2133011.25,1531523.125,1458226.5,1919180.625,1855331.375,2041312.125,2045792.625,1626674.25,1578065.25,1860163.25,1797831.0,1788331.25,1638417.5,1855224.0,1982725.25,1935180.375,1797150.125,2040026.0,1899836.25,1920897.375,2015509.875,1763996.5,1762736.0,1498652.25,1485850.5,1984442.375,1732449.25,1837910.25,1700789.125,1726707.625,1683674.5,1817492.625,1674057.5,1644514.25,1393051.875,2137299.25,2020477.375,1681431.0,1572370.5,1611100.75,1434716.625,1943678.25,1986153.625,1603784.5,1829732.875,1753690.625,1976679.875,1806227.875,1712426.125,1704489.125,1840727.5,1885751.875,1918366.5,1837951.125,2013045.75,1691556.875,1718133.625,2004024.125,2037739.75,1739925.125,1893445.375,1844695.25,1810826.375,2005568.375,2062791.625,1749391.875,1641850.25,1642980.75,1555847.125,1352024.375,1379446.0,1426294.25,1483459.375,1709268.75,1640177.5,1935253.375,2001820.875,1035691.0625,1067781.875,1234781.625,1195320.375,1343880.625,1248445.25,1896138.25,1626977.0,2153503.75,1802109.5,1372077.375,1374287.875,1589939.625,1673714.75,1385582.875,1414265.0,2680954.0,2258653.75,1422420.875,1330893.0,2300190.25,2313964.75,1424614.375,1696312.25,1728013.75,1626541.0,2779794.75,2323267.25,2155419.75,2329782.75,2394964.5,2670096.5,2999344.0,2940678.75,1638676.5,2182096.0
96,1768561.375,1663627.5,1829849.5,1685320.625,1776229.5,1648936.625,1733756.0,1693405.0,1762248.625,1687581.625,1836499.375,2064400.375,1752912.0,1795163.375,2012941.125,1872904.5,1811230.0,1750045.25,2098969.5,1821898.125,1820287.0,1706499.375,1682358.125,1514047.875,1818909.625,1588119.0,1592238.75,1442644.125,2087128.375,1902987.0,1882361.75,1682987.625,1626229.375,1574553.875,1675865.0,1596134.0,1659481.25,1531779.625,1764885.625,1873440.625,1676549.375,1907807.0,1522265.5,1282322.375,1264358.375,1195204.875,1385243.125,1490967.0,1447830.875,1318104.5,1544174.625,1532812.625,1681450.5,1518668.875,1669876.75,1823120.5,1760912.125,1603797.375,1424038.25,1581169.125,1465171.875,1452470.125,1782930.875,1841107.75,1618716.5,1649152.875,1540012.625,1643551.875,1499204.625,1539918.0,1915621.75,1719727.5,1805304.5,1693622.125,1555461.625,1235713.625,1936345.25,1676241.875,1594748.5,1752959.5,1207784.625,1279088.625,1391686.875,1407424.375,1509848.75,1430997.25,1562205.75,1518430.0,1246118.25,1341266.75,1529173.125,1405929.75,1301981.75,1193469.75,1467105.125,1340320.75,1493576.875,1542521.0,1512429.625,1454417.5,1176135.375,1135468.75,1489412.625,1345688.125,1661824.375,1750477.375,1569640.5,1533471.0,1462710.5,1478778.75,1417099.125,1292032.0,1834772.0,1700287.5,1416337.875,1383542.125,1526215.25,1389039.375,1897024.0,1978338.875,2008055.0,1794637.625,1932122.375,1840019.0,1861349.625,1973384.0,1872727.625,1972439.625,2061875.25,2056100.375,1934947.875,1892426.375,1961763.75,2132167.75,1531960.0,1460123.125,1920530.625,1852862.5,2042966.625,2043243.5,1626568.75,1576610.125,1862529.875,1798651.0,1791299.75,1637611.0,1862467.625,1985626.75,1937770.625,1799714.125,2039173.25,1898720.375,1919709.625,2013593.0,1761939.75,1760106.125,1498709.75,1481102.875,1984575.625,1729747.75,1838574.25,1699395.5,1728765.0,1679986.75,1818931.375,1671950.5,1645361.0,1391262.375,2142619.75,2022759.125,1682736.75,1570378.5,1611610.625,1432077.0,1943995.875,1985516.25,1605453.125,1829955.75,1750699.5,1971998.5,1804462.625,1710950.0,1701193.875,1836581.625,1882406.5,1917390.625,1836164.25,2007441.75,1693463.0,1718790.5,2003807.5,2038837.625,1734024.375,1893089.125,1845824.0,1811213.75,2006238.25,2061115.0,1749008.0,1643157.625,1646128.875,1555817.5,1348393.375,1380822.0,1427823.875,1484276.375,1709914.125,1645901.5,1938270.5,2003476.5,1036716.1875,1066874.625,1233991.75,1193993.0,1343171.5,1247598.0,1895549.5,1625178.875,2150434.75,1798577.75,1371052.0,1373292.25,1587124.625,1667396.25,1385888.25,1413604.5,2681292.25,2258743.75,1421447.875,1329731.0,2298761.5,2309633.5,1424947.625,1695852.875,1727974.375,1624165.375,2781545.75,2323955.0,2156023.75,2326164.5,2393824.25,2667933.25,3002673.75,2939320.75,1638206.125,2179921.0
97,1766234.375,1662330.125,1826158.75,1682949.125,1771657.875,1646481.25,1727510.625,1692101.125,1756078.375,1683958.375,1836160.0,2064164.375,1752643.0,1793638.375,2012015.25,1870663.125,1810146.75,1751446.625,2100475.75,1820441.5,1820506.125,1705003.125,1681973.875,1512967.5,1816270.125,1587163.125,1592668.75,1441353.25,2084135.0,1902226.0,1879952.75,1679938.0,1624723.5,1571144.75,1676491.25,1598409.0,1658504.5,1532069.125,1760715.375,1869140.0,1678816.125,1909252.25,1522477.25,1280291.375,1264550.25,1195914.0,1385009.25,1495104.375,1446852.5,1318352.125,1543962.25,1534504.125,1679949.875,1515483.25,1668148.125,1819507.5,1759131.125,1599822.875,1420097.125,1574424.0,1464287.125,1449301.25,1779284.25,1839950.125,1618236.375,1649567.875,1536956.5,1639147.0,1499494.875,1542475.625,1917621.75,1719349.375,1804471.875,1692620.125,1554313.375,1235090.25,1935817.125,1679081.375,1592317.125,1751746.375,1204948.875,1278295.0,1393426.375,1409172.25,1506806.125,1432872.875,1560441.375,1517253.875,1245499.0,1340001.75,1529496.0,1408712.75,1305450.5,1195428.25,1468571.0,1341131.375,1490652.25,1544974.75,1511434.75,1454444.125,1176272.25,1135359.25,1489418.5,1345955.75,1659711.625,1749411.75,1570345.5,1536178.125,1464662.125,1479907.0,1417976.25,1289998.125,1834948.5,1700709.125,1419327.0,1386148.0,1528583.75,1391817.625,1896537.75,1983782.25,2006431.625,1793659.0,1932121.75,1840567.5,1864606.375,1973245.75,1877561.875,1971845.0,2061978.625,2055999.25,1934749.5,1887216.5,1962651.75,2130964.25,1532503.75,1463690.75,1921437.5,1853156.125,2039738.75,2039686.25,1626857.875,1576249.75,1865609.125,1802083.25,1791708.75,1635220.125,1872173.75,1991395.0,1939760.0,1801411.375,2042661.5,1901307.75,1921480.5,2014966.75,1760710.625,1757430.125,1498493.125,1479241.5,1983752.75,1727618.0,1836988.0,1695730.875,1727359.625,1679564.0,1821471.0,1672191.375,1645552.625,1390352.125,2138087.75,2024883.125,1683096.625,1567536.125,1610430.5,1430425.75,1945044.625,1986530.625,1604937.25,1827948.875,1749247.75,1969429.375,1804469.625,1713055.125,1695370.375,1828765.375,1879134.5,1915067.625,1837076.0,2006985.125,1693891.5,1717449.125,2003688.25,2038628.0,1732285.0,1893632.5,1845936.625,1809285.875,2006040.25,2062564.75,1746011.25,1642723.125,1644301.25,1555207.125,1343592.125,1379129.125,1427208.625,1483670.75,1712510.375,1651546.0,1941305.125,2006666.875,1039953.6875,1067241.375,1234435.875,1194117.0,1344986.5,1248677.125,1896382.625,1625780.375,2148454.5,1799145.5,1370774.0,1371182.0,1586712.75,1665913.0,1384472.0,1414232.0,2680808.5,2256547.25,1421260.5,1328424.25,2290149.5,2310414.0,1423974.25,1692304.25,1727810.875,1621430.5,2778323.5,2321023.5,2155742.75,2323992.25,2392773.0,2664762.0,3001704.75,2935028.75,1635341.625,2178937.75
98,1763765.625,1657325.75,1823176.375,1684985.625,1770349.875,1646768.875,1722998.25,1691939.75,1757505.5,1685629.0,1835484.625,2065164.5,1754280.125,1795852.75,2011261.5,1873616.5,1808231.5,1752512.25,2104485.0,1823607.625,1818603.625,1706868.625,1679611.875,1518151.625,1813976.5,1589500.0,1593163.25,1441488.25,2081980.0,1904024.125,1874476.75,1679547.125,1624091.5,1572409.5,1675612.5,1601149.5,1658214.875,1534881.875,1759827.625,1868673.0,1683283.625,1913529.875,1521534.375,1282960.5,1263692.125,1195995.125,1385005.0,1497776.875,1447302.125,1318868.375,1541508.375,1537251.375,1681087.75,1516549.25,1668026.5,1819186.0,1760742.875,1600499.875,1415325.0,1570963.875,1465495.25,1451075.625,1778998.875,1841131.625,1618820.875,1649211.5,1535880.25,1639325.625,1495845.0,1544627.125,1915585.625,1719715.625,1803350.125,1691909.0,1554068.125,1232766.875,1935397.875,1680090.0,1592413.125,1749138.875,1204946.5,1277147.625,1397374.375,1410503.5,1505503.625,1435590.75,1562716.75,1515371.75,1245326.75,1339887.0,1524787.375,1408586.25,1307594.875,1198001.125,1470321.625,1341923.625,1488420.625,1546844.125,1508522.5,1452604.5,1174684.375,1133818.25,1490323.25,1346546.375,1659009.625,1747610.375,1568592.25,1536627.375,1467846.0,1479413.0,1421519.875,1291327.5,1836503.5,1701551.625,1419840.25,1386406.625,1532623.0,1387230.375,1896790.375,1981789.5,2007125.125,1795345.25,1928876.375,1846712.5,1860893.625,1966162.375,1877922.75,1974188.0,2059069.625,2053325.625,1931580.625,1886732.125,1961179.375,2131245.5,1534485.0,1467802.375,1918604.625,1855764.0,2034995.875,2037837.25,1625501.875,1577901.25,1866826.875,1804250.375,1788793.5,1634072.625,1873141.875,1993370.875,1938331.75,1800670.375,2045554.0,1904144.0,1924473.5,2019672.5,1761874.125,1759463.875,1498758.25,1481794.375,1983520.75,1728033.25,1835098.75,1695043.375,1726218.375,1682459.75,1820550.0,1673591.375,1645520.25,1391546.875,2133674.75,2019666.25,1682481.5,1566226.375,1608729.125,1431394.625,1945580.875,1987727.875,1604259.0,1827335.625,1751099.625,1971570.0,1806082.625,1714237.75,1694842.375,1827753.375,1879181.75,1913841.875,1838440.375,2013133.875,1691973.0,1715808.625,2002214.25,2036957.375,1735363.75,1892348.375,1844215.125,1807459.75,2005117.375,2066613.75,1746565.0,1642317.875,1641828.75,1555862.25,1345837.375,1377339.875,1427006.0,1481665.75,1714189.0,1653793.125,1942107.125,2009395.5,1039995.875,1068203.875,1234926.875,1195102.25,1345849.875,1250263.875,1896948.5,1626139.25,2150748.5,1803581.75,1370734.25,1370503.625,1588754.0,1669072.25,1382328.75,1415001.375,2681290.25,2256760.75,1421145.0,1327109.375,2285060.75,2314848.25,1421986.0,1687468.75,1726264.0,1621655.375,2776693.5,2318271.25,2155514.5,2325319.5,2395567.5,2667459.5,3001542.75,2936053.25,1632294.125,2180147.25
99,1762936.5,1656521.0,1822184.875,1684575.875,1772970.625,1649970.5,1725797.375,1691944.25,1763638.75,1690641.875,1834061.875,2062043.5,1754079.125,1797079.5,2012978.625,1876779.875,1805703.125,1747478.25,2105675.0,1824414.25,1815482.25,1707058.625,1675057.25,1520582.75,1814341.375,1588978.125,1593229.5,1443140.75,2080528.0,1902909.375,1869544.625,1678413.875,1622822.75,1571190.125,1672744.75,1599236.0,1656886.375,1535686.625,1761281.5,1868404.375,1683788.5,1911326.5,1519704.75,1285208.0,1263156.0,1195443.75,1385126.25,1496059.5,1447715.875,1319191.875,1539311.625,1536615.5,1684278.125,1518519.625,1671014.0,1821340.375,1764047.625,1602808.25,1418472.625,1574726.875,1467390.25,1453101.5,1781741.375,1840242.625,1619886.0,1648251.875,1538504.75,1642594.75,1494591.125,1541905.5,1912380.125,1717679.25,1804519.125,1690154.375,1555131.0,1229648.375,1936859.625,1681356.75,1594774.625,1750578.0,1205709.875,1277286.125,1396917.625,1410007.5,1503987.125,1436172.375,1566525.5,1516805.875,1245808.875,1342420.625,1521007.125,1406408.625,1304209.375,1197674.125,1467750.0,1342310.875,1488021.625,1545385.5,1506364.5,1449963.375,1171408.75,1132616.25,1490355.625,1346649.875,1662350.375,1747693.875,1567457.375,1536586.25,1466078.5,1479290.5,1422731.75,1295491.5,1838672.75,1699387.75,1417785.125,1385037.375,1532285.125,1382257.875,1898798.75,1980190.25,2013489.625,1798168.75,1926016.125,1847625.875,1859302.125,1962690.625,1871485.375,1975368.0,2056016.625,2051268.75,1932747.0,1889536.25,1960789.875,2131645.25,1532995.75,1465826.75,1912391.625,1854211.25,2032920.0,2036453.375,1620726.25,1574188.25,1861124.625,1798529.125,1784061.875,1633349.0,1868615.625,1990331.375,1937056.625,1800191.875,2044537.625,1903145.5,1922742.625,2019076.75,1764852.75,1761206.75,1499428.125,1484800.375,1986253.375,1729556.75,1838591.75,1697091.75,1725674.875,1682739.5,1817939.0,1673055.875,1645147.25,1392588.125,2134167.0,2011653.75,1681365.875,1565654.375,1608994.875,1433055.0,1942015.625,1983465.875,1603830.5,1826638.0,1752926.875,1973632.625,1806826.625,1712488.125,1699008.375,1834435.25,1879785.0,1912633.625,1836527.75,2014109.125,1696738.375,1716804.25,2005082.625,2037881.0,1738181.625,1895581.625,1845738.5,1808068.625,2006984.5,2066408.125,1750146.375,1644986.375,1642569.625,1557122.125,1352673.875,1380994.375,1429775.625,1482921.875,1719126.875,1656461.5,1942025.75,2009192.625,1038142.0,1069648.75,1235372.125,1195982.0,1345375.75,1251976.125,1897055.0,1625139.25,2152501.75,1805055.75,1370870.125,1373196.875,1588373.625,1669778.75,1381850.125,1414742.375,2681900.75,2257668.75,1421116.5,1327925.25,2286422.5,2317367.25,1422710.125,1687478.0,1726631.375,1622412.875,2777362.25,2320192.0,2156977.0,2326227.25,2398998.75,2670329.25,3002857.5,2941552.0,1632764.125,2181045.25
100,1760630.125,1658161.5,1820948.5,1681042.25,1769258.375,1644044.125,1730960.75,1693257.75,1767080.125,1692144.125,1831738.75,2055711.125,1750633.375,1792708.625,2014322.625,1874706.375,1803279.0,1742486.5,2101656.75,1817279.75,1814445.125,1705466.125,1670827.5,1517062.375,1816561.875,1586465.375,1589813.375,1442135.875,2080284.375,1900318.875,1869079.375,1676968.875,1621589.75,1567924.75,1672404.125,1597722.125,1655955.125,1534770.375,1763400.75,1866879.0,1682040.0,1906280.625,1519423.875,1284200.5,1262569.25,1196180.875,1385360.5,1493038.375,1447035.5,1319455.125,1539510.25,1533952.0,1685124.125,1520430.0,1673385.375,1825762.625,1764876.25,1603433.75,1424768.875,1583131.25,1468669.375,1453460.0,1783111.25,1840241.875,1619331.625,1647942.25,1541370.625,1642475.0,1494815.5,1538696.625,1912546.5,1718636.5,1806523.875,1692146.625,1556024.625,1230294.75,1937892.0,1683903.75,1596729.375,1754756.125,1206145.875,1276604.75,1394943.0,1406835.25,1499096.875,1430620.375,1567893.875,1519257.125,1246077.125,1341902.875,1522474.625,1402866.75,1302393.75,1195884.625,1463921.75,1339617.125,1485650.25,1541490.75,1505311.125,1447023.875,1169924.75,1131692.75,1489124.875,1345630.0,1666266.125,1746941.375,1568962.5,1536650.125,1462649.75,1480985.375,1421109.875,1294290.125,1837368.125,1700405.125,1416968.5,1385753.875,1527673.125,1387213.125,1897182.75,1984109.375,2017484.875,1797940.0,1925296.0,1844120.0,1860921.875,1966564.0,1863502.875,1972399.625,2056849.375,2053520.75,1936229.5,1891479.75,1961528.875,2131486.25,1528498.625,1457833.75,1909310.5,1852565.875,2033673.5,2038860.5,1617807.25,1570143.25,1855146.875,1791876.625,1782419.875,1634645.25,1863725.0,1983312.75,1937978.625,1798939.375,2042307.875,1900702.875,1918638.375,2013612.5,1765823.875,1761730.25,1500921.875,1486324.125,1988437.625,1732346.5,1841986.625,1697823.625,1724095.5,1682183.375,1817804.125,1674571.75,1644499.125,1393442.75,2136642.25,2014228.875,1681048.5,1568317.125,1610406.25,1433902.5,1938139.0,1978833.875,1602921.625,1824005.125,1752129.5,1972539.0,1805383.375,1710665.125,1700664.5,1838716.375,1878983.125,1912629.5,1834558.125,2008139.625,1706438.0,1720506.5,2011611.5,2040788.75,1741657.25,1903545.875,1849483.5,1809548.75,2009543.75,2061234.75,1752050.375,1645551.875,1644945.375,1555939.25,1355693.625,1385116.625,1432919.375,1485372.125,1724151.25,1655374.25,1939341.375,2006623.25,1037562.875,1070000.75,1234942.5,1196422.875,1344433.625,1252074.75,1895309.125,1624941.5,2150750.0,1802753.0,1372153.625,1376140.875,1586830.0,1668471.25,1384026.5,1414458.0,2681432.0,2257300.25,1421668.625,1330574.0,2290093.75,2318621.75,1426453.5,1693979.75,1729073.125,1622628.875,2776609.5,2324595.5,2158845.0,2325302.25,2397908.75,2667922.75,3002664.5,2943215.75,1637599.125,2181635.5
101,1760714.625,1658566.875,1819809.375,1681152.0,1766237.75,1638137.125,1730623.625,1695845.75,1765924.625,1690129.375,1829867.25,2055193.125,1750994.5,1792844.0,2012063.75,1871912.375,1801552.125,1743370.75,2100439.25,1817336.5,1814789.375,1707355.25,1669352.25,1515811.875,1816337.25,1588030.875,1585764.875,1439034.875,2080024.5,1899501.375,1870870.125,1680823.625,1620463.625,1571145.25,1674362.75,1598319.0,1657123.25,1533709.875,1762900.375,1866803.625,1680449.375,1906224.625,1519357.0,1280573.625,1260967.0,1195394.0,1386085.0,1494008.5,1445646.375,1318640.75,1540352.25,1531742.875,1681923.25,1523755.0,1671382.75,1828910.0,1763860.25,1604668.25,1425185.5,1586586.125,1468372.875,1453471.0,1782084.0,1841821.125,1618816.125,1648330.625,1541929.0,1640277.625,1495373.375,1539721.5,1914518.0,1722946.625,1805694.25,1696863.875,1554904.125,1235016.5,1936652.75,1681997.875,1595974.125,1754848.0,1207940.75,1274738.75,1395944.75,1404581.25,1501538.875,1425645.25,1564576.25,1518227.25,1247116.625,1340284.625,1526866.0,1401089.125,1304725.625,1195427.25,1465241.375,1336969.75,1488933.125,1540234.25,1506700.75,1446109.375,1172600.0,1132166.875,1488931.375,1345415.125,1666997.5,1747548.5,1570636.625,1535276.625,1461944.25,1480773.5,1421334.75,1290144.125,1833848.75,1702941.875,1416145.375,1386451.125,1524307.75,1392086.375,1893101.75,1984005.125,2013514.25,1795290.375,1925161.625,1843845.5,1857220.875,1967742.125,1859684.875,1969725.875,2058933.25,2055249.75,1932915.25,1891869.0,1960256.125,2131367.5,1527992.125,1454018.875,1909212.25,1852892.375,2033194.5,2042452.25,1618110.125,1571106.25,1855766.5,1792869.625,1783682.0,1636629.125,1861279.75,1980332.75,1938385.125,1796764.375,2040961.75,1899288.125,1918182.5,2011234.25,1762726.25,1763571.625,1500766.625,1485840.375,1985292.0,1734427.625,1839470.0,1697590.375,1724561.75,1684344.625,1818308.875,1677013.5,1644197.0,1394310.75,2139194.25,2025023.75,1681880.375,1572657.125,1611447.375,1434478.375,1938933.75,1979101.375,1603192.0,1822938.75,1749534.5,1968057.125,1804958.625,1710905.125,1698613.375,1836590.5,1878573.125,1914662.75,1834737.25,2004707.5,1709002.125,1723990.875,2012985.5,2041634.5,1745927.25,1906275.5,1849798.625,1812059.625,2008915.125,2058727.5,1751690.875,1642934.375,1647249.625,1553874.25,1357305.25,1386108.5,1434942.5,1485568.625,1722431.625,1649894.5,1935769.125,2004935.0,1036619.8125,1067492.25,1234628.125,1195504.75,1343677.0,1249373.5,1892576.25,1625371.375,2148052.75,1799843.0,1372776.125,1376018.5,1586855.5,1667209.5,1384673.375,1413597.0,2681191.75,2259568.25,1422533.0,1331291.375,2295888.5,2317824.25,1427230.5,1699147.75,1729559.25,1622562.875,2776629.75,2326192.0,2158640.0,2324877.75,2394598.5,2666901.75,3002069.0,2940334.0,1641106.125,2181420.0
102,1766756.625,1660081.125,1819790.5,1682155.25,1773925.875,1644640.0,1724913.0,1696370.25,1764062.625,1690361.75,1830137.625,2061542.375,1756640.125,1801142.625,2008919.25,1872750.375,1802799.0,1744632.5,2104414.75,1826790.25,1813683.5,1708632.75,1671210.75,1518012.125,1812497.25,1590028.25,1587581.375,1438341.0,2080434.25,1898679.375,1871603.0,1683743.875,1619720.5,1575764.5,1675201.875,1595325.125,1659019.875,1531891.625,1761317.375,1865564.0,1680153.625,1908417.625,1519611.125,1277969.0,1259876.875,1192082.25,1385955.125,1496096.0,1445169.0,1317142.75,1542509.375,1530574.125,1679599.375,1524959.5,1668139.0,1825834.375,1762791.25,1605673.0,1420896.0,1580664.0,1467872.0,1453600.625,1780733.375,1840069.75,1618830.0,1648211.625,1540915.75,1639892.375,1497938.125,1543405.625,1915132.5,1723806.0,1805220.0,1698187.5,1554141.875,1238250.625,1937200.125,1679053.5,1597475.5,1753832.5,1210917.0,1275289.25,1398388.375,1406036.125,1512058.25,1428015.375,1562130.125,1517289.625,1249580.125,1341985.375,1528687.0,1401715.125,1307550.875,1195417.25,1470776.0,1338327.375,1498950.875,1542731.875,1510612.25,1446790.125,1175698.375,1134103.375,1491546.625,1346497.0,1665186.875,1750992.125,1571194.375,1534421.125,1464254.125,1477943.5,1422791.0,1290047.875,1834056.125,1702082.5,1415966.875,1386774.75,1526944.25,1388238.25,1892327.0,1980606.5,2009821.125,1793918.25,1926061.875,1845084.25,1850156.5,1962736.375,1858336.625,1969498.125,2057115.625,2052217.875,1926899.375,1889568.75,1957074.25,2129854.0,1531752.875,1456937.875,1907540.25,1850059.375,2030114.125,2040513.125,1617826.75,1571281.75,1858586.0,1797116.875,1783934.375,1634770.375,1859304.875,1982770.625,1935709.125,1795896.625,2040396.0,1898245.375,1919839.125,2012694.125,1760270.375,1764608.125,1498530.375,1485633.5,1980116.75,1733371.875,1835478.25,1697030.875,1726314.375,1684140.375,1817665.125,1675521.125,1645130.25,1393831.5,2138235.75,2027352.0,1682391.375,1572780.5,1611413.5,1434675.875,1941201.875,1980925.0,1604098.125,1825039.625,1749510.5,1966471.875,1806143.875,1712624.0,1697112.375,1833177.75,1879272.25,1916308.875,1836181.75,2006755.375,1705547.625,1725749.125,2010086.125,2040433.75,1746032.375,1902455.375,1847258.625,1813757.625,2007455.625,2060609.375,1752017.0,1642257.375,1649148.75,1554599.25,1363269.125,1388709.875,1436406.875,1484789.5,1718931.75,1647140.5,1936056.0,2003792.25,1037394.0,1065666.875,1236637.875,1194909.375,1345156.25,1248358.5,1892461.125,1625362.25,2147185.0,1798416.75,1371370.5,1374462.625,1587574.625,1665803.125,1383250.375,1411955.625,2680902.5,2261738.25,1422800.5,1329593.0,2294549.25,2313405.75,1423553.25,1696032.625,1728909.625,1622660.375,2776459.0,2321835.0,2157373.75,2325468.5,2391656.0,2666414.0,3001147.0,2937010.0,1638480.125,2179179.5
103,1770872.5,1662722.625,1821516.875,1681262.375,1780160.625,1650758.75,1721205.375,1696017.5,1763589.0,1692227.0,1830984.5,2064442.75,1759432.375,1805709.625,2010163.375,1875649.875,1806933.5,1743945.75,2107663.5,1831864.0,1814093.375,1706997.125,1674608.375,1520801.5,1810648.75,1588940.5,1592908.75,1441333.625,2084055.625,1897751.25,1871524.625,1682078.0,1620737.25,1574642.875,1674769.0,1591380.0,1659301.5,1530577.625,1763432.0,1862642.75,1682467.625,1910761.0,1521202.625,1278066.875,1261405.375,1191825.875,1383914.25,1492504.125,1447167.75,1317304.75,1545027.5,1530820.5,1681059.875,1523156.375,1667144.125,1821893.25,1761620.5,1605374.0,1417086.5,1575286.625,1469004.25,1454112.125,1780780.25,1837331.0,1618006.75,1647263.5,1538943.25,1639127.875,1497180.375,1543236.875,1913343.375,1721594.875,1806103.875,1695837.75,1555971.625,1235925.75,1939461.25,1679251.25,1601630.0,1753919.0,1212620.25,1276529.875,1399215.0,1405762.875,1515806.75,1430922.0,1565015.375,1517344.375,1250901.375,1342798.875,1526739.125,1400802.25,1309213.875,1194682.875,1472507.375,1339106.25,1502067.5,1543564.375,1512540.875,1446117.375,1175913.375,1133350.5,1493686.125,1345973.625,1662838.0,1751294.0,1570614.625,1534325.625,1466323.5,1476042.75,1421882.0,1290309.25,1835688.25,1699129.75,1416208.25,1385443.125,1531118.625,1384274.375,1893199.75,1975717.75,2012633.875,1793224.25,1928401.875,1843783.625,1847207.0,1959100.5,1857588.875,1969312.625,2054189.375,2049625.0,1926296.875,1887754.375,1955259.625,2127566.25,1533556.125,1459414.875,1906170.0,1848334.875,2029112.875,2038133.25,1618099.625,1570204.25,1858410.875,1798749.125,1784315.625,1632342.125,1857609.0,1983188.125,1933735.5,1796167.5,2041064.375,1898256.625,1919732.125,2014148.75,1761367.625,1764797.625,1497975.125,1488241.75,1978645.75,1732384.375,1834975.0,1696734.5,1725172.875,1682054.125,1816651.5,1672418.625,1646076.75,1392760.5,2134965.25,2018461.125,1682190.75,1570541.125,1610520.625,1433534.25,1941228.875,1982985.25,1604128.75,1827457.0,1753233.25,1971690.0,1807343.125,1713828.75,1697686.5,1833271.125,1879382.125,1916893.875,1838086.375,2010554.75,1704116.5,1725215.25,2007918.0,2038036.75,1743274.125,1899207.5,1845983.625,1811563.375,2006539.625,2060598.5,1753817.875,1641825.75,1648874.25,1555665.5,1368152.125,1392114.5,1436398.125,1483671.25,1720730.875,1647343.25,1938327.75,2002478.625,1039474.9375,1066606.625,1237010.125,1194769.375,1345520.625,1248990.75,1893537.875,1625161.625,2150654.75,1801662.875,1371300.125,1374108.625,1589226.25,1666854.25,1384438.125,1412995.125,2680233.25,2259972.75,1423061.125,1328906.625,2285592.25,2312157.0,1422346.25,1691124.875,1729599.0,1623725.125,2773544.0,2317829.75,2157331.5,2325574.75,2392820.25,2664870.0,3000633.0,2935862.75,1636154.125,2177861.75
104,1768832.5,1661712.625,1826766.875,1683147.625,1776007.125,1645696.5,1725943.375,1696806.25,1764163.75,1691866.875,1831065.375,2059027.25,1755174.5,1798340.875,2013972.25,1876197.625,1808561.5,1743932.5,2106966.75,1827205.375,1818580.25,1705569.125,1678632.75,1520233.0,1815032.125,1589216.125,1596381.0,1445486.5,2086206.125,1898402.0,1871861.25,1680255.875,1622106.75,1571411.25,1673606.75,1592104.875,1658307.25,1532287.0,1765060.0,1862732.25,1684924.0,1913107.625,1521393.875,1281583.5,1264608.5,1196338.25,1382998.625,1487263.875,1449564.25,1318939.5,1543378.25,1530599.5,1682952.25,1521164.875,1669093.375,1823300.375,1761937.125,1606214.875,1419238.875,1577928.875,1469725.875,1454242.875,1782204.25,1838083.25,1617560.75,1646889.5,1538298.0,1639243.0,1494895.5,1539635.0,1911541.75,1720799.625,1805950.875,1693502.375,1556015.125,1231739.75,1938138.625,1678532.75,1600428.75,1753612.5,1210425.375,1275585.75,1396814.875,1404305.25,1508828.25,1429650.25,1567030.5,1516324.875,1249071.625,1341060.25,1525822.375,1400395.125,1308013.625,1195337.625,1468066.125,1338119.625,1495236.5,1542002.25,1509935.875,1446561.0,1174216.375,1131431.75,1492980.75,1345505.0,1661833.0,1749224.125,1569597.875,1535030.25,1466422.625,1476491.0,1420801.625,1290165.25,1835626.875,1698440.875,1416152.125,1382513.5,1531688.625,1385670.375,1894918.625,1972191.375,2015269.5,1793384.375,1929415.375,1843248.5,1849779.875,1960064.0,1862294.25,1970119.25,2055055.5,2050725.125,1929678.375,1890232.125,1955652.125,2127762.25,1532106.0,1459855.5,1909878.5,1852919.75,2032020.375,2040477.75,1620864.0,1571771.25,1859247.875,1798574.375,1785957.0,1633823.375,1860378.5,1983467.125,1934938.75,1796477.625,2043023.375,1900097.875,1919266.0,2014296.25,1763057.5,1764504.125,1498937.375,1489772.25,1981301.375,1733377.125,1839067.375,1698720.25,1724314.375,1683459.25,1817452.25,1671280.0,1646060.25,1391844.0,2134729.75,2013830.625,1682493.375,1570025.5,1610389.125,1432750.625,1941563.875,1984954.25,1603550.375,1827005.25,1754186.875,1974500.125,1808394.0,1713760.125,1698487.25,1834384.125,1879105.625,1915718.375,1837981.875,2011326.375,1701682.0,1722003.5,2004734.375,2035349.375,1741407.375,1897143.0,1846562.25,1809104.625,2005173.75,2059141.75,1752708.0,1640286.875,1645707.75,1554512.875,1362416.5,1388797.0,1432669.875,1482843.75,1721756.5,1646473.0,1939027.125,2002574.25,1038793.125,1067444.25,1233849.125,1193642.5,1343110.875,1247725.125,1894010.0,1625225.125,2155412.75,1806387.375,1373792.375,1375240.25,1591187.875,1670132.875,1386886.5,1416072.625,2680468.5,2258315.25,1423896.75,1330036.25,2284702.25,2317602.5,1425427.875,1693105.625,1729236.875,1625033.0,2772847.5,2320747.0,2157058.5,2325554.25,2397602.0,2667602.75,3001621.25,2938596.0,1638558.875,2180304.25
105,1763868.125,1656107.375,1830540.125,1685013.125,1768632.125,1637067.625,1731983.0,1693997.75,1763351.125,1689494.75,1831099.125,2053014.25,1750110.125,1789251.0,2013975.5,1873120.75,1806969.0,1745568.375,2104131.0,1818612.125,1822123.25,1703924.625,1682723.25,1514285.875,1819873.875,1590249.75,1598737.625,1447492.875,2083557.625,1900567.5,1873596.375,1677581.0,1623111.625,1570245.5,1672978.75,1595024.375,1658452.5,1535097.75,1761668.5,1866785.875,1685167.0,1912834.125,1520895.5,1285432.5,1266273.875,1198439.0,1385609.875,1489782.875,1449883.25,1320291.0,1540389.0,1528599.25,1683186.25,1518742.875,1672549.875,1824394.125,1763337.625,1605228.125,1425954.75,1582017.75,1467702.375,1454314.375,1782408.25,1840291.625,1617614.875,1647025.25,1538571.875,1640767.0,1498906.625,1540442.75,1912697.25,1721272.0,1805560.5,1693697.875,1553588.375,1230482.0,1935097.625,1676793.625,1594338.75,1755049.375,1206043.25,1275631.875,1394211.625,1409506.5,1501229.875,1429997.75,1564582.75,1516809.25,1246583.375,1340691.875,1525609.125,1404767.25,1304502.375,1198123.5,1465146.625,1340740.0,1488117.75,1543140.875,1506778.375,1451218.125,1172511.625,1134470.5,1492276.375,1348468.75,1663571.0,1750402.625,1569199.5,1537856.125,1466208.875,1478778.875,1421720.125,1293640.5,1836264.625,1700868.25,1418168.5,1383574.625,1531407.25,1388143.5,1897661.375,1975851.5,2014254.0,1796035.375,1929300.375,1845480.875,1857069.375,1962067.875,1870057.375,1972960.625,2056663.625,2050394.25,1933213.25,1892005.875,1957454.125,2129600.25,1531375.75,1462319.875,1916891.625,1856847.5,2032987.25,2040619.5,1624309.625,1573464.375,1865273.75,1799061.375,1785746.375,1635475.875,1863854.875,1986807.0,1936571.375,1796756.375,2045017.375,1902974.25,1921578.125,2015674.125,1764362.375,1761397.375,1498698.625,1488764.5,1984149.0,1733040.375,1843013.375,1700678.375,1726437.75,1685946.875,1820184.875,1671291.875,1646905.5,1390796.375,2137185.75,2017919.375,1683718.75,1569751.5,1610666.125,1433568.25,1944294.875,1986371.375,1601723.375,1824518.5,1750478.625,1969940.5,1809032.0,1715092.75,1697716.125,1831849.5,1879421.125,1912687.375,1836013.25,2008622.5,1696344.0,1718708.25,2000735.25,2034590.25,1739327.0,1893405.375,1847629.625,1810163.875,2004932.0,2062831.5,1747075.625,1641508.5,1640680.75,1554800.625,1349927.25,1379824.875,1426532.5,1483581.625,1715767.5,1644920.75,1938430.0,2002538.25,1036635.6875,1067377.125,1232490.375,1192503.375,1342707.0,1246876.5,1895527.625,1625976.75,2154945.25,1805997.375,1374643.25,1376490.625,1591050.75,1673399.375,1386755.625,1416108.125,2681165.25,2259015.25,1423804.875,1330890.125,2290392.5,2321758.5,1427235.5,1696423.875,1727495.125,1625006.75,2774377.0,2324525.0,2155512.0,2327306.0,2398847.25,2671711.5,2999591.0,2941813.25,1640020.75,2183726.5
106,1759105.875,1652334.625,1827487.5,1682607.875,1765895.375,1637346.75,1729406.625,1689408.375,1759916.25,1686723.0,1830560.75,2053443.5,1750302.125,1791305.625,2011054.0,1870967.25,1806546.625,1747975.75,2103546.5,1817310.0,1820240.75,1702352.25,1683056.0,1510307.25,1818855.0,1588742.625,1599901.0,1446718.75,2080700.5,1903427.75,1874107.625,1674457.375,1623165.625,1570519.25,1672763.875,1594836.875,1658907.875,1534966.125,1757232.0,1870267.125,1683504.25,1910785.5,1522695.875,1283176.75,1265643.5,1194104.375,1388538.5,1498222.25,1448852.375,1321282.125,1541025.375,1527202.875,1681991.25,1516182.25,1673193.375,1821232.875,1761950.125,1599739.625,1426111.375,1581189.875,1465810.0,1454845.25,1780892.625,1840655.625,1616442.375,1646608.5,1536295.125,1639148.625,1505569.625,1546105.0,1915010.75,1720731.125,1806095.875,1696194.125,1553893.125,1231321.875,1934960.0,1678046.875,1591136.125,1756078.0,1204323.75,1278507.0,1395634.375,1418518.875,1501288.75,1435050.25,1561971.75,1518596.5,1246585.5,1342993.25,1522975.125,1408355.625,1303008.875,1200331.125,1468575.625,1345341.625,1486864.5,1547283.75,1507260.75,1456480.0,1172705.25,1139525.0,1493850.625,1353010.625,1665633.875,1752731.0,1568776.375,1538956.0,1466623.25,1480458.75,1419999.5,1294802.5,1836127.5,1700792.625,1419397.875,1387499.375,1530547.625,1391905.25,1897891.625,1981617.5,2014252.5,1797865.25,1931101.125,1846106.5,1860703.0,1960469.875,1871335.0,1973749.125,2054151.25,2046070.25,1933960.625,1888037.5,1957906.375,2129283.25,1532277.75,1467100.75,1919224.5,1854487.875,2028316.875,2035060.625,1625917.375,1572678.5,1870451.75,1800543.375,1783366.75,1633316.125,1863176.0,1989009.875,1935942.375,1795992.875,2045610.125,1905002.0,1924827.0,2019434.125,1764757.625,1757353.5,1498710.0,1488826.25,1982191.875,1729140.25,1839723.625,1698362.625,1727843.5,1686729.625,1821133.25,1671111.75,1648383.0,1391287.875,2137705.75,2021770.0,1684969.5,1570346.375,1611340.0,1434161.375,1945670.125,1986728.75,1600825.25,1824524.125,1748782.375,1966708.625,1809471.5,1718360.875,1697495.125,1830232.25,1878133.125,1910466.75,1834452.75,2006978.5,1694052.125,1717122.0,1999099.5,2035587.125,1735766.75,1890108.875,1848053.0,1812846.0,2006948.75,2069637.875,1742970.25,1643859.0,1636973.25,1557912.0,1344153.125,1374713.125,1424101.5,1484328.875,1710904.75,1646685.125,1937496.25,2001778.0,1036598.9375,1068487.625,1234557.875,1192960.875,1343611.625,1249056.25,1896161.0,1627103.25,2150916.75,1803230.875,1373536.0,1376622.375,1588510.875,1675305.375,1386148.5,1414197.125,2682269.0,2260543.25,1423086.0,1331360.25,2294345.0,2320048.75,1425528.125,1695880.75,1727289.875,1622922.875,2776578.0,2326346.5,2154540.0,2329129.75,2396134.75,2672270.0,2996451.0,2942426.5,1638143.875,2183779.25
107,1759833.625,1654885.375,1823218.75,1679975.125,1769494.75,1645926.125,1724789.375,1690693.0,1758665.75,1687061.75,1829934.25,2057102.5,1754235.125,1800360.5,2011555.0,1873057.25,1806564.625,1747286.875,2106728.25,1824088.5,1817598.75,1703232.875,1678136.75,1512004.0,1815000.125,1586819.375,1601530.0,1447483.75,2081203.875,1904593.25,1870426.125,1674272.5,1621731.0,1571004.875,1670624.5,1592901.125,1657288.625,1533399.375,1756136.375,1868614.5,1681621.625,1909115.75,1523847.5,1279566.75,1264037.0,1188308.75,1387825.0,1501810.125,1447450.75,1321514.0,1541192.125,1528808.25,1680329.125,1515776.0,1670091.75,1818812.75,1758889.625,1596287.5,1418993.375,1577818.875,1467559.0,1454691.875,1780241.75,1839083.375,1615908.375,1647152.75,1534093.25,1637951.625,1508451.625,1550144.5,1915486.625,1719236.125,1807604.125,1697812.0,1555816.5,1231798.0,1936875.75,1682683.5,1591885.125,1755270.5,1204849.125,1280214.125,1397252.375,1419951.625,1504912.875,1441593.125,1561721.875,1518116.5,1248265.375,1345052.25,1521799.0,1406565.75,1304613.0,1199825.375,1470667.125,1345335.25,1488749.125,1550074.375,1508825.375,1456566.125,1173649.875,1139410.125,1496184.0,1356361.625,1664780.25,1751378.875,1567537.5,1536286.25,1468334.875,1478580.25,1413669.125,1289198.875,1832353.125,1697375.5,1417128.375,1387221.125,1526646.25,1401125.25,1896307.375,1981416.0,2014086.625,1796915.25,1932535.25,1845437.875,1854704.5,1955673.875,1867107.375,1971148.25,2051053.25,2042653.0,1931768.25,1883524.625,1955058.875,2127775.5,1532415.25,1470185.875,1914970.875,1852082.5,2024409.75,2031489.375,1625247.375,1572181.0,1868731.5,1802871.625,1782383.25,1630396.0,1862421.875,1988631.625,1934973.125,1795686.125,2045619.375,1904657.75,1926171.0,2022511.125,1763425.625,1756667.25,1500267.125,1489801.125,1977806.25,1725791.5,1833919.75,1694879.75,1727526.375,1686776.5,1819374.875,1671223.0,1647803.75,1393289.0,2137717.0,2022601.75,1685845.125,1571854.625,1613089.5,1433603.375,1944406.875,1985916.125,1603115.25,1827665.125,1751478.875,1968960.5,1809717.5,1718932.75,1700751.75,1834342.75,1877242.625,1912238.875,1833537.25,2007808.625,1694374.875,1716084.625,1999931.625,2036239.25,1737234.125,1892175.125,1847564.25,1812636.75,2007955.25,2070899.5,1743822.25,1643491.875,1637582.375,1559565.75,1350079.125,1377784.25,1426251.375,1483893.0,1713258.5,1651459.75,1937110.875,2003970.5,1037711.8125,1070154.125,1236241.5,1194113.125,1342605.0,1250305.875,1893274.25,1626416.25,2147868.0,1802613.875,1372869.375,1375859.875,1585811.875,1673764.125,1386785.25,1413770.625,2683100.25,2261719.5,1423260.625,1331855.875,2294648.5,2315497.25,1422672.625,1694977.625,1728418.75,1621293.25,2777556.25,2326762.25,2154889.75,2328169.0,2394096.25,2670452.75,2997476.25,2940915.75,1635027.125,2180666.25
108,1764220.125,1657993.25,1823133.0,1680739.625,1774191.375,1648835.5,1726934.75,1694755.0,1763282.125,1690832.0,1831768.875,2059554.0,1757304.375,1803174.125,2015425.125,1876922.375,1805417.625,1744410.75,2108329.0,1825852.0,1818447.5,1705031.5,1674612.25,1513294.375,1813795.375,1586598.375,1603040.0,1448873.25,2082989.375,1902339.875,1867321.25,1675351.75,1621269.375,1572410.0,1666523.875,1593256.5,1655625.25,1533755.875,1757739.125,1865124.625,1680518.75,1907179.75,1521012.0,1281325.375,1260875.625,1184053.0,1383439.375,1495156.25,1445307.5,1318702.75,1536198.0,1533309.5,1681209.75,1516794.125,1669382.0,1819874.625,1760397.25,1599624.875,1418781.0,1579034.625,1470282.0,1454127.5,1780303.875,1837897.0,1618280.0,1649990.125,1537683.375,1643253.875,1506947.875,1550057.0,1914103.5,1718322.0,1808913.25,1696609.75,1554076.5,1231519.25,1936614.75,1685983.375,1594623.75,1755584.625,1204261.375,1278861.625,1393821.0,1413609.375,1503728.375,1444380.125,1563750.25,1516952.5,1249030.25,1344037.25,1522808.0,1405389.125,1305381.875,1197622.125,1466359.375,1342318.0,1488451.0,1550199.375,1507430.375,1453087.0,1172544.375,1136874.75,1496261.5,1356378.625,1662862.625,1748948.125,1566779.375,1534659.0,1470942.5,1475875.125,1410995.125,1286797.125,1829504.625,1696283.625,1416092.875,1383946.375,1526271.25,1407970.375,1895994.0,1976209.375,2010048.625,1796709.375,1929105.875,1845686.0,1849548.375,1955192.25,1862269.875,1970767.0,2052329.375,2044714.875,1931684.125,1886062.0,1953704.375,2128827.75,1530301.125,1468440.25,1911055.5,1855182.125,2027131.875,2035489.75,1624110.125,1573930.875,1861906.375,1804270.375,1783568.625,1631436.5,1862272.0,1987530.5,1935279.375,1798081.125,2045921.0,1902488.5,1926166.125,2022578.5,1763767.125,1758506.0,1500395.5,1489360.625,1979765.75,1728188.125,1836148.75,1696279.625,1727840.0,1684814.75,1817732.875,1671100.0,1645449.75,1392854.875,2140550.25,2021833.125,1685057.25,1569926.125,1613339.375,1432877.5,1944422.125,1986948.0,1604514.875,1829612.625,1753614.125,1972333.375,1809178.0,1715965.375,1704314.125,1837670.375,1881998.875,1917632.375,1832752.25,2008527.875,1694297.0,1716573.375,2003172.5,2036677.625,1747180.375,1899125.5,1846903.875,1809616.625,2005192.125,2065582.0,1747100.0,1643199.75,1640370.0,1558208.75,1360110.75,1384522.625,1427797.0,1484721.625,1718444.5,1652058.875,1937264.875,2007773.75,1037812.875,1069220.5,1237080.125,1193860.125,1342995.25,1248015.75,1892034.0,1624908.0,2145183.5,1800909.375,1371735.125,1374985.375,1585137.625,1669597.5,1386336.25,1412605.125,2680322.25,2260232.5,1424239.5,1331281.5,2292588.75,2311054.0,1421706.375,1693921.375,1730077.125,1623750.875,2776212.25,2322758.25,2156170.5,2328172.5,2394990.5,2669741.75,2997994.0,2936571.25,1632535.875,2179544.25
109,1763174.125,1655358.625,1824591.5,1684313.375,1775390.0,1645545.125,1731136.0,1695954.625,1767832.375,1692408.125,1834171.125,2061222.125,1756912.875,1797902.25,2015794.875,1877847.25,1806541.25,1745540.0,2104307.75,1821168.125,1819039.5,1703250.25,1676817.375,1513298.5,1816085.375,1588961.5,1596772.375,1445377.0,2084072.75,1898679.375,1871456.0,1674848.625,1624017.875,1573888.0,1668255.0,1593137.625,1657807.0,1534760.875,1761575.5,1865371.375,1679555.625,1905019.75,1518390.875,1282827.875,1257975.625,1182204.0,1379993.0,1488419.25,1443923.75,1314778.875,1533578.875,1536332.625,1684527.875,1518793.0,1672918.625,1824445.5,1765538.375,1606130.25,1425347.5,1585006.125,1471882.125,1454910.5,1781164.875,1838366.625,1620092.75,1651922.25,1543167.5,1648282.75,1496349.25,1544360.625,1915773.5,1720333.125,1809709.0,1696365.0,1553299.75,1234214.25,1931312.0,1682812.0,1599641.875,1757009.375,1206104.0,1277304.25,1388878.75,1407290.375,1504239.25,1439684.875,1567419.5,1518787.5,1248810.25,1341982.5,1523972.5,1406981.25,1303259.125,1194178.625,1464439.125,1340980.875,1490250.5,1549532.625,1508053.25,1452336.0,1171952.375,1135933.125,1493018.875,1350602.0,1662137.25,1750468.125,1567843.125,1534995.625,1468860.75,1476589.375,1415151.625,1290494.125,1831896.75,1698564.125,1415064.375,1381024.5,1529160.75,1396819.125,1895013.625,1972350.5,2008038.0,1798167.75,1926425.75,1843725.75,1850616.0,1961431.25,1857793.375,1974506.875,2056726.125,2051541.5,1934044.125,1892794.625,1956952.875,2131287.5,1528391.75,1464030.875,1912864.125,1857686.875,2034314.5,2042626.125,1624366.5,1575137.0,1856897.375,1801702.25,1787495.125,1636128.125,1856467.125,1985965.125,1933446.75,1798928.5,2044421.75,1900382.875,1924411.5,2019315.5,1766726.0,1760832.0,1500896.5,1488811.875,1986425.875,1733208.125,1842364.0,1700253.5,1728567.875,1681798.375,1816614.0,1670139.875,1644113.5,1390926.375,2139657.5,2020601.75,1682772.125,1567739.125,1611853.75,1433589.5,1944694.0,1987764.375,1603554.875,1828794.125,1751637.625,1972360.5,1807649.125,1713782.0,1703652.125,1835927.75,1886015.25,1920412.5,1832377.625,2007113.0,1699149.0,1720278.5,2007890.125,2038322.5,1754695.25,1903433.625,1845783.375,1808493.0,2002403.0,2059811.625,1751562.625,1644816.5,1644292.25,1556840.125,1363866.125,1387802.75,1429237.625,1487427.25,1721217.375,1648177.5,1937334.875,2008729.125,1038513.8125,1067503.75,1238075.5,1194299.25,1345434.5,1247317.125,1895775.125,1626827.375,2143178.75,1797673.5,1371305.0,1374459.0,1586121.125,1667827.875,1384887.625,1410659.375,2676477.25,2255964.25,1424868.375,1330147.875,2290874.25,2308377.0,1423691.5,1692853.875,1731981.25,1627014.0,2775341.25,2317233.0,2157737.75,2328727.0,2396416.5,2667888.25,2995326.75,2930503.25,1633670.125,2180836.25
110,1756756.5,1649586.75,1823777.375,1684911.5,1771559.125,1642856.25,1729851.625,1693491.625,1763360.125,1688976.625,1832360.25,2060088.125,1754497.625,1794677.875,2010842.75,1874248.0,1808928.875,1746789.0,2099444.75,1820079.375,1818173.875,1699789.0,1678278.75,1513531.25,1818139.75,1591022.75,1584917.25,1439813.5,2084692.0,1897009.0,1878731.25,1674923.75,1627242.0,1573046.0,1677008.125,1591664.125,1661001.5,1534989.25,1765862.5,1867000.25,1680166.75,1905010.5,1518623.875,1279810.375,1259500.125,1187611.375,1380740.875,1489294.0,1444185.25,1315094.25,1537459.125,1532825.125,1685312.25,1522487.625,1673510.625,1829724.625,1765930.375,1609111.125,1424368.125,1586697.25,1473756.5,1456566.875,1783623.375,1839310.5,1619500.375,1650859.0,1541891.125,1644480.75,1483455.0,1534722.5,1921907.25,1724995.625,1810204.625,1699577.625,1559564.5,1241561.375,1928319.5,1677719.875,1602873.25,1761412.125,1211231.625,1276313.75,1389399.625,1403952.375,1511271.75,1430994.875,1569223.75,1521641.25,1248716.75,1342021.875,1528222.0,1407065.75,1301452.25,1190463.125,1467614.25,1339376.625,1496777.125,1547780.25,1512690.625,1452903.0,1174136.5,1132823.25,1489869.25,1343430.875,1661872.375,1751805.125,1569662.0,1534918.375,1462137.5,1478321.875,1418970.875,1292609.5,1836030.125,1702599.75,1412111.875,1378101.875,1524808.75,1376307.125,1894430.375,1974183.75,2011530.625,1798680.375,1928982.125,1842834.5,1853719.125,1968163.125,1859940.25,1976058.625,2060989.625,2058298.5,1933721.125,1894980.25,1959698.625,2131314.0,1529460.125,1460201.5,1918430.75,1853326.875,2040598.5,2045163.875,1625780.75,1574240.375,1858614.25,1796795.875,1792664.625,1639640.25,1853814.125,1985273.625,1933488.75,1798229.875,2042409.5,1900441.75,1921088.125,2014790.75,1766738.75,1763693.125,1504487.25,1491567.625,1987502.75,1734154.125,1842039.25,1700671.625,1728689.875,1682562.75,1814984.125,1670435.25,1644267.25,1392595.625,2134300.25,2021506.0,1683445.5,1570451.0,1611238.625,1435308.5,1942126.0,1983857.125,1603323.0,1827488.0,1747933.875,1968161.625,1805784.5,1713393.625,1700811.625,1834092.875,1881561.75,1917905.25,1833559.0,2005409.0,1709553.75,1723415.125,2008937.75,2039375.0,1751417.375,1901036.125,1844520.25,1809103.5,2003084.75,2057377.125,1753776.625,1644335.75,1648044.75,1555707.375,1359592.25,1384912.25,1433522.5,1488255.0,1718195.5,1646774.5,1937398.5,2006987.625,1038525.625,1068221.75,1235459.25,1195452.375,1345536.625,1250874.0,1898536.375,1630186.75,2144117.25,1797841.375,1372491.625,1373252.875,1585931.625,1668178.875,1383507.25,1410602.5,2677609.25,2254022.5,1423446.375,1328938.375,2287047.75,2308948.75,1425795.625,1693086.875,1731621.375,1624977.125,2771239.25,2316206.5,2158615.75,2323300.25,2394993.0,2661998.0,2994481.0,2927127.25,1637016.375,2179450.75
111,1753881.375,1648716.875,1821793.125,1679449.375,1762671.5,1636478.0,1724631.75,1689234.875,1754131.0,1683530.0,1829388.75,2055387.125,1752084.0,1795664.375,2005812.5,1869027.0,1807370.25,1742237.5,2097838.0,1819466.25,1818816.875,1699997.0,1675859.125,1510088.5,1816669.0,1587981.25,1580393.75,1438145.625,2084701.0,1897696.0,1881270.875,1677895.25,1628308.875,1570888.375,1680169.375,1592876.5,1660542.25,1535055.25,1767299.125,1868138.5,1682777.375,1909342.5,1519589.875,1279228.625,1263990.625,1198590.5,1383705.25,1489316.125,1444284.75,1319455.125,1539721.875,1528440.25,1681995.125,1523131.875,1669361.625,1828497.625,1760448.0,1605000.25,1418403.75,1581654.75,1473323.625,1456633.875,1783597.0,1839703.25,1619195.25,1648974.125,1535470.875,1636488.25,1490339.875,1534251.25,1924132.5,1727159.0,1810199.25,1702241.875,1564541.0,1246201.125,1937360.25,1681201.75,1600832.125,1769059.875,1211201.0,1276505.375,1395109.75,1406296.5,1511706.375,1425736.25,1566831.375,1522707.5,1247262.875,1342809.25,1531601.25,1405869.75,1303462.875,1191053.875,1468247.75,1336999.375,1496518.25,1544085.75,1511956.875,1451236.125,1174936.375,1129389.0,1490115.875,1343044.0,1660960.25,1747612.5,1570107.375,1535857.375,1462095.25,1478837.5,1421199.375,1294612.875,1839194.0,1708446.875,1415674.0,1380662.375,1522451.375,1373288.5,1898611.25,1984178.0,2013872.25,1797504.25,1930106.125,1845708.75,1860223.5,1970815.125,1871188.625,1972277.125,2061712.625,2059504.5,1931664.5,1891530.25,1958991.125,2128616.5,1531393.0,1457393.625,1923680.25,1847715.625,2041075.5,2041862.25,1626982.375,1573108.25,1863843.25,1794383.75,1791974.375,1637819.875,1865118.625,1985512.125,1940637.5,1801690.875,2043020.0,1902067.25,1919391.125,2012324.0,1762990.0,1764006.5,1504773.5,1494538.625,1982872.0,1730937.125,1837515.75,1697857.625,1728474.375,1685776.125,1816340.75,1672429.375,1645628.25,1394975.25,2137088.75,2024961.75,1687397.0,1572998.625,1611622.875,1434980.875,1940896.0,1980230.375,1603571.5,1828048.25,1746813.375,1966442.375,1804636.5,1712425.625,1699430.625,1834096.625,1875900.0,1914658.5,1837255.5,2007564.0,1711265.0,1720572.125,2003507.75,2036328.75,1738700.625,1893644.0,1844807.125,1808191.375,2004129.5,2057933.0,1747669.25,1641031.625,1644845.125,1553262.875,1351506.5,1378795.75,1434160.0,1484909.25,1711232.25,1648029.125,1936942.625,2005085.625,1037343.625,1068926.125,1231570.0,1194343.0,1345219.0,1254147.5,1898579.125,1629888.375,2148301.25,1800433.75,1372429.25,1371491.625,1584023.125,1665329.5,1382287.25,1411367.875,2683454.5,2257820.5,1421062.375,1327341.125,2282299.75,2312996.25,1425215.75,1691564.25,1729430.625,1620226.0,2767774.0,2321035.75,2159002.75,2318689.0,2393210.5,2659539.0,2999556.0,2930852.0,1636253.125,2177278.25
112,1759845.625,1656066.375,1825528.125,1677998.375,1759340.875,1630673.125,1726768.375,1689703.75,1756597.5,1684899.0,1832970.125,2054447.75,1749933.5,1793047.375,2005912.875,1866153.125,1806805.375,1739948.125,2098057.25,1813448.625,1822092.125,1702236.625,1678793.5,1505493.0,1817379.875,1585416.0,1586872.125,1441975.25,2086202.75,1898883.625,1883189.5,1681708.625,1629883.125,1568988.0,1677078.125,1595079.5,1659500.75,1534809.875,1768403.0,1870737.625,1683756.125,1915358.125,1520592.0,1286104.875,1267747.5,1206688.0,1386911.25,1486369.625,1446642.75,1323486.75,1540497.625,1531825.125,1680453.75,1519010.5,1669272.5,1823806.875,1758579.75,1600871.25,1420064.875,1578375.75,1469230.75,1455148.625,1781818.5,1840389.75,1619242.75,1647968.75,1534032.625,1636963.375,1506897.75,1543056.75,1919120.5,1724135.5,1809711.375,1700283.25,1558524.25,1242210.875,1945506.75,1687354.0,1594783.375,1769431.625,1204812.625,1277663.625,1396924.125,1411495.75,1500300.5,1424674.25,1562507.125,1521953.5,1243779.875,1341755.5,1527610.75,1404610.75,1306146.25,1195481.75,1466088.875,1337412.25,1484828.75,1539407.375,1505561.875,1449409.5,1173116.25,1131403.625,1491440.125,1346815.25,1658782.75,1743806.5,1568755.375,1537566.75,1469170.5,1480257.875,1423450.75,1295479.375,1840835.875,1709376.5,1422734.125,1388311.625,1531731.75,1386704.5,1901699.375,1989040.0,2011361.625,1795748.25,1927229.25,1844816.5,1866885.25,1970201.875,1881044.5,1969389.875,2060132.25,2056102.75,1933017.125,1889144.75,1959477.0,2127105.75,1532116.875,1457075.375,1927971.125,1849137.875,2039824.75,2040633.25,1627651.125,1572123.75,1866047.5,1794489.625,1787249.125,1633875.875,1871739.25,1984439.125,1944664.875,1804576.375,2043275.0,1902691.125,1919779.0,2011121.5,1762503.25,1761233.0,1500181.5,1490607.0,1982744.75,1729640.125,1837919.375,1696870.875,1728526.0,1685964.5,1822517.125,1673859.75,1647508.625,1393130.875,2146355.5,2027238.0,1688768.125,1571209.625,1611955.0,1432517.0,1943637.25,1981581.625,1604041.875,1829514.125,1749440.125,1971373.875,1805025.625,1710013.125,1699782.75,1835406.375,1877028.875,1914152.875,1841152.0,2012752.75,1695919.875,1714688.25,1997351.0,2031455.25,1727856.25,1885886.375,1845473.5,1806734.5,2002850.875,2059127.625,1738698.0,1638889.125,1636596.875,1550399.125,1344026.0,1374979.5,1425575.125,1480410.25,1705613.25,1647082.0,1936986.25,2006075.0,1038001.6875,1067324.875,1233943.625,1193530.25,1346761.375,1251666.5,1898916.5,1626239.0,2154571.5,1803964.0,1371969.375,1372394.25,1585769.125,1664522.875,1383937.125,1413809.5,2687776.25,2261938.5,1421625.0,1327969.875,2283148.0,2316639.0,1424822.625,1690928.0,1728690.875,1620411.25,2774366.25,2324559.75,2158343.5,2323362.75,2393884.75,2664296.25,3006905.75,2939479.5,1633710.125,2180336.0
113,1768465.375,1661858.625,1833448.75,1683303.875,1767401.375,1633884.125,1738548.0,1693474.25,1770621.0,1695087.5,1839890.625,2059847.75,1750200.375,1788343.625,2010045.25,1866381.375,1811531.875,1743904.625,2099011.75,1809789.875,1825914.625,1704066.125,1687202.0,1505268.375,1823520.25,1588372.875,1593089.5,1447004.875,2089763.0,1901306.375,1888166.25,1685652.25,1631127.125,1568971.625,1676254.625,1597002.5,1660440.875,1535213.875,1770096.25,1874618.5,1683112.125,1918637.0,1520758.625,1292013.125,1270327.5,1209577.625,1388795.0,1485894.25,1452722.75,1324433.5,1543338.875,1538809.5,1684218.0,1517975.0,1675530.125,1823678.0,1763640.0,1603537.625,1426177.375,1581115.5,1466550.375,1455454.75,1784263.5,1843068.625,1618858.0,1648869.625,1540629.75,1648246.875,1505648.0,1545779.125,1914149.875,1720595.625,1807993.375,1695940.0,1548356.125,1237093.75,1938993.25,1682986.75,1590057.375,1760753.5,1200928.0,1277301.625,1392199.5,1411853.625,1490876.625,1423842.0,1560710.75,1520929.625,1241239.0,1339708.75,1521875.0,1402257.75,1304577.875,1197883.125,1464906.75,1340177.25,1474858.125,1535690.5,1502847.875,1449056.375,1172753.25,1135680.625,1490808.125,1347003.0,1656838.125,1746427.5,1567031.75,1537026.75,1471990.25,1481578.625,1422896.0,1290225.5,1838236.375,1700873.375,1422464.875,1390203.625,1538125.75,1395918.375,1897779.75,1976433.5,2006806.625,1795728.375,1923299.875,1841710.75,1866510.75,1969221.625,1880727.625,1970677.0,2062193.25,2054294.0,1937025.625,1891100.625,1963470.875,2129575.0,1533068.75,1458495.625,1929095.875,1855613.125,2043801.25,2045548.0,1627477.125,1571604.125,1863826.625,1794176.625,1787781.75,1634633.125,1857639.25,1980773.125,1938917.0,1800861.5,2040172.125,1901245.375,1919120.125,2009550.625,1766513.0,1760862.875,1497796.125,1484115.0,1989515.625,1732491.125,1842159.625,1699172.25,1729079.625,1683724.5,1826779.375,1674514.75,1647341.625,1391644.375,2147861.75,2025438.25,1685975.375,1569345.5,1611284.375,1432032.0,1945043.875,1984000.0,1605779.5,1829958.25,1753703.25,1976405.5,1806589.625,1707446.75,1702215.0,1839580.0,1882487.875,1917092.125,1842164.5,2017023.25,1678045.125,1713533.125,1997554.0,2031344.625,1731698.25,1885988.75,1844412.625,1807408.5,2002064.125,2059092.0,1738808.625,1639730.75,1634725.25,1549294.875,1342907.25,1376702.0,1416072.5,1478942.0,1705160.5,1643105.0,1939520.5,2008529.875,1038382.5,1066254.75,1238337.5,1195254.125,1346166.25,1245620.625,1897793.0,1622707.125,2159576.75,1808795.375,1371862.0,1375183.75,1592016.625,1670679.625,1387038.125,1418527.375,2685171.5,2261062.25,1424615.875,1330942.125,2288671.0,2315590.0,1425699.5,1694243.625,1727882.125,1625214.0,2782671.0,2319805.5,2154813.0,2329090.75,2394575.0,2669610.75,3008374.25,2944710.0,1634277.625,2184766.0
114,1771367.625,1659066.625,1833558.625,1683937.5,1775178.625,1641401.375,1744763.75,1692729.125,1776812.875,1700268.25,1840221.0,2063975.125,1753724.0,1789344.25,2010741.375,1866966.625,1813064.0,1746276.0,2099243.25,1813571.375,1823942.0,1705524.625,1687390.625,1507824.0,1825294.125,1590166.625,1591291.25,1445743.75,2089456.125,1904381.125,1887908.75,1688396.5,1627488.5,1572845.125,1676308.75,1601057.875,1660805.125,1536431.25,1768220.0,1876260.625,1683191.0,1918341.0,1519997.125,1289401.5,1270397.625,1207999.5,1387902.875,1485927.25,1455297.125,1322517.375,1544370.0,1540781.375,1687631.25,1522526.25,1678712.125,1825006.875,1767004.875,1607446.875,1426905.625,1583435.125,1467518.25,1457563.0,1786876.125,1845782.875,1619619.875,1651724.75,1547966.75,1658390.5,1496149.375,1543138.5,1913724.75,1721331.125,1806192.75,1695149.875,1547966.0,1239019.375,1933113.75,1675547.25,1593995.75,1756657.5,1203872.75,1277559.0,1390478.25,1408988.875,1496761.125,1424419.75,1563656.625,1522105.5,1242025.25,1339520.875,1520832.25,1400238.125,1302076.625,1196517.25,1465033.25,1341709.25,1479009.0,1536676.0,1505175.25,1450347.625,1173904.0,1136507.75,1489362.875,1344209.625,1657651.125,1750948.625,1566625.25,1534998.0,1469750.25,1480784.875,1420677.0,1287066.75,1834103.25,1694166.125,1419164.0,1386295.375,1536648.25,1394722.25,1893179.0,1967065.125,2005776.0,1797926.375,1921711.625,1843718.625,1862354.125,1969320.875,1873572.875,1971861.0,2066567.875,2056377.875,1938188.375,1893694.625,1966744.0,2133645.5,1534298.875,1458252.5,1923865.125,1858596.875,2045921.625,2048445.0,1624859.125,1572159.625,1861234.25,1794410.25,1790573.0,1638095.75,1843548.25,1977335.25,1933042.125,1796882.875,2036609.75,1897221.25,1917469.0,2009446.125,1768070.875,1764102.5,1498096.5,1483730.375,1993255.875,1735148.625,1842299.375,1700640.875,1728232.875,1682558.125,1824450.125,1674888.875,1646381.875,1393860.625,2142610.25,2021459.375,1682624.125,1570731.75,1610213.625,1434513.875,1943279.25,1983995.0,1606807.875,1829790.625,1755454.0,1975650.125,1806529.0,1706440.0,1705005.25,1841618.375,1885961.0,1920246.875,1841353.0,2017139.25,1675788.5,1716853.625,2001713.125,2035553.375,1739635.125,1894962.25,1842672.0,1809445.5,2003239.875,2057181.0,1747818.125,1643413.125,1641899.75,1552093.5,1349163.5,1381689.25,1416609.0,1480857.75,1711840.625,1641144.625,1942368.875,2007506.625,1037908.75,1068257.375,1238709.875,1197619.375,1344301.0,1245120.75,1895295.0,1622404.0,2159368.75,1809118.5,1370149.25,1375266.625,1594560.25,1673939.125,1386475.25,1419870.625,2679590.5,2259042.25,1425518.25,1331872.375,2292463.5,2313112.75,1424343.375,1694164.0,1726575.0,1627592.375,2784783.25,2315199.75,2151954.0,2328989.75,2394758.25,2671922.75,3006077.0,2944274.5,1633906.5,2183338.25
115,1770176.875,1655928.25,1825933.75,1678375.5,1775947.75,1646775.125,1738940.75,1688807.25,1770594.25,1695126.875,1835314.125,2062967.375,1756520.0,1794292.25,2008709.75,1867430.625,1809419.125,1744900.375,2099129.0,1817410.125,1816572.0,1702965.125,1679285.375,1508623.25,1819980.625,1586070.125,1589072.5,1439655.25,2084858.25,1903158.625,1879339.0,1682984.375,1622556.875,1575328.375,1676616.75,1601920.875,1660148.625,1536458.75,1765447.625,1871890.75,1683443.0,1915665.5,1521028.875,1283918.25,1266986.5,1202416.0,1385813.0,1486574.75,1451996.0,1320986.0,1544268.5,1537351.875,1687313.5,1524858.375,1675940.25,1824089.5,1765411.0,1607111.75,1424513.0,1581213.25,1469175.0,1457305.0,1784858.375,1843668.25,1620955.875,1652778.875,1548619.125,1658004.0,1496170.0,1543329.125,1915567.875,1723010.875,1806420.25,1697041.75,1555710.875,1241027.625,1937504.75,1676693.25,1599666.75,1760335.375,1207486.375,1279973.0,1394024.375,1408503.625,1508603.0,1430439.5,1566128.125,1523443.75,1244201.25,1341040.75,1521432.875,1401041.375,1303306.125,1195809.75,1466417.125,1341715.375,1489109.75,1542903.75,1507524.625,1451879.125,1173289.0,1134720.625,1489332.125,1343305.625,1660867.0,1751698.25,1567659.75,1535034.75,1468293.125,1479883.75,1419203.625,1290468.625,1834070.75,1696490.5,1417413.875,1384016.125,1536000.75,1388858.5,1893005.375,1973724.625,2010027.125,1799121.625,1927019.875,1846829.625,1860648.0,1968693.25,1865215.125,1973157.25,2065782.875,2057260.25,1936641.875,1893690.5,1966769.125,2135042.25,1532405.125,1458400.875,1914881.875,1855595.125,2039310.125,2043449.125,1620932.125,1571799.5,1860364.5,1797768.875,1788448.125,1637507.375,1846746.125,1978874.5,1933319.125,1797909.5,2036385.625,1893093.75,1918175.875,2011682.5,1766716.375,1766199.375,1498612.625,1486207.875,1990318.25,1735285.0,1840049.375,1698983.375,1725969.5,1682819.5,1820355.75,1674500.75,1647475.875,1394904.625,2139883.5,2018868.875,1682481.125,1571598.5,1610867.5,1435338.375,1941971.875,1982165.625,1605578.375,1828415.625,1753861.375,1971081.125,1804084.625,1707535.625,1703053.625,1835820.375,1885198.0,1919453.625,1840388.5,2013381.75,1686790.0,1718601.5,2003989.875,2037957.75,1738723.0,1902709.125,1843413.0,1809445.125,2004123.5,2054179.5,1756698.375,1649114.125,1648713.875,1557909.5,1354616.125,1386527.625,1424497.875,1484803.75,1721705.625,1645305.5,1942342.625,2004210.875,1039488.9375,1070092.75,1238572.875,1198520.75,1345361.875,1249085.125,1895062.375,1624198.875,2154645.0,1804884.25,1369054.625,1373141.375,1591723.625,1671995.75,1384370.875,1416268.875,2679185.0,2259776.25,1423680.75,1330317.125,2289652.75,2313461.75,1422499.25,1689178.125,1727957.0,1625367.25,2782073.75,2317538.0,2154320.75,2326719.5,2395723.75,2670122.5,3005736.5,2941706.75,1632094.75,2179423.25
116,1768419.375,1657789.25,1820938.375,1676103.0,1775616.125,1649211.5,1729705.25,1687546.5,1764867.625,1690258.375,1831891.375,2060684.625,1757165.125,1799548.25,2011588.875,1872065.125,1806547.625,1743526.5,2102067.0,1820530.0,1813262.375,1700239.75,1673467.0,1509587.5,1815286.375,1582114.875,1590509.5,1438436.625,2082737.375,1898750.0,1869458.5,1674230.0,1621813.25,1573182.75,1678174.125,1596947.5,1658868.5,1535177.125,1766198.75,1865108.25,1684555.25,1914412.25,1523189.0,1281372.5,1263601.375,1197535.125,1384157.625,1489453.5,1449770.75,1321184.0,1544461.625,1533172.125,1685829.375,1523240.5,1672097.375,1823262.75,1764364.125,1605863.75,1423475.125,1579004.625,1469426.875,1454616.375,1783342.625,1839407.75,1620888.75,1650612.75,1544077.75,1649118.0,1498124.25,1543545.5,1915534.375,1721117.375,1805964.375,1695761.25,1558936.875,1235665.625,1940062.0,1680222.5,1596846.5,1759469.0,1206925.125,1278936.0,1395944.375,1408761.875,1509493.125,1436808.875,1564390.25,1519926.0,1245190.875,1340402.625,1522175.625,1402788.125,1305882.375,1197061.875,1467810.25,1340364.25,1491690.25,1546692.125,1507435.5,1449779.375,1171375.75,1132822.5,1490208.625,1344606.125,1663925.75,1749741.0,1568697.375,1535987.625,1467393.375,1478961.75,1418288.25,1291915.625,1835064.5,1699944.75,1414587.75,1383872.75,1533567.75,1387694.75,1893987.25,1978714.875,2013683.5,1797284.75,1932807.875,1846946.0,1856994.75,1965040.5,1855706.625,1975145.625,2059744.375,2053739.25,1933723.0,1891996.375,1963068.0,2133092.0,1528361.25,1460463.125,1907402.75,1852497.125,2031375.25,2037996.625,1619548.75,1570919.625,1859472.75,1801729.5,1784981.875,1634542.75,1852776.875,1980994.0,1935630.625,1799175.375,2039093.75,1893463.375,1920660.5,2014403.625,1766157.0,1765791.0,1500053.625,1485952.625,1986149.875,1734958.25,1839385.75,1697368.75,1725173.0,1684047.75,1818904.875,1674318.125,1647445.25,1393349.0,2138684.25,2019189.375,1684399.75,1569620.75,1611689.75,1433407.125,1941756.25,1981880.625,1603968.5,1826752.375,1753113.5,1968609.0,1803799.125,1710512.75,1698893.25,1830598.875,1884734.0,1918209.375,1839384.75,2012365.125,1696238.875,1718124.75,2004703.875,2037783.5,1739527.875,1903467.625,1847665.5,1808088.625,2004474.5,2053798.75,1759985.625,1650823.5,1648703.625,1560526.0,1356983.625,1389521.125,1430491.25,1487353.25,1726274.625,1650562.5,1939442.875,2002407.25,1039912.6875,1069062.625,1237459.375,1196680.875,1345778.125,1249451.625,1895460.5,1624385.625,2151354.25,1803729.125,1370017.625,1372330.75,1589565.125,1672972.5,1384346.5,1413207.0,2682778.0,2261166.25,1421842.875,1329311.75,2286096.75,2313683.0,1422226.75,1687477.75,1729261.25,1621651.125,2775624.5,2319117.0,2157348.0,2325080.25,2395790.25,2666464.5,3003554.0,2939633.0,1633779.625,2178244.0
117,1766820.875,1660410.125,1821465.125,1681073.125,1778239.375,1650124.875,1725238.25,1691505.0,1765789.75,1690220.375,1830236.0,2060167.5,1756935.75,1802579.875,2015921.75,1878882.75,1804047.125,1743968.0,2105554.25,1827318.5,1814502.875,1705005.75,1671431.75,1515273.25,1813873.875,1585699.125,1588158.25,1442689.75,2081262.75,1897611.0,1863616.125,1675640.5,1621654.375,1571281.625,1675785.0,1593568.5,1656617.5,1533158.625,1765330.375,1860872.625,1686329.75,1916738.375,1520595.75,1281138.125,1262575.0,1197466.25,1382877.875,1488608.875,1449318.125,1320070.625,1540942.125,1530845.75,1684180.75,1523858.875,1669221.75,1824619.125,1765949.25,1608568.5,1422892.125,1581990.25,1468482.25,1452651.5,1784077.5,1839498.25,1621242.5,1650751.5,1545467.625,1644046.375,1496071.625,1540658.75,1912600.5,1719626.625,1803947.125,1693176.0,1556935.75,1230733.625,1937956.875,1679680.625,1594747.375,1752244.625,1207272.0,1274440.125,1395922.125,1406481.5,1507298.375,1435695.625,1564238.0,1515281.125,1245844.375,1336915.625,1525989.75,1401291.25,1306003.5,1195511.75,1467321.75,1336377.75,1493728.75,1543738.0,1507106.0,1444723.125,1170545.25,1129087.5,1490049.25,1344503.0,1664705.875,1748507.875,1569241.875,1534259.25,1465472.875,1477031.75,1419354.75,1290625.5,1833539.75,1699882.5,1413061.125,1384301.625,1528001.25,1391148.5,1892828.0,1977879.5,2013454.0,1794897.75,1928580.0,1845686.375,1848374.75,1960581.875,1848086.0,1972399.75,2055951.875,2053410.625,1927956.75,1891856.375,1956580.625,2131125.25,1527114.0,1460610.5,1904204.75,1851254.375,2028459.5,2039969.625,1620216.625,1570907.0,1857840.125,1800048.25,1784145.5,1634017.875,1854816.5,1980245.5,1936097.0,1798284.125,2042681.125,1897420.0,1921384.125,2015136.625,1764357.25,1766054.25,1501117.625,1484986.25,1983543.125,1736030.375,1838806.625,1698593.0,1726142.25,1685828.0,1818520.125,1674552.5,1644774.875,1392138.25,2135641.0,2020219.375,1683450.125,1569248.5,1610229.125,1432393.0,1941911.75,1983879.875,1603619.375,1826933.5,1753785.75,1971033.375,1806416.875,1713964.625,1698982.125,1832641.875,1886399.25,1919751.125,1839420.625,2015345.875,1699400.5,1718451.625,2004473.125,2037767.125,1742413.625,1899823.875,1850256.375,1809326.5,2005221.375,2058326.5,1758532.375,1645363.875,1647499.5,1556912.25,1361452.5,1389394.75,1434349.25,1485665.5,1722461.625,1649456.25,1935106.625,2000595.375,1036840.5625,1067527.5,1233297.0,1193762.375,1343033.25,1248803.5,1893349.125,1624674.5,2152858.0,1804054.875,1370859.5,1372503.0,1589182.0,1673551.375,1384760.5,1412761.125,2683575.25,2260115.5,1421172.125,1329066.75,2294015.75,2312838.5,1421842.125,1691221.375,1728374.625,1620324.125,2775407.25,2319980.25,2156596.25,2324785.75,2394372.5,2667411.0,2999111.0,2939878.0,1638447.25,2178282.5
118,1767814.5,1661943.75,1823260.375,1684113.25,1776355.5,1647349.375,1727889.625,1694350.625,1768633.125,1692745.625,1831347.25,2061880.375,1755204.0,1799157.5,2014501.5,1877714.75,1803029.0,1745429.875,2103053.75,1827528.375,1813921.5,1707096.0,1672453.375,1515527.875,1814318.875,1588900.0,1583718.875,1443257.5,2077608.875,1899159.0,1862634.75,1679582.0,1619800.375,1569644.875,1670424.5,1592541.5,1655801.375,1532202.875,1760467.5,1860205.5,1685944.75,1918813.875,1516435.375,1282765.875,1263141.25,1200579.125,1383294.125,1483608.75,1446831.5,1317650.25,1537039.125,1532314.0,1684032.5,1525013.25,1669570.125,1825881.375,1768145.5,1611835.125,1425821.0,1587787.25,1468458.0,1452740.75,1783484.5,1841139.375,1622857.125,1653832.5,1553564.125,1649630.25,1497143.375,1541201.25,1912328.25,1722440.125,1806368.375,1694590.625,1557055.25,1234108.125,1937889.125,1681440.375,1599456.875,1755355.125,1209839.75,1277726.75,1395532.375,1408685.5,1509393.125,1432966.375,1567394.25,1519772.5,1245755.625,1335514.0,1528104.125,1398132.375,1304445.375,1195259.5,1466193.625,1336072.25,1497981.5,1542031.125,1507846.125,1444385.0,1170830.0,1127104.875,1489286.5,1344050.875,1662898.25,1748451.5,1569045.125,1533423.0,1464502.875,1477215.875,1420229.875,1290882.75,1833230.75,1701167.375,1415565.5,1385449.125,1526988.0,1391492.0,1892665.0,1981372.5,2012447.625,1796138.25,1924010.25,1843871.625,1847784.0,1961251.375,1848355.0,1967352.875,2057064.0,2058366.75,1926798.375,1894291.875,1955027.0,2130798.25,1527240.125,1459481.25,1906754.625,1848962.0,2030239.375,2044471.625,1622061.5,1570410.875,1859273.125,1796461.25,1784675.375,1634872.875,1859580.5,1982123.625,1936149.625,1799631.5,2046066.75,1900307.125,1921376.375,2014513.0,1763778.25,1766574.625,1501675.875,1486498.5,1985840.0,1737657.75,1842317.25,1701366.75,1727403.625,1685910.125,1818930.375,1673985.625,1645081.125,1392389.0,2133216.75,2018093.375,1682576.5,1571379.875,1610253.5,1432923.5,1943374.25,1984380.375,1604374.125,1827328.375,1754511.375,1975520.625,1806814.125,1714932.125,1700117.5,1834233.75,1886741.0,1920467.5,1841271.0,2016725.875,1699226.625,1718509.625,2002206.375,2037965.125,1733190.75,1893954.25,1847916.625,1811161.125,2006317.875,2063488.875,1754451.125,1640948.125,1647951.125,1554479.5,1358564.375,1385370.875,1434230.75,1483814.625,1716196.125,1643930.125,1932570.625,1997271.375,1036539.4375,1067072.875,1232825.625,1193607.125,1342785.75,1250150.0,1892355.875,1626449.0,2153747.0,1801559.0,1370542.75,1372766.0,1588130.75,1669382.5,1384329.125,1413554.5,2681583.5,2257026.5,1421289.25,1328228.625,2297815.75,2313022.75,1422465.5,1694178.0,1727264.25,1622453.25,2780269.0,2322491.25,2153165.5,2324616.5,2390641.0,2667136.5,2996859.0,2939440.25,1639060.5,2177496.5
119,1770721.625,1663484.625,1820830.125,1677937.25,1767381.875,1642063.5,1730083.75,1690299.625,1768792.875,1696086.25,1835135.375,2064313.125,1754110.0,1795740.0,2009179.875,1870184.125,1805787.75,1746850.875,2096716.0,1818456.375,1811997.25,1700335.375,1674993.75,1507093.5,1813140.875,1582216.5,1587788.125,1440905.625,2077581.375,1900244.125,1864414.375,1675273.125,1619928.875,1569301.5,1670548.5,1592442.375,1657663.875,1534161.375,1759427.5,1864529.625,1684554.25,1917442.5,1519871.25,1286572.875,1264981.0,1202941.25,1386499.625,1484335.375,1445504.5,1317443.625,1540453.5,1538009.25,1685214.5,1522484.375,1672163.875,1823687.5,1768721.125,1609984.5,1431634.375,1589286.625,1470373.875,1455453.5,1781596.875,1840353.5,1622409.125,1653299.75,1553679.0,1653246.75,1501339.25,1546217.5,1916707.25,1725732.5,1812092.25,1698581.25,1559347.875,1239532.625,1940174.75,1687702.625,1601876.125,1767889.875,1210653.5,1287852.75,1394334.125,1417054.625,1506920.375,1434790.375,1567743.875,1528684.125,1245267.75,1338896.25,1524649.75,1397874.875,1305739.375,1199573.75,1467264.125,1342777.625,1495086.875,1545307.625,1509199.125,1450251.125,1171729.0,1132971.375,1489054.125,1346087.125,1661853.0,1748901.75,1568337.125,1536654.5,1463631.25,1478943.5,1416923.875,1290005.375,1833344.375,1703427.5,1417859.125,1385459.625,1529865.875,1390476.25,1895314.0,1981563.75,2013175.375,1799238.25,1930419.25,1843947.875,1857853.375,1967685.625,1853707.0,1967557.125,2058672.375,2058190.25,1933333.75,1895459.75,1960293.75,2130514.25,1525360.375,1458612.75,1912649.625,1848323.375,2033433.25,2044421.625,1624838.75,1570842.625,1863882.5,1800430.375,1785423.5,1635116.875,1860082.625,1984766.5,1938145.75,1802528.875,2045968.25,1899836.375,1922137.5,2015123.5,1767580.375,1765420.625,1503079.0,1489844.0,1991241.75,1738157.5,1848065.375,1702644.75,1727694.25,1684969.375,1820779.625,1673837.875,1647660.5,1394778.25,2136078.0,2017554.25,1685877.5,1572675.0,1613261.375,1435145.75,1943772.125,1983173.75,1605155.625,1826396.25,1755319.875,1976592.125,1805086.0,1713110.375,1699132.625,1833078.875,1884799.25,1919174.75,1842407.25,2016143.875,1696530.375,1716405.5,2000418.375,2037566.375,1723097.75,1889877.0,1846349.125,1810470.0,2006865.375,2063212.125,1749179.25,1640623.0,1645687.125,1556460.875,1345027.125,1379142.5,1429070.125,1484099.0,1712846.875,1640235.125,1933440.5,1995327.0,1039569.3125,1067010.0,1236035.375,1195614.25,1344325.875,1248970.875,1893780.5,1625882.5,2149990.5,1799370.25,1369622.625,1374167.875,1585930.0,1666306.0,1383488.75,1414600.875,2680590.0,2256195.25,1421504.0,1327862.0,2283179.0,2311327.0,1423779.875,1692472.125,1724704.125,1622275.5,2775132.75,2320420.75,2148860.5,2321682.5,2386738.25,2660178.0,2994948.5,2936059.25,1633710.375,2175240.75
120,1770418.125,1664337.0,1815789.625,1673298.25,1766984.25,1643271.75,1726439.0,1688732.25,1767687.375,1696846.75,1835221.875,2062929.5,1756715.125,1800604.125,2006732.625,1869488.375,1807935.5,1747926.0,2096279.625,1818239.5,1811719.75,1699994.125,1673949.5,1508435.25,1809750.375,1577214.25,1596526.75,1443207.25,2080785.875,1902564.25,1866913.625,1674740.25,1621179.125,1574397.875,1674309.375,1596352.875,1658961.375,1536056.0,1762760.0,1869271.625,1685255.125,1915082.5,1524624.375,1289685.0,1266101.625,1202248.625,1388474.75,1490537.5,1448557.125,1319906.75,1545596.0,1541234.25,1683949.125,1521501.875,1671719.875,1821480.25,1766099.375,1606782.625,1431536.875,1586415.25,1471073.0,1458013.625,1780017.875,1840557.125,1620039.875,1649559.875,1544265.125,1645477.0,1500869.875,1543028.875,1917111.25,1725325.125,1810988.0,1700214.625,1558459.125,1239003.625,1939642.75,1689513.75,1598784.625,1767500.0,1210949.875,1287179.0,1394386.125,1416933.75,1504273.125,1434578.5,1564341.125,1526348.5,1248422.75,1343288.125,1523840.5,1399408.0,1309431.5,1198734.5,1469295.625,1345056.875,1493351.25,1545329.375,1511542.125,1451887.0,1173129.375,1137767.375,1489319.625,1347213.25,1663947.25,1750046.875,1568825.75,1537664.125,1460721.125,1477874.125,1413181.0,1287009.5,1829669.75,1698462.25,1413962.5,1381030.125,1528478.375,1389378.375,1894921.375,1971155.5,2014214.625,1798254.625,1935849.625,1846855.875,1861388.125,1970964.75,1855331.5,1969493.875,2058390.125,2052287.875,1935310.375,1893315.125,1961867.125,2129687.25,1524265.125,1455399.625,1913056.75,1850174.5,2033346.5,2041859.25,1623538.5,1572803.875,1861302.375,1805604.875,1785004.375,1635301.875,1854035.625,1983664.375,1940696.25,1801307.625,2040513.625,1897003.0,1920550.625,2015520.5,1768093.25,1764881.5,1502923.375,1492470.875,1989744.5,1737300.625,1844766.0,1700945.0,1726517.875,1686360.625,1820669.375,1675059.75,1646031.5,1397198.125,2142156.0,2024044.625,1686301.0,1572439.0,1613184.625,1437895.5,1939803.375,1982197.25,1604745.5,1826068.125,1754254.75,1972983.625,1804678.0,1712203.875,1699607.125,1834915.5,1881083.875,1917940.25,1840760.375,2016065.5,1696082.5,1715783.125,2001787.375,2036648.125,1731835.75,1893584.875,1846921.5,1809147.875,2004522.125,2057718.25,1747228.125,1639075.875,1643574.375,1555367.5,1345170.375,1378218.75,1431184.125,1483841.5,1712601.25,1640067.75,1934783.125,1995359.375,1037415.0625,1066423.375,1234737.125,1194482.75,1341427.625,1245708.25,1891617.0,1623944.25,2148809.25,1800750.875,1370177.25,1375319.75,1585485.25,1667963.875,1384066.875,1414864.0,2680026.25,2259271.25,1421582.625,1329463.875,2282242.5,2311413.75,1423887.75,1691650.0,1724431.875,1618313.625,2770177.5,2319674.5,2150389.5,2320816.25,2391595.25,2660731.25,2992787.0,2936267.25,1632763.625,2175298.25
121,1766146.125,1663164.25,1817368.125,1679283.125,1777448.25,1648800.25,1723905.75,1694758.125,1766895.875,1693484.25,1831694.125,2059285.375,1758781.25,1804736.375,2010768.375,1876305.625,1807391.375,1746790.5,2102464.5,1828398.75,1812761.25,1708067.875,1672132.875,1519134.875,1809990.625,1583273.125,1596069.0,1445514.625,2081449.75,1904212.5,1869723.625,1682342.375,1620473.25,1578626.75,1672942.25,1599540.625,1657459.25,1535248.125,1761776.5,1868506.125,1685375.875,1914484.375,1522326.375,1287277.25,1265028.875,1199128.5,1385050.125,1490706.375,1450792.125,1321935.75,1543018.25,1537002.0,1680824.25,1524075.875,1668988.75,1822747.875,1761577.25,1605829.125,1424718.125,1583947.25,1468177.375,1455494.375,1779738.75,1841869.5,1619074.0,1647933.625,1537893.875,1636662.375,1497678.875,1535736.5,1910907.25,1721072.75,1803294.0,1697057.875,1554005.5,1234374.75,1936269.5,1685251.375,1595760.375,1755225.5,1210596.25,1274959.0,1395586.5,1408220.5,1507348.5,1429692.5,1562101.375,1516002.125,1252245.25,1344273.625,1527701.25,1400778.75,1309572.0,1194471.125,1468579.75,1339073.75,1498631.875,1540852.75,1512098.5,1446458.625,1174244.125,1133692.625,1490707.5,1346463.75,1666038.875,1751020.625,1570383.625,1534331.25,1460895.25,1476249.5,1414894.0,1286887.5,1828142.75,1691988.5,1409176.125,1377216.125,1525281.125,1386844.75,1892281.375,1968153.5,2013462.375,1794800.0,1930466.375,1847816.5,1856689.375,1967125.125,1853326.25,1968890.625,2057505.0,2050047.625,1930153.125,1890624.875,1957914.25,2129934.0,1527127.25,1453124.5,1906745.375,1850082.375,2031256.75,2040879.0,1618423.125,1573118.0,1850778.375,1801752.625,1783068.0,1635313.625,1853042.5,1982549.5,1940578.375,1796727.625,2035822.5,1895224.0,1917630.5,2014172.5,1762209.125,1765129.5,1499197.0,1491258.0,1982177.875,1735007.625,1836309.625,1697703.125,1725086.0,1687109.125,1818466.875,1676034.0,1642944.625,1395864.125,2141667.75,2028768.25,1680388.625,1570271.5,1609447.125,1436466.0,1936157.125,1981375.125,1603769.25,1828071.75,1752288.25,1972075.5,1804241.375,1712961.625,1701319.125,1838009.875,1877755.25,1916728.75,1838587.5,2015542.375,1700991.5,1719638.875,2004570.25,2036213.875,1746084.875,1900870.625,1845371.625,1808419.75,2001436.875,2054090.0,1750845.75,1638824.0,1645097.75,1551086.125,1362860.375,1386435.375,1439675.75,1484234.875,1716565.875,1643480.25,1935655.75,1996061.625,1033666.125,1065525.75,1232462.125,1190974.375,1339593.75,1245865.25,1889244.75,1625279.625,2153212.5,1803569.875,1372209.125,1374005.5,1588592.625,1670501.125,1386426.375,1414121.625,2679086.0,2261319.25,1422349.375,1330972.125,2303449.5,2318924.0,1423914.625,1694750.375,1728947.25,1617929.25,2778124.5,2326028.75,2158053.5,2326322.75,2401523.5,2672223.75,2994690.25,2940604.0,1637977.25,2180618.5
122,1763325.0,1659801.25,1824649.375,1684704.125,1778911.875,1647080.625,1725496.625,1697236.375,1764214.375,1689204.375,1830792.25,2059584.5,1755894.125,1800207.25,2015788.625,1878595.5,1806256.625,1743418.125,2105791.0,1829680.875,1814715.125,1708323.5,1674722.125,1519472.625,1814093.0,1589492.0,1589986.25,1442859.75,2081717.75,1900838.875,1871792.5,1682950.0,1620758.875,1575356.125,1668801.375,1595515.625,1655612.875,1533649.75,1758412.375,1866251.625,1682895.5,1913942.75,1519690.625,1281745.75,1264047.875,1195840.25,1381901.625,1487230.625,1448319.875,1320418.375,1537848.75,1530775.5,1679683.125,1523045.0,1668042.5,1823786.0,1758952.0,1603246.875,1417800.75,1579872.625,1465569.75,1451252.0,1781027.75,1840671.625,1618215.125,1647177.125,1535736.875,1635284.625,1498756.25,1542230.5,1909361.125,1717320.5,1801697.75,1693216.875,1552194.125,1231282.625,1938236.75,1682640.75,1596319.0,1750379.125,1207063.25,1269811.5,1395187.875,1406009.875,1506882.75,1427959.125,1563381.25,1512993.875,1249176.125,1342285.75,1527389.625,1404332.75,1305607.25,1195886.5,1465403.0,1335199.125,1495743.25,1541042.5,1508322.75,1445114.0,1173671.625,1130818.375,1492140.75,1347821.5,1665923.625,1750861.25,1570590.875,1533772.75,1466064.25,1478549.375,1419441.5,1291047.25,1834391.125,1698979.875,1414728.375,1383470.25,1529703.25,1388567.375,1895383.75,1982433.125,2012142.0,1794214.375,1924432.75,1845150.75,1855246.75,1962390.375,1856864.25,1970653.25,2056558.0,2050955.0,1928324.375,1888321.875,1957060.375,2131755.5,1531541.875,1457512.5,1904819.125,1849715.75,2031172.25,2040229.25,1616526.375,1572169.0,1848550.25,1795624.0,1782438.25,1634189.375,1859362.875,1983675.125,1936998.5,1793884.5,2039269.625,1897911.875,1918405.875,2013933.25,1758823.75,1762735.875,1496426.625,1486940.5,1978744.75,1731143.375,1834206.0,1695029.875,1725235.875,1683095.625,1818996.75,1675973.5,1643611.125,1392672.625,2138014.5,2025064.875,1678256.875,1568077.625,1608657.5,1432773.125,1939006.25,1982484.25,1603973.125,1830062.625,1752704.875,1976145.5,1803700.5,1712600.875,1700572.0,1836998.875,1878080.375,1914514.875,1837727.125,2012850.25,1704905.875,1723954.625,2007400.125,2038700.75,1745756.25,1901518.875,1845516.875,1809460.625,2004825.125,2059559.875,1754395.125,1643907.875,1645887.875,1552613.375,1368722.125,1393065.625,1437896.0,1486303.625,1721432.25,1649388.625,1937269.75,2000040.5,1038499.5,1066791.25,1235909.25,1192465.125,1345308.625,1250035.875,1895199.125,1627788.125,2153791.0,1802522.25,1372714.25,1372147.5,1590222.0,1669420.625,1386060.25,1412985.375,2680640.75,2260242.5,1423222.25,1329982.5,2301794.25,2320208.25,1423169.75,1692737.875,1729094.625,1619567.5,2780777.0,2325035.75,2158868.0,2328152.25,2399828.25,2673108.5,2999409.0,2940795.75,1636606.5,2181164.0
123,1764973.0,1657554.375,1827616.875,1680629.5,1768029.125,1639943.625,1728269.0,1692851.75,1761383.125,1689204.375,1832243.75,2061294.375,1752256.125,1794910.375,2015197.25,1872461.875,1805827.0,1742098.75,2103225.0,1819395.25,1817983.5,1700515.0,1678267.625,1509147.25,1817148.125,1588534.375,1592315.25,1441793.875,2085734.75,1897518.75,1873979.25,1675157.625,1625116.125,1569561.5,1669552.875,1589670.125,1656458.25,1533745.0,1760226.75,1867835.125,1681949.375,1912468.625,1521203.75,1280127.75,1263803.75,1192431.375,1384906.375,1492074.5,1446646.375,1317688.875,1537600.5,1529156.75,1681726.875,1517427.875,1669857.375,1822723.125,1759641.625,1598914.0,1414821.0,1573772.0,1467200.75,1452343.625,1782434.625,1839186.875,1615227.875,1644668.125,1531531.5,1636261.875,1500301.875,1552723.5,1915543.125,1718392.0,1807606.75,1693584.125,1553763.875,1231203.875,1940920.75,1681850.375,1595762.5,1753815.625,1202545.25,1275527.5,1392759.0,1410744.125,1499654.75,1432592.875,1564966.5,1516802.875,1242427.375,1340716.125,1521682.75,1409339.75,1301171.5,1198345.375,1463661.75,1338000.875,1482180.5,1546316.5,1503655.625,1451285.625,1171664.0,1135091.5,1491871.75,1350748.25,1664104.25,1749926.25,1568035.625,1536869.375,1468957.25,1482034.875,1418690.5,1292633.5,1840229.5,1709912.0,1423547.125,1391710.625,1535244.75,1396905.875,1901344.25,1991333.75,2011465.625,1795025.0,1925741.125,1842983.25,1857046.625,1959763.75,1866110.875,1975121.875,2056389.75,2048479.875,1932754.5,1885514.75,1960168.625,2132404.5,1533092.5,1464312.125,1911265.375,1853079.25,2033980.5,2037779.25,1619871.75,1572594.375,1857826.25,1796088.875,1785660.375,1633039.875,1862610.0,1985031.5,1934040.625,1793959.5,2045715.375,1903482.125,1921757.125,2016506.25,1762484.625,1758596.0,1499381.125,1486092.75,1981856.5,1727318.75,1837341.0,1694294.125,1726443.375,1678937.75,1820502.125,1674130.0,1645734.875,1391436.125,2138920.5,2018012.875,1684118.0,1569366.25,1611503.25,1432187.375,1944920.375,1986768.75,1604468.75,1829811.125,1754172.0,1976308.625,1807536.375,1712877.0,1699047.625,1834361.125,1880030.75,1912750.125,1837394.375,2009703.375,1702458.5,1724002.875,2009899.125,2041751.25,1741577.125,1895687.75,1849242.875,1812011.375,2011231.125,2069610.25,1751537.75,1647903.75,1642030.0,1559229.5,1355543.625,1387879.375,1426409.25,1486577.25,1718753.75,1652023.0,1938393.5,2006578.25,1044914.6875,1070060.375,1240161.625,1197535.0,1350397.625,1252407.625,1902336.625,1627635.875,2150304.0,1800451.625,1372501.125,1374006.625,1588857.75,1670440.375,1383485.0,1413276.375,2684928.25,2260501.0,1423452.625,1329324.625,2276135.0,2312209.75,1421765.625,1687531.875,1726130.125,1620213.125,2771383.75,2315768.5,2154475.5,2325336.25,2392684.25,2663584.5,3002207.0,2938646.0,1631321.125,2177523.75
124,1767101.5,1659116.75,1826049.625,1679489.5,1763756.125,1640624.25,1730024.0,1691601.875,1762636.875,1691814.0,1833476.375,2061389.0,1752176.125,1794208.75,2011629.125,1867884.125,1806906.25,1744878.5,2100901.25,1814888.375,1820196.25,1699229.875,1679079.0,1505005.5,1817984.25,1587840.875,1597997.25,1443443.0,2089087.5,1899725.125,1877841.0,1674227.125,1628339.5,1568575.5,1674278.75,1593189.125,1658960.0,1534422.25,1763970.375,1870365.5,1681517.125,1909764.375,1521851.25,1281204.625,1262838.0,1188597.375,1387233.875,1499580.25,1448156.25,1317532.625,1539781.0,1531947.5,1683567.75,1515710.75,1671821.0,1822189.625,1760214.875,1597751.375,1416400.75,1573249.25,1470132.5,1455668.125,1782814.125,1839484.25,1613555.875,1643967.25,1528597.75,1636364.25,1497814.75,1547356.0,1918682.125,1720944.75,1809513.875,1695853.25,1554880.25,1232125.875,1934675.25,1679471.25,1591549.625,1755012.5,1202209.5,1278975.875,1391933.25,1412709.125,1496628.0,1435725.75,1564310.0,1518192.5,1241625.75,1341249.25,1519458.0,1410787.375,1299608.625,1197044.25,1465905.0,1342256.875,1477054.625,1547896.75,1503548.625,1456105.625,1171848.625,1138004.375,1492021.125,1351568.125,1662020.5,1748988.5,1565763.25,1537334.375,1467551.375,1480986.5,1415284.625,1289979.25,1839159.125,1706961.75,1421060.625,1388405.375,1530723.75,1402213.125,1901055.0,1981399.5,2011342.375,1794888.25,1928685.75,1843168.875,1856272.5,1958196.875,1870158.5,1974778.75,2057304.125,2046060.25,1935332.75,1884355.5,1960172.875,2130225.0,1532763.125,1466024.75,1917187.0,1856718.625,2036651.125,2036655.875,1623822.0,1573739.5,1864229.125,1798890.125,1789258.0,1633900.375,1858442.5,1985346.5,1934688.375,1795321.5,2044560.875,1905513.75,1923406.875,2018622.5,1765272.75,1757490.875,1502859.0,1488766.5,1984046.75,1726358.375,1838449.0,1695361.5,1726701.625,1680838.875,1818600.625,1671233.625,1646365.0,1391458.875,2136680.25,2014942.625,1687640.25,1572014.5,1612709.5,1433060.125,1947267.125,1989759.875,1603977.5,1828262.625,1753865.375,1971296.0,1812572.875,1715595.375,1700804.625,1836049.25,1880150.875,1913670.25,1835942.625,2008142.875,1697920.75,1721155.5,2009028.875,2038998.375,1746807.5,1891896.625,1849500.5,1812236.875,2009687.0,2070586.5,1746231.125,1645057.0,1637548.125,1560715.25,1349049.25,1379493.0,1421107.25,1483730.125,1711999.375,1649303.0,1938461.75,2009576.125,1042195.875,1071528.875,1240237.75,1197997.375,1348037.125,1250530.375,1900618.25,1627357.375,2150465.0,1802772.25,1373581.625,1378049.125,1589442.875,1675408.0,1384716.0,1414703.125,2686392.0,2262138.25,1424197.375,1331228.625,2275020.25,2312670.5,1422759.5,1692597.875,1729445.375,1624762.375,2770574.0,2316762.5,2157404.5,2328400.25,2397747.0,2666541.25,3003685.75,2940079.25,1634620.375,2182855.0
125,1763837.875,1657805.625,1825444.875,1687991.5,1772490.375,1649253.375,1727094.25,1694942.25,1764266.25,1688842.5,1833895.75,2061849.5,1753556.0,1795172.5,2011275.25,1872301.625,1807743.625,1748878.5,2104148.75,1823159.375,1819852.875,1707256.0,1678777.375,1514461.125,1816263.875,1592083.75,1594863.875,1441834.25,2086203.5,1902866.25,1879327.625,1682771.625,1625799.5,1572814.125,1677429.875,1603242.125,1660143.5,1532986.125,1764364.875,1869048.875,1678741.75,1906057.0,1520113.625,1280084.625,1261875.5,1187593.375,1384004.25,1498248.875,1447474.375,1317877.0,1541498.125,1534177.875,1681253.75,1519834.75,1669750.75,1822369.0,1759142.125,1600207.0,1418154.0,1577206.25,1470212.375,1455143.625,1782211.125,1839544.625,1615780.75,1646953.125,1532337.75,1637988.375,1496989.875,1535489.25,1916376.125,1721090.875,1806966.125,1696864.5,1556581.625,1232677.875,1931288.0,1678169.25,1592172.375,1752821.0,1207039.625,1275662.75,1395516.625,1408750.375,1504516.5,1433122.0,1564101.875,1516652.75,1246937.625,1342562.125,1524096.5,1407572.25,1302942.5,1194501.875,1469722.75,1342299.125,1487005.75,1545016.5,1508254.625,1454812.625,1174728.0,1135111.375,1494112.625,1349551.75,1662582.0,1748809.25,1567765.375,1534828.5,1466764.5,1477439.5,1420191.125,1291276.25,1836979.25,1698282.5,1413901.0,1382433.75,1525247.875,1395588.0,1895924.0,1970843.5,2012860.875,1795422.25,1927301.625,1844064.0,1851077.25,1956904.75,1867753.125,1969652.75,2055668.875,2049931.5,1930545.375,1886716.125,1954054.25,2127717.25,1534502.125,1464129.625,1916584.75,1856376.75,2033112.875,2038829.125,1624352.125,1574163.875,1863896.375,1797993.75,1788164.125,1635147.875,1857589.0,1985328.25,1934839.125,1796095.625,2040717.125,1903097.0,1923088.875,2017083.625,1760760.125,1759944.75,1500592.25,1488146.0,1978838.625,1728130.5,1834362.25,1696144.25,1727358.375,1686500.375,1817270.375,1670459.0,1645933.75,1391228.625,2134672.75,2020790.875,1684203.375,1572194.125,1611268.875,1432876.625,1945986.0,1987277.0,1604343.5,1826631.625,1752254.375,1969545.875,1810927.375,1716897.75,1703140.875,1838539.25,1879013.5,1914537.375,1833131.75,2007803.5,1698404.25,1719918.625,2005056.125,2033761.875,1751938.5,1893970.625,1845616.0,1810486.625,2003973.375,2063878.75,1746674.625,1640822.625,1639260.25,1556030.5,1360201.25,1380765.375,1427689.75,1481229.25,1712215.25,1646805.125,1938315.5,2008457.0,1035921.0625,1070604.0,1237429.5,1194981.875,1343813.625,1249839.75,1895083.25,1628919.25,2150456.5,1802841.875,1373879.5,1377686.125,1590057.375,1671019.75,1387571.125,1414056.5,2682827.0,2260611.0,1424481.375,1332016.375,2297396.75,2314918.0,1425108.375,1699739.875,1732670.125,1627606.5,2779484.75,2323468.75,2161248.0,2329706.25,2403546.5,2673611.5,3004270.5,2939906.5,1639962.5,2185481.75
126,1756840.0,1650749.25,1826435.375,1691761.25,1776137.0,1647546.75,1723904.25,1696019.75,1762146.625,1682319.25,1832940.75,2060000.0,1752099.125,1793110.125,2013859.0,1877317.25,1806980.75,1749681.625,2107996.75,1827284.375,1819590.25,1711192.875,1679923.25,1522372.75,1814404.0,1594753.0,1588447.5,1439311.25,2082198.25,1902339.25,1876694.375,1685509.375,1623064.5,1573572.375,1675586.75,1601910.125,1659473.75,1531711.875,1762982.75,1866355.0,1679486.75,1906820.375,1519717.5,1278845.25,1262030.625,1190686.75,1381724.0,1493484.625,1444635.25,1318174.5,1541296.5,1532530.375,1677521.375,1520116.5,1667038.625,1822334.125,1760108.625,1602038.875,1419214.875,1578586.75,1467509.125,1452295.875,1781387.125,1839397.75,1618126.0,1648606.375,1538313.625,1639579.875,1501672.625,1537235.25,1914868.625,1719948.875,1806381.125,1695451.0,1557412.375,1232499.0,1936750.0,1679641.375,1597722.25,1752988.5,1208894.375,1273289.0,1399257.0,1406260.375,1509504.75,1431511.125,1564620.75,1516515.875,1249418.0,1342634.25,1527563.5,1404004.0,1306960.0,1195262.375,1470729.25,1340590.25,1493330.25,1544599.5,1510439.625,1451504.0,1175833.5,1133451.75,1495977.875,1348756.125,1663625.375,1749580.0,1571249.375,1535223.0,1469869.875,1478162.625,1428584.125,1296915.125,1838514.875,1699114.125,1417606.0,1387599.375,1529479.125,1387200.625,1895566.375,1979282.5,2013943.125,1796604.75,1924225.625,1843838.25,1848549.75,1957611.5,1869421.125,1969531.625,2051139.75,2053559.0,1927278.0,1889340.875,1949176.875,2127223.0,1534555.0,1463421.0,1915495.5,1855683.0,2026166.875,2039479.875,1624193.125,1574594.375,1863390.75,1795607.25,1784868.625,1633431.25,1865842.875,1988050.75,1931723.625,1796185.125,2043505.625,1902354.625,1922445.0,2014264.125,1756269.375,1759890.0,1496305.25,1484817.125,1973135.5,1727876.625,1832561.375,1696396.25,1728748.75,1687229.25,1818745.25,1670603.5,1645603.125,1390792.125,2137835.0,2027032.625,1680647.0,1570060.75,1610501.125,1432111.25,1943775.75,1982222.5,1604934.375,1826245.125,1750037.5,1971845.5,1806882.625,1715492.625,1701477.125,1834766.625,1877451.125,1912009.75,1832263.25,2007965.875,1701547.625,1721001.875,2003046.125,2033840.75,1746674.375,1896654.375,1844036.0,1809914.75,2004031.0,2062130.75,1747337.75,1640636.375,1642044.0,1553597.375,1364012.5,1384541.875,1432302.25,1482547.625,1717553.375,1647546.875,1937621.125,2008610.25,1036008.6875,1069244.875,1234205.625,1193629.0,1344349.75,1252595.25,1895250.0,1629845.125,2147403.0,1799360.25,1373020.25,1374510.0,1587027.875,1660802.5,1386783.625,1412892.0,2680794.5,2257427.0,1423628.875,1330574.75,2303824.75,2310135.5,1426697.875,1696747.375,1731142.25,1625018.625,2780643.25,2323428.25,2159964.0,2326175.0,2397954.0,2669086.0,3002922.25,2935923.25,1639444.75,2178479.5
127,1754909.5,1650190.25,1827598.75,1686333.625,1767215.25,1634189.0,1725863.625,1694612.375,1758911.875,1680755.625,1831695.25,2055217.25,1748421.375,1788645.75,2014734.25,1874670.875,1806154.0,1745867.875,2104900.75,1817250.0,1820958.625,1704621.75,1681411.25,1516778.5,1816027.5,1591921.375,1587622.0,1441315.0,2083011.5,1899316.875,1875304.125,1677120.875,1624541.625,1565877.625,1672361.875,1589521.375,1658864.625,1532702.375,1763477.625,1865459.375,1683746.125,1909886.5,1520967.375,1280598.875,1262309.0,1193680.625,1382649.0,1491145.0,1443902.5,1319136.75,1538531.875,1529165.125,1677631.75,1514479.0,1669440.125,1822900.25,1762901.375,1601152.625,1422073.0,1577833.5,1465581.875,1450997.875,1780915.125,1839224.0,1617618.375,1646303.5,1538978.625,1638248.125,1503966.0,1546740.5,1916037.25,1718652.5,1807088.5,1692423.25,1555104.25,1232277.0,1937788.0,1680512.75,1598225.375,1756876.875,1203933.375,1275201.625,1397903.375,1408669.25,1502401.125,1432776.125,1563568.0,1519096.375,1246420.25,1341273.75,1526152.125,1403571.25,1307123.0,1199589.125,1468492.875,1341109.375,1486776.5,1546832.25,1506664.0,1450116.0,1174192.375,1135282.0,1495658.375,1350599.125,1661528.0,1749728.375,1571198.5,1538919.5,1473388.5,1481235.5,1427872.5,1297895.625,1840388.625,1706208.625,1426707.375,1394410.125,1534521.625,1388670.25,1900348.375,1994768.0,2011490.25,1796699.625,1925155.375,1842675.875,1855830.625,1962896.0,1877309.25,1974936.25,2049952.625,2051011.0,1932072.5,1888556.125,1952727.25,2128132.5,1530858.625,1463974.875,1919795.875,1856929.625,2025995.875,2036779.0,1626011.375,1574646.5,1865512.25,1795433.25,1784015.5,1630857.125,1873976.375,1992171.375,1931595.75,1798066.5,2048315.5,1905459.25,1922004.5,2013819.75,1759322.625,1755563.25,1495433.25,1483798.75,1975943.25,1725088.625,1838387.625,1697023.875,1728052.375,1681862.875,1818445.375,1669086.625,1646267.875,1390253.875,2135504.0,2021013.5,1681545.375,1567850.75,1611178.25,1431398.125,1942017.25,1980675.0,1603456.75,1825881.375,1747362.625,1971399.125,1807329.5,1713870.625,1697059.75,1828842.5,1876443.25,1909734.875,1834067.875,2006675.0,1703113.0,1722187.125,2005173.375,2037575.5,1737571.25,1896608.875,1846833.625,1809528.25,2007367.25,2064671.25,1743287.125,1642196.375,1640285.0,1555738.125,1349248.375,1380655.75,1427110.5,1485866.125,1719398.75,1651605.25,1937743.375,2011854.875,1040466.875,1068352.375,1233389.125,1194106.375,1347613.75,1253305.0,1899408.25,1628182.75,2147060.0,1800337.0,1373258.75,1374486.5,1584360.375,1661308.875,1384999.5,1413897.125,2684006.0,2257218.0,1423268.5,1329473.125,2290320.0,2312384.75,1427443.125,1693463.25,1731075.875,1625440.0,2773867.0,2323404.25,2160401.0,2328468.0,2392829.25,2664569.5,3002525.5,2935956.75,1639017.5,2179919.75
128,1758488.375,1656677.125,1829131.125,1682190.5,1762404.0,1629427.5,1726854.75,1692788.75,1755770.875,1683164.5,1831371.25,2053212.375,1748458.875,1789718.375,2015110.5,1871082.25,1806153.125,1741467.5,2101487.75,1810075.5,1823727.375,1698714.125,1681474.5,1510067.625,1818499.875,1588414.125,1589384.5,1443472.75,2084867.625,1896357.5,1875998.25,1671324.25,1626326.0,1559990.875,1673903.5,1585796.375,1658950.5,1532915.875,1764666.375,1864130.5,1683583.875,1908100.875,1521145.875,1281426.125,1261654.25,1192789.5,1382183.75,1488062.625,1445519.625,1318707.5,1537362.875,1526730.75,1681901.375,1512879.125,1672606.0,1822600.75,1763954.375,1600071.0,1422252.0,1576450.875,1466993.5,1451928.75,1780814.625,1838734.25,1617221.5,1645006.375,1534622.0,1634978.5,1497744.375,1545453.375,1916913.625,1717787.625,1807341.5,1691598.75,1552847.5,1232853.125,1933758.0,1678404.5,1594508.375,1758165.625,1200781.375,1276499.875,1393160.125,1408389.625,1496670.875,1431511.875,1563429.125,1520415.25,1243625.0,1340203.125,1523666.375,1405087.625,1304417.75,1200223.75,1465355.25,1340641.25,1481383.875,1545667.875,1503305.0,1449571.125,1171906.75,1134115.625,1493207.75,1349832.0,1660115.375,1747817.125,1568323.875,1539564.25,1470942.0,1480422.25,1421671.125,1293122.125,1838908.125,1706971.125,1425119.125,1388223.5,1530507.875,1392149.375,1900725.0,1987408.0,2007385.0,1795417.375,1928233.875,1842836.0,1863980.875,1966912.25,1882658.0,1975683.625,2053491.5,2049235.0,1936368.875,1887566.875,1958939.75,2128831.75,1530965.5,1464469.625,1923924.625,1855858.375,2032806.125,2035598.625,1627866.875,1572717.0,1868655.125,1796940.75,1785786.5,1632104.0,1875910.875,1991194.875,1938278.75,1801171.875,2049720.25,1907578.375,1922051.5,2015630.125,1765935.0,1754521.75,1498214.0,1485617.125,1983456.875,1726259.875,1843019.375,1697680.875,1726908.75,1680223.625,1817290.5,1668593.25,1647502.125,1390193.5,2135922.25,2012862.0,1685300.875,1566864.75,1611056.375,1431422.125,1942729.0,1984663.25,1602431.875,1824351.375,1747066.125,1968155.375,1808898.375,1712894.625,1693648.75,1827892.875,1878043.25,1911945.75,1835145.375,2004927.875,1704421.75,1722275.0,2006878.25,2038512.75,1738580.75,1897347.25,1849423.5,1808800.125,2007454.625,2064865.125,1742816.625,1641916.5,1639614.875,1557529.375,1342683.625,1377144.375,1425089.875,1486726.125,1718329.25,1654718.25,1940069.75,2012490.625,1039711.8125,1067833.25,1233697.125,1194560.75,1347078.375,1249147.625,1899746.5,1624940.25,2150058.0,1803429.375,1373754.75,1375164.125,1585837.0,1668579.5,1385286.5,1414688.875,2685228.25,2257982.25,1422822.75,1328516.75,2283106.25,2319253.5,1427185.375,1697321.25,1731548.25,1628088.75,2771010.0,2325969.5,2160907.5,2330378.25,2394668.25,2666510.25,3002980.25,2940291.25,1640686.5,2187858.75
129,1758658.125,1655528.125,1831303.0,1682801.875,1764059.0,1632495.875,1725871.0,1691772.375,1753215.625,1683970.375,1832320.625,2055020.5,1751042.375,1793015.75,2017453.875,1872610.625,1806594.125,1741696.375,2103877.5,1814175.125,1824969.0,1699777.875,1682227.0,1510205.25,1818336.625,1587552.0,1588457.125,1440432.375,2082724.75,1895843.5,1874665.25,1674144.875,1625693.75,1563506.0,1674275.125,1589313.0,1658446.75,1531518.25,1761298.375,1863171.75,1680550.25,1908221.0,1519771.75,1279209.5,1260805.875,1189423.875,1379905.625,1485812.125,1447241.125,1319187.625,1537816.125,1525977.625,1685077.75,1515246.0,1672506.0,1820110.875,1763559.125,1600223.75,1419810.75,1576886.875,1467506.25,1451792.375,1780201.625,1838751.75,1618957.25,1647865.625,1531408.625,1631523.875,1495305.0,1540230.625,1913700.375,1716344.625,1807016.875,1692028.75,1550210.0,1232357.75,1933783.75,1676880.75,1593515.75,1753021.125,1202393.75,1276331.5,1391418.125,1408050.625,1496830.375,1428247.375,1565179.125,1518091.625,1242721.75,1340591.25,1520072.125,1406328.75,1301226.875,1198688.0,1463817.875,1339883.0,1481828.5,1542180.375,1503800.5,1449873.0,1170173.75,1132752.875,1492041.5,1348214.75,1661504.875,1746675.625,1567244.5,1537036.125,1468457.375,1478243.875,1419828.875,1292418.625,1837238.25,1703328.5,1420609.375,1380538.125,1527757.375,1391708.375,1897082.25,1972820.625,2002822.75,1792906.0,1926177.625,1842158.25,1862398.125,1963866.375,1881544.875,1970834.625,2054658.5,2050293.75,1936575.125,1889989.625,1958578.75,2128445.25,1533201.125,1464017.875,1922942.875,1852883.875,2035264.0,2036566.875,1628220.875,1570704.25,1867170.875,1797193.25,1786043.875,1634183.125,1874717.125,1987095.125,1942275.625,1801868.875,2049830.875,1905310.875,1922389.0,2016617.0,1768758.625,1758034.375,1500184.875,1486037.5,1986337.625,1730720.125,1843139.25,1698682.625,1728407.625,1683682.75,1819384.25,1670050.0,1647820.875,1389705.5,2144558.0,2017319.375,1687017.75,1566248.375,1609751.375,1430899.625,1945273.25,1988401.375,1603051.375,1824848.25,1749432.5,1969194.375,1808471.0,1713270.875,1694141.375,1829925.125,1879449.5,1914693.625,1835129.375,2005760.375,1704468.5,1720956.5,2004954.625,2036497.75,1743214.5,1897017.75,1847802.625,1810659.5,2005704.125,2064370.25,1745029.625,1639343.0,1639346.875,1556955.5,1350240.5,1378572.5,1428978.0,1485380.0,1718560.625,1649529.75,1940635.75,2007188.375,1035168.1875,1067169.75,1232553.25,1193755.0,1345551.625,1247155.0,1899266.5,1625305.5,2152128.75,1802811.75,1372982.25,1374413.125,1588849.5,1672261.625,1385386.375,1414123.125,2680468.5,2256033.5,1422158.625,1328000.75,2296360.75,2321301.25,1427402.25,1703023.0,1731150.375,1629831.0,2778249.5,2329882.5,2159597.25,2328634.5,2398402.0,2670204.0,3001642.25,2942029.75,1642522.0,2190183.25
130,1755993.375,1650643.875,1830587.375,1685636.25,1756997.375,1628005.625,1728357.375,1693518.5,1753010.75,1683451.75,1834427.625,2056239.25,1748578.75,1787494.125,2017097.25,1873434.5,1807034.625,1747181.75,2104704.5,1815580.375,1821994.875,1700491.875,1684084.25,1510930.875,1817639.875,1589013.25,1586830.5,1437571.75,2078382.25,1899336.125,1873567.625,1675741.375,1625161.875,1567721.625,1669081.0,1586251.375,1658170.75,1530785.625,1756453.25,1865500.25,1679334.5,1912094.5,1518671.25,1279247.0,1260522.5,1187941.25,1378965.5,1486822.5,1445559.5,1320698.375,1536028.375,1527380.75,1682796.75,1513134.875,1672659.25,1818379.25,1762240.375,1599303.625,1420926.875,1580480.25,1463842.875,1449438.75,1778424.75,1838806.875,1619337.625,1650062.5,1530790.375,1629882.375,1505389.75,1547138.625,1910223.375,1714518.375,1806637.5,1691328.875,1546307.25,1230319.875,1937960.5,1680703.75,1594284.0,1749363.125,1201884.75,1278361.875,1394290.375,1414006.625,1494871.625,1427963.125,1564304.5,1517702.875,1241787.625,1341819.375,1516703.125,1407027.25,1300413.125,1202257.125,1464613.75,1343110.25,1479109.75,1542568.5,1503420.375,1452130.375,1169608.5,1137334.0,1493994.875,1351616.375,1661631.375,1749333.625,1568991.875,1538010.375,1473853.375,1478522.625,1420901.0,1296704.875,1838205.125,1705449.625,1426698.625,1385282.125,1535262.125,1392141.125,1896101.625,1983007.375,1998597.5,1790588.75,1922195.875,1837592.25,1858728.875,1962025.75,1881371.625,1968780.25,2051482.375,2049203.5,1937657.875,1891445.625,1955661.75,2128066.25,1530294.25,1463320.375,1923498.125,1854031.625,2029831.5,2036188.375,1627295.5,1571222.375,1862001.5,1796750.875,1782297.0,1632255.5,1877952.25,1989523.625,1937282.75,1801124.0,2051229.125,1903664.5,1922299.5,2014708.5,1766490.125,1758194.375,1497995.5,1482089.75,1982701.0,1730918.375,1844155.25,1699209.75,1730635.125,1683944.5,1822088.625,1669538.625,1647438.125,1387741.75,2146900.0,2025336.625,1685782.75,1566207.5,1609605.25,1429310.0,1945797.125,1985821.25,1602125.75,1825817.5,1749530.5,1973229.875,1807212.0,1713925.5,1695576.375,1829413.75,1875637.875,1911108.0,1834419.375,2004661.0,1705384.125,1720182.625,2006078.5,2038222.625,1736613.625,1893898.25,1846176.625,1813852.0,2007297.875,2066127.875,1742865.25,1638152.75,1636365.75,1556173.875,1347018.25,1376641.125,1427833.125,1485355.75,1720069.375,1644130.375,1939056.625,2005389.625,1036772.9375,1066802.75,1232576.75,1193069.875,1348562.875,1250754.0,1902263.625,1629485.375,2149078.25,1799585.875,1372284.875,1375071.625,1587655.375,1669725.25,1384454.25,1413554.375,2678079.5,2253895.25,1422401.5,1329069.25,2307540.5,2321178.0,1427929.875,1704441.0,1732622.625,1632320.25,2785992.0,2334497.75,2160732.5,2331618.75,2398330.0,2671402.75,3001481.75,2940157.0,1643892.875,2189464.25
131,1756602.0,1652331.25,1825775.25,1687457.625,1746289.75,1620550.875,1732248.375,1695275.0,1754496.125,1685874.875,1835483.875,2054635.625,1743973.875,1779275.625,2013562.875,1869991.375,1807991.875,1752393.125,2103534.75,1812089.125,1820084.625,1699191.875,1684603.875,1512819.625,1819575.5,1591421.5,1590718.25,1440879.875,2078089.0,1905163.75,1877583.375,1672433.25,1626610.25,1566375.25,1668461.875,1584169.875,1659037.125,1531940.0,1757260.375,1869039.0,1679016.0,1910356.25,1519220.5,1281835.25,1260973.25,1189712.25,1380213.25,1486934.875,1442243.5,1319479.125,1534735.125,1529570.375,1679956.875,1510214.5,1674007.25,1819625.875,1760612.875,1598648.875,1424089.125,1582460.875,1461365.625,1449893.0,1778314.5,1839560.25,1618082.0,1650079.875,1531749.125,1633906.875,1511594.75,1555545.0,1912535.5,1715874.25,1805856.625,1691671.0,1545763.875,1229961.375,1939462.375,1685517.5,1591308.25,1753411.625,1198350.75,1280335.625,1395975.375,1416530.0,1493143.25,1431334.25,1560557.5,1520122.125,1241896.125,1341564.625,1518775.875,1406957.25,1302463.5,1204949.0,1465138.0,1345795.25,1475683.875,1545319.25,1499797.75,1453076.375,1169092.125,1140087.25,1495409.75,1354984.5,1660416.625,1751983.25,1569560.875,1542050.0,1477959.875,1478049.375,1418553.0,1293606.5,1838121.0,1706743.0,1429754.125,1388611.75,1538168.625,1393257.375,1894696.25,1991305.75,1999254.625,1791684.0,1924944.5,1835719.375,1864000.5,1969405.875,1887270.875,1972071.75,2052709.5,2049266.375,1939541.0,1888990.875,1960113.25,2129724.25,1527755.0,1463699.125,1930358.0,1859893.75,2029748.75,2036765.125,1627420.75,1572968.0,1861740.375,1799416.0,1781556.0,1630564.75,1887311.5,1998255.0,1933647.375,1803143.0,2052555.375,1905637.75,1922430.5,2013236.125,1764875.0,1755965.375,1496436.5,1479349.25,1982174.375,1729174.375,1845566.25,1698813.375,1729766.75,1682116.5,1820056.625,1667351.625,1647040.875,1387405.125,2141308.5,2022878.625,1685065.0,1567972.25,1609722.625,1429199.5,1942965.75,1980062.125,1600090.75,1823451.5,1747461.875,1972083.5,1805582.5,1711391.625,1694090.25,1827390.125,1871597.0,1905600.875,1832749.625,1999432.0,1707181.75,1720394.125,2011070.875,2042399.75,1731303.5,1894817.5,1848149.875,1812825.0,2009822.75,2066132.125,1740215.875,1640415.875,1636130.875,1555881.5,1334398.125,1371084.125,1423217.125,1485885.0,1723015.125,1650187.75,1942134.0,2012437.375,1040339.8125,1066458.875,1233067.625,1192766.125,1349002.25,1250652.5,1901014.625,1629164.0,2143639.0,1799010.875,1372281.875,1375733.375,1584091.0,1664865.375,1384056.625,1413596.0,2680986.5,2254528.75,1422656.875,1329846.375,2293589.5,2319209.75,1426884.125,1700460.625,1733455.875,1632860.5,2779167.25,2330820.25,2161564.75,2334954.25,2395218.75,2669486.75,3003237.0,2937384.75,1641880.75,2189324.0
132,1755958.0,1651122.625,1822410.0,1684562.625,1749020.75,1621118.375,1734643.0,1693535.25,1757107.125,1689585.375,1833563.625,2052113.75,1744091.75,1777877.125,2012780.375,1869065.375,1807731.375,1751542.5,2105440.25,1811552.75,1821210.75,1699854.375,1682065.375,1516877.125,1821727.125,1591132.25,1595133.75,1444931.25,2080874.125,1907451.875,1880864.5,1670408.0,1626225.875,1564964.75,1673056.875,1590272.375,1658711.125,1534005.0,1760233.75,1869185.875,1679663.0,1907040.375,1518494.0,1282757.25,1262565.375,1194257.375,1380505.125,1482857.75,1443528.25,1318458.125,1536580.625,1531527.0,1681713.5,1513629.875,1674862.25,1823457.25,1761454.75,1602212.5,1426072.375,1584551.125,1463584.5,1452985.625,1780912.875,1840863.75,1619084.875,1652375.875,1537333.875,1643801.75,1506939.625,1551115.5,1916224.875,1719117.0,1805063.75,1693239.125,1549885.25,1232149.125,1937304.125,1685699.625,1587620.5,1758884.125,1197170.125,1279004.5,1396398.75,1411215.375,1496499.625,1433892.25,1559948.875,1520487.875,1243732.375,1339358.125,1524427.25,1405989.625,1305077.625,1202133.75,1464067.75,1343120.375,1479383.5,1545583.875,1497419.5,1450299.375,1167771.25,1134698.875,1496050.75,1353351.5,1660323.25,1750421.375,1569112.375,1543023.5,1476579.5,1477170.875,1417296.875,1287642.125,1837925.25,1702632.0,1423435.625,1384510.375,1534336.75,1391475.125,1892963.0,1980391.125,2005643.75,1796345.75,1929974.25,1841243.75,1872286.375,1979465.875,1889066.75,1975151.625,2059988.625,2054452.875,1940178.5,1888219.5,1967587.625,2132628.25,1528486.625,1461591.625,1931874.125,1860923.375,2037503.125,2040495.25,1626311.125,1572814.75,1861743.0,1800791.5,1786168.75,1632040.625,1890432.125,2001990.5,1937296.0,1806369.375,2050423.5,1904925.375,1923002.625,2014856.75,1765790.375,1758430.875,1498675.625,1481786.0,1987909.625,1732653.75,1846832.75,1700170.25,1726319.75,1682933.625,1816704.5,1668890.375,1646870.75,1389988.5,2134602.25,2016490.625,1684529.875,1569321.5,1608435.75,1430903.0,1938960.75,1976996.375,1601125.125,1822318.5,1747681.75,1967980.625,1804366.375,1708322.875,1695193.5,1829146.125,1875372.25,1908527.5,1832570.5,1998343.0,1701010.75,1717346.875,2008824.75,2039769.625,1733761.625,1898012.125,1848346.5,1808295.5,2007112.75,2060996.5,1741509.75,1642070.5,1639349.375,1555518.25,1332880.25,1369579.875,1421672.625,1483880.75,1724772.125,1655863.25,1946444.875,2014126.375,1038140.5625,1066074.375,1232044.375,1192180.0,1344987.5,1247430.375,1895894.375,1625995.125,2145305.0,1801996.375,1372352.375,1373501.5,1585617.375,1665120.0,1384053.5,1413647.375,2681410.75,2256116.75,1422554.25,1329678.875,2280369.0,2318730.5,1425920.125,1696724.625,1731296.375,1631077.25,2769671.25,2323187.25,2159037.0,2332676.25,2395438.5,2670945.25,3002684.25,2936067.0,1638607.625,2189942.25
133,1752092.375,1642435.5,1822625.25,1674807.75,1757628.0,1623041.5,1738907.375,1687832.25,1760844.5,1690363.0,1831206.375,2050162.375,1744273.25,1775773.25,2013544.75,1870123.0,1804262.25,1745133.5,2103740.0,1804540.125,1819419.375,1695556.0,1677226.375,1509683.0,1821834.5,1584939.5,1588562.625,1442197.125,2080788.75,1901872.625,1876450.875,1666749.125,1622212.25,1562566.75,1672120.5,1590487.625,1657302.75,1535809.125,1760089.75,1865407.375,1681426.375,1909908.625,1515476.0,1284114.375,1265074.375,1201737.625,1378714.25,1477939.25,1446694.0,1320396.125,1537909.125,1533804.125,1685570.5,1516523.5,1677986.25,1826996.375,1765077.375,1605404.5,1429998.375,1591381.125,1466807.875,1452800.625,1783033.875,1839318.625,1620900.0,1654627.75,1544888.5,1651955.0,1510517.375,1547022.125,1917936.125,1720177.125,1808865.125,1694911.625,1554207.75,1235230.375,1943033.75,1689170.25,1590360.125,1764798.125,1196410.625,1279581.0,1398935.375,1412144.875,1496330.25,1434208.125,1563772.625,1523681.5,1242529.0,1340350.875,1524121.625,1406313.125,1305757.0,1202886.375,1462115.0,1341386.875,1480211.75,1546576.875,1496187.0,1448209.5,1165721.75,1130575.0,1497547.125,1352392.5,1658409.25,1748148.375,1569727.5,1542531.875,1480246.5,1480835.875,1422565.75,1294946.0,1841699.5,1704818.375,1426247.875,1389648.875,1544067.75,1391880.5,1899230.75,1986101.125,2011766.125,1802017.75,1929931.625,1847474.25,1875953.25,1984975.0,1879953.75,1975914.125,2063752.875,2058553.25,1942041.125,1891697.5,1969278.25,2134221.75,1523971.25,1456203.25,1920391.5,1851580.625,2039846.125,2041776.25,1620344.125,1569398.375,1853755.5,1795253.875,1787774.25,1631928.875,1881238.5,1996887.0,1938970.75,1806442.0,2046128.0,1900744.125,1922211.125,2015895.875,1766762.625,1761085.25,1500746.875,1483954.375,1992199.625,1736889.125,1851889.0,1703004.75,1725678.375,1683032.875,1821995.125,1674222.875,1648732.625,1391856.0,2137488.75,2019486.625,1685640.25,1568476.125,1610351.875,1432601.75,1937024.625,1977473.375,1604793.25,1825921.125,1748706.625,1967943.375,1803756.875,1709568.5,1700891.75,1832706.75,1881938.25,1915348.125,1834932.5,2003853.0,1690121.875,1711745.25,2000847.875,2033117.5,1725676.0,1894569.75,1845250.0,1806264.375,2002890.375,2056546.625,1741398.125,1642103.5,1638597.375,1557241.5,1333531.25,1370760.875,1418489.5,1482694.375,1720069.125,1649178.875,1942402.0,2003381.125,1039303.875,1068286.875,1234729.125,1194265.0,1348391.75,1252985.125,1898946.0,1629183.375,2151280.0,1801441.125,1372704.125,1370063.375,1589064.625,1665442.0,1384365.5,1413069.875,2679459.5,2255806.5,1423312.125,1330183.375,2290541.75,2321009.75,1425982.0,1695685.25,1727205.25,1627905.5,2777671.25,2324813.0,2154799.75,2327838.5,2395156.25,2672705.75,3001334.75,2938377.75,1637816.75,2186773.5
134,1753635.875,1641553.875,1824165.5,1669783.375,1761514.875,1625644.25,1740301.75,1684955.0,1763262.5,1689573.375,1831391.25,2051474.5,1744464.25,1776291.125,2012788.0,1869360.875,1802629.875,1741026.25,2099287.25,1798917.0,1816867.375,1691076.0,1675320.375,1499433.0,1820844.75,1580958.25,1581801.125,1438512.0,2080407.125,1896275.75,1872133.125,1664864.875,1620666.0,1560866.125,1669165.375,1586099.0,1657346.25,1536207.625,1759852.5,1863625.0,1682343.25,1913134.75,1515563.375,1285307.875,1266011.75,1204269.625,1379223.0,1479692.375,1446997.875,1321388.25,1537807.125,1534363.5,1686722.125,1515658.0,1679633.375,1826747.5,1766593.875,1604047.375,1431305.125,1592703.375,1468116.625,1451366.875,1783346.875,1837323.75,1620335.25,1652613.0,1545623.375,1650965.875,1516093.75,1549700.625,1918560.25,1719971.875,1812720.0,1696014.25,1555540.0,1236678.75,1949553.5,1692575.75,1595287.125,1767788.625,1196611.5,1281626.875,1399189.0,1417268.25,1493621.125,1433923.125,1566250.5,1527180.625,1240166.875,1343342.75,1520244.125,1407298.25,1304315.0,1205152.5,1461938.0,1342748.125,1477161.375,1548391.375,1497048.875,1449618.875,1166102.0,1132665.875,1496731.25,1352858.625,1656670.625,1748434.5,1569583.625,1541895.125,1482318.125,1484056.625,1425664.875,1302810.875,1843377.125,1709468.5,1432053.25,1396860.5,1552391.0,1395094.875,1905193.625,1999889.5,2012970.0,1803431.0,1927744.0,1848076.0,1872256.75,1980937.0,1870748.25,1975640.25,2061306.375,2056748.5,1942053.5,1893316.875,1965737.625,2133377.0,1520572.625,1455475.25,1911563.0,1845525.375,2036341.625,2039655.125,1617427.25,1567657.875,1850226.375,1791493.0,1786065.0,1631092.0,1869927.125,1990118.875,1936198.75,1803282.5,2043874.875,1899467.0,1920934.875,2015060.375,1766748.0,1759867.5,1500713.625,1484313.875,1990842.625,1735255.0,1853069.25,1702697.375,1727716.375,1681735.0,1827857.875,1676316.0,1650134.5,1391828.625,2145216.5,2024685.375,1687619.875,1568059.625,1613843.875,1433240.875,1938992.125,1980229.125,1606156.75,1828888.25,1749105.75,1970413.625,1804170.375,1712284.75,1703281.875,1833716.75,1883211.75,1916671.125,1836895.625,2008529.125,1688589.375,1711696.375,1999259.5,2032270.875,1719269.625,1890518.25,1844364.625,1807833.875,2003321.375,2058076.75,1740787.75,1642999.75,1636493.25,1559312.5,1333348.25,1373298.75,1416500.75,1484387.5,1714715.0,1643099.125,1936467.125,1997376.625,1043983.5,1070856.125,1238901.125,1197096.25,1353825.625,1258799.625,1904173.75,1632654.25,2152435.75,1798875.75,1372828.875,1369760.25,1588908.25,1663651.375,1384962.625,1412964.125,2680245.5,2255509.25,1424110.0,1330599.125,2299100.75,2319719.75,1425433.75,1694569.375,1725119.75,1624463.375,2786890.5,2327973.0,2152847.5,2325130.25,2392292.75,2669506.0,3001885.0,2940869.75,1637347.5,2181044.75
135,1762783.875,1656008.5,1826620.375,1683404.75,1769229.375,1640809.75,1729584.375,1693012.75,1762540.875,1688661.0,1832966.375,2059374.375,1752410.5,1793615.5,2012719.0,1872581.25,1806820.25,1745103.625,2102945.25,1819348.75,1819172.375,1703409.875,1678953.0,1512426.375,1817650.375,1589404.375,1590767.125,1442239.375,2083750.625,1899946.875,1875596.0,1678300.75,1624559.625,1570170.875,1673474.125,1594109.625,1658369.125,1533698.25,1762645.375,1867422.75,1681818.375,1910937.0,1520301.25,1281467.0,1263374.75,1194288.75,1383934.125,1490383.75,1446839.25,1318901.0,1539395.0,1531385.125,1682617.875,1519166.0,1671356.5,1823613.25,1762435.375,1602965.25,1421046.125,1579668.25,1468195.625,1453612.125,1782375.25,1839978.125,1618334.875,1648697.5,1538707.375,1642127.375,1499663.875,1544836.875,1915450.875,1720369.375,1807183.25,1695165.875,1554874.25,1234490.25,1937165.375,1680468.875,1596044.5,1756542.375,1205451.875,1276904.375,1394767.5,1409698.5,1503402.0,1431868.125,1564741.75,1518989.0,1245238.125,1340790.625,1524131.875,1405083.75,1303685.875,1197155.625,1466674.25,1340141.625,1487267.25,1544491.375,1506596.75,1450968.5,1172824.0,1133977.5,1492406.0,1348488.375,1661918.125,1749142.625,1568645.625,1536318.875,1468728.5,1479353.375,1420609.375,1292531.5,1837238.5,1703219.0,1419612.125,1386742.75,1531234.375,1391632.625,1897028.375,1981972.0,2010545.375,1796134.75,1926752.125,1843627.375,1856878.25,1963436.25,1868720.875,1972513.0,2057143.625,2052531.625,1932954.5,1889693.0,1958623.125,2130408.5,1531775.625,1462597.375,1916760.875,1854147.375,2034048.0,2039947.125,1623774.5,1572772.5,1862299.375,1797228.375,1786332.75,1634356.0,1863009.25,1985675.0,1935507.125,1798241.125,2044246.5,1901954.5,1921776.375,2015182.25,1763726.25,1760831.5,1499505.25,1486460.5,1983392.125,1730674.75,1839246.375,1697797.25,1727282.375,1683167.625,1819165.125,1672187.5,1646256.0,1391699.875,2137834.25,2019957.125,1683971.125,1569800.75,1611088.375,1432604.25,1943879.625,1984399.0,1603841.125,1827306.5,1751444.75,1971790.0,1807138.625,1712944.375,1699587.75,1833947.5,1880582.25,1914866.75,1836375.5,2009026.375,1698465.625,1719952.625,2004792.125,2037309.875,1739908.25,1895548.5,1846673.75,1810155.125,2006297.375,2063146.5,1748556.625,1643589.5,1642312.375,1556214.0,1353179.25,1382392.0,1427233.375,1484379.5,1716904.25,1648818.375,1938429.5,2006741.125,1039185.5,1068606.0,1236149.125,1195273.25,1346173.625,1250242.875,1897425.625,1626723.25,2150503.75,1802102.875,1372058.375,1374237.375,1588208.375,1669089.5,1384807.125,1413834.125,2682277.75,2258694.75,1423111.125,1329674.5,2288932.0,2314325.0,1424419.375,1693532.0,1729106.625,1624589.5,2776355.75,2321326.0,2156950.5,2326812.75,2394855.75,2667455.25,3002151.25,2938371.25,1636279.5,2181216.0
