time,ROI_001,ROI_002,ROI_003,ROI_004,ROI_005,ROI_006,ROI_007,ROI_008,ROI_009,ROI_010,ROI_011,ROI_012,ROI_013,ROI_014,ROI_015,ROI_016,ROI_017,ROI_018,ROI_019,ROI_020,ROI_021,ROI_022,ROI_023,ROI_024,ROI_025,ROI_026,ROI_027,ROI_028,ROI_029,ROI_030,ROI_031,ROI_032,ROI_033,ROI_034,ROI_035,ROI_036,ROI_037,ROI_038,ROI_039,ROI_040,ROI_041,ROI_042,ROI_043,ROI_044,ROI_045,ROI_046,ROI_047,ROI_048,ROI_049,ROI_050,ROI_051,ROI_052,ROI_053,ROI_054,ROI_055,ROI_056,ROI_057,ROI_058,ROI_059,ROI_060,ROI_061,ROI_062,ROI_063,ROI_064,ROI_065,ROI_066,ROI_067,ROI_068,ROI_069,ROI_070,ROI_071,ROI_072,ROI_073,ROI_074,ROI_075,ROI_076,ROI_077,ROI_078,ROI_079,ROI_080,ROI_081,ROI_082,ROI_083,ROI_084,ROI_085,ROI_086,ROI_087,ROI_088,ROI_089,ROI_090,ROI_091,ROI_092,ROI_093,ROI_094,ROI_095,ROI_096,ROI_097,ROI_098,ROI_099,ROI_100,ROI_101,ROI_102,ROI_103,ROI_104,ROI_105,ROI_106,ROI_107,ROI_108,ROI_109,ROI_110,ROI_111,ROI_112,ROI_113,ROI_114,ROI_115,ROI_116,ROI_117,ROI_118,ROI_119,ROI_120,ROI_121,ROI_122,ROI_123,ROI_124,ROI_125,ROI_126,ROI_127,ROI_128,ROI_129,ROI_130,ROI_131,ROI_132,ROI_133,ROI_134,ROI_135,ROI_136,ROI_137,ROI_138,ROI_139,ROI_140,ROI_141,ROI_142,ROI_143,ROI_144,ROI_145,ROI_146,ROI_147,ROI_148,ROI_149,ROI_150,ROI_151,ROI_152,ROI_153,ROI_154,ROI_155,ROI_156,ROI_157,ROI_158,ROI_159,ROI_160,ROI_161,ROI_162,ROI_163,ROI_164,ROI_165,ROI_166,ROI_167,ROI_168,ROI_169,ROI_170,ROI_171,ROI_172,ROI_173,ROI_174,ROI_175,ROI_176,ROI_177,ROI_178,ROI_179,ROI_180,ROI_181,ROI_182,ROI_183,ROI_184,ROI_185,ROI_186,ROI_187,ROI_188,ROI_189,ROI_190,ROI_191,ROI_192,ROI_193,ROI_194,ROI_195,ROI_196,ROI_197,ROI_198,ROI_199,ROI_200,ROI_201,ROI_202,ROI_203,ROI_204,ROI_205,ROI_206,ROI_207,ROI_208,ROI_209,ROI_210,ROI_211,ROI_212,ROI_213,ROI_214,ROI_215,ROI_216,ROI_217,ROI_218,ROI_219,ROI_220,ROI_221,ROI_222,ROI_223,ROI_224,ROI_225,ROI_226,ROI_227,ROI_228,ROI_229,ROI_230,ROI_231,ROI_232,ROI_233,ROI_234,ROI_235,ROI_236,ROI_237,ROI_238,ROI_239,ROI_240,ROI_241,ROI_242,ROI_243,ROI_244,ROI_245,ROI_246
1,1372323.875,1295671.375,1387382.0,1335753.75,1619306.5,1503484.875,1593945.75,1405162.25,1503244.375,1353667.875,1572272.75,1655815.5,1732188.5,1892868.0,1605360.625,1566166.125,1684051.375,1710163.0,1844366.125,1755089.125,1677745.5,1643881.875,1435967.375,1508956.75,1523574.625,1542148.0,1578170.0,1571922.375,1748438.625,1710797.75,1916332.125,1816807.0,1523081.875,1415729.25,1561381.625,1332014.0,1425318.875,1469492.625,1620702.5,1840236.25,1728181.625,1759552.75,1270096.0,1174563.5,1096041.5,1068557.0,1263623.25,1497796.75,1232218.125,1180256.875,1248665.5,1302537.25,1528015.125,1569633.25,1526669.5,1574611.375,1536354.75,1514882.5,1425953.25,1493730.25,1576832.25,1593929.5,1976790.0,2151900.5,1412068.25,1444090.875,1433660.25,1343757.375,1406869.875,1387609.0,1700929.75,1706411.625,1749675.375,1840973.875,1441433.625,1199593.875,1671122.625,1649431.5,1665246.375,1868871.375,1121507.0,1156462.375,1411033.75,1431626.375,1308575.875,1376811.375,1635089.25,1640724.25,1275092.25,1283479.75,1325789.25,1330744.75,1304115.375,1301866.875,1409273.25,1331406.0,1267666.0,1384705.125,1274162.125,1262862.375,982494.25,1021646.125,1360398.0,1242429.875,1634524.5,1823488.125,1378478.625,1423024.125,1371880.0,1411454.5,1538452.125,1262715.5,1605235.0,1304985.625,1319083.125,1320249.25,1373168.75,1363202.0,1734984.25,1622631.25,1929945.875,1951572.0,1744186.25,1869869.75,1499947.625,1540497.625,1629623.5,1719557.75,1769032.5,1837309.375,1657660.75,1747284.25,1785538.125,1956015.125,1399731.0,1515545.625,1866901.875,1988969.0,2011468.375,2067244.625,1617082.75,1832334.875,1548317.375,1670579.25,1717377.0,1820134.875,1516381.875,1534629.875,1464734.125,1524985.875,1555239.875,1649445.0,1610549.125,1656232.625,1714467.125,1659459.125,1318676.5,1426436.375,1887645.875,1961168.0,1738448.75,1582293.875,1639734.625,1621163.875,1493000.75,1625438.125,1388662.875,1604021.0,1958061.75,1923613.375,1418378.0,1457692.625,1433528.625,1459230.5,1581886.0,1610142.375,1390804.75,1496672.625,1483948.875,1649426.0,1614547.375,1743032.375,1383438.25,1435430.125,1473679.25,1508361.625,1525011.875,1757544.5,1577562.25,1537202.5,1721224.625,1797268.0,1467666.5,1627392.875,1800937.5,1790738.25,1686427.125,1820496.25,1415264.625,1398196.75,1411284.375,1421570.5,1170432.5,1281450.625,1241624.125,1347619.0,1492258.125,1515698.0,1561141.875,1662324.875,895549.875,921379.375,1165795.625,1141755.625,1180725.625,1100870.625,1509365.5,1435397.0,1902022.875,1753511.0,1195717.25,1235593.25,1466658.5,1586620.125,1280952.75,1354688.625,2221714.25,2159059.25,1339469.625,1289046.125,2019965.375,2335807.5,1282158.5,1473062.125,1417002.875,1402487.0,2406701.75,2108698.5,1870398.5,2182126.5,2002005.5,2618014.75,2734153.0,2732552.25,1471031.125,2065489.875
2,1370233.875,1294558.0,1383001.375,1335833.25,1614601.875,1501308.125,1594557.25,1404145.625,1499504.625,1350949.75,1571715.375,1653260.625,1727866.625,1888667.75,1602470.125,1568556.875,1681338.5,1710277.375,1839334.25,1752749.75,1675244.25,1641853.75,1434913.0,1509177.625,1521337.75,1541003.75,1578030.75,1569250.375,1747455.125,1709669.125,1914208.375,1818580.125,1520161.25,1415220.0,1555009.75,1332395.875,1421460.875,1467662.25,1615585.375,1839323.375,1728295.0,1758091.875,1262384.375,1170518.25,1092739.25,1065509.25,1262250.375,1498309.75,1230656.375,1178709.625,1242186.5,1298045.125,1523885.125,1572198.75,1526993.125,1576616.0,1535470.375,1515637.125,1424772.625,1499245.25,1571408.25,1591871.375,1975843.0,2153316.5,1415258.0,1446714.5,1433920.5,1346315.125,1409477.5,1391056.625,1700783.5,1705288.75,1748564.625,1842453.0,1445120.75,1203859.375,1657618.125,1646636.25,1662424.0,1875212.625,1119285.5,1158634.375,1409132.125,1432981.25,1308408.125,1380365.5,1637024.125,1647134.0,1278891.75,1289495.375,1326883.5,1332161.75,1307712.75,1305102.25,1407765.125,1333154.0,1269378.25,1387110.375,1272117.5,1262575.75,980388.75,1021156.1875,1361806.375,1245908.125,1635811.375,1822952.75,1378982.5,1422980.125,1371172.5,1415338.875,1545117.5,1264894.5,1607459.5,1310031.875,1322271.5,1330701.875,1365277.5,1362984.75,1739447.75,1623814.75,1934845.125,1949692.375,1740833.125,1873092.875,1503446.625,1545664.125,1629824.0,1719949.875,1768884.5,1837795.5,1660691.5,1750821.625,1786563.625,1956249.125,1395242.75,1510898.5,1862639.5,1982269.875,2010851.25,2066494.125,1615599.625,1830255.875,1543458.625,1668695.5,1716760.125,1820792.25,1524065.75,1542961.25,1466266.375,1527406.0,1554495.0,1649765.875,1608531.375,1655733.375,1712984.5,1659473.5,1316986.375,1425234.125,1888198.75,1962945.25,1739340.375,1585313.75,1639724.875,1620461.25,1488956.0,1625351.125,1386146.125,1604580.0,1958382.125,1923268.875,1416629.625,1457312.75,1431659.375,1458818.75,1578037.625,1607969.375,1392061.5,1497298.0,1482065.625,1649196.875,1613976.0,1741224.375,1384605.25,1437726.125,1474201.75,1510178.125,1522984.5,1757502.375,1577721.25,1538118.75,1721352.25,1799505.875,1470854.875,1630588.375,1804286.5,1793322.375,1690206.25,1824459.0,1416721.625,1400711.125,1412066.875,1424591.375,1168805.375,1282125.625,1241689.75,1346913.625,1494445.625,1518114.125,1557345.75,1659013.625,895578.6875,924596.6875,1163880.375,1143563.0,1180381.5,1105361.75,1509118.75,1436283.0,1900719.75,1754050.5,1195625.25,1235370.0,1464451.5,1588024.0,1282203.5,1355066.375,2220500.75,2158116.25,1340211.75,1288375.875,2021440.25,2341196.25,1284137.5,1473561.875,1420113.375,1403764.0,2413414.0,2111500.5,1872814.875,2183798.25,2006366.25,2619277.25,2738080.5,2736808.5,1473215.75,2065296.375
3,1370583.875,1293243.75,1381464.375,1334401.875,1611156.25,1499120.25,1594735.25,1403336.25,1497487.875,1349033.25,1572845.0,1653912.375,1726503.125,1885714.875,1600852.625,1567798.5,1681255.375,1711100.5,1838736.625,1754214.875,1675717.125,1642272.125,1434216.125,1509277.75,1519635.625,1538705.375,1579654.875,1569321.125,1747719.125,1710744.625,1914824.75,1816246.625,1521058.0,1413563.5,1554018.125,1331597.5,1422747.375,1469125.875,1620057.625,1838589.5,1728237.25,1759065.875,1263730.0,1171609.625,1093767.0,1065442.25,1262388.625,1499486.0,1231975.625,1180148.125,1242570.125,1299405.75,1521308.0,1570701.5,1524858.5,1574111.625,1534868.875,1515250.75,1426500.0,1498270.875,1574348.125,1591428.125,1975301.75,2153607.5,1416640.25,1447543.5,1434668.75,1347028.0,1408301.875,1390688.375,1695283.0,1705035.0,1747859.125,1840878.375,1441508.625,1203174.0,1645992.25,1639784.25,1655588.375,1874475.875,1120185.125,1161809.875,1411498.5,1436109.875,1307037.625,1381543.5,1635855.25,1646440.125,1280708.125,1288858.75,1325529.375,1332450.75,1310245.5,1306141.75,1409808.75,1334982.25,1268497.875,1387565.375,1274638.75,1266716.125,981709.0625,1021420.0,1364186.75,1247379.5,1635097.75,1822103.125,1378530.125,1422478.875,1374049.375,1415071.75,1549961.75,1267169.875,1612171.125,1311563.625,1323463.125,1328761.5,1369317.0,1357316.25,1742107.0,1627439.125,1929404.75,1948875.375,1737301.125,1868082.625,1508353.0,1549307.125,1632131.625,1721039.625,1767449.125,1839173.75,1664682.0,1755030.625,1788281.375,1957150.25,1391815.375,1510640.625,1865899.0,1983398.0,2011836.625,2067823.25,1617587.75,1830603.375,1544105.5,1670859.5,1716357.625,1820646.25,1524524.0,1543816.875,1467079.875,1529409.0,1554205.0,1648567.25,1608431.875,1655688.375,1712774.25,1659294.875,1317185.125,1425155.125,1889466.625,1963520.875,1742095.375,1587074.875,1638599.0,1622158.25,1491375.375,1626212.5,1388044.875,1607466.75,1953132.625,1923122.0,1417724.625,1458185.625,1434872.625,1460646.25,1578586.875,1608642.375,1395370.125,1500898.375,1484415.625,1652347.375,1613748.5,1741676.75,1385654.0,1437911.75,1476778.75,1513324.125,1523048.75,1758353.125,1580555.75,1538040.625,1721964.0,1799103.25,1467722.25,1633325.25,1803380.25,1794600.5,1688497.25,1823287.5,1414258.375,1397201.125,1409382.625,1423513.25,1169495.5,1279040.75,1239402.625,1345785.25,1494954.25,1516774.125,1557304.5,1655602.25,894818.9375,919292.9375,1166434.875,1138887.75,1180520.75,1104317.875,1509810.75,1436043.375,1901824.75,1755045.375,1194118.25,1235040.375,1464232.875,1588152.5,1282238.375,1355749.5,2219650.75,2157451.25,1339824.875,1288045.375,2019436.75,2343870.5,1282772.25,1470855.25,1419169.375,1401252.25,2414740.5,2111095.75,1872274.375,2186654.5,2008987.375,2622331.25,2738315.75,2736304.25,1471470.125,2065419.5
4,1372582.125,1293060.25,1383514.25,1334158.375,1611873.0,1500313.75,1595034.75,1402041.875,1498877.5,1348204.875,1573434.875,1656666.875,1729183.5,1887724.375,1602380.375,1566258.875,1682782.25,1710538.75,1841960.125,1756847.375,1676427.125,1643581.75,1434119.875,1509295.625,1520828.0,1539221.125,1579702.0,1570847.625,1747659.875,1714124.375,1914176.375,1811343.0,1521998.75,1411672.25,1556617.0,1328541.25,1425457.125,1470996.0,1624858.75,1838420.25,1728157.5,1761167.125,1269863.5,1174947.125,1096361.375,1067820.125,1262778.625,1501077.125,1234144.375,1182695.875,1246412.375,1302059.5,1522165.875,1565489.25,1524162.25,1568740.5,1536335.125,1512710.375,1431555.125,1491389.125,1579225.5,1591654.5,1977645.5,2153027.5,1416292.875,1446121.5,1436349.75,1345494.5,1408502.5,1389582.125,1691107.25,1704830.375,1750318.125,1838714.375,1435306.5,1199130.75,1653032.875,1639259.5,1654298.0,1869397.5,1121141.625,1160423.5,1413002.125,1436204.75,1305976.75,1378956.75,1632903.5,1640793.125,1278426.0,1283241.375,1324035.875,1330691.875,1309234.875,1302115.875,1410548.25,1335416.125,1265798.875,1385836.375,1277169.25,1268556.125,983959.125,1022095.8125,1364983.875,1245678.75,1634115.25,1821691.25,1377992.875,1421799.5,1377655.75,1414480.875,1548418.625,1268178.375,1616120.0,1308213.625,1315665.375,1304670.625,1386509.375,1349902.625,1735536.375,1625984.0,1917043.875,1949976.25,1737459.5,1861798.875,1509559.0,1547370.5,1633654.5,1720427.75,1765326.625,1838247.875,1664638.625,1754190.75,1787511.25,1954995.25,1392706.5,1514867.25,1870506.75,1988120.5,2013146.0,2067207.75,1621228.625,1832608.25,1549184.0,1674162.0,1717211.625,1818516.375,1520187.0,1537947.75,1467239.0,1528995.875,1554642.0,1648157.25,1610728.875,1657133.5,1713030.5,1657809.75,1318065.875,1426053.25,1889187.0,1961600.125,1744123.375,1586378.125,1639099.0,1627898.125,1496152.125,1625311.125,1390512.5,1608902.75,1953569.375,1923924.25,1420042.875,1460542.75,1438241.875,1461597.625,1581923.75,1611162.125,1397844.5,1502423.0,1487200.5,1655938.875,1614557.375,1743827.0,1385630.25,1436416.75,1477294.5,1513255.375,1524081.375,1758342.75,1582435.875,1536469.75,1723669.25,1798576.875,1466456.375,1634648.25,1802753.75,1793570.875,1685266.75,1821096.375,1412690.0,1394108.0,1406514.125,1420998.75,1172598.75,1277128.125,1238044.5,1344513.0,1494607.375,1515580.625,1559946.625,1654843.625,892292.125,911757.125,1172594.25,1137356.25,1177438.625,1093425.25,1512787.25,1433709.5,1902415.125,1753636.375,1193753.875,1235148.25,1465914.75,1587426.25,1282571.0,1355650.625,2220704.25,2157823.25,1339781.625,1287501.125,2017617.0,2344539.25,1281565.875,1467764.0,1417243.625,1399151.0,2413789.25,2108668.75,1871598.5,2191799.75,2010540.5,2624736.75,2737471.75,2735964.0,1469026.5,2066610.625
5,1373881.875,1294002.25,1387282.625,1334393.25,1617453.75,1503455.875,1593648.75,1399704.25,1502015.5,1348811.625,1573431.0,1658572.0,1733577.625,1894497.0,1605549.375,1565894.5,1682850.0,1707912.25,1844059.0,1757496.0,1675643.375,1642412.125,1434849.5,1508345.75,1523217.5,1540237.5,1577824.5,1570304.5,1746408.75,1712873.125,1911431.625,1810119.0,1521956.5,1412930.125,1557277.25,1327076.75,1426355.5,1471546.75,1623699.75,1839106.375,1729339.25,1764423.125,1271819.125,1176359.25,1096803.125,1069179.375,1262026.375,1501320.5,1234626.625,1183175.625,1247163.125,1302454.375,1524858.0,1561960.375,1524616.75,1565218.5,1539039.625,1509212.0,1435037.75,1486285.125,1578327.25,1590021.25,1980647.0,2150808.0,1414844.125,1444549.5,1436853.625,1343045.875,1410139.875,1390656.375,1693646.5,1705147.625,1753727.25,1839212.75,1434498.0,1196991.0,1668850.875,1647174.375,1661143.25,1869545.0,1120438.875,1156439.375,1411275.375,1433463.875,1308886.5,1375757.75,1631809.375,1640316.25,1275460.875,1280799.25,1324816.875,1328823.0,1306336.125,1299887.25,1408568.25,1335249.75,1265312.75,1385147.625,1276798.625,1266252.625,985099.25,1023105.9375,1363105.0,1244078.375,1633800.5,1821944.5,1377215.375,1421601.375,1379426.625,1417615.75,1543526.125,1269284.5,1616532.5,1305466.5,1310237.625,1288665.25,1399671.875,1351749.125,1727804.375,1619772.0,1916447.625,1954149.0,1743063.875,1864626.625,1504571.5,1542231.625,1630307.5,1718107.625,1765098.75,1836819.125,1660290.125,1749154.375,1783551.375,1951367.375,1396770.625,1518216.375,1868280.875,1987710.0,2011259.75,2064429.0,1621350.0,1832036.125,1553663.875,1673636.25,1717194.375,1817418.0,1516310.0,1532502.125,1466863.5,1526654.875,1556162.0,1649465.25,1613071.875,1658801.0,1713276.875,1655697.875,1317493.5,1427208.75,1887990.375,1960417.625,1743317.375,1584803.125,1639601.375,1628925.75,1494504.625,1622678.5,1389903.75,1607976.0,1955000.25,1922842.25,1420810.625,1461861.625,1437838.5,1461474.875,1584116.125,1612452.125,1398499.0,1500025.625,1488153.5,1656416.625,1616259.875,1744602.5,1383934.625,1435123.5,1475663.25,1510813.25,1525726.625,1759549.125,1582710.875,1537958.625,1726576.75,1800485.125,1470411.375,1631692.5,1805617.25,1791372.125,1686443.75,1821706.375,1413979.0,1395356.5,1408092.125,1419977.375,1174678.5,1280298.5,1240469.875,1344521.625,1493468.625,1515883.0,1560746.125,1656924.875,893390.375,915335.0,1176746.75,1146838.25,1175199.625,1086579.5,1515272.5,1432085.375,1900925.125,1751936.375,1195397.375,1236436.5,1467729.0,1588414.0,1282860.375,1355032.125,2221940.5,2158947.25,1340552.0,1287966.75,2022818.25,2345760.5,1282285.75,1470459.75,1417741.75,1400907.25,2414981.5,2110207.75,1872682.5,2193072.5,2010034.0,2623597.75,2737467.0,2738285.0,1470703.125,2068053.5
6,1371421.375,1292631.25,1386592.75,1330806.375,1619716.25,1498711.875,1588983.25,1398678.75,1500258.625,1349398.75,1572032.375,1656343.0,1733820.5,1896890.625,1605377.5,1564567.375,1680088.0,1704044.25,1841364.125,1754587.375,1674327.25,1638862.375,1434124.625,1504511.25,1524249.0,1535891.5,1577029.875,1567890.0,1744177.75,1705721.375,1910275.5,1813538.625,1521368.875,1415240.25,1554476.75,1327112.375,1425078.125,1470272.5,1619834.75,1838736.375,1731758.5,1765957.375,1268058.75,1174682.75,1095328.5,1068375.125,1262405.375,1500157.125,1234186.5,1182166.75,1244219.375,1301005.25,1525552.625,1563850.625,1524736.875,1566257.375,1539730.375,1508926.125,1433393.875,1489738.875,1574615.5,1588991.875,1978153.625,2146794.5,1413446.875,1444624.25,1435393.25,1341589.25,1403709.25,1387890.5,1699747.5,1706802.25,1751715.0,1840829.375,1439167.375,1199121.25,1671858.125,1652567.75,1666156.125,1875614.0,1121028.0,1157967.125,1409655.25,1433222.25,1312378.5,1374686.75,1635220.875,1646967.5,1276380.375,1283830.125,1325427.5,1329530.25,1304517.375,1305455.25,1408154.375,1335320.25,1267665.75,1386434.0,1274984.375,1264107.5,984231.25,1024198.625,1361325.25,1245656.875,1634158.375,1822552.75,1377335.5,1422815.875,1379652.75,1422648.375,1543063.625,1271805.375,1612840.125,1307895.875,1321112.25,1315017.25,1389961.0,1365827.75,1733498.375,1620462.875,1932953.625,1958026.625,1746382.5,1871635.75,1501728.75,1542226.0,1627442.25,1718226.625,1767385.625,1839507.25,1658598.125,1749388.125,1782489.75,1953095.625,1398495.375,1514175.625,1862058.375,1983496.875,2009212.125,2065338.25,1617136.0,1829016.625,1550161.5,1667113.5,1716453.875,1820660.375,1515967.625,1532530.125,1465253.75,1525046.375,1557537.25,1650153.125,1613608.875,1658035.625,1714267.5,1656213.875,1317373.75,1428855.625,1888940.5,1962663.0,1742057.0,1584421.25,1639331.25,1621392.875,1487968.25,1622512.375,1387306.125,1606490.875,1951776.5,1920608.5,1420194.75,1459234.875,1435280.625,1461034.25,1583436.125,1611012.5,1395232.0,1497193.875,1486552.25,1653053.625,1617359.0,1743324.125,1381905.125,1434174.25,1474786.0,1509856.875,1527195.75,1761300.625,1584261.875,1542494.25,1727397.875,1801699.0,1471377.0,1626524.875,1809564.75,1791686.875,1690532.375,1823243.0,1416261.0,1398611.875,1411613.5,1419929.5,1174053.5,1283838.25,1244176.0,1346699.875,1491411.0,1515260.875,1559700.25,1659706.875,897894.375,924306.0625,1172935.125,1150960.0,1179745.625,1096667.75,1513171.75,1435110.375,1901509.75,1755030.25,1196288.625,1237954.375,1468107.875,1590771.75,1281925.5,1356128.5,2221913.25,2160619.75,1340427.875,1289948.625,2032600.0,2346326.0,1282661.25,1478864.125,1418971.25,1405908.625,2416165.5,2116603.75,1872972.375,2188046.5,2006709.75,2621202.25,2736496.75,2737762.5,1475033.0,2071084.875
7,1368467.0,1291376.875,1383041.875,1328664.0,1615505.75,1491361.25,1586699.75,1401115.875,1496633.375,1349548.125,1569713.25,1652893.75,1729914.5,1892250.875,1602788.125,1562307.5,1678038.25,1702737.625,1837269.75,1750246.875,1673094.25,1636557.75,1431420.5,1500405.125,1524294.375,1532639.625,1577804.75,1567039.25,1743737.0,1703944.125,1911400.75,1813766.375,1519445.75,1413778.125,1553911.0,1325691.875,1422663.5,1467324.25,1616135.625,1836649.25,1733302.125,1763631.25,1265017.875,1172236.5,1093862.0,1067349.75,1266319.0,1501972.125,1233987.125,1181568.125,1242329.625,1299666.5,1524834.75,1566543.0,1525872.125,1569367.75,1538650.375,1512519.5,1428748.5,1495852.625,1572999.875,1591026.75,1973341.375,2145058.5,1413543.625,1445189.875,1434461.375,1342178.375,1399879.375,1384104.875,1701815.75,1708046.125,1747040.375,1840141.75,1440606.875,1200136.25,1670111.75,1651513.75,1664873.625,1877163.625,1122422.625,1160494.875,1408778.25,1435631.625,1310826.375,1373542.125,1639282.0,1649343.25,1279119.125,1286997.25,1322895.25,1330634.0,1305517.875,1309891.125,1408846.625,1334567.375,1267723.25,1384613.875,1273048.75,1262170.375,980988.75,1023200.0,1361778.75,1246824.0,1635355.25,1823686.625,1379194.125,1423901.25,1375116.875,1419573.625,1543592.75,1269022.625,1606600.0,1309159.5,1328357.625,1342212.0,1367176.75,1373059.5,1742606.375,1626652.0,1942869.75,1956715.625,1741292.625,1870943.375,1504291.5,1545605.0,1629409.0,1719589.25,1769458.875,1841980.125,1660751.375,1754543.75,1786226.875,1957429.75,1398498.625,1510433.375,1860811.125,1983843.0,2011541.0,2069015.25,1613573.5,1827840.25,1543632.75,1660957.125,1716316.625,1822256.625,1517869.875,1534646.25,1463111.75,1524063.875,1557661.5,1649393.875,1613777.625,1657574.5,1715852.625,1659235.625,1320035.0,1429644.375,1891124.875,1964515.375,1742420.25,1584663.375,1640453.625,1618027.25,1486914.125,1624958.75,1385120.25,1604195.25,1958034.25,1922730.875,1418910.0,1455397.25,1431873.5,1458033.25,1583167.75,1610368.375,1389223.375,1495738.125,1482820.75,1649490.125,1616618.375,1742587.5,1381633.625,1433511.625,1474308.875,1509167.125,1526526.625,1760761.5,1585020.25,1542034.0,1724535.5,1799700.125,1469217.875,1626289.125,1810113.75,1794134.25,1692614.875,1823565.375,1417163.25,1399709.375,1411771.625,1420357.125,1172616.25,1282428.125,1243273.5,1347794.25,1490464.75,1513454.0,1559635.25,1661520.625,898477.0625,925361.9375,1164775.5,1140227.25,1183821.375,1107459.25,1508549.25,1437756.5,1904245.0,1758092.25,1195867.25,1237946.5,1467139.625,1590059.75,1281708.0,1358093.625,2221673.0,2161479.5,1339396.25,1290659.75,2030752.25,2341634.75,1282429.125,1481566.875,1418725.25,1408132.0,2413065.75,2116240.0,1871202.375,2183979.25,2003586.0,2619981.5,2735175.0,2733869.0,1475326.125,2071907.25
8,1371173.625,1295120.0,1385368.25,1333031.875,1615384.125,1496372.0,1591061.0,1403828.625,1500681.125,1352306.375,1570615.75,1654404.375,1729967.75,1890957.875,1603561.75,1562520.0,1680650.75,1706274.125,1838980.0,1750660.875,1674791.875,1638263.0,1431872.125,1502309.25,1523325.5,1536485.25,1578813.0,1568661.875,1747311.875,1709654.625,1913875.0,1810758.125,1520157.875,1411964.5,1558591.0,1325892.375,1423323.25,1467065.75,1617253.0,1836564.625,1732375.125,1763109.25,1268320.875,1172421.125,1094071.0,1067228.75,1268569.5,1505342.25,1233882.0,1181433.375,1245287.625,1300515.75,1526091.375,1566361.375,1526251.375,1571053.0,1537833.625,1515628.875,1425419.0,1495642.875,1574095.75,1592840.625,1974344.5,2147307.0,1414031.125,1444716.25,1434900.125,1344544.375,1410173.375,1386452.875,1698816.625,1707319.625,1748383.25,1838113.75,1436718.625,1196859.625,1670337.875,1646929.875,1661649.375,1869786.5,1121596.0,1155779.0,1408891.625,1434668.75,1307852.25,1372395.125,1637116.5,1641483.5,1277619.75,1285329.625,1321803.25,1330124.125,1307627.75,1305034.75,1409016.75,1333035.375,1265354.375,1381322.875,1273015.5,1260840.375,979635.4375,1021192.5625,1362785.0,1244290.375,1635928.0,1824187.375,1379917.375,1422315.5,1371044.25,1409435.5,1540071.25,1262608.125,1604854.25,1305459.375,1316160.375,1320438.25,1365294.375,1362097.5,1739302.375,1626513.875,1930426.625,1952151.75,1736967.25,1865430.0,1503471.25,1544023.875,1630446.125,1718642.875,1768881.5,1838821.375,1660910.125,1753431.25,1787890.0,1956832.25,1400268.125,1515737.125,1865957.375,1988492.375,2014000.625,2068644.5,1614540.625,1829139.125,1546482.75,1663735.625,1716644.375,1818914.5,1518462.875,1534745.0,1463133.625,1523344.0,1557383.875,1648815.0,1614704.875,1659925.625,1716612.875,1660734.25,1322063.0,1428408.25,1890839.25,1963183.0,1742407.375,1584537.0,1641518.375,1623048.25,1492737.5,1625420.75,1386731.375,1603680.375,1966032.875,1926081.375,1417954.125,1455886.875,1431178.0,1456278.75,1585684.625,1612572.625,1389176.375,1496277.875,1482453.75,1650388.5,1616097.125,1743873.625,1382910.875,1434224.125,1474322.0,1508548.75,1525453.0,1760490.75,1582912.375,1537416.25,1723023.875,1798781.625,1470583.125,1630628.25,1805878.25,1793613.75,1690191.875,1822022.625,1414779.25,1396616.375,1409866.5,1421330.5,1172179.125,1279854.375,1239344.375,1346339.5,1492210.125,1513451.75,1560621.625,1661417.125,895721.125,920262.375,1164459.0,1133931.875,1180462.75,1101211.875,1508144.0,1434507.875,1903926.75,1755448.375,1195695.5,1236505.375,1467131.75,1587360.75,1282611.5,1357458.875,2221504.5,2159698.5,1339293.25,1289288.0,2017837.125,2336826.0,1282493.75,1473920.375,1417532.625,1403761.0,2408616.25,2107645.5,1870627.25,2184922.5,2004343.75,2619458.5,2735684.25,2732489.0,1470900.0,2067073.0
9,1374621.25,1298595.625,1390020.5,1336800.5,1621467.375,1506593.625,1595796.25,1404261.25,1505471.625,1355876.75,1572958.5,1657022.0,1733317.5,1893712.875,1606331.375,1565595.0,1685772.875,1709858.625,1845909.25,1755057.75,1680548.625,1643727.375,1437369.5,1509958.375,1522584.375,1541601.125,1579619.0,1570973.625,1751723.625,1712835.125,1917028.0,1814704.0,1524137.5,1415804.75,1563712.5,1331414.875,1426983.875,1470853.875,1621517.5,1840624.875,1728806.25,1762742.0,1272525.0,1174231.75,1095280.375,1067389.25,1263721.5,1501174.625,1233204.875,1181162.375,1250080.5,1302408.375,1528539.875,1568090.25,1526490.875,1573068.125,1536749.125,1515722.5,1423520.125,1492154.25,1577640.875,1593733.125,1979286.875,2150673.75,1412182.625,1443266.75,1434165.25,1345524.5,1414229.375,1388905.5,1698976.125,1706206.625,1752634.75,1839363.0,1438581.625,1196849.875,1667654.875,1646288.75,1661854.625,1864919.5,1120256.5,1151925.75,1410725.5,1429975.375,1308966.25,1374673.625,1632894.125,1636871.75,1273517.625,1282386.5,1326298.5,1330653.875,1305587.5,1299049.5,1410358.0,1332166.0,1267557.125,1383660.125,1274494.0,1262317.875,982455.875,1021669.1875,1361512.5,1241584.625,1634776.625,1823101.0,1378515.25,1420655.25,1375594.125,1409099.375,1536375.75,1261778.25,1608320.5,1303536.125,1309567.625,1298272.625,1382559.875,1357724.375,1732849.25,1622508.75,1921115.75,1949704.375,1741977.25,1866984.0,1498260.5,1539581.375,1629420.25,1718241.125,1768221.625,1834004.125,1657947.375,1744926.5,1785565.0,1954449.375,1401999.375,1518486.0,1869991.5,1990068.875,2012843.5,2065232.625,1617952.25,1831712.5,1551554.75,1670776.875,1718818.25,1818952.125,1518555.125,1535208.5,1464107.625,1523578.125,1556274.5,1648986.375,1613203.875,1658834.5,1715492.875,1659717.625,1320639.75,1427497.125,1887633.25,1961242.625,1739193.25,1582017.375,1641057.875,1622763.125,1494921.5,1623548.75,1390456.25,1606343.375,1957892.5,1923130.625,1419511.0,1458185.25,1435130.25,1459845.75,1584711.375,1611700.5,1394536.125,1497679.0,1485211.375,1652228.5,1616550.625,1744231.125,1383835.875,1436398.375,1474090.75,1508330.25,1525227.25,1759036.5,1579474.125,1536371.0,1723225.5,1798927.0,1472408.0,1630477.625,1800114.625,1789638.0,1684783.625,1819160.125,1413000.75,1395388.875,1410856.375,1422334.75,1172438.625,1281277.625,1240601.125,1346399.75,1494722.125,1516419.375,1561820.125,1661428.125,895928.5,919011.0625,1170819.5,1141986.375,1178208.125,1093729.5,1511514.25,1432398.375,1901153.5,1751739.0,1195191.25,1235098.25,1468077.625,1586467.375,1282577.0,1354547.25,2221646.25,2158057.25,1340074.875,1288885.125,2017020.25,2339054.5,1282777.375,1469101.75,1417573.0,1399990.5,2408808.5,2106025.75,1872397.875,2185159.0,2006432.625,2618747.75,2736447.5,2734157.0,1469544.5,2064381.5
10,1372320.125,1296392.25,1389598.125,1337147.5,1622543.375,1507943.5,1596892.875,1405271.125,1502529.625,1355958.375,1572042.75,1655327.625,1731973.25,1891651.0,1606345.375,1568450.5,1687678.5,1710392.125,1848743.75,1756433.625,1683190.875,1647376.125,1441542.125,1514528.5,1522351.25,1543448.875,1579502.5,1572368.375,1752278.375,1710832.0,1918185.5,1822894.0,1524750.0,1419807.5,1563795.625,1336783.125,1427697.0,1472697.625,1621689.875,1843698.75,1725083.75,1756986.625,1270598.75,1174592.25,1095950.125,1067640.75,1257781.5,1491257.875,1232181.375,1180808.625,1250510.5,1303302.5,1528606.875,1572776.5,1528245.375,1575973.25,1535958.125,1515497.75,1421720.25,1492143.5,1581269.75,1595508.75,1980441.625,2152930.0,1409969.375,1442618.125,1431939.625,1343296.125,1407029.0,1388604.75,1701927.75,1706228.875,1751824.75,1842273.75,1445989.0,1203136.5,1669749.75,1652302.5,1665966.625,1869806.125,1120908.75,1156701.0,1412474.125,1430116.25,1311263.5,1378978.5,1634564.125,1643642.125,1273587.125,1283980.75,1329190.625,1332642.75,1302624.0,1301180.75,1412136.25,1332317.0,1272230.875,1387446.25,1274733.5,1264622.875,984215.0,1022632.125,1359934.75,1241959.5,1633463.875,1822855.875,1377942.375,1421872.25,1380250.625,1415698.875,1534256.625,1259768.5,1608161.875,1304236.75,1319096.75,1319660.25,1386480.75,1371515.25,1734049.375,1623138.875,1932766.0,1950510.75,1747872.125,1873204.875,1498400.75,1541037.125,1630687.875,1720888.875,1771452.5,1834913.625,1657848.0,1742461.5,1786455.375,1957633.125,1400127.25,1512895.375,1869058.625,1988397.125,2012296.875,2066112.75,1619000.625,1834316.375,1548492.0,1673235.625,1720761.875,1823472.625,1518952.5,1536450.75,1463394.0,1524185.875,1553491.0,1649039.25,1608216.875,1653257.75,1713708.875,1659386.375,1319065.625,1427351.625,1885613.75,1960629.375,1736335.375,1579486.75,1639686.0,1615750.875,1490620.75,1622333.5,1390031.625,1606238.75,1950019.375,1917951.125,1422393.875,1457551.875,1437176.5,1462361.375,1577846.0,1606372.25,1396771.25,1498832.125,1484946.125,1650829.0,1614505.875,1741670.75,1384242.625,1438116.5,1473130.75,1507831.75,1524050.625,1754242.875,1576589.625,1537112.125,1720279.75,1795213.875,1468221.875,1625590.375,1795999.625,1787441.5,1681068.25,1817411.375,1413773.0,1397572.875,1412681.25,1422704.5,1171142.375,1282542.125,1243403.875,1347840.5,1493548.5,1516882.375,1562087.125,1662146.75,898713.3125,924951.0,1171121.5,1149413.25,1182112.375,1100429.125,1511946.5,1435355.25,1900535.125,1751721.0,1194278.625,1234292.25,1467340.75,1586189.875,1281689.375,1353119.875,2222447.25,2159360.75,1340210.25,1289862.125,2023663.625,2339309.25,1282698.75,1471384.625,1418034.875,1399621.25,2409302.0,2109144.25,1871532.375,2180793.0,2003742.25,2617117.25,2735116.0,2734350.5,1471190.875,2064522.25
11,1369601.5,1293681.625,1387827.375,1338463.125,1618110.875,1504466.5,1597146.375,1407656.375,1499847.75,1354464.125,1570194.125,1654054.125,1729266.125,1889747.375,1605958.75,1569603.125,1685145.125,1710495.75,1845248.25,1755412.625,1678418.75,1644170.125,1439830.0,1511567.0,1521150.5,1542635.875,1577346.75,1572318.125,1747531.25,1708525.625,1915737.25,1820927.75,1521735.875,1416354.75,1557812.125,1331909.375,1424808.5,1469768.875,1620702.0,1841207.375,1725283.375,1755390.375,1268801.75,1173622.375,1097220.875,1068940.625,1258494.875,1489346.125,1232054.875,1180774.5,1247266.75,1302075.25,1526730.875,1573540.375,1527453.125,1576339.75,1536713.25,1517329.125,1422631.875,1495152.25,1579658.0,1595525.125,1976538.0,2152666.0,1411085.25,1444130.875,1431604.625,1341603.75,1408152.125,1387274.375,1700664.25,1705220.5,1747961.625,1839516.125,1445019.25,1205369.875,1674664.0,1652826.375,1667827.0,1871879.375,1121323.25,1160394.375,1412487.625,1433943.625,1310211.5,1381480.875,1636474.25,1645425.625,1274824.75,1284820.5,1326340.875,1332621.125,1303629.75,1304745.125,1411999.625,1332278.625,1270580.0,1386709.0,1273705.0,1263785.375,982115.25,1022270.4375,1361067.25,1243382.0,1633457.625,1823538.25,1379050.375,1423092.875,1378012.0,1414170.875,1534921.75,1256735.125,1605499.25,1303486.5,1320997.5,1330851.25,1381016.875,1374838.125,1735906.0,1625566.75,1936841.625,1950584.0,1746347.875,1871501.375,1503225.875,1546806.125,1632187.625,1723930.125,1774387.125,1842046.125,1660906.25,1749821.25,1790754.75,1963632.25,1396407.75,1512863.125,1866718.0,1988290.75,2014339.375,2070502.625,1617452.375,1833249.375,1546029.375,1672415.25,1719643.0,1823371.625,1518272.0,1536792.625,1463407.125,1525479.375,1552747.375,1649517.5,1607504.625,1654172.75,1713633.5,1660378.25,1318830.375,1426597.0,1886960.375,1960468.875,1738599.75,1583066.625,1638536.0,1615804.375,1489702.75,1622242.0,1387524.125,1602458.375,1953924.25,1917914.0,1420930.125,1457073.125,1434122.875,1460212.75,1575812.75,1605745.75,1394165.125,1499154.0,1483489.875,1649705.625,1612460.875,1741531.25,1384475.875,1436510.625,1473783.625,1508956.25,1523917.875,1754056.75,1575761.25,1534691.75,1717481.75,1793860.625,1463091.0,1624021.0,1796976.625,1788829.75,1683175.125,1819521.0,1414077.125,1397583.75,1411211.375,1423516.5,1168602.375,1280678.25,1241019.5,1347480.875,1489516.375,1515273.5,1561147.5,1661738.125,898207.625,928273.125,1165996.5,1146520.375,1182690.375,1104054.875,1509916.875,1435981.125,1902124.5,1753941.375,1195252.75,1234756.5,1466058.125,1586544.75,1280876.625,1354820.125,2223150.5,2160548.25,1339801.25,1289935.625,2019603.25,2334538.75,1282077.75,1472429.625,1415952.625,1399691.0,2406000.0,2107403.25,1868024.125,2179300.25,1999545.375,2616423.0,2733518.0,2733758.25,1470025.25,2063471.625
12,1370761.375,1294770.375,1388361.25,1340048.5,1618604.125,1505690.5,1596138.625,1408081.375,1501178.25,1352258.0,1571693.125,1655959.625,1731373.875,1894959.625,1607682.125,1569373.375,1683417.625,1712801.125,1844826.0,1756226.75,1674877.625,1641111.25,1436598.75,1508404.75,1522695.125,1543615.875,1577703.875,1572193.125,1743579.625,1710240.625,1913395.5,1810692.5,1520594.75,1413437.5,1555591.875,1324323.75,1422592.0,1466693.75,1619543.375,1838223.125,1729049.5,1761894.75,1271889.875,1174378.625,1098585.125,1070084.875,1263904.0,1498706.875,1232518.625,1180653.125,1247349.625,1301319.0,1525938.875,1568896.625,1525353.25,1575550.0,1536155.75,1516801.875,1423893.25,1495878.125,1573605.0,1591665.625,1973539.875,2152220.25,1412470.5,1444868.375,1432222.5,1341302.5,1411598.375,1384998.875,1697382.75,1702832.625,1745069.25,1834140.375,1437517.75,1198252.375,1670538.375,1645194.75,1663719.125,1864419.625,1120265.75,1156792.75,1409976.375,1431855.625,1308111.625,1381189.75,1632453.5,1636325.5,1273390.75,1282303.25,1325101.375,1330106.0,1302778.125,1302745.375,1409901.875,1331052.375,1266332.75,1385228.375,1272701.25,1260857.125,980642.25,1021759.125,1360963.0,1243173.75,1633725.375,1822459.0,1379294.625,1422663.5,1373377.125,1409602.5,1540186.0,1264079.0,1605997.875,1304737.625,1316119.5,1315214.25,1379163.75,1361330.75,1737191.625,1626126.875,1922111.75,1947289.375,1741712.625,1863642.375,1501427.5,1544721.125,1631388.25,1722823.375,1770930.375,1844353.875,1658794.75,1751866.5,1788700.75,1961583.125,1398962.875,1521466.0,1866968.25,1989739.75,2013671.625,2069566.75,1616982.375,1829064.125,1549497.75,1671788.625,1717703.0,1818257.875,1518492.75,1538481.625,1464708.0,1526181.5,1556127.0,1651116.625,1613518.375,1662188.125,1714253.75,1658780.5,1317822.375,1426080.0,1888302.375,1959568.0,1739234.25,1585227.25,1637667.25,1621063.875,1494247.5,1623688.5,1387159.5,1601539.5,1955251.125,1920184.0,1414902.0,1457120.5,1431573.125,1457876.125,1582791.625,1611684.125,1389382.75,1496668.25,1484092.125,1649224.875,1615307.0,1745649.375,1383796.75,1432748.0,1473943.125,1509655.5,1525752.125,1759625.25,1574928.5,1531577.0,1718540.75,1799215.0,1464249.375,1623811.625,1802118.125,1790987.875,1690024.5,1824471.125,1415927.25,1399883.625,1411840.625,1426492.0,1167946.875,1281262.875,1240923.0,1347556.0,1489596.0,1518926.0,1560646.375,1662840.625,894945.3125,923718.5625,1162999.5,1140230.625,1179093.0,1098922.375,1509010.25,1433990.75,1903291.25,1755066.25,1197188.75,1236688.625,1466331.0,1588240.25,1280438.0,1356409.625,2222517.75,2159138.5,1339170.375,1289102.375,2018056.125,2335893.5,1282420.25,1474547.75,1414836.125,1403547.5,2405715.75,2109471.5,1868766.5,2182291.5,2000218.25,2617618.5,2733860.25,2734869.0,1470443.125,2065928.0
13,1372029.875,1296190.625,1388392.75,1340244.75,1622157.375,1508880.125,1594669.25,1406805.875,1501987.75,1349478.0,1574677.125,1656626.875,1733105.25,1898000.0,1607045.125,1567750.875,1684624.625,1716106.375,1848745.75,1755708.125,1677178.375,1644654.5,1435469.25,1509285.75,1527321.0,1549061.25,1582975.375,1573080.25,1746647.5,1715314.25,1913843.0,1807247.75,1520802.375,1416335.625,1563605.75,1327857.125,1422213.875,1466226.5,1614235.5,1839043.375,1730971.25,1762806.375,1273161.625,1177402.25,1097358.375,1069345.0,1268884.875,1507267.875,1232913.875,1180578.375,1251502.5,1303745.125,1526200.125,1565265.125,1528050.25,1577052.125,1533465.25,1512682.625,1424074.75,1493809.125,1571158.5,1588435.625,1975425.25,2154337.0,1411086.75,1442821.125,1431483.375,1340447.625,1405367.625,1384963.125,1696544.625,1702363.875,1744364.375,1834787.0,1435305.5,1191578.5,1665003.75,1640614.0,1659075.625,1858441.0,1120019.625,1152243.875,1405810.5,1426257.875,1306545.75,1377894.75,1629511.125,1632104.5,1273807.5,1282943.75,1327069.5,1328779.25,1299529.875,1300904.75,1407182.875,1328911.375,1266535.5,1384665.375,1272054.75,1259322.75,981527.875,1020028.5625,1357492.25,1241676.75,1633774.25,1821659.375,1378137.625,1422607.875,1367726.125,1408925.875,1543880.25,1271273.5,1606120.375,1309068.75,1319759.75,1318115.875,1372906.75,1352911.375,1740620.0,1626622.25,1914655.0,1944130.625,1738643.875,1861695.75,1495775.5,1535217.25,1632020.875,1717431.125,1765752.375,1836466.25,1653059.25,1744981.875,1781664.875,1951443.5,1407164.875,1525860.75,1869924.5,1990711.5,2009450.375,2063767.75,1617770.875,1828115.375,1550713.125,1671260.375,1716390.125,1815442.5,1521192.5,1540964.25,1465173.625,1524656.125,1558259.625,1652392.125,1616554.875,1664688.0,1713164.5,1655479.75,1316732.75,1425582.75,1887174.25,1958020.875,1734890.0,1579517.125,1636276.75,1621432.75,1497042.625,1626411.75,1386706.875,1603212.5,1953748.0,1921103.375,1412513.625,1454681.25,1432094.0,1456823.375,1588381.625,1615241.875,1385907.875,1493077.5,1483146.125,1647146.875,1618288.0,1746999.25,1382503.375,1431646.25,1470848.75,1506344.125,1524826.875,1759694.25,1572777.875,1530918.125,1719424.0,1800948.75,1466081.125,1621255.75,1804339.5,1792340.125,1694538.125,1827471.125,1420424.75,1407743.625,1415990.375,1428293.5,1168022.875,1283754.375,1244906.625,1348538.375,1494170.625,1524699.375,1561371.5,1666721.625,893524.5,919782.0,1162245.625,1137793.0,1179393.375,1100677.0,1508609.625,1435221.0,1903840.75,1754749.75,1196847.375,1237586.75,1467265.125,1589065.25,1280674.75,1355071.625,2221422.0,2158002.25,1337836.375,1288212.625,2024212.75,2339321.5,1283743.5,1478960.25,1418271.75,1408298.75,2407699.75,2114295.75,1872518.5,2182649.75,2002981.125,2618406.25,2734186.0,2733444.75,1474501.875,2069290.0
14,1372010.75,1295722.25,1386286.375,1339443.125,1619745.5,1506360.625,1596285.25,1406150.0,1503233.5,1350753.625,1574669.25,1655275.375,1730632.5,1893095.25,1603214.875,1565635.0,1685810.625,1716159.125,1847660.0,1752602.0,1678329.875,1647676.0,1434125.375,1509632.0,1528183.625,1551752.625,1584388.375,1573876.25,1751946.75,1718204.25,1915383.0,1812638.625,1521381.625,1416778.5,1568992.0,1333776.375,1423602.25,1467505.25,1613658.0,1840909.625,1728223.5,1755385.375,1271415.0,1178461.5,1095368.125,1068432.0,1270476.5,1506539.75,1233279.625,1181063.0,1252825.625,1305274.375,1527359.5,1566528.875,1532729.75,1578924.375,1532562.375,1512759.125,1426691.0,1493259.375,1574563.5,1590869.75,1979544.25,2155506.75,1409992.5,1441704.125,1431935.25,1341412.5,1399793.5,1385602.375,1697624.625,1703502.0,1746235.625,1838846.625,1436352.75,1192305.75,1668686.0,1642051.25,1660039.875,1859015.875,1120796.5,1151509.75,1404281.625,1425543.125,1304860.0,1374462.375,1631742.125,1635222.5,1276293.5,1284634.75,1326934.625,1329933.625,1299996.25,1301383.5,1406017.75,1328080.875,1267741.75,1383541.0,1272638.0,1259345.875,981764.125,1018869.5625,1356173.125,1240459.75,1634709.375,1822900.5,1377474.25,1422853.0,1363909.375,1407666.875,1542564.625,1267937.625,1605466.625,1309649.625,1323117.5,1327687.875,1366958.125,1351644.0,1737817.375,1625571.875,1918868.125,1945230.25,1738284.375,1865391.5,1498125.625,1532751.0,1634303.625,1715207.25,1764948.25,1830516.375,1653390.625,1742857.375,1781179.625,1947468.5,1408963.5,1521451.25,1871704.75,1991439.625,2008284.75,2061923.0,1617842.75,1831108.625,1547944.125,1671096.0,1715746.125,1816379.375,1522488.125,1540373.5,1465847.375,1524131.0,1556530.75,1651962.875,1613097.375,1659890.5,1712030.25,1656221.5,1316856.625,1424582.5,1885148.0,1957336.875,1734830.75,1577164.0,1636813.0,1620206.0,1496921.875,1628315.0,1387046.375,1603872.0,1958270.25,1923312.0,1416018.875,1453852.625,1432986.625,1456840.75,1587301.25,1614297.875,1385547.875,1492242.375,1480490.375,1646744.875,1616200.5,1743703.625,1382008.125,1433300.375,1469434.375,1504131.5,1521392.25,1754342.875,1573586.75,1534528.5,1719888.5,1797122.625,1465580.0,1622935.125,1803327.625,1792852.0,1692076.75,1825485.625,1422940.0,1410570.5,1415174.875,1424721.875,1167402.625,1281834.625,1243656.375,1347225.875,1497778.625,1525802.0,1563584.0,1668805.25,894204.6875,918956.625,1163635.5,1137363.0,1181578.625,1104777.75,1508444.25,1436819.25,1903882.875,1754493.875,1195716.625,1236492.375,1467721.25,1588195.75,1281556.5,1353508.0,2221273.5,2158709.5,1337353.25,1287864.375,2020983.25,2335257.25,1283475.25,1477447.75,1420868.75,1406466.125,2405247.25,2110089.75,1872681.625,2181455.75,2003442.0,2617603.5,2733034.0,2729443.25,1473803.875,2067176.0
15,1371642.5,1294974.25,1384197.5,1336722.25,1616142.5,1502079.875,1597944.0,1404815.0,1505566.0,1355592.5,1572210.75,1654843.625,1729611.625,1889231.25,1602395.375,1564559.125,1686204.375,1712264.375,1843175.5,1752550.125,1677405.25,1645876.25,1433467.0,1509306.25,1525110.0,1547323.375,1579995.0,1574535.875,1752731.0,1715527.25,1917158.875,1818643.125,1524676.625,1414977.5,1564758.625,1333014.75,1426220.625,1469797.875,1621658.375,1841484.875,1724270.25,1751973.5,1271327.625,1175669.5,1095679.625,1068202.75,1267342.5,1500772.125,1232643.125,1180780.375,1249981.0,1303321.375,1529729.25,1570565.0,1532836.5,1578277.625,1534529.625,1517329.625,1428464.0,1493757.75,1578491.625,1596168.125,1981244.625,2153150.5,1411213.75,1443568.75,1433728.75,1344177.0,1401880.5,1385928.25,1698096.625,1704864.5,1748401.0,1841226.25,1435018.125,1196315.625,1673231.25,1645795.75,1663810.875,1863178.625,1121338.75,1154873.625,1407749.75,1429828.625,1305496.75,1374747.25,1633988.0,1637438.0,1277134.125,1282847.75,1326149.25,1331189.0,1302668.75,1301247.5,1407769.25,1330236.125,1267675.75,1384041.125,1274647.625,1261797.625,982228.75,1021560.125,1358859.625,1240806.25,1635954.625,1823457.0,1377681.5,1422672.875,1366553.75,1406260.75,1542132.5,1263971.125,1608903.625,1306339.5,1320096.5,1319811.375,1367599.375,1352602.75,1728906.625,1619996.625,1919715.875,1948902.25,1740619.875,1865671.375,1503438.125,1538786.875,1633502.0,1718817.625,1766721.625,1833753.25,1658123.5,1745975.375,1786290.375,1954042.0,1402950.25,1514425.875,1869707.0,1991484.0,2011254.75,2065338.0,1617221.625,1833841.625,1547031.75,1670440.875,1716957.625,1819013.375,1519683.875,1537156.625,1467446.25,1526022.875,1554527.25,1649871.375,1608862.125,1654784.875,1712541.375,1659566.25,1317700.375,1425051.25,1884540.75,1958515.625,1739240.375,1581454.25,1640259.5,1621587.375,1495460.625,1627528.75,1389943.375,1604579.875,1961800.75,1925397.125,1419599.625,1457833.375,1432896.625,1458392.25,1583678.625,1612515.625,1389029.875,1495186.875,1480845.625,1649569.625,1612237.5,1740363.0,1382799.25,1435520.5,1472713.75,1507130.25,1521031.125,1753726.5,1579240.0,1542190.375,1724103.0,1797210.125,1468812.75,1631100.75,1803017.75,1792878.25,1685897.5,1819903.375,1421076.375,1403025.375,1410279.0,1419401.5,1169369.75,1278967.375,1239417.25,1345741.5,1499421.625,1523733.5,1566152.25,1666736.125,895203.125,916780.4375,1166934.125,1136334.125,1181086.75,1101375.75,1509260.25,1434753.875,1901691.25,1753720.375,1195950.125,1235211.75,1467006.0,1586945.0,1282185.25,1353454.125,2220431.0,2158267.75,1338929.75,1288397.875,2012403.125,2331763.25,1280941.875,1470034.25,1418333.75,1401616.375,2403223.75,2103671.75,1870429.625,2181635.5,2001870.0,2616339.75,2732543.5,2729704.25,1467024.125,2063812.875
16,1371369.625,1295432.25,1384810.125,1334626.625,1617866.875,1502525.375,1595281.0,1404431.625,1506419.75,1359115.875,1571436.25,1656051.25,1731534.5,1889956.5,1604793.875,1565115.625,1686197.25,1708904.875,1843177.875,1755351.125,1678797.875,1644517.125,1435807.375,1511315.0,1522844.625,1542361.0,1577180.625,1575416.625,1750015.25,1709928.5,1918995.375,1822176.375,1527977.875,1415578.625,1560295.875,1332301.125,1427600.5,1471251.5,1626864.0,1840504.375,1722558.625,1755403.5,1272408.5,1172614.25,1097132.125,1068215.625,1261829.625,1495714.0,1230786.875,1179118.25,1248362.125,1301099.625,1530823.75,1573657.875,1528150.375,1576968.0,1537620.625,1519297.375,1427785.0,1494731.875,1579968.625,1598614.5,1978951.5,2150287.75,1413545.875,1446074.125,1435521.875,1347133.25,1404667.25,1385472.125,1699485.5,1707215.5,1750413.625,1843675.0,1437020.875,1201373.0,1672633.5,1650897.875,1667001.125,1871195.5,1121153.125,1159042.125,1412176.375,1432351.25,1307013.25,1375781.0,1635696.25,1640197.5,1276113.25,1280815.625,1326768.875,1331374.75,1303238.125,1300773.5,1409503.875,1332558.75,1267162.5,1385112.375,1276265.125,1265932.875,983876.875,1024949.6875,1360429.25,1241737.0,1635787.125,1822660.375,1377743.625,1422675.75,1370027.375,1408475.5,1541857.5,1262347.125,1610956.375,1303742.5,1318557.5,1314018.875,1366167.0,1357943.5,1727109.625,1615155.125,1924383.75,1952277.625,1744289.875,1865987.125,1501919.875,1543122.125,1629283.25,1721276.75,1768497.75,1839004.375,1659981.125,1746654.5,1788010.625,1960306.0,1396950.875,1509507.875,1867134.25,1990548.75,2013234.5,2069349.5,1616790.0,1836120.375,1547662.625,1670335.625,1719038.125,1822697.375,1515283.625,1533643.875,1468451.625,1527505.625,1553659.0,1647431.25,1606447.5,1650853.75,1713877.375,1660870.625,1319283.125,1427754.5,1886730.375,1961351.875,1742025.75,1585719.0,1643117.875,1621525.875,1493116.625,1625712.75,1391624.375,1605277.125,1958346.75,1924606.875,1421530.75,1461695.25,1433805.125,1460581.375,1579918.0,1609767.25,1395448.625,1498883.75,1484902.375,1652066.125,1610604.625,1739035.25,1384895.5,1439286.375,1476238.625,1510501.0,1524015.125,1757481.25,1584704.5,1547062.0,1729590.625,1800892.875,1472563.625,1636484.25,1801696.125,1792483.25,1681532.5,1815280.875,1414668.75,1392211.125,1407352.625,1416289.875,1171692.375,1278625.75,1238321.25,1345925.0,1498735.125,1518974.5,1564803.875,1661813.25,895048.3125,915757.1875,1167336.75,1137301.875,1179862.75,1097835.875,1509348.5,1433150.625,1898929.625,1752294.5,1195600.0,1234209.875,1465574.25,1585884.125,1280937.75,1353430.5,2219309.5,2156215.25,1340578.0,1289057.25,2015115.25,2334777.75,1278541.625,1466043.0,1414318.625,1399866.125,2406183.25,2106103.0,1869623.75,2181953.75,2000395.5,2616380.75,2733548.25,2732895.5,1463736.75,2063888.0
17,1373219.375,1297654.0,1387808.25,1335804.5,1619706.625,1503899.25,1591661.375,1407306.625,1505790.375,1360049.0,1573047.125,1657358.25,1731707.625,1889851.875,1605214.875,1566756.25,1685743.625,1708385.125,1844842.125,1756457.125,1680539.25,1645724.25,1437589.625,1512817.75,1522760.875,1540694.625,1576328.625,1574949.25,1748424.5,1706334.625,1920460.5,1823908.5,1528131.125,1416355.5,1559764.5,1334275.25,1427406.0,1471760.5,1626397.875,1840469.0,1722664.625,1756736.25,1271869.0,1172167.25,1097443.25,1068917.375,1258680.0,1492459.5,1229145.75,1177643.125,1248816.625,1301331.125,1529790.125,1574266.0,1523598.0,1577967.625,1538142.5,1518416.25,1423428.5,1497622.25,1580192.0,1597747.0,1975210.375,2149924.75,1413604.375,1446058.25,1435996.875,1349948.25,1402066.625,1381748.0,1705017.125,1709352.5,1752954.75,1847487.625,1446081.0,1206990.375,1674784.25,1656924.75,1671416.75,1879799.5,1121645.0,1161496.75,1413812.75,1431248.375,1307224.0,1375882.0,1639497.5,1645624.0,1273831.625,1281172.75,1325882.375,1331280.375,1302298.375,1299175.125,1409545.75,1332876.875,1265706.75,1384001.0,1276767.5,1266774.125,983812.625,1024764.0,1357943.875,1239967.875,1634653.875,1822717.875,1377325.375,1423013.125,1368736.125,1409896.5,1534252.625,1256977.5,1601296.125,1300499.625,1321341.625,1321478.5,1361399.25,1364039.75,1734056.25,1617216.5,1941094.75,1955934.625,1748742.5,1874667.5,1497773.625,1542454.875,1624931.375,1720040.375,1768368.125,1839104.375,1656775.5,1745572.75,1785438.875,1959756.75,1392820.0,1508283.125,1865994.25,1990213.75,2012217.25,2069920.875,1617243.5,1837601.125,1547004.0,1673678.875,1719670.125,1825006.125,1511065.125,1530862.375,1466428.75,1526371.625,1553070.75,1646586.25,1605619.375,1649252.5,1715496.875,1661217.375,1320773.625,1429285.5,1889652.75,1963993.25,1740939.25,1586283.25,1643372.125,1618570.125,1492660.75,1627943.25,1390504.625,1604623.625,1958021.5,1926185.75,1422356.0,1460780.75,1436238.25,1462970.25,1577152.625,1607267.125,1395731.25,1498068.375,1487756.75,1650989.5,1611318.5,1739791.5,1387760.375,1442096.5,1476381.0,1510319.875,1526250.75,1758698.25,1583825.25,1546066.25,1729387.875,1800876.5,1472231.25,1634480.875,1799096.25,1791891.75,1681444.5,1814970.875,1407755.75,1387380.125,1406470.625,1415362.625,1169962.0,1277939.25,1238146.625,1346208.625,1494226.5,1510706.0,1559512.875,1657318.25,894122.875,918329.875,1163841.125,1139313.375,1181470.125,1101220.875,1506552.625,1435658.5,1899303.75,1751641.75,1194919.125,1233926.0,1465165.25,1584518.375,1279164.25,1353942.75,2220828.25,2156113.5,1341159.0,1289765.375,2022316.625,2334665.25,1279637.25,1469648.375,1413850.625,1401918.25,2407326.25,2109789.75,1869540.375,2179830.5,1999225.375,2615517.75,2733864.5,2732764.5,1467997.125,2064562.25
18,1375701.125,1298737.375,1389539.75,1335104.125,1618327.625,1501323.125,1591539.125,1407292.625,1505112.375,1357388.125,1574232.125,1656823.75,1730659.75,1889371.375,1604274.25,1566425.0,1685384.375,1708292.25,1843590.5,1755379.375,1679114.25,1645191.375,1435982.875,1508575.875,1523841.625,1538969.5,1575593.5,1572235.0,1750396.125,1705881.75,1921001.25,1822454.125,1527288.25,1416651.875,1561813.625,1335607.75,1427774.0,1472256.875,1626685.375,1841908.625,1725213.0,1755774.375,1269552.5,1172862.875,1096606.25,1069052.125,1261221.75,1493501.0,1229456.25,1178050.25,1248565.25,1303010.0,1529611.125,1573204.375,1524099.875,1577920.125,1533709.75,1516053.5,1416361.625,1496078.875,1580402.625,1596643.625,1975388.625,2151119.5,1409817.25,1442421.875,1432376.75,1347125.5,1402147.625,1384113.875,1707408.625,1710395.0,1754557.75,1849995.125,1451060.0,1207922.5,1676793.125,1658361.25,1673030.125,1881312.0,1124801.375,1163517.25,1415609.0,1434535.75,1309121.125,1378271.625,1641752.0,1649286.0,1272920.125,1283541.75,1324386.125,1331514.875,1304509.75,1299385.25,1411408.625,1334187.875,1266746.0,1383808.375,1276977.0,1266329.375,983172.5625,1022594.125,1356945.25,1238227.75,1633591.875,1824051.625,1377747.75,1423649.5,1367658.625,1406959.0,1527285.5,1253266.25,1592172.875,1299553.25,1321792.125,1328151.625,1364810.0,1363958.125,1737503.75,1620992.25,1946278.375,1957671.75,1750029.875,1880157.5,1497666.375,1539699.0,1623879.5,1719166.625,1766504.375,1834427.75,1652541.375,1744570.25,1783718.25,1956582.375,1391930.25,1510282.875,1864998.5,1989651.375,2010443.375,2067608.875,1617477.75,1835242.625,1546656.125,1673712.125,1718639.125,1824576.0,1508121.875,1528793.5,1461583.375,1522245.0,1553453.5,1647462.625,1606968.875,1651297.125,1716448.75,1661934.0,1320949.625,1427653.375,1889773.75,1963450.25,1734680.0,1579833.5,1641428.125,1620099.125,1494512.375,1630591.5,1390142.375,1604125.125,1964882.0,1930434.0,1420612.625,1458563.875,1436930.25,1463099.875,1578413.625,1607997.125,1389423.0,1495603.875,1485983.375,1647960.125,1613197.375,1742145.375,1388256.375,1440122.875,1474079.75,1508134.75,1526737.375,1757250.125,1576025.5,1539326.625,1722076.25,1796503.125,1467791.375,1629405.375,1797307.375,1791080.375,1684193.75,1817766.0,1406796.125,1390867.125,1408419.625,1417802.625,1167160.125,1277314.0,1237889.625,1346958.5,1488025.25,1504591.625,1556515.375,1657103.25,894157.5,920220.875,1163128.875,1140147.25,1184275.75,1106315.75,1505703.75,1438540.0,1901370.75,1752124.375,1196433.5,1235511.75,1465965.5,1583676.75,1280711.25,1355795.625,2223231.0,2158700.25,1341388.25,1290658.375,2019071.125,2329662.5,1283609.75,1474207.0,1416174.875,1403658.125,2404475.75,2106126.0,1868581.5,2176785.75,1998622.875,2614070.0,2732935.25,2730558.0,1472424.25,2062925.125
19,1375381.625,1296435.375,1388963.625,1331922.375,1617534.75,1498890.25,1592873.25,1403192.375,1505989.25,1352880.125,1573963.0,1655940.5,1731836.25,1892267.5,1605419.125,1563804.25,1684833.75,1707421.0,1842302.625,1753690.0,1675989.375,1641379.375,1434656.125,1502333.5,1524653.5,1537276.625,1575115.0,1568872.625,1752617.875,1708137.0,1919498.875,1817873.625,1525999.0,1416539.875,1565448.5,1333839.875,1428659.5,1470917.25,1627518.25,1840543.0,1731211.5,1761386.0,1268796.875,1172940.25,1096084.25,1068266.125,1266079.625,1498549.0,1232054.375,1180208.5,1248499.125,1302771.375,1531096.75,1571017.875,1527915.75,1573435.125,1531171.0,1511976.625,1419998.375,1488121.375,1579589.625,1596174.125,1979919.875,2151106.75,1408154.25,1440208.125,1429852.75,1339620.75,1411965.375,1393335.0,1702007.5,1710379.0,1755385.5,1847548.375,1444844.375,1202334.0,1673092.875,1652925.0,1669451.375,1873945.125,1126785.0,1162227.875,1418619.375,1439988.25,1311544.625,1378777.75,1639583.125,1646790.75,1275099.875,1284693.875,1324908.375,1331843.375,1308782.375,1302586.75,1413414.75,1335850.25,1269993.375,1385715.625,1276531.25,1268014.875,984423.8125,1021860.5,1361760.0,1241348.375,1632583.125,1824471.375,1379332.375,1424092.125,1370804.5,1407479.5,1532681.625,1258603.125,1601367.0,1304285.875,1314988.375,1318272.125,1379098.375,1358417.25,1733623.625,1621750.25,1929554.0,1955202.0,1746009.5,1872909.125,1499936.0,1537590.375,1626126.0,1719359.625,1766836.25,1831945.25,1653652.5,1744694.0,1784921.125,1954928.5,1396421.25,1513540.25,1865033.0,1987857.125,2010676.875,2066596.375,1616647.875,1831358.0,1548742.75,1666723.125,1717166.5,1822171.625,1508726.875,1526987.875,1459200.25,1519298.625,1555584.125,1649328.5,1610351.5,1654832.5,1716453.5,1661367.625,1320270.75,1425953.375,1887920.875,1960729.0,1731397.25,1573445.75,1640354.125,1628101.75,1495435.375,1626573.125,1391537.375,1604302.875,1967508.25,1930137.375,1418380.25,1459491.375,1435143.375,1459610.125,1583643.625,1611320.875,1390063.0,1497719.0,1484549.25,1648781.875,1615416.5,1743989.75,1385941.0,1437477.875,1472713.25,1507053.375,1528145.875,1758880.375,1569611.625,1529215.125,1714633.75,1793872.125,1460729.75,1623522.625,1796306.0,1788335.0,1686791.25,1821134.875,1409661.0,1394345.0,1411576.875,1422043.5,1166353.25,1277430.5,1238338.125,1347371.75,1484341.625,1504775.375,1557969.25,1660002.875,894907.25,920443.1875,1167560.75,1143790.0,1182481.0,1103042.0,1510696.0,1437053.625,1902050.25,1753206.125,1198444.5,1237272.5,1466896.625,1585094.0,1283815.125,1357213.625,2223201.5,2160592.25,1341329.5,1290607.0,2013562.125,2330556.5,1285475.625,1473871.875,1416905.375,1401218.5,2404638.5,2103134.75,1867672.75,2179845.75,2000314.625,2616894.25,2733224.25,2731467.25,1472537.625,2062174.125
20,1373733.125,1295087.0,1389419.125,1334323.875,1620561.125,1504327.25,1592633.25,1402930.0,1506383.375,1351110.625,1573398.5,1657753.875,1735177.5,1898056.125,1608174.25,1564488.625,1683797.375,1708149.25,1844353.625,1754760.875,1675791.625,1640136.5,1436612.625,1504294.25,1525073.5,1539750.0,1575105.25,1568501.625,1749673.0,1711944.0,1916473.5,1815214.375,1523428.125,1416167.875,1565645.875,1330341.625,1427652.75,1468603.625,1624112.875,1837913.625,1736288.75,1770933.0,1270351.125,1173780.75,1095775.75,1068200.0,1265892.75,1501188.625,1234179.125,1181416.625,1248990.25,1301180.5,1530284.125,1567608.25,1528282.0,1570111.75,1534735.0,1509226.5,1429513.625,1484018.125,1576373.875,1594108.75,1980928.375,2150078.0,1410932.5,1442799.125,1432548.5,1337256.375,1415873.25,1393471.375,1697373.25,1707012.25,1753061.125,1839279.5,1437054.875,1194781.625,1670011.25,1647300.0,1665352.875,1862767.875,1123961.875,1156494.125,1416685.5,1435812.875,1311791.0,1374795.75,1635818.625,1639883.375,1275961.375,1282713.5,1325727.25,1331361.875,1308157.0,1303476.875,1411173.0,1333590.25,1269812.125,1386461.375,1274773.75,1266836.75,985244.3125,1022148.6875,1365096.875,1245188.0,1632677.375,1823511.25,1379568.75,1423834.25,1376059.75,1414959.125,1540896.625,1267551.875,1614836.375,1308416.25,1312186.25,1305915.5,1390678.875,1359079.875,1732104.0,1623199.125,1918960.625,1951397.75,1742528.5,1865583.125,1498805.625,1536108.875,1627795.375,1718241.125,1769053.25,1834487.625,1656415.0,1743929.125,1785479.375,1953395.0,1402972.125,1518539.0,1865735.125,1986822.625,2011969.25,2066456.125,1616188.5,1830795.25,1551840.875,1664721.625,1716103.375,1818288.875,1514099.125,1529240.375,1461797.25,1521687.0,1558079.75,1651526.25,1614196.0,1659276.0,1715051.5,1658137.75,1318499.375,1425575.75,1886581.25,1959438.25,1735250.625,1575032.0,1641168.625,1628726.625,1493460.5,1621721.625,1390453.25,1603460.625,1959569.125,1924210.25,1418284.125,1459464.0,1433236.5,1457334.875,1587611.625,1614708.5,1396823.875,1500560.125,1487101.5,1653144.625,1616774.0,1744610.625,1384581.875,1437402.625,1473854.625,1508412.0,1530743.375,1763995.0,1572387.0,1528475.25,1714762.375,1796936.625,1461183.0,1619256.125,1797880.875,1785714.375,1688575.875,1823660.875,1412145.0,1393386.375,1412456.875,1424645.25,1168383.625,1278943.0,1239924.625,1346779.25,1485884.0,1509502.0,1560456.75,1662398.5,896168.5625,921848.1875,1171208.625,1149003.0,1178609.75,1095623.375,1513744.5,1433453.875,1901599.25,1754031.0,1197728.75,1236794.375,1467671.0,1587923.75,1282410.25,1355973.875,2221840.25,2160086.5,1340572.625,1289467.875,2019965.125,2337935.25,1284463.25,1473438.875,1416569.25,1399964.5,2408605.25,2108221.5,1869552.625,2185819.0,2003307.75,2620648.5,2735783.75,2734519.5,1473051.0,2065646.625
21,1372653.875,1296594.0,1390354.5,1339220.875,1624552.75,1511317.75,1592079.25,1405382.25,1502458.375,1350594.625,1572673.5,1659266.25,1737639.875,1901282.125,1609364.25,1568018.75,1683728.375,1710643.375,1847669.25,1758195.0,1678991.0,1643229.375,1438858.875,1511638.875,1524848.25,1543673.75,1577235.625,1571826.125,1745261.875,1713522.375,1915005.75,1816382.625,1522206.0,1416854.75,1561963.875,1329729.125,1425609.0,1469126.875,1619209.125,1839767.375,1734749.25,1770367.125,1271003.625,1175809.875,1095220.75,1068852.375,1262204.25,1499672.875,1233449.125,1180547.625,1248788.875,1302007.5,1526863.5,1565492.125,1524815.125,1571588.875,1537111.5,1510263.125,1427885.125,1487973.125,1573687.5,1591697.875,1977023.5,2151214.0,1412340.375,1444989.25,1434099.5,1340280.125,1405194.25,1385033.375,1699173.375,1702341.5,1746453.875,1833120.75,1437584.375,1191938.0,1671594.875,1647969.5,1662799.75,1857755.0,1120413.5,1153787.0,1409541.0,1427764.5,1311798.0,1374875.75,1633239.25,1635904.0,1273614.75,1282283.25,1326170.5,1330171.625,1303272.5,1302805.125,1407797.875,1330033.875,1268078.375,1386270.75,1273025.625,1261948.25,984092.4375,1021749.0625,1361712.875,1245107.625,1633747.625,1823173.25,1378140.375,1423635.25,1378167.5,1419609.5,1541307.5,1271310.5,1612974.375,1307991.5,1321863.625,1316797.5,1383889.25,1369732.25,1737706.0,1625444.875,1929612.25,1949122.625,1743361.75,1867106.5,1495607.875,1535693.75,1628397.875,1716874.75,1770219.625,1837273.0,1655332.25,1741676.25,1783979.25,1952042.125,1406172.0,1521968.0,1865929.0,1987211.375,2011822.625,2065706.25,1616699.375,1831932.5,1552114.875,1671008.75,1715831.25,1816332.0,1520670.875,1535717.0,1465589.25,1525996.375,1557918.75,1651213.75,1615168.875,1661763.125,1712291.375,1654915.875,1315897.5,1425499.75,1886495.625,1959476.25,1737320.375,1579452.25,1641107.625,1618636.625,1490639.25,1623673.75,1386834.875,1602989.625,1952267.25,1919640.875,1418883.0,1456275.625,1432521.0,1458643.875,1586397.125,1614975.375,1395126.125,1498412.5,1487137.625,1652011.5,1616777.125,1745340.5,1382896.25,1435230.0,1474699.125,1509708.0,1529652.0,1764059.625,1577613.625,1536611.625,1719388.25,1799475.75,1468604.375,1620129.125,1801319.25,1786856.125,1689021.75,1823098.25,1415165.25,1394633.5,1413004.5,1424758.875,1171513.5,1282265.25,1242599.0,1347144.25,1490060.875,1515331.0,1561619.0,1663788.75,897953.8125,924076.1875,1169254.25,1147384.875,1179860.625,1097755.0,1510130.25,1433659.0,1901604.125,1754006.875,1195542.125,1235482.625,1467970.375,1588553.125,1278433.625,1353633.0,2221011.0,2159091.5,1339204.875,1289188.125,2032020.125,2341574.5,1282892.375,1477998.75,1418026.75,1404930.625,2409806.25,2115862.5,1873611.875,2185352.5,2004382.625,2620313.5,2736632.75,2734252.75,1475917.5,2071160.0
22,1371222.125,1296045.125,1387566.125,1336037.0,1624064.75,1507361.625,1592061.25,1404134.125,1499397.75,1349802.5,1570732.5,1656402.75,1736795.125,1897750.25,1607295.25,1568250.25,1684057.0,1710850.875,1847533.25,1758291.25,1680398.25,1644936.0,1438447.875,1513434.875,1522961.375,1542852.0,1579528.5,1574053.875,1745721.875,1713196.375,1916429.625,1817943.0,1522541.0,1417398.5,1559825.75,1331617.625,1424654.625,1471480.625,1615973.375,1844543.75,1728974.0,1758510.125,1269995.375,1175928.25,1095146.0,1068957.625,1262145.875,1498542.875,1231809.875,1179845.0,1248773.625,1303936.5,1526457.75,1567863.625,1523209.25,1573403.875,1536158.0,1513882.125,1424591.375,1494482.625,1575042.75,1592677.0,1974605.125,2154930.0,1412646.125,1444750.5,1433779.125,1343565.0,1399479.625,1383662.0,1704839.375,1703368.5,1744456.875,1837373.375,1443410.75,1196783.25,1677121.75,1652057.375,1664016.25,1864471.125,1119357.25,1155653.125,1405979.5,1426978.625,1310659.0,1379501.0,1632529.375,1637385.0,1273001.25,1285531.75,1327745.25,1330278.0,1300745.0,1302068.75,1406307.875,1328495.625,1268904.0,1386949.5,1272881.375,1258863.875,982195.4375,1021000.1875,1358517.5,1243246.0,1634751.5,1824140.375,1377970.125,1424272.25,1374507.25,1415856.5,1538096.0,1265912.75,1601519.25,1304936.625,1329061.125,1335345.625,1364000.25,1375159.375,1741667.625,1623720.625,1942008.625,1950891.375,1746973.625,1873212.25,1496451.25,1538097.125,1629587.0,1718091.625,1771254.0,1839038.125,1655889.125,1744654.375,1783418.125,1952913.625,1403418.375,1516420.625,1865342.75,1988135.5,2011081.0,2066065.125,1616859.75,1831655.5,1548089.0,1673614.0,1716938.75,1818023.125,1519875.375,1537373.75,1466987.5,1527215.5,1554585.25,1648096.5,1611273.5,1657415.5,1712168.75,1656759.5,1315509.625,1425795.25,1887408.375,1960165.875,1736918.0,1583519.375,1641427.0,1615111.625,1490637.25,1627776.5,1386164.875,1605140.125,1958227.875,1921768.0,1420062.75,1455607.125,1432105.125,1459637.5,1581258.625,1609840.875,1385140.625,1494766.5,1482536.375,1645275.875,1614789.375,1744369.125,1379583.375,1431131.625,1473633.5,1508234.125,1524461.375,1757331.5,1577658.625,1539601.875,1720192.75,1795401.125,1472364.125,1626400.5,1801389.875,1789790.625,1685804.75,1818819.375,1418577.375,1400903.75,1413862.75,1422330.75,1173394.875,1286637.625,1245353.5,1350017.375,1492116.125,1518586.5,1561641.25,1664600.125,897890.75,924778.1875,1163680.125,1139895.125,1183061.5,1105423.75,1506484.625,1436558.125,1902721.5,1753689.875,1194646.75,1234875.625,1467528.25,1586192.75,1279002.875,1353232.875,2220459.5,2158767.0,1338175.875,1289529.125,2031159.75,2335716.0,1280500.25,1479181.0,1418290.0,1408189.25,2404913.75,2115032.5,1873697.5,2179822.75,2000881.125,2617091.25,2732997.0,2730409.5,1475040.875,2070978.0
23,1369077.125,1292839.625,1382364.75,1329290.75,1620768.75,1500285.75,1591096.375,1401732.5,1501721.125,1352202.625,1568301.0,1652508.625,1733988.625,1893344.625,1604439.5,1566764.125,1681412.625,1708047.75,1843875.25,1756533.5,1678563.625,1644805.0,1435676.75,1511033.625,1520357.5,1539625.0,1578883.625,1573079.375,1746262.625,1713073.375,1917042.5,1819150.75,1520533.25,1417352.125,1558951.625,1334700.125,1422912.0,1471645.375,1611007.875,1846178.375,1726202.25,1751756.375,1266707.625,1173547.625,1094191.125,1067571.875,1264336.875,1499242.25,1231212.5,1179671.75,1247854.5,1303428.125,1528650.5,1572589.0,1524442.875,1573773.875,1537531.25,1516998.375,1428057.5,1497938.125,1577154.125,1595381.625,1973123.375,2156839.75,1414548.5,1445397.75,1434770.375,1345719.625,1407057.75,1391800.375,1706481.0,1708416.75,1749632.5,1843860.5,1444018.375,1202019.125,1675651.125,1649047.875,1665890.625,1872197.625,1119814.5,1155189.625,1408173.25,1428074.25,1306530.125,1379834.0,1632723.25,1638688.5,1275580.375,1287005.875,1328392.0,1331516.25,1302672.0,1299078.875,1406045.375,1326891.375,1269560.125,1387164.375,1273015.625,1258886.375,979825.9375,1019976.875,1360008.0,1241921.625,1636893.0,1825716.75,1379107.5,1424842.25,1370770.0,1410047.25,1538436.25,1258951.375,1597003.0,1304010.75,1321924.0,1329150.875,1359780.75,1364720.25,1734857.375,1617950.625,1936058.25,1955713.0,1748855.25,1875335.75,1498947.5,1540728.625,1630862.5,1720847.75,1772406.625,1840730.0,1659667.0,1750509.875,1784202.75,1955398.0,1398315.5,1508116.0,1862795.375,1988832.125,2010522.25,2067463.5,1615458.875,1831081.875,1542959.25,1669223.625,1718682.0,1820101.375,1514131.5,1534841.25,1466098.75,1526218.375,1551888.0,1646751.25,1607053.625,1651385.375,1714617.375,1662131.625,1317955.625,1426202.125,1887238.375,1962531.875,1737775.625,1586244.75,1640980.5,1621736.5,1492409.375,1626390.625,1388786.75,1607334.375,1964625.25,1924616.0,1420758.0,1458828.75,1430558.125,1458764.125,1576726.25,1603905.0,1382942.125,1495958.625,1480428.875,1645236.125,1611457.125,1741078.875,1379929.5,1431766.75,1473385.5,1506845.875,1521583.625,1752745.25,1579858.25,1541472.75,1720690.375,1793233.375,1476253.375,1636335.875,1800502.5,1793323.25,1681472.5,1815973.375,1422426.375,1407310.5,1413194.5,1420094.875,1177589.875,1292994.0,1249152.625,1354169.75,1495145.125,1522627.125,1562598.25,1665350.25,895116.0,921500.1875,1162113.875,1137613.0,1181130.0,1103753.0,1507551.625,1436138.5,1903019.25,1753148.0,1194009.75,1234036.0,1466509.625,1584651.125,1281616.75,1353267.625,2220489.5,2158943.25,1337922.0,1288086.5,2014562.0,2328765.5,1278821.625,1468714.25,1414761.125,1402451.5,2400070.25,2104082.75,1868712.75,2176862.0,1996545.125,2614173.25,2730571.25,2728635.75,1467743.625,2062138.625
24,1368740.5,1292386.125,1381144.125,1330037.75,1619739.625,1502346.75,1590867.25,1403073.875,1503856.0,1356477.625,1569023.125,1652205.25,1731487.625,1892448.5,1603742.5,1567340.5,1678908.25,1707636.875,1841863.75,1757708.75,1677878.5,1646755.0,1433066.75,1510690.75,1520077.375,1539802.125,1577958.875,1572321.625,1745039.625,1711355.625,1915410.75,1820793.0,1518469.75,1416894.5,1559897.625,1338776.125,1421941.75,1469693.75,1610637.25,1842448.25,1726336.75,1754345.5,1263783.375,1173184.375,1092424.375,1066076.625,1262825.75,1497384.375,1230547.25,1178463.25,1246687.75,1302634.5,1528422.25,1574017.0,1525878.25,1574726.875,1541212.875,1517792.75,1429175.25,1497522.125,1576365.375,1595542.125,1971864.625,2154718.5,1414837.0,1446430.5,1434247.25,1345931.5,1412340.625,1397043.875,1701604.875,1709694.75,1752380.25,1843780.5,1440987.0,1202713.25,1666606.875,1644423.375,1664000.75,1873139.5,1121164.875,1152117.125,1410494.25,1426804.625,1304271.375,1376544.25,1633345.5,1638927.125,1276452.375,1284244.25,1325890.375,1331173.125,1304500.25,1296674.625,1408155.125,1326508.375,1267528.75,1385090.625,1272531.875,1260214.75,978849.75,1018852.5,1361285.0,1241150.125,1638550.875,1826217.375,1378873.375,1423695.625,1369347.75,1409358.75,1540166.25,1259782.375,1603270.25,1305868.375,1310086.75,1306502.125,1375092.375,1354879.25,1722533.625,1613206.0,1925128.875,1958729.375,1746958.25,1872397.5,1498943.125,1541474.875,1631030.5,1722170.0,1772391.875,1840323.0,1661328.625,1750681.5,1785422.25,1958084.75,1397101.625,1509408.5,1862605.0,1989322.5,2009158.625,2068458.75,1614872.25,1831797.625,1543005.375,1667519.375,1718228.5,1821249.0,1514975.375,1536685.125,1465219.0,1526490.625,1552349.75,1648038.125,1606528.0,1650730.375,1714807.625,1664091.75,1319652.375,1426220.875,1885707.5,1964421.75,1738705.375,1585595.25,1636296.625,1625011.625,1492690.5,1622826.0,1390468.125,1605931.25,1957572.125,1923719.5,1417294.0,1460865.5,1430312.0,1458635.875,1576319.75,1603746.625,1391282.875,1498593.625,1481746.5,1651306.0,1610617.625,1739944.5,1383219.875,1435730.875,1474244.5,1508345.625,1521398.0,1752273.25,1586314.5,1547521.375,1726860.0,1798674.625,1479846.25,1641543.875,1803485.125,1796365.125,1681198.75,1817432.875,1424380.375,1407680.125,1411976.5,1420288.875,1181734.125,1295062.125,1250504.0,1354482.125,1501476.25,1527954.375,1564480.125,1665308.75,892644.1875,917638.1875,1165720.5,1143496.375,1175998.125,1094717.75,1510218.75,1433101.75,1901294.625,1751884.75,1192683.125,1233475.875,1464979.625,1584684.125,1280272.75,1352193.375,2221056.75,2159523.75,1337688.25,1286450.375,2003583.875,2330772.75,1279540.375,1459358.25,1412632.75,1396226.375,2401927.25,2097151.875,1865415.125,2179273.5,1997483.5,2615159.5,2732356.0,2731009.75,1462089.5,2056274.25
25,1371891.0,1295120.875,1386071.0,1335579.125,1619977.25,1505521.375,1593224.125,1406187.375,1503037.875,1356783.5,1572819.375,1654470.375,1731122.125,1890910.25,1604627.625,1567242.0,1682246.0,1711442.125,1843904.75,1758188.375,1678958.25,1648298.25,1434161.375,1510984.0,1522851.875,1542391.875,1579412.875,1573139.5,1747456.125,1707897.0,1915201.875,1819599.75,1521053.125,1414576.875,1563053.75,1338015.625,1424489.625,1468205.125,1620860.0,1837062.375,1725682.375,1756098.5,1267573.625,1176209.0,1094182.875,1067380.5,1260464.25,1492672.5,1230441.875,1177857.375,1248927.25,1303579.25,1526895.125,1570983.625,1526511.125,1575185.5,1541539.5,1516373.5,1427816.375,1496544.25,1575160.5,1592764.125,1974412.875,2151762.75,1413179.875,1446016.125,1433691.125,1345892.125,1408599.5,1393628.125,1698985.75,1707516.125,1749617.875,1842214.375,1443698.75,1202836.25,1667987.75,1651231.375,1663831.75,1873105.375,1121837.875,1152289.25,1411277.875,1430122.75,1307098.625,1375309.875,1634082.25,1641781.375,1274727.875,1282344.25,1323618.375,1329790.0,1303980.25,1300228.875,1411564.875,1329994.375,1265335.25,1382223.0,1272963.625,1262182.125,982015.125,1019722.9375,1360292.375,1241866.125,1636526.375,1824504.625,1377900.0,1421877.875,1367430.125,1412127.5,1536651.875,1261748.0,1607000.625,1304428.875,1308880.25,1306234.375,1378734.0,1364159.5,1722742.0,1615962.875,1929680.25,1956036.25,1744276.75,1872462.0,1499401.25,1542710.25,1629128.25,1721087.875,1770412.75,1837449.0,1660890.625,1748766.375,1787001.875,1958485.0,1398408.875,1516234.75,1867904.5,1989273.5,2008554.375,2068037.625,1617687.75,1832952.375,1549272.375,1672388.125,1715241.875,1821516.0,1518334.625,1537845.75,1465128.5,1527293.5,1554350.25,1649135.875,1607682.125,1653290.625,1713875.0,1661269.375,1318955.625,1425557.625,1886175.625,1963043.25,1740505.25,1584409.625,1633842.0,1621511.875,1491734.0,1623745.625,1388806.5,1602374.75,1951704.75,1923633.375,1413108.0,1458642.75,1432778.75,1459534.125,1578866.75,1607337.25,1394728.125,1496536.75,1482269.375,1650692.5,1613665.125,1742004.625,1382592.25,1435815.25,1473953.875,1509721.75,1521433.125,1752690.75,1584652.875,1545397.75,1728916.625,1800196.875,1471206.875,1633894.25,1804169.75,1794038.625,1684165.875,1818809.375,1418435.125,1399739.75,1410676.25,1420565.375,1176260.75,1285860.75,1244357.75,1349095.625,1499622.0,1520745.25,1562712.5,1661640.125,892758.125,919323.1875,1166020.25,1145769.0,1175640.25,1094267.375,1510403.0,1433301.5,1900954.875,1752074.875,1193617.75,1234737.875,1464447.875,1584756.25,1278406.5,1352639.0,2221819.25,2160180.25,1338013.375,1287328.25,2012803.625,2336798.75,1281328.875,1466025.25,1416186.625,1398222.75,2407250.75,2104348.0,1867914.0,2183151.0,2001951.375,2619442.25,2734330.25,2733060.25,1466187.0,2061983.375
26,1374970.125,1297277.0,1391277.375,1338057.375,1618527.0,1503047.875,1595783.25,1407618.125,1502652.375,1354376.625,1574265.5,1656110.75,1732794.75,1888653.25,1605515.125,1565023.25,1686933.25,1714094.625,1845900.75,1754993.625,1678278.375,1646085.375,1437199.5,1509460.75,1524887.625,1543979.0,1580855.5,1573331.75,1750063.5,1705591.25,1916025.0,1814811.5,1524263.375,1412501.25,1562461.0,1332759.75,1426319.625,1468044.75,1629505.875,1835382.125,1725287.25,1757589.75,1273610.625,1177773.375,1098974.125,1070415.5,1262292.75,1490519.75,1232285.25,1179850.875,1251134.75,1303851.625,1527012.875,1568498.0,1526269.875,1574533.0,1537293.625,1514682.625,1427935.875,1496844.25,1576523.75,1591828.75,1977193.0,2150099.75,1412048.75,1444663.5,1435702.875,1346709.625,1404184.5,1387645.125,1701792.0,1707156.375,1748056.25,1842100.75,1447049.375,1202455.875,1675098.75,1657500.75,1666252.0,1872441.5,1120964.625,1155372.25,1411340.0,1436388.125,1309400.25,1375900.25,1634189.5,1644254.875,1273787.0,1282916.5,1324358.625,1330158.125,1304812.75,1306799.75,1412346.125,1333518.125,1265360.375,1381369.875,1273816.75,1263795.5,985091.125,1022052.75,1360127.375,1243537.625,1633764.25,1823020.875,1378735.375,1422052.625,1367782.5,1410725.75,1532041.375,1258306.75,1601680.875,1301065.5,1316806.875,1327468.375,1366788.0,1375100.75,1736291.0,1625488.25,1936897.0,1948801.375,1742167.5,1873104.875,1501231.25,1544436.25,1627520.0,1719786.875,1767417.75,1835510.0,1659884.875,1749929.5,1787557.125,1957840.625,1398139.0,1518974.25,1871623.875,1988902.5,2010677.25,2067439.75,1619943.125,1833966.875,1553192.125,1676166.625,1714555.5,1821322.125,1515091.625,1532580.625,1464875.625,1525973.5,1555661.75,1649804.25,1609344.0,1655937.875,1715045.25,1659038.5,1318626.875,1425880.625,1888786.125,1961150.75,1741555.75,1584723.75,1637617.375,1618493.0,1492034.375,1626159.625,1386632.25,1601077.25,1957074.25,1924118.875,1414502.0,1455276.625,1434612.125,1459588.375,1581006.375,1609205.25,1388457.875,1493113.5,1482049.125,1645163.625,1616624.375,1744039.625,1379635.5,1432412.625,1472952.125,1508787.625,1523314.0,1754096.5,1574744.25,1533245.0,1720744.125,1794002.125,1457938.5,1622658.25,1798908.25,1788272.5,1686377.875,1818610.625,1409772.0,1392176.75,1409128.125,1420060.25,1166661.125,1276140.25,1238027.25,1344913.625,1487707.5,1505256.375,1558605.375,1658215.875,893597.3125,921356.3125,1162008.875,1139262.875,1180721.0,1102930.875,1508997.5,1436589.375,1902509.75,1753811.375,1196654.375,1236323.875,1465695.5,1585682.25,1279852.375,1354692.5,2223937.25,2160603.0,1339594.375,1288995.0,2024946.25,2338735.5,1283040.5,1477063.75,1419997.625,1402080.125,2409700.75,2113561.25,1872360.625,2184633.25,2005369.375,2622225.25,2735509.75,2732870.0,1473468.875,2068874.5
27,1375069.25,1298408.0,1391665.0,1338086.125,1617034.125,1502807.75,1597699.75,1407790.375,1504871.25,1355254.125,1572793.5,1656404.0,1732877.125,1888734.125,1605632.0,1564023.75,1687019.75,1713083.0,1844433.625,1752706.625,1676551.875,1644147.75,1437508.875,1507982.875,1524227.25,1544526.625,1579783.375,1572117.5,1749208.375,1706724.875,1915290.75,1813688.25,1524166.375,1414036.5,1560691.625,1332606.5,1425751.375,1468609.75,1628792.375,1837498.75,1726065.375,1761429.5,1273076.0,1175881.125,1100690.0,1071370.375,1264020.25,1490415.5,1233429.875,1181793.625,1249560.5,1303758.25,1528766.625,1569791.375,1526726.625,1575720.5,1534834.0,1516167.75,1427961.5,1497683.5,1579337.25,1595321.875,1976577.375,2149594.75,1410617.125,1443241.375,1435169.875,1345745.25,1405371.75,1385790.375,1704713.125,1708830.75,1750791.875,1842501.625,1445667.0,1201385.625,1674331.625,1653108.0,1666820.75,1870459.125,1121019.25,1157246.875,1411347.5,1436878.125,1308602.875,1376720.875,1635432.625,1644111.625,1273699.625,1282018.875,1325230.375,1331597.0,1306759.5,1307896.25,1411058.625,1333421.375,1266437.25,1382468.625,1274180.75,1264483.25,983833.0625,1022461.75,1360574.0,1243155.875,1633366.75,1823490.0,1379916.375,1423133.5,1372016.5,1406638.5,1532067.75,1254928.125,1597928.625,1301067.625,1320147.125,1334287.625,1364853.25,1370700.75,1741186.25,1630126.0,1934256.0,1946675.375,1742596.375,1869444.625,1500972.0,1544286.125,1629191.125,1720578.875,1768078.75,1838026.25,1658618.625,1751325.875,1787095.125,1960767.125,1398455.625,1518434.0,1870485.875,1990648.75,2013439.75,2070090.875,1618028.125,1835386.125,1550775.875,1674977.125,1718295.625,1822723.75,1510685.375,1528929.5,1464267.125,1523857.375,1555464.75,1650154.375,1610536.5,1657096.625,1717223.125,1660817.125,1320723.375,1428297.125,1890254.375,1962567.875,1739634.625,1586303.75,1640733.0,1619355.625,1493860.75,1626246.5,1387958.125,1601862.5,1962846.875,1923431.75,1418311.125,1455002.875,1434445.375,1458854.375,1581326.875,1609062.375,1383997.0,1492867.375,1482024.0,1644811.875,1616128.625,1744081.625,1380166.875,1431420.375,1472084.625,1507105.875,1525646.875,1755668.125,1569589.875,1526009.875,1714109.5,1790860.25,1457220.25,1620028.5,1794687.875,1785633.75,1686256.125,1819108.125,1408653.0,1392923.125,1409059.125,1420134.625,1165017.875,1276462.375,1238571.0,1345931.25,1482863.0,1503153.125,1558824.875,1660938.125,893592.6875,919654.375,1161304.0,1136634.5,1183928.25,1106705.25,1508543.25,1437593.875,1902103.875,1753288.0,1196908.625,1235728.875,1466157.0,1586160.625,1281245.5,1355301.25,2225299.25,2159620.5,1340211.75,1289293.25,2020126.875,2335234.5,1282853.375,1475829.125,1418384.625,1401847.875,2406470.0,2109930.5,1871892.75,2182657.5,2004481.5,2620521.5,2734739.5,2731985.5,1472582.5,2066302.0
28,1373865.25,1298435.125,1389194.5,1338207.125,1617865.5,1505754.0,1598162.75,1407466.875,1505935.0,1356913.75,1572345.125,1656341.125,1731469.375,1890562.5,1604718.875,1565309.5,1684715.25,1711732.625,1842626.875,1753823.25,1675892.75,1644749.375,1436122.5,1508026.125,1523240.375,1544292.5,1577804.875,1571476.625,1748753.25,1709752.5,1915025.0,1817218.5,1523490.125,1416438.25,1562735.125,1336224.875,1425268.375,1469171.375,1624047.375,1839598.125,1727177.375,1762098.125,1269751.5,1174536.875,1097878.375,1070046.5,1262658.875,1491184.5,1232285.125,1181206.875,1248495.0,1304370.625,1529863.5,1571360.375,1527323.75,1577141.375,1535661.25,1517812.5,1427614.375,1496758.125,1578954.125,1596925.875,1976260.75,2150800.75,1409460.75,1442449.75,1432311.625,1343742.75,1408564.125,1389462.875,1704617.75,1708967.625,1752084.25,1843516.75,1445490.125,1202275.625,1670898.125,1650723.375,1666756.75,1871544.5,1122492.0,1157910.75,1412938.875,1434277.875,1309170.0,1377640.375,1637805.25,1643888.875,1274399.625,1280885.25,1325016.375,1331667.875,1306340.0,1304465.25,1410584.375,1331583.375,1267633.625,1383654.5,1274586.625,1264865.0,982264.125,1021256.75,1360193.25,1241562.875,1633631.75,1823763.75,1379168.25,1422835.875,1374421.125,1408204.625,1535376.75,1256249.0,1600863.0,1302722.625,1320481.75,1328402.625,1371414.875,1367229.5,1735747.625,1626224.125,1932164.25,1950013.625,1745725.875,1868634.0,1499230.25,1541376.625,1630400.0,1720467.875,1770576.875,1840230.25,1657884.625,1749920.625,1786338.25,1961452.875,1400293.375,1517370.75,1868080.875,1991920.625,2013863.625,2072780.75,1615950.5,1835158.125,1548144.125,1672510.875,1720073.375,1823444.75,1512472.25,1531621.0,1464175.375,1523549.0,1554868.75,1649678.875,1609657.875,1655684.375,1717427.0,1662778.875,1321640.75,1428872.5,1889066.625,1964222.75,1737465.25,1586449.375,1640901.0,1620709.625,1493817.625,1625826.0,1389200.75,1602107.375,1960875.75,1923580.0,1418238.0,1456500.375,1433295.5,1458094.75,1580665.875,1608808.625,1386874.75,1495330.5,1482455.5,1648035.375,1614296.375,1742672.5,1382226.875,1433739.75,1471827.5,1506576.625,1525903.5,1757222.25,1570475.125,1528875.5,1715093.25,1792480.875,1462935.625,1623131.625,1795567.25,1787111.0,1685298.625,1819402.25,1412476.75,1396499.75,1411057.625,1420769.25,1167832.75,1279504.625,1240694.625,1347418.875,1487757.375,1510270.125,1561043.625,1664318.875,894651.6875,921155.3125,1163721.125,1141348.625,1183278.75,1104596.625,1508573.375,1436163.75,1901119.25,1752227.375,1194957.625,1234650.25,1465183.875,1585535.5,1280412.625,1354536.125,2222875.25,2157923.5,1339222.5,1288869.0,2012857.75,2331407.5,1281197.75,1470977.625,1415851.125,1401164.5,2402488.5,2103829.5,1868478.75,2179392.25,2000445.375,2617028.25,2731891.75,2730514.75,1468988.875,2061794.875
29,1373207.625,1297517.375,1387923.75,1338114.25,1619145.875,1504739.0,1596646.375,1407322.0,1503437.25,1355285.125,1572919.125,1656432.25,1730933.25,1891868.75,1603779.875,1566063.125,1683313.5,1711104.5,1842666.375,1754098.0,1675278.25,1643714.875,1435619.625,1508300.625,1523049.75,1543314.5,1576302.375,1571725.75,1749320.5,1710832.625,1916392.375,1817489.25,1523862.875,1416175.875,1562938.375,1333613.875,1425017.0,1468868.625,1620561.0,1840525.5,1727339.125,1759517.625,1270570.125,1174641.625,1095358.5,1069017.0,1262039.375,1494577.75,1231564.25,1180104.5,1249590.5,1302706.75,1528143.25,1569981.0,1526032.0,1575549.75,1534888.5,1515266.5,1425810.25,1493799.875,1575225.5,1593551.625,1977106.125,2151823.75,1411139.5,1443313.5,1433133.875,1344351.625,1410184.125,1391440.25,1701501.0,1706693.0,1749366.75,1842311.5,1445255.0,1202319.25,1667282.0,1651789.75,1667006.125,1872060.0,1123134.125,1158577.625,1414694.25,1434413.5,1311283.5,1378512.125,1638271.375,1642550.625,1276807.125,1283127.875,1325908.125,1330710.875,1305438.875,1302699.125,1410041.125,1331084.875,1269338.375,1384154.375,1274799.125,1264041.625,982098.0625,1021341.1875,1360765.375,1242054.125,1634024.625,1822905.5,1378134.375,1422421.0,1371989.75,1412110.75,1540807.375,1260960.25,1605079.375,1304443.375,1324540.5,1329340.125,1367359.0,1370671.375,1736578.375,1623295.125,1933282.0,1949195.75,1747146.375,1871042.875,1500358.375,1538371.125,1628273.5,1717651.75,1768116.25,1836067.125,1656922.0,1746692.5,1784888.0,1954710.75,1400146.375,1515907.5,1865633.25,1988741.75,2012011.125,2069244.5,1616521.0,1832224.75,1548301.75,1670419.75,1716503.875,1819944.25,1518366.0,1536411.125,1465918.875,1525569.375,1555372.0,1649419.0,1609276.625,1654919.25,1714732.5,1660663.0,1318797.5,1425388.625,1886709.875,1961743.125,1737635.0,1582896.5,1640834.75,1620778.875,1491952.625,1624933.625,1387923.25,1602007.625,1954556.25,1923468.875,1415694.75,1456900.75,1432030.875,1457495.75,1580213.125,1608772.75,1390530.875,1497706.75,1483632.75,1649140.625,1613796.125,1742032.0,1382911.375,1435954.75,1472970.25,1507853.25,1525276.0,1759029.625,1573052.5,1535025.0,1718682.625,1795287.5,1463700.125,1625826.375,1800191.0,1791059.875,1686119.25,1819655.125,1414590.25,1397829.25,1413185.625,1421695.875,1167718.875,1277754.125,1239822.75,1346543.875,1491083.625,1512881.125,1560421.5,1662292.5,897439.0625,926633.875,1163631.625,1142757.0,1182310.625,1104440.75,1508483.0,1435955.0,1902063.625,1753328.375,1195447.875,1235313.75,1465518.0,1586275.75,1279760.875,1354305.5,2219829.0,2157878.75,1339353.625,1288789.25,2017586.25,2332786.25,1281580.125,1472722.75,1416913.125,1402003.5,2404319.0,2107433.25,1868969.5,2179693.0,1999742.25,2616320.5,2731931.75,2730643.25,1470750.875,2063252.75
30,1372742.625,1297106.5,1388945.625,1337781.375,1617705.25,1499569.5,1597800.125,1407943.75,1503891.625,1354345.875,1572046.625,1656677.375,1729235.625,1891580.25,1603810.125,1564713.625,1682848.5,1708249.25,1841296.125,1750676.875,1674811.125,1639277.625,1435018.875,1507157.5,1522880.0,1541723.0,1573607.875,1569982.375,1748857.75,1709770.0,1917217.25,1814451.125,1524477.0,1415224.625,1557951.625,1324409.375,1424909.5,1466909.875,1620649.0,1840117.875,1725777.875,1758858.75,1272861.0,1172316.25,1096502.75,1069002.125,1263283.25,1497506.125,1232902.625,1181053.0,1248213.75,1298398.0,1526692.5,1568047.25,1525618.875,1574372.75,1535376.125,1514834.375,1423922.75,1492501.25,1575056.5,1591788.75,1976594.875,2149752.5,1414609.875,1445683.625,1436490.75,1347121.375,1412663.5,1385320.125,1698551.75,1704027.125,1747239.125,1838701.625,1440137.0,1199136.375,1660658.0,1645136.0,1666502.0,1867648.375,1122286.875,1159683.625,1414173.875,1436055.125,1311369.5,1379296.5,1637281.875,1639031.5,1279547.625,1286205.875,1326758.375,1329722.125,1307485.125,1303498.5,1407587.0,1333084.875,1269997.125,1384676.125,1274909.75,1262220.125,981166.375,1023334.3125,1363592.125,1244698.125,1634805.875,1822021.625,1378402.875,1422697.5,1371568.0,1412296.0,1547192.875,1266266.875,1609717.5,1307695.5,1329269.75,1335721.75,1358681.125,1370763.875,1743434.625,1624791.375,1930995.125,1947211.625,1746417.75,1868132.25,1505486.25,1540757.0,1628090.625,1717184.375,1765745.125,1834286.375,1657574.625,1746352.75,1784579.625,1950762.75,1397331.75,1514821.5,1864087.75,1984703.875,2011146.125,2064143.0,1616188.0,1830165.375,1547993.125,1667357.625,1714234.625,1815515.625,1520793.0,1538592.375,1468537.625,1528305.875,1556261.75,1649770.0,1611245.875,1657427.375,1713173.25,1657176.375,1317137.0,1422439.875,1887720.375,1959291.25,1742993.375,1582493.375,1641204.875,1622121.875,1491295.75,1623349.75,1387929.75,1600909.125,1951495.125,1921606.5,1416366.0,1457264.5,1431496.125,1456995.125,1580832.375,1609638.875,1391228.375,1498336.375,1484635.25,1649403.125,1613797.875,1742994.625,1384810.5,1437036.875,1474976.125,1509441.125,1525793.25,1760722.375,1576746.25,1538301.75,1722134.625,1800955.875,1463369.5,1626110.125,1805968.75,1794618.125,1689700.25,1823194.75,1413081.25,1397125.375,1413257.375,1422680.0,1164405.125,1271908.5,1236321.125,1344069.25,1490674.0,1512585.75,1558811.375,1657636.125,900295.0625,929754.125,1162933.75,1140824.0,1183051.375,1107226.0,1509407.25,1437190.875,1902259.75,1754405.125,1197615.375,1236219.0,1467490.75,1588763.75,1280952.875,1355280.875,2218996.25,2158241.0,1340804.875,1289423.25,2022312.0,2336588.0,1283243.375,1474829.875,1417920.375,1403457.75,2408429.25,2112958.0,1872275.125,2183381.0,2002580.5,2618500.5,2735859.0,2734776.5,1472434.5,2066508.125
31,1371029.5,1295529.5,1389101.75,1336685.75,1615369.25,1496747.75,1600178.375,1407219.125,1506173.75,1354489.375,1569952.375,1656269.25,1727446.375,1891010.375,1603828.25,1563332.625,1682715.0,1704960.125,1839549.75,1748591.125,1675531.0,1636990.125,1433850.625,1505772.0,1522531.75,1540023.875,1573086.5,1568211.5,1747783.125,1709099.875,1916676.0,1814170.875,1524223.0,1416172.125,1554579.875,1319889.375,1424801.75,1465348.875,1620055.0,1837660.25,1724847.0,1759219.375,1271097.25,1169681.625,1097521.125,1068270.125,1264449.625,1499822.75,1234328.5,1182717.25,1244793.0,1296981.5,1527249.375,1567737.25,1526821.75,1575175.875,1538165.625,1517945.375,1426421.875,1493475.75,1577924.625,1593743.5,1975536.125,2147289.75,1415105.5,1446159.75,1437161.5,1347770.75,1414012.625,1380734.5,1697923.5,1703252.375,1747068.25,1837165.25,1435616.375,1195854.75,1657386.0,1637910.25,1665430.625,1863802.625,1121343.625,1160166.125,1412935.5,1436282.75,1309994.5,1378256.125,1636662.875,1636519.5,1280134.0,1284803.75,1326858.25,1329517.0,1308888.125,1304071.5,1406600.375,1334875.625,1269632.125,1385401.625,1275336.0,1262752.5,981404.75,1024731.5,1364749.625,1245476.25,1635283.375,1822033.875,1379173.25,1422776.375,1375875.875,1411516.5,1549903.5,1268644.375,1612787.375,1309672.75,1329448.375,1334614.0,1365312.75,1366071.875,1743624.0,1624968.0,1924562.625,1947520.625,1744288.625,1861601.875,1508427.625,1544868.625,1632067.75,1720284.625,1768498.5,1839519.25,1659380.625,1748480.375,1785634.0,1954720.875,1397057.375,1514310.25,1864151.25,1985272.5,2012517.5,2064792.875,1614308.75,1831273.25,1546285.875,1664512.375,1716583.375,1815062.5,1518201.125,1537162.875,1467835.125,1527968.5,1556680.75,1650162.25,1612481.5,1659541.875,1713920.375,1656068.75,1318220.5,1423527.5,1890456.0,1959663.5,1747642.75,1586099.625,1642038.875,1624838.0,1491067.375,1623330.875,1388343.25,1599427.375,1953101.75,1920655.375,1419702.5,1459132.5,1431311.375,1456371.375,1582209.0,1611370.125,1391472.0,1498936.875,1484733.75,1651102.5,1614152.875,1743625.625,1386698.875,1437446.0,1475843.0,1509108.875,1526351.875,1761111.25,1578527.0,1537533.375,1722932.125,1804094.25,1465664.625,1625636.75,1808266.375,1795392.125,1692152.375,1826806.125,1411663.0,1396433.25,1411808.25,1423238.625,1163006.25,1270262.875,1234966.375,1343407.25,1490068.625,1514262.25,1559673.875,1657620.0,900947.3125,927111.3125,1165799.375,1140981.25,1183756.125,1106800.375,1510395.25,1437069.625,1901083.25,1755021.75,1198063.375,1236471.75,1468306.75,1590950.375,1281937.125,1355923.25,2219435.75,2157930.25,1341353.25,1290167.75,2021861.0,2337963.5,1282974.5,1474535.0,1416626.625,1404646.0,2409275.5,2113967.5,1873134.125,2184849.75,2003012.625,2620301.5,2738326.25,2738398.75,1471356.875,2067890.5
32,1369645.875,1293195.875,1386197.75,1335141.0,1616527.5,1500894.375,1595971.375,1404761.375,1502778.5,1352966.875,1570014.5,1655056.5,1729691.25,1891520.875,1603690.625,1564495.375,1683642.625,1707628.625,1842546.5,1752660.875,1677026.875,1641706.375,1434110.625,1507330.25,1523265.375,1541224.125,1579227.25,1571681.25,1747572.125,1710456.625,1915710.875,1816119.0,1522626.375,1416908.5,1559708.125,1327143.125,1424809.375,1467434.75,1617515.75,1836875.0,1726528.25,1758179.25,1267953.75,1172412.375,1095484.875,1066926.625,1265870.0,1504493.0,1233392.625,1181732.0,1245804.25,1300833.25,1526889.375,1568532.875,1527399.25,1575068.5,1536053.25,1516068.25,1428882.625,1493792.125,1576892.25,1594319.625,1976470.125,2149214.5,1411939.5,1443823.5,1434170.5,1344362.75,1410132.125,1385832.0,1697448.25,1704788.25,1748046.625,1838575.0,1435548.375,1195095.875,1664472.625,1642755.75,1663750.0,1864042.625,1121606.875,1157781.375,1411903.375,1433059.375,1308839.625,1375799.75,1634793.75,1637358.625,1276729.5,1280933.5,1327748.75,1331167.25,1304958.25,1301816.0,1409631.25,1333296.875,1269678.75,1385520.125,1275281.625,1265026.125,983271.5625,1023358.8125,1360936.0,1242363.375,1635579.5,1823444.5,1379233.375,1423140.75,1375260.75,1411078.375,1545137.5,1267196.125,1609861.375,1307231.5,1321060.625,1316953.375,1382432.25,1357116.5,1734422.625,1622280.5,1918926.625,1947481.25,1740757.25,1861162.625,1503429.875,1541337.875,1633228.125,1720938.0,1768382.75,1839036.125,1656791.75,1746963.0,1784803.625,1956383.625,1401530.25,1515359.0,1865557.875,1989954.5,2012096.25,2066596.5,1615381.625,1832949.875,1546494.5,1666730.125,1718153.25,1817919.0,1517527.625,1536291.875,1464044.875,1524334.875,1556781.75,1650546.125,1611684.625,1658409.375,1713034.5,1657320.375,1317943.75,1426056.375,1887449.375,1958673.25,1740330.25,1583282.875,1640963.0,1624741.625,1491939.25,1624433.125,1387697.125,1601647.25,1955581.25,1922528.875,1419938.0,1459610.375,1431844.75,1456884.75,1582976.75,1611964.25,1392497.25,1499551.5,1484137.5,1652203.0,1615155.0,1742914.5,1384944.375,1437068.125,1474170.875,1507891.0,1524789.0,1758394.125,1579195.125,1537085.625,1721387.5,1799446.625,1468140.5,1626822.75,1805192.125,1794327.375,1689238.125,1823822.25,1415308.625,1399351.75,1411224.625,1423144.5,1168274.75,1278974.0,1240188.75,1347463.25,1492273.625,1519805.75,1562988.125,1664169.75,897458.875,919898.3125,1168855.875,1141066.375,1181114.0,1099475.75,1509971.25,1434587.125,1901099.5,1754667.375,1196450.25,1236447.375,1467272.0,1589748.875,1281238.875,1354551.0,2221292.75,2158452.0,1340241.5,1289675.375,2020321.0,2336737.75,1281657.875,1473978.25,1416178.125,1403687.0,2407792.5,2110342.5,1870811.625,2183411.5,2001793.75,2619278.0,2735893.5,2735871.0,1470855.5,2066738.625
33,1371587.5,1293897.5,1384620.125,1334944.75,1620325.875,1507050.375,1589124.125,1403387.375,1500974.0,1353082.375,1573251.75,1655013.0,1734133.25,1892944.125,1605843.375,1567451.0,1685987.875,1713494.375,1848241.125,1758008.5,1679773.875,1647884.75,1436838.875,1511160.375,1526129.75,1544862.125,1584774.875,1576364.375,1748777.875,1713283.25,1915915.0,1817339.125,1521804.0,1415440.125,1567228.5,1335300.125,1425777.875,1471366.875,1619750.625,1840675.0,1729258.5,1758166.25,1269870.125,1177159.625,1095127.0,1067526.125,1267690.625,1506122.0,1231113.375,1178783.375,1250838.0,1304461.75,1527503.75,1570067.125,1529043.5,1574985.0,1533549.25,1512538.375,1427819.75,1494187.5,1574943.5,1593185.25,1979030.125,2153663.25,1411283.125,1443551.875,1432720.625,1341777.125,1403624.0,1387791.875,1697658.25,1706089.25,1749870.25,1839633.25,1436342.5,1196813.25,1675170.125,1650593.5,1662142.625,1865230.625,1121331.375,1153639.5,1408392.125,1427412.0,1305619.375,1374618.75,1630975.125,1639265.25,1271142.875,1281245.75,1326889.875,1332101.625,1299720.75,1298897.375,1410634.75,1330175.125,1266693.375,1384860.375,1273783.75,1263741.75,983406.5,1021397.0,1357226.5,1240236.75,1635133.375,1824434.0,1377740.25,1423269.75,1368809.75,1410444.875,1538020.25,1266486.625,1606371.875,1304703.5,1310862.875,1300248.125,1386265.75,1349277.125,1726778.25,1620302.125,1920661.375,1950945.25,1738891.375,1867841.125,1496976.0,1536949.125,1629311.375,1719284.875,1765992.375,1834135.375,1654744.125,1745182.5,1783936.875,1953958.375,1403880.875,1517244.5,1869049.5,1992521.0,2009894.5,2065171.875,1619189.125,1832833.75,1549177.125,1673045.0,1717099.75,1820711.25,1519380.0,1537050.0,1463389.625,1523400.375,1555477.875,1649829.75,1610852.625,1656485.25,1712543.875,1659596.375,1317629.0,1427797.0,1883679.125,1958533.875,1732388.375,1578801.75,1637816.0,1620741.0,1495465.25,1625485.25,1388984.375,1606745.75,1958038.625,1924258.625,1418001.25,1457376.375,1434375.875,1460048.375,1583414.75,1611643.25,1393986.375,1497926.875,1483956.875,1650938.125,1614878.625,1742370.625,1383283.625,1436350.375,1472938.625,1508951.75,1523482.5,1755593.25,1582087.75,1540092.375,1722991.25,1795602.25,1470097.0,1628409.75,1800917.375,1791913.375,1684518.875,1817849.375,1418984.75,1401721.0,1410413.75,1421436.25,1174065.875,1287052.375,1244861.875,1350132.875,1496703.25,1523911.0,1564513.0,1667477.25,891986.5,913297.8125,1168263.875,1138274.375,1177192.5,1093086.125,1509470.375,1432877.75,1901730.25,1752680.375,1194783.75,1235729.375,1466550.75,1585357.5,1280781.625,1353351.25,2223162.5,2159231.0,1338518.625,1288466.375,2018816.75,2336307.25,1281681.5,1472169.25,1417201.625,1401927.125,2406918.0,2105446.0,1869631.25,2182956.25,2002862.5,2617324.5,2732872.5,2731146.0,1470416.5,2065393.625
34,1373323.625,1295158.75,1386218.25,1334908.75,1622055.625,1507045.375,1589328.125,1403314.0,1505689.625,1354826.625,1574589.625,1655805.75,1735404.0,1893771.875,1608450.875,1568570.875,1687741.5,1713842.375,1849906.0,1758363.25,1682707.375,1648823.125,1439031.75,1512922.5,1527627.125,1545000.5,1582668.625,1575550.25,1749963.125,1715490.375,1917723.5,1819257.25,1523223.5,1415069.75,1567059.0,1334507.0,1427037.0,1472660.25,1623299.625,1843690.125,1729693.125,1757950.5,1273169.125,1177511.625,1097149.75,1068822.125,1266538.375,1500773.75,1230501.375,1177795.75,1252391.75,1304359.125,1530398.75,1571038.625,1531172.625,1576579.25,1538672.0,1515552.25,1429327.5,1496506.625,1577774.75,1594577.125,1979740.0,2155290.5,1413549.125,1445476.75,1434785.125,1342998.375,1399483.875,1381257.875,1700923.125,1705959.375,1750168.5,1839394.25,1437714.75,1198864.0,1678750.125,1649715.25,1662349.25,1865596.125,1118881.5,1150927.0,1404570.375,1424253.375,1301279.0,1372872.5,1628822.0,1638327.375,1269155.625,1283222.5,1324225.125,1330397.25,1298806.375,1298565.125,1407563.125,1328474.0,1261499.625,1383852.375,1272180.75,1259420.25,982424.625,1021044.75,1357540.25,1241100.375,1634126.375,1823716.5,1376494.375,1422416.75,1367522.5,1410552.5,1534474.0,1265487.5,1605585.75,1304271.125,1309395.875,1303094.25,1377868.25,1350849.125,1726357.625,1619307.25,1926555.875,1955294.75,1739628.5,1872122.0,1497664.375,1542037.875,1629862.75,1722201.25,1771585.25,1838385.625,1660151.0,1748432.625,1787409.25,1957951.75,1401875.75,1515545.75,1872864.25,1992218.875,2011353.625,2066501.125,1620576.75,1833332.5,1549926.5,1674999.5,1718142.25,1822557.125,1517210.5,1535357.75,1465438.375,1525629.375,1553140.625,1647993.125,1609446.0,1654657.625,1715266.125,1660539.625,1319156.375,1429055.25,1887255.5,1961830.375,1738028.25,1582364.25,1637301.875,1617780.0,1496893.875,1627386.375,1390905.875,1609242.75,1960757.5,1923596.875,1419199.375,1456880.125,1436807.625,1462954.25,1583346.375,1611343.25,1393573.875,1494963.875,1484261.125,1649016.375,1613251.125,1742188.625,1384593.5,1435480.125,1474724.25,1510612.875,1523710.375,1755163.875,1584212.75,1542463.25,1725825.125,1796678.125,1472616.75,1630174.0,1798436.375,1788731.625,1682673.0,1815961.625,1418794.75,1399688.375,1407860.75,1418302.875,1174789.75,1287434.875,1244368.25,1348562.875,1498897.125,1523064.875,1564494.5,1665560.125,890232.0,911461.5625,1167405.0,1136143.625,1176901.125,1093812.125,1509004.875,1433684.875,1901454.125,1752158.25,1194562.875,1234941.75,1467084.125,1583622.125,1281227.625,1354321.875,2222709.25,2159009.75,1338014.75,1288310.875,2020026.375,2337543.75,1282250.375,1470649.875,1417211.25,1402362.75,2407386.5,2105705.0,1871144.0,2182836.25,2003797.5,2617195.0,2733953.75,2730847.25,1469398.625,2066771.75
35,1370243.0,1292892.875,1386122.25,1333583.5,1618929.75,1501343.375,1593657.0,1402696.625,1505989.25,1353141.5,1571380.75,1655227.875,1731202.625,1893076.875,1606483.5,1566789.125,1687190.875,1709660.625,1846097.125,1756056.5,1681632.75,1645560.875,1437371.0,1511328.75,1524402.625,1540707.0,1577200.0,1572418.25,1749557.375,1716432.0,1918352.125,1821036.75,1524761.25,1416209.125,1561219.0,1329277.125,1427051.875,1471419.625,1620435.375,1842633.0,1726845.125,1755013.875,1272154.375,1174407.875,1097099.625,1068513.375,1262182.375,1495638.875,1232473.625,1180167.0,1248895.75,1302826.5,1530662.0,1569769.5,1529661.5,1576451.875,1542808.875,1518661.375,1430128.0,1495385.875,1581579.125,1597169.625,1977891.875,2154075.25,1413212.875,1444881.625,1435108.125,1342687.875,1398173.875,1379730.375,1704457.125,1705332.75,1749699.125,1839405.875,1440148.125,1199762.75,1679591.375,1646721.5,1664301.75,1867364.375,1116888.25,1152633.5,1404977.0,1426570.25,1301589.5,1371112.25,1630530.875,1636543.375,1272712.125,1282339.625,1324130.875,1329672.0,1300774.25,1300372.625,1406190.75,1329523.875,1261915.0,1384047.0,1272555.0,1258123.875,982307.6875,1021791.4375,1358728.75,1241759.75,1634038.125,1823304.875,1377834.375,1422423.5,1373436.75,1412152.5,1530336.75,1259262.0,1604162.125,1303151.625,1314235.5,1313564.875,1377971.75,1359892.125,1729176.375,1619080.375,1929024.875,1955751.0,1742088.75,1871872.0,1502468.875,1547627.875,1636154.625,1725673.875,1778082.625,1843371.5,1664915.5,1749787.625,1791685.375,1963777.5,1400059.0,1511034.75,1873149.875,1992697.125,2015169.125,2069141.5,1619399.75,1834654.75,1548189.625,1671730.625,1722002.0,1822930.25,1512178.75,1531540.625,1464963.5,1525575.0,1553119.125,1647970.875,1608149.875,1653307.125,1716659.875,1658453.625,1320017.625,1429363.125,1891034.125,1961423.375,1745680.0,1584280.625,1641187.75,1619148.5,1493863.0,1628905.25,1389813.25,1608685.625,1964198.0,1922712.5,1423978.625,1459448.375,1436579.375,1462517.0,1583265.0,1611520.875,1390568.0,1492889.375,1484278.25,1649710.625,1613333.625,1742184.0,1384381.875,1434696.75,1475700.0,1508674.625,1522939.5,1755014.875,1583225.375,1540054.125,1725251.75,1798325.5,1472649.375,1630866.0,1797753.5,1786495.25,1683632.0,1818638.25,1417956.375,1397301.0,1406369.375,1417154.125,1173166.375,1284968.875,1243394.75,1347646.875,1497227.25,1521260.625,1565959.0,1664708.5,894113.6875,915235.6875,1170221.5,1141287.375,1179513.375,1096804.125,1509446.625,1434847.75,1901880.875,1754254.875,1195592.5,1235928.25,1468891.25,1587196.375,1281980.875,1356548.0,2221681.0,2158838.75,1339421.25,1289734.5,2023606.25,2337435.75,1282071.5,1472777.875,1417044.125,1404600.375,2408025.5,2109987.0,1872492.5,2182612.0,2002803.75,2617613.25,2736376.75,2734010.25,1470458.5,2068119.75
36,1367129.5,1290694.375,1384022.125,1333480.625,1615120.5,1498250.375,1593577.875,1401884.75,1500717.25,1350503.0,1569349.375,1654769.375,1727101.625,1893228.0,1603360.25,1565924.625,1684764.125,1707203.25,1842067.875,1755527.0,1677809.625,1641956.625,1434965.5,1509447.625,1521094.5,1538394.25,1573725.375,1571699.375,1748237.75,1716641.875,1916810.5,1821253.375,1524482.875,1415769.5,1557868.75,1326461.0,1426127.5,1470702.75,1615946.5,1842278.125,1725770.5,1754708.25,1271060.75,1172189.625,1095453.5,1068251.125,1260456.5,1497143.875,1234504.875,1182786.375,1246650.875,1301460.125,1527813.25,1568207.25,1525192.0,1573451.75,1538077.875,1515383.5,1423810.75,1488602.125,1581550.375,1597091.25,1976624.5,2153638.25,1411669.0,1443289.25,1432751.375,1339721.75,1398327.625,1385420.375,1704056.375,1704936.375,1751979.625,1840746.375,1440390.75,1199965.25,1684944.0,1649323.25,1667008.75,1871410.5,1117876.625,1156644.5,1407090.875,1429389.375,1304870.875,1372444.875,1633887.75,1638505.375,1275069.375,1281347.375,1325558.375,1330659.125,1301545.375,1301483.375,1406679.75,1331676.625,1266080.125,1385421.0,1273749.25,1259752.125,981561.5,1022358.3125,1359236.5,1241727.25,1634302.375,1823623.5,1379177.25,1423399.75,1378948.875,1415085.25,1526542.125,1255308.125,1604896.5,1303238.5,1316781.125,1313556.125,1387591.125,1366089.5,1730398.0,1618977.625,1928986.875,1957808.25,1745588.0,1873947.125,1503737.0,1543871.875,1635445.0,1721548.75,1773512.625,1838045.125,1661243.375,1745443.5,1790189.25,1958781.25,1398568.25,1510271.125,1868849.5,1991579.0,2015175.625,2066456.375,1619266.625,1833791.125,1548179.5,1669666.75,1723337.625,1821147.25,1511943.25,1530816.125,1463835.625,1524553.5,1555514.625,1649986.0,1610025.875,1654888.625,1714341.75,1656157.25,1319010.375,1428047.875,1888069.25,1956806.5,1742945.375,1578568.625,1645354.25,1622944.125,1491922.625,1627881.125,1388087.625,1607771.25,1967514.125,1923767.75,1427769.375,1461753.875,1435302.5,1461692.125,1584889.875,1613151.625,1390832.5,1493378.875,1485607.25,1653361.125,1614874.125,1742637.875,1382838.75,1435657.125,1474110.125,1506214.75,1522517.0,1756066.25,1581204.75,1537992.75,1724732.75,1801256.75,1470351.5,1629513.75,1800601.75,1786683.125,1685971.0,1822333.125,1416165.25,1396377.5,1407801.625,1419391.375,1170835.125,1281018.625,1241932.25,1346807.5,1495296.0,1519817.25,1565588.375,1662485.25,898167.5,921052.375,1174079.25,1150126.875,1180293.625,1096175.875,1512486.625,1434239.125,1903158.75,1755633.75,1196953.875,1237855.5,1470674.0,1590353.375,1283278.875,1358352.75,2221047.25,2159340.75,1341269.25,1291362.5,2024318.0,2335627.25,1282599.375,1475241.375,1417464.375,1405166.125,2407052.25,2110767.0,1871966.25,2183714.75,2001715.75,2616487.75,2735965.75,2735714.5,1472722.25,2066423.75
37,1370305.875,1293170.0,1384011.125,1335204.75,1617779.75,1503465.625,1590125.25,1402103.625,1500448.125,1352497.375,1572514.125,1656183.125,1730295.375,1895877.25,1605162.0,1567881.125,1682212.125,1708871.25,1842875.125,1756422.0,1677005.0,1641981.375,1435986.375,1509168.625,1522821.5,1541708.75,1574807.375,1571909.625,1748355.875,1715906.625,1916227.375,1819196.75,1524211.5,1415227.125,1560872.5,1331374.375,1426573.25,1471534.625,1616525.0,1843871.375,1730949.625,1761094.5,1271818.375,1173659.125,1094036.5,1068225.75,1263231.625,1503003.25,1233611.75,1181907.0,1249521.5,1302053.375,1526950.5,1569399.25,1523790.875,1572540.875,1532251.75,1512659.875,1421108.75,1487270.25,1578298.25,1595119.875,1977904.75,2155128.5,1411888.375,1443888.0,1431204.875,1339566.25,1402170.5,1390904.25,1698659.25,1705680.375,1754206.375,1842530.75,1437326.375,1197770.125,1686756.75,1653740.25,1668750.25,1871169.0,1122224.75,1156108.5,1409508.125,1427864.125,1306272.125,1373765.5,1637633.75,1642170.75,1273299.0,1281386.0,1324857.125,1329324.625,1301045.375,1299942.75,1407603.875,1330458.625,1266225.25,1384901.0,1274682.625,1260702.625,981523.8125,1020865.6875,1359792.5,1241567.625,1634137.625,1823451.875,1377555.5,1422989.25,1377310.0,1415377.25,1532751.25,1261275.125,1608186.5,1305371.875,1315756.125,1304732.875,1389819.375,1361474.375,1729450.0,1617918.25,1926509.125,1957817.625,1746891.625,1874028.625,1499293.875,1536662.0,1627268.375,1716297.625,1765620.75,1834510.375,1654205.375,1743633.625,1784567.125,1950640.875,1397881.75,1513916.125,1863724.0,1989004.0,2011520.875,2066016.75,1618740.75,1831960.125,1549043.75,1669258.25,1719187.125,1819345.25,1516818.625,1534128.75,1464498.625,1525118.375,1556098.125,1650345.75,1612138.875,1656814.125,1711901.875,1658195.25,1316166.25,1424932.5,1884431.625,1958119.625,1734318.0,1576184.125,1643344.875,1624057.875,1493997.5,1625693.0,1389748.375,1606799.25,1966629.125,1926445.125,1424132.5,1460700.0,1435121.375,1462092.875,1584650.875,1612786.25,1395229.625,1497265.5,1488058.75,1654865.5,1614138.5,1741964.75,1385114.75,1438512.875,1473707.125,1508406.75,1524995.125,1759753.0,1581265.0,1543038.25,1724819.625,1802433.75,1474126.75,1631418.875,1804940.625,1791075.75,1686099.75,1821930.25,1416063.0,1397967.125,1410113.375,1421337.125,1171619.5,1280984.375,1241138.625,1345921.625,1494915.25,1518973.5,1561701.5,1660918.875,897331.0625,922069.4375,1173352.375,1150396.375,1178720.5,1092643.5,1513352.5,1432095.125,1902600.25,1754001.125,1196840.625,1236855.125,1469130.75,1588275.375,1283748.75,1357120.875,2219461.25,2158857.75,1341273.0,1290367.75,2017923.125,2334376.0,1283293.25,1470792.625,1415555.25,1401048.125,2404867.0,2105140.5,1869111.375,2182810.25,2001000.0,2614657.5,2732998.0,2732982.0,1470050.75,2062405.5
38,1376250.875,1298069.625,1387121.25,1336044.0,1623442.875,1510202.625,1589346.25,1402701.875,1503605.75,1355227.0,1576556.5,1657669.25,1736934.5,1898523.875,1608405.625,1569113.25,1681935.125,1712541.625,1846732.625,1757501.875,1678339.625,1644552.75,1437417.25,1508359.625,1525857.75,1545515.875,1580000.125,1571512.75,1750393.875,1711824.375,1916792.0,1812131.25,1525448.125,1415729.0,1564966.625,1339145.75,1427314.25,1472956.25,1621267.25,1842491.375,1736855.0,1768665.875,1270794.75,1177019.0,1093810.625,1067435.75,1265918.75,1506626.625,1231676.5,1179461.75,1252417.375,1305162.375,1528748.75,1570822.0,1527760.125,1573414.0,1533394.125,1513690.625,1425307.75,1492119.5,1574494.375,1592300.0,1981069.75,2155263.25,1410999.625,1443310.25,1429518.75,1340950.75,1409851.25,1395112.75,1690978.25,1706613.625,1751355.875,1842507.875,1434763.375,1194422.0,1675150.625,1654237.5,1665993.0,1866738.125,1128682.5,1156195.0,1414465.625,1429025.625,1310378.5,1376326.375,1641636.0,1645114.125,1275114.0,1283579.25,1322587.125,1327760.25,1302525.875,1299406.5,1411446.875,1329600.625,1265370.25,1383848.75,1277137.5,1264890.5,985093.75,1019973.0625,1360608.75,1242015.25,1633600.0,1822811.375,1375553.25,1421839.0,1370448.5,1411709.0,1543808.375,1268183.375,1609531.125,1306650.5,1317599.625,1306110.125,1377945.375,1353145.375,1735419.375,1620782.5,1923293.5,1951130.625,1744542.75,1865474.625,1493651.125,1534177.875,1622876.25,1715544.125,1763595.75,1838756.75,1651765.125,1746883.625,1780978.625,1951411.875,1399857.875,1517904.375,1863059.75,1988789.5,2008727.125,2071733.0,1615518.875,1830810.5,1548575.625,1668552.125,1712898.25,1818874.375,1520472.5,1535973.125,1463776.5,1523567.375,1554731.375,1648875.375,1612264.875,1656880.625,1711842.75,1661971.375,1313795.375,1422032.5,1886423.125,1964983.125,1729995.0,1580064.5,1635578.375,1619916.375,1495365.125,1623910.75,1391706.375,1606474.5,1957679.5,1927017.375,1414974.625,1456489.25,1435111.875,1460909.0,1581871.75,1610138.125,1397586.875,1500918.5,1487979.75,1652213.5,1612820.5,1741937.25,1387747.875,1439588.625,1474116.625,1510777.5,1528380.5,1762423.0,1583200.75,1548772.0,1721740.0,1797915.0,1479734.375,1634831.625,1803233.0,1795213.75,1683985.625,1818810.25,1418373.75,1399562.75,1411932.25,1421983.75,1176186.125,1286588.5,1243231.125,1347622.625,1491805.5,1516669.375,1557152.125,1663604.125,894799.875,920628.5625,1167782.5,1143144.625,1178919.0,1094709.0,1509893.375,1431974.5,1901445.125,1751708.25,1194299.375,1233437.875,1465375.25,1584850.75,1282059.5,1353262.625,2219861.0,2157979.75,1338882.625,1287516.25,2011297.0,2336096.25,1280879.375,1464488.375,1413535.75,1397202.875,2405594.0,2101546.75,1866692.375,2180443.75,2002073.125,2615741.75,2731345.0,2729287.75,1464233.375,2060244.875
39,1377872.625,1300020.625,1389625.875,1335824.375,1622686.875,1507847.5,1591284.875,1403629.0,1502641.625,1354276.875,1576546.125,1657746.75,1737505.5,1898365.875,1608047.0,1567714.0,1682704.5,1712569.5,1846913.375,1757974.625,1677385.0,1643601.75,1435613.25,1505742.875,1525476.75,1543665.5,1582715.375,1571014.125,1750456.0,1705254.0,1916311.375,1807301.75,1525329.5,1414888.875,1561791.0,1338841.625,1424585.25,1472246.0,1623933.25,1837518.125,1736403.875,1770755.375,1268506.25,1177094.0,1095429.75,1067287.5,1266142.375,1505205.0,1232019.875,1179631.0,1249374.625,1305581.875,1528505.875,1569698.625,1529765.5,1572185.375,1536707.25,1512900.0,1422612.0,1490874.125,1572663.5,1589565.5,1981255.375,2151320.75,1408639.25,1440741.125,1427503.75,1340501.75,1415239.125,1396758.875,1689002.625,1706861.375,1747252.75,1842173.625,1436899.125,1196560.375,1657546.0,1650706.875,1659970.125,1869702.125,1129747.25,1163204.875,1417487.5,1436690.375,1315909.375,1382532.25,1640529.375,1647083.625,1280530.5,1288210.25,1322424.125,1330466.0,1306181.0,1302389.75,1413800.625,1334307.25,1267865.75,1385298.375,1278585.375,1271860.375,986934.8125,1022414.5625,1361693.125,1244077.0,1632823.0,1821815.875,1376772.75,1422395.375,1367502.0,1409297.25,1546352.25,1268741.75,1609106.5,1308240.0,1324002.5,1322149.5,1366426.75,1352343.375,1747342.75,1626407.125,1925751.0,1949539.375,1740628.125,1860537.75,1493391.5,1536882.625,1623665.5,1714852.25,1764100.25,1839739.5,1653315.5,1748432.75,1781360.125,1955791.0,1400123.875,1520745.125,1864768.875,1988257.125,2008457.375,2072620.5,1613349.0,1830706.625,1548359.25,1669116.875,1710328.5,1818839.875,1520106.375,1534522.75,1461562.625,1520441.875,1555649.75,1649079.875,1613611.5,1658522.75,1713314.625,1661742.5,1315999.5,1422516.5,1890656.125,1967089.125,1732787.25,1581756.5,1632215.5,1616729.875,1492637.0,1622867.25,1388366.25,1605793.625,1945440.25,1924383.75,1410961.875,1454751.875,1433550.5,1459285.375,1582351.625,1611293.375,1397964.75,1501757.875,1486204.25,1651322.375,1615141.5,1744786.5,1385742.5,1437940.875,1473393.75,1509453.25,1529943.625,1762859.5,1580546.875,1543925.875,1718808.125,1795506.125,1472980.25,1631097.375,1797838.375,1792919.875,1686343.875,1820225.5,1414713.25,1395202.375,1412933.875,1423366.0,1174513.25,1284576.375,1242017.125,1348012.625,1486990.625,1510318.0,1554040.5,1662314.375,895476.1875,924180.4375,1163941.625,1140512.5,1181583.875,1104383.875,1508577.875,1435779.75,1902402.125,1752526.125,1192830.625,1233060.25,1464287.625,1585618.875,1280022.75,1351607.375,2223251.25,2158948.0,1337112.875,1287570.0,2016477.0,2340076.25,1278161.125,1469466.25,1416918.25,1400830.25,2410144.0,2108026.25,1868407.875,2182197.75,2004539.5,2620273.25,2733079.75,2730307.5,1466431.25,2063723.75
40,1374817.5,1298040.0,1388041.875,1335942.375,1616581.875,1499766.75,1594609.25,1406079.25,1501969.5,1354180.75,1573605.25,1657034.875,1731022.875,1894266.875,1605631.25,1565265.5,1681946.25,1709043.125,1841697.375,1755073.375,1675018.25,1639668.0,1433431.5,1503637.25,1524259.75,1539009.375,1578533.375,1570331.0,1747243.25,1704038.875,1915792.375,1812002.0,1522608.5,1412502.0,1555832.375,1331478.375,1421115.25,1468235.25,1620323.375,1834116.875,1731286.75,1766699.625,1268112.375,1173544.25,1096544.0,1068408.25,1264808.5,1499645.875,1232581.375,1180840.25,1244895.125,1301251.625,1526161.875,1569095.0,1526365.375,1572565.375,1535612.625,1513284.375,1419111.0,1489272.5,1573234.75,1589781.5,1975767.375,2147297.5,1409756.875,1442171.75,1430628.25,1342625.625,1414026.0,1392738.75,1697496.875,1706883.25,1747630.125,1842236.375,1441855.5,1202534.75,1653142.0,1646937.375,1657797.25,1875456.5,1121020.0,1164274.375,1413163.0,1439964.625,1311148.875,1382946.5,1632404.0,1643908.5,1280003.625,1288440.875,1325583.25,1332747.125,1307610.125,1303948.75,1408441.375,1335996.0,1268452.5,1385496.375,1274090.5,1269282.875,981775.25,1023023.4375,1361802.125,1245381.25,1633902.25,1821883.5,1379995.75,1423417.875,1370022.625,1408914.625,1542444.5,1266158.0,1606665.625,1308745.0,1327737.875,1332434.75,1366094.25,1357670.375,1745883.0,1625470.5,1931118.125,1955246.75,1739048.625,1868342.0,1499692.125,1541827.75,1627473.5,1716981.875,1766771.875,1838029.625,1655458.375,1749328.875,1785446.25,1957507.5,1396468.875,1519246.375,1865089.375,1985835.125,2011132.0,2067865.25,1615090.125,1831993.5,1547667.25,1670793.25,1713748.375,1819235.125,1517442.625,1534500.5,1462364.375,1522037.0,1557408.25,1650271.625,1612872.875,1659065.0,1715586.0,1659878.875,1320831.75,1424771.125,1891940.375,1964067.75,1738200.75,1583295.0,1637455.75,1618592.0,1491150.75,1624204.75,1383667.75,1602197.75,1945846.125,1923161.375,1414084.25,1456607.5,1431325.625,1459089.75,1584035.375,1613319.625,1396555.625,1501127.75,1485739.25,1653678.0,1616508.875,1744645.875,1383748.875,1436641.75,1474063.25,1509267.25,1528910.125,1763476.0,1574998.25,1535002.375,1722419.0,1799343.875,1463311.5,1626797.625,1800001.125,1790418.5,1691847.625,1823704.5,1408430.625,1390363.875,1410778.375,1422241.5,1166326.5,1274432.875,1236782.125,1344949.5,1489893.75,1508544.375,1556319.5,1657126.75,896936.6875,927296.4375,1164185.875,1142744.375,1183028.125,1109063.75,1510001.75,1438688.0,1902804.25,1754648.0,1194916.875,1236072.875,1465377.375,1587480.625,1279705.25,1353848.125,2223461.0,2159672.25,1338116.25,1289627.875,2025848.75,2340572.25,1280115.0,1479037.125,1420560.25,1405946.75,2412716.25,2115002.0,1871185.625,2184836.25,2003952.875,2622297.25,2735361.0,2734564.75,1473978.5,2068222.375
41,1371297.625,1295653.25,1386583.125,1336491.625,1615333.375,1497932.875,1599196.0,1408286.0,1503993.75,1354224.375,1570994.5,1655733.625,1727235.0,1888994.5,1604229.125,1563030.25,1682289.75,1707514.5,1838998.625,1750576.5,1675068.25,1639283.0,1434674.625,1504790.125,1524201.75,1538121.5,1573678.0,1569999.5,1745462.25,1707949.75,1916200.75,1817375.375,1520442.5,1412836.125,1556723.0,1325635.125,1422222.0,1465430.5,1617020.125,1836106.125,1724904.25,1757700.5,1269257.75,1171373.75,1095879.625,1069269.875,1261872.75,1490668.5,1230871.875,1179531.375,1245441.0,1298368.75,1525922.625,1569145.125,1524253.0,1575102.875,1533597.625,1515982.75,1425901.25,1495344.25,1574049.0,1591688.125,1971169.75,2146709.75,1413652.875,1446198.625,1436479.125,1347017.625,1409656.0,1385851.25,1707869.625,1706573.625,1749050.125,1839186.625,1446295.625,1204954.75,1662248.25,1644075.5,1661037.5,1871446.125,1113946.5,1155609.75,1407323.5,1434244.375,1304264.75,1378064.75,1628267.125,1636966.5,1275506.0,1284696.5,1329256.625,1332300.0,1305905.625,1302748.125,1403491.25,1330882.875,1269018.0,1384798.875,1268869.875,1259545.875,976841.8125,1020359.4375,1360795.625,1243602.75,1636990.0,1823996.375,1381869.375,1423961.875,1370022.875,1407373.5,1540101.75,1261457.375,1601735.75,1304007.125,1323193.125,1328892.25,1364522.625,1363862.0,1732369.75,1621239.375,1935161.625,1954342.0,1743286.375,1875981.125,1504786.25,1544756.625,1632543.75,1723289.0,1772457.0,1838237.0,1659141.625,1751213.625,1789669.875,1957985.75,1396054.5,1514586.125,1866418.375,1985394.125,2014930.375,2064847.5,1617253.5,1831470.75,1546563.625,1671309.0,1718658.375,1820329.5,1517763.625,1538573.75,1465912.25,1527436.875,1556203.875,1649889.75,1608387.625,1655842.375,1717808.625,1659242.25,1322598.0,1425993.125,1890295.125,1961152.5,1741379.375,1586670.5,1642082.125,1620606.875,1493128.75,1625314.0,1385110.5,1598758.5,1958126.0,1922456.875,1416264.0,1456309.625,1430518.5,1457071.75,1582216.875,1610892.125,1387528.375,1496757.5,1482816.125,1649851.625,1614272.875,1741507.0,1382308.125,1432692.125,1474252.0,1508570.875,1525135.875,1759411.25,1574579.375,1532373.25,1727828.625,1801533.5,1466259.875,1630977.625,1806314.125,1793108.5,1691625.125,1822553.75,1412172.25,1395260.0,1410194.125,1421344.625,1166469.25,1275316.25,1237794.25,1345854.625,1499088.375,1517696.375,1563259.375,1658948.125,895268.375,923610.8125,1161830.75,1140395.875,1181705.625,1105094.0,1508350.125,1437618.375,1901328.875,1753683.25,1196440.125,1237096.75,1464848.375,1585182.875,1279557.25,1355378.125,2220321.5,2158595.75,1339052.875,1288495.125,2022914.625,2334914.0,1283068.625,1477495.25,1418377.0,1404431.625,2408488.25,2111286.5,1870730.125,2181834.25,2000399.5,2618629.75,2735088.75,2735527.0,1473735.0,2067189.375
42,1370628.625,1295262.75,1388867.5,1336883.0,1621701.375,1502628.875,1598791.125,1407417.125,1501322.875,1349205.5,1569837.75,1654381.75,1732001.25,1888954.125,1604875.5,1563782.75,1685064.0,1708364.0,1844212.375,1751974.625,1678127.375,1643285.625,1437541.625,1509704.375,1522410.625,1541151.625,1575316.25,1570570.625,1747166.375,1709458.25,1916958.875,1817555.25,1521223.25,1417390.5,1560690.75,1326615.75,1426022.0,1466854.0,1620136.625,1841191.375,1720175.5,1748143.625,1269307.125,1173124.75,1095190.75,1068435.625,1258132.75,1485339.125,1229762.625,1177508.125,1248489.0,1300251.625,1527376.875,1567061.875,1524489.375,1574055.75,1534731.5,1512316.875,1427015.375,1495909.25,1574767.5,1591997.75,1972545.75,2148412.5,1414423.875,1445649.25,1436164.125,1346040.125,1406151.0,1383940.125,1709364.625,1707420.125,1747512.125,1837437.875,1449944.5,1204360.375,1668496.25,1643146.125,1665449.375,1866842.5,1117872.25,1153727.125,1408549.875,1428552.875,1311628.375,1381044.75,1634038.5,1635673.125,1275074.75,1284701.375,1331542.375,1334581.375,1305447.5,1302912.75,1408447.875,1329656.75,1276351.25,1388988.0,1271628.125,1259298.375,979924.125,1020506.3125,1360270.5,1241452.5,1637469.5,1824883.875,1381714.375,1425521.25,1365587.375,1407211.75,1539197.625,1256422.0,1599394.875,1299444.75,1316270.5,1326362.125,1356409.375,1369576.0,1732175.375,1622862.75,1939294.375,1946496.0,1750207.0,1874873.5,1502025.875,1540850.875,1632606.75,1722822.125,1773337.875,1832466.25,1660943.375,1745421.125,1787582.25,1954493.875,1401045.0,1514367.125,1867463.875,1985997.25,2013840.125,2061229.875,1616688.625,1828670.25,1548016.0,1670588.125,1719816.375,1821611.375,1520946.625,1540879.0,1468194.75,1529689.125,1554622.0,1649308.875,1608360.0,1655093.875,1717007.125,1657106.375,1321593.375,1428978.0,1887495.5,1958993.125,1739622.75,1581342.25,1640567.0,1621036.25,1493013.0,1624289.375,1390094.5,1599698.25,1962656.25,1921036.5,1416018.5,1454937.0,1431903.25,1454552.375,1580113.75,1607936.375,1376679.625,1490401.375,1477322.25,1639306.125,1615248.5,1743942.625,1377999.625,1426069.625,1471116.5,1503764.25,1521156.625,1750124.5,1572409.25,1528936.25,1723316.875,1797891.75,1467932.25,1631091.125,1803779.5,1792929.25,1686859.125,1820295.375,1420248.625,1404856.375,1417476.375,1427875.25,1173771.5,1286335.25,1245322.75,1351776.125,1499399.75,1522630.5,1565019.5,1664328.75,894206.1875,921312.5625,1157493.0,1136380.75,1180590.125,1104073.25,1505623.25,1436654.375,1901609.75,1752175.75,1195461.625,1235345.375,1463898.125,1583161.375,1278668.5,1353621.0,2220022.5,2158745.0,1338805.875,1286784.0,2017253.875,2330174.75,1282903.5,1473420.75,1416600.625,1402451.5,2402001.75,2106945.75,1869562.5,2177268.5,1998263.375,2614687.75,2732699.25,2730815.5,1471009.0,2065427.25
43,1372319.375,1296260.375,1390203.625,1335862.75,1626673.25,1506958.0,1592320.5,1404757.125,1498547.25,1347431.875,1570487.25,1654494.5,1737741.0,1893400.25,1606323.625,1567750.625,1686515.125,1709900.25,1850628.125,1758484.25,1681198.5,1648074.375,1438268.25,1515396.375,1519793.125,1544014.125,1580570.5,1572219.375,1749500.5,1709240.375,1917577.25,1819633.25,1523619.625,1420953.25,1563222.25,1334315.75,1428041.75,1469546.875,1623443.625,1843190.75,1721728.0,1748217.5,1268657.875,1175927.75,1095525.75,1067174.875,1257079.75,1489282.25,1231122.5,1178020.375,1250643.5,1303878.625,1528558.25,1567307.0,1524321.75,1573308.375,1537017.125,1508519.0,1418971.875,1490240.25,1577885.875,1593643.25,1975977.5,2152162.0,1412132.125,1442853.125,1432960.75,1342422.25,1403504.375,1388425.875,1704783.375,1708917.0,1747132.375,1842639.125,1450241.375,1202243.125,1672838.625,1649102.5,1669450.375,1869400.875,1124610.375,1158121.75,1413823.25,1427832.875,1320255.75,1384447.875,1640217.25,1640696.25,1276061.125,1285205.25,1331323.0,1335627.875,1305877.75,1303014.625,1415973.25,1332844.625,1279910.625,1391427.0,1277692.625,1265432.625,986405.375,1022570.3125,1359712.25,1240798.0,1634439.125,1823417.625,1380010.625,1425300.5,1365741.125,1409960.125,1535879.125,1255483.5,1601221.125,1301491.625,1314991.125,1328037.125,1359544.875,1372302.625,1740838.75,1624746.875,1938938.625,1944588.625,1752259.625,1871119.5,1495175.25,1533937.75,1629862.5,1716589.875,1769731.75,1826323.875,1657766.375,1735885.0,1782749.25,1950855.0,1404738.0,1515901.75,1866925.625,1986815.25,2008665.875,2059775.25,1615968.625,1830047.75,1550598.75,1670459.0,1719169.5,1822638.375,1517220.625,1534794.25,1467431.25,1526606.625,1554544.625,1649312.875,1611184.125,1655702.5,1712890.25,1655937.875,1320194.0,1432028.0,1884605.875,1958423.875,1735415.0,1572469.25,1638631.0,1622048.5,1491882.875,1626340.625,1392393.25,1603612.625,1959419.125,1923839.5,1418743.0,1457525.625,1434330.5,1457409.75,1579223.0,1606227.5,1379527.625,1490974.25,1478172.75,1638277.375,1617004.875,1746683.5,1377833.25,1428807.5,1470545.25,1503014.5,1521240.625,1748563.0,1566429.375,1526296.125,1713699.375,1792547.875,1461410.25,1621676.875,1794815.5,1786708.625,1683173.5,1819168.875,1420074.75,1405708.375,1420921.375,1430034.125,1174526.0,1289653.5,1248243.5,1353081.75,1489958.125,1514627.375,1561637.375,1664582.5,896317.4375,923788.5,1160565.75,1140591.0,1181551.0,1106376.25,1506791.0,1436774.875,1902887.0,1753245.375,1195483.875,1234454.25,1465290.5,1585244.5,1279779.75,1352352.375,2222003.25,2160231.75,1339970.0,1289079.0,2021549.875,2331931.75,1282598.125,1475988.375,1418007.0,1404071.0,2400737.75,2109706.25,1870291.375,2177117.75,1998441.375,2614591.25,2730742.25,2726214.75,1474098.875,2066978.25
44,1372005.125,1296497.875,1387458.625,1333799.0,1626439.75,1512244.875,1590152.75,1403714.0,1505052.0,1355689.625,1571721.625,1655051.625,1738712.875,1895365.875,1606416.625,1569766.75,1684901.0,1711542.375,1850731.0,1761696.875,1682458.875,1652643.125,1437352.25,1518346.25,1520285.625,1545200.375,1583705.5,1575325.625,1749442.25,1709092.375,1916408.75,1826798.0,1523691.875,1421637.125,1567854.125,1345584.875,1427865.5,1471303.875,1622050.75,1841949.625,1727531.875,1758166.25,1268170.25,1177223.125,1096216.125,1067828.125,1259979.25,1494201.125,1231967.75,1179589.625,1251688.375,1307271.375,1529071.75,1573044.75,1525693.875,1577923.125,1537415.125,1514113.875,1421392.875,1495253.25,1582194.75,1599203.875,1976052.875,2155801.0,1409752.375,1442895.875,1432445.125,1343677.25,1400724.75,1391906.625,1703716.25,1709065.625,1750688.625,1847997.875,1446190.25,1198318.0,1681057.25,1657895.75,1671618.75,1868474.375,1125161.875,1154296.625,1414279.5,1427950.875,1313898.75,1375816.125,1638871.5,1643894.0,1273431.875,1281573.375,1328301.625,1330434.875,1302731.25,1301648.25,1416302.875,1330624.875,1271831.375,1385155.125,1277285.0,1264726.25,987837.375,1020236.875,1357486.75,1239581.625,1633209.125,1823610.0,1377448.375,1422084.0,1372006.5,1410888.125,1529461.75,1258502.375,1602154.5,1305814.0,1312572.25,1321357.25,1375865.875,1367726.75,1732158.25,1620108.625,1931672.375,1950149.625,1747609.75,1869658.625,1490083.875,1533619.25,1631696.5,1718144.25,1770677.25,1834241.625,1654918.0,1737536.375,1783341.25,1958381.75,1404642.625,1513996.25,1868057.625,1991890.375,2006670.75,2068307.75,1617575.375,1836489.25,1550431.125,1672195.875,1720247.75,1823868.625,1508740.75,1528125.5,1463269.0,1522120.875,1553642.0,1648711.875,1608312.125,1652275.875,1709958.625,1660257.625,1317498.625,1428861.875,1881722.75,1959998.75,1730931.25,1575526.125,1638893.75,1622924.375,1493292.375,1629364.875,1392086.875,1606655.375,1960521.25,1927907.375,1422608.625,1461568.625,1435239.875,1463017.625,1577585.625,1605032.5,1391220.125,1496185.625,1483293.25,1647695.125,1613413.125,1741870.875,1383265.375,1439632.5,1473630.0,1508559.25,1523868.75,1754841.875,1571693.625,1536142.875,1714234.375,1790337.125,1466154.375,1620677.375,1791012.25,1783227.25,1679804.5,1815229.375,1416988.75,1399928.375,1413084.125,1420401.375,1174568.375,1289948.75,1246674.125,1350579.25,1487967.75,1511804.625,1562991.5,1665246.25,894857.0625,920309.4375,1167611.75,1144804.875,1181403.625,1102803.75,1508530.625,1434781.625,1901802.5,1753349.125,1196529.375,1234182.625,1466862.625,1586125.875,1281826.5,1352967.75,2222920.0,2159795.25,1341253.375,1290910.5,2021332.75,2333185.5,1283395.5,1473432.375,1416870.875,1402274.5,2402018.5,2107246.5,1870175.5,2178139.0,1999540.25,2615318.25,2730496.25,2725928.75,1473333.25,2064718.75
45,1370210.0,1295194.125,1384927.875,1333489.375,1623500.875,1513542.625,1593382.25,1404512.625,1510790.625,1361546.375,1572247.875,1654986.875,1736499.125,1893914.875,1605331.875,1568324.75,1683217.0,1711848.875,1846519.625,1759063.0,1681293.5,1652769.75,1436749.375,1516073.5,1523193.75,1544900.625,1582909.375,1576778.875,1748278.375,1708702.625,1914629.5,1828344.875,1522437.25,1420271.375,1569627.125,1348674.875,1427221.5,1471445.125,1620845.625,1840842.375,1730375.5,1764136.5,1268438.25,1176960.375,1096576.5,1069185.125,1264011.875,1495993.625,1231752.875,1180445.25,1250838.5,1307886.125,1528999.25,1576067.0,1528030.0,1580265.875,1536193.375,1518838.0,1431111.625,1502868.125,1582459.0,1601150.375,1975254.5,2155527.25,1409029.875,1443861.75,1432495.5,1346147.0,1400042.25,1390428.25,1704635.375,1708994.375,1753450.0,1846847.5,1441793.125,1197410.125,1681957.875,1658348.75,1670006.75,1864920.0,1122470.375,1149689.0,1411005.75,1428962.625,1305000.0,1368729.25,1634955.125,1643318.25,1271368.0,1279728.625,1325342.375,1327226.625,1300234.625,1301938.625,1412508.0,1327459.125,1264808.0,1379931.875,1273712.25,1261707.625,984932.5625,1017888.0,1356730.375,1239398.25,1634201.625,1824798.875,1376296.75,1420939.25,1376044.625,1411250.25,1527950.25,1262178.25,1602187.375,1306417.125,1309470.125,1314405.625,1384080.5,1363040.25,1720536.375,1617562.125,1924858.25,1953694.75,1742590.75,1869888.625,1492128.375,1539258.75,1633318.625,1723284.875,1772535.75,1843787.75,1655934.125,1746514.25,1786779.75,1966180.625,1402415.625,1513372.75,1869226.125,1995827.25,2009347.125,2075991.0,1618997.875,1838885.875,1548763.875,1673368.625,1720698.0,1824193.625,1508507.125,1529690.875,1460429.0,1521350.125,1553139.625,1648327.25,1605516.375,1651092.875,1711851.5,1664125.125,1316231.125,1424885.25,1882107.5,1961480.375,1730326.25,1583065.125,1638842.0,1622825.625,1494200.125,1627129.625,1390756.125,1606189.625,1961675.5,1926748.0,1421808.125,1461691.25,1434528.375,1463778.875,1578064.875,1607134.25,1395470.375,1497808.875,1484234.875,1651964.375,1611272.375,1738551.625,1385394.0,1442385.875,1474436.125,1511193.5,1525036.25,1757686.75,1581464.75,1544230.625,1721062.25,1792478.125,1475276.0,1628038.75,1794219.125,1786044.0,1679666.25,1813491.0,1416169.75,1396724.0,1407354.5,1414991.875,1176611.25,1289926.0,1244576.0,1349202.375,1493492.25,1516868.25,1565236.25,1666913.875,890968.75,914084.4375,1168748.5,1141015.625,1179956.625,1097582.125,1508377.5,1432961.75,1900476.75,1752252.375,1196273.25,1233933.0,1466866.75,1585540.0,1281639.0,1353669.875,2222587.5,2158009.5,1340415.875,1289301.25,2014445.375,2331870.75,1283091.0,1467722.375,1414697.25,1398607.375,2402824.75,2101730.5,1869045.625,2179125.0,2001445.125,2616025.0,2731703.5,2728070.0,1468112.75,2060882.0
46,1372948.375,1295539.25,1387082.625,1335934.0,1618542.25,1503990.125,1595596.75,1405824.875,1507807.875,1358353.75,1574324.625,1656881.25,1732018.75,1892992.5,1605292.375,1565634.5,1684507.75,1711752.875,1843190.75,1753748.875,1676928.625,1644337.875,1435968.25,1507772.125,1525697.5,1542920.875,1578315.125,1573298.875,1750177.375,1711570.0,1915684.75,1816641.875,1524403.0,1415403.5,1562692.875,1335131.875,1427239.625,1469902.625,1623653.125,1839745.625,1730668.875,1763913.75,1271613.875,1175074.0,1096999.75,1069448.75,1267736.5,1501250.875,1233095.625,1181545.375,1248953.5,1303984.75,1529624.75,1571475.5,1528834.5,1576082.25,1535621.125,1516967.875,1430348.25,1496448.875,1578237.0,1594987.0,1979486.625,2152735.75,1411570.25,1444542.75,1434384.0,1346472.375,1409140.75,1388860.375,1699867.25,1708090.375,1753194.5,1842289.875,1439006.75,1199728.875,1669862.0,1652176.0,1666997.375,1868794.375,1121931.125,1155331.5,1412977.125,1435550.75,1306281.375,1372049.125,1636046.625,1641828.5,1275089.75,1282424.25,1323634.75,1328655.75,1304495.25,1301092.5,1410746.0,1331894.875,1263760.0,1380205.125,1274482.0,1263033.0,983888.3125,1022241.0625,1360864.25,1241864.625,1633397.125,1823414.5,1376691.75,1421935.0,1377850.625,1415514.875,1537736.75,1263960.625,1603289.5,1303429.375,1317254.25,1318257.75,1380052.5,1367971.5,1728429.375,1621650.375,1921219.5,1950651.625,1741743.625,1867510.25,1502576.5,1542714.25,1628369.625,1719811.0,1767386.875,1839670.375,1658037.625,1751365.125,1786645.125,1957371.0,1399215.0,1515757.5,1867214.25,1990581.25,2012877.125,2070534.375,1617827.875,1833239.375,1549430.875,1670751.75,1717739.0,1820152.125,1513934.25,1532613.625,1464235.75,1524221.0,1555444.75,1648813.625,1610379.5,1656321.0,1717065.375,1661978.375,1319580.625,1426426.5,1888568.125,1962096.125,1739122.0,1584593.0,1639468.5,1622960.375,1494157.0,1624079.625,1389657.0,1604520.5,1956782.625,1923656.625,1417237.125,1458371.5,1435172.5,1459706.375,1582664.875,1611516.0,1393726.75,1498089.125,1485825.75,1652099.0,1613850.0,1741054.625,1386174.75,1438212.625,1474549.375,1510692.875,1526569.75,1760640.75,1578014.375,1536351.25,1720593.5,1796081.375,1465716.5,1625623.875,1799671.375,1790673.25,1687130.25,1819535.0,1412226.75,1394159.25,1408336.875,1417166.0,1167660.75,1277020.75,1238528.0,1344940.25,1492087.125,1512846.875,1560958.75,1661471.125,894765.625,920087.875,1167207.0,1140881.625,1181049.0,1097494.25,1509296.25,1434257.25,1900891.125,1753179.0,1195988.125,1235645.5,1467932.125,1588466.0,1281761.5,1355225.375,2220692.0,2156959.0,1340142.625,1288590.375,2016040.375,2335550.0,1282833.125,1470339.625,1416310.75,1399780.25,2407032.75,2106320.5,1869796.875,2183855.75,2004068.0,2619173.75,2733729.75,2732741.25,1468881.875,2062798.125
47,1377441.5,1298954.625,1390797.5,1339055.625,1617367.375,1498822.75,1598134.75,1408222.625,1505499.375,1355216.0,1576391.0,1659491.5,1729562.625,1893556.75,1606222.375,1563141.5,1686280.875,1712623.375,1842389.625,1750686.5,1673477.25,1637637.875,1434965.25,1501913.5,1525637.0,1541675.25,1574258.0,1568870.875,1751856.75,1716119.625,1917612.0,1806300.25,1525916.875,1412063.0,1556687.125,1323387.125,1426644.5,1469072.125,1626093.875,1841118.5,1731646.875,1765069.875,1273864.75,1174117.625,1097064.625,1069563.5,1268450.375,1504067.25,1234024.5,1181466.75,1247775.625,1301036.5,1529958.0,1567316.625,1527741.125,1573108.75,1534510.375,1516052.875,1422085.0,1489144.0,1575060.625,1591016.375,1982849.75,2151426.25,1414287.0,1445828.375,1437639.625,1347232.75,1421034.625,1388257.0,1695618.25,1705308.25,1751388.375,1839322.25,1438126.375,1198978.25,1660045.625,1647421.875,1664719.375,1871172.0,1122110.125,1159271.625,1417302.125,1439556.75,1309846.875,1375132.625,1637166.5,1639059.5,1278592.125,1284563.0,1322489.5,1328659.25,1308135.75,1297735.75,1409935.625,1334884.625,1262844.75,1380341.375,1275830.375,1262992.625,983474.6875,1025612.375,1364180.75,1243002.375,1633761.625,1822682.375,1376776.25,1421786.0,1375895.25,1416332.875,1548177.125,1264434.125,1604080.375,1301496.0,1324175.75,1318740.375,1372038.75,1370182.0,1736726.75,1624376.75,1922845.5,1946009.25,1743027.625,1864013.125,1506756.875,1540624.375,1623497.375,1714969.125,1760969.75,1834325.75,1656941.25,1751740.375,1782348.625,1945998.25,1397222.125,1517260.125,1862947.0,1983812.625,2012286.125,2062618.875,1615270.5,1827956.5,1549610.0,1668226.5,1714063.875,1814434.75,1515579.75,1533664.5,1468481.625,1526035.125,1557064.375,1649014.875,1615209.375,1659998.5,1718942.375,1659635.25,1322260.25,1427815.625,1892357.625,1963366.0,1745526.625,1585457.125,1641509.5,1622606.875,1495386.25,1625219.875,1390619.375,1605658.75,1954470.625,1923069.75,1413641.125,1455612.375,1436619.0,1457021.875,1585192.375,1612678.5,1391157.25,1498284.75,1488540.75,1652290.5,1614758.375,1742325.0,1387948.125,1436699.375,1476052.375,1511654.625,1528299.25,1764288.5,1575470.375,1532973.125,1716845.125,1798743.375,1454926.0,1620478.125,1805561.25,1795491.25,1693194.125,1824624.625,1411039.375,1395448.125,1409848.75,1418196.875,1159422.625,1268688.75,1236498.125,1343474.0,1488070.875,1509401.0,1557199.875,1656389.25,900243.0625,928150.0,1166441.5,1143205.25,1182401.0,1099113.0,1509420.25,1435884.75,1901664.875,1753981.0,1196642.125,1237210.75,1469020.75,1590453.0,1282569.375,1356375.5,2219656.0,2157034.5,1341249.25,1289485.25,2020206.625,2339866.0,1283341.0,1472655.125,1418294.375,1402305.0,2410863.25,2111132.75,1870933.625,2186437.25,2004971.125,2620995.5,2735145.0,2737378.5,1471527.5,2065107.25
48,1375244.875,1299334.625,1390112.375,1339360.625,1619557.0,1503500.125,1598832.375,1409375.5,1504360.625,1353648.375,1573088.625,1657345.0,1730561.25,1891982.75,1605333.125,1563628.625,1685057.125,1711941.0,1842750.25,1752226.0,1675475.0,1641301.625,1435220.5,1506154.75,1523526.125,1543002.0,1575179.875,1569206.0,1748302.625,1714312.75,1917475.0,1811269.75,1523172.0,1414411.375,1558906.375,1326894.875,1424104.875,1468982.125,1622746.625,1843329.5,1729189.5,1761790.75,1271306.0,1175149.5,1096492.75,1069503.875,1263770.375,1496991.625,1232151.625,1179623.125,1247467.625,1301521.5,1528148.625,1568870.5,1526320.875,1574702.5,1534012.875,1516517.875,1421839.0,1492875.25,1575786.25,1594201.0,1978062.75,2151442.0,1413659.5,1445304.75,1436571.375,1345225.25,1414846.75,1383228.25,1699688.25,1703564.75,1747635.5,1838226.125,1439401.875,1197471.25,1664010.375,1645041.125,1662390.375,1865678.875,1119981.375,1155708.25,1412731.875,1432874.25,1307532.625,1376105.625,1632253.5,1636434.5,1275520.375,1283693.75,1323771.125,1329157.125,1305420.75,1299620.625,1407157.375,1330628.375,1264557.25,1382581.875,1273497.625,1260530.375,980232.3125,1022575.0,1362243.0,1242957.625,1637046.0,1824463.875,1377847.875,1422361.625,1368650.875,1410436.75,1547497.5,1265412.875,1607074.875,1304327.5,1321421.75,1316592.125,1364094.5,1362176.5,1736292.25,1624737.875,1930968.875,1946808.375,1743526.125,1866491.375,1500345.0,1538620.125,1626377.375,1718492.875,1763701.0,1837327.875,1655504.125,1749450.5,1780938.125,1950294.875,1397686.625,1516138.0,1862521.625,1985206.875,2009605.0,2064126.25,1615239.125,1830252.0,1546171.375,1670138.0,1714708.75,1815480.875,1516696.625,1537360.875,1466786.375,1525787.375,1555489.875,1649206.75,1612512.0,1657822.875,1715059.375,1659931.875,1320042.25,1426403.125,1888614.75,1963443.75,1740998.0,1585968.875,1642552.375,1619908.125,1495008.625,1627111.375,1389931.875,1605527.625,1958200.625,1922599.75,1415185.75,1455125.0,1434584.25,1457531.125,1582181.125,1610149.625,1388584.75,1496395.875,1484173.375,1648012.625,1613911.375,1742697.625,1384102.5,1434799.375,1475360.0,1510518.5,1525814.875,1758366.125,1582915.875,1541841.25,1720252.25,1800248.5,1462753.875,1626718.0,1808400.75,1797784.125,1689409.0,1822670.625,1416819.25,1402210.125,1411443.5,1420450.125,1167059.625,1279449.0,1242691.25,1349031.125,1490539.875,1517955.5,1559298.75,1660465.625,896660.375,921998.375,1163633.125,1137400.625,1180889.0,1100853.125,1507710.0,1436085.25,1902355.375,1753392.0,1196564.125,1236465.0,1466901.75,1586818.375,1280595.625,1355426.625,2222415.0,2159032.25,1340393.0,1289314.5,2020736.375,2338664.25,1282211.5,1471236.625,1417550.875,1403835.125,2409032.75,2109580.75,1871469.875,2182689.75,2003117.75,2618732.25,2735776.75,2736144.0,1470977.875,2066674.625
49,1369750.375,1294195.375,1386489.375,1335729.25,1616382.25,1502189.375,1593465.625,1405732.0,1500839.25,1352066.875,1569145.875,1653495.625,1729938.625,1888513.25,1603731.625,1566798.875,1683902.375,1709459.5,1843005.75,1754497.375,1679109.0,1645837.625,1436897.0,1511514.875,1524045.625,1543456.375,1578340.125,1572970.5,1746139.0,1709108.5,1917146.125,1821636.125,1522026.5,1416506.5,1563467.25,1331671.625,1423917.5,1468436.0,1618923.0,1840189.25,1724106.625,1753953.75,1269909.25,1174709.0,1096650.25,1068678.625,1261466.75,1493750.375,1230971.125,1179654.75,1248604.0,1301341.5,1527374.625,1571189.0,1527848.875,1576636.75,1537490.125,1516326.625,1431150.375,1497101.875,1578319.0,1596310.875,1974126.375,2151302.0,1411877.5,1442893.0,1432762.25,1340648.75,1399465.25,1379859.75,1704100.5,1705442.375,1746310.75,1838383.875,1441327.0,1200507.5,1672029.375,1645395.25,1662334.5,1865240.375,1118753.0,1155574.375,1405331.625,1427909.75,1303989.375,1377375.375,1630407.5,1638674.875,1272256.5,1281410.5,1326863.5,1332006.125,1303645.5,1305283.375,1405139.125,1329200.25,1268436.375,1386772.25,1272152.875,1261426.375,978796.1875,1020362.4375,1360008.25,1243983.5,1636095.375,1824021.75,1380102.75,1424100.375,1367843.875,1408151.875,1539495.375,1264219.5,1609805.25,1307658.125,1321416.875,1322429.375,1367305.75,1357349.75,1738035.375,1625001.75,1933908.75,1952393.375,1742901.875,1871681.125,1501210.75,1543518.0,1632998.25,1723975.875,1773011.375,1840772.125,1659621.25,1747640.75,1788117.75,1961885.75,1399357.375,1513535.75,1869847.75,1991637.25,2012835.0,2070334.25,1619156.125,1835541.0,1545576.125,1671916.75,1719328.375,1822545.625,1518967.625,1538076.375,1463778.625,1525522.625,1554047.0,1649720.0,1607503.375,1654286.25,1712863.875,1659631.375,1317614.125,1426273.25,1887037.0,1960712.625,1738580.25,1583216.0,1640861.5,1618102.875,1492346.0,1626963.375,1386472.5,1601902.5,1959506.5,1921963.375,1420181.75,1456627.0,1431253.5,1458526.875,1579933.125,1609148.5,1390189.75,1495675.75,1479958.5,1646549.625,1613972.125,1743905.625,1380006.5,1432987.5,1473148.0,1506702.25,1522264.625,1751692.125,1582042.25,1540819.25,1724724.0,1797774.125,1471277.875,1632165.125,1801741.125,1791412.5,1683094.375,1818868.0,1417007.375,1399674.375,1411163.5,1422946.75,1173092.875,1283741.5,1242618.375,1348920.125,1493099.5,1519839.75,1562619.375,1665123.875,892333.6875,914607.8125,1163584.875,1135358.5,1180058.125,1102410.0,1508745.75,1436027.875,1902610.0,1754086.5,1195794.75,1235953.875,1465176.125,1584317.25,1279110.75,1355281.125,2224172.75,2160750.0,1338430.25,1289084.75,2021922.375,2336561.25,1280916.375,1474003.25,1416760.75,1404746.5,2406174.25,2109725.0,1872106.25,2181292.0,2001572.25,2617791.5,2736019.0,2731969.5,1471161.875,2068924.5
50,1369295.25,1291514.125,1385347.25,1332688.375,1614275.75,1499139.875,1588869.875,1401744.0,1500161.0,1352911.5,1570825.25,1653924.125,1730269.875,1889020.75,1604204.375,1567722.125,1684620.375,1708888.875,1843726.0,1755326.0,1679181.5,1645452.75,1437870.125,1510383.625,1526096.0,1542111.0,1580401.0,1574777.25,1748589.25,1708447.25,1916640.5,1823516.25,1523734.375,1415584.375,1565324.375,1332584.875,1426652.25,1468952.0,1620870.875,1836623.625,1724604.0,1754582.0,1270965.25,1173803.625,1096786.0,1068129.625,1265239.875,1499553.375,1232038.25,1181054.375,1250131.5,1301549.25,1528716.875,1570355.125,1529494.375,1576135.75,1539279.5,1515701.875,1434015.75,1495581.875,1578802.0,1594945.75,1976205.375,2151421.25,1410751.125,1442142.625,1431155.625,1339737.0,1398554.25,1386177.125,1703458.375,1708544.375,1750298.875,1840660.5,1443460.875,1203421.75,1674060.125,1649377.75,1665752.125,1871427.375,1121569.125,1159190.625,1407446.25,1431883.125,1306365.5,1377377.25,1636357.375,1644444.125,1273709.75,1280923.25,1327432.5,1332844.375,1305112.5,1306813.5,1407827.125,1332394.25,1269127.25,1387310.875,1273927.25,1265033.375,981778.6875,1021297.4375,1359849.0,1243566.25,1631931.875,1822244.5,1380093.25,1424357.0,1373187.75,1410433.5,1533367.25,1260333.125,1606597.5,1307058.375,1322694.5,1327230.5,1377104.75,1359135.25,1737853.75,1623339.375,1931136.875,1956133.25,1743161.25,1872856.25,1505630.625,1546914.5,1634047.375,1723545.75,1775927.75,1839490.625,1662321.125,1747890.125,1792955.0,1964569.375,1400990.25,1513431.875,1874306.5,1994575.0,2016736.25,2072302.875,1620800.5,1836327.625,1549671.625,1670989.0,1720894.625,1825485.875,1517100.0,1532942.125,1462783.625,1524575.625,1554533.375,1649580.5,1606672.375,1653182.5,1714896.875,1659351.75,1318156.5,1427506.75,1888779.875,1959335.125,1739496.0,1581237.125,1639035.25,1620198.375,1491121.125,1625527.75,1385902.75,1600738.75,1958093.75,1922768.0,1421958.25,1458332.125,1431221.75,1459175.25,1581161.75,1610180.625,1392613.125,1496786.125,1482421.25,1650581.375,1614309.0,1743679.5,1381578.125,1434762.75,1472044.625,1505209.25,1523085.875,1754712.125,1573694.125,1531799.25,1722177.125,1792971.0,1469308.375,1627825.625,1793160.375,1783547.875,1682391.125,1817340.375,1412064.625,1391492.25,1409638.875,1422109.75,1169872.5,1277860.25,1237842.0,1344435.25,1491265.125,1511727.25,1563335.375,1664726.0,894368.6875,918384.375,1167578.75,1142814.375,1181328.25,1102832.125,1511370.75,1435996.0,1902125.75,1754828.75,1195281.125,1235764.25,1466155.125,1585950.25,1280665.625,1355446.625,2222106.75,2159861.5,1338384.625,1289371.5,2020187.875,2334875.75,1281639.625,1475590.375,1416461.75,1402614.375,2405267.25,2109021.0,1870637.375,2182581.75,2001015.75,2618797.25,2734554.25,2730282.25,1471486.125,2066627.875
51,1370879.0,1293694.75,1386550.75,1333409.625,1618778.625,1502609.625,1589440.875,1402803.0,1498627.125,1351822.25,1572021.625,1655028.625,1733209.125,1891663.125,1603746.625,1564904.875,1683629.5,1709021.25,1843753.75,1755444.875,1675976.25,1644105.75,1435768.125,1507255.5,1523619.375,1541350.375,1580891.75,1572978.0,1748197.75,1706871.875,1914201.0,1816343.75,1522416.875,1413224.75,1562464.75,1332875.0,1424688.0,1469125.5,1622184.25,1836913.25,1728290.625,1760526.75,1268628.375,1174121.875,1095618.0,1068395.875,1267166.25,1500749.75,1233022.75,1181071.375,1248356.5,1302920.5,1526971.5,1567499.625,1525650.875,1572322.25,1535159.0,1511484.0,1424720.875,1491063.5,1575483.5,1592985.125,1976044.625,2149824.5,1410513.5,1442999.875,1430749.875,1340365.5,1405254.375,1392584.75,1701340.5,1708602.625,1753102.25,1842582.125,1442731.75,1201893.375,1676613.75,1655077.125,1668246.25,1874070.125,1123742.125,1160021.875,1412351.25,1435169.375,1311048.25,1378818.75,1639318.625,1647720.125,1274283.625,1282771.5,1324774.375,1331340.75,1304764.625,1306992.125,1412144.875,1333340.125,1267980.25,1386043.75,1274689.375,1267629.0,983615.875,1022341.75,1360418.375,1242330.5,1632953.375,1823896.375,1377980.75,1423666.625,1374659.875,1411888.875,1533625.75,1260170.375,1605485.75,1306341.25,1319302.875,1327369.25,1380322.75,1364512.0,1735526.75,1622554.5,1933612.5,1957694.25,1744470.25,1871870.875,1499230.25,1539738.375,1627096.625,1717478.25,1768190.875,1833515.75,1657281.25,1746611.0,1785741.75,1955543.625,1400497.75,1517254.875,1867835.75,1990009.25,2012675.75,2067534.5,1616844.625,1831934.625,1550457.125,1670837.125,1717332.25,1820949.25,1515582.125,1531522.0,1462144.875,1522959.0,1556337.5,1649980.125,1610357.375,1656246.875,1714699.625,1658813.125,1318690.0,1427483.75,1886243.5,1959427.875,1736241.375,1580609.875,1641861.5,1624613.125,1490254.375,1621872.625,1386287.0,1601265.0,1960142.125,1921579.5,1421315.5,1459185.75,1431004.375,1458770.75,1582731.75,1610093.5,1392234.125,1498249.125,1482553.125,1650768.5,1616805.875,1744128.375,1381054.375,1434883.375,1471016.75,1505437.25,1525792.75,1756178.125,1574343.625,1534425.625,1722136.125,1796965.875,1466956.5,1625996.125,1799024.0,1788465.625,1687223.875,1820483.375,1412247.875,1394228.75,1411151.625,1422482.625,1170152.0,1279308.5,1239540.5,1346471.625,1490093.875,1512082.375,1560689.75,1661696.5,895736.1875,922405.1875,1167855.125,1144448.75,1181286.625,1102588.625,1512852.875,1435161.875,1901947.875,1753348.625,1194868.5,1234546.125,1466374.125,1586183.375,1281406.125,1353336.375,2222191.0,2159884.5,1339031.25,1288515.5,2017011.375,2333526.5,1282617.0,1472126.625,1416114.625,1401218.75,2405499.0,2105774.0,1868628.625,2181868.25,2000855.5,2617716.25,2732995.5,2731269.25,1470651.25,2064386.0
52,1369856.75,1294727.625,1387462.75,1335556.375,1619293.125,1502509.25,1591930.75,1405714.625,1494992.625,1349059.875,1569884.0,1654784.25,1731191.625,1891612.0,1601905.875,1562602.75,1682559.875,1707812.0,1841969.875,1754023.125,1673364.5,1641057.375,1432635.125,1505303.5,1519688.5,1539802.25,1577391.875,1570570.625,1746573.75,1705057.0,1913827.625,1810255.375,1520738.5,1411648.125,1556325.25,1326321.875,1421262.25,1467899.375,1619723.25,1838122.125,1727775.5,1760919.5,1267088.5,1172628.5,1095106.625,1069052.625,1265104.625,1497968.75,1233398.25,1181220.875,1245259.625,1300955.125,1523546.875,1566327.25,1521387.5,1569376.25,1531034.875,1508505.875,1416412.25,1486499.5,1573288.5,1591221.625,1974791.375,2147987.5,1412257.5,1443833.375,1431262.25,1341041.25,1408706.75,1390122.75,1697513.625,1706013.75,1751293.25,1841225.875,1436068.625,1198647.75,1680952.625,1656817.875,1667447.5,1871444.375,1122435.875,1159748.75,1412058.375,1434240.125,1310591.0,1381066.25,1635286.875,1644446.75,1272967.625,1283182.375,1323560.75,1330693.875,1303371.875,1305022.75,1412131.125,1332655.125,1268395.75,1386091.625,1273830.625,1266855.125,981832.5625,1023649.25,1362223.75,1242651.625,1636275.125,1825578.0,1377796.625,1423672.625,1374771.125,1413291.375,1539807.25,1264509.75,1610258.0,1306838.0,1317095.875,1320471.875,1383802.75,1369386.75,1735164.75,1623084.5,1932415.375,1957148.375,1745366.5,1869354.25,1495998.75,1533774.75,1621803.0,1712884.875,1759728.875,1827389.375,1652491.0,1744159.125,1778901.25,1946050.625,1396693.25,1518570.75,1860842.125,1983858.25,2008428.75,2060784.125,1614268.0,1827235.5,1547273.0,1669693.5,1715345.875,1816242.5,1519437.875,1535998.125,1463004.375,1523470.0,1558030.375,1651240.375,1614975.5,1661175.5,1711828.0,1656900.25,1317765.5,1425887.125,1882926.125,1957069.0,1735715.0,1578400.625,1644936.875,1627944.25,1489756.5,1619495.75,1386159.625,1602146.125,1962948.625,1920522.625,1421559.125,1460323.625,1429999.875,1457178.0,1584158.0,1610583.875,1392862.75,1500106.875,1481898.75,1650955.125,1618598.125,1744872.375,1381121.0,1434605.875,1471372.625,1506312.25,1526705.5,1755398.75,1580735.5,1542698.375,1727738.75,1807046.875,1467201.625,1629890.75,1811777.0,1798775.625,1691655.25,1825750.875,1413314.0,1399678.875,1412420.5,1425022.5,1171161.875,1280170.0,1241177.625,1348864.375,1492083.875,1518834.125,1557841.5,1657629.125,895613.125,920376.8125,1166318.5,1140415.125,1179503.5,1098872.625,1513607.0,1433680.625,1902556.875,1752546.625,1195918.25,1235112.75,1466639.0,1585765.625,1281857.0,1353418.875,2224605.0,2161559.25,1339696.875,1288255.875,2017772.375,2335175.75,1283609.25,1470964.0,1417261.375,1403774.25,2407452.75,2105913.5,1870349.875,2184135.25,2002769.5,2616944.25,2734971.75,2735489.5,1470389.875,2066795.5
53,1370383.875,1294930.25,1388236.5,1337543.0,1617538.0,1501398.375,1595577.625,1406166.75,1499019.875,1350664.375,1571200.25,1657182.5,1728091.375,1893601.0,1603604.25,1564772.25,1684480.0,1709137.375,1842297.125,1753846.0,1674815.875,1639014.875,1433458.625,1506696.0,1520750.125,1539069.25,1572469.875,1570451.75,1749008.375,1712253.75,1917211.25,1813280.875,1523912.875,1415517.375,1555736.5,1320746.625,1425030.5,1469137.5,1620378.375,1842054.75,1726714.625,1759811.625,1271654.25,1171823.125,1096178.5,1069471.5,1262306.875,1498670.875,1233006.0,1181510.125,1246968.5,1298787.5,1525024.0,1569459.625,1523138.0,1572635.5,1529750.375,1512831.625,1415288.125,1485802.75,1575067.875,1591316.625,1978050.25,2152144.75,1413237.75,1443983.625,1433299.125,1343488.375,1413032.375,1385338.0,1694471.5,1704293.625,1747601.625,1838816.375,1432976.875,1196699.75,1673228.0,1650685.5,1665034.0,1865591.875,1122658.75,1160182.25,1413024.625,1433229.5,1309666.125,1381684.375,1632466.25,1636613.625,1275580.625,1284134.25,1326884.375,1332701.25,1304968.5,1298095.875,1410463.0,1332977.375,1272037.375,1387203.625,1274689.875,1263030.375,981543.25,1024667.6875,1363405.375,1243146.625,1635641.0,1823458.75,1380107.125,1424325.875,1374243.75,1413030.5,1545649.0,1266855.75,1609936.5,1305748.25,1318259.5,1308506.0,1382312.75,1364353.5,1734896.0,1622275.625,1922337.25,1948396.75,1746049.25,1865354.875,1502328.875,1536648.375,1625706.5,1715804.125,1759884.75,1828913.25,1651629.625,1742296.875,1781712.0,1947283.0,1395649.625,1514837.625,1861454.125,1984021.75,2009610.875,2059576.625,1616198.5,1827691.875,1546537.5,1666776.0,1716769.25,1816998.875,1520741.5,1538218.125,1465542.75,1525143.875,1557003.0,1650485.625,1615421.125,1660969.875,1711165.125,1656837.75,1317291.125,1424713.0,1884113.0,1955840.0,1737287.75,1575594.75,1641042.0,1625242.375,1492931.125,1623598.0,1389844.625,1606592.125,1958014.0,1923825.5,1419023.125,1459950.875,1432483.125,1457099.625,1584066.375,1612058.375,1392228.125,1499318.0,1486155.875,1653224.625,1614617.625,1743072.875,1386337.75,1437154.875,1473934.125,1508831.25,1526408.375,1760941.125,1578728.25,1539039.75,1723774.25,1804459.875,1464658.25,1627848.875,1809049.75,1796912.625,1689275.25,1824715.125,1413113.75,1399110.125,1412756.75,1426456.25,1167349.75,1277490.625,1240193.625,1347630.125,1492551.25,1518569.5,1558716.5,1657705.0,897818.1875,920013.875,1166759.125,1141055.125,1179040.0,1095954.125,1510692.875,1434215.625,1903003.625,1753991.625,1198027.625,1237718.75,1468557.5,1588570.75,1282961.75,1356875.125,2223454.25,2160455.0,1340772.625,1289876.125,2021572.0,2337871.5,1284586.5,1474337.125,1418632.875,1405542.0,2410043.5,2110509.5,1873197.625,2187417.5,2004609.75,2618649.0,2737852.0,2739652.75,1471569.875,2067720.625
54,1374132.25,1296840.25,1389021.25,1338337.375,1621264.5,1505995.0,1597436.75,1405705.75,1506169.25,1354004.125,1575178.875,1659308.125,1732172.5,1897076.75,1607445.75,1568308.75,1686175.375,1712828.0,1845715.125,1756312.125,1678497.5,1642720.5,1437788.0,1510201.625,1525471.0,1542648.375,1574498.625,1572146.75,1750549.875,1717924.75,1918760.75,1818034.5,1526643.0,1419666.75,1562324.5,1328767.375,1429469.375,1471767.75,1624574.5,1845147.375,1729205.625,1761581.625,1274539.125,1175467.375,1097011.125,1069171.375,1262393.375,1500639.25,1231885.375,1180333.625,1250884.0,1302180.375,1529687.25,1573187.25,1527856.375,1577618.5,1530587.625,1517485.75,1419184.875,1490832.875,1576657.5,1593009.5,1980592.5,2157064.75,1411148.875,1443350.875,1433734.0,1343700.375,1414434.5,1384266.875,1698057.375,1705261.5,1746223.625,1838711.125,1440163.375,1198532.375,1659799.25,1644911.375,1663327.875,1862406.375,1124313.5,1159812.875,1415577.875,1433810.25,1311963.75,1381654.75,1634380.0,1635073.0,1278590.125,1287012.75,1329641.25,1334631.0,1307624.25,1296522.25,1411293.625,1333168.75,1274282.0,1388119.0,1275980.125,1262156.125,983681.5,1024049.75,1361916.625,1243074.0,1633530.75,1821824.75,1380910.25,1424910.5,1370374.5,1410409.5,1544909.0,1265598.5,1604393.875,1304627.0,1320817.5,1311049.625,1368101.75,1354907.625,1736227.25,1622663.375,1920459.5,1941735.375,1745591.875,1865901.75,1503118.75,1540237.625,1630163.375,1721049.625,1765892.875,1836678.375,1652479.25,1743548.625,1786058.875,1955110.75,1399714.375,1513479.625,1865301.25,1987772.625,2011368.75,2064585.125,1617730.875,1831796.625,1548580.125,1667979.0,1717349.75,1820132.375,1515619.0,1535260.875,1465699.125,1524713.125,1554434.0,1648208.0,1611659.375,1656273.625,1714062.0,1659946.625,1318813.0,1426360.75,1887718.75,1960529.0,1734963.625,1577695.375,1636636.125,1618367.75,1496371.0,1628774.25,1392542.375,1608402.5,1951042.125,1925046.875,1415048.625,1456410.75,1435409.875,1458957.125,1581686.875,1611169.25,1389331.625,1496170.5,1486862.0,1649498.0,1611218.375,1742051.5,1386836.875,1436541.125,1474744.125,1509921.5,1526150.375,1763042.5,1570733.125,1528810.25,1713385.5,1792392.5,1460600.0,1621016.25,1796057.5,1788116.0,1684827.0,1819331.125,1414832.375,1398143.75,1414570.75,1425841.5,1165411.5,1279938.0,1241809.25,1347824.25,1489131.25,1512796.5,1560231.75,1662023.375,897745.6875,922355.6875,1165313.0,1142102.0,1180782.5,1100713.875,1506167.25,1436594.875,1902089.5,1754469.0,1197500.5,1237656.0,1468320.75,1589935.5,1281771.875,1356940.125,2220575.0,2157611.0,1340385.625,1290230.0,2024414.875,2338951.5,1283482.75,1476144.875,1417331.875,1403841.5,2410269.75,2114228.25,1872222.25,2184219.0,2002877.125,2619805.5,2736593.0,2736855.25,1472717.875,2066661.5
55,1375839.375,1297749.75,1389021.5,1337331.125,1620910.0,1505041.0,1595300.75,1406829.75,1506947.5,1356434.875,1574724.625,1656721.25,1734454.125,1893789.0,1608456.25,1568265.375,1686469.375,1713620.625,1846593.125,1756203.0,1680107.5,1646175.875,1440264.625,1509677.25,1528316.0,1546463.375,1580145.75,1573433.875,1749243.875,1713990.0,1918269.0,1817982.125,1525280.75,1416806.125,1565488.75,1336342.25,1427375.625,1471026.75,1625741.5,1842637.625,1729815.25,1760395.375,1271742.5,1177326.0,1097139.375,1068690.625,1266465.0,1501535.125,1231244.0,1179175.625,1250336.375,1305082.625,1532682.125,1573388.75,1531179.0,1579330.5,1535608.5,1519386.625,1426173.5,1497608.625,1578033.75,1595592.375,1979240.625,2154929.25,1410036.875,1443700.125,1433051.75,1342578.5,1408154.75,1383287.5,1703841.0,1706978.0,1749479.0,1840580.125,1445945.0,1203002.75,1661592.25,1645287.125,1663783.625,1867688.375,1121544.25,1158673.25,1411701.125,1434100.75,1308838.625,1378988.125,1635776.625,1641445.0,1275599.375,1285348.25,1326221.375,1331578.125,1306015.125,1301966.0,1408682.25,1332226.625,1267371.25,1385830.0,1274130.75,1263903.625,981925.0,1022400.125,1359850.375,1242912.875,1633280.625,1823013.75,1378386.5,1424009.125,1368914.0,1409898.5,1540260.0,1263436.75,1603308.75,1304842.5,1324001.125,1327226.625,1361590.5,1356320.125,1736699.75,1623002.5,1929449.375,1949402.25,1742944.375,1870763.5,1501162.25,1543728.875,1629310.375,1722987.625,1771105.375,1842723.875,1657531.375,1749862.5,1787703.875,1959429.5,1400563.25,1515629.625,1868230.25,1990176.125,2013343.875,2069657.125,1617615.875,1834272.375,1548961.25,1672494.875,1717545.5,1821431.125,1511722.0,1532303.0,1463746.375,1524277.0,1553526.25,1647804.625,1608674.125,1654369.5,1718309.625,1662359.0,1321066.875,1429072.125,1892287.625,1966117.25,1737497.0,1585622.875,1638898.375,1615854.25,1495782.375,1629055.375,1389840.375,1604062.375,1954643.875,1921982.875,1416360.375,1454206.75,1435511.125,1460272.25,1580827.0,1610243.125,1390178.5,1495301.875,1483222.875,1646003.625,1612896.5,1743515.5,1383743.125,1434810.0,1474263.25,1509236.375,1525079.5,1756691.0,1573577.75,1532276.75,1715172.625,1791416.125,1463146.0,1622075.375,1794101.375,1787207.875,1685284.875,1818675.625,1415123.625,1397244.375,1412609.875,1421843.125,1166191.625,1280561.0,1241686.625,1347808.5,1488382.375,1511425.25,1560373.5,1663818.75,894779.0625,921961.125,1164325.875,1140452.5,1182432.25,1105340.25,1506820.875,1437004.25,1901261.0,1754154.875,1194858.0,1235101.875,1466030.0,1586670.875,1279785.625,1354574.875,2220553.25,2157543.25,1338919.75,1288994.375,2019624.875,2337291.75,1280219.125,1471315.125,1414090.625,1400143.875,2406497.5,2110351.25,1868573.25,2178489.0,1999473.375,2618790.25,2733553.75,2730946.5,1469422.25,2064837.5
56,1374291.875,1297337.375,1387566.625,1338390.75,1615327.875,1501230.75,1596553.5,1407722.375,1508506.75,1358799.875,1571774.0,1655311.875,1730156.25,1890582.125,1607502.5,1567976.25,1687018.125,1712660.375,1845130.375,1755046.75,1679717.75,1645777.875,1438491.75,1509241.625,1526035.875,1546962.5,1578951.625,1573829.75,1748973.875,1716221.75,1918595.625,1819319.75,1524346.875,1414516.75,1561893.625,1331098.375,1424046.625,1469710.25,1620402.5,1842040.25,1726987.25,1756667.125,1271579.625,1174228.875,1097520.375,1069000.0,1265185.25,1496890.25,1231214.875,1179242.25,1248400.875,1302985.625,1533063.5,1571152.0,1531585.125,1580014.75,1543299.5,1523465.375,1432868.0,1499761.875,1580015.75,1598597.25,1977580.125,2153552.0,1411516.25,1444713.0,1434991.625,1344391.25,1400859.0,1382984.625,1704028.75,1705132.5,1751119.25,1841438.625,1443275.0,1202306.75,1672768.5,1645395.625,1664396.625,1872843.125,1116899.25,1155716.125,1405506.75,1430125.75,1300647.0,1372696.625,1633282.875,1640493.0,1272501.0,1280623.75,1321447.25,1326743.25,1300495.875,1302254.5,1402348.125,1329766.375,1257278.875,1381168.375,1271764.875,1260318.875,979063.125,1020497.1875,1357785.25,1241612.0,1633731.375,1822759.25,1375682.875,1420601.75,1372506.75,1411119.25,1534121.5,1259824.0,1604753.5,1303697.625,1322501.625,1331754.375,1370509.25,1366370.375,1731747.375,1617689.375,1932792.875,1953073.375,1740365.75,1871624.5,1503462.25,1548186.625,1633113.375,1724023.25,1777542.125,1848025.625,1665511.375,1753932.875,1790413.375,1963379.875,1399548.625,1515653.375,1872033.5,1994122.875,2016319.625,2074386.25,1617861.125,1836141.5,1547975.25,1674840.0,1719403.75,1821862.625,1513136.375,1532425.25,1464717.625,1525887.625,1553361.0,1648859.0,1607646.375,1654465.0,1718945.125,1661134.125,1320150.0,1428050.0,1893716.375,1965893.25,1746522.75,1592472.25,1641770.75,1619052.125,1494343.5,1628497.0,1387751.375,1603691.625,1961598.875,1923126.625,1420216.5,1457188.75,1435089.5,1460959.375,1582827.375,1612536.75,1392348.375,1494978.375,1484827.875,1650825.0,1613921.5,1743553.625,1386101.0,1437295.25,1475225.25,1509350.75,1523366.375,1755801.875,1584476.125,1544360.75,1723956.875,1798225.125,1472822.125,1630505.75,1798081.625,1788175.875,1685329.75,1820141.5,1416219.0,1396596.75,1406144.375,1415667.75,1168019.625,1278530.0,1239165.625,1345806.625,1495228.5,1517315.375,1564120.125,1665562.75,893682.9375,919306.375,1166969.375,1140028.5,1181101.875,1101958.125,1508849.625,1434841.75,1901947.125,1754409.875,1193616.5,1234048.25,1466067.5,1585030.5,1279120.625,1354882.5,2220176.0,2157665.75,1337909.75,1288364.625,2012385.625,2332269.5,1276907.75,1464996.125,1412326.0,1397879.25,2402819.5,2104006.25,1866912.625,2176537.75,1997643.75,2615995.75,2733311.5,2730779.25,1463506.875,2060673.625
57,1373476.125,1297742.0,1384755.5,1340552.875,1617207.625,1506289.125,1602249.875,1406557.5,1513514.875,1358872.125,1571756.375,1657883.625,1729819.5,1895103.75,1607281.0,1569789.875,1686054.875,1711435.875,1846621.75,1757088.625,1680270.625,1645542.5,1435351.875,1513694.875,1522140.375,1545692.875,1575207.875,1573525.25,1748499.625,1722673.625,1917130.125,1820535.0,1523997.75,1416483.25,1558797.375,1327238.0,1423875.5,1470870.875,1612656.0,1843333.875,1725303.375,1756180.375,1274707.5,1172846.25,1097933.25,1069427.75,1256179.875,1488257.0,1231904.25,1180125.875,1250241.5,1301772.75,1530850.75,1568092.5,1529971.5,1578817.625,1547826.625,1525450.0,1440598.375,1499126.125,1579597.875,1597632.375,1976478.75,2155332.25,1413731.25,1445256.375,1438809.25,1347662.375,1398988.625,1386989.875,1701227.625,1700715.875,1747066.875,1840144.125,1440264.625,1195584.0,1677541.25,1644201.375,1663275.25,1869152.625,1116319.625,1150363.625,1405296.0,1423217.625,1298532.5,1367159.75,1631140.875,1631881.5,1274152.375,1279787.75,1323406.375,1327114.0,1296895.375,1297635.5,1401570.875,1327111.75,1256798.375,1379612.5,1272884.625,1255277.125,982500.0,1019579.3125,1355376.25,1239611.375,1634024.375,1820379.5,1376090.375,1417832.625,1373630.875,1410164.875,1528904.0,1256522.5,1603994.375,1301072.25,1315251.375,1317584.25,1376534.25,1368083.75,1727767.625,1612289.5,1927659.125,1944913.75,1741210.125,1868541.125,1501730.625,1547109.375,1642078.125,1724111.875,1783139.125,1853552.5,1669279.0,1752305.25,1792584.625,1968589.5,1403308.625,1513471.375,1876413.625,1997545.5,2016102.75,2077366.75,1617972.875,1837909.125,1548252.375,1674513.25,1721004.375,1822111.625,1517625.0,1534468.125,1469245.125,1528185.5,1552692.625,1649175.375,1606758.5,1652037.0,1713986.0,1657906.875,1316239.875,1423880.0,1888417.75,1962155.625,1750021.0,1595412.25,1639837.0,1621476.25,1495722.0,1630388.75,1389258.625,1608075.5,1961572.25,1928534.5,1420745.25,1460893.5,1435371.75,1462223.375,1583149.875,1612091.5,1390163.5,1492262.0,1488318.375,1653922.625,1612867.875,1740774.75,1387583.625,1437433.25,1475358.875,1508571.375,1522836.5,1760885.25,1586253.375,1544677.875,1726045.875,1797326.125,1479854.375,1635895.75,1796324.25,1783826.375,1681169.875,1817484.75,1422531.875,1399686.875,1403330.75,1412917.75,1174647.5,1284281.875,1241747.125,1345687.875,1502701.25,1523075.375,1569943.0,1669541.875,892990.875,917885.9375,1167870.625,1139856.375,1177670.625,1095680.125,1506979.75,1432299.375,1900804.25,1752005.125,1193888.5,1234173.875,1466834.25,1586710.25,1279257.625,1354690.875,2216776.0,2154615.0,1337430.5,1288193.25,2016772.875,2330814.0,1276333.75,1466772.375,1414053.75,1400254.625,2404596.75,2107121.25,1868984.0,2178969.25,1998780.5,2613651.75,2733781.0,2733039.25,1463967.75,2061049.875
58,1372812.125,1296675.0,1382748.125,1335362.25,1621321.0,1506068.75,1599756.75,1403761.5,1510311.125,1356926.125,1571804.375,1656191.0,1733427.0,1895359.0,1605657.375,1567309.5,1681982.75,1705936.75,1846656.25,1756383.125,1680222.0,1644007.125,1433213.0,1512813.25,1520741.5,1541109.25,1577688.375,1571521.0,1745979.625,1711805.375,1913654.375,1816188.5,1521479.375,1415656.0,1558041.25,1332393.625,1424254.625,1470704.75,1611589.25,1838685.625,1724664.75,1756059.0,1271420.0,1173035.25,1096777.625,1067975.5,1253939.125,1488722.875,1233039.875,1180989.5,1250221.25,1301754.375,1527045.875,1566282.75,1527550.75,1572719.75,1546701.25,1518493.125,1444532.625,1499888.75,1577533.375,1592699.375,1974443.375,2149917.25,1415804.5,1446321.75,1439894.75,1350551.625,1402101.0,1391204.25,1701382.25,1701855.0,1746965.125,1841020.875,1442177.875,1194958.75,1676854.875,1647362.5,1664693.0,1869621.0,1119559.375,1149669.875,1409188.375,1423282.125,1304536.875,1368215.125,1634344.625,1635502.375,1276980.25,1283179.75,1328773.125,1331129.0,1299810.25,1298559.375,1406603.125,1328831.0,1264868.625,1382650.5,1275559.125,1258974.625,986390.25,1021139.25,1356919.75,1241161.375,1635196.5,1820990.75,1378905.875,1420310.25,1371241.375,1409953.0,1532198.625,1259015.375,1603731.0,1301747.625,1314426.875,1309697.625,1373645.25,1362620.0,1733120.375,1617433.875,1928735.0,1949851.25,1745208.0,1869778.875,1498322.125,1542538.375,1640833.875,1720876.625,1776912.875,1848233.875,1665381.625,1751042.875,1789157.0,1963527.75,1403018.75,1510529.0,1872994.625,1992405.5,2011200.0,2071348.125,1616790.25,1835691.125,1547453.375,1671242.625,1719538.75,1821142.0,1521424.125,1536939.75,1471726.125,1530080.5,1553331.0,1649043.5,1606471.5,1649524.125,1710403.375,1656807.875,1315385.75,1422095.125,1884445.75,1960822.375,1745493.75,1593775.125,1637135.0,1621199.125,1494936.125,1627872.625,1389482.375,1605943.625,1959455.75,1928558.875,1419713.875,1460003.25,1434655.75,1462336.25,1578989.75,1606046.375,1388206.5,1492224.25,1485310.375,1648791.0,1612868.5,1738712.75,1382900.75,1433969.875,1474230.5,1506987.75,1522837.5,1757632.0,1583040.5,1540368.0,1724722.0,1793239.875,1479045.5,1635392.375,1798902.625,1785696.5,1679911.875,1815369.375,1424422.875,1402420.75,1406865.125,1415671.75,1180979.75,1291000.0,1246437.875,1348609.5,1500774.5,1520640.125,1568417.5,1667028.375,893110.3125,919962.5625,1165951.25,1140654.75,1177970.5,1095381.5,1507534.125,1432581.125,1898099.0,1748662.5,1194460.625,1234323.125,1465517.75,1586761.25,1280819.375,1352461.375,2216795.0,2154618.0,1338755.125,1288551.25,2025186.625,2336192.0,1279554.75,1474028.75,1417864.125,1403845.875,2408471.0,2113240.5,1871783.5,2183647.5,2002788.875,2615667.5,2733181.0,2732563.25,1470905.5,2067017.625
59,1370356.0,1293220.125,1383827.25,1327365.75,1617931.125,1496080.375,1589794.875,1400693.375,1501024.0,1355495.5,1569759.0,1650851.5,1732169.375,1888746.75,1601995.25,1561455.875,1678489.25,1701050.875,1840409.25,1751503.875,1677113.625,1639808.25,1431766.125,1504389.0,1521071.625,1534707.875,1581395.25,1568855.875,1744879.0,1694971.125,1912623.5,1812958.625,1520083.5,1413658.0,1557249.75,1335508.0,1423331.75,1468898.125,1617838.75,1833990.5,1724749.125,1755222.875,1263614.625,1171136.75,1094144.25,1065523.125,1262168.25,1498712.125,1232292.5,1179998.5,1244661.625,1300007.5,1524882.875,1568184.625,1524414.25,1567319.5,1542523.75,1510014.0,1435124.625,1497917.25,1575189.875,1590487.0,1972840.125,2142195.75,1415353.0,1446766.75,1435629.25,1350448.0,1404938.125,1392012.625,1702276.875,1709066.625,1752731.25,1844969.375,1444529.25,1202418.0,1674502.125,1652472.875,1668642.5,1880371.0,1123715.875,1156587.125,1411987.625,1431545.5,1311701.625,1376442.625,1639338.625,1649730.375,1277975.375,1286422.5,1328083.125,1332789.875,1305305.125,1304614.5,1411740.125,1334241.0,1271174.0,1386562.375,1276531.0,1266698.125,985343.8125,1023181.9375,1361492.75,1244863.5,1636563.5,1824790.625,1380142.75,1424806.0,1371750.875,1412090.25,1539379.875,1264195.875,1604484.5,1305470.0,1321457.875,1322511.875,1372221.625,1364243.25,1739806.625,1626522.5,1938136.0,1966663.25,1747519.375,1874419.375,1500268.5,1541552.625,1628245.25,1717394.875,1765517.0,1834285.625,1658257.875,1750212.75,1782794.125,1951881.25,1395290.125,1510571.25,1862005.875,1983702.125,2006954.25,2063010.875,1615005.75,1831337.0,1545310.625,1667534.375,1715128.75,1820158.5,1520015.5,1536946.625,1468746.375,1529327.875,1555440.625,1649188.125,1608442.5,1652397.5,1713823.125,1659514.125,1318804.0,1425016.5,1888527.625,1963073.25,1740516.25,1586618.75,1637419.0,1620250.25,1487863.875,1619005.75,1386129.125,1599393.625,1957558.25,1921726.25,1418286.0,1456982.125,1432014.5,1460011.375,1576507.625,1604079.875,1390803.25,1496986.5,1480869.875,1645505.125,1613978.375,1740266.125,1380235.5,1434426.625,1473998.875,1507885.375,1522987.25,1751487.5,1583406.5,1543691.375,1725557.375,1797144.25,1474340.625,1632279.875,1808152.625,1796138.125,1685766.875,1819680.625,1415101.0,1399582.5,1411858.75,1420561.125,1177475.375,1286450.625,1244183.875,1349999.125,1493083.0,1513760.625,1559579.125,1658303.125,896863.3125,923707.625,1166213.875,1144343.875,1182788.125,1102184.25,1511965.75,1436105.5,1898900.0,1750318.5,1195334.25,1235334.75,1464796.625,1585292.375,1282060.75,1352418.0,2222092.75,2160034.75,1340636.625,1289294.875,2022818.0,2338109.5,1283484.375,1477602.125,1420597.375,1404527.625,2408615.5,2109963.5,1872111.375,2184945.5,2005593.75,2619759.25,2733880.25,2732737.25,1475248.875,2067792.625
60,1369288.75,1292278.375,1386764.25,1329982.5,1614465.125,1495640.75,1588483.25,1401363.0,1499752.625,1354452.875,1569661.875,1651577.375,1728521.5,1888408.25,1601879.25,1561682.0,1679924.25,1705391.375,1836919.25,1750315.375,1675088.625,1638170.125,1432311.625,1501878.125,1522791.625,1535777.875,1580547.125,1568912.25,1747459.625,1698903.375,1914927.625,1813209.0,1522778.25,1415665.5,1558701.75,1332878.125,1423042.0,1468949.125,1622667.375,1836678.375,1726559.25,1757674.75,1262780.0,1171781.875,1093402.75,1065588.875,1267897.125,1504897.125,1230343.0,1178377.125,1241999.0,1300850.75,1526464.5,1571057.875,1522728.5,1570005.5,1536656.0,1510078.0,1419100.75,1493657.375,1572393.25,1591363.25,1974977.75,2144848.0,1412951.875,1446364.75,1431281.75,1347233.375,1403791.125,1388836.0,1699398.875,1710543.25,1752086.375,1844724.0,1441106.5,1203305.75,1670135.5,1651130.875,1667586.375,1879366.375,1125346.5,1161251.25,1411713.5,1435754.375,1312497.5,1383104.25,1638502.75,1651093.5,1275569.875,1284987.875,1323641.75,1331854.0,1304891.875,1307413.5,1413579.375,1336126.875,1271225.625,1387970.875,1275990.875,1267730.0,983851.0,1023727.0,1361512.375,1244086.625,1636884.75,1826886.0,1378306.0,1425040.75,1373392.125,1411336.25,1540253.25,1265153.75,1605432.375,1306195.5,1324446.75,1336576.0,1375323.25,1368228.0,1738056.25,1627099.375,1938979.5,1964791.25,1746037.75,1873762.625,1500425.625,1541140.625,1618564.125,1717432.375,1761926.0,1828615.25,1652469.75,1746153.875,1778381.625,1947577.5,1392224.0,1516716.375,1856056.75,1982326.5,2006743.25,2061634.25,1613725.625,1829609.375,1545064.75,1668917.125,1711077.5,1818420.125,1515174.375,1535785.25,1464551.625,1526845.5,1556438.0,1649573.625,1611829.0,1659976.25,1717076.75,1661075.125,1320093.0,1427992.5,1892576.875,1964214.375,1737638.375,1579888.25,1639136.5,1617566.75,1484514.125,1616943.375,1384433.5,1598783.5,1954590.625,1916977.375,1416673.625,1455354.75,1431008.625,1458270.75,1580224.625,1610085.625,1393319.0,1499708.375,1481564.75,1648346.5,1615262.125,1743858.625,1382104.25,1436305.25,1474124.75,1510527.75,1524726.0,1755785.5,1580400.625,1545581.0,1726209.75,1805661.375,1467769.25,1628121.25,1812395.375,1802932.125,1693091.75,1826803.875,1407450.125,1398489.5,1413761.875,1424314.125,1166952.125,1277094.0,1238264.25,1348537.875,1489246.25,1514052.75,1553840.875,1655911.625,900355.6875,925318.8125,1168060.875,1146475.125,1185483.875,1107829.125,1512703.25,1438029.75,1901563.875,1754865.5,1196507.75,1236623.875,1466133.75,1585780.125,1281059.25,1354629.125,2225366.25,2162587.75,1340179.75,1289362.125,2019241.375,2334365.75,1284188.125,1478256.375,1419636.25,1403633.75,2407095.75,2106558.25,1870778.625,2180849.5,2003292.625,2620074.75,2735400.5,2734981.0,1474557.5,2064289.875
61,1370152.625,1295021.625,1388353.875,1338376.5,1616559.375,1504490.375,1595490.125,1405910.875,1505205.75,1354376.0,1571456.375,1656270.5,1729210.125,1893487.375,1605356.125,1566172.125,1683817.75,1712657.75,1841770.625,1753955.25,1675844.0,1641009.125,1434633.25,1507090.125,1523730.5,1542575.25,1578550.75,1571609.5,1749926.625,1713521.375,1916587.25,1811878.625,1525217.25,1418044.375,1560799.625,1329471.0,1424043.625,1470170.75,1622587.0,1842615.0,1727732.375,1761130.25,1268653.75,1174960.625,1095215.375,1067890.125,1266813.625,1503530.25,1230615.875,1179206.125,1245900.25,1304063.0,1528204.75,1571050.75,1523152.375,1575580.5,1530940.5,1514113.5,1412769.25,1493444.75,1572115.125,1591312.125,1978179.875,2153369.75,1413012.875,1447396.875,1433133.125,1346989.875,1402996.875,1385521.0,1695824.125,1704693.625,1747526.75,1840562.625,1434180.875,1195768.125,1670966.125,1646947.375,1664269.75,1863836.5,1124527.5,1159466.875,1410686.375,1433009.625,1307936.0,1382998.25,1633903.125,1641284.125,1273759.5,1283344.75,1323758.75,1331539.125,1301122.375,1305882.625,1411125.625,1333794.375,1268496.625,1387183.625,1275060.875,1264523.125,983256.3125,1023891.125,1359466.375,1241835.125,1636634.25,1826297.625,1376627.75,1422843.625,1372128.0,1408319.5,1537925.375,1264358.75,1608771.25,1306017.875,1319851.125,1331282.75,1377053.5,1362624.125,1733166.375,1622595.125,1929283.25,1949883.75,1744775.375,1869042.5,1496994.25,1538413.625,1619260.125,1719044.125,1760805.625,1830767.875,1649321.25,1743257.875,1776723.625,1947566.125,1395544.375,1520547.0,1858106.375,1985755.75,2006517.625,2061237.5,1613540.875,1829447.375,1546441.75,1671713.5,1710696.5,1815045.875,1514218.25,1537252.375,1464028.0,1527138.0,1556065.875,1650201.125,1614443.5,1664611.625,1713834.125,1658336.875,1317375.125,1425770.25,1889000.875,1960849.25,1735516.0,1579662.375,1640169.125,1617732.625,1490618.875,1623254.25,1387811.125,1603379.5,1956295.25,1919045.125,1418435.5,1455913.0,1432921.125,1458983.0,1583992.375,1614290.875,1393657.625,1498843.625,1483799.125,1650714.375,1614988.875,1745160.875,1382535.25,1434846.125,1474357.25,1512370.625,1526103.125,1762085.5,1574978.5,1540743.0,1724087.875,1808078.125,1462312.0,1624718.75,1810170.125,1801162.125,1693770.75,1828452.875,1410513.125,1403142.375,1412426.5,1425939.5,1161519.375,1275285.875,1237576.625,1348787.875,1489434.625,1521155.625,1555871.375,1660833.0,898538.375,923115.1875,1168166.0,1145061.5,1182263.625,1104786.0,1511750.25,1436409.125,1902267.25,1756369.375,1196670.75,1236297.25,1467307.5,1587898.0,1280058.5,1355115.875,2224446.0,2160475.75,1339113.75,1288958.0,2019922.875,2331830.75,1281519.125,1475877.625,1415719.875,1401927.125,2406420.75,2108654.75,1869604.375,2178355.5,1999957.125,2617669.0,2735573.0,2736250.75,1470820.0,2063196.75
62,1370580.375,1296544.25,1388922.625,1339464.75,1620160.0,1508514.875,1596706.75,1407382.375,1505939.625,1354224.5,1572558.625,1657276.75,1732811.0,1894404.0,1606238.125,1566437.75,1685376.625,1713394.875,1846949.0,1756952.125,1676462.875,1644291.0,1436015.625,1510481.125,1522718.5,1543602.5,1578667.375,1573503.875,1748933.0,1715088.625,1916183.375,1812141.75,1523683.875,1416041.375,1559449.375,1327029.625,1424554.0,1469197.375,1620669.0,1843591.375,1727427.875,1761280.125,1272671.5,1174675.0,1096302.75,1068850.5,1265893.25,1501148.625,1232343.5,1180778.625,1249618.875,1302821.0,1526088.0,1569203.625,1524368.875,1574890.125,1532630.375,1514074.5,1423756.5,1495432.625,1574979.875,1591495.875,1976832.75,2156013.75,1415375.0,1447991.0,1437476.75,1349203.25,1407333.5,1389776.25,1696607.25,1703128.125,1749480.75,1839002.375,1433034.875,1193731.625,1676694.25,1649151.625,1664540.125,1859935.0,1123296.875,1156279.25,1409941.25,1430847.125,1307514.75,1380923.5,1632159.125,1638518.5,1276101.0,1286038.625,1326870.75,1331190.125,1301192.875,1302435.375,1408307.75,1331907.75,1267812.875,1386461.125,1273328.875,1262933.5,982172.3125,1022823.4375,1361016.75,1242747.75,1635650.25,1824720.75,1377237.5,1422396.0,1369505.375,1408158.625,1538326.25,1265967.125,1610904.375,1308569.875,1311876.875,1308411.625,1375200.75,1352784.375,1730493.375,1620350.25,1922895.0,1948710.375,1744242.75,1867312.875,1498187.25,1538803.375,1628020.75,1719382.0,1761619.375,1833120.625,1654233.5,1746983.25,1780953.75,1950104.5,1399633.75,1517539.0,1863631.875,1987706.25,2005867.5,2060532.875,1615665.75,1829381.75,1549821.125,1670173.625,1714513.125,1815582.5,1518499.25,1538031.375,1466782.5,1529054.0,1556580.0,1650625.125,1615982.625,1662280.5,1711029.5,1656111.5,1316320.5,1422423.375,1884357.25,1956952.375,1738640.375,1584476.875,1640471.875,1624261.5,1494418.0,1623272.75,1390685.125,1605861.875,1960529.75,1921402.25,1420132.5,1458203.5,1432730.25,1458779.25,1584561.625,1611725.125,1393323.625,1498391.25,1484630.375,1651965.5,1613585.5,1743132.5,1381839.375,1434233.625,1474749.625,1512200.875,1524362.25,1759677.25,1575582.625,1534379.0,1721614.875,1801257.875,1463634.75,1624571.25,1805490.75,1794118.875,1688284.0,1822818.875,1415200.625,1402691.25,1412036.625,1425824.5,1167383.25,1280900.25,1241281.625,1349389.125,1491648.875,1522291.75,1560752.125,1662980.125,893303.6875,918136.4375,1166454.125,1143650.875,1176634.25,1095755.75,1513441.375,1434413.75,1902280.75,1754467.75,1195319.125,1234778.75,1467480.375,1588482.5,1280491.25,1353225.375,2221372.75,2158836.75,1339398.0,1288426.5,2014382.875,2330514.5,1279991.25,1468165.625,1414245.875,1400801.875,2404851.75,2105135.75,1869292.625,2181944.5,2001155.125,2617061.75,2734382.0,2733963.25,1465615.0,2062587.75
63,1371897.5,1295414.625,1389935.5,1335135.5,1620904.625,1504694.125,1590841.25,1404355.75,1499852.5,1351143.0,1573440.875,1655950.0,1734306.5,1891735.375,1605053.625,1564724.0,1684582.0,1710038.625,1846920.375,1756379.625,1677636.25,1644853.125,1436485.625,1509922.875,1524100.25,1540682.625,1580169.125,1573221.625,1747068.5,1706257.25,1916369.0,1816393.0,1521440.0,1412417.75,1558861.375,1327299.5,1424229.375,1466281.75,1620086.0,1836765.625,1727608.625,1758613.625,1271909.375,1172757.875,1096196.125,1068257.125,1267293.375,1501534.625,1233010.0,1180799.625,1249386.125,1298576.875,1523904.25,1567435.625,1527349.0,1571529.875,1539884.875,1512575.0,1436463.5,1495290.125,1576291.75,1592701.0,1974383.5,2150940.5,1414957.25,1444664.5,1437249.75,1346168.375,1414332.375,1396428.0,1699725.125,1707236.25,1751548.875,1839163.125,1438704.375,1199358.875,1668644.0,1651178.375,1662601.375,1869401.625,1119849.0,1154308.75,1408570.125,1432261.75,1311483.375,1378620.75,1630817.875,1639278.0,1276153.75,1286328.75,1327199.25,1329823.0,1304140.25,1297565.25,1407697.125,1331235.25,1268975.75,1385101.625,1271091.375,1261727.25,980723.875,1020241.9375,1361707.875,1242683.25,1634014.625,1823335.25,1378688.375,1423047.875,1367328.875,1411152.5,1540417.5,1265788.25,1604938.25,1307813.875,1310844.125,1298002.875,1371082.125,1355866.375,1732217.375,1621308.125,1920952.25,1952325.75,1740527.375,1868158.5,1503008.125,1543695.125,1635260.75,1720283.0,1769972.125,1838185.375,1664950.75,1752164.375,1789534.75,1959923.75,1403775.0,1515738.5,1870358.625,1988912.75,2010138.125,2065907.875,1618469.875,1831119.75,1553220.5,1668147.75,1718674.375,1821910.25,1522763.125,1536726.0,1467524.0,1526795.0,1557545.625,1650440.5,1614719.875,1657299.5,1713362.125,1657249.875,1318977.25,1424009.75,1885546.125,1957543.0,1745182.25,1586979.25,1639713.0,1628162.125,1491526.75,1619289.875,1388155.75,1603061.5,1957445.75,1921938.5,1415678.125,1459183.25,1430130.125,1455616.75,1584407.75,1608963.375,1389282.375,1497359.75,1484641.375,1652127.0,1615114.0,1742442.25,1382584.5,1435326.5,1473275.875,1508602.875,1522876.5,1754784.75,1578113.125,1529590.25,1721173.625,1793132.5,1466203.25,1626553.25,1800182.25,1788544.875,1685177.875,1817404.25,1414755.0,1395376.0,1413759.625,1423881.75,1174469.875,1283299.25,1242364.625,1346010.75,1493889.5,1514098.75,1562578.5,1661046.875,891631.8125,917525.0,1162603.125,1141155.5,1175800.875,1093412.625,1511579.375,1434738.25,1902140.25,1752458.625,1195231.375,1235104.375,1467267.625,1587538.0,1280856.625,1352571.125,2218866.5,2158483.75,1339559.375,1288311.25,2011745.375,2332612.0,1283200.875,1466997.25,1417993.75,1402720.25,2405648.5,2102348.75,1870847.5,2186544.75,2004304.0,2619099.75,2734113.25,2730684.75,1466913.875,2064050.5
64,1373995.375,1294584.375,1388811.625,1333468.125,1618944.375,1498972.0,1589032.75,1403337.25,1497867.75,1350109.625,1572843.25,1655445.125,1732897.75,1891204.625,1605526.875,1566074.125,1683499.875,1707714.125,1844063.875,1753930.0,1679171.0,1643189.0,1436650.75,1508089.25,1525835.875,1540535.0,1579688.125,1571650.125,1746395.875,1702565.75,1917232.625,1819928.875,1521140.875,1412693.75,1560694.25,1331490.75,1424567.75,1467322.875,1621511.0,1832664.375,1729351.375,1758001.875,1269122.375,1173515.5,1095937.875,1068410.875,1266820.25,1501313.125,1233035.625,1180686.375,1247909.0,1299138.625,1526670.0,1568289.875,1529944.125,1573447.5,1541386.25,1514947.5,1433913.0,1495289.875,1577086.75,1594827.5,1975533.375,2146551.25,1411253.25,1440827.5,1433496.5,1339953.375,1415066.5,1391610.625,1702237.75,1709789.375,1748709.375,1839556.0,1442904.5,1203279.625,1655253.25,1646872.25,1659332.5,1872209.875,1116724.625,1156030.625,1409852.125,1435049.375,1311767.25,1375427.75,1629543.875,1637753.125,1272308.375,1282642.75,1325113.0,1329727.875,1308186.25,1297647.5,1408196.25,1331282.625,1268738.625,1382697.0,1271303.625,1262589.125,979498.8125,1019620.75,1359811.625,1241545.5,1633419.75,1822825.125,1379490.125,1423599.75,1366629.25,1412702.75,1539037.5,1260359.0,1598349.25,1303527.125,1319600.0,1317531.875,1367060.75,1366259.625,1737601.75,1625212.625,1921456.25,1947843.0,1738246.375,1869379.125,1504351.625,1546191.375,1635203.25,1722189.875,1778775.875,1844714.875,1667390.0,1752323.25,1793582.125,1967759.5,1403623.625,1516463.625,1872301.0,1989504.625,2016959.25,2074314.625,1618241.125,1834338.875,1550402.375,1668891.375,1720115.625,1825705.75,1521135.5,1535768.5,1463571.125,1521706.0,1556458.0,1649584.125,1609622.5,1653571.625,1716405.75,1660461.25,1321003.375,1427639.625,1889094.375,1961421.0,1743787.625,1583297.25,1638595.875,1624504.25,1491864.5,1624246.875,1385837.0,1600387.375,1954487.375,1925996.875,1413723.375,1458745.375,1431433.875,1455395.25,1582412.375,1609426.125,1385729.0,1495905.5,1483244.25,1647628.625,1616829.125,1744103.5,1383369.875,1435111.5,1471614.125,1504085.375,1525733.125,1755113.75,1577568.625,1529244.375,1721766.125,1792768.0,1465592.25,1628442.25,1797234.375,1787628.875,1686555.0,1817542.5,1412521.875,1390632.375,1412788.875,1420687.875,1172538.0,1277792.875,1239276.375,1342513.75,1492972.875,1507679.75,1561283.125,1659991.25,895093.25,923084.3125,1160216.5,1136934.75,1180714.375,1102411.5,1505450.0,1436517.625,1901453.375,1752052.25,1197190.0,1236929.5,1466852.75,1587261.625,1280832.625,1354753.125,2220160.0,2158110.5,1339557.75,1289700.25,2021681.0,2339611.5,1286485.5,1475934.125,1420543.25,1404398.0,2410138.25,2110481.5,1872335.0,2185856.5,2004067.5,2620182.0,2735704.75,2731220.25,1474978.0,2068802.25
65,1373302.125,1294372.125,1385221.875,1335152.5,1618844.875,1500168.875,1594527.0,1405585.0,1505369.375,1354937.0,1571208.125,1655274.375,1731067.375,1893296.5,1606349.125,1568200.125,1683837.375,1708190.875,1842646.875,1753806.25,1680377.875,1644060.0,1437009.5,1508874.25,1523808.375,1541934.25,1576443.125,1571792.625,1747544.0,1710757.0,1917957.625,1824134.375,1522300.5,1415907.625,1563587.625,1336871.125,1427089.0,1471999.875,1621897.625,1839449.0,1731594.5,1761801.25,1268612.375,1175410.0,1095399.75,1069072.0,1263166.875,1496149.0,1233117.625,1180764.625,1249774.875,1304001.875,1531207.5,1572589.125,1529139.75,1579029.25,1537608.125,1518457.375,1427069.5,1495890.0,1581811.375,1599303.625,1976736.875,2150559.5,1410064.25,1441919.875,1431212.5,1338730.375,1405468.75,1379838.125,1704624.625,1708303.375,1748481.375,1841205.375,1442936.75,1201812.75,1667008.75,1646548.5,1665090.125,1866831.125,1119176.375,1158731.25,1413169.875,1434050.5,1306743.0,1372368.875,1635188.0,1640172.0,1271257.0,1280707.0,1324653.5,1330218.875,1309669.75,1304672.0,1408672.125,1330589.375,1265578.875,1381592.125,1274301.5,1264880.5,979969.0625,1020794.3125,1359774.125,1242893.125,1633538.125,1822236.625,1379587.125,1423783.375,1369169.75,1410251.0,1535629.0,1257434.125,1602739.5,1303971.25,1325028.375,1336397.375,1368973.0,1363273.375,1737594.625,1626663.125,1928807.625,1949278.75,1742665.0,1870938.25,1502163.5,1542655.125,1633071.875,1721090.0,1780500.5,1844409.375,1660163.625,1748154.625,1791558.875,1963935.75,1398473.0,1514660.625,1868647.0,1990906.125,2018920.0,2075785.375,1617589.375,1837292.0,1544947.625,1670933.875,1720824.875,1822685.75,1511891.125,1531618.125,1460452.375,1520871.5,1553891.5,1648742.375,1604438.875,1650910.25,1717020.375,1663039.875,1319384.25,1428363.75,1889735.125,1962092.25,1736225.75,1577446.125,1639765.875,1618744.0,1496302.75,1632814.625,1389182.875,1603409.125,1961522.0,1929536.625,1421896.5,1459638.375,1436614.0,1461932.5,1579724.625,1610345.0,1392530.75,1497620.625,1483251.375,1646167.5,1613838.5,1743418.25,1386085.5,1437839.375,1473877.125,1504818.0,1528871.375,1759309.0,1579040.75,1535873.625,1721739.125,1796243.0,1470658.125,1628337.5,1795814.625,1785660.25,1685946.875,1819551.125,1412656.875,1390268.0,1407835.0,1417413.25,1169442.625,1275116.5,1238327.5,1343320.625,1492050.5,1510411.375,1561731.25,1660901.75,897997.8125,924760.1875,1165519.25,1138439.875,1183858.0,1108829.125,1504850.625,1436360.875,1902487.125,1752750.875,1197248.375,1236427.5,1467071.875,1586202.875,1282252.75,1356779.625,2221768.0,2158024.75,1340619.875,1291093.25,2025865.375,2342021.5,1283992.125,1477230.875,1416883.375,1402451.5,2409408.5,2114231.5,1870390.375,2181134.0,2000544.875,2617553.75,2735254.25,2732624.25,1475368.75,2068746.25
66,1371046.375,1293944.5,1385155.375,1336531.25,1622196.0,1507546.25,1596694.5,1405862.75,1507947.875,1356020.375,1572550.625,1655479.5,1731667.0,1894509.0,1605935.25,1568926.5,1685817.125,1711845.75,1845553.625,1756529.25,1682417.25,1649983.5,1439056.75,1514031.5,1523616.125,1544662.0,1576792.0,1575547.375,1752809.875,1722593.75,1919304.375,1829411.5,1524823.75,1418291.25,1570383.625,1339814.625,1430432.25,1471407.375,1619910.0,1845957.5,1731825.375,1763282.25,1271540.0,1176882.5,1095481.375,1068671.75,1261049.5,1492343.5,1232568.625,1179764.625,1254523.875,1306021.25,1531262.25,1572488.375,1528454.875,1580500.125,1534371.75,1515776.125,1423112.25,1491077.375,1583875.75,1600597.875,1977243.625,2157764.0,1411248.125,1443815.5,1429543.25,1339059.125,1400311.0,1379510.375,1703410.0,1705353.75,1750848.125,1841142.25,1441710.375,1198326.875,1685311.625,1651600.625,1672607.0,1863702.0,1122894.5,1153749.0,1412235.0,1428874.75,1301775.375,1367732.125,1642170.25,1642087.125,1273852.5,1281045.25,1325569.625,1328423.0,1304132.125,1306121.875,1407289.375,1327100.75,1261447.875,1381098.75,1275236.375,1260784.5,981433.1875,1019816.5625,1361146.75,1243771.5,1633528.25,1821806.25,1378418.375,1422619.875,1373738.75,1409930.875,1539378.25,1262453.875,1609618.75,1307458.25,1320826.75,1326126.375,1375223.875,1357485.875,1730909.0,1620910.0,1934375.125,1955671.75,1744713.875,1869584.5,1499084.75,1536353.0,1630710.0,1717068.875,1773988.5,1835094.125,1654469.0,1741907.25,1786894.25,1954008.375,1398781.5,1513711.0,1869127.875,1995625.875,2015925.25,2068107.375,1620460.375,1837872.125,1546508.25,1672267.25,1720574.375,1819109.875,1506028.625,1527199.5,1460876.375,1522251.375,1553293.0,1649467.125,1603615.875,1650731.625,1714826.375,1660518.875,1316778.5,1426670.875,1886589.75,1958083.25,1731577.75,1572128.0,1640766.25,1617740.375,1496859.25,1632472.5,1392410.75,1606913.0,1965611.25,1928055.375,1425514.75,1460103.125,1438029.625,1465116.375,1581549.75,1612393.625,1400446.125,1500245.5,1486239.75,1652253.375,1612067.375,1741707.5,1389191.625,1442944.125,1476155.25,1509128.0,1526822.0,1760975.375,1583744.375,1543978.125,1720606.75,1795067.75,1479119.25,1627718.125,1793929.75,1783152.875,1682308.125,1818606.25,1416193.0,1393539.125,1405192.375,1414832.125,1173377.125,1283018.0,1243306.0,1347563.375,1494608.625,1517224.125,1564308.0,1664449.5,896252.875,919101.625,1170165.5,1141675.25,1180976.125,1102127.75,1509234.125,1434272.625,1904390.875,1753560.75,1194839.25,1234200.625,1467390.125,1584031.375,1283200.625,1356041.125,2220825.75,2159290.25,1340905.375,1289662.5,2017274.25,2337102.0,1280096.0,1468702.625,1414699.375,1401575.375,2403205.75,2105978.0,1868674.375,2179938.5,1999238.625,2615482.5,2732114.5,2730700.75,1467512.125,2063940.125
67,1371723.5,1294158.0,1388477.0,1334804.75,1624040.875,1507529.0,1590967.125,1403293.125,1498056.375,1349413.75,1574028.75,1655152.125,1734774.75,1893369.125,1605570.75,1567926.5,1685793.125,1713279.5,1848919.875,1756568.125,1681111.625,1651673.625,1440540.5,1514820.0,1526286.75,1546670.625,1581213.25,1576801.25,1755611.625,1720968.75,1918192.375,1825666.875,1524705.875,1418034.125,1572157.75,1337739.125,1429162.25,1466066.75,1617432.125,1841975.75,1729782.75,1757993.0,1273415.125,1177621.875,1096084.375,1067829.75,1262553.25,1496678.625,1232558.125,1179698.875,1254304.625,1303312.0,1526562.625,1564932.5,1528722.125,1573972.625,1531258.375,1508172.25,1418813.875,1484077.125,1577976.875,1594133.0,1978474.875,2156363.25,1410215.875,1441504.125,1428633.25,1336673.75,1408910.0,1387683.125,1698619.875,1704998.125,1749639.875,1837974.75,1441371.875,1197310.375,1674166.5,1649238.0,1667592.625,1865231.375,1122114.75,1147130.0,1409067.875,1426931.375,1303638.25,1365222.0,1639808.875,1637202.5,1276679.625,1282133.875,1325262.75,1326974.0,1299725.875,1299416.75,1406214.0,1325182.25,1261972.75,1380982.5,1272974.375,1254061.875,982063.375,1017679.5,1361993.625,1242512.125,1634965.75,1822945.0,1376928.0,1421387.875,1376615.375,1415541.125,1546902.875,1266107.5,1608734.375,1306595.25,1317302.5,1306794.25,1376153.875,1365920.0,1732522.375,1618131.375,1929776.625,1950622.25,1740626.375,1865860.25,1495920.5,1532270.5,1626652.25,1714107.125,1764404.625,1827273.875,1654782.0,1739494.75,1781499.875,1947338.5,1404965.5,1515679.25,1873005.25,1995453.0,2012303.75,2061410.125,1622116.125,1833950.125,1551579.0,1669876.75,1717610.0,1818811.875,1514976.375,1532041.25,1462381.375,1521643.375,1555332.5,1650921.75,1607820.375,1653291.0,1711282.125,1655317.625,1316657.625,1425638.75,1883428.375,1956458.125,1730735.375,1570380.375,1639644.5,1621624.25,1493478.125,1625203.125,1389683.5,1604557.125,1956689.25,1925844.25,1417359.875,1457727.5,1434350.25,1458827.25,1584772.75,1613579.125,1394256.5,1498224.25,1486231.25,1652009.875,1616283.0,1743922.875,1383999.0,1438905.625,1473392.5,1508874.125,1522927.625,1756277.5,1584419.25,1545739.75,1721038.25,1794389.5,1474361.75,1631258.625,1798321.125,1790127.875,1682586.375,1817439.125,1419137.0,1399682.25,1409414.375,1416319.25,1175837.75,1288963.75,1246604.0,1351294.75,1495871.75,1520300.0,1564058.875,1667742.625,894424.5,918570.375,1165691.875,1139816.375,1178461.0,1094600.75,1510269.375,1434078.5,1903635.75,1754444.0,1194183.25,1234632.875,1466803.25,1585511.375,1280762.0,1354680.25,2221143.5,2160973.0,1339389.875,1287628.625,2017465.0,2336321.75,1281526.75,1469822.0,1419663.125,1404702.75,2402930.5,2104985.25,1871816.375,2184648.5,2003448.25,2618393.5,2731532.5,2728535.0,1468850.875,2065249.875
68,1373142.375,1294979.0,1387377.375,1332209.875,1620951.0,1500824.875,1587184.5,1402648.25,1494080.375,1348348.375,1572331.625,1654352.125,1736236.5,1892527.625,1606198.5,1566628.25,1682377.0,1710990.25,1847001.0,1754306.0,1675161.625,1645017.125,1438270.0,1508627.25,1525541.75,1544634.875,1581363.875,1571779.875,1749531.25,1710231.625,1913743.0,1814379.125,1520918.0,1416086.625,1563918.375,1335472.375,1424163.125,1466947.0,1616491.625,1837721.875,1729927.625,1756322.75,1271636.0,1177043.625,1095776.0,1068024.25,1263911.25,1501270.875,1233929.375,1181969.375,1249124.75,1302502.5,1523895.25,1563905.0,1526094.25,1569324.75,1530310.375,1507833.0,1421939.75,1488625.5,1573742.0,1589081.25,1977552.375,2151074.25,1408972.125,1440548.125,1432199.0,1338868.125,1413067.0,1388505.5,1698175.25,1706650.0,1748868.875,1838283.625,1442052.625,1197898.75,1660716.0,1644746.875,1660913.375,1867026.0,1119558.25,1150826.375,1409431.25,1429401.75,1310706.125,1371802.875,1633638.75,1635147.75,1277752.0,1282770.375,1325135.125,1329148.625,1303240.125,1298716.625,1408849.875,1328441.75,1267826.5,1383809.875,1272253.5,1256211.875,982469.5,1017865.4375,1362384.375,1242526.375,1635799.625,1824077.125,1377711.375,1422214.125,1377750.625,1419884.875,1544682.625,1264208.125,1606784.5,1304258.375,1321370.625,1311853.625,1375163.25,1374328.125,1741244.375,1623659.75,1926083.75,1944540.75,1742004.0,1867431.5,1495219.125,1534303.875,1624323.25,1714604.25,1761829.625,1830708.25,1655822.125,1744674.125,1780083.375,1949233.625,1403645.875,1515486.25,1869149.375,1986921.5,2009864.375,2063887.75,1619062.75,1829426.5,1551124.125,1667476.375,1715808.375,1819842.75,1523515.125,1538585.25,1464417.0,1522806.875,1556110.25,1650184.25,1612122.375,1655724.875,1710783.0,1657167.375,1317686.875,1426244.375,1884510.25,1960972.375,1732315.625,1576208.5,1640438.0,1622522.375,1492703.875,1623787.25,1386735.75,1603311.0,1950761.375,1925290.5,1414875.375,1455664.375,1432838.875,1456624.5,1582578.0,1609879.0,1385929.625,1494301.5,1483214.625,1645431.625,1618047.375,1745747.5,1376729.125,1430140.875,1471911.625,1507259.125,1523522.125,1753354.75,1575667.75,1539437.625,1720768.0,1798245.625,1459162.125,1630988.5,1806526.75,1798669.0,1687427.0,1820526.375,1417932.375,1403048.25,1415157.75,1422799.25,1169675.75,1283178.125,1242458.875,1349431.625,1491551.0,1517940.125,1560548.125,1664837.875,898324.0,928239.5,1165027.875,1144760.125,1181633.375,1099249.375,1509931.875,1435462.875,1902082.875,1755087.625,1195735.875,1237081.875,1466990.875,1589064.0,1279732.875,1355495.0,2222735.0,2160326.0,1338766.5,1288937.125,2028139.75,2341151.5,1284728.625,1479304.75,1421777.25,1404496.375,2407662.25,2114095.5,1873678.125,2186153.75,2006134.625,2620377.25,2733357.25,2729071.25,1477883.0,2069328.875
69,1372412.375,1296764.5,1384478.875,1333709.0,1619082.125,1505282.375,1588647.75,1404082.375,1504134.875,1356557.0,1572909.625,1656531.375,1736236.0,1895957.125,1607264.25,1567887.125,1681074.0,1713201.5,1844321.125,1757714.0,1672982.75,1641931.25,1435068.25,1507201.0,1522740.375,1543360.625,1578925.75,1568414.375,1745081.875,1707999.0,1912516.75,1808732.5,1521480.125,1416667.875,1561135.0,1339408.375,1424653.5,1474654.0,1620902.0,1842296.25,1733802.625,1765467.375,1269923.375,1177518.75,1095096.0,1068881.75,1264617.5,1501923.375,1233793.5,1182603.75,1248841.5,1307972.75,1528103.125,1573859.625,1522289.25,1574658.625,1532772.625,1514589.375,1425852.25,1498772.875,1576275.0,1591140.125,1976828.0,2154137.5,1409257.125,1443441.125,1435042.625,1345129.625,1403662.75,1388639.25,1701640.0,1708809.25,1754152.25,1845360.875,1441459.0,1197393.75,1677352.375,1652934.0,1665759.625,1867612.5,1119925.5,1157985.0,1410396.125,1430087.75,1315711.875,1382923.875,1633400.625,1643225.875,1275894.0,1282335.0,1325661.625,1331162.375,1305371.5,1304874.75,1412759.25,1331756.625,1272671.5,1388152.5,1274483.625,1265252.75,984165.3125,1019770.4375,1360927.25,1243658.0,1633200.5,1823786.625,1378619.75,1423641.75,1378467.375,1418473.25,1535370.75,1266087.25,1606821.25,1306200.0,1321420.5,1324910.875,1380842.625,1368363.375,1735592.75,1625319.5,1927049.875,1952534.25,1748654.5,1872451.125,1495557.0,1537873.5,1623753.625,1717173.875,1764700.125,1836538.0,1652284.125,1747838.0,1782609.625,1954316.375,1396595.75,1516838.875,1861621.25,1982803.625,2008544.75,2069404.25,1617073.0,1828666.0,1549919.125,1672171.625,1718051.0,1821980.625,1514439.75,1533914.5,1464856.25,1524234.375,1554284.0,1647872.25,1614360.375,1659766.5,1715935.875,1665124.75,1319505.5,1428799.125,1888115.625,1967425.0,1732885.625,1581571.625,1641884.625,1620985.75,1495624.0,1629345.5,1390372.625,1609661.75,1959265.375,1925584.625,1421294.625,1457332.75,1435819.75,1463853.375,1580070.625,1607579.25,1391167.25,1496123.75,1484123.625,1647687.5,1613457.875,1742594.0,1380377.5,1432462.25,1475641.125,1511475.875,1526965.5,1759940.375,1562140.125,1526537.875,1714625.5,1797806.125,1454575.875,1618881.25,1803326.75,1791727.875,1689425.5,1823170.0,1414376.625,1401541.75,1416817.625,1428731.125,1164804.375,1278881.75,1239228.375,1345353.125,1486659.875,1513282.125,1556759.0,1659001.375,899942.3125,929130.1875,1172358.875,1152263.25,1183342.5,1103503.875,1510947.0,1434374.625,1902234.25,1754148.75,1196193.25,1236441.5,1467268.875,1587376.125,1282609.875,1355635.5,2223202.25,2158470.0,1339451.875,1290701.125,2024928.875,2339158.25,1283496.25,1476739.125,1415965.0,1398846.375,2406614.0,2110842.0,1869025.125,2180389.0,2002243.375,2616383.75,2732536.25,2729795.5,1475565.875,2065064.25
70,1373440.375,1299063.0,1387001.125,1336739.25,1621501.75,1513689.125,1589373.25,1403990.25,1507855.125,1358188.75,1575522.125,1659573.0,1736867.5,1898616.625,1606920.25,1567947.5,1683936.125,1717108.625,1845446.0,1762307.5,1675866.375,1644424.125,1434743.125,1510591.5,1522454.875,1544775.0,1579277.0,1570575.25,1746959.875,1708830.25,1915638.375,1809985.25,1525615.625,1417489.75,1562788.0,1338752.5,1429101.875,1476104.5,1628858.375,1844257.0,1733350.125,1770352.875,1270357.0,1178298.625,1095556.5,1069259.625,1265804.625,1502235.75,1231808.875,1180148.875,1251477.375,1309905.125,1532772.5,1577346.375,1522422.25,1578049.5,1534530.375,1514876.5,1422352.375,1495394.625,1578236.25,1592837.125,1978849.25,2157762.0,1410172.625,1444142.5,1433047.375,1344738.375,1401046.375,1395870.875,1701904.75,1711775.625,1757453.125,1848675.125,1442624.375,1199973.25,1687802.5,1662347.625,1670514.875,1871626.375,1123663.125,1160159.875,1412094.375,1431011.375,1316739.875,1387223.625,1638917.75,1651012.75,1273917.25,1282526.625,1325697.375,1330599.0,1304498.375,1305717.75,1415416.75,1332802.375,1273608.375,1389080.875,1276819.875,1271467.875,986807.5625,1022145.25,1359399.75,1243072.25,1631983.625,1823420.25,1377824.75,1423937.625,1375438.0,1413206.875,1534233.0,1269066.875,1604247.75,1307351.875,1313794.5,1313925.125,1383139.75,1355746.25,1725803.0,1622496.125,1926641.0,1957819.25,1748438.75,1870603.125,1496043.25,1537490.125,1624872.375,1718756.375,1765094.5,1834333.75,1651273.5,1744794.5,1784912.125,1953636.5,1396553.5,1521491.5,1862159.375,1986447.5,2009682.75,2069773.125,1618338.125,1829332.5,1552311.0,1676971.625,1720554.875,1823278.75,1505803.75,1527666.875,1463511.0,1522476.875,1553532.25,1647191.25,1616004.625,1664064.25,1721584.875,1667027.875,1323420.375,1432788.0,1889677.375,1968712.375,1733381.625,1579408.0,1640138.375,1622799.125,1495850.5,1628586.875,1394577.375,1611920.75,1964546.625,1925402.5,1420051.0,1458719.875,1436570.625,1463739.125,1581861.875,1609878.625,1395675.625,1500633.375,1485782.375,1652749.0,1612632.875,1741318.625,1385994.0,1437955.25,1476142.625,1512612.125,1527313.125,1763909.75,1559479.625,1519213.5,1711606.125,1792880.75,1462338.125,1614427.625,1794802.25,1782638.0,1686264.25,1819468.5,1411443.25,1396844.375,1415110.875,1428670.5,1168470.375,1282395.75,1241562.25,1345707.75,1486722.375,1510285.375,1555462.875,1657398.75,893574.9375,915073.0,1171633.875,1143425.625,1180083.625,1096693.0,1509903.25,1432711.125,1902405.75,1753361.75,1195170.0,1233766.25,1465712.0,1583766.625,1282753.0,1353111.875,2222870.25,2158288.25,1339450.875,1288915.875,2013260.125,2333401.5,1281089.375,1467859.75,1413715.625,1397756.5,2402888.5,2100187.25,1866563.125,2178845.75,2000928.875,2615516.5,2730474.25,2728555.0,1467300.625,2061279.75
71,1375564.125,1298481.0,1389651.0,1335893.125,1619939.5,1505872.5,1591966.5,1404456.875,1500252.375,1349920.0,1574223.75,1657897.375,1733430.375,1892748.25,1604659.625,1564141.5,1685642.125,1713386.75,1844511.125,1757114.0,1676671.5,1643368.5,1435384.125,1508829.5,1524341.5,1543336.875,1577557.875,1572206.625,1747229.625,1706772.5,1917718.875,1814082.625,1525567.5,1414487.5,1558287.875,1328178.375,1428080.875,1468359.5,1629730.375,1837179.75,1726276.375,1760347.75,1270460.0,1175398.0,1096400.375,1068916.25,1265245.625,1498453.875,1230891.375,1178245.125,1248967.75,1302177.625,1530632.25,1569599.625,1526875.5,1574369.875,1534156.875,1511566.625,1423570.75,1486835.25,1576863.375,1592406.375,1978898.25,2152501.75,1412475.5,1442571.125,1431840.0,1339048.125,1411952.625,1397117.625,1700391.75,1711048.5,1749984.625,1840765.75,1447137.75,1205412.75,1665183.875,1654440.5,1664700.5,1874347.0,1126628.25,1160373.25,1417763.625,1436011.875,1312435.5,1380412.5,1642848.625,1647799.875,1275533.25,1283149.75,1326531.125,1331248.0,1308843.875,1301896.0,1415253.875,1333632.25,1271306.75,1384263.375,1277344.875,1270451.875,986672.125,1024053.875,1360483.125,1240826.75,1634905.0,1823421.75,1378602.25,1423781.75,1366112.5,1404506.5,1539527.625,1260921.5,1601096.125,1302275.75,1312810.625,1300608.25,1369701.0,1346872.875,1732592.375,1623678.125,1931930.875,1949940.625,1743486.25,1865065.375,1501818.375,1540206.75,1631806.875,1722174.125,1767522.125,1833657.125,1658904.375,1745894.125,1789525.375,1955969.5,1400976.875,1517585.125,1868063.375,1990280.625,2013695.625,2069129.375,1617765.0,1830661.625,1550202.5,1671928.25,1719785.5,1821273.125,1514332.625,1533146.125,1464124.0,1523010.375,1554923.0,1648239.375,1612651.875,1659829.625,1719451.875,1660973.25,1323749.375,1432334.125,1888717.625,1962611.25,1738587.375,1577924.875,1636896.625,1622300.125,1492649.125,1623054.0,1391507.5,1603770.25,1956012.625,1922360.625,1411734.0,1455572.375,1432339.375,1453719.25,1582205.0,1610291.875,1387398.5,1498472.875,1482728.875,1649348.0,1616169.625,1743871.875,1383582.75,1433573.875,1471737.25,1505656.625,1524543.875,1756593.5,1576405.0,1532866.25,1720723.25,1793958.375,1469529.875,1632232.125,1796562.0,1789033.125,1683241.125,1814549.125,1414222.625,1393000.5,1410681.875,1421898.75,1173492.125,1284098.75,1243742.75,1348312.875,1491134.125,1515007.875,1560398.0,1662439.25,890041.625,909155.5625,1161705.125,1130976.5,1178615.75,1093218.5,1507351.875,1435025.875,1902018.25,1754120.375,1195095.0,1234426.5,1464653.375,1584654.5,1278937.5,1352268.5,2221670.5,2158401.5,1338863.5,1286740.25,2015401.625,2335436.25,1281876.0,1469037.0,1417587.875,1402344.875,2405556.25,2103801.75,1870586.75,2183800.0,2004572.25,2620841.25,2731750.75,2727968.25,1468771.75,2066133.75
72,1373308.125,1294978.875,1387776.125,1333581.5,1616226.25,1495684.875,1598894.5,1405826.375,1500078.5,1347574.0,1572539.0,1654818.875,1727987.0,1887718.125,1603600.875,1562320.5,1685277.5,1707195.75,1841693.625,1749712.625,1676628.25,1641548.625,1434306.375,1505622.875,1525232.0,1539581.5,1574159.875,1571387.125,1748586.375,1709135.875,1918014.75,1819176.875,1524744.25,1413113.875,1558256.375,1325804.375,1425181.75,1464237.375,1622544.875,1833193.25,1723467.75,1751666.25,1269376.625,1171860.5,1095534.125,1068032.25,1262856.75,1492138.125,1231281.375,1178662.375,1246226.875,1297536.125,1526509.25,1565376.125,1530046.25,1573932.5,1532752.875,1514195.5,1423617.625,1488124.625,1575924.375,1594415.25,1977891.875,2147310.0,1411975.375,1442266.875,1430609.0,1337739.75,1413408.5,1388792.0,1702515.75,1705883.875,1742205.0,1834198.375,1446478.0,1204924.125,1650381.375,1640476.75,1658393.75,1869314.5,1126639.5,1159948.875,1419225.75,1436910.75,1306075.125,1371373.25,1639975.375,1641560.5,1277272.375,1282811.625,1327534.75,1333138.375,1310999.125,1301078.25,1412866.125,1332926.625,1268918.75,1379569.5,1276812.875,1265534.375,983530.625,1023669.75,1361079.625,1239331.875,1635981.875,1823398.0,1380144.125,1423628.375,1362600.25,1399520.25,1537012.0,1251309.625,1602865.0,1299700.375,1317530.75,1313384.625,1360384.75,1349365.25,1738103.625,1624495.125,1942430.75,1949863.375,1744331.25,1867452.25,1504815.125,1545316.875,1637992.25,1727587.0,1774339.0,1840353.875,1662816.625,1749004.375,1794666.75,1966236.125,1403044.5,1508358.875,1871187.0,1993332.125,2015170.75,2071571.75,1614722.75,1832897.0,1545345.375,1665489.625,1717736.125,1819495.25,1521234.875,1539064.875,1464337.5,1525605.375,1555891.625,1649222.5,1605338.0,1650012.625,1710873.125,1655790.5,1317503.375,1425529.5,1887230.375,1955841.25,1740039.625,1578467.25,1636317.375,1617723.875,1492314.0,1624318.75,1387096.625,1599054.75,1949820.25,1917472.25,1413092.625,1454005.5,1430575.875,1452717.75,1580855.0,1608965.5,1382685.0,1492487.625,1480449.625,1646846.0,1614491.125,1742834.125,1381229.0,1430181.5,1470103.375,1502602.75,1522740.5,1752167.875,1592464.75,1553631.25,1729247.25,1799587.25,1473746.25,1645613.0,1800466.125,1794636.25,1684405.125,1815630.5,1422037.25,1396096.5,1407578.25,1415016.0,1175267.875,1286123.875,1244476.125,1350422.75,1495974.75,1525224.625,1568275.25,1670282.625,893272.875,918239.0625,1159200.375,1136289.0,1179971.5,1100281.625,1507680.375,1437494.875,1902057.75,1753845.875,1195968.5,1236338.0,1465622.5,1586514.75,1278048.25,1354453.875,2221238.5,2157903.25,1338501.625,1287631.375,2021590.75,2337011.75,1283348.25,1473782.0,1418329.25,1404603.0,2408359.0,2110236.5,1871731.25,2183009.75,2002952.25,2620535.0,2734045.5,2729890.75,1472981.375,2068085.125
73,1369700.125,1292790.25,1387094.625,1334876.25,1620442.625,1502113.5,1602092.125,1404756.625,1505498.75,1353029.75,1573412.375,1655632.75,1729838.75,1892815.5,1605111.5,1564011.75,1686724.875,1706758.625,1843940.875,1751511.0,1679863.625,1644797.375,1434501.0,1508343.875,1523375.5,1538594.75,1575448.0,1571344.5,1753252.5,1713169.625,1917882.25,1822315.125,1526171.125,1415981.125,1563621.875,1333139.25,1426693.125,1468375.375,1619414.375,1838477.0,1726499.25,1755071.875,1269261.25,1171840.5,1094384.75,1067681.375,1261598.625,1492099.875,1231730.75,1180097.625,1247664.5,1301992.125,1526125.875,1569957.25,1529089.625,1576095.625,1531093.125,1518737.5,1412716.625,1490307.75,1577169.25,1596979.875,1979474.5,2149815.75,1406327.25,1441113.875,1426020.5,1339637.5,1400945.5,1382147.0,1704129.625,1703658.25,1746317.0,1838763.5,1440659.25,1198988.5,1667948.0,1641853.875,1661885.625,1865078.375,1125801.125,1158923.875,1413526.375,1430977.875,1308701.375,1372696.125,1634769.125,1640802.5,1275939.75,1282963.0,1328137.75,1333602.375,1305200.0,1301997.25,1414207.75,1332624.875,1272878.0,1383257.0,1277062.75,1264181.125,983593.5,1022534.3125,1360026.25,1239883.25,1632906.25,1823557.625,1379977.25,1423581.125,1374776.625,1406321.375,1530917.375,1255707.125,1609101.875,1304954.125,1317968.375,1331767.875,1375719.25,1364986.75,1732730.25,1621285.625,1939594.0,1957715.625,1749438.125,1873231.125,1496402.375,1542568.75,1634133.875,1726770.0,1775134.25,1844166.0,1656566.75,1745452.625,1792442.125,1969262.75,1403525.0,1510428.125,1870181.625,1993932.5,2011534.875,2072024.375,1613757.125,1833056.25,1547487.125,1667561.875,1717839.0,1820283.875,1515394.25,1534676.75,1460901.625,1523138.5,1556220.875,1650044.875,1605714.875,1649069.375,1706119.375,1656407.75,1313706.5,1421148.375,1884915.625,1954620.25,1732718.75,1576953.0,1639712.125,1618359.375,1493605.75,1626285.375,1387941.25,1602584.375,1953121.25,1916347.75,1423929.0,1458731.625,1434173.125,1461124.75,1581021.875,1609249.75,1390901.625,1491942.5,1481888.125,1650860.0,1611463.375,1740034.625,1382058.25,1433863.375,1470670.125,1505599.125,1522985.125,1755132.75,1584167.625,1552562.875,1724965.875,1801227.125,1474524.0,1634441.875,1797137.5,1787626.875,1686601.875,1820823.25,1422680.375,1400542.5,1411144.125,1417453.125,1174709.75,1289049.0,1243750.0,1350652.125,1496225.25,1525895.0,1569096.0,1669755.125,895526.375,924456.4375,1167041.875,1147761.5,1180941.0,1104999.625,1511375.125,1434990.875,1902315.625,1753133.5,1195614.875,1235368.625,1466673.875,1586648.5,1280915.375,1355649.875,2223042.25,2159042.0,1338368.75,1288774.75,2018966.25,2332622.5,1283483.875,1473863.0,1416594.375,1404163.625,2405050.75,2106495.0,1868655.75,2178305.0,1998144.625,2614814.0,2733642.75,2733060.25,1471083.5,2064226.5
74,1370619.875,1294454.625,1389157.625,1339005.25,1626738.75,1512005.0,1598086.0,1404703.0,1501967.0,1353006.0,1572476.375,1657533.25,1735625.375,1898565.0,1607539.625,1566907.0,1687284.75,1709695.625,1848117.25,1757828.25,1682634.375,1647569.875,1437643.0,1512719.25,1521056.25,1540637.375,1578750.375,1572656.5,1751923.625,1713206.125,1917163.875,1821717.75,1524475.125,1418579.0,1560487.875,1334172.375,1427103.125,1472606.0,1621516.125,1845261.875,1727263.25,1759313.625,1269303.125,1173341.875,1095339.0,1068494.875,1261731.625,1496913.75,1232026.125,1180721.75,1247491.75,1305261.25,1526618.75,1573593.75,1526753.25,1574343.0,1530833.625,1517902.625,1405920.0,1486468.25,1578360.5,1595785.5,1979239.5,2154533.5,1404397.75,1439355.0,1424433.75,1338591.625,1400131.25,1383160.125,1698500.75,1705349.5,1752660.875,1843995.5,1438590.625,1195635.125,1681665.875,1652076.625,1666703.375,1864771.375,1123209.25,1159100.625,1410508.375,1429271.625,1317888.0,1383872.5,1632365.25,1638110.5,1275273.75,1285456.375,1329587.875,1333802.875,1301531.0,1299638.75,1416846.125,1335835.375,1279851.25,1391412.375,1276871.875,1265834.125,985670.0625,1022725.25,1359301.125,1240055.75,1632533.875,1823871.125,1379694.125,1424151.5,1381175.25,1414387.75,1531694.875,1262517.875,1609177.5,1306422.5,1315399.875,1327973.0,1385928.25,1375288.125,1731760.625,1616833.625,1923762.625,1950182.375,1750883.25,1871382.625,1489808.5,1535323.625,1626155.25,1718135.125,1766926.625,1838273.375,1650742.0,1739882.625,1783525.125,1958637.25,1401082.625,1519535.625,1865227.625,1988398.875,2007656.5,2065933.875,1615293.25,1830895.75,1551140.875,1671913.5,1717629.125,1820079.0,1515381.0,1533727.875,1459211.875,1519169.625,1556868.75,1650752.625,1614436.375,1658435.5,1708457.375,1658577.875,1316076.375,1422891.25,1882392.75,1956815.375,1728299.0,1576501.5,1640899.0,1623109.625,1493537.25,1623665.375,1390148.375,1605730.125,1958159.5,1921853.125,1425729.0,1462031.5,1436343.625,1463150.0,1581387.625,1610229.75,1396096.75,1495487.625,1483818.875,1652575.0,1614147.5,1741974.0,1382534.5,1434701.5,1469993.5,1506108.875,1524551.625,1755526.125,1569916.125,1536451.125,1720671.875,1802641.625,1472011.25,1624296.5,1797659.625,1786326.0,1687372.25,1824942.625,1416264.75,1400670.875,1417714.375,1428141.5,1173565.875,1286109.375,1242467.5,1349216.875,1494791.75,1517708.375,1562016.5,1660358.875,896342.5,924912.5625,1170237.625,1148283.375,1180993.75,1102412.625,1511789.5,1431879.125,1902164.875,1753748.375,1195386.375,1234731.375,1466988.375,1587543.75,1282462.0,1354570.0,2223592.75,2160725.5,1339109.125,1288501.125,2015870.75,2332552.25,1282606.375,1471031.0,1415365.75,1401861.75,2404348.25,2105242.0,1867544.875,2178228.5,1998390.875,2613606.75,2733055.75,2736434.25,1466617.125,2061788.75
75,1373537.5,1298127.875,1388672.5,1341025.875,1625029.625,1510617.625,1592596.375,1407643.75,1496139.875,1346827.75,1571131.75,1658333.625,1736426.125,1898791.75,1609363.125,1570812.125,1683116.125,1710891.5,1847671.625,1761770.0,1680753.125,1645516.25,1438043.5,1513243.5,1520552.0,1543401.875,1580149.25,1574375.75,1744653.25,1710630.625,1916010.75,1815791.75,1520486.25,1418851.125,1553645.25,1331703.125,1423891.25,1473278.25,1621266.375,1846688.25,1728181.0,1761348.375,1267936.25,1175459.25,1096740.25,1069403.125,1262770.75,1501978.875,1232347.375,1180661.375,1245015.125,1303938.375,1525691.75,1568804.25,1523281.125,1570436.125,1530404.125,1509314.0,1406482.0,1480400.0,1577255.5,1591710.375,1975715.0,2153731.0,1409766.125,1441310.25,1430262.875,1336821.125,1414403.875,1389358.0,1693637.125,1705309.375,1750555.625,1843619.25,1440700.875,1195889.625,1671043.125,1653251.625,1665377.375,1864211.0,1120676.25,1162772.375,1413456.5,1435313.25,1318834.0,1391935.875,1633787.375,1634543.625,1277353.75,1288333.5,1328768.5,1333307.75,1304016.5,1297969.875,1413339.75,1338592.25,1277053.5,1392890.625,1275107.25,1265879.25,983903.375,1023523.625,1359150.0,1239993.375,1637555.625,1824815.75,1378838.625,1424605.125,1366783.5,1413237.625,1535290.25,1260463.125,1601079.625,1301817.0,1314906.0,1316442.375,1368295.5,1366902.875,1735211.75,1615754.75,1920221.75,1938200.75,1748770.875,1869142.5,1493768.75,1530575.0,1622144.5,1709559.375,1757262.0,1824873.875,1648208.75,1735040.25,1774619.125,1942350.75,1395958.5,1522534.25,1858074.875,1981206.875,2005115.875,2054987.625,1615660.5,1828963.125,1548922.375,1673815.125,1713625.125,1816740.0,1522184.25,1540379.625,1462347.125,1520713.375,1557415.75,1650607.625,1619020.0,1664782.375,1711048.125,1655404.625,1317540.75,1425266.0,1883470.375,1957960.625,1730421.0,1573688.125,1638161.25,1622698.5,1495066.625,1626018.375,1391415.125,1607019.875,1962860.625,1929336.625,1416796.625,1458708.625,1435277.375,1460234.0,1582830.75,1611651.625,1389466.875,1496962.25,1485648.25,1649998.375,1617589.5,1745593.625,1382548.25,1431942.5,1470575.875,1505028.0,1527599.625,1757936.625,1574381.5,1531675.5,1726072.625,1806816.625,1467708.875,1628435.5,1806613.125,1796657.5,1690362.875,1826665.0,1414211.25,1402495.625,1418709.875,1433704.0,1171785.5,1281015.875,1243845.625,1349718.625,1494886.75,1513475.5,1555712.5,1655516.0,898824.125,928426.8125,1164750.875,1144349.0,1180749.25,1102080.375,1506855.25,1434127.375,1902513.875,1754721.375,1197350.375,1237040.25,1467665.625,1589423.875,1282263.125,1354132.625,2222080.25,2160234.5,1341043.375,1289388.125,2020501.75,2337062.0,1281589.75,1471112.375,1412915.25,1398109.125,2410663.75,2112881.5,1867937.0,2179147.5,2000190.625,2616441.75,2735839.0,2738216.75,1467407.125,2062052.75
76,1372611.625,1298521.75,1385998.125,1339440.125,1618461.75,1503732.25,1591575.125,1408831.75,1498608.0,1346885.375,1571646.5,1658847.5,1732094.75,1895862.875,1607163.0,1570360.75,1679846.75,1709401.875,1843061.125,1759786.5,1675912.5,1642489.75,1434101.125,1510374.5,1521550.625,1543949.625,1579459.25,1574912.75,1741481.25,1707966.25,1914778.875,1810290.5,1519435.875,1416933.75,1554291.875,1330999.125,1422251.625,1471253.0,1618829.5,1843482.5,1730599.875,1765604.625,1268746.75,1177384.125,1097669.25,1070374.125,1265058.5,1503477.875,1232349.375,1181192.25,1245235.75,1302368.625,1524856.5,1563032.0,1520362.0,1568855.875,1530262.0,1504337.0,1413346.625,1482490.125,1576280.0,1590979.5,1972874.375,2148807.5,1416239.5,1447337.25,1439717.75,1342343.125,1416547.25,1390005.25,1697739.375,1703655.5,1746641.75,1842006.25,1440982.25,1196460.375,1664159.125,1649067.125,1665279.75,1865806.0,1120859.5,1165142.75,1414436.0,1439286.875,1307521.5,1385857.125,1636022.5,1638405.75,1278017.5,1287026.125,1324778.25,1330342.25,1307499.875,1304603.125,1406728.875,1336680.375,1263768.75,1386242.0,1272734.625,1264712.625,980353.1875,1024114.75,1361032.5,1243930.0,1639736.125,1825855.875,1376984.25,1423794.375,1360516.125,1412408.25,1540148.375,1261705.5,1602403.5,1303900.375,1320839.875,1324148.375,1357939.75,1360209.375,1737524.375,1622163.75,1931745.375,1944160.25,1743651.25,1871931.5,1502504.875,1533249.875,1623139.875,1709824.75,1754673.0,1820181.375,1649008.875,1736954.375,1773669.625,1936022.75,1393613.25,1518422.875,1856742.875,1979666.75,2004941.5,2050988.625,1615148.0,1829252.75,1545167.0,1673898.875,1711762.75,1814678.25,1518639.125,1538845.5,1466886.5,1527499.0,1556742.75,1649347.375,1614761.375,1661339.125,1711486.875,1652416.625,1317164.5,1426460.375,1887478.75,1959234.125,1736563.625,1575380.75,1640123.0,1619593.5,1495424.625,1631414.5,1390302.625,1606282.375,1964551.375,1929634.25,1415303.375,1455167.5,1433310.375,1459380.75,1584949.875,1612280.125,1386370.25,1498015.0,1485144.75,1648974.5,1616999.375,1745206.75,1381370.75,1431566.375,1474178.0,1508553.375,1529907.625,1764101.625,1582999.375,1537127.625,1728016.5,1804721.75,1460852.25,1627655.875,1810221.375,1800371.625,1692933.875,1825483.375,1414485.0,1402724.125,1411120.625,1425882.75,1166940.625,1275861.25,1242827.875,1348591.0,1491057.625,1511680.375,1555626.125,1657008.625,898932.5625,927477.5,1163110.875,1141135.875,1181794.125,1105866.375,1505919.25,1438396.375,1903805.625,1756093.875,1198513.5,1238703.75,1468426.0,1589627.75,1282329.875,1356371.375,2222749.5,2160061.0,1342350.5,1291014.375,2028711.625,2338725.25,1281836.75,1476306.875,1412872.625,1398841.5,2414007.25,2119271.0,1869669.625,2179913.75,2000341.125,2619263.0,2738997.5,2736765.0,1474505.375,2066294.125
77,1369514.5,1295855.375,1385881.875,1335687.875,1613982.875,1498985.75,1594226.25,1407190.125,1507263.5,1358841.25,1571000.625,1656165.375,1727095.125,1889496.0,1602248.625,1564819.5,1682300.25,1706439.125,1840147.375,1752287.5,1675129.75,1642180.875,1432629.75,1507457.875,1523625.875,1541251.375,1577783.875,1572499.125,1745977.25,1707377.25,1915891.875,1815618.625,1520815.25,1415943.125,1562529.375,1329969.375,1423175.875,1466800.25,1614758.5,1839660.25,1727797.625,1764367.25,1271260.0,1174944.75,1098436.25,1070578.25,1263582.25,1494875.375,1231949.375,1181425.5,1247984.5,1300525.75,1526657.5,1565839.625,1524695.125,1572815.625,1539843.875,1514602.25,1436496.375,1502810.875,1577574.75,1595561.25,1972330.875,2146635.0,1421126.25,1453040.875,1445804.125,1356636.25,1401847.375,1384700.375,1702382.875,1704642.25,1747760.625,1840436.125,1436709.25,1196519.125,1673031.75,1648295.125,1667016.75,1868493.875,1117655.0,1155215.125,1407152.625,1433357.875,1292982.5,1369644.0,1631581.125,1639591.0,1274550.0,1282293.875,1323492.5,1327167.875,1304064.875,1308796.0,1400462.0,1329924.75,1253142.625,1379526.75,1269383.0,1259602.5,977328.3125,1022023.625,1362950.75,1247671.875,1635158.25,1824630.25,1376543.125,1421690.875,1376297.375,1415964.75,1546327.0,1269038.5,1612937.25,1310731.5,1327167.875,1336928.5,1372189.25,1368820.875,1738780.375,1627479.5,1931894.625,1954919.625,1734679.875,1869074.5,1508974.75,1544465.125,1630070.875,1719520.0,1766417.25,1837490.375,1659290.75,1751500.375,1783201.0,1949879.75,1396582.375,1509767.0,1865333.875,1984832.25,2009912.5,2062897.0,1616361.625,1832114.5,1542618.0,1668679.375,1716682.5,1817820.0,1513128.625,1531701.75,1471018.875,1535161.625,1553369.75,1647469.25,1606578.125,1653039.0,1714683.125,1658053.0,1319388.375,1426874.375,1890772.375,1964483.875,1747740.375,1594288.75,1644118.625,1620489.0,1492611.375,1628722.125,1385515.25,1602184.5,1961008.0,1923706.5,1421718.875,1456813.125,1431398.125,1458766.625,1582955.75,1610225.875,1394903.0,1500986.375,1483089.5,1652094.5,1613298.375,1741170.5,1385324.75,1438241.25,1479711.875,1516078.5,1527988.375,1763528.0,1582847.875,1542191.0,1722004.625,1794631.25,1463567.0,1624813.25,1804085.125,1793610.75,1686977.625,1820281.75,1414711.375,1397453.375,1402908.875,1413363.75,1166784.875,1275213.0,1238528.375,1344731.0,1489548.125,1512145.375,1561614.25,1659735.625,895237.6875,918585.5625,1168622.5,1137393.625,1183635.5,1105152.375,1511100.0,1438182.125,1903232.0,1755714.5,1196396.5,1236851.125,1467991.625,1587205.5,1282175.75,1358033.75,2223649.25,2160759.25,1342077.875,1291593.25,2024683.25,2335092.75,1280997.375,1475707.875,1416829.375,1404092.0,2407821.75,2112757.5,1872347.625,2182487.75,2001695.5,2619222.5,2736284.0,2733491.75,1474184.25,2068914.625
78,1371329.375,1296812.5,1388985.875,1332953.875,1614016.125,1497982.875,1596678.25,1406280.0,1516894.125,1371750.25,1571314.875,1652395.25,1726145.375,1884604.0,1602257.5,1563088.375,1686978.625,1706001.375,1842868.875,1748019.75,1680484.875,1644783.375,1436305.375,1507373.125,1526831.5,1539987.5,1577946.75,1569505.0,1753991.0,1709081.625,1919946.125,1824395.125,1523656.25,1417650.875,1572174.125,1332301.875,1425171.375,1464473.5,1614515.75,1838172.25,1723548.875,1757209.75,1271772.875,1170931.25,1098365.625,1069103.125,1258756.5,1484348.375,1231874.25,1180432.75,1250736.625,1299243.625,1533152.25,1571581.25,1535124.5,1580888.375,1555400.125,1527453.375,1457686.0,1520441.875,1579210.375,1598910.25,1976636.0,2148103.75,1420487.875,1451554.375,1442831.75,1364359.625,1397594.5,1385259.125,1703545.75,1707806.625,1751303.5,1841093.375,1435258.0,1198222.125,1673872.875,1647524.0,1665139.25,1869110.125,1112064.375,1142379.625,1400445.0,1425177.625,1290314.375,1361013.25,1623897.375,1631908.25,1271993.0,1279853.25,1325644.125,1327090.375,1295752.625,1299101.75,1396520.25,1323438.625,1254312.0,1378205.625,1268209.875,1252759.625,976360.75,1018109.5625,1360945.875,1244734.125,1630708.5,1821455.0,1377567.625,1419635.625,1381930.0,1413880.375,1547189.0,1269092.75,1610423.75,1308973.875,1326435.25,1332642.625,1377176.875,1373591.5,1738260.375,1625792.625,1919715.25,1954071.625,1732494.25,1863184.5,1507275.25,1549999.5,1639171.25,1726827.0,1783775.25,1856292.75,1670981.125,1761544.375,1792880.625,1966749.375,1403547.0,1505091.625,1876381.0,1992306.0,2016306.25,2078003.125,1618284.375,1835512.125,1543560.375,1663619.625,1721072.0,1821909.0,1517098.875,1531987.25,1471471.0,1533814.875,1550747.125,1646977.875,1601008.375,1647140.5,1721428.5,1665580.625,1322615.875,1425709.0,1894055.25,1971169.75,1755237.25,1610232.5,1641345.125,1621615.125,1492490.625,1622900.375,1384229.375,1599835.0,1957827.25,1922975.125,1420098.75,1459374.625,1432230.25,1458657.125,1579085.375,1608071.125,1397197.125,1500435.125,1484487.875,1655037.625,1610080.5,1738110.75,1395579.0,1449170.875,1482224.125,1518183.5,1524414.75,1760562.75,1579288.0,1541850.375,1716908.0,1785530.25,1475568.0,1626964.75,1796336.125,1786434.125,1678794.875,1814294.75,1416177.375,1393457.125,1403832.875,1408954.0,1172156.75,1280789.25,1237891.125,1344320.375,1495428.25,1513815.625,1567779.5,1664685.5,894075.4375,916660.4375,1170487.75,1138874.875,1184535.0,1101822.625,1512385.25,1436434.125,1900604.25,1752518.125,1194013.25,1233876.375,1466902.5,1585674.875,1281045.625,1355569.875,2220427.5,2158250.0,1341135.0,1291224.125,2010650.75,2330178.0,1278400.375,1469379.375,1420265.0,1407682.0,2402108.25,2100799.75,1872960.625,2184001.25,2004686.5,2617655.5,2731516.75,2731917.5,1465828.75,2064745.0
79,1376754.125,1300093.625,1392858.625,1336525.375,1617054.0,1500929.25,1600177.375,1408481.0,1517329.375,1368806.25,1574613.125,1654722.5,1729115.25,1885972.25,1605508.5,1563862.0,1690082.125,1711368.5,1845171.875,1749269.75,1681295.375,1645532.625,1439911.25,1507516.75,1528958.625,1542113.125,1577017.75,1568806.75,1756886.125,1711952.5,1920884.125,1820602.875,1527378.0,1415564.75,1570759.125,1332179.875,1426452.375,1466691.75,1624106.375,1838824.625,1724077.125,1754596.375,1273395.25,1172386.625,1098357.625,1068504.5,1259641.25,1485182.125,1231630.5,1178675.5,1251571.625,1300417.875,1537737.375,1572247.125,1539106.0,1584839.25,1555297.25,1528045.875,1452014.75,1511110.875,1578690.875,1598334.875,1982812.625,2150544.25,1412893.125,1443493.125,1435590.0,1354095.625,1410158.875,1387503.375,1706087.75,1709120.125,1751085.25,1842842.625,1442751.25,1204335.375,1662353.125,1646397.125,1662383.75,1871435.625,1113310.375,1146585.25,1403941.125,1427115.125,1304159.5,1368956.25,1624979.75,1630768.625,1273386.625,1280692.75,1325866.75,1330620.625,1298113.875,1292922.875,1400133.75,1325268.75,1263387.0,1381225.0,1272580.375,1255150.875,980508.4375,1019186.3125,1358564.25,1240796.875,1631106.75,1819658.75,1378817.375,1420544.0,1367992.0,1407577.125,1542358.25,1260946.125,1596011.75,1300040.875,1324165.75,1324826.5,1362117.75,1368615.25,1738301.625,1625197.375,1921906.875,1950158.375,1742156.125,1865673.75,1502712.5,1546228.75,1640542.0,1726526.0,1786380.125,1854001.625,1669626.25,1757556.0,1793661.125,1969235.125,1408244.75,1512470.625,1880074.875,1996064.0,2019516.625,2080953.5,1619096.0,1837552.125,1550439.0,1668069.0,1720695.625,1823709.875,1519716.0,1534947.875,1466796.0,1523213.5,1553988.0,1648670.5,1603823.125,1648622.625,1725184.875,1666553.0,1324511.375,1427267.375,1895534.125,1970683.625,1751713.25,1602644.0,1638593.0,1618875.75,1493531.125,1622756.625,1387180.75,1600458.875,1956585.875,1924710.25,1411820.875,1456731.125,1433443.375,1457431.75,1581175.625,1609080.375,1384313.75,1493620.0,1484953.75,1649236.0,1612045.625,1740057.75,1393090.25,1446150.75,1476666.625,1509396.0,1523818.5,1759338.25,1573336.375,1531213.0,1715613.125,1785252.25,1471841.0,1622652.75,1792257.0,1782561.375,1681324.25,1813562.375,1411986.125,1390582.125,1410152.375,1413911.125,1168178.875,1277118.0,1237691.75,1344369.375,1495367.0,1509480.25,1566071.625,1666630.5,894891.8125,921592.625,1163196.25,1140972.625,1183712.625,1103211.625,1506938.0,1438108.875,1899338.5,1750935.375,1194555.0,1233611.625,1465837.125,1585960.25,1279145.625,1352481.125,2217660.5,2155500.25,1339389.25,1289089.25,2012140.0,2332057.0,1279449.0,1471788.625,1421378.0,1408614.875,2405438.5,2103729.5,1872927.875,2183899.75,2005740.0,2619020.0,2732879.0,2733518.25,1467326.75,2064703.625
80,1377662.375,1298609.5,1393412.125,1342118.5,1619402.375,1503633.875,1602396.75,1410286.125,1503912.375,1352192.125,1574576.625,1658363.5,1730802.875,1888296.875,1604357.0,1561070.5,1689774.75,1715394.5,1842251.625,1750388.75,1674060.25,1640442.5,1439080.875,1505063.0,1526110.125,1542989.875,1573038.875,1569248.625,1751464.0,1713904.0,1916752.375,1809751.125,1528253.125,1409345.875,1558017.75,1323217.625,1425328.375,1469005.0,1631797.125,1839522.5,1724476.75,1754835.625,1275469.375,1175423.0,1098298.375,1069006.875,1264041.25,1491662.875,1230888.125,1177430.5,1249661.75,1301123.375,1532206.625,1570439.0,1530983.25,1579325.75,1538236.125,1520609.625,1432171.5,1491750.625,1576193.75,1596376.5,1982321.375,2152746.75,1408022.375,1438917.125,1431816.375,1338795.375,1414752.0,1384088.0,1707127.625,1706999.0,1746707.5,1839770.125,1450500.375,1210367.625,1661343.875,1647049.375,1662156.875,1874825.5,1120495.0,1160877.75,1411858.25,1434739.75,1317364.5,1381975.875,1633320.75,1641287.5,1275342.125,1282492.25,1324551.5,1335447.125,1309482.625,1302997.25,1409337.125,1332931.625,1271620.75,1386366.25,1277979.375,1265140.375,986383.4375,1025327.4375,1359835.0,1241853.875,1634118.25,1821063.75,1380623.875,1424468.75,1362638.625,1406061.125,1535084.0,1253583.875,1591655.375,1296278.75,1321022.5,1326708.125,1354668.75,1367740.625,1738175.375,1624833.25,1938475.75,1949936.0,1751400.375,1871839.375,1504359.5,1547945.25,1633135.875,1726067.0,1773927.5,1841357.125,1660189.75,1753346.625,1789500.125,1965006.25,1404030.125,1521063.375,1874335.5,1993874.0,2019073.75,2075032.0,1619150.75,1837404.125,1555265.875,1674769.875,1719785.625,1824490.625,1518263.5,1535442.75,1463700.0,1519206.125,1558315.625,1650118.75,1611421.625,1655070.375,1720462.125,1661727.125,1324973.625,1431393.5,1890891.875,1960578.75,1743540.625,1585319.75,1641098.5,1617975.0,1491334.5,1623795.625,1387333.25,1600573.125,1956076.5,1918918.5,1410656.875,1453264.75,1431247.375,1453857.5,1585034.125,1610388.5,1376109.125,1488200.625,1480288.0,1638567.625,1616237.375,1744293.125,1376022.75,1427332.125,1468634.0,1499555.375,1523738.5,1751179.375,1571059.625,1522419.375,1717685.25,1793140.25,1455706.625,1618501.75,1794910.0,1783849.375,1687928.75,1817968.25,1406859.375,1389943.25,1413198.5,1421901.125,1160726.375,1268348.625,1236350.125,1343877.0,1488553.875,1507676.625,1559493.625,1662466.25,891404.125,918608.0,1154754.5,1134300.375,1179879.375,1104371.875,1503095.625,1438411.375,1899682.5,1751598.875,1196600.875,1235642.625,1464721.375,1584868.125,1278582.25,1353444.25,2220044.75,2157245.5,1337454.5,1286584.375,2025808.875,2336609.0,1283298.5,1477035.75,1419339.0,1406975.5,2409085.25,2114907.75,1872826.25,2181756.5,2001571.75,2618686.75,2736527.75,2735389.75,1474922.125,2070091.25
81,1372997.875,1293628.625,1389271.125,1340866.75,1618935.0,1502651.125,1599820.75,1406792.125,1493754.25,1344482.625,1570040.25,1656222.0,1729783.375,1889697.625,1601297.75,1560059.875,1686917.875,1711424.875,1840342.125,1751612.625,1670555.5,1636171.375,1436126.75,1503484.75,1520309.5,1541071.5,1572266.25,1570432.75,1747428.125,1713811.875,1914360.75,1808079.625,1526460.5,1409240.0,1552568.75,1317482.25,1424815.875,1469812.625,1627837.875,1840308.625,1723533.625,1754653.0,1273563.875,1173354.125,1097410.25,1069062.75,1265441.0,1496523.0,1231793.25,1179757.5,1248148.375,1300120.625,1524883.125,1570616.5,1522080.0,1571265.25,1526866.5,1517159.5,1421125.75,1485915.125,1574592.75,1593368.5,1978568.625,2153715.5,1409407.875,1440894.75,1430339.875,1334651.625,1406759.375,1382661.375,1702653.625,1703732.875,1746595.5,1836351.125,1446973.375,1206667.625,1674583.5,1648516.75,1664565.75,1872883.875,1126092.625,1165186.25,1415972.375,1437331.25,1316455.25,1386113.75,1637321.125,1647955.5,1276067.625,1284427.25,1326047.875,1337571.125,1311253.875,1311263.875,1415474.0,1336145.875,1275450.0,1391011.625,1278965.625,1269300.75,987667.25,1029053.5625,1362442.625,1244564.875,1635383.0,1823696.625,1382422.625,1426498.0,1373815.25,1409399.5,1531452.125,1254239.25,1602729.5,1301658.875,1317005.125,1327282.375,1369999.0,1369811.25,1734134.0,1619672.125,1940721.25,1948774.0,1752163.0,1873022.625,1505869.25,1551348.75,1625816.625,1724148.0,1764257.75,1837727.375,1655047.25,1754127.75,1787043.25,1961832.625,1396273.375,1518416.875,1866516.25,1989886.25,2016214.0,2070782.125,1618820.625,1834684.875,1551461.125,1673422.125,1718882.375,1822406.625,1518289.75,1534769.625,1464676.0,1523778.0,1556647.375,1649725.0,1613963.375,1658059.875,1712915.125,1657789.5,1321048.375,1428670.5,1884629.25,1954414.375,1737994.75,1580135.125,1643193.875,1623030.0,1489495.375,1622027.5,1386915.75,1602164.625,1958537.75,1913774.625,1418437.875,1456716.75,1429698.5,1454586.875,1582184.25,1608648.625,1385787.0,1491777.875,1479406.75,1640909.375,1615261.0,1743805.875,1371570.875,1421318.25,1467955.375,1500852.25,1521882.625,1746510.5,1574064.5,1525879.625,1718793.875,1797510.875,1453163.75,1622559.125,1800642.375,1787328.25,1685911.75,1820809.375,1410992.0,1396010.875,1413942.625,1427976.0,1163722.125,1273175.625,1239595.25,1348244.25,1486358.25,1512670.0,1557221.375,1659975.375,890328.6875,913331.125,1157917.5,1131003.0,1176309.5,1099998.75,1506856.875,1434364.0,1900597.375,1751798.625,1197010.0,1236415.375,1465102.0,1584652.625,1281002.375,1356652.375,2223057.0,2159648.5,1337247.125,1286837.0,2024853.375,2334594.5,1283679.5,1472357.125,1415127.375,1402483.0,2406424.5,2113056.25,1871002.0,2180084.25,1997504.625,2615340.0,2736755.5,2736196.0,1472518.0,2068236.875
82,1368854.875,1291951.875,1385420.125,1336469.875,1618065.75,1502513.125,1597474.25,1402429.75,1499221.5,1353392.375,1568594.25,1654434.5,1729685.25,1893297.5,1601330.25,1564038.875,1684200.375,1706853.25,1842579.875,1754594.25,1674014.375,1639602.5,1434892.5,1505405.5,1518039.375,1539549.0,1575002.75,1572464.5,1747448.125,1712604.875,1914908.5,1815441.25,1524715.375,1416119.875,1557597.625,1322418.0,1425726.75,1472282.875,1621033.125,1842897.875,1724994.125,1757788.75,1270951.875,1170475.0,1096688.875,1069547.625,1264200.625,1499697.125,1233640.625,1183377.875,1248161.625,1300488.25,1526222.75,1573788.125,1521141.5,1571242.125,1530566.0,1521603.875,1420548.75,1492646.5,1575400.875,1592540.75,1977021.875,2154304.0,1411370.0,1444157.625,1431340.625,1342647.25,1406586.125,1385297.875,1696805.25,1703136.125,1751073.875,1839895.125,1436953.75,1197499.25,1682428.875,1652803.75,1669389.125,1871474.125,1128402.5,1161261.375,1415720.125,1436313.25,1309822.5,1381110.125,1638543.875,1646526.25,1275387.5,1285308.0,1326977.5,1334447.0,1303914.25,1304897.5,1416041.75,1334862.0,1273217.0,1390461.25,1276654.75,1266308.375,985052.75,1027580.6875,1362877.0,1244447.625,1634186.625,1824349.375,1381284.75,1424261.0,1381931.875,1413060.875,1538871.5,1263370.5,1612680.375,1307425.75,1318780.75,1317468.875,1389931.25,1367066.875,1729556.0,1616880.75,1927060.125,1949578.25,1747334.875,1869532.625,1499794.75,1543154.0,1624069.0,1717611.25,1764643.875,1842836.75,1654002.0,1752869.625,1785833.25,1957602.0,1393433.25,1511044.5,1863046.25,1986953.5,2012640.625,2071059.375,1616894.5,1831219.875,1545410.375,1667969.5,1717013.5,1819494.5,1514682.0,1530868.625,1464438.5,1524808.125,1552547.75,1648526.875,1610821.875,1655516.875,1712569.25,1661267.375,1314337.625,1421605.5,1883934.625,1961972.375,1737083.75,1589286.375,1643672.375,1626461.125,1489512.25,1622164.875,1388321.375,1606726.5,1960064.125,1919764.875,1424637.5,1461673.75,1431027.375,1459722.625,1577889.375,1607400.0,1398707.5,1500240.625,1484930.625,1653428.875,1611899.0,1740765.375,1383475.375,1435624.625,1473636.0,1509177.75,1522377.625,1756452.625,1574164.125,1533184.75,1717402.125,1795112.5,1466286.875,1627125.0,1802690.75,1789299.625,1681773.25,1820284.875,1415419.375,1401180.125,1413957.75,1427906.25,1169970.5,1283595.625,1243211.0,1351519.375,1489140.5,1514576.375,1558624.75,1660071.625,897488.75,918306.0,1169883.5,1141112.875,1178228.875,1096299.625,1512718.375,1432278.75,1901092.625,1751261.125,1195278.375,1235345.0,1467088.0,1587508.5,1282393.25,1356891.625,2221973.5,2159372.75,1338396.25,1288713.75,2012926.25,2332183.0,1280881.875,1465775.375,1413173.25,1399220.0,2405118.25,2104465.25,1869071.875,2183623.0,2000435.125,2616722.5,2736292.75,2738554.0,1464829.5,2061898.625
83,1369363.125,1295248.5,1384503.875,1335356.75,1618599.875,1505053.5,1597430.0,1404440.5,1508077.75,1361064.625,1570929.75,1656322.5,1731129.75,1894123.0,1602464.875,1567173.0,1681641.0,1708075.875,1842948.75,1757080.375,1676228.375,1644476.25,1433932.25,1508630.375,1519659.75,1539805.5,1575949.375,1572770.875,1743758.75,1709102.0,1913982.75,1819870.125,1522330.375,1419543.125,1558279.0,1329587.875,1424847.5,1475097.0,1621644.0,1844424.375,1725532.25,1759582.25,1269856.5,1171532.875,1096371.25,1069762.5,1260456.0,1497431.25,1232703.5,1181967.875,1246735.875,1302457.875,1529791.375,1576369.125,1523010.625,1577280.0,1539220.875,1522615.875,1423263.0,1499910.625,1578143.5,1595362.75,1973738.75,2153811.75,1413069.625,1446030.75,1436449.625,1351724.125,1411816.0,1384619.125,1697152.875,1704274.375,1751686.375,1844776.5,1437239.25,1195547.375,1679851.125,1656752.375,1674850.625,1875199.375,1130544.25,1162794.125,1416237.625,1436368.5,1307689.0,1376870.625,1645640.25,1647388.625,1274371.625,1284523.25,1323046.75,1329659.75,1302472.875,1297565.875,1415569.875,1335388.375,1265931.25,1385316.375,1275902.5,1266782.625,983677.8125,1024864.5625,1361085.375,1241813.625,1634138.875,1823834.25,1376977.375,1421911.0,1377846.25,1413489.375,1544534.25,1267679.5,1609846.75,1306632.75,1321500.625,1313192.375,1387261.375,1364087.75,1730798.0,1621041.125,1929428.875,1956142.0,1745073.75,1868483.125,1495253.25,1533002.25,1627359.5,1714597.125,1767774.5,1840578.5,1654657.625,1746976.375,1783514.25,1951350.0,1393134.5,1510395.25,1861456.875,1984453.625,2007779.125,2068681.75,1614055.125,1829713.625,1544372.0,1668248.875,1715376.875,1819006.375,1509371.125,1529496.375,1463886.125,1524091.125,1552421.5,1648964.75,1609051.375,1654913.125,1716020.75,1664391.375,1311627.75,1420050.125,1886772.875,1966416.5,1740186.625,1592048.25,1642811.625,1622586.875,1490314.625,1625742.0,1389263.625,1609169.25,1958328.75,1927659.125,1423201.125,1460375.625,1432827.75,1462661.25,1577427.0,1608562.125,1401023.875,1503494.0,1486408.625,1654970.5,1611997.625,1742437.125,1388004.625,1444505.125,1477284.875,1512589.375,1525219.875,1761319.0,1575697.125,1541956.0,1719172.125,1796624.875,1477396.875,1630203.625,1802072.375,1793172.875,1684046.375,1822055.0,1413978.0,1401725.125,1410222.875,1421990.25,1172103.625,1286201.5,1242365.625,1349523.0,1490815.625,1514601.375,1558802.375,1659382.0,900107.4375,924341.0625,1172570.5,1147076.75,1182040.5,1099186.875,1512944.25,1434325.5,1900165.0,1750649.0,1194085.375,1235150.125,1467423.625,1588422.625,1280204.625,1353989.625,2220698.25,2158398.5,1339454.75,1289749.125,2010761.25,2334400.25,1279529.0,1466398.0,1413643.625,1399254.5,2408701.0,2104064.75,1868359.625,2185771.75,2004013.75,2619927.75,2737034.0,2741153.0,1463298.125,2061059.25
84,1372104.75,1298042.5,1384837.75,1335420.25,1617370.625,1504148.25,1594900.375,1408497.875,1508381.0,1356782.75,1571347.75,1655997.5,1730780.875,1890849.875,1604672.375,1568543.25,1680904.375,1711294.0,1841314.75,1757875.75,1677044.625,1645420.625,1432561.0,1511841.75,1522174.5,1542902.125,1576602.25,1571750.875,1742476.125,1708064.0,1913826.25,1817182.0,1521005.0,1416596.75,1556790.75,1332965.125,1423229.25,1472107.25,1623967.75,1841016.375,1724789.875,1757840.875,1268770.125,1174001.625,1096397.5,1069093.75,1258750.875,1493944.375,1231570.75,1179457.25,1245875.0,1303918.125,1528368.0,1571933.75,1524286.25,1579023.125,1541452.125,1513741.0,1425681.5,1496793.125,1579565.125,1595392.125,1971377.25,2151622.25,1414339.75,1446688.875,1438960.125,1350476.75,1405892.625,1383884.125,1700767.25,1703212.875,1749317.125,1843984.5,1442814.375,1196412.5,1680214.25,1653815.0,1674000.25,1870252.5,1126950.5,1162869.25,1415168.625,1433696.375,1306086.125,1378233.5,1644932.75,1644784.875,1273411.75,1282649.125,1320627.0,1328025.625,1303649.125,1300166.75,1411596.625,1334046.625,1260308.0,1382124.875,1274949.75,1266925.125,982149.625,1022654.4375,1359246.75,1240726.375,1635941.75,1824470.375,1374527.875,1422339.875,1374509.375,1412212.25,1535522.0,1262687.5,1603780.25,1304053.75,1318980.75,1325552.875,1376020.625,1367152.25,1733103.625,1624053.25,1941600.875,1958391.375,1746273.125,1872130.5,1499763.125,1534397.5,1630845.0,1718036.625,1766433.375,1829128.125,1657727.375,1740834.0,1781557.25,1946623.625,1393330.75,1516566.0,1860080.875,1986135.875,2003128.0,2059145.125,1613676.375,1831236.0,1546872.125,1674795.875,1713559.625,1816848.25,1511923.75,1536287.0,1466865.0,1528387.875,1554979.5,1651290.625,1611443.5,1660119.25,1713876.875,1656686.625,1312990.75,1421814.625,1888150.375,1956730.25,1743068.75,1578415.5,1638987.875,1619421.625,1493673.125,1628440.0,1389960.125,1606241.875,1960977.75,1927842.875,1420710.75,1458153.25,1434878.875,1463545.875,1578822.125,1609996.25,1396813.5,1499931.75,1484405.375,1650219.375,1613339.625,1745577.375,1384392.375,1439846.625,1476054.125,1511344.5,1525945.125,1755930.5,1584898.25,1552849.875,1723985.125,1803992.75,1475935.5,1631117.0,1804045.625,1797602.5,1688109.625,1826243.5,1415487.375,1404841.0,1405953.625,1418965.75,1171520.125,1285741.125,1242256.5,1348883.875,1490715.625,1519270.5,1559648.0,1661773.125,894690.75,921972.375,1166970.875,1142541.625,1181693.0,1102886.75,1510511.75,1434976.0,1900610.5,1752331.25,1195346.25,1236319.125,1466824.625,1587197.25,1280380.0,1353579.125,2222842.25,2158375.25,1340330.125,1290328.75,2017042.125,2335120.0,1281013.875,1469707.625,1413862.625,1399780.0,2410013.5,2107573.5,1868850.25,2181966.0,2001971.75,2619084.25,2737347.0,2739188.75,1466807.5,2063148.25
85,1372534.875,1295856.625,1385727.5,1334238.625,1614924.625,1499385.375,1590086.75,1406191.875,1504527.875,1350025.25,1570226.0,1653298.5,1730285.0,1892522.75,1608799.375,1570786.75,1683423.5,1712597.25,1844479.75,1757604.625,1680792.375,1646404.5,1434180.875,1514203.875,1525257.125,1547860.875,1578973.5,1572694.75,1749278.75,1715959.375,1916760.625,1815759.0,1522458.375,1414551.625,1562183.0,1334048.75,1423201.625,1465394.75,1616977.625,1837561.0,1728771.0,1759402.75,1269271.875,1175486.125,1096312.875,1068533.875,1262592.0,1498047.625,1233919.5,1181223.125,1248868.125,1303551.625,1525406.75,1564355.25,1526464.5,1575199.0,1535291.625,1506473.0,1424458.0,1487805.75,1575893.375,1592181.75,1974193.375,2152028.0,1413390.625,1446884.75,1435509.125,1342823.25,1398469.0,1388622.5,1697217.625,1702965.625,1748183.625,1839845.75,1433774.25,1192572.25,1682449.125,1647067.875,1663522.25,1857161.875,1113631.25,1149988.75,1405853.125,1424893.25,1300543.75,1376814.125,1626471.125,1631083.75,1271184.75,1280997.875,1323689.75,1327776.625,1298304.0,1301976.5,1401028.75,1325479.25,1259626.125,1381755.25,1269217.375,1256729.125,977053.0,1018284.1875,1358483.0,1242492.5,1637324.5,1824689.25,1376361.125,1422840.375,1375714.625,1412638.25,1530275.625,1262819.125,1606235.25,1305362.5,1315204.875,1322302.625,1383131.75,1364373.375,1728315.25,1620416.625,1926659.25,1951233.375,1740212.5,1872081.5,1503977.0,1541998.0,1631482.625,1721848.375,1764532.125,1827386.625,1659381.5,1739874.75,1782925.375,1949802.625,1398107.0,1520408.125,1863667.75,1992530.875,2004613.875,2053969.5,1615889.125,1834749.375,1548337.75,1676636.375,1713440.875,1815130.375,1518828.375,1541255.875,1468707.25,1531496.125,1556616.625,1652203.25,1614042.5,1663157.75,1709526.25,1649162.25,1314738.625,1423806.0,1888195.0,1951424.375,1741196.25,1568099.75,1635935.625,1622698.75,1497084.125,1628428.75,1389600.25,1602611.625,1965464.5,1927377.375,1421572.75,1460524.875,1436241.75,1463450.0,1583378.125,1613321.875,1393491.25,1496659.75,1487252.5,1652796.625,1614480.875,1745070.375,1387623.375,1436961.875,1475021.0,1511779.125,1525341.125,1758127.0,1592985.875,1556291.875,1729112.25,1808733.0,1471250.625,1632904.5,1810226.625,1798109.625,1690273.75,1826131.0,1420744.375,1406757.25,1406286.625,1420908.875,1171277.875,1287252.375,1243877.75,1348762.75,1496863.375,1527453.25,1564096.5,1666218.875,894260.0,918107.9375,1168370.875,1143081.875,1178126.375,1097778.5,1510516.375,1433188.375,1903460.25,1755810.25,1196331.25,1236287.375,1468590.0,1588696.875,1283507.375,1355679.125,2223373.5,2158857.75,1340499.625,1290463.875,2019407.75,2335264.25,1281883.125,1470448.25,1414857.25,1400298.25,2406860.25,2108031.0,1870477.875,2181285.75,2000730.0,2617990.75,2736262.25,2733113.75,1468666.5,2063606.125
86,1371315.125,1292220.75,1385287.75,1333120.875,1616717.375,1499754.625,1587610.25,1400657.5,1503110.125,1350253.5,1571574.875,1653426.25,1733541.0,1898254.75,1610018.125,1571503.25,1683617.625,1711882.875,1849404.75,1757284.75,1682416.125,1646630.25,1437406.5,1513085.5,1526907.375,1547946.125,1580678.875,1574032.125,1752097.625,1721471.25,1917940.5,1819040.0,1522741.375,1415820.75,1565500.875,1335178.0,1424213.5,1464975.375,1608807.375,1838957.25,1734455.875,1762307.25,1270559.125,1175973.625,1094533.75,1067555.5,1265673.25,1504963.75,1234913.125,1182039.125,1251844.375,1301767.0,1524187.75,1564319.125,1526701.875,1571849.25,1530304.125,1508027.125,1424175.875,1488380.125,1571113.625,1590384.375,1975916.125,2154630.0,1412729.25,1446793.75,1432847.5,1340396.0,1402418.125,1391983.0,1692623.75,1707512.0,1748465.875,1837570.75,1423303.125,1193324.0,1674073.5,1643063.375,1655800.875,1858724.0,1108430.125,1141155.875,1399286.375,1418979.375,1299116.0,1371326.0,1617505.125,1626908.875,1271020.375,1281742.75,1325917.25,1327276.25,1296107.5,1295794.625,1396937.0,1318953.375,1262597.375,1381864.75,1266000.0,1249903.875,974240.3125,1014114.125,1358973.25,1243235.75,1637210.25,1823281.25,1378465.5,1421870.0,1370543.375,1412065.0,1540791.75,1269621.5,1611791.625,1308961.125,1312492.875,1293159.625,1387184.0,1347176.25,1724015.0,1617097.25,1904429.75,1949299.75,1732360.0,1868853.75,1500252.875,1544696.0,1630396.75,1721228.75,1768397.375,1838321.125,1658863.5,1745885.875,1786399.75,1957885.125,1403455.25,1518213.875,1869283.0,1994312.25,2011483.625,2062972.75,1617896.875,1835953.5,1548359.875,1671518.0,1716272.375,1819219.75,1521954.125,1538639.25,1466619.75,1528194.0,1556677.0,1650661.875,1613219.125,1659845.0,1710821.375,1655020.125,1316876.375,1427034.5,1887831.625,1960138.75,1737071.25,1574634.25,1636824.0,1625700.125,1495179.0,1625836.25,1388559.625,1603291.25,1959351.875,1928544.5,1420129.625,1462300.625,1434862.375,1460832.625,1587824.625,1616660.125,1392134.75,1496944.625,1490712.5,1654941.125,1615785.875,1743546.125,1391479.375,1439269.125,1475930.875,1512436.875,1524931.5,1763655.25,1589054.25,1547724.375,1731789.625,1806502.25,1472427.5,1637614.0,1812690.625,1796588.5,1690352.5,1821659.5,1421462.875,1400253.25,1409201.625,1421335.375,1173641.75,1286798.5,1242821.25,1346052.875,1505556.75,1530157.125,1566677.5,1665353.75,898662.1875,918581.5625,1172338.25,1147089.625,1175922.25,1089615.25,1511389.75,1433173.25,1903919.625,1755682.875,1195162.5,1234543.75,1469451.875,1589577.5,1282231.875,1354432.0,2219765.0,2158128.75,1339263.25,1288864.875,2016467.875,2337913.75,1281464.5,1470150.375,1418658.375,1402389.625,2403983.75,2105573.0,1872108.625,2185750.25,2003835.75,2618134.5,2733522.0,2727162.25,1468752.875,2063832.25
87,1372288.625,1293077.375,1383406.75,1331856.0,1622906.125,1506979.0,1586740.375,1398851.875,1501961.875,1353066.0,1574916.375,1656614.875,1738489.625,1900597.5,1607819.375,1569474.125,1679507.75,1710338.0,1849153.5,1758646.375,1679033.625,1644215.375,1437958.75,1509838.125,1524427.75,1542588.125,1582031.375,1573047.0,1747583.625,1713770.5,1916053.5,1819057.375,1521042.875,1416553.875,1562305.875,1338702.25,1426006.75,1471161.625,1613423.375,1840992.375,1735474.0,1763218.5,1269580.75,1176778.75,1092037.375,1066310.5,1265020.5,1507727.625,1232468.0,1179782.375,1251526.125,1302162.5,1526136.125,1570765.0,1524258.875,1570998.5,1532335.625,1511286.125,1427735.125,1495220.125,1572208.5,1589500.125,1975078.125,2154704.5,1412623.875,1444465.5,1432583.125,1341620.5,1411155.625,1393955.5,1699218.5,1712853.75,1751091.5,1840100.75,1436780.375,1203558.5,1657290.5,1645081.25,1659820.125,1875866.375,1121383.625,1151629.75,1407747.375,1425203.375,1310051.625,1375158.375,1633514.125,1642808.5,1277279.625,1286128.25,1325818.875,1329150.25,1304217.375,1292463.25,1407452.625,1324871.125,1269674.375,1384609.25,1271927.0,1259451.875,979314.625,1015684.125,1360104.5,1241743.625,1635100.875,1822160.75,1378558.625,1421975.25,1362522.5,1408405.625,1547977.75,1269855.375,1608275.875,1309272.75,1313615.125,1286549.125,1369083.5,1336816.375,1733310.0,1620925.375,1914530.25,1955663.375,1739180.125,1869419.5,1495090.25,1539976.375,1627481.75,1716277.875,1771441.75,1842534.25,1658661.875,1751511.875,1786709.125,1959147.625,1401862.875,1516490.25,1867051.125,1989642.5,2015771.25,2072665.125,1618335.5,1832277.0,1548614.5,1668909.25,1719733.625,1824635.375,1519775.875,1534832.75,1465115.0,1523928.0,1555281.5,1648690.375,1610683.875,1656886.875,1715885.125,1665351.0,1321293.625,1430118.875,1886277.875,1967796.25,1733731.25,1583465.125,1637420.5,1624114.0,1491406.75,1622311.0,1390336.625,1607194.125,1946529.25,1925175.125,1414813.875,1459226.125,1433385.125,1457875.25,1584383.75,1613231.5,1388303.5,1496470.875,1487734.625,1649982.625,1615515.625,1743527.5,1384759.875,1437204.875,1473124.0,1508578.25,1524470.125,1761891.625,1574845.875,1532063.75,1724676.875,1798331.375,1470472.0,1632062.875,1803531.75,1794169.25,1686531.125,1817755.875,1415769.0,1393094.25,1413021.25,1422178.0,1175227.875,1283312.875,1241434.875,1346000.75,1499282.25,1518190.5,1561771.625,1661101.75,899158.125,922900.375,1168307.625,1145252.0,1177929.875,1093406.125,1509998.125,1435324.625,1901092.0,1752341.75,1194675.0,1233842.0,1466506.625,1586694.0,1278866.875,1351040.125,2217630.75,2156576.0,1338365.75,1287143.75,2017213.0,2340673.75,1283114.625,1472809.125,1422007.125,1403333.75,2405677.0,2105165.0,1872553.75,2187374.75,2006560.5,2618536.75,2731108.75,2724744.0,1471878.5,2065485.5
88,1373953.0,1296647.375,1383475.25,1329850.25,1627450.375,1509902.625,1587606.75,1400459.25,1501874.25,1352890.0,1575236.375,1657624.125,1740605.875,1899483.375,1606722.875,1567068.0,1678033.25,1707812.625,1846307.5,1760249.625,1677873.625,1643985.875,1436465.0,1508837.25,1520696.75,1538874.25,1582698.75,1572173.25,1744336.0,1703599.5,1915397.875,1819088.375,1520659.375,1417013.5,1560611.5,1343521.0,1428369.0,1474494.875,1623869.625,1840608.625,1733222.75,1763046.75,1266828.125,1177479.125,1091637.25,1065790.25,1263096.625,1505710.75,1231023.875,1178257.75,1249657.875,1304799.125,1532238.5,1575187.0,1525736.75,1572688.125,1538171.375,1511764.0,1429491.5,1496017.25,1579211.0,1592237.125,1976220.625,2152698.25,1410288.625,1440977.75,1431905.0,1340963.125,1414512.125,1396683.125,1709891.25,1713737.375,1753864.5,1844744.0,1459947.0,1211822.875,1650916.75,1651377.125,1668510.0,1884745.625,1131913.875,1163885.625,1420027.875,1434957.625,1322616.0,1383599.75,1650273.375,1655091.0,1283553.25,1290528.25,1327636.125,1332298.25,1312874.25,1299527.5,1417169.875,1334644.75,1276223.5,1387961.5,1278273.0,1270024.375,986152.1875,1020665.4375,1360427.625,1241830.125,1632335.5,1822051.125,1378401.25,1423813.875,1361538.25,1406928.875,1541956.25,1263316.5,1599997.875,1305212.25,1320040.625,1313147.75,1353793.125,1346352.875,1747345.25,1626153.5,1938100.125,1955263.375,1751399.25,1870826.0,1495000.125,1535513.375,1627284.875,1713680.875,1771844.375,1834894.375,1659461.5,1747911.25,1785871.75,1955835.625,1398025.0,1515222.5,1862496.625,1987620.875,2015885.25,2069782.75,1617389.125,1830264.25,1547834.5,1668255.625,1723658.125,1827607.5,1512621.125,1531249.625,1463442.0,1522009.625,1553771.125,1647551.0,1608487.875,1653871.5,1718936.875,1667038.375,1326281.0,1433384.5,1885710.75,1965265.125,1731834.25,1580475.875,1637240.125,1620775.25,1491856.0,1623121.5,1394199.25,1608913.5,1945592.625,1923272.625,1413684.625,1456215.375,1435385.5,1458569.625,1576847.875,1605756.125,1383788.375,1493804.25,1480529.375,1641819.875,1615048.625,1744176.5,1375576.375,1431002.375,1469503.5,1503419.375,1524974.875,1756183.0,1564228.625,1518906.875,1711646.875,1788252.5,1461378.75,1617512.875,1789720.625,1787472.75,1681179.625,1815204.375,1411301.75,1392398.5,1415276.75,1424205.5,1173898.5,1282255.625,1243756.125,1349256.75,1483655.375,1502806.875,1556941.375,1661250.875,896009.25,925913.5625,1161278.125,1139982.75,1181450.5,1104917.0,1506340.375,1436571.0,1899757.625,1751235.75,1195362.875,1234894.5,1463751.25,1584341.375,1279237.75,1350927.625,2219281.5,2157461.0,1339693.375,1288166.5,2026737.375,2343599.75,1284650.625,1478101.375,1419315.375,1400630.75,2410656.25,2112697.5,1870634.25,2184035.75,2004849.375,2619698.0,2731202.0,2726132.25,1477078.875,2069372.125
89,1372353.875,1296635.625,1385163.625,1330545.375,1624667.125,1504448.25,1592488.0,1403889.75,1504776.25,1353281.0,1570632.0,1654196.75,1737212.25,1894753.125,1606312.75,1565732.75,1680506.125,1706216.5,1843953.75,1757908.5,1679688.375,1645814.875,1434818.5,1509952.75,1520848.375,1540452.0,1580096.875,1572712.75,1743209.75,1702580.25,1915544.5,1825716.875,1520288.375,1418443.625,1560840.375,1343026.0,1427761.75,1471497.625,1624629.0,1839227.625,1729504.625,1758662.625,1264439.625,1175242.5,1093379.5,1065836.375,1261077.25,1499743.875,1230261.75,1177481.875,1247436.625,1304539.5,1534781.75,1572560.25,1530875.375,1577086.5,1544138.75,1512948.5,1432401.5,1495517.75,1583525.875,1597975.25,1976297.875,2150357.25,1410334.125,1442157.375,1432960.375,1342021.0,1405213.75,1390067.5,1710001.0,1708769.625,1752442.25,1844296.0,1461719.375,1207832.25,1666601.5,1653314.875,1672650.25,1875620.5,1124702.75,1160082.125,1417855.0,1433809.625,1317007.875,1378401.0,1647964.0,1649834.25,1279794.625,1287422.375,1329328.125,1332029.625,1310999.375,1308618.5,1412594.875,1334344.0,1273115.5,1385838.125,1276561.5,1267316.875,985743.4375,1022098.5625,1359588.625,1243643.375,1632319.375,1822537.625,1378135.5,1424082.875,1367982.625,1411646.375,1534996.25,1260893.625,1601600.5,1303837.25,1324079.5,1334509.0,1361470.0,1362700.5,1745087.625,1624561.5,1943172.875,1951515.75,1749626.5,1870636.25,1498025.75,1537443.75,1633134.375,1717880.0,1775160.25,1829599.375,1661830.0,1741355.25,1787866.0,1955931.5,1398894.875,1511025.5,1864748.25,1990589.25,2013792.625,2063031.125,1615978.5,1833887.0,1544875.0,1666293.125,1723568.125,1826232.25,1508287.25,1530446.875,1460700.375,1522566.5,1553689.625,1648122.0,1606358.625,1649027.375,1716877.75,1660914.375,1325200.0,1434643.5,1887152.125,1960193.75,1735043.375,1575803.5,1639575.75,1617207.0,1493013.0,1626735.75,1393493.5,1604233.0,1958844.5,1925224.875,1418750.75,1456397.5,1436352.25,1461421.5,1574598.875,1603756.625,1386504.125,1493559.875,1476225.125,1638571.875,1614853.5,1743152.5,1375463.125,1430411.375,1471988.875,1504211.5,1524858.5,1750701.0,1571542.875,1526944.375,1712533.75,1788353.5,1460608.75,1617585.625,1788166.5,1782905.125,1681358.5,1816183.5,1416394.75,1397151.625,1412347.75,1421185.25,1173102.875,1284677.375,1246776.75,1350785.75,1483035.875,1507673.0,1560814.625,1666319.875,892070.1875,921412.125,1160406.875,1135234.625,1182566.375,1108203.375,1505531.75,1435595.75,1901154.75,1752259.0,1195167.125,1235172.875,1463532.75,1582998.0,1280192.25,1353110.375,2221879.5,2160199.0,1340579.5,1289725.25,2032466.75,2342513.0,1282619.0,1479553.625,1414307.75,1398318.625,2409485.0,2117870.0,1867923.625,2179234.75,1999689.75,2618651.0,2731376.75,2727052.5,1477942.625,2071358.75
90,1370732.375,1294514.0,1386033.375,1335323.5,1618138.125,1501866.125,1596902.625,1407070.125,1504850.0,1355368.375,1568265.375,1652509.75,1731163.75,1889078.625,1605143.375,1566013.75,1682449.625,1709741.5,1842688.125,1753869.875,1678717.5,1645717.75,1433761.5,1510429.625,1524119.625,1544340.75,1577581.375,1572666.375,1744611.125,1708070.875,1914865.875,1825054.375,1519503.125,1417104.5,1561601.625,1336200.0,1423943.375,1467641.125,1616736.5,1837500.375,1726453.375,1755034.375,1265523.875,1172339.0,1095467.75,1066732.5,1262113.875,1495624.125,1229060.0,1177214.0,1246368.375,1302383.75,1527749.875,1566229.875,1531344.0,1579953.625,1543711.875,1516615.75,1436890.5,1500236.125,1577890.375,1596469.0,1974323.75,2149682.75,1415876.125,1447321.125,1435032.5,1345928.25,1393427.25,1381043.75,1699487.5,1703562.5,1748787.75,1840028.75,1443056.875,1196881.0,1683686.0,1650934.75,1667065.375,1862210.125,1114487.25,1149883.625,1404887.625,1426388.0,1300839.25,1368366.875,1634386.875,1639052.5,1270886.625,1279041.875,1328128.75,1328961.125,1300402.875,1308460.75,1404398.625,1328539.0,1265341.0,1381695.125,1271631.875,1260139.5,981005.0,1019585.1875,1358490.75,1242828.5,1634891.5,1823688.75,1377841.625,1421657.5,1376145.25,1416772.625,1533137.0,1263586.375,1608401.125,1306214.25,1319775.5,1335902.125,1379747.0,1373535.5,1731535.625,1619836.0,1930877.125,1952899.0,1738877.625,1868383.125,1500597.625,1540546.0,1635764.5,1723110.625,1772641.75,1834003.5,1661167.375,1742701.375,1787198.875,1955863.0,1401209.375,1510161.0,1866598.875,1992026.875,2009542.375,2063799.5,1615142.25,1834109.75,1543585.0,1668139.0,1716522.125,1819635.5,1515987.625,1537084.375,1463536.25,1527744.625,1554458.25,1649277.25,1606628.875,1650453.75,1711243.25,1656902.0,1318716.25,1430640.625,1885770.125,1960271.5,1740717.25,1582978.25,1639817.5,1617104.375,1493510.0,1626798.5,1387666.25,1599637.5,1965727.375,1923205.5,1420962.125,1456751.75,1432910.875,1461556.125,1578415.75,1607707.75,1394631.625,1497759.5,1479636.75,1647115.125,1613413.0,1740636.125,1382737.125,1435772.625,1475159.375,1509163.875,1523717.0,1751809.875,1589081.875,1551034.25,1728238.375,1800414.125,1473839.75,1632233.625,1801073.625,1789257.25,1686392.125,1820014.125,1423724.375,1402923.625,1409142.125,1417131.375,1173819.875,1285255.875,1245976.125,1349838.75,1496366.0,1525199.375,1566579.25,1668899.5,890090.5,915672.9375,1166127.875,1136449.875,1181946.25,1102484.75,1509928.875,1433366.125,1903002.875,1752789.5,1194868.875,1234480.25,1464576.5,1581372.625,1280326.125,1354472.625,2223607.25,2160951.75,1338681.25,1288833.125,2022738.375,2334559.75,1280605.875,1473753.0,1414725.375,1400161.0,2402106.5,2108551.0,1868108.0,2177638.75,1998252.5,2616075.5,2730116.75,2726786.0,1472404.875,2066016.375
91,1371762.625,1294842.375,1386397.5,1338254.375,1616297.0,1505616.875,1596563.75,1406003.125,1502525.5,1355900.5,1572064.75,1655504.125,1729651.0,1889229.375,1604630.0,1567595.25,1684304.125,1713568.875,1845017.5,1754198.875,1677466.125,1645733.125,1434912.625,1510639.5,1525991.75,1543110.625,1580442.0,1573362.875,1749559.0,1711024.625,1915033.75,1814418.625,1521282.375,1414326.125,1564680.75,1332054.375,1422813.875,1467793.375,1612654.375,1837101.875,1726563.5,1758144.375,1269482.625,1173682.25,1096819.125,1068140.875,1265591.75,1497229.0,1230255.5,1178853.625,1247721.125,1303453.75,1520856.125,1566407.75,1527513.625,1576277.625,1536869.875,1518779.0,1434285.0,1504176.875,1570405.75,1590265.75,1975379.0,2151770.5,1417469.75,1448144.25,1434703.25,1348135.75,1398657.625,1384854.5,1692862.75,1705775.625,1747381.125,1841169.25,1431193.125,1193447.75,1678307.5,1652694.625,1658230.125,1861830.375,1117789.0,1150202.0,1401941.25,1427728.875,1300235.5,1370856.875,1628086.875,1636858.25,1269091.875,1277059.125,1327468.125,1328632.125,1295754.25,1302139.25,1407604.375,1330010.75,1265821.625,1382788.375,1272012.25,1260743.0,981728.75,1019391.5,1358184.375,1240145.75,1635553.25,1824515.0,1378401.25,1420337.5,1376437.5,1415110.25,1535258.625,1264455.75,1608508.5,1306287.625,1314758.5,1324213.875,1384552.375,1371401.75,1728415.0,1620178.875,1918611.75,1953251.75,1736029.875,1864961.125,1500799.0,1541206.375,1630619.0,1722526.375,1764543.25,1842264.125,1657194.625,1749173.625,1783480.625,1957089.875,1401494.75,1513818.5,1866792.5,1988603.875,2007547.625,2070854.75,1616789.875,1829341.0,1547598.75,1672132.25,1712604.375,1816928.625,1523828.0,1540325.125,1469491.625,1531863.625,1555254.375,1648625.5,1609636.5,1655905.875,1708171.625,1660070.875,1315220.375,1426718.875,1883666.25,1964345.5,1740600.0,1592327.75,1636662.625,1621535.625,1495919.25,1626503.5,1384859.125,1602807.5,1957722.0,1922140.5,1417735.0,1457001.0,1431584.125,1460061.375,1582347.375,1609405.125,1399828.125,1501645.5,1486155.375,1657599.375,1613276.125,1739959.25,1388188.375,1438256.625,1475481.875,1512403.5,1524287.125,1759550.5,1588854.75,1552131.875,1731772.25,1801915.375,1479202.375,1635822.0,1807615.5,1794666.625,1687419.0,1818736.625,1419141.875,1401257.125,1410203.75,1418315.25,1173573.375,1282655.375,1242217.0,1347728.875,1500138.375,1524044.0,1565091.25,1663532.5,892871.6875,919011.4375,1170105.5,1143157.375,1181396.125,1098186.25,1512525.875,1432333.75,1903484.5,1753618.25,1195557.625,1234994.625,1466064.875,1582877.0,1281503.125,1355089.75,2222574.25,2159874.0,1337760.625,1288397.25,2013352.875,2330469.25,1281877.375,1470720.75,1418081.0,1404917.0,2400902.5,2100755.5,1869806.125,2180276.75,2001851.5,2617034.75,2730166.0,2728311.25,1468628.875,2061464.25
92,1371240.5,1294484.5,1388223.0,1335482.625,1618086.25,1504522.0,1592282.25,1402259.75,1499741.5,1352495.0,1574525.125,1656606.25,1732634.625,1892277.625,1604995.25,1567019.375,1686831.125,1710545.0,1848663.25,1756093.125,1678998.875,1645723.75,1437641.75,1510123.25,1525468.25,1537169.875,1584669.5,1574560.5,1752631.875,1707996.5,1915636.125,1810798.0,1524511.5,1415072.5,1565982.25,1331492.0,1425140.625,1469043.625,1617374.0,1838533.5,1726408.75,1759237.5,1271356.0,1176503.0,1097368.25,1068584.5,1266442.25,1499736.0,1233317.625,1181478.875,1249349.625,1304874.5,1521967.375,1570623.875,1524889.625,1568776.5,1532621.75,1514294.0,1424746.125,1496423.75,1571833.0,1590176.0,1978755.0,2152060.5,1411018.25,1442797.375,1432067.0,1344430.375,1411698.25,1392430.875,1696572.25,1709209.25,1747867.375,1843590.375,1436153.0,1198501.25,1664883.375,1652387.75,1657462.125,1871397.125,1124885.125,1158217.75,1411394.25,1435658.375,1312945.75,1377759.875,1631952.125,1642054.5,1275222.5,1283055.25,1328646.5,1331834.375,1302883.75,1302360.25,1415830.125,1336565.75,1272487.5,1387128.5,1277150.625,1266414.5,987463.8125,1023363.8125,1360123.0,1241189.125,1634096.5,1824320.75,1379175.875,1422833.125,1371762.125,1410729.0,1541867.75,1263950.625,1608312.875,1306291.75,1317804.125,1314403.875,1376126.25,1362941.625,1736304.25,1623340.0,1921156.25,1951791.75,1742645.875,1866129.125,1499726.125,1542120.5,1626044.25,1718245.0,1765080.75,1842754.625,1657167.125,1750135.625,1783793.0,1960257.125,1402086.25,1515677.25,1871771.375,1984500.0,2010257.875,2073444.75,1620407.25,1828755.875,1553852.375,1671061.0,1715629.625,1820406.875,1519294.125,1532914.375,1467858.625,1526758.375,1556243.125,1647942.25,1610991.375,1655756.875,1709455.125,1660888.375,1315300.25,1425337.25,1887160.875,1963445.375,1735889.25,1585997.75,1637314.625,1623536.0,1494194.875,1625956.75,1385746.25,1604979.0,1951053.5,1923600.625,1415746.875,1458052.375,1433202.75,1458398.125,1583459.875,1607587.125,1395212.5,1498647.625,1487100.25,1656095.5,1615699.375,1741352.375,1385618.375,1434951.125,1474555.75,1509892.875,1524897.5,1760968.125,1572336.75,1532324.75,1719294.25,1790618.875,1466277.625,1625950.75,1802153.25,1790685.875,1685515.75,1816208.25,1409887.25,1394690.5,1413246.375,1421684.25,1170775.75,1279470.0,1238873.5,1345473.0,1490343.125,1507621.125,1559984.5,1655934.0,896017.3125,924700.8125,1166975.875,1145780.875,1180584.25,1099084.625,1510672.25,1434011.75,1902666.625,1755688.0,1196604.375,1236311.0,1467248.625,1587913.0,1281907.5,1355186.125,2220456.0,2159719.5,1339040.75,1289302.125,2019618.125,2335379.75,1283405.25,1476426.75,1418735.75,1407695.625,2405988.75,2108964.5,1870104.0,2182702.75,2002494.5,2619648.25,2732553.25,2730851.0,1472386.375,2065975.0
93,1369839.625,1292124.25,1390631.625,1331682.875,1617904.5,1497500.75,1588060.75,1400815.0,1495904.125,1347529.375,1573190.25,1654823.5,1732347.375,1891621.5,1605119.375,1563251.125,1688138.125,1707326.25,1847691.0,1753365.625,1679316.375,1642640.875,1438239.875,1507065.5,1524710.0,1536779.625,1582517.5,1572263.0,1753816.125,1708641.625,1917512.125,1812401.25,1527129.25,1415943.125,1564206.375,1327437.375,1428012.875,1467843.0,1624769.25,1840361.875,1724764.0,1755417.5,1271975.375,1175985.875,1097352.75,1068203.75,1265882.375,1499907.875,1234650.625,1182896.625,1250186.875,1302812.75,1526798.0,1568765.625,1525844.75,1566712.25,1533018.75,1508538.25,1419187.625,1482373.375,1578366.25,1593677.5,1981841.75,2151034.75,1407531.375,1439514.625,1429567.125,1337479.25,1411776.125,1394901.625,1699992.125,1705471.25,1749386.0,1839125.875,1440298.375,1199267.25,1665755.125,1645007.625,1661700.5,1871155.875,1123409.125,1159919.625,1416597.0,1437714.25,1316231.25,1376814.25,1632937.875,1641286.625,1279271.5,1286756.0,1327917.75,1332998.375,1308133.625,1307030.0,1415110.25,1337455.125,1273661.75,1388176.25,1279432.375,1267210.25,989178.1875,1025244.5,1362249.25,1244266.875,1634050.25,1823821.875,1379154.0,1425375.875,1371810.875,1409387.125,1542768.625,1264045.125,1609455.5,1307357.625,1319866.125,1314732.625,1374099.0,1359991.5,1738477.625,1621163.75,1929987.75,1948959.0,1747034.875,1869231.5,1501435.5,1543342.125,1627446.0,1717786.875,1770082.125,1835677.5,1659785.125,1745805.375,1787087.875,1958209.75,1403155.125,1515119.125,1875061.375,1986109.5,2012946.875,2067795.0,1620932.0,1831359.875,1554698.125,1667261.625,1717441.625,1819756.25,1515787.25,1529997.875,1462290.5,1520064.875,1556940.25,1649289.375,1610772.875,1654322.25,1711473.5,1654244.25,1315136.75,1421647.875,1890321.75,1954854.25,1734386.0,1571852.375,1641295.0,1623510.625,1490052.25,1622433.625,1387416.375,1601158.25,1957027.5,1921782.625,1418110.125,1458979.0,1433432.875,1455487.75,1585134.125,1609573.625,1385216.125,1492171.0,1483645.625,1650262.875,1617279.125,1742517.75,1381186.375,1431832.375,1472063.125,1504059.875,1523211.875,1755193.875,1570317.5,1529516.375,1716224.75,1791232.125,1458910.5,1623487.25,1800899.875,1788912.125,1686865.375,1820663.75,1410879.125,1394036.875,1414240.5,1423395.125,1167487.875,1277093.625,1237875.5,1345307.25,1486691.75,1506081.125,1559335.125,1655996.125,895176.0,921908.5625,1163729.125,1143166.5,1179029.75,1099162.25,1510134.0,1435904.75,1903023.75,1757509.5,1197206.0,1236968.25,1467842.75,1591188.875,1281655.5,1355548.5,2221782.25,2160527.25,1339497.25,1288709.375,2025484.625,2337979.75,1282739.0,1477719.125,1417454.25,1404776.125,2407888.25,2114887.75,1870270.125,2182733.25,2000397.5,2619054.0,2735276.75,2733027.25,1474378.5,2069264.875
94,1370659.875,1291887.875,1389838.625,1333306.75,1615296.375,1496006.0,1589150.75,1402258.5,1496772.5,1347022.75,1572621.375,1654975.75,1728354.0,1889726.25,1604446.5,1562810.0,1687583.5,1710780.0,1843440.875,1749671.125,1678235.5,1641369.375,1436959.0,1506351.5,1525324.375,1545153.625,1577897.625,1570113.125,1754204.0,1716179.75,1920762.5,1812703.75,1527994.375,1415802.125,1564511.125,1325815.25,1428556.375,1466810.625,1624795.375,1842530.75,1725959.25,1755609.5,1273308.25,1175312.375,1096911.875,1068289.875,1266263.0,1500372.5,1233508.375,1182345.375,1250603.125,1301552.5,1529590.125,1564713.25,1529320.75,1572764.125,1532583.125,1509586.125,1418798.625,1481768.75,1581785.75,1595813.625,1982546.5,2152999.5,1410487.375,1442209.375,1429755.375,1336152.625,1403323.125,1392046.0,1699680.5,1702031.5,1751053.5,1835896.75,1437044.375,1194687.75,1671092.625,1639540.875,1663538.75,1861725.625,1119193.25,1155728.0,1411406.5,1433016.0,1305560.375,1371739.625,1629776.25,1634378.75,1275939.75,1283081.75,1325389.5,1330202.0,1304133.875,1305171.875,1406221.0,1332188.75,1265754.875,1384646.375,1275435.5,1262231.125,983584.1875,1022236.75,1360797.375,1243485.25,1635227.625,1823928.375,1378044.625,1423888.0,1371481.875,1409242.125,1533843.375,1261532.875,1605201.625,1304866.5,1317558.0,1318668.375,1375629.25,1357606.125,1735464.25,1620227.375,1929549.5,1945171.25,1742955.625,1869735.125,1503839.5,1543041.75,1631234.625,1720289.125,1769039.0,1832686.25,1658942.125,1744584.375,1786830.25,1954171.625,1402948.0,1516379.75,1872179.625,1992668.0,2012674.375,2063452.375,1618818.125,1833663.375,1549350.5,1668942.0,1716510.375,1816498.5,1520297.875,1537446.0,1461879.125,1521621.125,1556684.5,1651292.625,1611235.0,1658147.125,1712670.5,1650873.25,1315446.75,1418949.75,1889206.75,1951856.0,1735793.75,1569797.375,1642831.25,1623219.375,1492098.375,1624220.5,1388843.625,1600359.5,1965072.75,1922389.375,1421496.875,1458565.375,1434255.75,1455386.0,1587818.25,1615881.375,1384861.5,1492264.0,1482459.625,1649990.375,1616380.125,1743628.75,1382086.625,1432627.625,1472180.625,1505034.625,1522655.5,1755150.25,1581436.0,1538071.375,1723603.75,1801709.875,1466816.25,1629500.5,1803019.0,1792345.75,1688822.125,1825767.125,1417181.375,1398157.875,1410648.375,1421976.0,1166473.125,1276549.25,1239635.75,1347211.375,1493974.5,1519060.125,1562911.625,1663447.25,894774.875,917740.4375,1165324.375,1141225.5,1179581.625,1098918.75,1511025.0,1436953.875,1904145.125,1757326.625,1197023.125,1237046.5,1468153.125,1590182.0,1281899.75,1356692.625,2223591.75,2160214.0,1340267.5,1288497.5,2021262.75,2333961.75,1282422.625,1473383.125,1417766.875,1402101.5,2407032.0,2109239.0,1871814.0,2181232.5,2001386.25,2616722.5,2736976.0,2734223.5,1471927.5,2065474.25
95,1371852.625,1293682.0,1388830.625,1340329.875,1615317.5,1503627.0,1593855.25,1405183.0,1501470.5,1350280.375,1573069.75,1657145.625,1729287.625,1891795.25,1604671.625,1566732.75,1686330.25,1714348.0,1842227.375,1751399.375,1678446.125,1644163.5,1438439.75,1510484.75,1526960.0,1552087.625,1578284.875,1572919.5,1750680.125,1715852.375,1920085.625,1816765.5,1526450.5,1417371.125,1564521.875,1331169.625,1425082.25,1468286.875,1620387.75,1842372.375,1730549.625,1762201.75,1273330.125,1176882.75,1097065.25,1069427.375,1267781.375,1503305.625,1232149.875,1181358.5,1249706.375,1303391.125,1528368.5,1565827.875,1528800.875,1577865.0,1528498.875,1512719.25,1414145.625,1488823.25,1580591.75,1596913.125,1978696.25,2153067.75,1410805.125,1444041.0,1431555.625,1339903.125,1399691.0,1382932.5,1700864.125,1704812.125,1750899.625,1839138.375,1436789.375,1193926.75,1671678.125,1640870.25,1665129.875,1860679.5,1119681.875,1155606.375,1404762.375,1429440.75,1298875.75,1370882.375,1632808.625,1635847.5,1272289.75,1278678.25,1324901.625,1328344.0,1301279.125,1302230.875,1401967.875,1329477.25,1259886.125,1381935.0,1271562.0,1260623.875,978838.625,1020576.5625,1359750.375,1241868.625,1635207.125,1824519.875,1377400.25,1421815.875,1371007.125,1411063.75,1532447.75,1259777.25,1604747.125,1303500.5,1321558.5,1327031.375,1373837.375,1358726.0,1738781.375,1627544.875,1926741.5,1947958.375,1739090.75,1869930.25,1501458.125,1538637.75,1630187.625,1718138.75,1764073.875,1832679.875,1653474.0,1744836.25,1782510.875,1951459.875,1401385.75,1521317.25,1868179.125,1993947.125,2011637.875,2064020.25,1619472.625,1836115.75,1548461.875,1674485.125,1717083.125,1818794.75,1518501.125,1537999.125,1463012.375,1524062.625,1556528.875,1652799.5,1612700.125,1662801.75,1714434.625,1655470.25,1317814.625,1423544.625,1889483.25,1959628.25,1735149.0,1576996.375,1642642.625,1618984.75,1493394.875,1628110.5,1386398.125,1602261.0,1963218.0,1923782.5,1422429.5,1456447.625,1434983.375,1459167.75,1587978.875,1618793.25,1393442.25,1497868.0,1484933.5,1651705.875,1615552.875,1745709.875,1382886.0,1434991.25,1474761.25,1510934.0,1525949.375,1760438.5,1580646.875,1536826.625,1723534.875,1803337.125,1469941.5,1627938.25,1800302.0,1791709.625,1689660.0,1826295.0,1415181.875,1398357.375,1408143.875,1419858.625,1165411.375,1275345.0,1239118.125,1346018.5,1495668.0,1522264.25,1562317.375,1665947.5,897059.875,921173.0,1167920.625,1143392.125,1182905.0,1103016.25,1511520.625,1438273.25,1903536.625,1755549.125,1196346.625,1236210.5,1467877.625,1587031.625,1281155.5,1356560.125,2222765.0,2159329.0,1340924.625,1289500.625,2019125.0,2331849.0,1283164.375,1474264.625,1419577.875,1404059.125,2406044.5,2105955.0,1873036.375,2180042.25,2003170.875,2616100.0,2736458.0,2732973.75,1472220.75,2063373.5
96,1375404.5,1297803.0,1391410.125,1343168.875,1621706.375,1511033.375,1595697.625,1407949.125,1505469.0,1355928.375,1574962.375,1659540.375,1735710.125,1896156.875,1607712.0,1568226.875,1685970.625,1713191.625,1844695.5,1756393.125,1678266.875,1645079.75,1440602.5,1511406.25,1527965.25,1548517.5,1579912.5,1575067.75,1749311.25,1708239.25,1916531.0,1819201.0,1525067.125,1416670.625,1561983.625,1333913.5,1424217.25,1471226.875,1623213.75,1838771.125,1734122.0,1768165.25,1272839.625,1176490.375,1097716.375,1070404.875,1270109.75,1504893.75,1231846.375,1180647.875,1248893.0,1304223.625,1527710.0,1570632.875,1525789.75,1577414.75,1528260.875,1516177.375,1413852.375,1490092.625,1578228.125,1595456.0,1976448.125,2149829.75,1408559.375,1442626.875,1433486.125,1344127.25,1407246.875,1381449.5,1699874.5,1707819.125,1750328.25,1842471.5,1438498.625,1196950.625,1674884.25,1650384.25,1668016.375,1867505.875,1124772.75,1159744.875,1408616.625,1432398.75,1308013.375,1375488.125,1640181.5,1645098.375,1273900.625,1280401.125,1325058.0,1329279.375,1304526.25,1302177.875,1409316.75,1332419.625,1265392.625,1382858.5,1273987.375,1265550.25,982143.375,1023326.5625,1361638.375,1241910.25,1633407.625,1823628.875,1377902.5,1422370.75,1373591.875,1412667.875,1540819.75,1262283.375,1608548.25,1304802.75,1323183.5,1327529.375,1372540.75,1366334.625,1737427.25,1627014.0,1929411.125,1954793.375,1744766.25,1868248.0,1496765.75,1533974.875,1623917.5,1715508.125,1762315.625,1835137.375,1649157.5,1745911.25,1781328.375,1951424.0,1399781.375,1523296.0,1864834.0,1988497.0,2011740.0,2067540.875,1619442.5,1834115.0,1553304.25,1674060.625,1717882.625,1821053.875,1510635.625,1528680.5,1462617.125,1521567.375,1556200.375,1651782.875,1614369.5,1661377.125,1717454.0,1662067.25,1320353.25,1428557.5,1890113.875,1966857.25,1735547.0,1584294.125,1640886.875,1616313.125,1491338.25,1624668.625,1386571.25,1604186.875,1956552.25,1921654.0,1419131.25,1455004.625,1433831.75,1461200.75,1585693.25,1614728.75,1395760.5,1500348.75,1488641.625,1653810.375,1615386.625,1745760.875,1383275.875,1438287.125,1474687.25,1511916.0,1529064.75,1762546.875,1571761.75,1533401.25,1718689.75,1797801.625,1467162.125,1623129.875,1797491.25,1786554.625,1689222.25,1822761.125,1406967.875,1393648.125,1411067.5,1419911.125,1165002.5,1275016.375,1234880.625,1342216.125,1491047.625,1514046.875,1556385.5,1660408.375,899122.1875,926488.875,1168499.5,1147706.75,1183296.0,1104129.0,1511430.125,1437024.25,1901674.625,1753353.125,1195101.25,1234126.0,1466687.375,1584446.375,1279824.875,1354397.875,2221614.5,2158509.5,1338426.625,1288353.0,2016913.75,2332448.5,1281928.875,1471846.75,1418050.25,1402922.875,2403125.5,2104274.25,1870818.625,2180445.0,2002097.75,2616310.0,2732861.25,2730312.75,1469677.875,2062735.625
97,1380030.875,1302660.0,1391353.5,1336277.5,1626405.0,1508162.75,1593455.75,1408211.75,1507587.5,1360477.0,1576683.875,1658466.875,1737839.25,1895618.875,1609976.625,1566898.625,1685301.0,1710445.75,1846162.25,1758182.125,1677127.875,1644489.75,1437318.0,1507508.375,1526928.0,1541129.375,1579417.25,1572954.75,1750849.25,1707843.625,1915569.125,1816033.25,1523658.75,1414238.875,1562546.625,1332631.5,1427347.625,1472044.75,1627699.0,1837065.25,1732313.25,1764545.5,1271182.875,1173601.25,1096696.875,1069154.125,1268257.5,1499743.5,1231522.875,1178784.875,1248952.125,1302173.375,1529776.0,1572379.375,1527884.625,1576492.625,1536474.75,1521763.875,1423610.0,1495065.375,1577219.0,1593395.875,1978638.125,2148964.5,1409820.5,1442870.375,1434767.125,1347333.625,1419645.5,1391190.125,1698349.625,1707771.25,1749410.375,1842700.125,1439662.125,1199475.25,1671210.5,1657675.875,1665867.25,1871364.5,1126384.375,1161086.125,1417503.5,1436362.125,1317269.875,1379161.625,1639779.25,1646511.625,1276718.75,1284913.75,1323231.5,1329743.375,1307433.375,1297787.25,1415703.0,1334254.125,1270830.0,1383143.0,1276852.25,1267726.75,985836.75,1024267.125,1360343.875,1239718.0,1633400.125,1822350.5,1378022.75,1423192.875,1367640.75,1407405.875,1539628.375,1260724.0,1600377.0,1301199.125,1314895.375,1311780.875,1363253.25,1364382.375,1725768.75,1616463.25,1936071.0,1956327.0,1750521.875,1867331.5,1494359.25,1537866.5,1622749.5,1721676.875,1767973.375,1845433.25,1652441.5,1751659.5,1786547.125,1959620.125,1401032.0,1517566.75,1864702.625,1987989.375,2010839.375,2073794.375,1614587.625,1829185.5,1551735.875,1668820.375,1715397.25,1818045.75,1511511.375,1528829.5,1463013.0,1520610.375,1554734.875,1648434.125,1612046.875,1655045.75,1717853.0,1664304.5,1319437.0,1425923.75,1888129.75,1967175.875,1737811.0,1589488.125,1635743.25,1618771.125,1494535.375,1623563.0,1392421.125,1607156.75,1954099.375,1923017.5,1412451.125,1455387.125,1433136.5,1459282.5,1582340.0,1609050.375,1388278.75,1497408.5,1487615.125,1651466.0,1614315.625,1742482.625,1386192.375,1439504.625,1473179.75,1508664.0,1527843.25,1759875.375,1576347.0,1537077.625,1721837.25,1796069.0,1474043.375,1631475.125,1798582.625,1787008.75,1686999.5,1816975.5,1409710.625,1393987.25,1413112.375,1420103.375,1171477.5,1283166.75,1237690.5,1345091.875,1494643.0,1514415.75,1556474.125,1661984.875,898005.125,925392.0625,1163766.125,1144517.875,1180030.125,1100785.25,1506900.375,1434217.375,1899508.5,1751134.625,1194080.25,1233222.375,1465366.25,1584801.75,1279120.875,1352321.625,2219782.25,2156381.5,1336584.625,1286905.125,2012919.875,2333411.5,1280176.875,1465327.375,1414079.375,1399120.75,2403111.5,2102427.75,1867300.875,2180405.5,1999996.5,2616103.0,2730439.0,2730508.75,1465002.75,2061398.75
98,1375898.875,1299348.875,1385523.125,1328434.625,1621398.125,1498053.375,1589488.875,1405546.625,1504742.25,1356405.75,1572782.625,1652434.5,1733029.125,1889498.25,1607059.125,1565435.75,1682107.875,1706531.5,1843506.25,1754672.625,1676163.375,1643960.125,1432019.375,1505576.0,1523714.625,1538353.875,1579925.375,1570995.625,1745284.0,1706215.0,1915004.0,1815706.0,1520436.125,1414766.0,1562303.25,1333545.375,1425800.625,1469166.25,1623513.125,1837310.75,1726905.375,1754302.875,1266054.25,1171307.25,1094468.25,1066723.125,1263551.5,1494096.0,1231359.875,1177430.0,1246547.625,1299963.5,1529602.25,1569462.875,1528812.25,1575455.25,1543263.5,1519962.125,1429460.875,1502589.25,1577466.25,1594625.875,1976370.125,2147267.25,1413066.0,1444889.125,1434180.625,1345779.625,1415131.125,1391513.25,1704224.5,1707575.375,1748122.125,1841365.625,1444477.625,1201975.625,1660871.75,1649187.0,1661101.25,1872403.125,1121214.375,1157791.375,1415814.5,1432930.375,1312781.25,1377071.5,1634280.625,1640912.75,1275803.0,1284603.375,1322313.5,1329693.75,1307837.125,1297596.0,1411963.75,1332090.0,1266606.5,1382026.75,1275218.25,1264089.875,983641.1875,1020885.9375,1356809.125,1238508.625,1636757.75,1824139.0,1377468.25,1423362.75,1360853.5,1403856.0,1529347.75,1254519.125,1590563.75,1298173.75,1314048.625,1313257.625,1355525.75,1357802.5,1725469.75,1618125.5,1945842.625,1955655.25,1747474.375,1873342.0,1495885.0,1545004.125,1629833.125,1727788.75,1775659.0,1850044.75,1659276.125,1754554.625,1790657.375,1966368.5,1401710.875,1510872.875,1867404.75,1990179.375,2008554.0,2075237.125,1611730.75,1829834.5,1544463.5,1667812.875,1713543.375,1817623.5,1519357.125,1540005.25,1464432.5,1524041.875,1554296.125,1647401.0,1607177.625,1651603.625,1715141.25,1661067.625,1317134.875,1422725.875,1887563.125,1963217.75,1738121.375,1587153.5,1634287.0,1619607.75,1496692.375,1628405.625,1390592.25,1604247.625,1957417.75,1924755.5,1411881.75,1456172.875,1432382.875,1457597.625,1579520.625,1607798.25,1384308.75,1494615.0,1480545.125,1642775.625,1614287.5,1741652.125,1384476.375,1435554.25,1473255.375,1505884.5,1525121.0,1754298.75,1588641.75,1544719.75,1730592.875,1801469.125,1480632.75,1643304.625,1803297.25,1795721.625,1687695.0,1817153.125,1420753.125,1400682.125,1411412.0,1419723.25,1178524.125,1290309.5,1245629.0,1351336.5,1501276.125,1523376.25,1563264.625,1668669.75,893830.75,920186.4375,1158171.25,1135993.375,1180185.625,1103013.0,1502843.25,1435438.75,1898688.5,1750850.875,1195033.125,1236156.25,1465430.125,1587189.75,1279705.125,1353011.75,2219165.75,2155934.5,1339289.0,1289494.375,2019420.625,2337169.5,1282131.125,1471497.0,1415287.125,1402030.25,2408398.25,2108727.75,1868409.125,2179637.0,2000077.125,2616579.0,2732923.75,2733083.75,1471503.75,2065575.75
99,1366959.75,1291277.125,1380138.125,1326503.5,1614496.0,1493003.5,1586403.5,1401871.75,1501015.25,1352087.5,1567410.375,1648818.5,1728465.5,1886335.625,1601291.25,1563025.875,1678436.875,1702628.125,1838381.5,1750066.625,1674431.75,1640426.375,1431085.625,1504417.875,1521035.25,1536756.875,1579726.375,1569624.75,1739705.75,1697480.5,1913397.125,1817223.625,1519096.125,1415277.5,1557132.75,1335852.25,1421999.75,1468127.75,1617047.0,1835737.25,1724352.0,1752155.625,1262508.5,1170903.625,1093801.5,1066264.5,1263731.75,1497170.875,1232170.75,1179524.875,1243005.875,1300562.5,1528405.375,1569484.375,1524565.5,1571383.75,1545036.125,1509756.25,1437533.75,1501468.625,1577698.125,1594779.25,1970495.5,2143386.5,1415798.75,1446444.875,1435003.125,1345143.125,1398493.875,1385463.75,1711036.25,1708712.625,1751073.0,1842302.75,1450017.125,1205660.875,1665884.375,1642950.25,1666201.0,1877667.625,1120557.75,1156327.25,1411053.25,1430256.375,1307719.625,1375281.0,1638279.75,1645048.5,1273750.125,1282367.25,1324791.625,1331666.625,1307292.5,1308510.25,1410827.75,1332623.25,1264812.5,1384349.75,1274789.5,1263839.25,982941.5,1020089.5625,1358625.625,1243066.5,1637129.5,1826048.75,1377443.375,1424048.375,1371801.375,1411268.375,1530699.25,1256161.75,1599579.5,1303853.125,1324158.875,1335684.875,1369746.875,1365302.875,1738768.25,1629541.375,1950865.25,1960661.625,1746309.125,1879796.0,1501402.125,1543952.0,1632627.0,1719957.875,1776126.875,1836451.125,1663534.0,1750223.5,1788046.25,1957595.0,1396220.0,1508806.625,1864432.125,1984122.25,2009499.625,2066497.25,1614495.0,1832593.125,1542488.625,1669730.75,1717749.125,1822241.25,1521663.625,1542174.5,1468850.5,1530083.375,1554675.5,1648474.5,1606958.0,1653146.75,1717225.5,1659741.5,1319293.625,1426571.625,1890213.875,1959849.25,1742396.375,1581530.75,1641770.75,1619330.5,1490197.5,1627017.75,1382909.375,1598518.125,1961402.0,1920952.5,1420347.375,1456488.25,1430792.875,1458779.875,1578359.875,1607550.875,1390189.5,1496594.875,1476964.375,1640647.125,1614813.125,1743209.375,1378811.0,1432694.375,1474210.875,1505700.75,1523922.625,1751645.625,1583905.125,1546725.25,1728408.5,1803772.625,1468360.75,1635539.5,1807545.875,1800963.5,1688751.75,1822490.625,1418002.0,1400358.625,1410935.125,1421102.875,1173212.375,1281683.5,1243700.0,1349094.75,1493892.0,1517764.75,1562474.5,1662075.75,894169.125,920743.0,1162781.25,1139363.625,1184893.625,1107673.875,1507999.625,1437829.5,1900215.125,1753291.25,1196436.875,1239067.0,1466727.625,1588008.25,1281775.25,1355560.875,2222017.0,2158719.25,1342204.25,1292834.125,2027650.75,2338204.5,1285182.5,1483157.0,1420711.875,1407423.0,2408906.0,2113705.0,1872158.25,2179850.5,2001831.5,2616871.5,2734499.0,2731438.0,1481352.0,2070316.25
100,1366785.375,1292396.375,1380991.875,1331501.375,1614708.25,1499421.125,1589002.25,1402842.625,1501471.5,1355136.125,1569082.5,1652661.75,1728205.75,1889063.0,1598407.875,1561306.25,1679445.25,1706390.625,1837010.75,1749582.5,1673479.5,1639091.5,1433961.875,1502923.625,1522348.625,1537869.75,1575944.625,1567332.125,1746062.625,1702358.0,1914924.125,1815247.625,1521873.625,1414842.875,1557295.5,1336106.75,1423616.875,1471104.125,1617021.875,1837734.375,1725932.75,1760071.125,1266522.375,1173714.25,1094998.25,1068087.625,1266459.125,1502392.0,1232158.75,1181371.25,1245004.625,1303265.75,1529505.5,1573172.75,1524609.375,1569306.125,1545028.875,1504734.375,1450189.875,1494047.25,1575429.625,1591382.5,1972145.625,2147172.5,1416917.5,1446039.875,1438291.875,1349385.625,1400689.25,1390506.5,1708750.0,1709396.25,1755542.625,1844942.375,1451289.25,1208226.375,1676295.5,1654498.625,1674438.625,1881657.125,1125516.0,1160023.5,1413804.375,1436213.125,1311332.25,1382700.75,1645513.125,1653149.0,1275809.875,1285694.625,1328207.25,1335237.875,1304652.875,1312975.125,1415425.0,1336279.375,1272348.625,1390013.5,1276339.75,1268316.0,985105.625,1024200.75,1363587.0,1247100.875,1632822.625,1824137.375,1379165.125,1425592.125,1382995.5,1417573.0,1544202.5,1264887.75,1611578.125,1308516.25,1325772.625,1335443.375,1382064.625,1375110.25,1742433.625,1630407.25,1941624.25,1960418.375,1749272.125,1876442.875,1506781.375,1538472.875,1627215.375,1709327.25,1768722.625,1819593.875,1664335.875,1745200.625,1783622.25,1943231.75,1392335.0,1513482.0,1859145.625,1979379.5,2013642.0,2056954.0,1617893.625,1830788.125,1545694.125,1670471.375,1722707.625,1823338.0,1518564.5,1534671.625,1473302.125,1534000.625,1554037.875,1648665.125,1610898.375,1657295.125,1723144.75,1662381.625,1324759.125,1431962.375,1891295.25,1958772.75,1749333.0,1578966.125,1647136.125,1623649.5,1485665.875,1619893.375,1383472.125,1601374.5,1959273.75,1918990.875,1422447.125,1456046.875,1430250.5,1457544.25,1577556.0,1605701.375,1392242.375,1498341.5,1479582.25,1645472.125,1613044.125,1742086.0,1376448.25,1431669.625,1472778.5,1506156.0,1522774.25,1754348.625,1566140.875,1534779.75,1711924.875,1795045.75,1448516.25,1614239.875,1803872.5,1794709.125,1684232.875,1821959.375,1407700.25,1394895.125,1414385.625,1426288.75,1161917.25,1269538.625,1237576.0,1344515.0,1478617.875,1501002.375,1555044.125,1652137.25,899115.25,924431.625,1170618.5,1147464.25,1186284.875,1104993.125,1513546.625,1436491.125,1901079.375,1754090.875,1196350.125,1236785.5,1466913.0,1586153.375,1282229.25,1354993.5,2223523.75,2159170.5,1341283.625,1290817.25,2021623.25,2332830.25,1284309.25,1481226.375,1422264.0,1407103.75,2402733.25,2107512.75,1872448.5,2180838.25,2002459.75,2616413.25,2731302.75,2726914.25,1477393.625,2067413.125
101,1371913.375,1299201.75,1386464.875,1343629.5,1618972.875,1511500.875,1598066.625,1410945.375,1502969.375,1354914.625,1573788.75,1658753.75,1730170.125,1893060.0,1600599.5,1563938.625,1684654.25,1717291.375,1841456.125,1753884.625,1675208.875,1645443.25,1437128.25,1507906.875,1524485.625,1546223.375,1572544.375,1569384.25,1752407.625,1721880.625,1917983.25,1816067.25,1524650.875,1415844.125,1561380.875,1334117.125,1425791.0,1471718.625,1621192.0,1845261.875,1728000.75,1765621.0,1272967.625,1177609.125,1096151.25,1070075.25,1265797.875,1500392.125,1230517.875,1179133.625,1250302.25,1304455.375,1530252.625,1573687.25,1528041.375,1574399.5,1538088.875,1509821.5,1440751.125,1485214.0,1572483.375,1591744.625,1978110.75,2158010.25,1413684.375,1442551.625,1437663.875,1345678.625,1414197.0,1392443.125,1702127.875,1707653.375,1752579.0,1842401.625,1447598.0,1206181.0,1670684.125,1660992.375,1670690.625,1871169.625,1124449.125,1161596.375,1413604.375,1437896.125,1312958.25,1392315.25,1640160.5,1644664.875,1276886.75,1287318.125,1327671.625,1336342.875,1301970.625,1304598.25,1412475.25,1333913.375,1275056.625,1391959.25,1274369.25,1267855.125,982873.5,1025199.3125,1363747.75,1244498.0,1631315.75,1821756.0,1380669.75,1426308.0,1373686.0,1412801.75,1548758.25,1267382.625,1609119.125,1306018.375,1316924.5,1316233.625,1368576.125,1368428.625,1734237.625,1623799.375,1925615.375,1944333.25,1746255.375,1867704.5,1507351.25,1537120.0,1626875.5,1713977.625,1762633.5,1821396.875,1659805.25,1741994.375,1783376.875,1944145.625,1396607.875,1523776.875,1862319.875,1988611.25,2015214.0,2058693.625,1618163.25,1831508.25,1547629.875,1674111.75,1721699.375,1820092.625,1517766.5,1535412.375,1469768.75,1529347.125,1554761.25,1649665.25,1613640.125,1662121.0,1721929.75,1662304.125,1326534.75,1432575.25,1887375.625,1958106.125,1744335.625,1575927.75,1642735.25,1626042.25,1489529.25,1619514.25,1388123.875,1606798.5,1953891.25,1920738.5,1415107.875,1455201.875,1430792.75,1454145.0,1578117.125,1608126.375,1387790.25,1496171.375,1480920.125,1645650.125,1611857.125,1741730.25,1375632.25,1427288.625,1469482.375,1505265.5,1522502.875,1756888.125,1563435.875,1522431.125,1703454.5,1788468.5,1446851.25,1607145.25,1794861.25,1785012.125,1681452.875,1818370.625,1411419.375,1399146.125,1416702.5,1431470.625,1161501.625,1273946.125,1241348.75,1348741.75,1476584.0,1503829.125,1556289.375,1659011.875,897824.5,920615.8125,1167833.875,1140590.0,1181469.125,1099463.5,1510150.0,1434682.625,1900248.0,1751575.75,1196043.5,1233126.625,1465176.875,1583658.375,1279719.25,1351456.5,2221988.5,2156992.5,1338831.75,1286027.5,2011114.375,2329846.75,1281271.0,1470466.625,1418618.875,1402709.125,2400618.0,2101643.5,1870417.25,2181599.75,2001856.625,2617221.25,2730788.0,2728807.75,1466462.875,2062623.125
102,1371972.375,1298788.0,1388453.375,1349553.375,1621049.375,1516230.875,1603356.125,1414079.5,1503435.875,1352631.375,1574067.25,1660501.0,1731540.0,1895205.125,1604322.75,1568692.5,1686824.625,1720376.875,1845051.125,1759330.0,1677121.5,1650393.0,1437393.875,1516116.125,1522358.25,1550113.125,1573783.625,1575763.875,1748484.75,1727291.875,1917212.125,1821513.375,1525146.75,1415463.5,1559019.5,1333091.0,1425000.625,1469815.0,1623490.375,1846838.375,1727916.5,1763403.375,1273704.875,1177910.875,1096046.625,1070304.875,1262548.0,1495312.375,1230173.375,1177776.0,1251014.375,1304216.5,1529409.75,1572113.0,1526223.125,1580342.0,1526650.375,1519398.5,1412905.875,1483137.25,1574143.5,1596399.5,1978392.25,2162008.25,1407619.25,1440090.5,1431371.0,1335364.875,1409032.375,1381972.125,1699528.375,1705326.0,1745722.625,1838154.25,1440764.625,1201487.625,1669022.125,1653641.375,1664805.875,1858970.625,1120098.625,1157516.25,1407649.25,1429516.125,1308223.0,1387776.375,1631888.875,1632603.625,1272899.625,1280677.75,1323826.75,1332628.0,1301872.25,1299504.5,1405469.875,1326867.875,1267117.625,1386338.375,1271679.25,1261340.25,978988.1875,1020922.8125,1359870.25,1240498.75,1633799.5,1822241.75,1379650.0,1424284.75,1364247.5,1406689.125,1539478.5,1262163.5,1606507.125,1305536.0,1313240.25,1312883.625,1361120.25,1356238.75,1729106.0,1620857.875,1919937.625,1937398.0,1742261.5,1865951.5,1502103.125,1539403.625,1632906.25,1725155.625,1764923.0,1841769.75,1651676.875,1742639.25,1785583.375,1960504.0,1401031.0,1525777.125,1868241.875,2000716.625,2014239.0,2071087.25,1616482.0,1837753.0,1548957.375,1678688.75,1719898.125,1820038.5,1514154.875,1537735.375,1460279.375,1519623.625,1556466.0,1650859.375,1612214.375,1660414.25,1713613.5,1660827.25,1322490.0,1430470.0,1882499.625,1959957.75,1730435.375,1577873.25,1639216.125,1620441.0,1493690.375,1626788.375,1389563.625,1607462.25,1954832.125,1920836.0,1416351.75,1456438.75,1432123.0,1458519.125,1581732.75,1612820.875,1390806.75,1496067.25,1481437.625,1646250.375,1612737.5,1743515.25,1377080.375,1428194.625,1469667.0,1507467.125,1524156.5,1758163.375,1578657.75,1530337.625,1713553.625,1791669.375,1466138.75,1619843.625,1790724.25,1780563.625,1683352.875,1818076.75,1421392.25,1405984.25,1411830.875,1426751.875,1172568.875,1289842.375,1248550.5,1354113.5,1487163.125,1522974.5,1564989.625,1671477.75,891801.625,914756.375,1162766.75,1133929.625,1176819.625,1097914.875,1507297.0,1434366.875,1900784.25,1750764.0,1195176.0,1232827.75,1464328.375,1583689.5,1278954.375,1351310.375,2220821.25,2157797.75,1338051.625,1285728.125,2009011.875,2331975.25,1279403.375,1464009.75,1414023.75,1398113.25,2403770.5,2103064.75,1868667.375,2180938.25,1999925.5,2617758.25,2734976.25,2735563.25,1462030.375,2061093.5
103,1370389.125,1293944.25,1387125.875,1339662.125,1620031.625,1508415.5,1598908.125,1405249.375,1502569.875,1357252.125,1572407.375,1658311.25,1731196.875,1894093.625,1606495.5,1569299.0,1685815.875,1710789.875,1845907.125,1761296.625,1678854.5,1645256.875,1435465.625,1515089.125,1519796.875,1540964.0,1577753.25,1576630.75,1747352.375,1712080.125,1915850.75,1819787.25,1525144.25,1413331.875,1556831.125,1329332.875,1426475.375,1470337.375,1622740.375,1839334.5,1725514.875,1757063.625,1271765.0,1174069.125,1095792.25,1068643.0,1259237.625,1493808.5,1232603.625,1180604.625,1249256.875,1303177.25,1527991.25,1571065.25,1523126.875,1578672.125,1523299.25,1524896.25,1398734.125,1491215.875,1576909.0,1595002.75,1978049.0,2155532.0,1404934.0,1441196.375,1425792.25,1335575.5,1397478.0,1381268.5,1697408.875,1705313.75,1745054.375,1840671.0,1434133.125,1198860.5,1683326.375,1650011.875,1666125.625,1864320.125,1121933.0,1156041.0,1407533.0,1426320.5,1306426.625,1374920.25,1632839.25,1637975.125,1272926.125,1278252.25,1323827.875,1329614.25,1301568.875,1300229.75,1407213.875,1326956.125,1264855.75,1381742.5,1274285.625,1259488.625,980835.875,1020720.1875,1358764.125,1240966.25,1634999.375,1823701.375,1378647.5,1421950.0,1372998.125,1408826.75,1533693.75,1258797.5,1609945.5,1307164.5,1315796.875,1315712.375,1381587.25,1358335.375,1728960.0,1617739.25,1921579.875,1952638.375,1744703.375,1868898.625,1494429.25,1541319.125,1631462.625,1725178.0,1769094.0,1854967.5,1648059.375,1747976.0,1785038.25,1968902.375,1401454.0,1514341.375,1869588.625,1997951.375,2014546.25,2079312.125,1617503.0,1836896.75,1552809.5,1674909.25,1720551.5,1821998.5,1506074.75,1528487.875,1454009.5,1514048.125,1555890.875,1649337.25,1608850.875,1652505.75,1708914.0,1661754.625,1318485.875,1429267.125,1883099.625,1965020.875,1724886.25,1586584.25,1641535.625,1618854.25,1495489.75,1629788.25,1392883.125,1608095.375,1962535.125,1923441.125,1424447.25,1461000.125,1435483.375,1466030.375,1585341.375,1612461.625,1398607.625,1499817.5,1486498.0,1654325.5,1613554.125,1743046.25,1386432.375,1440608.125,1473216.75,1512042.625,1525286.875,1760415.875,1587327.875,1544692.875,1726255.125,1796712.0,1482714.125,1634048.5,1795044.25,1782455.5,1683478.5,1816748.75,1420138.875,1399404.75,1406055.125,1417627.375,1180144.625,1295572.625,1247466.5,1350955.75,1495477.125,1527205.25,1567363.375,1669118.25,891920.3125,915429.0625,1167263.25,1142024.25,1176255.625,1096778.25,1510888.875,1433447.375,1902907.75,1753098.625,1193881.625,1234210.0,1466700.125,1586892.875,1281866.625,1355270.5,2220704.25,2160666.25,1339396.875,1289253.125,2013159.25,2333533.5,1278892.5,1464062.875,1411225.375,1397204.625,2407191.75,2106443.75,1867149.25,2181187.0,1998091.125,2616834.5,2736895.25,2738503.25,1462524.125,2061434.625
104,1373633.125,1294677.375,1389947.375,1332335.875,1619781.375,1499699.25,1595907.375,1400586.875,1503383.25,1359517.625,1572090.375,1656720.75,1731046.375,1892572.75,1608469.0,1566999.25,1687411.875,1703734.0,1848552.125,1758858.25,1681146.375,1638615.125,1435818.875,1507702.25,1521381.75,1533809.125,1579347.875,1572857.375,1752752.125,1701398.25,1917912.5,1811867.875,1524016.5,1412951.75,1558947.625,1320033.0,1427755.75,1469869.875,1621211.375,1834930.5,1724411.875,1753354.25,1272079.375,1169328.5,1096898.375,1067880.25,1258518.125,1494772.5,1234733.625,1182701.625,1249438.625,1298856.125,1527348.875,1568569.125,1525574.375,1573419.875,1530415.0,1520854.625,1404910.375,1495126.5,1575739.5,1589687.875,1980836.375,2148642.0,1407459.5,1441969.125,1426465.125,1342568.625,1403963.25,1389337.75,1693193.125,1705749.625,1749075.625,1842876.875,1432140.5,1197379.625,1681080.125,1646706.625,1664177.75,1871840.0,1122982.875,1158352.75,1412255.0,1431534.875,1309515.125,1373588.5,1633173.125,1643030.875,1277750.5,1284612.0,1326768.125,1330017.25,1300937.0,1296207.125,1410086.75,1332558.375,1270531.25,1384412.625,1276593.375,1262376.125,983213.5,1024062.625,1360692.625,1242463.375,1635013.375,1823921.5,1378492.5,1421190.0,1379447.25,1414453.625,1541268.25,1262519.875,1608767.5,1304714.25,1319754.125,1313780.875,1393303.625,1368126.0,1732215.25,1615296.5,1916533.125,1957982.75,1745386.75,1867047.75,1491229.625,1539912.5,1625557.375,1717587.0,1769640.0,1844867.5,1651938.625,1749211.0,1782970.375,1958421.375,1401464.5,1508220.0,1870195.625,1984733.25,2014396.875,2073180.875,1619570.125,1828245.125,1554503.75,1667505.125,1717390.125,1819537.875,1510041.75,1525817.0,1455572.0,1515457.875,1555063.5,1647922.875,1608934.5,1650763.875,1711714.625,1660856.5,1318245.625,1427955.625,1887694.75,1966055.125,1731989.25,1587394.625,1641214.375,1625085.5,1498332.25,1625975.75,1396026.375,1606651.0,1964922.75,1929663.75,1420974.75,1463282.875,1438495.875,1463617.25,1584637.25,1609605.875,1398631.25,1501819.75,1491900.875,1659835.0,1614972.875,1742630.0,1397174.875,1449994.375,1475228.0,1511348.375,1526555.75,1761853.125,1581784.625,1544384.5,1731866.375,1802890.5,1479904.0,1639683.125,1804600.25,1791966.25,1685244.25,1817052.625,1412667.625,1389185.375,1408180.5,1419132.5,1176240.0,1284981.875,1240613.5,1345476.0,1500323.0,1517236.5,1562584.25,1657811.375,897682.1875,920288.0625,1171766.125,1145659.875,1178220.5,1096677.25,1511825.875,1434001.75,1903790.375,1754045.0,1195394.0,1236188.875,1469652.375,1589735.75,1283782.0,1357750.625,2221605.0,2161094.5,1341295.875,1290943.625,2018911.375,2336036.5,1280338.0,1467707.625,1411295.25,1399836.0,2412019.75,2110616.75,1867997.0,2185324.75,2001198.5,2619044.0,2737196.25,2739384.5,1464641.875,2063836.125
105,1377211.875,1298975.75,1392834.0,1338035.125,1621688.125,1501142.0,1600530.375,1407350.25,1509268.625,1354087.375,1571748.5,1656890.75,1733605.5,1894743.25,1610559.0,1567286.125,1688587.625,1707128.625,1850962.625,1755961.125,1681796.5,1641853.0,1438229.625,1506899.625,1524149.625,1539148.375,1578112.625,1573552.75,1751107.625,1707665.375,1918845.75,1814614.75,1521515.875,1414740.125,1559992.75,1320560.75,1424398.0,1466949.0,1619637.375,1838628.25,1727782.375,1757684.125,1271819.25,1168931.75,1098152.125,1069476.5,1261325.5,1493874.5,1233601.375,1181247.5,1249805.625,1296416.125,1527413.5,1565972.625,1528824.75,1573151.75,1538835.75,1513649.375,1421788.0,1493547.125,1576323.5,1592795.625,1977699.0,2147812.5,1413638.875,1444223.25,1434544.875,1345786.625,1412131.375,1383656.25,1694785.375,1704612.375,1750604.0,1838764.875,1437116.125,1194267.5,1661847.875,1639667.0,1659207.0,1866028.125,1115964.375,1155591.375,1409967.5,1431206.0,1307680.125,1376895.875,1628809.375,1635230.25,1276178.625,1285992.5,1325874.125,1328125.0,1302819.5,1292606.25,1403761.0,1331914.25,1266731.5,1384687.25,1271391.125,1260139.875,979305.5,1020778.8125,1360583.625,1241420.75,1635992.625,1823254.75,1377199.875,1420428.75,1370814.125,1414832.5,1548735.375,1267939.0,1605646.0,1304582.125,1324389.5,1322142.75,1374818.75,1367324.5,1737427.75,1620462.5,1916430.0,1946425.0,1739553.0,1864414.875,1495330.25,1539408.25,1627430.25,1716979.25,1770310.375,1832170.375,1658278.375,1746438.625,1784326.25,1950410.125,1400536.875,1513596.75,1870558.75,1981052.0,2011226.0,2063327.125,1617568.75,1827795.625,1549335.25,1667218.375,1712497.0,1816323.375,1523337.75,1537487.75,1464249.5,1523983.375,1555805.25,1649352.875,1611127.5,1655398.125,1714116.125,1656885.75,1318045.75,1424829.5,1888457.375,1961366.0,1742999.625,1582576.25,1638687.875,1624375.5,1499768.5,1626675.375,1391385.125,1600727.875,1959399.125,1930531.5,1414221.625,1459685.25,1437233.5,1458084.875,1580892.375,1609364.875,1393787.0,1500236.5,1490970.875,1655225.875,1615694.875,1744339.75,1396436.0,1445859.375,1476075.0,1508836.0,1529112.875,1761423.5,1576842.0,1538737.75,1733716.875,1808551.0,1469144.75,1639006.75,1811841.0,1801668.375,1692012.0,1823462.5,1412366.875,1391401.375,1411904.5,1422732.125,1169007.125,1273799.375,1236150.375,1343754.875,1503925.875,1516324.125,1559618.625,1656130.75,898652.6875,923893.4375,1166945.5,1137568.0,1180647.125,1101818.25,1507130.125,1437034.5,1903250.5,1752740.375,1197816.375,1237860.375,1468898.5,1588940.625,1282266.25,1357153.0,2223394.75,2159435.75,1341493.25,1290638.0,2022281.75,2340957.5,1282046.75,1470770.0,1413718.375,1400689.875,2414667.5,2113875.5,1870686.125,2187345.5,2005711.5,2622496.75,2738283.25,2740048.25,1468189.75,2066982.125
106,1375533.625,1298739.375,1389698.0,1340162.125,1622460.25,1506193.75,1602501.75,1409704.125,1512345.625,1350344.5,1571474.125,1656893.75,1736224.25,1897469.75,1609656.625,1567388.875,1685051.875,1710938.375,1848657.125,1754575.875,1680501.875,1648066.5,1437367.25,1511326.875,1524151.25,1544249.375,1576766.5,1574581.75,1745418.625,1716628.75,1916941.125,1824186.625,1521854.75,1417545.875,1562820.5,1333092.75,1423465.625,1467576.5,1618480.75,1843492.375,1731098.125,1763173.875,1270832.5,1173659.25,1097610.375,1070447.625,1262576.0,1490342.125,1231573.5,1179874.375,1250547.25,1301118.25,1526115.5,1565858.625,1526643.375,1575129.375,1538711.75,1511552.125,1433646.5,1497656.0,1580945.375,1599385.875,1971366.125,2150688.25,1419824.5,1449777.0,1441904.5,1348694.25,1404306.0,1376282.5,1702214.5,1703634.875,1749477.25,1837481.75,1442361.0,1192435.0,1665291.375,1641479.5,1661469.125,1861547.5,1113058.5,1150523.125,1403412.0,1425266.875,1300326.0,1369961.75,1629449.25,1634154.0,1270720.25,1280638.75,1324296.625,1325791.625,1305418.5,1298340.75,1399414.375,1326408.875,1258210.25,1380033.125,1266942.125,1256498.25,976347.4375,1015749.0625,1359492.375,1241316.25,1636973.0,1822867.875,1376832.625,1420273.5,1367478.0,1410851.125,1541132.625,1266058.75,1606940.125,1308970.875,1323414.125,1332458.0,1363383.625,1361035.875,1736624.25,1626305.625,1932869.125,1947905.375,1737913.125,1868805.375,1501522.625,1544204.0,1632439.75,1723306.125,1769023.25,1834348.5,1660509.625,1748301.5,1786656.75,1956509.875,1398475.75,1514934.25,1867460.375,1988154.5,2007284.875,2061723.625,1615432.0,1834992.75,1543970.625,1669674.875,1713778.375,1818742.875,1524261.5,1541978.5,1473743.75,1535384.625,1555307.5,1650639.125,1610712.125,1657090.375,1710556.0,1654271.25,1315743.875,1421636.5,1884524.75,1957729.5,1746347.75,1585964.0,1639834.25,1617003.75,1497295.625,1631499.375,1386054.25,1599250.5,1958514.75,1925240.0,1419560.625,1456643.125,1434315.25,1459795.625,1579517.625,1610857.875,1391593.25,1496734.875,1485775.875,1648740.375,1613514.0,1743737.625,1386899.125,1437151.75,1477361.875,1510145.875,1528635.625,1759249.75,1578073.125,1538925.125,1731358.75,1806258.5,1467405.125,1634577.625,1810563.375,1799510.375,1694830.75,1827232.25,1418547.625,1400273.25,1409940.0,1417057.375,1167966.75,1275579.0,1237788.25,1345064.125,1502033.0,1524424.625,1561188.25,1663196.75,893338.3125,922316.125,1162963.875,1135186.5,1181489.875,1104875.625,1505566.125,1437316.375,1903028.5,1753028.75,1196921.875,1236830.75,1466278.5,1586670.875,1280685.375,1355647.75,2223331.5,2158546.5,1340030.375,1290629.625,2021386.25,2340439.75,1281525.5,1472211.125,1416772.75,1401431.125,2409283.75,2111249.75,1871312.875,2182743.5,2003981.5,2619287.75,2736231.75,2735133.0,1470646.0,2067509.75
107,1371391.125,1294042.125,1386239.875,1333363.75,1622249.0,1505455.125,1597240.5,1403231.0,1507101.875,1350651.625,1571694.625,1656073.875,1735487.0,1897425.0,1605876.125,1564673.625,1682017.625,1708558.0,1844647.375,1754018.5,1678790.5,1646179.25,1434149.125,1512326.75,1521027.25,1541105.125,1575238.875,1569843.5,1747384.75,1716846.25,1916114.875,1823430.75,1525284.0,1420139.0,1565689.625,1337392.125,1428386.0,1471269.875,1619581.875,1845187.375,1730005.125,1760336.0,1272337.125,1177191.375,1095831.75,1068992.375,1259588.875,1490051.375,1232452.0,1181046.75,1251620.625,1305540.5,1525210.75,1567975.375,1522885.75,1574459.75,1534536.625,1514497.875,1427734.5,1499292.125,1583705.75,1599185.5,1973561.125,2153519.25,1417589.875,1449736.125,1438304.5,1349387.875,1399129.0,1385610.75,1705002.375,1703973.125,1750326.5,1841411.0,1441060.0,1193526.5,1684399.375,1648502.375,1668350.75,1864960.0,1120742.25,1150378.0,1406021.625,1424682.0,1300209.625,1364287.375,1634329.25,1639374.375,1273207.5,1280601.375,1326499.125,1328304.875,1305883.0,1303287.75,1406784.375,1325733.25,1261738.625,1380238.875,1271973.625,1257672.625,981319.6875,1018216.5,1360973.625,1242881.875,1636134.125,1822805.5,1378935.25,1421821.625,1376817.5,1409614.75,1529367.75,1260291.375,1607666.125,1308132.0,1315193.875,1322685.5,1379495.875,1361000.25,1731225.0,1623187.5,1938713.625,1957343.0,1744431.375,1873934.0,1502872.5,1544746.875,1635325.125,1725173.25,1768301.0,1839853.5,1657760.625,1748511.75,1787421.875,1960413.375,1398765.25,1510598.0,1863782.5,1990313.375,2006522.125,2065811.125,1616563.875,1836209.125,1545589.125,1667979.5,1718621.625,1822874.0,1513566.875,1534008.625,1472824.75,1535103.875,1553872.125,1649706.125,1609606.625,1655847.875,1707883.125,1654852.5,1312969.0,1419289.5,1883997.25,1957348.375,1740667.375,1587716.25,1640997.875,1617655.375,1492967.75,1629146.0,1388727.0,1605531.875,1962406.5,1922800.875,1426166.0,1459796.75,1434274.0,1462897.75,1582070.25,1611419.875,1389965.25,1492467.5,1482521.375,1648178.5,1612279.125,1740711.5,1381585.25,1432790.625,1477576.875,1510284.875,1524097.875,1755576.75,1579166.75,1540620.0,1721965.25,1797089.375,1474239.25,1628433.125,1802264.125,1789066.125,1687839.25,1822962.0,1422135.0,1404604.875,1407735.125,1414005.125,1173109.75,1286564.125,1243839.125,1349349.5,1496201.5,1524820.875,1564600.75,1665480.75,892377.875,919666.4375,1167370.375,1142675.75,1180049.5,1099437.5,1509837.5,1433334.375,1903173.0,1754705.75,1195722.5,1235049.875,1467214.625,1587231.375,1282028.875,1354799.375,2220785.5,2159131.75,1339287.75,1290190.75,2021408.125,2334843.75,1282167.625,1474931.0,1419460.125,1405595.25,2403445.25,2107150.25,1871262.5,2179695.0,2000790.875,2613466.25,2732654.0,2729463.25,1472587.125,2066439.0
108,1368519.125,1290727.125,1385225.125,1329510.5,1622451.875,1501525.0,1591704.625,1399469.75,1501450.25,1350839.0,1571466.25,1654932.125,1732680.25,1895791.375,1604013.25,1564632.125,1682776.375,1706598.625,1843393.125,1754646.5,1678701.125,1642401.375,1434754.0,1510949.5,1519515.875,1539190.375,1574750.375,1566440.25,1750598.375,1714533.625,1916803.625,1817830.625,1525814.375,1420819.625,1562932.375,1332952.5,1430139.25,1471897.125,1619552.375,1844063.75,1728349.625,1754692.125,1272652.5,1177081.625,1094276.5,1066770.875,1257080.625,1495543.25,1233717.75,1181352.875,1249802.625,1304553.5,1526945.75,1569696.875,1524913.375,1574975.125,1539386.125,1517582.625,1422205.0,1493330.5,1581617.0,1595818.375,1979268.25,2154697.25,1409930.875,1443766.5,1431327.625,1344369.5,1410485.0,1394564.875,1700132.75,1704946.0,1751047.5,1841783.625,1437958.375,1194610.25,1679960.125,1648457.0,1669055.0,1864793.375,1124654.125,1151381.0,1415747.875,1429043.75,1308091.75,1369120.5,1634140.75,1632520.0,1280260.5,1286715.75,1329037.5,1331682.0,1305050.875,1299179.75,1415200.25,1330421.125,1270330.875,1384373.375,1278335.75,1258789.375,987588.125,1022605.1875,1361663.0,1242299.375,1633893.875,1822456.5,1380076.125,1423484.75,1378199.875,1411393.875,1529770.25,1259328.5,1603018.25,1301257.0,1307969.0,1302062.5,1386891.125,1359782.875,1730097.0,1614796.25,1920469.75,1950038.0,1745597.5,1869363.5,1500628.375,1539476.0,1639214.375,1722149.875,1776706.125,1839663.625,1659405.25,1743222.875,1789956.375,1958355.875,1401691.875,1511430.0,1866413.25,1989345.75,2010154.75,2068745.875,1617728.875,1833380.875,1548653.75,1666220.25,1719680.75,1822187.25,1510525.5,1530846.125,1463235.5,1523150.625,1554440.5,1648398.625,1609893.875,1655033.75,1711220.5,1656328.625,1311438.375,1418484.5,1889464.375,1957620.75,1738274.75,1578027.5,1637659.75,1624435.25,1489809.625,1623427.5,1392335.875,1610876.375,1959536.875,1926664.0,1422418.0,1463750.5,1435015.375,1461612.0,1584038.0,1611380.5,1386741.75,1489999.375,1482860.75,1649653.0,1613926.875,1739755.75,1382414.75,1431300.625,1476738.0,1508501.375,1520996.75,1754114.375,1580249.25,1541073.375,1714667.375,1791584.25,1478354.875,1626741.875,1794631.25,1784071.625,1679990.25,1818158.75,1422431.25,1404200.5,1409551.125,1419510.625,1178053.125,1292589.375,1248092.0,1351722.625,1494975.75,1519501.375,1567643.875,1664558.5,897513.4375,922365.5,1170704.5,1146475.375,1178352.75,1093591.875,1511064.25,1431217.375,1903098.0,1754915.375,1196695.875,1235511.875,1470007.5,1589519.5,1283388.875,1355592.625,2218936.0,2159457.5,1339899.5,1288783.75,2025050.625,2335371.5,1285038.25,1476063.875,1419941.375,1406526.75,2406684.75,2109369.0,1872522.0,2182416.0,2003008.0,2614813.0,2733664.25,2731892.5,1474332.5,2066284.75
109,1368178.625,1291648.375,1383685.0,1332381.375,1619331.5,1499869.5,1590080.375,1401350.625,1500003.5,1349762.375,1571398.625,1653974.5,1729326.5,1892603.625,1604400.875,1568369.375,1684244.625,1711470.25,1843278.5,1754681.375,1680582.375,1644412.625,1437662.75,1511215.625,1524362.25,1544560.0,1577294.875,1568943.5,1749293.25,1717719.625,1917245.875,1816809.25,1523072.5,1418864.125,1562514.75,1332161.0,1425635.125,1468789.5,1615366.75,1841776.25,1727098.75,1753556.625,1269001.75,1177210.75,1093977.125,1065647.5,1257103.625,1498461.125,1232140.5,1178893.625,1247643.25,1303077.75,1529796.125,1567564.375,1532176.125,1577243.625,1544720.375,1515522.125,1430304.375,1489209.5,1575227.375,1591915.875,1980205.5,2155251.75,1408958.125,1441387.625,1431305.625,1338944.375,1418484.75,1390029.875,1695508.375,1705774.375,1746025.375,1838307.0,1439572.75,1197814.375,1658069.375,1642093.5,1661646.5,1863745.5,1118847.75,1152630.75,1418188.125,1432129.25,1312092.625,1376799.125,1630023.125,1625094.5,1281279.375,1289228.25,1330079.875,1333729.25,1304731.25,1297599.25,1413328.625,1334002.625,1273353.0,1387565.375,1277549.75,1259893.0,987292.1875,1023559.0,1359641.75,1241851.75,1633926.25,1822238.125,1379227.75,1423760.375,1367798.125,1412253.25,1534141.375,1259521.0,1597845.375,1297858.5,1310758.125,1304463.875,1367929.0,1356545.375,1734672.0,1613430.5,1913081.0,1939573.625,1740542.375,1864157.5,1501945.25,1539573.125,1639023.0,1719511.75,1780514.875,1834669.125,1665928.125,1740756.0,1790584.625,1956757.75,1404836.5,1517700.375,1873879.75,1995271.875,2013514.875,2064453.375,1618360.375,1833698.125,1547621.375,1669684.125,1716360.625,1817992.25,1521636.0,1538639.125,1461161.5,1519585.375,1555931.25,1648651.375,1609561.625,1655356.625,1714755.0,1656035.5,1314299.75,1422928.0,1892959.5,1958154.0,1741311.0,1570373.375,1633481.625,1623810.0,1490533.75,1624190.75,1390010.375,1608450.75,1951951.875,1927664.0,1414635.125,1459553.125,1433638.375,1458359.625,1582342.0,1611535.125,1383985.5,1489623.0,1482155.125,1647351.625,1614731.375,1741269.0,1381741.25,1429890.375,1473095.25,1506297.375,1520736.125,1754805.0,1582958.0,1540242.75,1720119.375,1796504.25,1471674.625,1629960.125,1795038.875,1788432.625,1681649.625,1819092.375,1423129.0,1402180.125,1412567.875,1424597.375,1175184.875,1286979.625,1246527.25,1349067.75,1498592.125,1519418.625,1568231.0,1668241.625,898952.6875,926631.0625,1166520.875,1143500.125,1179155.0,1097380.25,1506695.875,1434596.875,1902340.25,1754677.125,1196360.125,1236707.125,1468917.75,1589331.75,1281092.375,1356184.625,2219187.75,2158302.0,1339889.625,1288177.125,2028313.75,2340494.5,1285097.25,1474060.75,1417484.375,1402017.75,2412558.5,2114936.5,1872636.125,2183588.5,2005511.125,2620188.0,2737416.75,2736206.0,1474705.75,2066672.875
110,1370899.125,1294647.125,1383243.375,1335718.375,1615100.5,1501594.625,1589130.375,1403009.0,1499627.75,1349747.125,1572428.0,1654104.625,1729151.5,1891081.375,1604419.625,1570658.625,1683848.0,1716220.0,1843175.5,1754625.625,1680235.75,1645932.75,1437420.875,1511461.25,1529214.0,1549469.5,1581201.625,1572437.375,1748783.0,1717056.75,1916046.875,1813664.875,1522150.375,1416344.5,1565945.0,1334647.0,1422402.125,1467753.25,1613815.625,1840509.875,1726151.5,1757000.0,1266628.875,1177881.625,1095145.625,1066536.5,1259450.375,1498567.875,1230608.5,1177815.25,1248406.25,1304678.75,1531152.0,1565596.875,1533811.875,1575356.875,1535891.125,1509437.625,1430685.75,1487202.125,1569832.5,1587255.375,1979245.75,2154690.5,1411826.5,1442361.5,1432462.375,1337453.625,1408456.875,1388103.875,1697216.5,1707508.875,1743423.625,1840283.25,1443940.875,1203981.375,1658132.75,1642868.125,1659468.0,1871603.875,1117558.5,1158591.5,1412186.875,1433111.375,1313339.25,1383668.5,1632199.5,1636251.625,1277150.125,1286049.5,1330017.25,1335694.125,1303743.5,1304339.375,1408341.75,1334148.25,1275038.875,1391363.875,1274873.5,1265813.75,984119.5625,1023739.625,1358394.25,1243645.25,1635777.375,1823076.375,1378535.75,1423339.125,1365037.125,1412744.25,1532594.625,1258398.0,1600051.25,1301158.875,1320276.5,1327811.875,1358497.375,1361609.25,1739112.25,1621623.0,1930297.375,1946434.75,1743942.875,1870214.625,1502641.0,1539007.125,1629398.125,1713808.125,1765755.625,1827579.5,1662587.625,1740587.25,1783302.75,1950016.625,1404451.0,1522095.375,1873411.25,1996233.5,2011341.75,2056764.375,1618294.0,1832435.5,1547696.375,1674691.625,1714314.25,1816837.0,1529696.0,1543277.875,1467404.375,1525702.0,1556644.75,1650112.125,1610653.125,1657615.5,1714932.125,1656562.875,1320918.375,1430958.875,1889944.0,1961398.875,1737453.25,1572133.375,1634916.25,1618882.625,1493879.75,1627687.75,1387050.875,1602560.375,1953520.625,1923364.25,1412967.875,1452807.75,1432676.0,1457212.375,1581133.75,1611162.375,1386048.375,1491996.25,1480956.375,1645406.5,1614654.625,1743417.25,1379478.75,1430681.125,1468315.375,1503741.0,1522549.5,1756011.0,1579790.5,1534999.125,1727063.25,1802690.375,1460775.5,1627330.0,1800216.375,1792608.625,1688228.125,1822743.75,1419094.125,1399246.25,1415094.625,1427286.625,1166793.5,1278353.25,1242204.125,1346946.25,1496744.5,1516035.875,1563182.75,1667566.625,895532.5,926267.1875,1162744.625,1143734.0,1182181.0,1105906.25,1506544.0,1438180.75,1900958.625,1754460.75,1194846.375,1236628.625,1465279.0,1586296.25,1278968.0,1354327.625,2220302.75,2157176.5,1339175.75,1289200.0,2027070.625,2338798.5,1282550.375,1474984.75,1415875.0,1400860.5,2409723.0,2114976.75,1870898.25,2180330.25,2002253.5,2619886.0,2736194.75,2732779.5,1475477.125,2066424.625
111,1374488.875,1297131.875,1384938.375,1335526.75,1617997.625,1505895.875,1587351.5,1403003.5,1501013.5,1354349.75,1573797.875,1655748.0,1735012.625,1895091.375,1605825.875,1569704.0,1681132.875,1712567.625,1845161.5,1757830.625,1676563.375,1643179.125,1435445.625,1509278.5,1526322.625,1546002.375,1583139.375,1573912.625,1748216.125,1705869.125,1913716.125,1809587.125,1522673.5,1415384.875,1562513.875,1336938.5,1423299.0,1470872.25,1619083.375,1839688.25,1730368.5,1764009.875,1267900.25,1176296.875,1096171.5,1068343.875,1265618.75,1504037.0,1231260.75,1179638.625,1248380.125,1306128.125,1529236.625,1569513.25,1525918.625,1570770.375,1527353.125,1507059.625,1421892.25,1488578.0,1572042.375,1588061.125,1977525.5,2151581.0,1412301.125,1443962.625,1432883.625,1343180.25,1400537.5,1396533.25,1700629.0,1710030.0,1750980.0,1847396.125,1444597.0,1205151.625,1675459.75,1654936.5,1665965.375,1879026.375,1124678.875,1163617.5,1409343.0,1433539.5,1315154.375,1385977.25,1638719.75,1650994.75,1274552.25,1284722.625,1327092.625,1333931.625,1301917.125,1306304.75,1410354.125,1333513.625,1274127.25,1391271.625,1274994.75,1270513.125,984106.0625,1023190.125,1358474.0,1243290.875,1635189.875,1824279.5,1377478.75,1423142.125,1370327.125,1412711.5,1533062.125,1261606.125,1604830.75,1305585.125,1320933.5,1329238.25,1372899.75,1366841.75,1738222.25,1627272.5,1937816.0,1957320.0,1749180.75,1875200.25,1495948.0,1532209.5,1620657.625,1708411.625,1753247.625,1826650.375,1652133.125,1742091.0,1776520.25,1943279.75,1398890.625,1520163.75,1862629.625,1983978.25,2007257.5,2059092.5,1616054.625,1827851.25,1550230.25,1673829.25,1715912.75,1820034.75,1521889.625,1537037.25,1469079.125,1527715.0,1556599.25,1650588.375,1614333.0,1660224.0,1714914.125,1660468.25,1323603.375,1433297.5,1885844.125,1965435.375,1730105.25,1577691.5,1639800.75,1621639.375,1495220.75,1626137.375,1388414.5,1602317.5,1961830.75,1924956.25,1416439.375,1455241.75,1433585.5,1459059.375,1583600.625,1611301.0,1392669.75,1498986.625,1484556.875,1649132.125,1616019.875,1745407.25,1381693.5,1436108.375,1470723.375,1507219.75,1526978.625,1760591.375,1572150.5,1532003.5,1722777.125,1800236.625,1460695.125,1621389.75,1802719.0,1792421.875,1689809.375,1823088.875,1409419.25,1396228.0,1414658.25,1427303.75,1164929.125,1276157.625,1239426.125,1346805.75,1489109.0,1505903.375,1555049.625,1657152.125,893797.0625,922260.5625,1164435.5,1145597.0,1183059.625,1105788.375,1511203.375,1437216.625,1900847.375,1753647.625,1195346.375,1235791.0,1464254.5,1584440.625,1280619.375,1352670.625,2220971.25,2157653.0,1339588.875,1289722.0,2020842.625,2332766.25,1281892.5,1477500.25,1417498.25,1403779.875,2402511.5,2108563.75,1869343.375,2178804.25,1998634.0,2615753.0,2730038.25,2725908.75,1475096.125,2065417.0
112,1375444.375,1298781.75,1387599.25,1336059.625,1623769.75,1509935.5,1590058.875,1404959.75,1505259.75,1360330.625,1574239.375,1657141.125,1738274.5,1897644.625,1608027.875,1567199.375,1680486.375,1707816.125,1846695.5,1760147.875,1674252.5,1641936.75,1436031.5,1506587.375,1521823.625,1539574.875,1581568.5,1574374.0,1745673.25,1700889.125,1913899.875,1813013.5,1522558.125,1414363.625,1556068.375,1336683.25,1425145.875,1472405.375,1627587.25,1839481.5,1733578.375,1766844.875,1269982.5,1174328.875,1096308.75,1069312.625,1270706.25,1507521.125,1232077.0,1180468.125,1247087.0,1303692.25,1526873.25,1573922.25,1521246.375,1571841.875,1535641.875,1514780.25,1427949.25,1502062.875,1579241.625,1595304.0,1974954.0,2149858.5,1413836.0,1447009.125,1436279.625,1351923.625,1408072.0,1397592.25,1700710.0,1709225.625,1755594.75,1847515.5,1440318.75,1200420.125,1672166.375,1659232.375,1665353.875,1875265.875,1125359.0,1160542.875,1411958.125,1433509.375,1311335.375,1380778.25,1636634.125,1648800.0,1274392.75,1286562.125,1322400.75,1328415.625,1303722.875,1300034.125,1412324.125,1333055.375,1265214.125,1383571.875,1274425.125,1266266.125,983961.8125,1020724.5625,1358727.75,1241436.875,1633446.75,1824468.5,1376481.375,1422487.75,1367963.25,1409362.5,1539851.375,1265302.75,1603518.5,1307267.875,1315073.875,1310139.5,1375645.875,1361199.125,1737554.75,1626555.0,1924803.125,1957062.0,1743153.125,1870384.0,1492074.125,1535159.625,1622892.125,1715474.0,1763613.0,1839099.5,1652451.25,1752223.0,1781744.375,1952620.375,1394921.25,1516452.5,1857636.25,1978110.625,2008570.125,2071582.875,1614691.125,1828192.75,1549963.125,1669949.5,1717077.25,1822090.625,1510134.75,1529964.625,1465233.5,1526817.5,1554896.375,1649241.625,1614030.375,1659937.0,1715894.375,1664031.25,1318976.75,1426749.625,1885716.75,1965217.75,1734402.25,1589686.75,1639899.0,1624970.625,1493315.625,1621657.25,1390591.125,1606749.5,1958636.0,1927406.5,1417214.625,1460073.5,1433788.125,1460087.0,1585706.25,1612093.75,1392470.75,1501771.0,1486112.75,1650237.0,1617466.875,1745914.25,1385042.875,1441074.25,1476432.25,1513327.875,1528333.0,1761715.875,1571048.0,1536769.875,1715949.25,1793864.75,1467637.0,1623180.875,1802367.25,1793418.375,1686681.5,1819814.125,1404962.25,1393386.25,1410391.125,1421561.875,1169476.875,1278013.0,1237916.125,1346011.25,1484764.125,1503776.25,1552852.125,1652814.375,893842.5,918359.125,1164532.25,1140359.625,1180815.875,1099791.25,1510964.375,1435632.375,1901564.875,1753249.5,1196033.0,1235309.375,1465476.625,1585702.25,1281468.125,1353784.375,2221167.75,2158793.25,1339734.375,1288657.25,2017193.125,2334581.0,1282903.5,1475821.625,1419547.25,1404081.0,2403668.25,2105961.25,1870050.0,2182423.5,2001744.625,2617036.0,2729008.25,2726204.25,1472364.875,2066118.125
113,1372631.625,1297435.125,1390188.875,1338467.625,1622474.875,1509117.375,1596575.25,1407136.875,1507266.125,1361264.0,1572802.25,1656306.875,1732862.125,1892641.875,1607232.875,1565216.875,1683795.75,1708643.875,1843692.625,1756763.125,1675074.375,1642923.375,1437717.875,1506450.875,1522095.625,1537691.125,1578857.125,1574218.0,1744642.625,1706240.75,1915799.0,1818772.125,1522793.375,1412781.25,1555694.25,1333146.375,1425625.25,1470177.875,1631414.375,1840705.625,1728332.5,1761983.125,1270234.5,1174130.25,1096517.625,1069531.25,1268668.375,1501146.875,1231925.875,1179498.0,1247056.125,1300732.75,1526704.25,1574098.25,1524258.5,1577714.25,1547644.625,1525839.5,1441822.5,1517916.75,1582451.5,1599095.0,1973069.875,2151150.75,1416410.125,1449408.0,1438089.125,1353675.625,1409987.875,1386031.875,1701179.75,1705484.125,1750679.25,1839967.125,1437283.375,1198029.0,1663524.25,1652883.25,1661174.625,1870417.875,1120348.625,1155802.75,1412744.0,1432635.875,1305751.0,1375739.75,1632684.625,1643645.125,1272468.875,1283826.625,1320804.875,1326349.625,1307353.375,1300386.0,1408681.875,1331633.875,1257858.375,1378713.25,1273084.5,1261167.125,981111.375,1019282.625,1359875.0,1242610.625,1632880.25,1824338.5,1377719.5,1422115.5,1365446.75,1407418.25,1545903.5,1265265.5,1605699.75,1309149.75,1319597.125,1314182.375,1365301.0,1356075.125,1739349.0,1625282.0,1923263.125,1956273.25,1739337.75,1868384.0,1498287.875,1549313.375,1629902.5,1728128.875,1780718.625,1856338.25,1661603.875,1764638.75,1792211.25,1970284.75,1396414.5,1515772.0,1862942.75,1986734.5,2012873.125,2080555.625,1616007.5,1833555.75,1548303.25,1670110.0,1716786.375,1821996.875,1505573.75,1527973.875,1462666.875,1528705.125,1552715.375,1648094.375,1608891.0,1656170.125,1716107.625,1665008.625,1314388.125,1420627.0,1887484.125,1962795.375,1745227.25,1604366.625,1638268.0,1620186.0,1489997.375,1621026.0,1389051.375,1605994.5,1950514.125,1919211.5,1419161.125,1458528.25,1432413.125,1459158.5,1583591.375,1609668.5,1388539.625,1497482.0,1481013.25,1646098.375,1616406.875,1743509.875,1383952.75,1440896.25,1476356.0,1512444.125,1524862.25,1754751.875,1571549.0,1534994.5,1714254.875,1789589.375,1465506.5,1624942.375,1799584.75,1792767.375,1683510.125,1817277.875,1407926.75,1390996.5,1408692.0,1416661.375,1170117.5,1278909.625,1236838.625,1345683.375,1483378.875,1509548.875,1557668.5,1658887.625,894099.25,917318.1875,1163591.875,1137905.875,1180362.75,1100203.25,1509620.25,1435756.0,1900995.25,1752893.375,1194661.625,1234682.75,1465732.75,1586376.625,1279848.875,1354903.875,2222414.0,2159775.75,1338482.625,1287900.625,2018346.375,2339939.75,1282179.125,1471231.125,1418670.625,1401917.25,2408975.75,2108513.5,1871404.875,2184877.5,2005121.375,2620835.0,2734240.25,2731794.5,1469320.375,2067474.5
114,1371082.875,1294445.5,1390531.375,1336397.25,1616557.75,1502112.5,1599253.0,1405543.375,1506827.875,1359179.875,1570935.625,1655062.875,1726993.625,1887213.5,1605432.0,1564146.625,1685476.375,1708952.5,1839979.125,1751730.75,1676482.375,1641728.5,1435732.25,1507431.0,1523266.875,1538676.75,1576275.25,1571188.75,1746941.625,1707729.875,1916166.875,1817774.75,1522880.375,1412876.125,1557969.875,1328037.875,1425206.25,1468281.125,1625113.0,1839721.0,1724177.5,1759833.625,1269592.5,1173539.75,1097263.875,1069703.125,1263474.375,1493321.75,1232497.375,1180131.0,1247126.875,1300739.375,1527593.5,1572790.25,1526338.625,1579170.375,1547190.375,1525262.625,1440646.125,1514336.625,1579152.75,1594831.0,1973719.75,2151075.75,1416527.75,1449335.0,1437358.375,1351558.875,1400966.5,1380664.0,1703311.875,1704576.0,1749303.875,1836460.875,1438863.0,1198873.25,1675258.75,1650986.75,1667293.5,1870289.5,1122775.75,1155913.375,1410801.125,1432347.375,1304437.375,1373999.375,1638266.75,1647616.875,1270619.25,1278330.75,1323519.25,1329820.125,1306059.25,1308187.875,1407455.0,1330429.25,1261637.375,1382486.5,1274469.875,1262973.375,980362.8125,1021490.75,1362257.0,1245189.125,1633415.875,1824862.375,1379481.625,1423478.625,1376744.25,1411960.375,1544822.5,1266341.5,1614348.5,1311083.25,1327316.125,1333777.625,1376400.25,1363178.75,1734702.25,1623848.875,1936772.875,1957719.25,1746029.875,1871056.25,1505239.625,1553069.25,1632202.875,1728337.0,1778677.625,1854403.25,1664092.625,1762239.25,1792390.875,1969817.75,1397114.25,1512238.125,1866232.875,1991198.0,2012884.125,2075969.75,1616731.75,1833959.0,1548127.625,1670245.625,1717769.5,1821893.25,1506745.875,1527832.75,1463188.0,1529613.375,1553169.625,1648448.875,1607703.625,1652874.875,1715595.875,1663465.25,1317147.375,1423797.0,1887892.125,1961653.5,1748633.375,1602556.375,1641634.75,1619075.875,1489905.5,1623385.125,1387087.75,1600884.75,1956211.125,1914247.5,1424797.25,1458057.0,1432477.0,1459239.0,1580243.25,1605402.75,1394033.75,1498372.875,1481087.5,1649074.125,1613752.875,1740462.25,1384208.375,1440017.5,1475535.5,1510548.125,1524640.875,1754223.375,1570144.375,1527300.25,1715988.375,1790853.5,1458544.625,1621338.875,1797954.625,1788263.5,1682806.375,1817672.5,1411755.375,1392158.25,1410187.875,1418150.0,1166757.375,1278211.375,1238368.875,1346546.0,1483632.25,1511893.5,1561860.375,1660787.625,895533.25,918881.3125,1168147.75,1144846.375,1181353.0,1101693.5,1513679.125,1434175.125,1901225.0,1753272.75,1193849.75,1233792.0,1466003.25,1585858.0,1279868.875,1354328.5,2224191.25,2160434.5,1339138.875,1288670.125,2015231.75,2336809.75,1279261.375,1467348.125,1415777.25,1400843.25,2406966.25,2106214.75,1870048.625,2182606.0,2001990.875,2619208.25,2735895.75,2734424.75,1465068.75,2064723.75
115,1375219.5,1296582.125,1389586.75,1332131.375,1613222.75,1494802.5,1598282.75,1404623.75,1507180.75,1357326.75,1571781.375,1656266.0,1726673.375,1887030.875,1604905.0,1562634.875,1685338.5,1707395.875,1840994.25,1749886.625,1676968.375,1640360.875,1432240.375,1506453.25,1523505.125,1540354.625,1573008.125,1566894.5,1750831.25,1707263.625,1917533.875,1813944.625,1523299.875,1414416.5,1560202.75,1324309.875,1426753.125,1468910.125,1620214.375,1837592.625,1725095.25,1761307.75,1271629.75,1172037.875,1098205.0,1070012.125,1260719.75,1490084.125,1234357.75,1182771.5,1248024.25,1300769.25,1530297.5,1571379.375,1526952.875,1575624.25,1538443.5,1516051.875,1426680.375,1492199.5,1576861.125,1591559.25,1979252.25,2149819.5,1411495.5,1444264.125,1434576.75,1347798.75,1403496.5,1384454.75,1703878.5,1706381.75,1753331.0,1839631.125,1443667.5,1200053.875,1677530.125,1649710.125,1672359.5,1867880.125,1128472.0,1159077.875,1412523.375,1434629.875,1304928.0,1372847.5,1643834.25,1646064.125,1274439.25,1279100.25,1326308.5,1333090.375,1304111.75,1307768.0,1411094.25,1332244.0,1269169.125,1385312.5,1277858.25,1265467.375,983096.3125,1025447.4375,1364281.25,1245286.875,1635611.75,1824738.0,1379590.25,1424856.25,1385524.5,1414523.125,1540355.75,1266081.75,1612589.5,1306902.75,1325613.875,1329649.625,1389387.875,1371339.375,1730396.75,1623887.0,1940304.625,1950391.375,1750517.0,1869240.0,1505015.125,1540364.625,1628321.125,1718580.625,1762875.75,1833194.375,1656809.25,1745571.5,1783332.75,1951475.875,1394536.125,1505337.0,1865892.5,1986637.25,2010740.25,2063977.875,1616359.375,1830537.25,1546450.625,1667304.0,1719149.0,1820632.125,1511197.375,1529462.5,1463247.875,1523749.0,1554465.875,1648813.75,1610704.0,1652716.0,1716166.75,1660126.0,1322733.25,1430378.25,1888048.5,1960864.625,1743574.75,1583580.375,1644732.125,1624128.5,1495621.25,1625107.375,1390088.625,1601585.0,1963728.5,1923131.5,1422893.875,1459915.75,1435548.875,1460186.375,1579190.0,1605477.0,1397769.0,1502349.75,1488007.75,1656127.875,1613045.5,1741059.25,1388450.25,1440051.875,1476019.0,1510738.5,1527350.125,1762151.5,1576626.125,1533866.75,1719517.125,1797131.0,1458754.25,1623125.75,1803028.375,1790508.125,1684925.0,1819687.625,1413521.625,1397605.25,1409262.875,1419885.25,1164461.875,1275854.75,1241053.5,1347376.375,1487068.0,1510277.25,1560776.25,1657440.75,895753.0625,919103.6875,1169471.125,1143919.0,1180413.0,1097116.625,1514032.25,1432146.5,1902698.375,1754923.75,1194858.625,1234433.625,1467565.25,1587773.5,1280767.25,1354527.125,2223671.5,2159970.0,1341465.75,1289878.5,2012216.75,2333104.75,1277616.625,1467908.125,1415035.375,1401773.0,2404780.25,2103952.5,1868753.125,2182980.5,2000658.5,2617847.5,2734814.5,2736465.0,1463274.75,2061811.25
116,1378096.375,1300747.875,1390284.125,1333817.25,1615011.125,1496365.125,1597637.75,1407549.0,1503930.375,1352791.5,1574341.125,1658661.125,1730074.125,1889043.375,1603307.625,1561605.375,1687210.75,1709542.375,1844181.875,1751910.75,1677168.125,1643667.875,1433116.0,1505803.875,1523682.125,1542722.875,1572485.875,1568190.875,1752416.375,1711489.375,1919709.125,1817646.625,1526011.375,1417236.125,1564344.0,1327817.5,1429954.625,1471946.625,1627034.0,1841038.125,1724905.0,1760056.0,1274290.75,1172088.5,1098612.25,1070509.375,1261281.5,1490937.25,1234895.875,1184101.75,1250737.75,1301473.5,1533245.25,1571779.25,1528792.75,1574677.875,1530987.5,1512629.0,1413235.125,1472259.125,1579201.0,1596234.375,1984418.125,2151562.75,1401506.125,1433960.0,1425815.0,1334830.25,1413524.375,1384136.25,1703038.625,1706844.875,1752918.125,1843240.0,1447892.125,1201664.375,1666298.75,1648260.75,1669689.25,1864761.0,1130066.0,1163124.75,1419924.625,1438544.5,1309094.875,1375139.125,1644746.25,1640310.0,1278752.875,1282894.125,1326386.75,1332928.125,1308061.75,1303130.125,1415741.125,1336543.75,1272734.375,1383453.625,1280654.875,1267656.375,986718.5,1027608.5,1364825.625,1243962.125,1636045.5,1822992.625,1379574.5,1424302.75,1380932.5,1412189.5,1541738.375,1263264.875,1605794.5,1301568.125,1323692.125,1317220.625,1379104.125,1370733.375,1736594.375,1626072.875,1937814.625,1942381.75,1750302.375,1865968.0,1500807.875,1528865.5,1624959.125,1714180.625,1759203.0,1823304.375,1649062.375,1732797.625,1779805.0,1944936.125,1394746.875,1505606.125,1867755.375,1987521.625,2012182.75,2062944.75,1616898.25,1834159.25,1544651.75,1667709.125,1719578.375,1820984.5,1513845.375,1531770.5,1458685.25,1512846.625,1553757.0,1648437.25,1609716.5,1651578.0,1716935.75,1659475.875,1322459.25,1430971.375,1888500.875,1959783.0,1733971.75,1567739.5,1643895.875,1623089.0,1498496.125,1627493.625,1393986.875,1606535.375,1959676.0,1929089.5,1417394.625,1458145.125,1437537.375,1460587.5,1577576.375,1607009.0,1393126.25,1500356.25,1488957.125,1654596.5,1613461.375,1742848.125,1387616.625,1435914.125,1471947.125,1504822.125,1527290.375,1762425.25,1583207.125,1545220.375,1717273.0,1795923.25,1462511.25,1627620.75,1803704.125,1793889.375,1683894.375,1819297.75,1413315.75,1401199.75,1408848.875,1419435.875,1165657.5,1276833.0,1241104.875,1347932.25,1487158.375,1507783.25,1558492.125,1659375.25,893526.9375,916291.4375,1164235.375,1133020.625,1180422.25,1096196.0,1508174.875,1432813.875,1902407.75,1754616.75,1195342.75,1235971.375,1467650.5,1589033.0,1281016.25,1355863.75,2222605.75,2159485.5,1340523.75,1289795.875,2017985.125,2336152.25,1279218.0,1471737.875,1416335.75,1402609.625,2408724.5,2108247.25,1869793.25,2185465.0,2003964.625,2620037.75,2736589.0,2738663.0,1467737.25,2063507.125
117,1373829.625,1299703.0,1392082.625,1338898.75,1620728.375,1505847.5,1596537.375,1409438.75,1498210.75,1347714.875,1574421.5,1659384.125,1733916.25,1891881.375,1602207.125,1563478.625,1688497.125,1713392.75,1844709.25,1756146.5,1677221.5,1648448.25,1436028.75,1508757.25,1521320.25,1544510.5,1575830.875,1573300.375,1751551.5,1715236.125,1918408.125,1824997.5,1527898.125,1420557.5,1566219.125,1333899.625,1430083.875,1474304.875,1632783.25,1847074.375,1725975.375,1760495.625,1273971.875,1173650.25,1098378.75,1070896.0,1263781.125,1494379.25,1233165.25,1182610.0,1251221.625,1304180.125,1531615.375,1574751.5,1529110.75,1577164.25,1530557.125,1515338.0,1409561.5,1470132.625,1579103.125,1601529.25,1982522.5,2155249.5,1398228.875,1430402.375,1420282.25,1324656.375,1415018.0,1383624.375,1701473.375,1707205.375,1749377.625,1844237.75,1445325.625,1202858.875,1670633.375,1655661.875,1668853.75,1865853.875,1127391.625,1163257.625,1424587.875,1440827.5,1315628.125,1381552.625,1642070.25,1641359.5,1277839.875,1284678.0,1325332.875,1331383.25,1311142.625,1304857.5,1418037.75,1338322.25,1273618.375,1383880.875,1279233.375,1270133.625,988335.0,1026784.6875,1364433.75,1243885.875,1632272.5,1820803.75,1379830.75,1422708.875,1378567.375,1413585.625,1546039.125,1264779.5,1607768.5,1302825.75,1324026.375,1319581.0,1372128.375,1369851.25,1738826.25,1622379.75,1935781.125,1943075.75,1749468.0,1865242.625,1500295.0,1532681.5,1628957.0,1718619.625,1770078.25,1832414.75,1649982.375,1734496.5,1785548.75,1957025.75,1399617.125,1514160.0,1869198.75,1993889.75,2015467.0,2072810.375,1616889.75,1839961.125,1546917.875,1671175.625,1720202.125,1824941.875,1512896.0,1531625.75,1455479.375,1509359.375,1554545.0,1648858.875,1607680.625,1650758.75,1716597.875,1661978.125,1320196.25,1429793.125,1888419.625,1959640.5,1729774.625,1567616.25,1642377.0,1620503.5,1493097.25,1627797.375,1392286.5,1607399.0,1953947.5,1923972.5,1418719.75,1457255.125,1434655.625,1460439.25,1577222.875,1607547.875,1392279.375,1497766.875,1483802.0,1649779.875,1613082.0,1741943.25,1380935.875,1429837.125,1468334.125,1499223.25,1526590.5,1756277.75,1576465.125,1537911.75,1710321.125,1787886.125,1466066.125,1624797.625,1793768.375,1784346.625,1679669.625,1816310.125,1413127.75,1397713.75,1412128.625,1421089.5,1170379.5,1283413.375,1240749.875,1347881.75,1486054.875,1508908.625,1561377.0,1665405.75,894044.6875,916116.125,1164765.125,1132215.875,1181705.0,1100578.5,1505992.75,1434089.5,1901922.375,1752414.625,1195425.375,1236366.0,1466061.25,1586360.5,1282418.125,1356467.125,2224411.75,2160019.0,1337599.875,1288705.75,2021198.75,2336374.75,1281846.875,1470892.25,1415694.375,1401138.625,2409802.0,2108561.25,1869505.5,2182328.0,2003316.875,2618212.5,2736700.25,2736863.25,1469477.5,2064330.0
118,1370095.875,1298261.25,1393010.75,1339476.5,1624617.5,1510523.75,1596329.25,1409615.125,1500101.75,1349435.875,1572175.75,1657853.375,1734180.375,1894426.75,1603663.625,1565767.5,1687050.75,1712767.25,1842550.125,1757695.625,1676882.625,1647775.5,1435813.25,1511155.0,1518662.375,1544023.0,1577794.5,1574841.875,1751364.0,1713588.5,1916515.875,1823504.375,1525180.875,1418738.25,1562779.0,1331745.625,1425963.375,1470996.875,1627374.0,1846384.375,1728741.5,1762096.375,1272205.625,1173548.625,1097528.0,1070523.375,1265764.125,1495653.75,1231196.625,1180024.625,1248188.0,1302715.0,1527548.625,1575193.625,1527874.5,1577637.75,1535740.875,1517162.125,1417276.875,1484170.875,1575455.25,1600768.375,1977239.75,2154834.75,1408645.125,1440300.5,1428070.75,1334787.875,1416484.25,1389050.125,1701761.875,1708638.0,1747995.625,1842941.0,1441698.125,1204759.375,1674228.75,1659920.75,1668095.25,1870756.5,1121569.625,1158384.625,1419615.375,1438760.25,1316487.75,1385716.125,1634923.75,1642749.375,1276156.75,1286935.375,1325140.75,1330906.375,1307372.875,1301635.75,1414613.125,1334228.125,1273291.5,1386362.625,1273309.375,1266314.0,984067.5625,1023371.125,1362612.625,1242692.125,1630390.75,1820515.0,1379190.75,1422721.125,1375100.5,1413761.25,1544570.25,1266421.5,1605128.5,1303513.75,1318999.25,1317720.625,1370984.875,1367574.625,1730232.625,1614987.375,1932568.375,1948004.75,1747733.125,1867244.25,1503141.25,1543247.25,1634009.875,1723500.625,1775642.25,1839058.875,1657620.875,1743940.875,1790343.875,1963620.5,1403290.625,1519483.0,1867358.125,1993447.625,2015375.875,2073678.5,1614894.375,1835382.625,1548992.5,1671204.625,1719908.0,1824119.25,1515740.875,1533400.0,1463020.375,1520390.125,1557699.0,1649900.875,1611202.125,1655701.125,1716080.625,1662574.375,1322104.875,1430171.0,1887288.75,1959866.625,1736935.375,1577988.125,1639682.125,1623324.375,1489316.625,1623225.375,1387867.375,1604620.625,1952985.5,1920975.5,1416825.0,1458877.125,1430122.875,1459048.375,1582757.75,1611355.625,1391818.25,1497695.75,1481005.75,1649064.375,1614332.625,1741944.375,1380667.625,1431230.75,1471538.25,1504659.75,1526698.625,1754733.625,1568681.875,1524528.125,1712986.75,1789187.875,1470662.375,1622624.75,1791605.125,1778232.875,1682651.5,1816754.25,1413570.625,1393307.75,1415083.5,1422859.125,1173351.625,1286461.0,1242410.625,1347895.0,1493286.25,1517047.625,1564909.25,1667197.75,898106.375,921573.8125,1168534.625,1139989.125,1180949.125,1101884.5,1506997.625,1435120.5,1902486.375,1751408.75,1196343.625,1236018.25,1465732.0,1584563.375,1282182.5,1355653.875,2225209.5,2159649.5,1337610.0,1288698.5,2014691.125,2333401.0,1283244.125,1466155.75,1414257.375,1399280.25,2407452.5,2102953.0,1868208.0,2179598.5,2000882.875,2615394.75,2734204.0,2735638.5,1464953.5,2062365.75
119,1372959.625,1300278.875,1392070.75,1335862.125,1622537.875,1506043.375,1598581.0,1410898.25,1508156.25,1355962.375,1571656.75,1655680.0,1731772.0,1892796.5,1604512.375,1565072.125,1686356.75,1709100.625,1841584.625,1754725.125,1677546.375,1643879.75,1434672.75,1508605.625,1520881.25,1540491.25,1577659.375,1573445.0,1751656.0,1709667.25,1917661.125,1816218.5,1521104.5,1412670.875,1561727.0,1327504.625,1422453.0,1465724.125,1621087.375,1840523.375,1727849.5,1759515.625,1269902.25,1172001.5,1096163.5,1069644.875,1266386.375,1493989.5,1230612.75,1178918.0,1247019.0,1298564.0,1527086.125,1570753.25,1528491.0,1575411.5,1536398.125,1515356.25,1425879.375,1496581.5,1575555.5,1597477.125,1975382.625,2149961.25,1418391.875,1449195.5,1439184.25,1351413.0,1418243.0,1391019.125,1704190.75,1707492.875,1747531.75,1839913.75,1445477.75,1205909.25,1663183.5,1651445.125,1664411.625,1873649.875,1118366.0,1156147.125,1411459.25,1433949.875,1311809.375,1381903.375,1631282.875,1641400.375,1274869.625,1287260.25,1325547.875,1332155.25,1304527.125,1294379.5,1409349.25,1328786.625,1271816.75,1384904.25,1270273.125,1261531.875,977502.9375,1019535.125,1360443.75,1239823.75,1633407.75,1823338.375,1378774.375,1424769.125,1362382.625,1407051.125,1540870.125,1261886.25,1597548.75,1302214.5,1315181.5,1316591.125,1361402.375,1361818.375,1729221.375,1618920.0,1938113.875,1952728.375,1747464.625,1872808.5,1502529.25,1544580.25,1631559.5,1723180.375,1769685.125,1833569.375,1660332.25,1747376.375,1788345.375,1956186.625,1403036.0,1514769.875,1866057.5,1987616.0,2009771.125,2062739.25,1613809.0,1826587.0,1547363.75,1668576.375,1716602.375,1816398.125,1522272.375,1539397.625,1472736.5,1532017.125,1557325.125,1649265.875,1613430.625,1658524.875,1714087.25,1659647.125,1322005.75,1426947.0,1883315.0,1957142.375,1740968.0,1582244.25,1636733.75,1622474.375,1493248.5,1622130.125,1386360.0,1602484.625,1956108.125,1923201.125,1411066.125,1457334.625,1430029.125,1457522.25,1584607.375,1611367.875,1387640.125,1498038.875,1480681.5,1648123.5,1615797.0,1744368.125,1387208.125,1439319.25,1476153.625,1511791.75,1526226.375,1756452.375,1574125.75,1529469.125,1721471.25,1794568.125,1470303.625,1627280.875,1800796.625,1788687.0,1688402.25,1819247.875,1414510.625,1396169.75,1415170.5,1420332.625,1172104.375,1284442.625,1243808.75,1349678.0,1498122.375,1521996.625,1563011.5,1664370.75,898908.875,924942.5,1165180.5,1140258.875,1180297.0,1103305.25,1506218.75,1437425.125,1900629.375,1750944.375,1196362.875,1235314.125,1465169.875,1585259.125,1278157.0,1353625.125,2222062.25,2158399.75,1339208.875,1289529.0,2012017.375,2334939.0,1283410.625,1467841.0,1415386.0,1399969.25,2407930.25,2103263.75,1869291.25,2182959.75,2002225.75,2618256.75,2734429.25,2737161.5,1465972.0,2063896.0
120,1374974.875,1298233.875,1388078.5,1333124.125,1617243.375,1498914.5,1597228.375,1409174.875,1510476.0,1359092.5,1572984.625,1653973.875,1730343.625,1888623.125,1604291.5,1564543.75,1687402.75,1707641.5,1843991.75,1752238.625,1679860.625,1642621.375,1435569.75,1506209.25,1524701.5,1537660.5,1578904.375,1572039.625,1751492.125,1708881.25,1918561.75,1813405.75,1520907.0,1411480.625,1566037.75,1329291.875,1423024.0,1466156.5,1621243.375,1837778.375,1725183.25,1755471.875,1268426.375,1171960.75,1095665.375,1068746.375,1264899.375,1493963.375,1231916.625,1180246.375,1249332.5,1299899.625,1528982.5,1566587.25,1530009.125,1573476.375,1534006.75,1513117.375,1430410.75,1498396.125,1578839.375,1595178.25,1977508.375,2147983.0,1416914.375,1447517.75,1441812.125,1354614.375,1407863.0,1387375.0,1702617.5,1704632.0,1748526.125,1838769.25,1445050.0,1200918.875,1666487.75,1646205.375,1663652.625,1871059.625,1118062.875,1156551.125,1407204.5,1429977.5,1306453.875,1372901.375,1631337.25,1640269.5,1271405.25,1282865.625,1325374.5,1332702.625,1305173.0,1299472.0,1406716.875,1327764.625,1268145.75,1381934.75,1272161.875,1261968.375,977152.75,1018909.6875,1360303.125,1240498.75,1635637.375,1825756.0,1378844.875,1424576.375,1362280.625,1405715.75,1538850.25,1258923.5,1603462.75,1305230.75,1318758.5,1328791.125,1366441.75,1365687.75,1737827.375,1629002.5,1942968.0,1955323.75,1747278.875,1875475.5,1499842.25,1540852.0,1627109.125,1721262.375,1764752.0,1831105.25,1657731.5,1746063.25,1784609.875,1951726.125,1400268.25,1507561.125,1867959.0,1985647.625,2005052.875,2059273.5,1615730.375,1826547.625,1546111.125,1667649.375,1713681.25,1813856.0,1521666.625,1540031.5,1470669.625,1531003.5,1552987.0,1647618.5,1608151.625,1652908.0,1711668.75,1656447.75,1318256.625,1423283.0,1882006.625,1956179.375,1737875.0,1580805.5,1639276.875,1617564.875,1497121.875,1627561.875,1387218.5,1601656.75,1963422.5,1923437.75,1416850.625,1455877.875,1434377.0,1459145.5,1577822.625,1604302.375,1390304.625,1499572.5,1482021.25,1647133.125,1613958.5,1744807.625,1388585.25,1443385.625,1477120.25,1511237.25,1525265.625,1757159.875,1582911.25,1542585.0,1723323.5,1794118.25,1464161.75,1630439.125,1805288.625,1797291.5,1685750.125,1818978.875,1415496.625,1399713.75,1411361.375,1416661.875,1169975.125,1282544.375,1242158.375,1350116.375,1491556.125,1517390.375,1560032.375,1660718.375,896836.5,922303.0625,1163206.875,1139709.625,1181669.875,1105406.0,1508563.125,1438481.75,1898396.875,1751019.375,1195719.875,1234890.875,1464018.0,1585758.0,1277259.75,1352711.25,2220976.5,2158811.0,1340361.75,1289599.0,2020453.0,2337821.75,1283490.125,1475642.0,1417426.25,1403447.125,2409154.25,2110761.25,1871503.875,2184565.5,2002880.0,2620582.0,2736488.0,2737790.0,1474302.5,2068692.875
121,1371300.0,1291405.125,1383694.875,1333032.375,1613996.0,1495574.625,1591415.625,1402944.75,1504914.0,1357000.75,1573853.625,1653741.875,1729442.5,1888171.625,1604808.0,1566244.125,1686471.0,1708672.75,1845883.0,1752843.375,1680927.75,1642758.5,1436256.375,1508138.5,1525291.25,1540104.75,1580435.0,1571117.5,1750387.125,1710616.0,1917371.5,1815148.75,1523609.125,1415657.5,1566791.5,1332341.125,1425266.25,1469833.5,1622221.375,1838988.375,1725825.25,1753910.375,1269979.0,1173300.75,1096371.25,1067701.75,1262311.5,1497214.0,1233432.875,1181763.875,1250397.75,1303523.375,1528152.75,1566658.75,1528575.625,1573527.125,1538465.125,1515619.75,1434922.625,1499901.5,1579402.125,1594330.25,1978595.5,2150902.0,1413169.125,1444635.875,1437772.625,1349446.625,1395998.375,1387042.375,1698132.5,1704980.25,1752231.125,1842433.75,1435081.75,1195198.125,1683512.25,1649846.75,1665657.25,1871258.625,1116251.75,1153582.5,1404808.625,1427347.75,1302315.0,1367911.25,1628577.875,1638987.375,1269517.875,1279068.25,1324470.625,1330061.25,1301317.875,1306411.375,1403794.625,1329094.125,1262407.25,1382208.25,1272091.875,1259866.875,980562.25,1020392.0,1359421.25,1242894.375,1633828.125,1824057.75,1377415.875,1420832.75,1376882.625,1412041.5,1533714.25,1260816.25,1611845.5,1306814.75,1319511.875,1326751.0,1386675.875,1370757.875,1737736.25,1627439.5,1932219.875,1956517.375,1742768.0,1871432.625,1500291.5,1543449.25,1627366.125,1720991.375,1768492.75,1841804.875,1659622.125,1751645.75,1784300.75,1958275.5,1396925.375,1509140.375,1870727.125,1988562.25,2009037.25,2069957.375,1618463.375,1833893.5,1547508.0,1669425.875,1715248.5,1819782.5,1515102.625,1533714.625,1463502.875,1526165.5,1551619.875,1648337.5,1604171.375,1650419.5,1713149.875,1656829.375,1317437.0,1423861.5,1888525.875,1962460.125,1741702.75,1588489.875,1644569.0,1618901.125,1494825.75,1629424.0,1387926.75,1602679.625,1967985.875,1924246.5,1426399.125,1458852.125,1436577.125,1461951.0,1577576.875,1606613.625,1395991.375,1498971.375,1486251.375,1651239.0,1612879.0,1743293.5,1385223.5,1439794.5,1475068.375,1508686.5,1523741.375,1758063.25,1582081.375,1541167.375,1723671.75,1797201.875,1462696.75,1629283.25,1803200.375,1794548.625,1683496.0,1820443.75,1413441.0,1396169.25,1405611.625,1416229.125,1168151.875,1277787.0,1237721.5,1345725.75,1488475.375,1514718.125,1558885.875,1658564.125,896183.8125,918921.8125,1169596.75,1145989.875,1182264.125,1101321.875,1514089.375,1436256.375,1900963.75,1753377.875,1196619.5,1236232.75,1466760.0,1587450.625,1282057.375,1354610.125,2223331.5,2160184.75,1341746.0,1289892.5,2025526.125,2335836.75,1284350.0,1478955.875,1419211.375,1407822.625,2408186.75,2113443.75,1872903.125,2183290.0,2002461.5,2618908.0,2737163.75,2738279.5,1477496.5,2068982.125
122,1369706.375,1290930.5,1383695.875,1335637.0,1615878.625,1501017.25,1590271.375,1400192.75,1500778.375,1352743.625,1574698.375,1656426.625,1730238.0,1892560.0,1605912.625,1568304.75,1683240.875,1711222.875,1845422.375,1755660.5,1679582.25,1644044.5,1436752.375,1510628.625,1525501.25,1545468.625,1580232.5,1572184.5,1748234.625,1714423.25,1916287.875,1817921.375,1524513.125,1418377.25,1563079.25,1335817.875,1426130.5,1470910.5,1619496.75,1840459.75,1729927.75,1757390.625,1272052.125,1176177.875,1096668.875,1067474.375,1261803.875,1500266.25,1233161.25,1181211.0,1249895.125,1304394.125,1525597.5,1566517.125,1526394.25,1575450.25,1543064.125,1517418.0,1438486.25,1503900.875,1576601.625,1592865.625,1976247.0,2153900.5,1415114.75,1446799.625,1436067.625,1347526.875,1400229.875,1389701.875,1696922.375,1706535.625,1752351.625,1843932.375,1432154.0,1196165.0,1679375.375,1647995.625,1664423.25,1872481.0,1114802.125,1148929.875,1403034.75,1426132.0,1300673.5,1369057.875,1626493.25,1635192.375,1273534.0,1280513.875,1324495.625,1327027.0,1297521.75,1301278.25,1400630.0,1328263.0,1258899.75,1382612.0,1269467.5,1254594.0,980177.8125,1019258.9375,1356568.125,1241694.75,1631685.875,1821115.375,1375107.875,1418638.625,1375786.625,1412091.625,1530773.25,1259590.75,1606299.75,1303601.25,1315321.875,1309145.125,1382926.875,1359135.125,1734190.75,1621323.875,1916816.0,1950664.625,1735711.25,1867342.625,1501772.75,1546676.125,1629786.25,1719155.625,1772990.5,1846243.5,1664309.625,1756429.375,1785560.75,1962032.25,1398225.875,1518280.375,1872398.5,1992897.375,2014545.625,2074861.375,1620119.875,1838764.625,1549587.75,1673254.375,1716885.125,1822578.875,1515883.5,1533503.375,1465395.625,1529240.625,1555623.625,1651023.75,1608408.0,1657214.5,1715231.625,1657857.875,1316863.75,1423779.375,1893007.25,1965907.25,1748462.375,1595045.125,1642357.625,1621646.375,1491680.875,1626309.5,1388039.0,1605756.125,1962253.875,1926938.875,1421282.0,1459036.0,1434494.125,1460379.25,1586896.125,1618767.25,1392309.875,1494078.875,1488698.5,1653869.5,1616414.5,1744505.625,1382981.875,1432374.0,1473133.75,1508564.875,1523248.5,1760081.625,1575957.5,1531071.25,1726092.375,1803332.75,1466221.0,1627671.125,1800638.5,1791288.5,1689482.5,1823999.25,1411894.0,1394031.75,1404720.625,1417895.75,1167166.75,1272077.125,1236342.125,1341779.875,1495025.75,1517408.125,1559659.125,1661710.0,895124.3125,919386.3125,1171173.5,1146218.875,1181718.875,1097734.5,1513082.625,1434662.5,1903908.375,1755668.375,1197130.0,1237848.375,1470942.25,1590811.625,1283459.875,1356220.75,2221161.0,2158875.75,1341256.625,1290437.5,2021012.25,2332676.5,1284480.75,1477754.75,1421008.125,1408948.25,2406172.25,2110052.75,1873519.5,2184671.75,2005044.625,2618587.0,2735461.75,2735448.75,1474811.5,2065507.75
123,1371901.5,1296223.375,1384545.875,1338241.625,1619414.75,1508769.625,1593591.5,1403049.5,1501982.0,1349385.875,1573477.75,1657328.25,1732826.5,1895334.375,1606678.5,1570027.5,1681403.75,1714475.25,1845887.125,1758638.0,1678600.875,1647656.125,1438085.875,1511799.875,1526746.75,1547519.0,1579515.0,1574237.5,1746971.5,1721205.75,1915483.25,1820457.625,1523177.0,1417878.5,1562817.625,1340111.75,1425865.5,1469938.0,1614836.375,1840802.5,1731217.25,1760240.25,1271051.25,1179367.5,1095328.875,1067919.75,1261350.625,1498347.375,1232099.5,1179256.75,1250774.75,1304927.0,1525395.75,1563342.5,1527153.125,1576313.875,1539744.5,1512670.75,1438802.125,1502236.125,1574028.375,1590399.25,1974583.75,2155364.25,1416971.25,1448458.75,1437100.125,1346252.75,1405678.875,1386784.25,1698771.375,1705334.125,1746032.5,1838120.875,1438958.125,1197774.75,1662791.625,1638766.625,1660249.75,1862432.875,1116289.375,1147743.0,1402843.875,1424738.75,1302912.125,1371674.125,1628783.375,1629723.75,1278787.875,1283440.75,1327276.75,1328352.75,1301157.875,1298216.0,1401685.625,1326226.625,1262571.875,1382715.625,1271025.625,1254961.625,979360.75,1016687.875,1356232.75,1240849.0,1633810.25,1821188.5,1375606.875,1420782.0,1362504.0,1406928.125,1534136.25,1255895.375,1601120.25,1303470.0,1315925.625,1312301.875,1361303.5,1347738.0,1737799.25,1622532.625,1915804.5,1940182.75,1734936.375,1867930.625,1500475.25,1543692.125,1632234.0,1717018.0,1773732.625,1835801.875,1664605.25,1748956.0,1786525.75,1957879.0,1404901.0,1522963.875,1872293.375,1996564.25,2012419.75,2065883.25,1619979.0,1837474.25,1549636.5,1675997.5,1715082.5,1819260.25,1522995.125,1540127.25,1470768.0,1533697.875,1558377.75,1651923.0,1612071.125,1661372.0,1712938.375,1654756.375,1312910.25,1422465.25,1890107.0,1960162.125,1745012.0,1584696.75,1634461.625,1617601.25,1493836.625,1627530.625,1388363.5,1607262.875,1954687.375,1924707.125,1412757.375,1454169.25,1433528.125,1457952.625,1588314.25,1620356.375,1387020.625,1490262.625,1484365.25,1646856.375,1618234.125,1746787.75,1378945.5,1426380.5,1474101.625,1508791.125,1523514.5,1757772.125,1576383.875,1533130.75,1726810.625,1802802.5,1468820.5,1627977.25,1800240.0,1791660.0,1692945.375,1823693.625,1419039.875,1401364.125,1410045.25,1420631.25,1169677.5,1276175.375,1242273.875,1345721.0,1500319.25,1520941.5,1564710.75,1670638.0,892385.8125,921147.9375,1162939.125,1138696.375,1180941.25,1101724.75,1506747.0,1435727.75,1901946.875,1754963.625,1195726.625,1237147.5,1469713.375,1590560.625,1279913.125,1355468.375,2215257.25,2155632.0,1338727.5,1289441.25,2021205.25,2334013.5,1282966.375,1476793.0,1419329.375,1403390.375,2404501.0,2110673.5,1872113.0,2183232.5,2005114.875,2618125.25,2731781.0,2726543.25,1474666.5,2064994.5
124,1371372.875,1296282.375,1383402.75,1337634.5,1619764.875,1508210.5,1593147.5,1404423.75,1501920.625,1349718.0,1569538.5,1653448.25,1732615.75,1893351.625,1605930.5,1569665.75,1681338.75,1714947.75,1845682.5,1757485.75,1677376.0,1647445.125,1437049.5,1511868.0,1525569.875,1545028.625,1578459.375,1573358.875,1747303.25,1722742.875,1913788.125,1819250.0,1522895.0,1416690.0,1563704.875,1338218.625,1425786.25,1469835.25,1615145.375,1840796.0,1727149.625,1756323.0,1268563.25,1178761.75,1093052.625,1067050.125,1260981.0,1496914.125,1231652.875,1178162.625,1250880.25,1305289.875,1527120.875,1564774.5,1528083.0,1574995.5,1534627.375,1509883.625,1431503.0,1494185.875,1574303.75,1590997.25,1977023.625,2156492.25,1412389.0,1444727.5,1432295.625,1340150.625,1399461.0,1383956.75,1699827.125,1704463.375,1743403.125,1835697.25,1441255.125,1196586.125,1663376.875,1637269.5,1659036.125,1853995.625,1120497.5,1153672.25,1405080.5,1424986.375,1312405.0,1377768.125,1632598.125,1633018.25,1277752.625,1282815.125,1330190.25,1333364.625,1303518.125,1303865.125,1407171.25,1328363.75,1273594.75,1387741.375,1276514.625,1262334.875,983605.0625,1018562.25,1357770.25,1242124.5,1637459.625,1823114.0,1378906.875,1424430.25,1363863.875,1408015.5,1532231.375,1256459.5,1603129.5,1305777.0,1317907.875,1330418.125,1362194.5,1355711.125,1734401.625,1621932.25,1926159.375,1941422.75,1743959.875,1870620.625,1497339.25,1539522.375,1633137.25,1717910.75,1773201.875,1831268.5,1660022.5,1740034.75,1787056.625,1957167.625,1408051.875,1521168.75,1869093.25,1997049.5,2009463.625,2062099.0,1618135.625,1834066.375,1549920.0,1674207.25,1715015.75,1819307.875,1524678.625,1541296.625,1467347.125,1528629.125,1556925.875,1651070.125,1611364.625,1658991.0,1710008.625,1653150.0,1312116.75,1424341.75,1886976.0,1955013.25,1734509.0,1570842.625,1632593.625,1617438.75,1496622.125,1630832.625,1390258.75,1606358.25,1954772.125,1921468.625,1416343.5,1454655.375,1434608.25,1459864.25,1580741.0,1611430.25,1388870.25,1490848.875,1478849.375,1640826.625,1613571.125,1744201.375,1374775.125,1427264.0,1473750.125,1506950.125,1522214.125,1751578.75,1581785.375,1543194.875,1726589.125,1800310.875,1472339.0,1629358.75,1801875.125,1789802.75,1689049.75,1821359.25,1426747.25,1407961.375,1417000.125,1426529.25,1173918.125,1287084.375,1248715.25,1353291.25,1498694.375,1524284.625,1568218.125,1675333.375,891733.25,921948.875,1158521.375,1139126.375,1178710.625,1104571.0,1504803.875,1435882.625,1899879.75,1752681.0,1195353.375,1235271.75,1465284.125,1585459.375,1279705.25,1353649.5,2214722.5,2155280.5,1337681.5,1287806.5,2024381.875,2335749.5,1282530.5,1473196.25,1414802.75,1396631.5,2402780.25,2110956.5,1868184.0,2177184.25,1998304.875,2614945.25,2728850.5,2721283.5,1473961.125,2065167.0
125,1371249.625,1293389.875,1385648.375,1337200.875,1620584.625,1505152.25,1590749.125,1402781.125,1499814.125,1353273.0,1569762.5,1653189.375,1732619.5,1893510.375,1605646.875,1567420.75,1681757.375,1712501.875,1843903.375,1753490.0,1674985.625,1641535.0,1436029.5,1510199.875,1524958.75,1543773.75,1577457.625,1570594.5,1748481.25,1713420.75,1913213.75,1811744.0,1524610.625,1415085.375,1560326.625,1331416.75,1426447.125,1470018.875,1621810.375,1839809.5,1726570.375,1755520.5,1269619.5,1176961.75,1092648.0,1065850.75,1264641.0,1504170.875,1231419.75,1178755.0,1249660.375,1304298.625,1528212.625,1570673.125,1527144.0,1573819.5,1530503.375,1512492.875,1420865.5,1488518.625,1575301.125,1591124.125,1980694.875,2154959.5,1408282.5,1440442.5,1428547.0,1337160.375,1404389.25,1390674.375,1698356.5,1705938.625,1748947.125,1841696.5,1440393.125,1197775.25,1670149.75,1648018.5,1663889.375,1864838.875,1125022.75,1162404.875,1412484.625,1432322.625,1324150.375,1384640.0,1637639.125,1645220.625,1274916.375,1282424.875,1329006.0,1335573.125,1302844.875,1305800.875,1412989.125,1334089.25,1280678.75,1392480.5,1279497.0,1268841.5,988223.375,1023585.875,1358619.75,1241712.875,1636599.875,1823798.75,1379966.375,1425641.875,1371626.75,1412785.0,1531632.25,1261093.875,1602356.75,1304184.875,1317322.375,1327605.25,1373014.375,1365863.125,1726002.0,1616261.0,1927270.0,1950358.0,1750590.375,1871674.25,1495861.75,1537599.375,1628853.375,1716748.125,1767190.875,1835812.25,1655102.625,1742032.75,1784255.875,1956512.375,1404640.75,1522692.375,1864726.0,1990959.375,2010682.125,2066948.75,1617469.375,1830379.625,1554790.375,1671453.625,1716447.75,1821379.125,1519966.0,1536271.0,1463402.125,1521344.625,1556596.5,1650119.375,1614146.875,1659430.0,1710622.125,1657581.625,1316294.625,1426059.375,1885861.25,1957279.625,1728116.0,1569721.375,1637945.0,1624446.0,1493855.375,1627037.25,1391113.375,1603545.625,1956555.75,1925417.75,1419031.125,1459212.25,1433544.625,1459538.0,1580713.125,1608365.0,1389465.875,1493622.875,1479972.875,1643908.0,1610858.375,1739888.5,1376387.875,1432250.625,1470369.125,1504992.5,1521981.375,1752969.0,1579291.0,1540384.25,1723051.0,1799012.625,1472202.625,1626640.75,1800704.5,1786304.75,1686015.625,1819514.5,1420266.625,1401679.625,1420615.375,1431665.25,1172743.5,1286827.375,1246685.875,1351877.25,1490473.375,1517523.75,1562048.875,1666466.5,895760.5,926390.4375,1161363.25,1146796.125,1177917.75,1102550.125,1506949.125,1434942.875,1901062.625,1751332.0,1196673.875,1234413.875,1463747.75,1582961.75,1281472.25,1351627.5,2217661.25,2156634.5,1338438.0,1287296.0,2021601.0,2335511.0,1283568.125,1471414.0,1413890.875,1398226.5,2402277.5,2107913.75,1866084.75,2176671.5,1993894.625,2614926.0,2729140.0,2724457.75,1470877.25,2064760.875
126,1374226.125,1293639.875,1388197.25,1338918.875,1624733.375,1508192.375,1591506.875,1402337.5,1501863.75,1355533.5,1573919.75,1657912.625,1737588.875,1897960.75,1607135.0,1566729.0,1682603.375,1710270.5,1845385.375,1753488.25,1674993.0,1639246.5,1439419.75,1509425.25,1528047.625,1545368.625,1579219.25,1570903.625,1747850.75,1703199.375,1913847.625,1806028.75,1524900.375,1412394.375,1556420.125,1330379.625,1426299.75,1469018.625,1622962.375,1836918.75,1731900.5,1762499.875,1272459.0,1177659.125,1094613.5,1066434.25,1267848.625,1510312.0,1230643.75,1178740.5,1249756.625,1304306.0,1527504.25,1570431.25,1525155.25,1571933.75,1527572.125,1512938.625,1423533.75,1489797.875,1574494.5,1587409.125,1978740.625,2149603.0,1409406.875,1441198.5,1434152.0,1341063.0,1415841.125,1394886.5,1698445.375,1706966.75,1752788.75,1844388.375,1444175.625,1200335.875,1674622.375,1656821.625,1671529.25,1879044.875,1127777.875,1163137.75,1418895.875,1437366.0,1322551.125,1381576.5,1645801.75,1653121.25,1277432.125,1285321.375,1326242.125,1332253.875,1306144.75,1305195.375,1415791.25,1335301.25,1274340.125,1389364.625,1279194.75,1268770.625,988239.875,1024143.8125,1360790.125,1242313.5,1633948.25,1823827.875,1378232.25,1424025.0,1371918.75,1415278.625,1542489.625,1267277.75,1605012.5,1304923.625,1317800.625,1312900.125,1369093.5,1363744.375,1728900.625,1616602.625,1926340.25,1956786.0,1747149.75,1872196.625,1496019.0,1535815.75,1624338.0,1713006.75,1760933.625,1838441.125,1653759.375,1749025.5,1780943.625,1950098.625,1401089.0,1524832.75,1863420.375,1982723.75,2011021.25,2068192.875,1618545.75,1827762.625,1558020.5,1672400.25,1715758.875,1819453.875,1513634.625,1530774.25,1465548.5,1521068.625,1557065.375,1648380.25,1616592.0,1660550.0,1713465.125,1662199.75,1318884.375,1425871.875,1885666.625,1963870.75,1729591.375,1577060.0,1642239.25,1625084.125,1489127.5,1621825.0,1387646.125,1598951.625,1958692.125,1929706.5,1414936.25,1457472.125,1431124.125,1455332.125,1586741.375,1611109.625,1389295.0,1497314.375,1484988.125,1647329.0,1614076.625,1740165.0,1380540.25,1434934.875,1470544.875,1507527.0,1524684.75,1760885.75,1573941.5,1532916.0,1717855.625,1795487.75,1466004.5,1622065.875,1797156.0,1787048.625,1685426.375,1816979.5,1409709.125,1391910.5,1416852.75,1428272.5,1168688.625,1277483.25,1240401.125,1343431.375,1483694.875,1504106.125,1554536.0,1654172.125,897534.0,928019.6875,1163996.75,1146179.625,1180517.75,1100982.875,1509031.875,1435372.125,1901690.125,1751697.375,1196242.375,1233796.375,1464655.25,1584475.625,1280062.875,1351300.125,2217946.5,2156354.5,1339155.0,1287665.75,2020883.25,2335628.5,1282770.5,1475024.25,1416604.25,1404546.75,2403383.5,2109090.5,1868769.75,2179660.5,1996674.625,2616710.25,2731073.0,2726563.25,1471576.5,2066860.875
127,1373671.125,1293732.25,1384661.75,1337830.625,1624619.125,1510143.125,1592478.875,1403084.125,1504009.75,1354001.375,1573689.75,1658107.125,1739279.375,1898586.75,1607242.375,1566973.75,1682483.125,1708395.875,1847758.5,1756684.625,1676827.75,1642513.375,1440551.625,1509963.875,1527268.875,1543803.0,1582254.5,1572987.25,1744565.625,1702070.0,1913531.0,1810726.75,1521994.375,1412616.625,1555713.875,1334054.875,1424190.875,1468828.5,1615314.625,1835915.125,1733831.125,1766193.0,1270535.75,1175912.5,1095831.625,1067579.75,1266778.75,1506399.125,1230312.875,1178146.875,1248361.625,1304010.625,1526172.75,1567154.375,1523144.5,1569032.875,1530618.375,1511558.75,1429218.625,1488948.75,1573830.0,1587614.375,1972923.625,2147010.5,1409322.875,1442866.25,1435379.0,1340562.75,1405921.75,1391334.0,1701761.875,1707849.375,1751344.75,1841344.0,1446390.375,1201303.0,1684052.5,1656379.5,1672971.5,1879897.0,1129201.125,1158768.5,1414722.25,1431968.25,1310608.25,1376358.375,1649276.75,1653556.125,1279158.25,1285924.75,1326222.5,1329504.875,1306679.125,1306847.75,1415177.0,1332660.75,1265913.75,1385514.625,1277554.625,1266116.625,986009.75,1021371.8125,1362130.625,1244262.75,1634358.75,1824055.75,1378103.125,1422966.25,1375544.5,1415728.5,1545444.25,1270029.5,1612082.0,1309743.625,1318262.5,1314926.375,1372574.375,1362849.75,1735126.75,1622230.0,1934657.25,1963222.75,1743053.625,1872193.125,1496807.875,1535087.875,1627596.5,1714453.375,1763860.375,1839465.0,1653743.875,1749335.5,1783425.375,1948823.125,1399016.375,1519228.125,1864415.125,1981923.625,2012159.0,2067934.375,1618787.375,1829451.75,1552905.5,1673460.375,1718408.125,1820099.5,1510660.375,1528156.25,1464147.125,1521806.5,1555409.125,1647550.875,1612883.375,1657308.0,1716106.75,1663127.625,1320271.875,1428961.625,1887065.25,1967869.0,1733569.375,1582817.5,1642574.625,1621544.375,1488077.875,1622476.125,1385038.75,1599471.375,1962346.625,1925848.0,1416947.375,1454887.375,1430611.75,1455831.125,1584887.875,1610392.125,1394595.375,1500201.125,1487980.5,1649930.375,1614708.5,1741716.625,1383195.5,1436549.375,1472800.125,1510492.75,1526397.0,1762562.75,1577670.25,1539560.5,1719001.875,1795487.75,1466530.375,1624268.5,1797350.125,1789233.625,1684660.375,1816956.125,1412404.0,1393584.25,1410281.75,1422212.125,1170977.625,1278844.25,1240023.625,1342912.875,1489023.75,1506271.0,1557645.625,1654641.625,894307.5,920399.9375,1167053.125,1140865.25,1181871.625,1099168.0,1511364.875,1434703.5,1901243.75,1753219.625,1194051.875,1233099.5,1465295.375,1584381.875,1279350.625,1353053.375,2220178.0,2158103.75,1339038.75,1287699.0,2020532.875,2334146.75,1279832.5,1474128.125,1417540.625,1405622.875,2402435.0,2108298.0,1871425.25,2178526.25,1999708.5,2615124.5,2731453.0,2725139.25,1471770.625,2066641.0
128,1370742.375,1293863.875,1383046.75,1333265.125,1618170.875,1502492.5,1591663.25,1403661.375,1499431.25,1351557.125,1569753.625,1654018.875,1732576.75,1894285.375,1605768.0,1565525.125,1681410.125,1706210.75,1845455.375,1756703.875,1677120.75,1642642.5,1435181.75,1507256.375,1521080.125,1538332.125,1581310.0,1572231.75,1743748.875,1704415.875,1915427.375,1817998.0,1519665.0,1416271.5,1555040.0,1330184.75,1421596.125,1469321.125,1610283.5,1837447.75,1729648.75,1761508.375,1266394.75,1170232.625,1095837.75,1067826.25,1265286.5,1500827.75,1231249.5,1179070.875,1243474.125,1299156.75,1526574.625,1570045.25,1522690.125,1569065.625,1533916.125,1512495.125,1413162.75,1483293.25,1574355.375,1591504.375,1972220.0,2148738.75,1408715.875,1442371.5,1428367.375,1336281.75,1396511.625,1389712.625,1702932.25,1709418.0,1749624.125,1839786.125,1443455.125,1202957.375,1679055.75,1651065.25,1664391.5,1874674.125,1127176.375,1160120.75,1407224.375,1429251.25,1304415.75,1380968.0,1640272.75,1647531.5,1276804.125,1284762.75,1325925.75,1330473.25,1301710.875,1301655.375,1412032.875,1333549.875,1265554.5,1386806.375,1273740.875,1265572.25,983066.375,1022644.875,1360508.5,1242814.625,1637047.75,1824488.375,1379569.125,1424398.5,1378224.75,1412852.5,1537326.625,1265932.5,1607719.25,1307351.625,1320796.5,1323920.875,1380249.625,1365281.625,1737230.75,1623323.375,1932986.625,1963522.0,1742141.25,1868515.125,1499939.875,1537967.375,1631021.75,1719455.875,1764708.125,1836693.625,1651905.25,1745488.0,1785722.875,1951624.5,1395172.125,1511976.75,1862609.875,1984059.625,2015750.25,2066317.375,1617084.0,1829970.125,1544543.0,1669616.5,1723816.5,1822876.25,1515190.375,1533073.5,1461218.125,1521573.0,1555290.375,1649217.5,1611028.375,1656471.0,1717600.625,1662209.875,1324490.75,1433403.25,1889196.125,1966737.25,1735570.375,1584307.0,1640593.625,1622330.25,1490083.375,1621781.125,1386899.625,1604837.125,1958426.625,1918034.25,1420046.5,1457454.875,1431581.375,1458621.125,1578852.625,1607660.375,1393678.25,1498235.875,1486778.25,1653260.5,1613471.5,1741593.625,1385396.625,1436715.875,1471675.125,1508124.375,1525674.375,1757565.5,1586012.75,1550744.25,1726313.125,1804838.5,1476825.625,1634762.125,1804781.125,1793654.625,1687503.0,1822048.625,1419278.0,1400624.875,1409030.875,1424066.625,1175935.375,1287908.75,1244278.375,1350563.25,1499718.375,1520476.875,1563582.5,1660768.0,894588.75,916773.1875,1168321.125,1139774.0,1180463.375,1097482.25,1511439.875,1433112.375,1902481.875,1754608.75,1194144.125,1234488.875,1465887.625,1584204.75,1281057.625,1354571.375,2226487.5,2162683.75,1338636.875,1287494.875,2016007.375,2334299.25,1278127.375,1468815.125,1416462.625,1402348.875,2403665.5,2104410.0,1871203.25,2179865.75,2002071.375,2616701.25,2733333.0,2729774.0,1467190.0,2063707.5
129,1370846.125,1295396.75,1387571.75,1331225.75,1615495.75,1494119.125,1591715.125,1405299.125,1495143.375,1352093.5,1567847.375,1652639.5,1727768.625,1892814.625,1605120.125,1563589.75,1681260.25,1704896.25,1842486.875,1754895.5,1677818.625,1640112.125,1431705.625,1503772.625,1519444.375,1535910.5,1577747.75,1571148.375,1744710.625,1701236.5,1919035.875,1819254.625,1519512.125,1415653.25,1552410.25,1322598.875,1420069.375,1467781.25,1611434.75,1836447.375,1725936.0,1756083.0,1265482.25,1168215.75,1096286.125,1068050.125,1264828.375,1498747.25,1231918.375,1179946.0,1240730.375,1294867.0,1528093.25,1574913.125,1523024.5,1572471.25,1531740.625,1514955.0,1394931.5,1483951.25,1576020.25,1592967.375,1972864.375,2147510.75,1410884.75,1442925.0,1426649.5,1337848.125,1407167.5,1385556.0,1703466.0,1709095.875,1748989.25,1839129.0,1442717.5,1203865.625,1658277.875,1644389.875,1657249.0,1870034.0,1119772.0,1162071.125,1405972.375,1433373.25,1301752.125,1384442.0,1629176.0,1637676.125,1275341.625,1284679.75,1322967.125,1329463.375,1301849.0,1294027.75,1407745.25,1334972.75,1264581.75,1386526.125,1269166.375,1264295.0,979338.25,1025284.875,1360479.875,1240729.375,1639563.25,1825951.25,1380160.75,1425170.625,1368933.75,1408796.875,1538399.25,1261376.125,1599209.5,1301001.125,1325034.875,1323304.0,1367881.625,1361263.5,1739691.75,1621359.75,1923818.875,1958901.75,1739464.125,1866012.0,1501818.25,1541598.25,1626362.625,1720630.875,1762069.25,1834747.875,1651387.125,1747490.25,1783656.875,1951833.25,1391456.125,1511301.75,1860331.625,1981524.625,2015815.375,2061737.25,1614832.625,1826585.25,1540266.625,1665683.75,1723635.0,1820449.5,1519703.75,1539594.625,1462134.125,1522669.625,1556708.125,1650445.5,1612329.125,1658794.875,1718506.75,1662168.125,1327455.625,1433854.75,1891341.375,1966059.125,1736899.625,1585179.75,1639037.75,1620897.75,1491173.125,1618931.75,1386922.875,1603727.875,1950576.75,1914640.625,1416895.75,1458229.5,1431841.5,1457232.875,1579808.375,1608145.25,1383281.75,1493682.25,1482958.875,1652034.625,1616384.0,1742968.125,1385721.375,1433870.125,1471469.125,1506045.75,1525295.625,1754425.0,1591902.625,1553945.25,1735234.125,1815491.75,1483047.125,1644951.5,1814663.0,1803408.625,1693772.0,1828042.875,1416522.625,1400520.5,1410193.75,1427114.5,1175538.0,1288946.875,1244315.625,1352944.5,1502719.375,1526715.75,1560769.25,1657954.25,897658.9375,921722.375,1164447.375,1138706.375,1179702.375,1099810.75,1508374.375,1434850.5,1904094.625,1755124.375,1196371.625,1237013.25,1467125.5,1586137.25,1282050.0,1355806.25,2227972.75,2163576.25,1339082.125,1288470.5,2017429.625,2339114.0,1279398.75,1468594.875,1416115.125,1399784.625,2410561.75,2107908.5,1871276.0,2185152.25,2005135.75,2622078.5,2738466.25,2738150.75,1466020.625,2064924.5
130,1369853.75,1293448.625,1388882.75,1333681.625,1617792.0,1495870.25,1592659.75,1406699.0,1498448.0,1354071.625,1568674.75,1653894.5,1729782.875,1893876.125,1604787.875,1563637.125,1682328.125,1706456.25,1843348.5,1754577.25,1679512.5,1642371.375,1434466.125,1507036.0,1523286.5,1540315.125,1578043.125,1573591.875,1743862.75,1700030.375,1918268.625,1820123.75,1520182.625,1411563.75,1555003.5,1326729.875,1421157.75,1465414.625,1613540.75,1833701.0,1725753.0,1755826.75,1266534.125,1171826.125,1096540.625,1068791.5,1264424.375,1497139.5,1232478.125,1180735.125,1244220.0,1298113.0,1528787.875,1573865.375,1524002.25,1575865.0,1535046.75,1517818.5,1408545.625,1494144.5,1578665.0,1593983.375,1969999.875,2144907.0,1414487.5,1446679.25,1432718.5,1343535.125,1409901.75,1379432.125,1706398.375,1706259.5,1750363.125,1838258.25,1444540.75,1200467.0,1658977.25,1644452.125,1661389.0,1868244.5,1112612.25,1154934.125,1406386.875,1432933.875,1295805.0,1376428.5,1628176.75,1635080.125,1273694.75,1281455.0,1321926.375,1324977.875,1304956.25,1297770.625,1404018.0,1331207.125,1257585.5,1381066.25,1267405.5,1258999.5,977806.1875,1022953.25,1362101.375,1241812.625,1637956.5,1826266.125,1379426.125,1422428.625,1367089.375,1410042.75,1543666.625,1262006.5,1603317.375,1302652.5,1325955.125,1324176.125,1364500.375,1361576.25,1739392.625,1622736.5,1926028.5,1962157.75,1736865.0,1868944.0,1500879.875,1544666.875,1623933.0,1721396.25,1769852.5,1842117.625,1658031.5,1754104.75,1785560.0,1956685.5,1392792.625,1514946.0,1864822.25,1983607.875,2014072.0,2063163.75,1615911.25,1828795.0,1542096.125,1668584.375,1720394.375,1817979.375,1516744.5,1538268.75,1464256.625,1525476.0,1554408.75,1649834.5,1608423.0,1656895.375,1718252.125,1662687.375,1324153.125,1430444.5,1891955.0,1966204.875,1741957.75,1589809.625,1642707.375,1616360.875,1489309.75,1622387.5,1383302.125,1597477.5,1952781.375,1916389.125,1419012.75,1456043.5,1430866.875,1456160.5,1582972.25,1609712.75,1381439.0,1492824.25,1481057.875,1651915.125,1616350.375,1743132.125,1383177.0,1433080.875,1474986.75,1509138.875,1524275.25,1754854.125,1587290.375,1548086.125,1737637.25,1812724.125,1477020.625,1642129.125,1813137.5,1804007.5,1694634.625,1828401.5,1411706.625,1397672.25,1407180.0,1420625.5,1171481.125,1282619.5,1238336.25,1345942.0,1499837.875,1526113.875,1557227.375,1655090.75,898988.6875,926194.8125,1165780.0,1143337.0,1182008.125,1103677.625,1509671.625,1437727.125,1904414.875,1755195.0,1197343.125,1237234.625,1469119.875,1587088.125,1283555.625,1357088.25,2223590.75,2160106.0,1339780.875,1289866.125,2023356.75,2340110.0,1281709.375,1473021.0,1417088.0,1400149.0,2411999.0,2112303.0,1872370.0,2185561.0,2004967.5,2621408.25,2739116.0,2736563.75,1470881.125,2067255.75
131,1365502.25,1289294.375,1387002.625,1336696.625,1616268.0,1501666.625,1593064.625,1405959.875,1502537.25,1353182.25,1569811.25,1654474.125,1730444.875,1890418.125,1602870.625,1564685.75,1684203.375,1711180.875,1844922.625,1753388.0,1678720.125,1648176.625,1436921.875,1513479.0,1524108.75,1546782.875,1580837.375,1576358.625,1745498.25,1710141.125,1915999.375,1824046.375,1521791.0,1413358.375,1565023.0,1334787.375,1423713.375,1464417.75,1613436.375,1834704.625,1724673.125,1756683.5,1268189.625,1174482.5,1096765.25,1069562.375,1263511.25,1494575.25,1233132.125,1182574.625,1249195.125,1302923.625,1527290.125,1568369.0,1525862.25,1577517.75,1544081.5,1519979.75,1434841.375,1503988.0,1578904.5,1596046.125,1970639.25,2148548.0,1420180.0,1452146.5,1439398.25,1350035.5,1397478.375,1381991.875,1702875.25,1702521.625,1751225.5,1837032.0,1437379.75,1193621.875,1682536.0,1651885.125,1666814.5,1865718.0,1111334.625,1144378.5,1402923.875,1428284.875,1288424.75,1365369.75,1629071.75,1637546.125,1271138.75,1278260.875,1324360.75,1323569.375,1300825.125,1304295.375,1400615.375,1326217.625,1251477.125,1377043.25,1267228.125,1253561.0,976827.0,1019415.4375,1362029.75,1243819.375,1633961.0,1824974.25,1378378.5,1420306.125,1381291.875,1415507.875,1540455.375,1266379.25,1610798.25,1308744.5,1323209.25,1329077.125,1386547.625,1370128.75,1734651.375,1625538.0,1923190.0,1961708.0,1733881.0,1867800.0,1503344.5,1548171.5,1629679.125,1726866.625,1777152.125,1846028.875,1666299.625,1756596.25,1789933.625,1962083.375,1397539.5,1515367.375,1870061.25,1994320.75,2014547.125,2067738.75,1619097.625,1836253.75,1544380.0,1671794.25,1718740.625,1818225.25,1513271.125,1535015.625,1468799.625,1532222.0,1549766.75,1649570.25,1601084.125,1651563.25,1714551.625,1659816.75,1316993.375,1423718.625,1889020.0,1961524.75,1749809.75,1594980.875,1646803.875,1617286.0,1487405.875,1627431.5,1381379.125,1597053.125,1961324.875,1918258.625,1425433.125,1456878.25,1429718.0,1457070.75,1578775.75,1608859.375,1389683.25,1495078.625,1481948.625,1657624.875,1609734.625,1738470.875,1381639.125,1434606.5,1477295.375,1513055.625,1521325.125,1755343.625,1577806.625,1540729.125,1728718.5,1798541.375,1470345.0,1631249.625,1801464.25,1791307.125,1687328.25,1822946.25,1416475.75,1402874.125,1402652.0,1412328.125,1170618.125,1280439.25,1235761.75,1341212.875,1498496.0,1527709.125,1562776.75,1664653.375,898688.1875,924321.5,1172942.75,1151693.625,1183792.75,1102431.875,1516142.0,1437168.75,1904967.75,1755590.25,1196654.0,1235903.125,1470505.375,1587011.875,1285467.0,1357807.0,2223970.5,2159514.75,1338954.625,1289836.25,2021299.875,2335474.0,1282323.625,1475258.875,1418669.25,1403157.875,2405306.75,2107708.25,1872810.75,2183583.0,2003074.625,2616845.75,2734261.75,2729680.75,1472589.375,2065854.0
132,1361783.625,1287764.375,1387327.125,1336632.125,1612365.125,1502046.625,1592657.875,1404262.875,1500873.25,1351417.125,1568316.0,1653877.25,1728431.625,1886140.25,1599991.625,1563770.25,1683715.25,1713399.75,1843688.125,1751526.125,1675844.125,1650423.375,1435481.5,1513643.25,1520398.5,1547853.75,1580451.75,1575434.75,1746892.125,1717049.875,1916306.25,1826610.0,1522271.875,1418524.5,1567557.625,1332049.375,1422666.875,1464315.75,1609070.375,1836859.75,1723462.375,1757829.25,1268957.875,1173242.0,1097455.5,1069738.375,1262150.5,1493012.625,1232288.625,1182973.75,1248100.5,1301657.625,1522682.75,1565954.875,1524461.0,1576770.75,1545206.75,1520839.125,1436333.5,1505121.25,1576290.875,1596733.625,1972617.5,2153735.75,1424271.875,1454944.75,1442429.375,1355467.25,1394191.125,1387158.125,1692244.5,1699826.875,1746650.625,1833117.25,1420321.75,1185884.0,1689719.25,1653210.0,1661006.5,1852876.625,1112872.0,1140356.875,1396324.75,1426330.75,1282893.25,1363531.75,1621513.5,1630150.0,1268995.625,1278037.25,1326613.0,1326209.625,1292890.5,1299902.625,1398279.875,1325379.25,1251157.25,1378954.25,1265035.625,1252606.875,972482.9375,1019450.625,1360716.75,1242424.875,1635472.5,1825249.875,1379259.125,1422299.125,1385799.125,1415708.0,1537623.5,1270176.125,1609080.625,1308646.75,1316275.875,1315460.625,1397820.125,1366062.125,1728504.0,1623210.5,1899374.125,1946269.25,1725950.75,1856345.5,1506828.375,1548788.5,1635024.375,1731336.375,1772677.625,1841506.875,1664899.625,1753783.125,1789277.0,1959302.375,1399312.125,1512040.25,1865979.375,1998214.0,2014692.25,2066887.375,1617864.125,1837621.625,1542286.25,1666987.5,1718027.625,1816984.75,1515781.75,1537789.125,1471446.5,1536567.625,1549808.75,1650397.25,1600285.375,1650740.25,1709876.0,1655855.75,1312048.5,1417216.5,1885874.75,1956675.75,1750688.25,1594248.375,1642127.5,1621226.5,1487624.625,1624794.375,1380523.5,1601915.25,1960318.25,1919081.375,1424353.5,1460417.625,1428307.75,1455681.25,1572666.875,1607504.75,1393046.375,1497662.25,1483466.125,1660919.0,1606238.625,1735005.125,1383038.875,1434619.875,1477769.625,1515459.5,1521211.25,1757249.625,1587467.0,1549605.0,1724850.75,1795989.75,1480560.5,1634580.625,1801137.75,1787088.5,1682521.125,1819654.0,1427515.125,1412238.75,1403092.75,1415024.75,1177853.625,1289333.625,1243164.5,1347417.125,1502993.75,1534749.75,1570740.5,1674501.0,895770.5,917212.0,1173920.875,1149329.625,1179830.375,1094323.625,1517622.125,1433394.75,1905674.125,1755619.75,1195379.875,1234959.375,1469785.75,1587529.875,1284507.125,1357167.875,2229599.75,2163332.75,1336935.375,1288455.375,2011864.25,2332723.5,1279983.25,1471079.25,1417705.0,1403194.125,2401957.5,2100342.0,1871585.0,2185722.5,2003214.25,2617482.5,2732553.25,2731408.0,1465948.25,2062952.625
133,1360597.875,1287361.5,1385771.625,1333465.125,1613861.0,1498282.0,1590921.375,1402133.0,1497286.125,1353024.75,1565726.125,1653754.875,1730160.0,1890025.125,1599928.375,1561925.375,1678056.625,1708824.25,1840643.875,1751510.0,1673506.125,1646120.875,1433752.125,1508276.75,1518157.5,1543196.75,1578504.5,1571938.0,1741801.375,1707098.5,1915316.5,1824538.25,1520608.5,1417401.375,1555324.875,1327533.5,1418328.5,1464652.375,1603245.625,1832751.375,1728297.0,1763599.625,1266644.0,1170764.5,1096260.75,1068478.5,1261916.75,1495130.625,1231902.25,1182048.25,1242325.625,1297777.5,1517881.875,1567921.25,1519003.75,1573872.75,1541072.75,1520110.0,1422889.875,1503097.25,1573565.125,1592152.625,1968981.25,2150949.25,1423654.0,1454095.75,1443313.5,1357142.5,1404444.875,1387199.0,1687990.25,1700993.875,1742058.625,1830264.75,1411270.25,1182780.125,1670208.0,1647822.5,1650170.375,1841478.375,1113674.375,1142939.875,1391616.625,1427207.75,1286513.25,1371358.25,1615099.75,1618870.5,1266607.125,1275964.75,1326174.0,1326851.75,1290128.5,1290661.5,1400150.875,1328106.125,1253406.625,1381860.5,1263471.625,1253688.125,970041.8125,1020500.1875,1357844.875,1237016.375,1640805.5,1826145.25,1380743.625,1424178.375,1372463.375,1408638.25,1540884.625,1269375.25,1600868.5,1301036.5,1312651.875,1291082.5,1384484.625,1350446.5,1724408.75,1616338.0,1879964.5,1937946.25,1720087.625,1845886.875,1505570.75,1547595.875,1635800.0,1729586.125,1769487.875,1843573.0,1659713.125,1753297.875,1787198.875,1957634.125,1396242.0,1512039.625,1857919.375,1988119.125,2014740.75,2065488.125,1613196.0,1831545.5,1541166.625,1660671.375,1719231.125,1816669.125,1521596.5,1544108.875,1469975.625,1534796.625,1555019.375,1650700.25,1607342.875,1656091.125,1709754.625,1657313.75,1312413.25,1417046.625,1887203.5,1959179.25,1743807.625,1591253.75,1635730.5,1620763.875,1486392.0,1618903.75,1378458.25,1604935.25,1946392.875,1919421.5,1419576.625,1461572.5,1426415.125,1453877.25,1573544.0,1607456.375,1391698.875,1500600.0,1484627.75,1659984.5,1608305.5,1737046.0,1383748.75,1434844.0,1479715.375,1518212.0,1525152.25,1763216.125,1608388.5,1570658.875,1738221.625,1811843.375,1499238.25,1652603.375,1815966.875,1798794.75,1687546.625,1822003.625,1431847.375,1413302.375,1408273.875,1423564.625,1186954.625,1299176.875,1249919.25,1353888.5,1511589.375,1544200.5,1571672.5,1669410.625,896301.4375,918551.125,1170570.375,1146622.875,1175434.375,1088754.875,1511901.5,1430273.25,1904951.875,1753646.875,1194424.75,1233618.0,1468909.5,1588127.25,1282434.125,1354236.375,2230423.5,2164521.5,1336464.5,1286483.0,2006305.0,2331387.75,1276650.125,1465756.625,1414298.25,1398540.125,2404080.5,2098555.75,1870263.75,2188221.75,2004028.875,2621586.5,2735543.75,2735758.5,1459657.875,2060016.625
134,1363855.5,1289091.625,1383718.75,1332212.0,1618506.375,1498218.75,1590381.375,1401468.0,1497500.25,1354909.625,1566960.125,1654923.0,1733361.5,1895935.375,1602992.875,1562760.125,1675382.875,1705504.875,1840126.0,1753100.25,1673565.25,1641783.875,1434200.5,1505839.375,1520123.5,1540308.0,1578086.25,1570209.625,1739441.375,1699278.375,1913808.625,1819922.25,1520466.25,1413746.0,1548008.375,1329566.375,1418331.5,1466354.375,1605873.0,1830111.375,1732962.0,1767041.0,1265663.625,1170850.875,1094448.875,1067274.0,1262894.5,1498333.75,1232737.875,1181430.25,1241397.875,1297904.75,1519013.875,1569572.375,1517937.75,1572399.875,1539096.125,1517654.0,1419727.5,1501285.75,1572975.875,1587685.875,1967777.375,2146920.0,1419704.375,1450765.375,1441275.875,1353186.875,1411541.875,1386582.125,1693122.75,1704656.0,1743974.75,1833509.625,1420714.0,1188568.375,1656667.5,1646153.375,1650203.875,1848939.5,1116280.375,1148659.625,1396334.875,1429303.875,1298605.625,1378051.0,1621139.25,1622342.125,1268149.0,1276128.625,1324880.5,1326558.125,1294745.0,1290176.125,1405182.125,1330880.0,1257744.75,1382866.375,1267058.75,1256067.125,974617.3125,1020835.625,1356192.375,1235335.0,1641003.625,1825242.25,1379994.75,1423538.625,1363905.375,1405249.5,1542188.75,1265541.5,1596976.5,1297135.5,1316731.25,1291489.75,1370666.375,1347562.0,1726648.75,1614273.375,1891614.0,1945242.375,1726545.25,1850303.5,1502407.0,1546041.375,1633674.625,1724388.625,1771092.75,1846979.5,1658890.375,1753769.625,1786782.875,1959532.5,1394709.125,1515529.125,1857468.625,1981035.375,2014819.625,2066782.625,1612374.875,1828103.125,1544553.5,1662314.875,1720245.625,1818876.875,1523247.0,1544740.25,1468664.0,1531304.625,1558163.875,1650140.0,1612829.5,1659845.875,1712799.625,1660686.25,1315648.0,1421857.875,1889626.25,1963186.0,1738985.75,1588776.625,1636208.375,1619166.5,1485950.875,1618667.375,1380245.625,1605067.25,1940033.5,1920209.375,1417797.375,1459664.0,1427250.375,1455274.375,1578696.0,1608686.375,1391429.0,1500847.625,1484753.5,1657058.125,1611079.875,1740609.25,1382705.875,1435494.75,1479524.625,1517204.25,1527168.0,1765632.625,1606380.75,1570598.125,1744239.5,1818473.625,1497716.875,1655116.75,1820390.625,1804434.75,1692258.375,1823703.875,1425391.0,1405926.375,1412082.875,1426098.75,1185006.75,1295668.5,1247350.0,1351776.5,1510825.125,1540516.625,1566750.625,1660481.75,899565.25,926045.125,1168482.875,1148879.0,1176736.875,1092660.25,1507607.75,1431126.5,1903490.375,1751947.25,1194620.5,1233129.25,1468666.25,1587970.625,1281739.5,1352302.5,2225592.75,2161360.5,1337933.875,1286043.75,2009985.625,2330884.25,1276873.0,1466681.375,1413756.875,1396926.5,2405811.75,2102172.25,1870435.75,2186529.75,2003649.125,2621992.75,2736848.25,2734113.5,1462157.75,2059660.25
135,1372024.625,1295685.875,1387316.75,1336324.125,1620083.25,1505106.5,1593855.125,1404701.625,1502320.5,1352929.875,1572023.5,1656228.625,1732680.625,1893989.625,1605571.875,1566430.875,1683196.625,1710597.125,1844273.0,1755681.875,1677228.25,1644127.75,1436143.375,1509505.0,1523675.375,1543143.625,1578157.5,1572374.625,1747632.0,1710962.625,1915995.0,1817426.875,1523331.5,1416084.5,1560046.25,1332542.375,1425458.125,1469656.375,1619696.25,1840166.75,1728693.625,1760270.625,1270246.0,1175062.25,1095895.25,1068342.25,1263719.5,1498860.5,1231939.875,1179887.875,1248330.25,1302571.875,1527671.75,1569971.375,1526072.0,1574889.25,1536154.875,1514942.625,1424704.25,1493201.875,1576273.625,1593418.875,1976205.875,2152145.75,1411977.125,1444182.25,1432677.875,1342496.0,1407744.875,1388094.75,1700685.875,1706719.25,1749411.75,1840961.875,1441283.875,1199887.625,1669374.75,1648705.375,1664803.0,1868590.125,1122198.625,1156610.0,1411201.75,1431835.75,1308998.0,1377964.5,1635816.5,1640721.875,1276222.0,1283868.375,1326145.0,1330524.75,1303783.0,1301081.875,1409663.75,1331796.625,1267864.625,1385323.0,1274356.125,1263015.125,982978.25,1021856.0,1360002.875,1242165.25,1634735.125,1823230.125,1378358.625,1423100.125,1371224.0,1411239.5,1538213.25,1262633.25,1604145.125,1304566.75,1318346.125,1317601.875,1371392.5,1360414.75,1733713.625,1620871.5,1926599.375,1950809.75,1743089.625,1868790.625,1499815.0,1540308.25,1630007.875,1719002.75,1769312.5,1837401.75,1657686.0,1747125.25,1785718.0,1956113.0,1400077.125,1517409.125,1866442.625,1989530.75,2012517.625,2067426.75,1617240.25,1832849.25,1548822.375,1671200.375,1718025.875,1820639.0,1516695.625,1534883.375,1465049.875,1525083.5,1556001.75,1649840.625,1611593.625,1657566.25,1714650.75,1659823.75,1318584.625,1426694.625,1888051.0,1961495.0,1738258.375,1581991.25,1639046.75,1621769.875,1492317.125,1624666.125,1388796.0,1604502.375,1956320.75,1923762.625,1417250.0,1457719.5,1432876.625,1458691.125,1583213.25,1611826.5,1389926.75,1495762.0,1483954.625,1649654.375,1614740.0,1742681.375,1382718.75,1434031.375,1473175.625,1508248.125,1524857.5,1757599.875,1577581.25,1537265.75,1722312.125,1798885.0,1469656.0,1628078.375,1800766.5,1790396.0,1687392.5,1820847.375,1415700.75,1398386.375,1411783.0,1422655.5,1171028.375,1281523.625,1241981.5,1347472.75,1493989.0,1516698.5,1561670.5,1663117.125,895123.25,921354.125,1165598.625,1141231.5,1180355.0,1100255.125,1508811.75,1434909.25,1902311.875,1753742.875,1195639.5,1235577.875,1467072.0,1586783.375,1281092.5,1354691.875,2221010.0,2158592.0,1339133.375,1288900.125,2018513.875,2335241.5,1281674.625,1471899.125,1416850.625,1401887.625,2405874.5,2107431.0,1870103.0,2181804.5,2001867.375,2617566.0,2733352.25,2730888.75,1469692.125,2064504.0
